0.248997;0.095768;10.218.452
0.210690;0.086191;10.189.722
0.258574;0.124498;10.046.070
0.229843;0.114922;9.864.111
0.229843;0.086191;9.605.537
0.248997;0.105345;9.720.459
0.248997;0.086191;9.873.688
0.258574;0.105345;10.122.684
0.258574;0.086191;10.218.452
0.248997;0.134075;10.237.606
0.210690;0.124498;10.036.493
0.229843;0.114922;9.806.650
0.248997;0.086191;9.787.497
0.239420;0.095768;9.883.265
0.248997;0.124498;10.046.070
0.229843;0.105345;9.998.186
0.268151;0.143652;9.979.033
0.239420;0.114922;9.844.957
0.239420;0.105345;10.026.917
0.277727;0.105345;10.093.954
0.248997;0.105345;10.017.340
0.239420;0.114922;9.720.459
0.239420;0.114922;9.720.459
0.229843;0.105345;9.701.305
0.229843;0.105345;9.883.265
0.248997;0.124498;10.132.261
0.248997;0.124498;10.132.261
0.248997;0.134075;10.122.684
0.248997;0.153229;10.074.800
0.220267;0.086191;10.007.763
0.258574;0.114922;10.026.917
0.220267;0.105345;9.959.879
0.239420;0.124498;10.026.917
0.248997;0.124498;10.007.763
0.239420;0.114922;9.902.418
0.248997;0.114922;9.892.841
0.248997;0.095768;9.873.688
0.239420;0.105345;9.940.725
0.229843;0.076614;9.959.879
0.239420;0.143652;10.093.954
0.248997;0.086191;10.122.684
0.239420;0.124498;10.199.299
0.248997;0.105345;9.998.186
0.248997;0.124498;9.844.957
0.248997;0.114922;9.835.381
0.239420;0.143652;9.921.572
0.258574;0.105345;9.911.995
0.258574;0.134075;10.026.917
0.248997;0.105345;9.988.609
0.239420;0.114922;9.969.456
0.239420;0.114922;9.959.879
0.268151;0.095768;9.969.456
0.239420;0.134075;10.055.647
0.239420;0.105345;10.065.224
0.258574;0.153229;10.084.377
0.229843;0.105345;9.950.302
0.229843;0.114922;9.816.227
0.239420;0.134075;9.739.613
0.258574;0.095768;9.825.804
0.239420;0.143652;9.969.456
0.258574;0.105345;10.218.452
0.239420;0.114922;10.237.606
0.258574;0.095768;10.103.531
0.248997;0.105345;9.864.111
0.239420;0.095768;9.777.920
0.268151;0.124498;9.835.381
0.248997;0.086191;9.931.149
0.239420;0.124498;10.103.531
0.229843;0.134075;10.122.684
0.258574;0.124498;10.065.224
0.248997;0.105345;10.017.340
0.248997;0.105345;9.969.456
0.239420;0.105345;9.921.572
0.239420;0.143652;9.835.381
0.248997;0.105345;10.046.070
0.248997;0.105345;10.046.070
0.248997;0.095768;10.189.722
0.229843;0.105345;10.151.415
0.239420;0.124498;10.055.647
0.248997;0.076614;9.806.650
0.258574;0.124498;9.844.957
0.258574;0.105345;9.787.497
0.248997;0.134075;9.950.302
0.248997;0.114922;9.950.302
0.239420;0.086191;10.036.493
0.229843;0.134075;10.132.261
0.248997;0.114922;10.132.261
0.239420;0.105345;10.093.954
0.239420;0.105345;10.093.954
0.248997;0.134075;10.055.647
0.248997;0.124498;9.940.725
0.229843;0.095768;9.931.149
0.248997;0.114922;9.883.265
0.239420;0.095768;9.777.920
0.248997;0.134075;9.835.381
0.239420;0.114922;9.873.688
0.248997;0.134075;10.046.070
0.258574;0.095768;10.065.224
0.239420;0.143652;10.065.224
0.248997;0.095768;9.979.033
0.248997;0.124498;10.007.763
0.239420;0.134075;10.046.070
0.239420;0.134075;9.959.879
0.268151;0.114922;9.854.534
0.268151;0.114922;9.854.534
0.229843;0.124498;9.758.766
0.258574;0.134075;9.892.841
0.248997;0.124498;10.007.763
0.239420;0.134075;10.218.452
0.239420;0.124498;10.180.145
0.239420;0.114922;10.103.531
0.239420;0.153229;10.046.070
0.239420;0.105345;9.883.265
0.248997;0.134075;9.883.265
0.239420;0.086191;9.873.688
0.210690;0.134075;9.892.841
0.248997;0.114922;9.864.111
0.248997;0.114922;9.921.572
0.239420;0.114922;9.998.186
0.239420;0.124498;9.988.609
0.258574;0.114922;9.979.033
0.258574;0.114922;9.979.033
0.277727;0.124498;10.046.070
0.239420;0.114922;10.007.763
0.248997;0.124498;10.026.917
0.229843;0.114922;9.892.841
0.229843;0.114922;9.854.534
0.229843;0.095768;9.864.111
0.268151;0.114922;9.892.841
0.239420;0.114922;10.122.684
0.239420;0.105345;10.141.838
0.258574;0.105345;10.160.992
0.239420;0.105345;10.036.493
0.229843;0.124498;9.959.879
0.239420;0.105345;9.864.111
0.248997;0.124498;9.806.650
0.229843;0.105345;9.844.957
0.239420;0.086191;9.921.572
0.239420;0.114922;10.026.917
0.248997;0.095768;10.046.070
0.229843;0.134075;10.055.647
0.248997;0.105345;10.026.917
0.239420;0.114922;10.074.800
0.258574;0.105345;9.979.033
0.239420;0.114922;9.940.725
0.258574;0.124498;9.911.995
0.239420;0.105345;9.864.111
0.239420;0.134075;9.902.418
0.229843;0.114922;9.969.456
0.239420;0.114922;10.113.108
0.239420;0.095768;10.084.377
0.248997;0.095768;10.046.070
0.229843;0.105345;9.921.572
0.239420;0.105345;9.892.841
0.258574;0.114922;9.911.995
0.258574;0.114922;9.902.418
0.277727;0.134075;9.892.841
0.248997;0.114922;9.911.995
0.268151;0.095768;10.017.340
0.258574;0.114922;10.180.145
0.258574;0.124498;10.170.568
0.229843;0.105345;10.122.684
0.268151;0.114922;9.892.841
0.229843;0.105345;9.787.497
0.248997;0.105345;9.749.189
0.239420;0.124498;9.816.227
0.248997;0.105345;9.921.572
0.229843;0.124498;9.998.186
0.268151;0.124498;10.084.377
0.268151;0.105345;10.247.183
0.258574;0.114922;10.275.913
0.248997;0.105345;10.285.490
0.277727;0.105345;10.342.952
0.268151;0.095768;10.793.061
0.258574;0.153229;11.367.670
0.210690;0.124498;12.363.658
0.325611;0.105345;14.432.248
0.411803;0.124498;14.202.404
0.421380;0.124498;12.344.504
0.239420;0.124498;2.853.889
-0.488417;0.143652;-0.871489
0.383072;0.162806;-1.168.370
0.000000;0.181959;6.263.232
0.603339;0.057461;11.923.124
0.229843;0.191536;17.401.058
0.469264;0.105345;19.603.724
0.143652;0.181959;18.559.851
0.545878;0.095768;13.704.411
0.153229;0.172383;8.054.094
-0.047884;0.086191;2.576.161
-0.124498;0.114922;-0.995988
0.143652;0.162806;1.407.791
0.248997;0.134075;11.635.820
0.383072;0.143652;17.094.601
0.459687;0.153229;19.603.724
0.450110;0.162806;19.603.724
0.296881;0.134075;13.838.486
0.258574;0.114922;8.341.399
0.067038;0.162806;2.959.233
0.028730;0.105345;-0.162806
0.009577;0.114922;1.379.060
0.210690;0.124498;5.975.927
0.325611;0.114922;11.530.476
0.497994;0.143652;19.603.724
0.459687;0.143652;19.603.724
0.402226;0.124498;18.579.004
0.210690;0.124498;8.542.512
0.124498;0.114922;3.217.807
0.038307;0.124498;0.009577
0.076614;0.134075;-0.708684
0.162806;0.105345;5.822.699
0.287304;0.114922;11.329.363
0.344765;0.124498;16.510.414
0.488417;0.134075;19.603.724
0.392649;0.143652;18.569.427
0.296881;0.153229;14.087.482
0.210690;0.105345;8.743.625
0.057461;0.105345;0.229843
0.076614;0.162806;-0.612916
0.076614;0.124498;1.398.214
0.277727;0.134075;11.070.788
0.354342;0.143652;16.242.264
0.440533;0.153229;19.460.072
0.421380;0.153229;18.617.311
0.287304;0.134075;14.279.019
0.220267;0.134075;8.925.584
0.124498;0.114922;3.773.262
0.086191;0.143652;-0.469264
0.086191;0.124498;1.379.060
0.153229;0.105345;5.506.664
0.354342;0.134075;15.983.690
0.450110;0.134075;19.354.727
0.488417;0.153229;19.603.724
0.335188;0.134075;14.470.555
0.220267;0.124498;9.165.004
0.124498;0.124498;4.012.682
0.067038;0.114922;0.651223
0.105345;0.105345;1.369.483
0.153229;0.134075;5.353.435
0.344765;0.114922;15.744.270
0.450110;0.124498;19.191.921
0.430956;0.162806;19.603.724
0.430956;0.143652;18.588.581
0.325611;0.124498;14.556.746
0.134075;0.114922;4.280.833
0.067038;0.124498;0.871489
0.067038;0.124498;-0.248997
0.172383;0.114922;5.248.090
0.268151;0.105345;10.429.143
0.354342;0.095768;15.485.697
0.450110;0.143652;19.603.724
0.421380;0.153229;18.598.158
0.344765;0.143652;14.748.282
0.239420;0.124498;9.595.961
0.067038;0.114922;1.063.026
0.057461;0.124498;-0.153229
0.086191;0.124498;1.359.907
0.258574;0.105345;10.208.876
0.344765;0.114922;15.207.970
0.411803;0.143652;18.856.733
0.440533;0.143652;19.603.724
0.325611;0.134075;14.901.511
0.229843;0.134075;9.816.227
0.095768;0.114922;4.750.096
0.076614;0.124498;-0.047884
0.086191;0.124498;1.350.330
0.172383;0.124498;4.989.516
0.354342;0.114922;14.958.972
0.440533;0.124498;18.655.621
0.469264;0.134075;19.603.724
0.440533;0.134075;18.617.311
0.248997;0.105345;9.988.609
0.162806;0.124498;5.056.554
0.086191;0.134075;1.465.251
0.086191;0.134075;1.369.483
0.124498;0.105345;4.893.748
0.248997;0.086191;9.777.920
0.335188;0.143652;14.700.398
0.421380;0.143652;19.603.724
0.402226;0.124498;18.626.888
0.316035;0.134075;15.112.201
0.162806;0.124498;5.286.397
0.095768;0.134075;1.685.518
0.067038;0.124498;0.239420
0.162806;0.143652;4.759.673
0.268151;0.124498;9.548.077
0.335188;0.124498;14.470.555
0.402226;0.124498;18.234.240
0.430956;0.105345;18.607.735
0.335188;0.143652;15.207.970
0.239420;0.124498;10.400.413
0.086191;0.143652;1.924.938
0.057461;0.143652;0.344765
0.105345;0.105345;1.388.637
0.229843;0.124498;9.375.694
0.344765;0.114922;14.250.289
0.392649;0.114922;18.013.973
0.430956;0.143652;19.603.724
0.335188;0.124498;15.342.045
0.229843;0.105345;10.630.256
0.134075;0.124498;5.784.391
0.067038;0.105345;0.469264
0.076614;0.114922;1.407.791
0.153229;0.124498;4.558.560
0.248997;0.095768;9.174.581
0.402226;0.143652;17.793.707
0.440533;0.114922;19.469.648
0.440533;0.143652;18.579.004
0.268151;0.105345;10.783.484
0.162806;0.105345;6.042.965
0.076614;0.124498;2.346.318
0.095768;0.143652;1.455.675
0.124498;0.114922;4.434.062
0.248997;0.105345;8.983.045
0.325611;0.124498;13.790.602
0.421380;0.134075;19.393.034
0.421380;0.153229;18.607.735
0.325611;0.153229;15.543.158
0.181959;0.124498;6.291.962
0.095768;0.124498;2.537.854
0.095768;0.134075;0.756568
0.143652;0.143652;4.357.447
0.239420;0.114922;8.791.509
0.325611;0.124498;13.503.298
0.383072;0.143652;17.334.021
0.411803;0.143652;18.569.427
0.363919;0.124498;15.638.926
0.258574;0.095768;11.185.710
0.105345;0.095768;2.777.274
0.086191;0.114922;0.890643
0.086191;0.143652;1.493.982
0.153229;0.134075;4.252.102
0.306458;0.134075;13.273.455
0.373495;0.143652;17.104.177
0.421380;0.134075;19.067.423
0.335188;0.134075;15.744.270
0.268151;0.105345;11.405.977
0.181959;0.114922;6.761.226
0.076614;0.105345;1.063.026
0.067038;0.124498;1.541.866
0.153229;0.124498;4.156.334
0.220267;0.105345;8.398.860
0.373495;0.124498;16.874.334
0.402226;0.143652;18.885.464
0.411803;0.162806;18.464.083
0.277727;0.105345;11.587.936
0.172383;0.114922;7.000.646
0.105345;0.134075;3.198.653
0.095768;0.134075;1.551.443
0.143652;0.134075;4.070.143
0.220267;0.114922;8.245.630
0.306458;0.134075;12.785.037
0.402226;0.143652;18.760.965
0.363919;0.143652;18.473.660
0.344765;0.143652;15.935.806
0.181959;0.114922;7.249.643
0.114922;0.114922;3.409.343
0.067038;0.124498;1.350.330
0.095768;0.143652;1.589.750
0.201113;0.124498;8.073.248
0.306458;0.143652;12.545.617
0.373495;0.143652;16.405.069
0.411803;0.143652;18.406.622
0.344765;0.124498;15.983.690
0.296881;0.105345;11.951.855
0.124498;0.114922;3.648.763
0.095768;0.114922;1.503.559
0.095768;0.114922;1.637.634
0.124498;0.095768;3.936.068
0.325611;0.134075;12.315.774
0.363919;0.153229;16.203.957
0.430956;0.153229;18.425.776
0.373495;0.134075;16.060.305
0.287304;0.134075;12.124.237
0.201113;0.105345;7.690.176
0.124498;0.114922;3.840.300
0.086191;0.134075;1.675.941
0.134075;0.114922;3.849.876
0.201113;0.124498;7.738.060
0.344765;0.143652;15.993.267
0.392649;0.143652;18.272.547
0.402226;0.143652;18.301.277
0.287304;0.134075;12.296.620
0.201113;0.114922;7.920.019
0.134075;0.124498;4.079.720
0.095768;0.124498;1.829.170
0.134075;0.143652;3.801.992
0.191536;0.134075;7.527.370
0.287304;0.095768;11.865.664
0.402226;0.153229;18.119.318
0.411803;0.134075;18.272.547
0.363919;0.114922;16.184.803
0.210690;0.114922;8.121.132
0.134075;0.086191;4.290.410
0.095768;0.124498;1.982.399
0.134075;0.124498;3.734.955
0.201113;0.153229;7.374.141
0.268151;0.114922;11.616.667
0.354342;0.143652;15.552.734
0.402226;0.143652;18.195.932
0.373495;0.134075;16.261.417
0.296881;0.105345;12.650.962
0.210690;0.114922;8.360.553
0.076614;0.124498;2.154.782
0.114922;0.114922;1.838.747
0.114922;0.134075;3.696.647
0.287304;0.134075;11.425.131
0.354342;0.143652;15.313.314
0.392649;0.143652;17.774.553
0.373495;0.124498;16.328.455
0.296881;0.153229;12.785.037
0.210690;0.124498;8.590.396
0.153229;0.114922;4.759.673
0.105345;0.134075;1.915.361
0.134075;0.134075;3.629.610
0.201113;0.114922;7.029.376
0.344765;0.124498;15.073.894
0.440533;0.143652;17.611.748
0.402226;0.124498;18.061.857
0.392649;0.153229;16.366.762
0.248997;0.105345;8.801.085
0.172383;0.105345;4.941.632
0.095768;0.114922;2.489.970
0.143652;0.134075;3.581.726
0.181959;0.114922;6.866.570
0.258574;0.105345;10.975.020
0.383072;0.143652;17.410.635
0.383072;0.134075;17.994.820
0.373495;0.124498;16.424.223
0.287304;0.124498;13.110.648
0.162806;0.134075;5.200.206
0.105345;0.114922;2.643.199
0.114922;0.134075;2.039.860
0.191536;0.124498;6.732.495
0.277727;0.124498;10.745.177
0.354342;0.143652;14.642.938
0.421380;0.143652;17.956.512
0.373495;0.134075;16.462.530
0.325611;0.114922;13.263.878
0.229843;0.105345;9.260.772
0.114922;0.105345;2.844.312
0.105345;0.086191;2.116.474
0.114922;0.143652;3.533.842
0.258574;0.105345;10.553.641
0.335188;0.124498;14.441.825
0.383072;0.124498;17.094.601
0.383072;0.134075;17.822.437
0.296881;0.134075;13.388.376
0.220267;0.134075;9.433.155
0.153229;0.114922;5.659.893
0.095768;0.114922;2.212.242
0.134075;0.124498;3.457.227
0.191536;0.124498;6.454.768
0.354342;0.153229;14.164.097
0.402226;0.134075;16.883.911
0.411803;0.134075;17.745.823
0.383072;0.143652;16.491.261
0.248997;0.134075;9.662.998
0.181959;0.114922;5.870.583
0.134075;0.114922;3.169.923
0.143652;0.114922;3.447.650
0.191536;0.114922;6.339.846
0.277727;0.134075;10.151.415
0.373495;0.124498;16.711.529
0.402226;0.124498;17.678.785
0.363919;0.153229;16.548.721
0.287304;0.134075;13.666.103
0.172383;0.134075;6.042.965
0.114922;0.114922;3.361.459
0.095768;0.143652;2.394.202
0.191536;0.143652;6.196.194
0.239420;0.134075;9.979.033
0.325611;0.114922;13.742.718
0.402226;0.134075;16.539.145
0.383072;0.134075;16.548.721
0.325611;0.124498;13.781.025
0.239420;0.124498;10.026.917
0.105345;0.124498;3.533.842
0.114922;0.114922;2.489.970
0.134075;0.114922;3.399.766
0.248997;0.114922;9.777.920
0.296881;0.114922;13.512.875
0.383072;0.124498;16.366.762
0.392649;0.134075;17.487.249
0.306458;0.114922;13.924.677
0.210690;0.124498;10.237.606
0.162806;0.124498;6.502.652
0.105345;0.143652;2.566.584
0.095768;0.105345;3.399.766
0.162806;0.124498;5.966.351
0.239420;0.114922;9.595.961
0.373495;0.143652;16.184.803
0.402226;0.143652;17.391.481
0.383072;0.143652;16.577.452
0.258574;0.134075;10.419.566
0.201113;0.134075;6.722.919
0.134075;0.134075;3.888.184
0.124498;0.124498;3.390.190
0.181959;0.134075;5.851.429
0.258574;0.134075;9.385.271
0.316035;0.105345;13.081.918
0.383072;0.143652;17.276.560
0.354342;0.105345;16.558.298
0.316035;0.124498;14.135.366
0.162806;0.105345;6.914.454
0.124498;0.114922;4.079.720
0.114922;0.114922;2.786.851
0.172383;0.114922;5.746.084
0.248997;0.124498;9.193.734
0.306458;0.114922;12.899.959
0.354342;0.134075;15.801.731
0.383072;0.153229;16.596.605
0.316035;0.134075;14.269.443
0.258574;0.105345;10.783.484
0.143652;0.095768;4.261.679
0.124498;0.105345;2.892.196
0.114922;0.124498;3.428.497
0.181959;0.114922;5.650.316
0.306458;0.124498;12.670.115
0.373495;0.143652;15.619.772
0.392649;0.153229;17.065.870
0.335188;0.134075;14.355.634
0.239420;0.134075;10.965.444
0.172383;0.143652;7.345.411
0.105345;0.124498;3.016.694
0.124498;0.095768;3.409.343
0.220267;0.114922;8.829.816
0.220267;0.114922;8.829.816
0.363919;0.143652;15.437.813
0.402226;0.153229;16.922.218
0.373495;0.124498;16.587.029
0.277727;0.134075;11.137.826
0.201113;0.124498;7.556.100
0.153229;0.124498;4.635.174
0.134075;0.114922;3.390.190
0.181959;0.143652;5.468.357
0.239420;0.143652;8.676.587
0.296881;0.134075;12.248.735
0.392649;0.143652;16.826.450
0.392649;0.114922;16.558.298
0.335188;0.124498;14.537.593
0.201113;0.153229;7.766.790
0.124498;0.114922;4.817.134
0.105345;0.134075;3.217.807
0.105345;0.134075;3.466.804
0.229843;0.134075;8.513.782
0.306458;0.143652;12.057.199
0.325611;0.124498;15.064.317
0.354342;0.114922;16.539.145
0.316035;0.124498;14.633.361
0.277727;0.124498;11.463.438
0.143652;0.124498;5.008.670
0.124498;0.134075;3.351.882
0.134075;0.114922;3.457.227
0.181959;0.114922;5.295.974
0.296881;0.114922;11.856.087
0.354342;0.134075;14.920.665
0.383072;0.134075;16.558.298
0.344765;0.143652;14.709.975
0.277727;0.143652;11.664.551
0.191536;0.124498;8.178.593
0.153229;0.114922;5.181.053
0.124498;0.134075;3.495.534
0.134075;0.124498;5.219.360
0.220267;0.134075;8.197.746
0.344765;0.143652;14.642.938
0.354342;0.134075;16.452.953
0.373495;0.143652;16.510.414
0.268151;0.134075;11.789.049
0.229843;0.143652;8.360.553
0.153229;0.114922;5.382.165
0.105345;0.105345;3.591.303
0.172383;0.105345;5.133.168
0.229843;0.134075;8.073.248
0.277727;0.114922;11.482.592
0.392649;0.124498;16.290.148
0.373495;0.114922;16.452.953
0.354342;0.134075;14.834.474
0.229843;0.124498;8.542.512
0.153229;0.114922;5.544.971
0.143652;0.105345;3.744.531
0.124498;0.095768;3.562.572
0.191536;0.114922;7.920.019
0.277727;0.134075;11.300.632
0.325611;0.134075;14.288.596
0.363919;0.153229;16.395.493
0.335188;0.124498;14.901.511
0.287304;0.124498;12.124.237
0.143652;0.134075;5.755.661
0.124498;0.124498;3.878.607
0.143652;0.134075;3.667.917
0.162806;0.124498;5.018.247
0.277727;0.095768;11.089.942
0.344765;0.114922;14.097.059
0.373495;0.134075;16.050.728
0.344765;0.124498;14.949.395
0.287304;0.114922;12.220.005
0.220267;0.114922;8.944.737
0.162806;0.105345;5.937.620
0.143652;0.143652;3.648.763
0.162806;0.114922;4.989.516
0.181959;0.114922;7.613.562
0.306458;0.134075;13.924.677
0.354342;0.134075;15.907.076
0.335188;0.114922;16.309.301
0.277727;0.124498;12.382.812
0.229843;0.124498;9.126.697
0.153229;0.105345;6.110.003
0.162806;0.124498;4.137.180
0.162806;0.134075;4.932.055
0.210690;0.105345;7.489.063
0.277727;0.124498;10.735.600
0.373495;0.134075;15.782.578
0.411803;0.114922;16.251.841
0.344765;0.143652;15.006.856
0.306458;0.153229;12.497.733
0.172383;0.114922;6.301.539
0.153229;0.124498;4.271.256
0.124498;0.134075;3.773.262
0.201113;0.124498;7.364.564
0.248997;0.105345;10.544.065
0.316035;0.134075;13.532.028
0.344765;0.143652;16.184.803
0.335188;0.143652;15.093.047
0.287304;0.124498;12.631.808
0.210690;0.134075;9.471.462
0.124498;0.134075;4.434.062
0.124498;0.114922;3.840.300
0.153229;0.124498;4.826.711
0.268151;0.134075;10.333.375
0.335188;0.124498;13.369.223
0.354342;0.134075;15.456.966
0.344765;0.134075;15.093.047
0.287304;0.124498;12.717.999
0.248997;0.105345;9.682.152
0.143652;0.143652;4.548.983
0.143652;0.124498;3.888.184
0.162806;0.124498;4.836.287
0.239420;0.124498;10.180.145
0.325611;0.124498;13.158.532
0.325611;0.124498;15.322.891
0.354342;0.134075;16.041.151
0.277727;0.134075;12.852.075
0.258574;0.124498;9.816.227
0.172383;0.124498;6.837.840
0.162806;0.134075;4.702.212
0.153229;0.124498;4.807.557
0.191536;0.134075;7.019.799
0.258574;0.124498;10.007.763
0.354342;0.134075;15.179.238
0.383072;0.134075;15.983.690
0.373495;0.153229;15.160.085
0.335188;0.143652;12.966.996
0.201113;0.124498;7.010.222
0.143652;0.114922;4.884.171
0.162806;0.124498;4.041.412
0.181959;0.153229;6.952.762
0.258574;0.143652;9.844.957
0.296881;0.124498;12.794.614
0.363919;0.143652;15.907.076
0.325611;0.143652;15.169.662
0.277727;0.114922;13.053.187
0.248997;0.124498;10.151.415
0.143652;0.143652;4.989.516
0.105345;0.124498;4.098.873
0.134075;0.153229;4.759.673
0.258574;0.105345;9.710.882
0.296881;0.153229;12.612.655
0.354342;0.124498;14.882.358
0.363919;0.124498;15.859.192
0.316035;0.124498;13.168.109
0.239420;0.134075;10.285.490
0.191536;0.134075;7.364.564
0.162806;0.114922;4.185.065
0.172383;0.124498;4.788.404
0.191536;0.124498;6.732.495
0.306458;0.134075;12.469.003
0.344765;0.143652;14.748.282
0.373495;0.134075;15.753.847
0.344765;0.153229;15.207.970
0.239420;0.124498;10.457.873
0.181959;0.124498;7.536.947
0.143652;0.114922;4.290.410
0.153229;0.124498;4.750.096
0.201113;0.124498;6.636.727
0.239420;0.105345;9.375.694
0.335188;0.143652;14.595.054
0.363919;0.143652;15.667.656
0.354342;0.143652;15.207.970
0.306458;0.134075;13.350.069
0.210690;0.114922;7.728.483
0.153229;0.124498;5.449.203
0.143652;0.143652;4.778.827
0.210690;0.134075;6.531.382
0.258574;0.124498;9.232.041
0.287304;0.114922;12.124.237
0.344765;0.134075;14.460.979
0.316035;0.124498;15.217.546
0.296881;0.143652;13.436.260
0.258574;0.105345;10.764.331
0.143652;0.124498;5.583.278
0.134075;0.134075;4.434.062
0.134075;0.105345;4.759.673
0.229843;0.114922;9.059.659
0.277727;0.134075;11.923.124
0.335188;0.153229;14.269.443
0.344765;0.114922;15.476.120
0.325611;0.143652;13.503.298
0.277727;0.095768;10.907.983
0.201113;0.114922;8.073.248
0.172383;0.114922;4.539.406
0.153229;0.114922;4.769.250
0.172383;0.114922;6.368.577
0.239420;0.114922;8.906.430
0.335188;0.114922;14.125.790
0.354342;0.134075;15.380.352
0.363919;0.124498;15.198.392
0.258574;0.143652;11.070.788
0.220267;0.124498;8.274.361
0.162806;0.124498;5.908.890
0.143652;0.124498;4.797.980
0.162806;0.124498;6.272.809
0.220267;0.153229;8.801.085
0.277727;0.134075;11.626.244
0.354342;0.134075;15.275.007
0.344765;0.162806;15.179.238
0.316035;0.114922;13.685.257
0.210690;0.124498;8.408.437
0.172383;0.105345;6.062.119
0.162806;0.114922;4.730.943
0.191536;0.105345;6.224.925
0.229843;0.114922;8.657.434
0.306458;0.134075;11.434.708
0.344765;0.134075;13.819.332
0.373495;0.143652;15.169.662
0.316035;0.124498;13.742.718
0.220267;0.124498;8.580.819
0.162806;0.124498;6.177.041
0.162806;0.134075;4.855.441
0.124498;0.134075;4.807.557
0.210690;0.124498;8.532.935
0.258574;0.124498;11.252.748
0.316035;0.134075;13.694.834
0.335188;0.124498;15.073.894
0.316035;0.143652;13.800.179
0.268151;0.114922;11.453.861
0.210690;0.134075;8.753.201
0.162806;0.105345;4.922.479
0.143652;0.114922;4.836.287
0.191536;0.114922;6.119.579
0.220267;0.124498;8.379.706
0.316035;0.124498;13.512.875
0.373495;0.134075;14.997.279
0.344765;0.105345;15.102.624
0.268151;0.143652;11.597.513
0.229843;0.124498;8.906.430
0.181959;0.134075;6.502.652
0.134075;0.134075;4.884.171
0.172383;0.143652;6.081.272
0.220267;0.105345;8.283.937
0.268151;0.124498;10.936.713
0.344765;0.124498;14.872.781
0.344765;0.114922;15.073.894
0.296881;0.124498;13.895.947
0.239420;0.124498;9.069.236
0.181959;0.124498;6.684.611
0.134075;0.114922;5.161.899
0.153229;0.124498;4.903.325
0.220267;0.124498;8.149.862
0.287304;0.124498;10.783.484
0.316035;0.124498;13.196.839
0.344765;0.124498;15.035.586
0.316035;0.124498;13.962.984
0.268151;0.114922;11.827.356
0.181959;0.114922;6.818.686
0.162806;0.095768;5.248.090
0.143652;0.134075;4.960.786
0.172383;0.114922;5.956.774
0.258574;0.124498;10.630.256
0.296881;0.134075;13.053.187
0.325611;0.114922;14.642.938
0.335188;0.143652;13.991.714
0.277727;0.124498;11.971.008
0.220267;0.124498;9.356.541
0.191536;0.114922;6.971.915
0.162806;0.124498;4.979.939
0.162806;0.114922;5.918.467
0.229843;0.124498;7.929.596
0.325611;0.124498;12.890.382
0.325611;0.124498;14.537.593
0.363919;0.143652;14.949.395
0.306458;0.124498;12.028.469
0.268151;0.124498;9.519.346
0.191536;0.105345;7.105.990
0.153229;0.143652;5.056.554
0.153229;0.124498;5.899.313
0.191536;0.114922;7.843.405
0.258574;0.134075;10.323.798
0.316035;0.124498;14.422.671
0.335188;0.143652;14.882.358
0.296881;0.124498;14.077.906
0.229843;0.124498;9.662.998
0.181959;0.114922;7.278.373
0.162806;0.124498;5.583.278
0.162806;0.114922;5.114.015
0.229843;0.143652;7.747.637
0.248997;0.124498;10.189.722
0.316035;0.105345;12.603.078
0.344765;0.153229;14.863.204
0.316035;0.114922;14.116.213
0.306458;0.124498;12.258.312
0.239420;0.124498;9.825.804
0.191536;0.114922;5.717.354
0.162806;0.114922;5.142.745
0.162806;0.114922;5.813.122
0.268151;0.143652;10.074.800
0.296881;0.124498;12.449.849
0.335188;0.143652;14.164.097
0.325611;0.114922;14.125.790
0.277727;0.134075;12.363.658
0.239420;0.124498;9.969.456
0.191536;0.124498;7.565.677
0.143652;0.114922;5.190.629
0.181959;0.114922;5.813.122
0.191536;0.124498;7.556.100
0.306458;0.153229;12.287.044
0.344765;0.124498;14.049.175
0.335188;0.114922;14.738.706
0.354342;0.124498;14.154.520
0.248997;0.143652;10.074.800
0.210690;0.124498;7.699.753
0.181959;0.134075;5.947.197
0.172383;0.124498;5.774.815
0.172383;0.114922;7.460.332
0.268151;0.124498;9.758.766
0.316035;0.124498;13.962.984
0.325611;0.105345;14.690.822
0.316035;0.153229;14.154.520
0.277727;0.124498;12.497.733
0.201113;0.124498;7.872.135
0.172383;0.124498;6.081.272
0.162806;0.134075;5.334.281
0.191536;0.124498;7.354.988
0.258574;0.143652;9.634.268
0.287304;0.134075;11.999.739
0.344765;0.143652;14.633.361
0.325611;0.134075;14.192.827
0.306458;0.114922;12.631.808
0.258574;0.143652;10.352.529
0.181959;0.134075;6.196.194
0.172383;0.124498;5.382.165
0.172383;0.124498;5.793.968
0.248997;0.124498;9.500.193
0.306458;0.114922;11.856.087
0.344765;0.105345;13.694.834
0.325611;0.143652;14.537.593
0.277727;0.134075;12.689.269
0.248997;0.124498;10.457.873
0.220267;0.124498;8.140.285
0.153229;0.105345;5.458.780
0.162806;0.124498;5.774.815
0.191536;0.134075;7.230.489
0.268151;0.114922;11.702.858
0.306458;0.134075;13.579.912
0.354342;0.143652;14.489.709
0.277727;0.134075;12.756.307
0.258574;0.134075;10.601.525
0.220267;0.124498;8.283.937
0.181959;0.114922;6.454.768
0.181959;0.124498;5.784.391
0.201113;0.114922;7.134.721
0.239420;0.134075;9.260.772
0.277727;0.114922;11.549.629
0.325611;0.143652;14.413.095
0.335188;0.124498;14.164.097
0.306458;0.124498;12.842.498
0.201113;0.105345;8.437.167
0.181959;0.124498;6.512.228
0.162806;0.124498;5.592.855
0.181959;0.134075;7.115.568
0.248997;0.143652;9.165.004
0.287304;0.134075;11.434.708
0.306458;0.143652;13.340.492
0.325611;0.134075;14.173.674
0.287304;0.124498;12.890.382
0.268151;0.105345;10.831.368
0.181959;0.114922;6.713.342
0.181959;0.124498;5.679.047
0.201113;0.105345;5.793.968
0.268151;0.114922;9.002.198
0.287304;0.114922;11.281.479
0.344765;0.134075;13.225.570
0.335188;0.134075;14.259.866
0.287304;0.134075;12.947.843
0.239420;0.124498;10.975.020
0.229843;0.124498;8.714.894
0.153229;0.134075;5.726.931
0.172383;0.114922;5.803.545
0.191536;0.114922;7.000.646
0.210690;0.124498;8.925.584
0.306458;0.162806;13.072.341
0.316035;0.162806;14.164.097
0.335188;0.134075;14.144.943
0.277727;0.143652;11.051.635
0.210690;0.143652;8.839.393
0.201113;0.124498;6.952.762
0.181959;0.105345;5.832.275
0.201113;0.134075;6.924.031
0.239420;0.134075;8.820.239
0.325611;0.153229;12.957.419
0.335188;0.143652;14.116.213
0.316035;0.124498;14.116.213
0.296881;0.124498;13.043.611
0.220267;0.114922;8.983.045
0.191536;0.134075;7.048.530
0.172383;0.134075;5.908.890
0.162806;0.105345;6.876.147
0.220267;0.124498;8.714.894
0.277727;0.134075;10.898.406
0.306458;0.143652;12.832.921
0.344765;0.124498;14.116.213
0.306458;0.124498;13.129.802
0.248997;0.095768;11.281.479
0.181959;0.114922;7.182.605
0.181959;0.143652;5.985.504
0.153229;0.124498;5.880.159
0.229843;0.124498;8.628.703
0.277727;0.124498;10.783.484
0.306458;0.105345;12.689.269
0.325611;0.153229;13.895.947
0.316035;0.143652;13.158.532
0.277727;0.134075;11.377.247
0.239420;0.134075;9.241.618
0.153229;0.114922;6.090.849
0.172383;0.095768;5.899.313
0.181959;0.114922;6.799.533
0.220267;0.134075;8.523.358
0.287304;0.124498;12.574.347
0.316035;0.124498;13.828.909
0.325611;0.134075;14.039.598
0.258574;0.143652;11.463.438
0.220267;0.124498;9.375.694
0.201113;0.114922;7.450.756
0.162806;0.114922;6.196.194
0.181959;0.114922;6.751.649
0.229843;0.114922;8.427.590
0.258574;0.114922;10.505.757
0.325611;0.105345;13.723.564
0.344765;0.134075;14.039.598
0.316035;0.143652;13.235.147
0.229843;0.105345;9.481.039
0.191536;0.124498;7.565.677
0.181959;0.124498;6.272.809
0.172383;0.134075;5.947.197
0.201113;0.114922;8.341.399
0.258574;0.114922;10.390.836
0.287304;0.134075;12.306.197
0.316035;0.114922;13.943.830
0.296881;0.105345;13.254.301
0.277727;0.114922;11.683.704
0.201113;0.134075;7.680.599
0.191536;0.134075;6.368.577
0.162806;0.124498;5.975.927
0.201113;0.124498;6.675.035
0.239420;0.124498;10.247.183
0.287304;0.124498;12.181.698
0.344765;0.143652;13.532.028
0.296881;0.134075;13.273.455
0.287304;0.134075;11.741.165
0.239420;0.124498;9.758.766
0.181959;0.124498;6.445.191
0.172383;0.134075;6.042.965
0.210690;0.143652;8.188.169
0.287304;0.153229;12.047.623
0.325611;0.134075;13.445.837
0.325611;0.134075;13.905.523
0.287304;0.134075;11.817.780
0.239420;0.105345;9.883.265
0.201113;0.114922;7.939.173
0.191536;0.124498;6.646.304
0.210690;0.143652;8.034.941
0.268151;0.124498;10.036.493
0.306458;0.105345;13.350.069
0.325611;0.095768;13.867.216
0.325611;0.143652;13.340.492
0.268151;0.134075;9.988.609
0.220267;0.124498;8.054.094
0.210690;0.114922;6.636.727
0.172383;0.124498;6.119.579
0.201113;0.134075;7.996.634
0.258574;0.134075;9.892.841
0.277727;0.124498;11.836.933
0.316035;0.143652;13.809.755
0.316035;0.105345;13.350.069
0.296881;0.124498;11.980.585
0.239420;0.134075;10.103.531
0.172383;0.114922;6.780.379
0.162806;0.124498;6.177.041
0.191536;0.134075;6.598.420
0.239420;0.124498;9.777.920
0.277727;0.134075;11.702.858
0.325611;0.143652;13.187.263
0.296881;0.143652;12.047.623
0.268151;0.143652;10.189.722
0.239420;0.114922;8.293.514
0.172383;0.095768;6.234.501
0.172383;0.105345;6.569.689
0.220267;0.143652;7.872.135
0.258574;0.114922;11.568.783
0.287304;0.124498;13.043.611
0.325611;0.134075;13.685.257
0.306458;0.134075;12.114.660
0.248997;0.114922;10.285.490
0.201113;0.143652;8.418.014
0.172383;0.114922;6.952.762
0.172383;0.134075;6.588.843
0.201113;0.134075;7.795.521
0.239420;0.134075;9.557.653
0.316035;0.134075;12.966.996
0.306458;0.134075;13.646.950
0.306458;0.124498;13.350.069
0.296881;0.124498;12.181.698
0.210690;0.105345;8.532.935
0.201113;0.124498;7.058.106
0.201113;0.114922;7.747.637
0.220267;0.124498;9.471.462
0.277727;0.114922;11.348.516
0.316035;0.114922;13.378.799
0.306458;0.124498;12.239.159
0.258574;0.143652;10.515.334
0.181959;0.134075;7.144.298
0.172383;0.114922;6.406.884
0.181959;0.134075;6.579.266
0.239420;0.124498;9.366.117
0.268151;0.124498;11.233.594
0.316035;0.124498;12.756.307
0.316035;0.143652;13.369.223
0.258574;0.124498;10.601.525
0.239420;0.124498;8.743.625
0.181959;0.105345;6.464.345
0.201113;0.105345;6.598.420
0.229843;0.114922;7.603.985
0.277727;0.114922;11.118.672
0.306458;0.143652;12.631.808
0.335188;0.114922;13.484.144
0.325611;0.114922;13.350.069
0.248997;0.134075;10.716.447
0.229843;0.124498;8.906.430
0.201113;0.124498;7.354.988
0.201113;0.114922;7.575.254
0.248997;0.095768;9.184.157
0.306458;0.114922;12.564.771
0.335188;0.114922;13.407.530
0.296881;0.124498;13.359.646
0.296881;0.134075;12.382.812
0.239420;0.124498;8.992.621
0.201113;0.153229;7.450.756
0.201113;0.124498;6.569.689
0.210690;0.105345;7.527.370
0.248997;0.134075;9.088.389
0.277727;0.143652;10.917.560
0.296881;0.143652;12.469.003
0.316035;0.143652;13.359.646
0.296881;0.095768;12.449.849
0.248997;0.114922;10.898.406
0.181959;0.124498;7.556.100
0.172383;0.143652;6.646.304
0.181959;0.124498;6.636.727
0.229843;0.134075;9.002.198
0.258574;0.134075;10.812.215
0.296881;0.124498;12.344.504
0.296881;0.124498;13.292.608
0.296881;0.124498;12.469.003
0.268151;0.124498;10.946.290
0.248997;0.124498;9.212.888
0.191536;0.124498;6.646.304
0.201113;0.124498;7.450.756
0.248997;0.114922;8.916.007
0.316035;0.153229;13.206.416
0.325611;0.134075;13.321.339
0.258574;0.143652;11.070.788
0.248997;0.124498;9.318.233
0.191536;0.105345;7.747.637
0.181959;0.134075;6.675.035
0.191536;0.134075;7.383.718
0.220267;0.114922;8.858.546
0.268151;0.124498;12.181.698
0.306458;0.134075;13.139.379
0.316035;0.143652;13.321.339
0.296881;0.134075;12.555.194
0.229843;0.124498;9.442.732
0.220267;0.124498;7.872.135
0.201113;0.134075;6.876.147
0.229843;0.114922;8.762.778
0.268151;0.143652;10.467.450
0.287304;0.124498;12.047.623
0.316035;0.143652;13.302.185
0.277727;0.124498;12.583.924
0.277727;0.114922;11.214.440
0.220267;0.124498;7.958.326
0.201113;0.105345;6.933.608
0.191536;0.105345;6.713.342
0.258574;0.153229;10.362.105
0.287304;0.124498;11.932.701
0.296881;0.143652;12.995.727
0.296881;0.124498;12.603.078
0.277727;0.114922;11.252.748
0.191536;0.105345;7.010.222
0.191536;0.134075;7.316.680
0.239420;0.124498;8.619.126
0.277727;0.105345;11.856.087
0.296881;0.134075;12.890.382
0.306458;0.124498;13.196.839
0.277727;0.143652;11.386.824
0.229843;0.114922;9.720.459
0.181959;0.134075;8.159.439
0.181959;0.114922;6.770.802
0.201113;0.105345;7.297.527
0.229843;0.124498;8.542.512
0.248997;0.143652;10.180.145
0.306458;0.124498;12.842.498
0.306458;0.153229;13.215.993
0.277727;0.134075;12.650.962
0.248997;0.124498;9.806.650
0.220267;0.124498;8.255.207
0.220267;0.124498;7.115.568
0.181959;0.105345;6.789.956
0.229843;0.124498;8.475.474
0.268151;0.124498;10.084.377
0.277727;0.114922;11.654.974
0.316035;0.124498;13.158.532
0.325611;0.143652;12.679.692
0.287304;0.114922;11.520.899
0.220267;0.124498;8.341.399
0.181959;0.124498;7.220.912
0.181959;0.134075;6.847.417
0.239420;0.114922;8.418.014
0.239420;0.124498;9.988.609
0.258574;0.124498;11.540.052
0.306458;0.124498;12.689.269
0.287304;0.114922;12.708.423
0.258574;0.124498;11.549.629
0.248997;0.153229;9.988.609
0.239420;0.114922;8.465.898
0.191536;0.124498;6.866.570
0.191536;0.162806;7.259.220
0.210690;0.124498;8.360.553
0.296881;0.124498;11.444.284
0.306458;0.134075;12.593.501
0.296881;0.114922;13.043.611
0.277727;0.105345;11.616.667
0.248997;0.134075;10.113.108
0.220267;0.124498;8.542.512
0.191536;0.124498;7.374.141
0.191536;0.124498;7.220.912
0.220267;0.124498;8.303.091
0.248997;0.114922;9.787.497
0.306458;0.124498;12.536.040
0.306458;0.134075;13.034.034
0.296881;0.124498;12.717.999
0.229843;0.143652;10.170.568
0.220267;0.124498;8.628.703
0.191536;0.105345;7.479.486
0.181959;0.134075;6.943.185
0.220267;0.143652;8.236.053
0.248997;0.134075;9.701.305
0.277727;0.134075;11.233.594
0.306458;0.114922;12.986.150
0.306458;0.105345;12.708.423
0.268151;0.105345;11.741.165
0.248997;0.143652;10.266.336
0.201113;0.153229;7.556.100
0.201113;0.095768;7.010.222
0.210690;0.124498;7.249.643
0.248997;0.124498;9.634.268
0.277727;0.124498;11.147.403
0.296881;0.114922;12.373.235
0.296881;0.143652;12.737.153
0.277727;0.143652;11.779.472
0.258574;0.134075;10.362.105
0.210690;0.134075;8.810.662
0.172383;0.134075;7.038.953
0.201113;0.143652;7.240.066
0.201113;0.114922;8.159.439
0.268151;0.143652;11.032.481
0.296881;0.114922;12.267.890
0.325611;0.143652;12.899.959
0.287304;0.143652;11.798.626
0.258574;0.114922;10.438.720
0.239420;0.134075;8.916.007
0.220267;0.134075;7.709.330
0.210690;0.105345;7.211.336
0.191536;0.105345;8.092.402
0.229843;0.124498;9.481.039
0.277727;0.172383;12.200.851
0.306458;0.134075;12.852.075
0.287304;0.114922;12.717.999
0.287304;0.105345;11.865.664
0.210690;0.134075;9.050.082
0.191536;0.124498;7.795.521
0.181959;0.134075;7.125.144
0.201113;0.114922;8.044.518
0.229843;0.124498;9.385.271
0.268151;0.124498;10.898.406
0.296881;0.143652;12.804.191
0.306458;0.134075;12.708.423
0.296881;0.134075;11.923.124
0.268151;0.124498;10.601.525
0.201113;0.134075;7.900.866
0.191536;0.124498;7.163.452
0.191536;0.124498;7.230.489
0.229843;0.114922;9.289.502
0.248997;0.114922;10.764.331
0.296881;0.124498;12.028.469
0.287304;0.124498;12.717.999
0.287304;0.143652;11.942.278
0.258574;0.124498;10.678.140
0.239420;0.114922;9.222.465
0.201113;0.124498;7.249.643
0.210690;0.134075;7.240.066
0.191536;0.124498;7.987.057
0.248997;0.114922;10.697.293
0.287304;0.105345;11.923.124
0.306458;0.134075;12.650.962
0.306458;0.124498;12.698.846
0.277727;0.114922;10.735.600
0.229843;0.114922;9.289.502
0.229843;0.114922;8.044.518
0.210690;0.114922;7.249.643
0.229843;0.105345;7.948.750
0.248997;0.114922;9.155.427
0.287304;0.105345;11.875.240
0.316035;0.143652;12.641.385
0.296881;0.134075;12.689.269
0.277727;0.153229;12.009.315
0.191536;0.134075;8.130.709
0.191536;0.124498;7.374.141
0.220267;0.143652;7.920.019
0.229843;0.134075;9.088.389
0.248997;0.114922;10.496.181
0.277727;0.143652;11.779.472
0.296881;0.124498;12.670.115
0.287304;0.143652;12.047.623
0.268151;0.134075;10.898.406
0.220267;0.134075;8.226.477
0.191536;0.124498;7.422.025
0.220267;0.114922;7.268.796
0.220267;0.124498;9.030.929
0.258574;0.124498;10.400.413
0.287304;0.134075;11.683.704
0.296881;0.124498;12.488.156
0.277727;0.143652;12.076.353
0.258574;0.143652;10.946.290
0.229843;0.114922;9.586.384
0.191536;0.124498;7.469.909
0.191536;0.124498;7.278.373
0.201113;0.114922;7.824.251
0.258574;0.124498;10.295.067
0.287304;0.124498;11.578.360
0.287304;0.114922;12.449.849
0.296881;0.105345;12.622.231
0.268151;0.134075;11.032.481
0.229843;0.114922;9.653.421
0.229843;0.114922;8.379.706
0.191536;0.124498;7.316.680
0.191536;0.114922;7.824.251
0.229843;0.143652;8.916.007
0.268151;0.114922;10.266.336
0.335188;0.134075;12.373.235
0.287304;0.124498;12.631.808
0.287304;0.095768;12.124.237
0.239420;0.162806;9.710.882
0.220267;0.114922;8.475.474
0.191536;0.134075;7.565.677
0.220267;0.134075;7.824.251
0.229843;0.153229;8.848.969
0.248997;0.134075;10.141.838
0.268151;0.134075;11.425.131
0.306458;0.124498;12.564.771
0.296881;0.124498;12.133.814
0.258574;0.134075;11.137.826
0.201113;0.153229;8.552.089
0.191536;0.134075;7.642.292
0.210690;0.114922;7.393.295
0.201113;0.143652;7.795.521
0.239420;0.105345;10.074.800
0.287304;0.124498;11.367.670
0.277727;0.114922;12.248.735
0.306458;0.134075;12.181.698
0.268151;0.124498;11.185.710
0.258574;0.134075;9.902.418
0.201113;0.114922;7.738.060
0.191536;0.114922;7.393.295
0.210690;0.134075;7.766.790
0.239420;0.134075;8.705.317
0.268151;0.134075;11.243.171
0.306458;0.143652;12.191.275
0.287304;0.124498;12.536.040
0.277727;0.124498;11.233.594
0.248997;0.124498;9.959.879
0.210690;0.134075;8.724.471
0.210690;0.124498;7.431.602
0.210690;0.124498;7.757.214
0.220267;0.114922;8.657.434
0.268151;0.105345;9.911.995
0.296881;0.143652;12.114.660
0.316035;0.134075;12.507.310
0.287304;0.114922;12.191.275
0.258574;0.086191;10.055.647
0.220267;0.143652;8.810.662
0.210690;0.124498;7.891.289
0.191536;0.124498;7.469.909
0.239420;0.134075;8.638.280
0.248997;0.134075;9.844.957
0.287304;0.124498;11.080.365
0.296881;0.134075;12.459.426
0.277727;0.143652;12.191.275
0.277727;0.134075;11.348.516
0.220267;0.134075;8.877.700
0.191536;0.124498;7.891.289
0.201113;0.143652;7.489.063
0.210690;0.134075;7.757.214
0.258574;0.105345;9.758.766
0.296881;0.143652;12.018.892
0.296881;0.124498;12.220.005
0.277727;0.114922;11.405.977
0.239420;0.114922;10.199.299
0.210690;0.124498;7.996.634
0.172383;0.114922;7.556.100
0.210690;0.134075;7.728.483
0.210690;0.124498;8.523.358
0.268151;0.143652;10.965.444
0.277727;0.153229;11.913.548
0.316035;0.124498;12.373.235
0.258574;0.134075;11.453.861
0.239420;0.124498;10.275.913
0.248997;0.134075;9.021.352
0.220267;0.105345;8.034.941
0.210690;0.124498;8.485.051
0.210690;0.124498;8.485.051
0.239420;0.105345;9.624.691
0.287304;0.143652;11.865.664
0.296881;0.143652;12.354.081
0.306458;0.153229;12.239.159
0.248997;0.124498;10.333.375
0.229843;0.134075;9.097.966
0.229843;0.105345;8.121.132
0.210690;0.114922;7.594.408
0.229843;0.114922;8.437.167
0.248997;0.114922;9.576.807
0.258574;0.114922;10.783.484
0.296881;0.143652;12.334.928
0.268151;0.134075;12.220.005
0.258574;0.124498;11.501.745
0.239420;0.143652;10.390.836
0.220267;0.124498;8.178.593
0.210690;0.124498;7.642.292
0.201113;0.095768;7.766.790
0.220267;0.114922;9.519.346
0.268151;0.124498;10.726.024
0.277727;0.114922;11.731.588
0.287304;0.095768;12.191.275
0.277727;0.124498;11.540.052
0.277727;0.105345;10.457.873
0.239420;0.114922;9.260.772
0.210690;0.143652;7.680.599
0.201113;0.124498;7.747.637
0.220267;0.114922;8.379.706
0.258574;0.114922;10.611.102
0.277727;0.124498;11.674.128
0.287304;0.105345;12.229.582
0.248997;0.143652;11.578.360
0.268151;0.114922;10.524.911
0.229843;0.114922;9.327.810
0.210690;0.105345;8.341.399
0.191536;0.134075;7.757.214
0.229843;0.124498;8.360.553
0.229843;0.143652;9.366.117
0.277727;0.124498;11.607.090
0.277727;0.105345;12.191.275
0.287304;0.124498;12.191.275
0.268151;0.105345;10.572.795
0.239420;0.124498;9.394.848
0.220267;0.114922;8.379.706
0.201113;0.114922;7.776.367
0.220267;0.114922;8.341.399
0.248997;0.114922;9.318.233
0.258574;0.105345;10.477.027
0.287304;0.124498;12.152.967
0.287304;0.134075;12.210.428
0.268151;0.124498;11.635.820
0.268151;0.114922;10.639.832
0.220267;0.124498;8.456.321
0.201113;0.124498;7.833.828
0.191536;0.124498;7.776.367
0.248997;0.114922;9.241.618
0.258574;0.134075;10.419.566
0.277727;0.134075;11.453.861
0.306458;0.134075;12.172.121
0.277727;0.134075;11.664.551
0.248997;0.114922;10.697.293
0.248997;0.143652;9.538.500
0.210690;0.143652;7.891.289
0.229843;0.143652;7.795.521
0.220267;0.124498;8.264.784
0.248997;0.134075;10.323.798
0.287304;0.124498;11.415.554
0.287304;0.124498;12.038.046
0.287304;0.124498;11.654.974
0.248997;0.124498;10.745.177
0.239420;0.134075;9.605.537
0.220267;0.114922;8.590.396
0.220267;0.114922;7.795.521
0.201113;0.114922;8.216.900
0.220267;0.105345;9.145.850
0.277727;0.124498;11.329.363
0.287304;0.105345;11.980.585
0.277727;0.124498;12.143.391
0.287304;0.114922;11.683.704
0.248997;0.134075;9.682.152
0.229843;0.143652;8.628.703
0.210690;0.143652;7.977.480
0.201113;0.124498;8.216.900
0.229843;0.105345;9.107.543
0.258574;0.143652;10.199.299
0.287304;0.124498;11.262.324
0.296881;0.114922;12.095.507
0.277727;0.134075;11.712.435
0.248997;0.143652;10.860.099
0.220267;0.134075;8.714.894
0.201113;0.124498;8.006.210
0.210690;0.124498;7.843.405
0.229843;0.124498;9.059.659
0.248997;0.143652;10.141.838
0.287304;0.114922;11.195.287
0.287304;0.162806;11.913.548
0.277727;0.134075;11.702.858
0.258574;0.124498;10.898.406
0.239420;0.134075;9.844.957
0.229843;0.134075;8.054.094
0.201113;0.124498;7.862.558
0.220267;0.114922;8.207.323
0.239420;0.124498;10.065.224
0.268151;0.114922;11.099.519
0.296881;0.105345;11.836.933
0.287304;0.105345;12.095.507
0.268151;0.124498;10.936.713
0.220267;0.134075;9.864.111
0.220267;0.134075;8.839.393
0.220267;0.134075;7.872.135
0.220267;0.134075;8.188.169
0.239420;0.114922;8.954.314
0.277727;0.124498;11.032.481
0.316035;0.114922;11.789.049
0.287304;0.143652;12.047.623
0.287304;0.124498;11.760.319
0.229843;0.105345;9.950.302
0.210690;0.134075;8.916.007
0.220267;0.114922;8.178.593
0.210690;0.124498;8.169.016
0.258574;0.134075;8.916.007
0.258574;0.134075;9.931.149
0.258574;0.124498;10.965.444
0.287304;0.114922;12.047.623
0.268151;0.134075;11.760.319
0.248997;0.114922;10.994.174
0.220267;0.114922;8.992.621
0.210690;0.114922;8.216.900
0.210690;0.114922;7.910.442
0.201113;0.105345;8.906.430
0.239420;0.134075;9.883.265
0.248997;0.124498;10.898.406
0.268151;0.143652;11.674.128
0.277727;0.114922;11.789.049
0.277727;0.143652;11.042.058
0.239420;0.134075;10.074.800
0.229843;0.114922;8.283.937
0.210690;0.134075;7.939.173
0.210690;0.143652;8.178.593
0.239420;0.105345;8.820.239
0.268151;0.134075;10.879.252
0.277727;0.143652;11.645.397
0.287304;0.134075;11.789.049
0.268151;0.134075;11.109.096
0.239420;0.134075;10.141.838
0.239420;0.134075;9.117.120
0.201113;0.105345;7.967.903
0.220267;0.095768;8.159.439
0.248997;0.134075;8.791.509
0.239420;0.124498;9.777.920
0.277727;0.095768;11.568.783
0.268151;0.143652;11.942.278
0.277727;0.124498;11.166.556
0.229843;0.134075;10.208.876
0.229843;0.143652;9.174.581
0.220267;0.124498;8.389.283
0.239420;0.105345;8.130.709
0.229843;0.124498;8.753.201
0.239420;0.114922;9.682.152
0.277727;0.134075;10.735.600
0.296881;0.134075;11.903.971
0.277727;0.124498;11.779.472
0.268151;0.124498;11.195.287
0.229843;0.124498;9.241.618
0.248997;0.124498;8.437.167
0.229843;0.134075;8.044.518
0.210690;0.153229;8.169.016
0.248997;0.124498;9.672.575
0.287304;0.124498;10.649.409
0.287304;0.124498;11.492.168
0.287304;0.124498;11.798.626
0.277727;0.124498;11.214.440
0.258574;0.114922;10.295.067
0.220267;0.124498;8.513.782
0.210690;0.134075;8.054.094
0.210690;0.124498;8.140.285
0.229843;0.124498;8.695.741
0.248997;0.134075;10.572.795
0.287304;0.114922;11.396.400
0.287304;0.124498;11.856.087
0.287304;0.143652;11.224.017
0.268151;0.114922;10.352.529
0.239420;0.114922;9.385.271
0.229843;0.143652;8.532.935
0.201113;0.124498;8.159.439
0.220267;0.124498;8.657.434
0.239420;0.134075;10.505.757
0.268151;0.134075;11.348.516
0.277727;0.153229;11.798.626
0.277727;0.134075;11.789.049
0.258574;0.134075;10.419.566
0.229843;0.114922;9.423.578
0.210690;0.114922;8.619.126
0.220267;0.124498;8.140.285
0.248997;0.124498;8.676.587
0.239420;0.134075;9.490.616
0.268151;0.134075;10.448.297
0.296881;0.124498;11.769.896
0.287304;0.105345;11.779.472
0.258574;0.124498;11.281.479
0.239420;0.134075;9.519.346
0.229843;0.134075;8.676.587
0.210690;0.134075;8.178.593
0.229843;0.114922;8.169.016
0.248997;0.114922;9.433.155
0.258574;0.124498;10.381.259
0.287304;0.124498;11.741.165
0.296881;0.124498;11.798.626
0.277727;0.114922;11.358.093
0.229843;0.134075;10.515.334
0.239420;0.114922;9.557.653
0.239420;0.105345;8.216.900
0.191536;0.134075;8.188.169
0.229843;0.143652;8.609.550
0.258574;0.134075;10.314.221
0.268151;0.124498;11.195.287
0.277727;0.134075;11.693.281
0.277727;0.124498;11.348.516
0.268151;0.105345;10.563.218
0.239420;0.124498;9.615.114
0.239420;0.114922;8.743.625
0.210690;0.134075;8.178.593
0.210690;0.114922;8.590.396
0.239420;0.143652;9.327.810
0.248997;0.143652;11.118.672
0.287304;0.124498;11.645.397
0.277727;0.143652;11.741.165
0.258574;0.124498;10.611.102
0.239420;0.105345;9.710.882
0.239420;0.124498;8.839.393
0.210690;0.124498;8.283.937
0.239420;0.124498;8.542.512
0.239420;0.124498;9.327.810
0.248997;0.114922;10.218.452
0.277727;0.114922;11.645.397
0.287304;0.134075;11.741.165
0.287304;0.114922;11.386.824
0.248997;0.105345;10.658.986
0.229843;0.114922;8.877.700
0.220267;0.124498;8.283.937
0.229843;0.124498;8.207.323
0.239420;0.153229;9.251.195
0.248997;0.153229;10.170.568
0.277727;0.124498;11.003.751
0.287304;0.105345;11.741.165
0.268151;0.134075;11.415.554
0.258574;0.143652;10.697.293
0.229843;0.124498;9.816.227
0.220267;0.124498;8.370.130
0.201113;0.134075;8.216.900
0.229843;0.134075;8.552.089
0.239420;0.105345;10.132.261
0.277727;0.124498;10.984.597
0.277727;0.143652;11.530.476
0.287304;0.114922;11.415.554
0.268151;0.105345;10.726.024
0.220267;0.114922;9.864.111
0.229843;0.105345;9.002.198
0.201113;0.114922;8.236.053
0.220267;0.114922;8.532.935
0.248997;0.124498;9.184.157
0.287304;0.114922;10.879.252
0.277727;0.124498;11.501.745
0.296881;0.095768;11.702.858
0.268151;0.134075;11.434.708
0.229843;0.114922;9.911.995
0.239420;0.105345;9.059.659
0.201113;0.114922;8.437.167
0.201113;0.134075;8.513.782
0.239420;0.124498;9.165.004
0.229843;0.105345;10.017.340
0.277727;0.124498;11.463.438
0.287304;0.134075;11.635.820
0.268151;0.143652;11.425.131
0.277727;0.124498;10.812.215
0.239420;0.124498;9.097.966
0.220267;0.134075;8.475.474
0.220267;0.114922;8.283.937
0.248997;0.124498;9.126.697
0.268151;0.114922;9.921.572
0.258574;0.143652;10.773.908
0.268151;0.134075;11.415.554
0.277727;0.124498;11.444.284
0.287304;0.124498;10.821.792
0.248997;0.114922;9.979.033
0.220267;0.124498;8.532.935
0.220267;0.124498;8.312.668
0.210690;0.124498;8.494.628
0.248997;0.134075;9.902.418
0.258574;0.105345;10.735.600
0.277727;0.124498;11.358.093
0.268151;0.134075;11.635.820
0.258574;0.143652;10.850.522
0.239420;0.124498;10.055.647
0.248997;0.105345;9.212.888
0.229843;0.134075;8.322.245
0.229843;0.153229;8.485.051
0.239420;0.114922;9.030.929
0.268151;0.134075;10.668.563
0.287304;0.114922;11.329.363
0.287304;0.143652;11.607.090
0.277727;0.143652;11.482.592
0.239420;0.124498;10.093.954
0.220267;0.114922;9.260.772
0.220267;0.124498;8.609.550
0.220267;0.134075;8.485.051
0.229843;0.134075;9.011.775
0.258574;0.143652;9.797.073
0.258574;0.124498;11.281.479
0.287304;0.124498;11.578.360
0.268151;0.124498;11.444.284
0.248997;0.114922;10.917.560
0.220267;0.134075;9.318.233
0.229843;0.114922;8.657.434
0.239420;0.153229;8.992.621
0.258574;0.124498;9.768.343
0.248997;0.105345;10.582.372
0.277727;0.105345;11.243.171
0.287304;0.124498;11.473.015
0.258574;0.143652;10.975.020
0.239420;0.134075;10.189.722
0.210690;0.134075;8.724.471
0.229843;0.134075;8.456.321
0.248997;0.114922;9.701.305
0.258574;0.114922;10.524.911
0.268151;0.124498;11.195.287
0.287304;0.134075;11.540.052
0.258574;0.105345;10.984.597
0.258574;0.124498;10.218.452
0.220267;0.134075;9.423.578
0.220267;0.114922;8.408.437
0.220267;0.124498;8.475.474
0.220267;0.114922;8.954.314
0.268151;0.114922;9.653.421
0.268151;0.153229;11.147.403
0.277727;0.124498;11.492.168
0.287304;0.153229;11.434.708
0.248997;0.143652;10.247.183
0.248997;0.124498;9.490.616
0.239420;0.124498;8.829.816
0.210690;0.124498;8.465.898
0.229843;0.124498;8.916.007
0.248997;0.114922;9.624.691
0.258574;0.134075;10.419.566
0.277727;0.114922;11.482.592
0.287304;0.134075;11.453.861
0.268151;0.162806;11.032.481
0.229843;0.134075;9.538.500
0.239420;0.153229;8.829.816
0.201113;0.124498;8.456.321
0.229843;0.114922;8.494.628
0.248997;0.124498;9.567.230
0.248997;0.124498;10.362.105
0.296881;0.114922;11.051.635
0.277727;0.134075;11.463.438
0.277727;0.143652;11.061.212
0.258574;0.124498;10.352.529
0.229843;0.095768;8.906.430
0.229843;0.124498;8.494.628
0.229843;0.134075;8.485.051
0.210690;0.114922;8.848.969
0.268151;0.143652;10.304.645
0.248997;0.124498;11.022.904
0.258574;0.153229;11.405.977
0.268151;0.134075;11.070.788
0.258574;0.134075;10.400.413
0.268151;0.134075;9.634.268
0.220267;0.105345;8.513.782
0.220267;0.105345;8.494.628
0.239420;0.124498;8.848.969
0.248997;0.124498;9.500.193
0.296881;0.134075;10.975.020
0.268151;0.124498;11.377.247
0.287304;0.153229;11.415.554
0.239420;0.124498;10.429.143
0.248997;0.105345;9.682.152
0.229843;0.124498;9.002.198
0.239420;0.124498;8.485.051
0.229843;0.134075;8.848.969
0.239420;0.124498;9.471.462
0.248997;0.124498;10.237.606
0.277727;0.124498;11.348.516
0.268151;0.114922;11.415.554
0.277727;0.105345;11.109.096
0.239420;0.124498;9.730.036
0.229843;0.114922;9.040.505
0.220267;0.114922;8.599.973
0.220267;0.114922;8.532.935
0.248997;0.124498;9.423.578
0.277727;0.134075;10.170.568
0.258574;0.124498;10.888.829
0.277727;0.114922;11.425.131
0.268151;0.105345;11.147.403
0.248997;0.114922;10.515.334
0.239420;0.143652;9.078.813
0.220267;0.114922;8.619.126
0.229843;0.143652;8.523.358
0.229843;0.114922;8.829.816
0.258574;0.105345;10.132.261
0.268151;0.134075;10.831.368
0.277727;0.114922;11.319.786
0.248997;0.124498;11.118.672
0.258574;0.114922;10.563.218
0.229843;0.124498;9.835.381
0.239420;0.114922;9.117.120
0.229843;0.124498;8.542.512
0.229843;0.124498;8.820.239
0.239420;0.114922;9.346.964
0.258574;0.114922;10.773.908
0.258574;0.105345;11.262.324
0.277727;0.134075;11.386.824
0.268151;0.143652;10.611.102
0.258574;0.114922;9.854.534
0.239420;0.114922;9.203.311
0.220267;0.114922;8.542.512
0.239420;0.124498;8.781.932
0.229843;0.134075;9.337.387
0.258574;0.134075;10.036.493
0.277727;0.124498;11.243.171
0.287304;0.114922;11.367.670
0.277727;0.105345;11.156.980
0.268151;0.124498;10.639.832
0.220267;0.124498;9.222.465
0.229843;0.124498;8.714.894
0.229843;0.095768;8.561.666
0.239420;0.114922;9.308.656
0.268151;0.114922;9.988.609
0.268151;0.134075;10.697.293
0.277727;0.105345;11.367.670
0.287304;0.124498;11.147.403
0.268151;0.124498;10.668.563
0.258574;0.105345;9.959.879
0.220267;0.114922;8.762.778
0.210690;0.134075;8.609.550
0.239420;0.143652;8.753.201
0.248997;0.124498;9.959.879
0.248997;0.124498;10.630.256
0.277727;0.134075;11.137.826
0.248997;0.114922;11.166.556
0.239420;0.143652;10.639.832
0.258574;0.124498;9.979.033
0.229843;0.124498;9.318.233
0.220267;0.124498;8.590.396
0.220267;0.153229;8.781.932
0.239420;0.105345;9.241.618
0.258574;0.124498;10.611.102
0.277727;0.143652;11.109.096
0.277727;0.124498;11.348.516
0.258574;0.124498;11.185.710
0.258574;0.114922;10.046.070
0.248997;0.124498;9.346.964
0.220267;0.095768;8.619.126
0.220267;0.124498;8.772.355
0.239420;0.124498;9.212.888
0.248997;0.114922;9.854.534
0.248997;0.105345;11.109.096
0.268151;0.114922;11.300.632
0.268151;0.134075;11.185.710
0.258574;0.143652;10.716.447
0.248997;0.124498;9.385.271
0.229843;0.124498;8.848.969
0.210690;0.134075;8.638.280
0.258574;0.143652;9.212.888
0.248997;0.124498;9.835.381
0.268151;0.114922;10.515.334
0.268151;0.105345;11.022.904
0.287304;0.134075;11.195.287
0.258574;0.134075;10.783.484
0.258574;0.124498;10.113.108
0.229843;0.143652;8.896.853
0.220267;0.105345;8.628.703
0.239420;0.114922;8.772.355
0.239420;0.095768;9.806.650
0.268151;0.114922;10.477.027
0.258574;0.114922;10.994.174
0.268151;0.105345;11.271.901
0.268151;0.124498;10.793.061
0.248997;0.124498;10.141.838
0.239420;0.143652;9.500.193
0.210690;0.114922;8.695.741
0.220267;0.143652;8.724.471
0.220267;0.124498;9.145.850
0.248997;0.114922;10.457.873
0.268151;0.134075;10.994.174
0.248997;0.134075;11.243.171
0.277727;0.114922;11.185.710
0.220267;0.114922;10.180.145
0.220267;0.124498;9.548.077
0.229843;0.124498;9.011.775
0.229843;0.124498;8.772.355
0.248997;0.124498;9.126.697
0.258574;0.105345;9.739.613
0.277727;0.134075;10.917.560
0.268151;0.124498;11.233.594
0.287304;0.143652;11.176.133
0.258574;0.143652;10.228.029
0.268151;0.124498;9.586.384
0.210690;0.114922;9.011.775
0.239420;0.114922;8.724.471
0.239420;0.124498;9.107.543
0.248997;0.124498;9.730.036
0.248997;0.114922;10.352.529
0.268151;0.134075;10.907.983
0.277727;0.143652;11.195.287
0.268151;0.095768;10.840.945
0.258574;0.134075;10.266.336
0.239420;0.124498;9.059.659
0.210690;0.134075;8.724.471
0.229843;0.124498;8.753.201
0.258574;0.105345;9.662.998
0.258574;0.143652;10.304.645
0.258574;0.124498;10.888.829
0.258574;0.143652;11.176.133
0.268151;0.114922;10.850.522
0.248997;0.105345;10.295.067
0.239420;0.105345;9.624.691
0.229843;0.134075;8.753.201
0.220267;0.105345;8.772.355
0.220267;0.105345;9.097.966
0.258574;0.124498;9.634.268
0.277727;0.134075;10.840.945
0.287304;0.124498;11.156.980
0.277727;0.134075;11.195.287
0.258574;0.114922;10.314.221
0.220267;0.114922;9.691.729
0.229843;0.114922;9.117.120
0.210690;0.114922;8.762.778
0.239420;0.105345;9.078.813
0.248997;0.105345;9.595.961
0.258574;0.114922;10.247.183
0.277727;0.134075;11.147.403
0.287304;0.105345;11.166.556
0.268151;0.124498;10.869.676
0.239420;0.105345;9.710.882
0.229843;0.124498;9.174.581
0.220267;0.124498;8.839.393
0.210690;0.105345;8.753.201
0.258574;0.134075;9.576.807
0.239420;0.124498;10.189.722
0.277727;0.153229;10.764.331
0.268151;0.124498;11.166.556
0.277727;0.143652;10.917.560
0.258574;0.134075;10.419.566
0.239420;0.124498;9.165.004
0.220267;0.134075;8.839.393
0.229843;0.124498;8.791.509
0.239420;0.095768;9.528.923
0.268151;0.105345;10.132.261
0.287304;0.114922;10.706.870
0.248997;0.124498;11.080.365
0.258574;0.134075;10.907.983
0.248997;0.105345;10.409.989
0.248997;0.114922;9.787.497
0.248997;0.105345;8.877.700
0.239420;0.114922;8.791.509
0.239420;0.114922;9.030.929
0.239420;0.124498;9.519.346
0.258574;0.124498;10.678.140
0.248997;0.124498;11.051.635
0.258574;0.105345;11.137.826
0.268151;0.114922;10.467.450
0.239420;0.143652;9.835.381
0.210690;0.134075;9.299.079
0.229843;0.124498;8.906.430
0.239420;0.134075;8.992.621
0.229843;0.124498;9.461.885
0.258574;0.124498;10.084.377
0.287304;0.143652;11.042.058
0.277727;0.124498;11.147.403
0.258574;0.134075;10.917.560
0.229843;0.134075;9.854.534
0.229843;0.124498;9.308.656
0.229843;0.124498;8.925.584
0.229843;0.095768;8.820.239
0.229843;0.114922;9.471.462
0.258574;0.143652;10.036.493
0.239420;0.134075;10.601.525
0.268151;0.114922;11.118.672
0.268151;0.134075;10.936.713
0.268151;0.134075;10.505.757
0.229843;0.124498;9.366.117
0.229843;0.124498;8.944.737
0.229843;0.162806;8.829.816
0.229843;0.134075;8.992.621
0.258574;0.114922;10.017.340
0.248997;0.124498;10.582.372
0.258574;0.114922;10.994.174
0.268151;0.143652;10.946.290
0.248997;0.124498;10.515.334
0.239420;0.134075;9.969.456
0.201113;0.114922;8.983.045
0.229843;0.095768;8.858.546
0.220267;0.134075;8.983.045
0.239420;0.105345;9.385.271
0.268151;0.105345;10.534.488
0.258574;0.105345;10.936.713
0.268151;0.124498;11.109.096
0.258574;0.143652;10.553.641
0.258574;0.124498;9.950.302
0.239420;0.105345;9.433.155
0.239420;0.124498;9.011.775
0.229843;0.114922;9.011.775
0.248997;0.124498;9.385.271
0.229843;0.124498;9.950.302
0.258574;0.143652;10.936.713
0.268151;0.124498;11.099.519
0.277727;0.114922;10.965.444
0.239420;0.143652;10.017.340
0.229843;0.124498;9.461.885
0.248997;0.153229;9.021.352
0.220267;0.134075;8.858.546
0.239420;0.114922;9.346.964
0.248997;0.134075;9.911.995
0.258574;0.114922;10.457.873
0.277727;0.124498;11.061.212
0.258574;0.143652;10.946.290
0.248997;0.105345;10.572.795
0.258574;0.105345;10.055.647
0.220267;0.124498;9.040.505
0.239420;0.095768;8.868.123
0.229843;0.124498;8.963.891
0.248997;0.124498;9.854.534
0.258574;0.114922;10.419.566
0.268151;0.114922;10.860.099
0.277727;0.114922;10.955.867
0.258574;0.114922;10.611.102
0.258574;0.153229;10.084.377
0.248997;0.134075;9.519.346
0.220267;0.134075;8.887.277
0.229843;0.105345;8.983.045
0.239420;0.124498;9.327.810
0.258574;0.105345;10.371.682
0.258574;0.134075;10.812.215
0.296881;0.143652;11.070.788
0.258574;0.095768;10.649.409
0.248997;0.124498;10.113.108
0.248997;0.124498;9.567.230
0.239420;0.134075;9.117.120
0.239420;0.124498;8.973.468
0.229843;0.114922;9.308.656
0.239420;0.114922;9.806.650
0.258574;0.114922;10.821.792
0.277727;0.114922;11.022.904
0.258574;0.124498;10.955.867
0.277727;0.134075;10.639.832
0.239420;0.134075;9.586.384
0.248997;0.124498;9.174.581
0.239420;0.124498;8.935.161
0.229843;0.124498;9.308.656
0.248997;0.124498;9.787.497
0.277727;0.124498;10.323.798
0.268151;0.105345;11.013.328
0.248997;0.114922;10.965.444
0.268151;0.114922;10.658.986
0.277727;0.114922;10.180.145
0.229843;0.114922;9.174.581
0.220267;0.114922;8.963.891
0.239420;0.124498;8.992.621
0.239420;0.124498;9.720.459
0.258574;0.114922;10.295.067
0.268151;0.114922;10.764.331
0.258574;0.134075;10.994.174
0.258574;0.124498;10.668.563
0.248997;0.114922;10.199.299
0.239420;0.095768;9.662.998
0.229843;0.143652;8.983.045
0.239420;0.124498;9.232.041
0.239420;0.124498;10.228.029
0.258574;0.114922;10.706.870
0.268151;0.114922;10.975.020
0.268151;0.114922;10.955.867
0.268151;0.124498;10.237.606
0.229843;0.124498;9.701.305
0.229843;0.114922;9.260.772
0.229843;0.124498;8.954.314
0.239420;0.134075;9.232.041
0.248997;0.134075;9.710.882
0.258574;0.124498;10.668.563
0.268151;0.124498;10.955.867
0.248997;0.114922;10.936.713
0.277727;0.105345;10.726.024
0.258574;0.105345;9.749.189
0.239420;0.143652;9.289.502
0.220267;0.134075;9.021.352
0.258574;0.114922;9.222.465
0.258574;0.124498;9.662.998
0.258574;0.114922;10.170.568
0.248997;0.114922;10.678.140
0.258574;0.095768;10.946.290
0.258574;0.124498;10.716.447
0.258574;0.143652;10.285.490
0.220267;0.114922;9.327.810
0.229843;0.134075;9.030.929
0.239420;0.124498;8.992.621
0.248997;0.134075;9.643.845
0.239420;0.105345;10.170.568
0.268151;0.134075;10.601.525
0.268151;0.134075;10.907.983
0.268151;0.114922;10.716.447
0.258574;0.114922;10.304.645
0.248997;0.124498;9.797.073
0.229843;0.124498;9.030.929
0.248997;0.134075;9.002.198
0.248997;0.134075;9.193.734
0.268151;0.105345;10.122.684
0.258574;0.114922;10.591.949
0.277727;0.134075;10.888.829
0.258574;0.124498;10.955.867
0.268151;0.114922;10.314.221
0.229843;0.114922;9.835.381
0.239420;0.105345;9.375.694
0.239420;0.105345;9.011.775
0.229843;0.134075;9.203.311
0.239420;0.124498;9.595.961
0.268151;0.124498;10.572.795
0.268151;0.134075;10.850.522
0.277727;0.124498;10.917.560
0.268151;0.124498;10.754.754
0.239420;0.114922;9.873.688
0.229843;0.134075;9.394.848
0.239420;0.124498;9.078.813
0.229843;0.114922;9.203.311
0.239420;0.114922;9.557.653
0.258574;0.143652;10.046.070
0.277727;0.114922;10.534.488
0.248997;0.143652;10.936.713
0.268151;0.114922;10.754.754
0.248997;0.134075;10.371.682
0.239420;0.105345;9.414.001
0.239420;0.124498;9.126.697
0.229843;0.124498;9.040.505
0.229843;0.105345;9.567.230
0.248997;0.134075;10.036.493
0.239420;0.124498;10.467.450
0.268151;0.124498;10.812.215
0.268151;0.134075;10.735.600
0.248997;0.134075;10.409.989
0.239420;0.114922;9.921.572
0.229843;0.114922;9.136.273
0.239420;0.114922;9.030.929
0.229843;0.114922;9.126.697
0.248997;0.143652;9.528.923
0.268151;0.124498;10.457.873
0.248997;0.153229;10.783.484
0.258574;0.105345;10.907.983
0.268151;0.124498;10.438.720
0.258574;0.114922;9.940.725
0.248997;0.124498;9.500.193
0.239420;0.114922;9.040.505
0.229843;0.114922;9.184.157
0.248997;0.124498;9.490.616
0.239420;0.114922;9.969.456
0.268151;0.105345;10.773.908
0.258574;0.134075;10.898.406
0.277727;0.124498;10.773.908
0.258574;0.134075;9.988.609
0.239420;0.124498;9.509.769
0.229843;0.124498;9.145.850
0.239420;0.134075;9.050.082
0.248997;0.105345;9.490.616
0.229843;0.114922;9.950.302
0.239420;0.124498;10.390.836
0.268151;0.114922;10.860.099
0.268151;0.143652;10.783.484
0.258574;0.114922;10.477.027
0.248997;0.114922;9.548.077
0.229843;0.114922;9.222.465
0.201113;0.114922;9.059.659
0.239420;0.105345;9.174.581
0.248997;0.134075;9.902.418
0.258574;0.114922;10.381.259
0.268151;0.143652;10.716.447
0.268151;0.105345;10.773.908
0.248997;0.114922;10.477.027
0.258574;0.114922;10.036.493
0.239420;0.114922;9.232.041
0.239420;0.134075;9.069.236
0.229843;0.134075;9.155.427
0.239420;0.124498;9.452.309
0.277727;0.124498;10.314.221
0.268151;0.124498;10.706.870
0.268151;0.105345;10.879.252
0.258574;0.114922;10.486.604
0.268151;0.124498;10.065.224
0.248997;0.143652;9.586.384
0.220267;0.134075;9.088.389
0.239420;0.114922;9.155.427
0.229843;0.124498;9.471.462
0.268151;0.124498;9.864.111
0.277727;0.124498;10.678.140
0.258574;0.114922;10.869.676
0.258574;0.114922;10.773.908
0.248997;0.114922;10.093.954
0.248997;0.105345;9.653.421
0.239420;0.143652;9.299.079
0.229843;0.105345;9.117.120
0.248997;0.143652;9.414.001
0.239420;0.105345;9.844.957
0.239420;0.134075;10.275.913
0.258574;0.134075;10.821.792
0.258574;0.114922;10.783.484
0.248997;0.124498;10.534.488
0.248997;0.114922;9.672.575
0.220267;0.143652;9.318.233
0.239420;0.114922;9.126.697
0.239420;0.134075;9.404.425
0.258574;0.114922;9.825.804
0.258574;0.124498;10.266.336
0.268151;0.124498;10.611.102
0.258574;0.134075;10.773.908
0.248997;0.124498;10.544.065
0.248997;0.105345;10.141.838
0.239420;0.134075;9.710.882
0.229843;0.105345;9.155.427
0.229843;0.143652;9.155.427
0.229843;0.124498;9.414.001
0.258574;0.124498;10.228.029
0.268151;0.114922;10.611.102
0.239420;0.134075;10.802.638
0.248997;0.124498;10.572.795
0.268151;0.134075;10.132.261
0.239420;0.124498;9.710.882
0.229843;0.105345;9.356.541
0.239420;0.134075;9.174.581
0.229843;0.143652;9.385.271
0.248997;0.134075;9.787.497
0.258574;0.162806;10.553.641
0.239420;0.153229;10.802.638
0.277727;0.124498;10.793.061
0.277727;0.134075;10.553.641
0.248997;0.105345;9.758.766
0.258574;0.124498;9.366.117
0.239420;0.114922;9.155.427
0.239420;0.114922;9.375.694
0.239420;0.124498;9.730.036
0.258574;0.153229;10.160.992
0.277727;0.124498;10.764.331
0.268151;0.124498;10.783.484
0.239420;0.105345;10.553.641
0.268151;0.124498;10.189.722
0.248997;0.105345;9.404.425
0.248997;0.114922;9.155.427
0.248997;0.134075;9.366.117
0.239420;0.105345;9.720.459
0.229843;0.124498;10.160.992
0.287304;0.124498;10.553.641
0.277727;0.134075;10.754.754
0.248997;0.134075;10.572.795
0.239420;0.143652;10.237.606
0.220267;0.124498;9.433.155
0.239420;0.114922;9.203.311
0.229843;0.124498;9.184.157
0.229843;0.124498;9.356.541
0.268151;0.086191;10.122.684
0.258574;0.134075;10.486.604
0.277727;0.124498;10.726.024
0.277727;0.134075;10.773.908
0.258574;0.105345;10.256.760
0.248997;0.124498;9.835.381
0.248997;0.105345;9.461.885
0.239420;0.105345;9.174.581
0.258574;0.134075;9.346.964
0.248997;0.124498;9.710.882
0.258574;0.114922;10.457.873
0.287304;0.114922;10.735.600
0.258574;0.105345;10.773.908
0.277727;0.143652;10.591.949
0.258574;0.114922;9.883.265
0.258574;0.105345;9.471.462
0.229843;0.134075;9.222.465
0.239420;0.114922;9.327.810
0.248997;0.124498;9.672.575
0.258574;0.105345;10.084.377
0.268151;0.124498;10.706.870
0.287304;0.134075;10.764.331
0.258574;0.124498;10.591.949
0.229843;0.114922;9.864.111
0.239420;0.105345;9.509.769
0.248997;0.114922;9.241.618
0.248997;0.134075;9.165.004
0.248997;0.143652;9.653.421
0.258574;0.124498;10.036.493
0.248997;0.124498;10.409.989
0.277727;0.134075;10.668.563
0.239420;0.124498;10.601.525
0.239420;0.143652;10.304.645
0.248997;0.114922;9.911.995
0.229843;0.114922;9.184.157
0.239420;0.134075;9.308.656
0.277727;0.124498;10.017.340
0.258574;0.124498;10.400.413
0.239420;0.124498;10.668.563
0.229843;0.124498;10.295.067
0.248997;0.105345;9.940.725
0.248997;0.124498;9.538.500
0.248997;0.105345;9.174.581
0.239420;0.114922;9.308.656
0.239420;0.143652;9.615.114
0.239420;0.114922;10.381.259
0.268151;0.124498;10.658.986
0.268151;0.124498;10.745.177
0.258574;0.134075;10.611.102
0.258574;0.143652;9.988.609
0.220267;0.134075;9.586.384
0.220267;0.124498;9.289.502
0.248997;0.124498;9.327.810
0.248997;0.124498;9.615.114
0.248997;0.124498;9.969.456
0.258574;0.153229;10.333.375
0.258574;0.143652;10.735.600
0.248997;0.114922;10.630.256
0.248997;0.134075;10.352.529
0.239420;0.105345;9.595.961
0.220267;0.124498;9.299.079
0.239420;0.124498;9.212.888
0.229843;0.124498;9.586.384
0.239420;0.105345;9.959.879
0.258574;0.153229;10.314.221
0.248997;0.114922;10.591.949
0.268151;0.124498;10.611.102
0.248997;0.105345;10.371.682
0.258574;0.134075;10.017.340
0.239420;0.114922;9.327.810
0.229843;0.105345;9.241.618
0.229843;0.124498;9.308.656
0.258574;0.105345;9.921.572
0.268151;0.143652;10.304.645
0.258574;0.095768;10.582.372
0.248997;0.143652;10.716.447
0.248997;0.134075;10.362.105
0.248997;0.114922;9.998.186
0.248997;0.124498;9.634.268
0.239420;0.134075;9.232.041
0.248997;0.114922;9.318.233
0.258574;0.114922;9.557.653
0.248997;0.105345;9.883.265
0.268151;0.143652;10.572.795
0.268151;0.134075;10.716.447
0.239420;0.134075;10.371.682
0.248997;0.105345;10.017.340
0.239420;0.124498;9.691.729
0.220267;0.124498;9.385.271
0.239420;0.124498;9.308.656
0.239420;0.124498;9.548.077
0.277727;0.105345;9.902.418
0.268151;0.124498;10.247.183
0.248997;0.114922;10.697.293
0.248997;0.134075;10.639.832
0.258574;0.114922;10.419.566
0.239420;0.114922;9.691.729
0.248997;0.114922;9.414.001
0.220267;0.124498;9.270.349
0.239420;0.124498;9.318.233
0.239420;0.114922;9.902.418
0.258574;0.134075;10.228.029
0.258574;0.134075;10.524.911
0.258574;0.124498;10.639.832
0.248997;0.114922;10.409.989
0.239420;0.105345;10.093.954
0.239420;0.134075;9.433.155
0.239420;0.114922;9.270.349
0.239420;0.124498;9.299.079
0.239420;0.143652;9.509.769
0.258574;0.114922;10.189.722
0.258574;0.114922;10.505.757
0.258574;0.114922;10.658.986
0.239420;0.114922;10.419.566
0.248997;0.114922;10.093.954
0.248997;0.114922;9.768.343
0.239420;0.124498;9.433.155
0.229843;0.134075;9.308.656
0.239420;0.143652;9.519.346
0.239420;0.124498;9.806.650
0.229843;0.124498;10.486.604
0.277727;0.124498;10.668.563
0.268151;0.114922;10.630.256
0.239420;0.143652;10.122.684
0.239420;0.143652;9.787.497
0.248997;0.143652;9.452.309
0.248997;0.134075;9.318.233
0.239420;0.124498;9.490.616
0.239420;0.124498;9.825.804
0.277727;0.124498;10.132.261
0.268151;0.114922;10.658.986
0.268151;0.143652;10.630.256
0.258574;0.105345;10.448.297
0.258574;0.124498;9.787.497
0.239420;0.143652;9.500.193
0.229843;0.143652;9.337.387
0.220267;0.124498;9.327.810
0.248997;0.114922;9.758.766
0.268151;0.114922;10.132.261
0.258574;0.095768;10.467.450
0.287304;0.153229;10.620.679
0.268151;0.143652;10.467.450
0.268151;0.143652;10.141.838
0.248997;0.114922;9.797.073
0.239420;0.124498;9.337.387
0.239420;0.105345;9.308.656
0.239420;0.134075;9.481.039
0.258574;0.124498;10.132.261
0.248997;0.124498;10.429.143
0.268151;0.124498;10.601.525
0.277727;0.114922;10.457.873
0.248997;0.105345;10.160.992
0.239420;0.134075;9.835.381
0.248997;0.105345;9.519.346
0.239420;0.124498;9.327.810
0.239420;0.114922;9.500.193
0.229843;0.134075;9.739.613
0.248997;0.114922;10.409.989
0.258574;0.124498;10.591.949
0.277727;0.114922;10.601.525
0.248997;0.143652;10.199.299
0.248997;0.114922;9.864.111
0.239420;0.124498;9.528.923
0.248997;0.124498;9.356.541
0.239420;0.143652;9.471.462
0.258574;0.114922;9.720.459
0.248997;0.114922;10.084.377
0.248997;0.124498;10.591.949
0.258574;0.124498;10.620.679
0.258574;0.114922;10.448.297
0.277727;0.134075;10.218.452
0.220267;0.124498;9.528.923
0.229843;0.114922;9.366.117
0.229843;0.143652;9.337.387
0.239420;0.124498;9.720.459
0.229843;0.114922;10.046.070
0.268151;0.134075;10.362.105
0.277727;0.114922;10.630.256
0.239420;0.105345;10.496.181
0.248997;0.134075;10.218.452
0.239420;0.124498;9.921.572
0.239420;0.105345;9.375.694
0.239420;0.134075;9.337.387
0.248997;0.114922;9.461.885
0.248997;0.124498;10.046.070
0.258574;0.134075;10.333.375
0.248997;0.124498;10.563.218
0.229843;0.095768;10.515.334
0.248997;0.124498;10.218.452
0.248997;0.105345;9.902.418
0.248997;0.134075;9.595.961
0.239420;0.124498;9.327.810
0.248997;0.134075;9.471.462
0.239420;0.105345;9.701.305
0.258574;0.124498;10.304.645
0.268151;0.134075;10.515.334
0.258574;0.114922;10.601.525
0.248997;0.153229;10.544.065
0.239420;0.134075;9.940.725
0.229843;0.105345;9.634.268
0.239420;0.134075;9.385.271
0.248997;0.143652;9.414.001
0.248997;0.114922;9.662.998
0.258574;0.124498;9.998.186
0.258574;0.124498;10.505.757
0.268151;0.124498;10.591.949
0.258574;0.134075;10.477.027
0.248997;0.124498;10.275.913
0.258574;0.124498;9.615.114
0.248997;0.124498;9.442.732
0.239420;0.105345;9.356.541
0.248997;0.124498;9.662.998
0.258574;0.124498;9.979.033
0.258574;0.095768;10.247.183
0.248997;0.124498;10.496.181
0.268151;0.134075;10.515.334
0.258574;0.114922;10.266.336
0.248997;0.143652;9.988.609
0.220267;0.124498;9.452.309
0.239420;0.134075;9.346.964
0.220267;0.143652;9.433.155
0.248997;0.124498;9.921.572
0.258574;0.162806;10.266.336
0.258574;0.114922;10.467.450
0.258574;0.095768;10.582.372
0.258574;0.114922;10.285.490
0.258574;0.124498;10.007.763
0.248997;0.134075;9.710.882
0.220267;0.114922;9.385.271
0.229843;0.134075;9.423.578
0.239420;0.105345;9.624.691
0.248997;0.114922;10.218.452
0.258574;0.124498;10.467.450
0.268151;0.124498;10.553.641
0.248997;0.114922;10.544.065
0.248997;0.124498;9.998.186
0.258574;0.114922;9.691.729
0.229843;0.124498;9.471.462
0.239420;0.134075;9.433.155
0.239420;0.114922;9.653.421
0.239420;0.124498;9.902.418
0.268151;0.124498;10.477.027
0.248997;0.105345;10.563.218
0.258574;0.124498;10.524.911
0.248997;0.143652;10.304.645
0.258574;0.114922;9.710.882
0.220267;0.134075;9.471.462
0.239420;0.134075;9.385.271
0.229843;0.114922;9.605.537
0.248997;0.124498;9.921.572
0.239420;0.105345;10.208.876
0.258574;0.114922;10.448.297
0.258574;0.114922;10.524.911
0.258574;0.124498;10.333.375
0.248997;0.124498;10.026.917
0.229843;0.105345;9.509.769
0.248997;0.105345;9.385.271
0.229843;0.105345;9.433.155
0.258574;0.134075;9.911.995
0.248997;0.124498;10.180.145
0.258574;0.124498;10.429.143
0.258574;0.114922;10.534.488
0.258574;0.114922;10.314.221
0.239420;0.105345;10.046.070
0.248997;0.134075;9.768.343
0.258574;0.114922;9.375.694
0.239420;0.124498;9.423.578
0.248997;0.124498;9.605.537
0.258574;0.124498;9.883.265
0.248997;0.124498;10.390.836
0.268151;0.134075;10.553.641
0.258574;0.134075;10.505.757
0.248997;0.095768;10.084.377
0.229843;0.124498;9.787.497
0.248997;0.134075;9.538.500
0.229843;0.114922;9.404.425
0.239420;0.143652;9.605.537
0.248997;0.086191;9.873.688
0.248997;0.124498;10.151.415
0.268151;0.124498;10.524.911
0.268151;0.114922;10.486.604
0.239420;0.114922;10.371.682
0.248997;0.114922;9.806.650
0.229843;0.114922;9.557.653
0.220267;0.114922;9.404.425
0.229843;0.143652;9.414.001
0.248997;0.143652;9.835.381
0.248997;0.162806;10.113.108
0.248997;0.114922;10.515.334
0.268151;0.114922;10.515.334
0.258574;0.124498;10.362.105
0.268151;0.124498;10.103.531
0.229843;0.124498;9.595.961
0.258574;0.124498;9.414.001
0.229843;0.124498;9.452.309
0.248997;0.105345;9.586.384
0.268151;0.124498;10.103.531
0.258574;0.124498;10.381.259
0.268151;0.124498;10.467.450
0.258574;0.134075;10.362.105
0.258574;0.124498;10.103.531
0.248997;0.105345;9.844.957
0.220267;0.143652;9.433.155
0.239420;0.134075;9.404.425
0.229843;0.134075;9.557.653
0.239420;0.114922;9.816.227
0.248997;0.134075;10.323.798
0.258574;0.114922;10.486.604
0.258574;0.105345;10.486.604
0.239420;0.124498;10.151.415
0.248997;0.124498;9.844.957
0.239420;0.114922;9.595.961
0.239420;0.134075;9.423.578
0.239420;0.143652;9.567.230
0.229843;0.124498;9.797.073
0.258574;0.143652;10.084.377
0.239420;0.124498;10.486.604
0.248997;0.105345;10.477.027
0.248997;0.124498;10.352.529
0.229843;0.134075;9.864.111
0.248997;0.114922;9.605.537
0.239420;0.114922;9.471.462
0.229843;0.105345;9.538.500
0.258574;0.114922;9.787.497
0.258574;0.143652;10.036.493
0.239420;0.095768;10.323.798
0.248997;0.134075;10.524.911
0.277727;0.114922;10.352.529
0.239420;0.105345;10.151.415
0.258574;0.124498;9.624.691
0.239420;0.124498;9.461.885
0.220267;0.124498;9.433.155
0.229843;0.114922;9.519.346
0.258574;0.114922;10.036.493
0.258574;0.114922;10.275.913
0.258574;0.134075;10.438.720
0.258574;0.134075;10.362.105
0.258574;0.124498;10.189.722
0.268151;0.124498;9.883.265
0.239420;0.134075;9.653.421
0.229843;0.114922;9.442.732
0.229843;0.124498;9.538.500
0.258574;0.114922;9.758.766
0.248997;0.105345;10.266.336
0.268151;0.143652;10.429.143
0.248997;0.124498;10.505.757
0.248997;0.134075;10.170.568
0.268151;0.114922;9.902.418
0.248997;0.124498;9.672.575
0.229843;0.153229;9.452.309
0.248997;0.114922;9.548.077
0.258574;0.114922;9.749.189
0.239420;0.105345;10.017.340
0.258574;0.114922;10.409.989
0.268151;0.143652;10.467.450
0.268151;0.114922;10.409.989
0.258574;0.124498;9.921.572
0.258574;0.124498;9.691.729
0.239420;0.143652;9.490.616
0.239420;0.114922;9.461.885
0.248997;0.124498;9.739.613
0.248997;0.114922;9.998.186
0.248997;0.124498;10.237.606
0.277727;0.114922;10.477.027
0.258574;0.134075;10.400.413
0.239420;0.124498;10.199.299
0.258574;0.134075;9.940.725
0.229843;0.124498;9.509.769
0.239420;0.124498;9.471.462
0.239420;0.114922;9.720.459
0.248997;0.124498;9.988.609
0.248997;0.143652;10.228.029
0.258574;0.114922;10.419.566
0.258574;0.134075;10.371.682
0.248997;0.134075;10.208.876
0.258574;0.124498;9.959.879
0.220267;0.114922;9.691.729
0.258574;0.105345;9.481.039
0.248997;0.124498;9.500.193
0.258574;0.114922;9.710.882
0.258574;0.114922;10.189.722
0.268151;0.153229;10.419.566
0.258574;0.105345;10.448.297
0.258574;0.134075;10.400.413
0.248997;0.134075;9.979.033
0.258574;0.114922;9.720.459
0.239420;0.114922;9.557.653
0.239420;0.134075;9.500.193
0.258574;0.105345;9.691.729
0.239420;0.114922;9.950.302
0.239420;0.124498;10.371.682
0.258574;0.095768;10.448.297
0.268151;0.114922;10.362.105
0.248997;0.134075;10.228.029
0.248997;0.124498;9.720.459
0.220267;0.095768;9.490.616
0.220267;0.095768;9.490.616
0.248997;0.143652;9.710.882
0.258574;0.114922;10.160.992
0.268151;0.124498;10.429.143
0.258574;0.114922;10.400.413
0.258574;0.143652;10.237.606
0.258574;0.124498;10.007.763
0.248997;0.114922;9.490.616
0.229843;0.114922;9.500.193
0.248997;0.105345;9.931.149
0.248997;0.143652;10.180.145
0.268151;0.114922;10.362.105
0.239420;0.143652;10.467.450
0.258574;0.134075;10.256.760
0.239420;0.124498;10.036.493
0.229843;0.114922;9.768.343
0.239420;0.143652;9.509.769
0.248997;0.114922;9.548.077
0.248997;0.114922;9.682.152
0.239420;0.134075;10.151.415
0.248997;0.114922;10.342.952
0.268151;0.114922;10.429.143
0.239420;0.124498;10.247.183
0.229843;0.105345;10.017.340
0.268151;0.114922;9.768.343
0.220267;0.134075;9.605.537
0.258574;0.124498;9.538.500
0.248997;0.114922;9.682.152
0.248997;0.143652;9.873.688
0.258574;0.134075;10.342.952
0.258574;0.124498;10.448.297
0.258574;0.143652;10.390.836
0.248997;0.124498;10.266.336
0.239420;0.114922;9.797.073
0.229843;0.114922;9.615.114
0.248997;0.114922;9.500.193
0.239420;0.114922;9.662.998
0.248997;0.124498;9.873.688
0.277727;0.114922;10.113.108
0.239420;0.114922;10.323.798
0.258574;0.124498;10.419.566
0.268151;0.153229;10.275.913
0.258574;0.134075;10.026.917
0.239420;0.134075;9.595.961
0.239420;0.114922;9.519.346
0.239420;0.124498;9.528.923
0.258574;0.124498;9.892.841
0.248997;0.114922;10.103.531
0.258574;0.114922;10.314.221
0.268151;0.124498;10.419.566
0.268151;0.134075;10.285.490
0.258574;0.134075;10.065.224
0.248997;0.124498;9.835.381
0.229843;0.114922;9.519.346
0.239420;0.134075;9.557.653
0.239420;0.124498;9.653.421
0.248997;0.124498;9.864.111
0.258574;0.124498;10.285.490
0.258574;0.134075;10.390.836
0.258574;0.143652;10.371.682
0.248997;0.134075;10.103.531
0.248997;0.134075;9.844.957
0.248997;0.124498;9.662.998
0.239420;0.105345;9.538.500
0.248997;0.143652;9.643.845
0.248997;0.134075;9.844.957
0.258574;0.105345;10.295.067
0.258574;0.124498;10.400.413
0.248997;0.114922;10.400.413
0.268151;0.124498;10.295.067
0.248997;0.114922;9.873.688
0.239420;0.134075;9.672.575
0.248997;0.095768;9.528.923
0.258574;0.134075;9.624.691
0.248997;0.134075;9.844.957
0.248997;0.124498;10.055.647
0.248997;0.114922;10.266.336
0.248997;0.114922;10.390.836
0.248997;0.105345;10.323.798
0.248997;0.134075;10.113.108
0.239420;0.124498;9.653.421
0.239420;0.124498;9.548.077
0.239420;0.134075;9.528.923
0.220267;0.124498;9.643.845
0.248997;0.124498;10.046.070
0.229843;0.124498;10.266.336
0.258574;0.124498;10.381.259
0.277727;0.134075;10.275.913
0.248997;0.143652;9.902.418
0.258574;0.153229;9.567.230
0.248997;0.114922;9.538.500
0.258574;0.124498;9.615.114
0.258574;0.134075;9.806.650
0.258574;0.134075;10.228.029
0.258574;0.095768;10.371.682
0.248997;0.134075;10.141.838
0.239420;0.134075;9.921.572
0.239420;0.124498;9.691.729
0.239420;0.134075;9.557.653
0.248997;0.143652;9.643.845
0.248997;0.105345;9.797.073
0.229843;0.134075;10.007.763
0.258574;0.105345;10.333.375
0.258574;0.114922;10.390.836
0.248997;0.124498;10.304.645
0.248997;0.114922;9.911.995
0.239420;0.124498;9.730.036
0.248997;0.153229;9.557.653
0.239420;0.114922;9.557.653
0.248997;0.114922;9.806.650
0.258574;0.124498;10.026.917
0.248997;0.124498;10.199.299
0.258574;0.124498;10.362.105
0.277727;0.124498;10.314.221
0.258574;0.124498;10.160.992
0.229843;0.134075;9.720.459
0.239420;0.114922;9.586.384
0.239420;0.134075;9.557.653
0.258574;0.124498;9.998.186
0.239420;0.134075;10.199.299
0.258574;0.124498;10.314.221
0.248997;0.124498;10.323.798
0.258574;0.134075;10.151.415
0.248997;0.143652;9.931.149
0.229843;0.134075;9.567.230
0.248997;0.124498;9.615.114
0.239420;0.114922;9.777.920
0.239420;0.143652;10.170.568
0.258574;0.114922;10.314.221
0.248997;0.124498;10.381.259
0.239420;0.143652;9.969.456
0.248997;0.114922;9.777.920
0.239420;0.134075;9.605.537
0.239420;0.143652;9.615.114
0.258574;0.124498;9.749.189
0.258574;0.143652;9.969.456
0.239420;0.134075;10.304.645
0.258574;0.114922;10.371.682
0.248997;0.134075;10.304.645
0.248997;0.124498;9.959.879
0.248997;0.124498;9.797.073
0.258574;0.114922;9.624.691
0.248997;0.134075;9.557.653
0.248997;0.143652;9.940.725
0.258574;0.105345;10.141.838
0.268151;0.114922;10.362.105
0.277727;0.124498;10.323.798
0.229843;0.105345;10.208.876
0.248997;0.124498;9.758.766
0.248997;0.124498;9.643.845
0.258574;0.134075;9.567.230
0.239420;0.134075;9.605.537
0.239420;0.124498;9.969.456
0.248997;0.124498;10.141.838
0.248997;0.114922;10.285.490
0.248997;0.105345;10.314.221
0.248997;0.114922;10.170.568
0.239420;0.105345;9.988.609
0.239420;0.114922;9.797.073
0.239420;0.143652;9.557.653
0.239420;0.095768;9.615.114
0.248997;0.124498;9.749.189
0.239420;0.134075;10.151.415
0.258574;0.153229;10.285.490
0.258574;0.114922;10.362.105
0.258574;0.114922;10.199.299
0.277727;0.124498;10.017.340
0.248997;0.114922;9.816.227
0.239420;0.124498;9.634.268
0.248997;0.134075;9.615.114
0.258574;0.105345;9.720.459
0.248997;0.114922;9.940.725
0.258574;0.114922;10.275.913
0.268151;0.124498;10.390.836
0.239420;0.143652;10.333.375
0.239420;0.114922;10.026.917
0.258574;0.114922;9.835.381
0.248997;0.114922;9.653.421
0.248997;0.134075;9.586.384
0.268151;0.134075;9.720.459
0.268151;0.124498;9.911.995
0.258574;0.124498;10.132.261
0.248997;0.134075;10.342.952
0.258574;0.143652;10.333.375
0.239420;0.114922;10.218.452
0.258574;0.134075;10.007.763
0.248997;0.124498;9.682.152
0.248997;0.134075;9.595.961
0.229843;0.134075;9.624.691
0.268151;0.105345;9.883.265
0.248997;0.114922;10.103.531
0.239420;0.124498;10.256.760
0.248997;0.124498;10.333.375
0.258574;0.105345;10.208.876
0.229843;0.114922;10.046.070
0.239420;0.134075;9.854.534
0.239420;0.143652;9.576.807
0.239420;0.114922;9.595.961
0.229843;0.114922;9.739.613
0.258574;0.105345;10.084.377
0.268151;0.124498;10.275.913
0.268151;0.114922;10.323.798
0.248997;0.162806;10.314.221
0.258574;0.134075;10.065.224
0.239420;0.134075;9.835.381
0.229843;0.114922;9.672.575
0.248997;0.124498;9.624.691
0.239420;0.124498;9.710.882
0.258574;0.134075;9.883.265
0.258574;0.095768;10.218.452
0.268151;0.134075;10.314.221
0.268151;0.124498;10.304.645
0.258574;0.134075;10.228.029
0.248997;0.124498;9.873.688
0.258574;0.105345;9.701.305
0.229843;0.105345;9.615.114
0.239420;0.124498;9.682.152
0.258574;0.134075;9.883.265
0.268151;0.134075;10.065.224
0.248997;0.114922;10.237.606
0.258574;0.134075;10.314.221
0.248997;0.124498;10.218.452
0.258574;0.114922;10.093.954
0.248997;0.124498;9.710.882
0.258574;0.095768;9.643.845
0.220267;0.124498;9.615.114
0.248997;0.124498;9.873.688
0.258574;0.124498;10.055.647
0.258574;0.114922;10.218.452
0.258574;0.124498;10.295.067
0.258574;0.124498;10.228.029
0.248997;0.134075;10.065.224
0.258574;0.114922;9.911.995
0.258574;0.124498;9.624.691
0.239420;0.105345;9.605.537
0.248997;0.134075;9.701.305
0.268151;0.143652;10.084.377
0.258574;0.134075;10.218.452
0.268151;0.134075;10.304.645
0.248997;0.124498;10.304.645
0.258574;0.124498;10.093.954
0.239420;0.143652;9.873.688
0.248997;0.114922;9.720.459
0.239420;0.114922;9.605.537
0.239420;0.134075;9.682.152
0.229843;0.114922;9.854.534
0.239420;0.134075;10.017.340
0.239420;0.124498;10.295.067
0.248997;0.124498;10.323.798
0.239420;0.134075;10.237.606
0.258574;0.114922;9.921.572
0.248997;0.124498;9.720.459
0.248997;0.105345;9.624.691
0.220267;0.143652;9.691.729
0.248997;0.114922;9.854.534
0.220267;0.086191;10.036.493
0.248997;0.124498;10.266.336
0.248997;0.153229;10.333.375
0.248997;0.124498;10.218.452
0.248997;0.105345;10.084.377
0.239420;0.114922;9.777.920
0.201113;0.114922;9.662.998
0.229843;0.114922;9.615.114
0.248997;0.124498;9.701.305
0.248997;0.124498;10.026.917
0.258574;0.134075;10.160.992
0.248997;0.134075;10.266.336
0.258574;0.143652;10.228.029
0.277727;0.105345;10.093.954
0.248997;0.124498;9.969.456
0.258574;0.134075;9.624.691
0.239420;0.134075;9.615.114
0.220267;0.134075;9.672.575
0.229843;0.124498;9.844.957
0.258574;0.124498;10.160.992
0.229843;0.124498;10.285.490
0.248997;0.124498;10.314.221
0.248997;0.134075;10.122.684
0.258574;0.114922;9.931.149
0.248997;0.143652;9.777.920
0.239420;0.124498;9.682.152
0.248997;0.124498;9.691.729
0.248997;0.124498;9.816.227
0.258574;0.162806;9.950.302
0.268151;0.143652;10.266.336
0.248997;0.105345;10.285.490
0.239420;0.124498;10.132.261
0.239420;0.095768;9.950.302
0.229843;0.114922;9.797.073
0.268151;0.134075;9.682.152
0.258574;0.114922;9.624.691
0.239420;0.114922;9.835.381
0.248997;0.124498;9.959.879
0.258574;0.124498;10.132.261
0.268151;0.105345;10.285.490
0.268151;0.134075;10.266.336
0.239420;0.114922;10.141.838
0.258574;0.153229;9.797.073
0.239420;0.095768;9.672.575
0.229843;0.114922;9.643.845
0.248997;0.143652;9.672.575
0.239420;0.124498;9.969.456
0.268151;0.134075;10.132.261
0.248997;0.114922;10.256.760
0.248997;0.124498;10.266.336
0.239420;0.124498;10.189.722
0.239420;0.124498;9.969.456
0.248997;0.124498;9.682.152
0.248997;0.134075;9.643.845
0.248997;0.124498;9.672.575
0.229843;0.134075;9.825.804
0.248997;0.114922;10.122.684
0.248997;0.114922;10.228.029
0.258574;0.114922;10.256.760
0.258574;0.114922;10.132.261
0.258574;0.124498;10.007.763
0.220267;0.134075;9.835.381
0.248997;0.143652;9.682.152
0.229843;0.114922;9.653.421
0.229843;0.114922;9.806.650
0.258574;0.114922;9.950.302
0.258574;0.114922;10.228.029
0.258574;0.124498;10.275.913
0.248997;0.134075;10.256.760
0.248997;0.114922;10.007.763
0.248997;0.095768;9.835.381
0.239420;0.143652;9.710.882
0.248997;0.134075;9.672.575
0.239420;0.134075;9.768.343
0.258574;0.124498;9.931.149
0.258574;0.105345;10.103.531
0.239420;0.124498;10.275.913
0.248997;0.114922;10.266.336
0.258574;0.134075;10.151.415
0.239420;0.124498;10.036.493
0.258574;0.114922;9.710.882
0.248997;0.124498;9.662.998
0.248997;0.105345;9.701.305
0.248997;0.124498;9.950.302
0.258574;0.143652;10.074.800
0.229843;0.114922;10.199.299
0.229843;0.134075;10.275.913
0.248997;0.124498;10.170.568
0.258574;0.124498;9.998.186
0.248997;0.124498;9.864.111
0.248997;0.124498;9.682.152
0.248997;0.124498;9.672.575
0.248997;0.124498;9.758.766
0.239420;0.114922;10.103.531
0.248997;0.124498;10.208.876
0.258574;0.124498;10.266.336
0.239420;0.124498;10.266.336
0.258574;0.153229;10.007.763
0.248997;0.114922;9.844.957
0.248997;0.114922;9.730.036
0.239420;0.095768;9.672.575
0.239420;0.124498;9.797.073
0.258574;0.105345;9.921.572
0.268151;0.134075;10.208.876
0.248997;0.124498;10.266.336
0.268151;0.105345;10.247.183
0.258574;0.105345;10.170.568
0.248997;0.114922;9.883.265
0.239420;0.124498;9.720.459
0.258574;0.114922;9.662.998
0.220267;0.114922;9.768.343
0.248997;0.124498;9.911.995
0.258574;0.114922;10.055.647
0.258574;0.114922;10.247.183
0.258574;0.134075;10.266.336
0.258574;0.153229;10.180.145
0.248997;0.134075;10.055.647
0.248997;0.114922;9.749.189
0.268151;0.134075;9.691.729
0.258574;0.105345;9.672.575
0.248997;0.134075;9.921.572
0.239420;0.114922;10.046.070
0.248997;0.124498;10.189.722
0.248997;0.124498;10.256.760
0.258574;0.124498;10.189.722
0.248997;0.134075;10.055.647
0.229843;0.114922;9.873.688
0.239420;0.143652;9.672.575
0.239420;0.105345;9.691.729
0.248997;0.105345;9.758.766
0.268151;0.114922;10.026.917
0.258574;0.134075;10.170.568
0.258574;0.114922;10.256.760
0.229843;0.143652;10.189.722
0.239420;0.114922;10.046.070
0.258574;0.134075;9.873.688
0.258574;0.124498;9.787.497
0.248997;0.134075;9.672.575
0.258574;0.124498;9.758.766
0.248997;0.124498;9.873.688
0.248997;0.105345;10.180.145
0.248997;0.124498;10.247.183
0.248997;0.134075;10.275.913
0.258574;0.143652;10.189.722
0.248997;0.143652;9.892.841
0.239420;0.124498;9.768.343
0.248997;0.114922;9.672.575
0.258574;0.124498;9.758.766
0.239420;0.114922;9.902.418
0.258574;0.124498;10.017.340
0.248997;0.114922;10.256.760
0.229843;0.134075;10.256.760
0.258574;0.124498;10.180.145
0.248997;0.143652;10.065.224
0.229843;0.095768;9.777.920
0.258574;0.124498;9.691.729
0.248997;0.114922;9.701.305
0.248997;0.143652;9.883.265
0.248997;0.105345;9.988.609
0.258574;0.105345;10.141.838
0.258574;0.114922;10.237.606
0.268151;0.114922;10.199.299
0.239420;0.153229;10.093.954
0.248997;0.114922;9.931.149
0.258574;0.134075;9.691.729
0.239420;0.105345;9.701.305
0.239420;0.105345;9.739.613
0.239420;0.105345;10.007.763
0.239420;0.134075;10.160.992
0.239420;0.124498;10.199.299
0.268151;0.114922;10.228.029
0.239420;0.134075;10.093.954
0.258574;0.143652;9.921.572
0.239420;0.143652;9.806.650
0.248997;0.134075;9.701.305
0.239420;0.105345;9.758.766
0.239420;0.114922;9.864.111
0.248997;0.105345;10.017.340
0.248997;0.124498;10.247.183
0.258574;0.134075;10.256.760
0.258574;0.124498;10.199.299
0.248997;0.105345;9.950.302
0.248997;0.124498;9.816.227
0.248997;0.134075;9.739.613
0.239420;0.124498;9.749.189
0.258574;0.143652;9.835.381
0.239420;0.134075;9.979.033
0.248997;0.114922;10.132.261
0.268151;0.124498;10.228.029
0.248997;0.124498;10.199.299
0.248997;0.114922;10.113.108
0.248997;0.114922;9.806.650
0.220267;0.124498;9.710.882
0.239420;0.124498;9.691.729
0.248997;0.124498;9.710.882
0.248997;0.114922;9.959.879
0.248997;0.105345;10.093.954
0.258574;0.124498;10.199.299
0.248997;0.124498;10.189.722
0.229843;0.114922;10.103.531
0.258574;0.105345;9.950.302
0.268151;0.114922;9.730.036
0.258574;0.134075;9.701.305
0.229843;0.114922;9.730.036
0.258574;0.134075;9.825.804
0.258574;0.124498;10.113.108
0.239420;0.114922;10.189.722
0.248997;0.105345;10.180.145
0.258574;0.124498;10.113.108
0.248997;0.134075;9.959.879
0.239420;0.114922;9.797.073
0.229843;0.114922;9.691.729
0.239420;0.134075;9.720.459
0.258574;0.134075;9.835.381
0.248997;0.114922;9.950.302
0.258574;0.124498;10.208.876
0.229843;0.143652;10.228.029
0.248997;0.124498;10.170.568
0.248997;0.134075;9.979.033
0.239420;0.134075;9.825.804
0.248997;0.124498;9.739.613
0.239420;0.105345;9.720.459
0.248997;0.134075;9.816.227
0.248997;0.134075;9.969.456
0.239420;0.143652;10.093.954
0.248997;0.105345;10.237.606
0.258574;0.105345;10.199.299
0.248997;0.095768;10.122.684
0.239420;0.114922;9.844.957
0.248997;0.114922;9.730.036
0.239420;0.134075;9.691.729
0.248997;0.124498;9.730.036
0.229843;0.134075;9.950.302
0.239420;0.124498;10.055.647
0.258574;0.124498;10.170.568
0.248997;0.124498;10.199.299
0.248997;0.153229;10.113.108
0.248997;0.105345;9.969.456
0.258574;0.153229;9.777.920
0.258574;0.134075;9.691.729
0.229843;0.114922;9.720.459
0.248997;0.143652;9.806.650
0.258574;0.095768;10.084.377
0.258574;0.114922;10.189.722
0.258574;0.124498;10.247.183
0.248997;0.134075;10.122.684
0.248997;0.114922;9.998.186
0.258574;0.134075;9.873.688
0.258574;0.134075;9.701.305
0.268151;0.134075;9.758.766
0.268151;0.114922;9.816.227
0.268151;0.114922;9.950.302
0.248997;0.124498;10.170.568
0.268151;0.114922;10.228.029
0.268151;0.124498;10.208.876
0.248997;0.105345;9.998.186
0.229843;0.143652;9.883.265
0.248997;0.143652;9.777.920
0.239420;0.124498;9.730.036
0.258574;0.114922;9.806.650
0.239420;0.134075;9.921.572
0.248997;0.114922;10.065.224
0.248997;0.105345;10.189.722
0.239420;0.105345;10.180.145
0.268151;0.114922;10.141.838
0.258574;0.114922;9.864.111
0.239420;0.114922;9.758.766
0.248997;0.134075;9.749.189
0.258574;0.124498;9.730.036
0.258574;0.114922;9.921.572
0.239420;0.105345;10.046.070
0.258574;0.124498;10.151.415
0.258574;0.095768;10.170.568
0.248997;0.105345;10.141.838
0.258574;0.114922;10.017.340
0.258574;0.143652;9.787.497
0.239420;0.114922;9.720.459
0.239420;0.134075;9.710.882
0.239420;0.114922;9.806.650
0.248997;0.124498;10.026.917
0.239420;0.105345;10.141.838
0.258574;0.153229;10.218.452
0.239420;0.124498;10.141.838
0.258574;0.124498;10.017.340
0.248997;0.134075;9.902.418
0.248997;0.124498;9.797.073
0.258574;0.114922;9.768.343
0.258574;0.114922;9.777.920
0.239420;0.114922;9.911.995
0.258574;0.124498;10.151.415
0.258574;0.124498;10.189.722
0.268151;0.105345;10.199.299
0.248997;0.105345;10.141.838
0.239420;0.124498;9.902.418
0.248997;0.124498;9.806.650
0.248997;0.124498;9.787.497
0.248997;0.143652;9.902.418
0.239420;0.124498;10.026.917
0.248997;0.114922;10.199.299
0.258574;0.105345;10.170.568
0.268151;0.124498;10.132.261
0.258574;0.134075;10.036.493
0.239420;0.114922;9.816.227
0.239420;0.124498;9.758.766
0.229843;0.134075;9.720.459
0.248997;0.124498;9.902.418
0.248997;0.124498;10.007.763
0.258574;0.124498;10.132.261
0.248997;0.124498;10.199.299
0.248997;0.124498;10.122.684
0.248997;0.124498;10.046.070
0.229843;0.134075;9.950.302
0.268151;0.114922;9.758.766
0.248997;0.114922;9.730.036
0.239420;0.134075;9.787.497
0.268151;0.124498;9.988.609
0.248997;0.114922;10.132.261
0.268151;0.124498;10.218.452
0.258574;0.124498;10.199.299
0.258574;0.124498;10.046.070
0.239420;0.114922;9.902.418
0.229843;0.143652;9.835.381
0.258574;0.114922;9.749.189
0.239420;0.114922;9.806.650
0.248997;0.124498;9.902.418
0.248997;0.124498;10.084.377
0.268151;0.114922;10.170.568
0.248997;0.143652;10.180.145
0.248997;0.124498;10.170.568
0.258574;0.124498;9.902.418
0.239420;0.124498;9.835.381
0.248997;0.143652;9.749.189
0.248997;0.105345;9.787.497
0.248997;0.114922;9.902.418
0.248997;0.134075;9.998.186
0.258574;0.105345;10.103.531
0.248997;0.114922;10.189.722
0.248997;0.124498;10.141.838
0.229843;0.114922;10.036.493
0.248997;0.124498;9.816.227
0.239420;0.124498;9.768.343
0.258574;0.124498;9.749.189
0.239420;0.124498;9.864.111
0.268151;0.134075;10.017.340
0.239420;0.143652;10.103.531
0.248997;0.124498;10.189.722
0.258574;0.114922;10.141.838
0.258574;0.143652;10.055.647
0.220267;0.105345;9.931.149
0.258574;0.114922;9.749.189
0.239420;0.124498;9.739.613
0.239420;0.114922;9.787.497
0.268151;0.124498;10.007.763
0.248997;0.124498;10.103.531
0.248997;0.143652;10.151.415
0.268151;0.134075;10.151.415
0.239420;0.124498;10.065.224
0.239420;0.114922;9.969.456
0.248997;0.124498;9.835.381
0.248997;0.134075;9.739.613
0.248997;0.134075;9.797.073
0.239420;0.134075;9.854.534
0.248997;0.124498;9.969.456
0.277727;0.124498;10.160.992
0.248997;0.105345;10.189.722
0.248997;0.114922;10.141.838
0.248997;0.105345;10.007.763
0.268151;0.124498;9.854.534
0.229843;0.114922;9.777.920
0.248997;0.134075;9.758.766
0.239420;0.114922;9.854.534
0.248997;0.124498;9.959.879
0.258574;0.124498;10.151.415
0.239420;0.124498;10.180.145
0.248997;0.124498;10.160.992
0.248997;0.124498;10.113.108
0.239420;0.114922;9.854.534
0.239420;0.143652;9.797.073
0.248997;0.114922;9.768.343
0.248997;0.114922;9.864.111
0.268151;0.124498;9.940.725
0.248997;0.134075;10.084.377
0.258574;0.124498;10.151.415
0.239420;0.105345;10.170.568
0.258574;0.124498;10.074.800
0.248997;0.114922;9.883.265
0.248997;0.124498;9.758.766
0.239420;0.114922;9.758.766
0.248997;0.124498;9.787.497
0.239420;0.114922;9.844.957
0.268151;0.114922;10.074.800
0.277727;0.124498;10.151.415
0.277727;0.134075;10.170.568
0.258574;0.114922;10.084.377
0.248997;0.114922;9.988.609
0.248997;0.153229;9.883.265
0.239420;0.124498;9.749.189
0.229843;0.153229;9.777.920
0.258574;0.114922;9.835.381
0.248997;0.124498;9.988.609
0.239420;0.114922;10.132.261
0.239420;0.134075;10.180.145
0.258574;0.124498;10.180.145
0.248997;0.105345;9.979.033
0.248997;0.114922;9.873.688
0.229843;0.124498;9.797.073
0.248997;0.124498;9.768.343
0.248997;0.124498;9.844.957
0.239420;0.134075;9.940.725
0.268151;0.124498;10.122.684
0.248997;0.124498;10.170.568
0.258574;0.114922;10.132.261
0.248997;0.134075;10.122.684
0.239420;0.114922;9.892.841
0.229843;0.105345;9.825.804
0.239420;0.124498;9.758.766
0.248997;0.124498;9.787.497
0.268151;0.114922;9.979.033
0.239420;0.114922;10.036.493
0.248997;0.124498;10.122.684
0.239420;0.134075;10.160.992
0.248997;0.134075;10.103.531
0.258574;0.134075;10.007.763
0.258574;0.105345;9.844.957
0.248997;0.105345;9.758.766
0.239420;0.134075;9.787.497
0.248997;0.124498;9.844.957
0.248997;0.114922;10.046.070
0.248997;0.114922;10.141.838
0.248997;0.114922;10.170.568
0.258574;0.114922;10.084.377
0.248997;0.124498;10.007.763
0.248997;0.124498;9.921.572
0.258574;0.114922;9.806.650
0.248997;0.134075;9.768.343
0.239420;0.124498;9.864.111
0.239420;0.124498;9.921.572
0.258574;0.134075;10.113.108
0.248997;0.124498;10.180.145
0.268151;0.114922;10.170.568
0.248997;0.134075;9.998.186
0.248997;0.134075;9.911.995
0.248997;0.124498;9.825.804
0.258574;0.124498;9.777.920
0.229843;0.095768;9.835.381
0.248997;0.134075;9.911.995
0.248997;0.143652;10.036.493
0.248997;0.114922;10.170.568
0.239420;0.114922;10.160.992
0.248997;0.134075;10.113.108
0.229843;0.124498;9.921.572
0.258574;0.124498;9.854.534
0.239420;0.143652;9.777.920
0.239420;0.114922;9.749.189
0.248997;0.134075;9.911.995
0.258574;0.105345;10.017.340
0.248997;0.134075;10.093.954
0.258574;0.114922;10.151.415
0.239420;0.124498;10.122.684
0.258574;0.105345;10.036.493
0.229843;0.134075;9.931.149
0.248997;0.114922;9.758.766
0.248997;0.124498;9.797.073
0.248997;0.153229;9.825.804
0.248997;0.124498;10.026.917
0.248997;0.124498;10.103.531
0.248997;0.124498;10.151.415
0.258574;0.105345;10.122.684
0.248997;0.114922;10.026.917
0.239420;0.134075;9.911.995
0.239420;0.114922;9.854.534
0.248997;0.114922;9.787.497
0.248997;0.105345;9.806.650
0.239420;0.114922;9.902.418
0.258574;0.124498;10.113.108
0.239420;0.143652;10.141.838
0.258574;0.124498;10.160.992
0.248997;0.114922;10.103.531
0.268151;0.105345;9.921.572
0.258574;0.114922;9.825.804
0.248997;0.124498;9.787.497
0.248997;0.114922;9.825.804
0.229843;0.124498;9.911.995
0.248997;0.153229;9.998.186
0.258574;0.114922;10.151.415
0.258574;0.134075;10.160.992
0.220267;0.134075;10.113.108
0.258574;0.124498;10.026.917
0.258574;0.134075;9.835.381
0.248997;0.134075;9.797.073
0.258574;0.114922;9.768.343
0.239420;0.134075;9.873.688
0.248997;0.134075;9.979.033
0.258574;0.124498;10.084.377
0.248997;0.143652;10.170.568
0.239420;0.134075;10.132.261
0.239420;0.124498;10.036.493
0.248997;0.134075;9.950.302
0.268151;0.143652;9.797.073
0.248997;0.086191;9.816.227
0.248997;0.124498;9.816.227
0.248997;0.134075;9.950.302
0.239420;0.153229;10.074.800
0.258574;0.105345;10.113.108
0.258574;0.124498;10.170.568
0.248997;0.134075;10.055.647
0.248997;0.143652;9.950.302
0.248997;0.124498;9.873.688
0.229843;0.105345;9.777.920
0.248997;0.114922;9.835.381
0.248997;0.105345;9.892.841
0.258574;0.134075;10.055.647
0.248997;0.124498;10.151.415
0.239420;0.095768;10.151.415
0.239420;0.114922;10.122.684
0.239420;0.114922;9.950.302
0.258574;0.124498;9.873.688
0.239420;0.114922;9.825.804
0.248997;0.114922;9.816.227
0.248997;0.105345;9.883.265
0.229843;0.134075;9.969.456
0.248997;0.134075;10.141.838
0.248997;0.153229;10.151.415
0.248997;0.134075;10.132.261
0.248997;0.124498;10.046.070
0.248997;0.134075;9.873.688
0.248997;0.124498;9.806.650
0.268151;0.134075;9.787.497
0.258574;0.105345;9.873.688
0.258574;0.124498;9.959.879
0.258574;0.143652;10.055.647
0.258574;0.124498;10.113.108
0.248997;0.134075;10.151.415
0.258574;0.124498;10.084.377
0.239420;0.124498;9.969.456
0.248997;0.124498;9.816.227
0.248997;0.114922;9.787.497
0.248997;0.124498;9.825.804
0.258574;0.114922;9.988.609
0.229843;0.143652;10.065.224
0.258574;0.124498;10.093.954
0.239420;0.143652;10.160.992
0.239420;0.105345;10.055.647
0.258574;0.095768;9.988.609
0.239420;0.124498;9.883.265
0.258574;0.114922;9.787.497
0.258574;0.124498;9.816.227
0.248997;0.134075;9.873.688
0.239420;0.124498;10.046.070
0.258574;0.124498;10.132.261
0.239420;0.114922;10.132.261
0.239420;0.105345;10.074.800
0.258574;0.124498;9.959.879
0.248997;0.134075;9.835.381
0.239420;0.143652;9.797.073
0.258574;0.124498;9.873.688
0.258574;0.124498;9.969.456
0.248997;0.114922;10.065.224
0.248997;0.114922;10.141.838
0.258574;0.105345;10.103.531
0.248997;0.124498;10.065.224
0.239420;0.095768;9.892.841
0.248997;0.134075;9.835.381
0.248997;0.124498;9.816.227
0.239420;0.143652;9.864.111
0.248997;0.134075;9.950.302
0.258574;0.124498;10.065.224
0.258574;0.124498;10.122.684
0.248997;0.114922;10.093.954
0.239420;0.114922;10.055.647
0.248997;0.114922;9.969.456
0.239420;0.134075;9.835.381
0.258574;0.134075;9.806.650
0.229843;0.134075;9.902.418
0.248997;0.095768;10.026.917
0.248997;0.124498;10.074.800
0.229843;0.095768;10.132.261
0.248997;0.124498;9.979.033
0.258574;0.134075;9.902.418
0.239420;0.124498;9.797.073
0.248997;0.124498;9.816.227
0.258574;0.124498;9.854.534
0.268151;0.124498;10.007.763
0.258574;0.134075;10.122.684
0.248997;0.134075;10.151.415
0.258574;0.114922;10.132.261
0.268151;0.105345;9.998.186
0.239420;0.124498;9.911.995
0.239420;0.124498;9.816.227
0.258574;0.124498;9.797.073
0.239420;0.134075;9.864.111
0.268151;0.124498;9.950.302
0.248997;0.124498;10.007.763
0.239420;0.114922;10.141.838
0.268151;0.134075;10.132.261
0.229843;0.105345;10.084.377
0.268151;0.114922;9.902.418
0.229843;0.114922;9.844.957
0.229843;0.124498;9.797.073
0.268151;0.124498;9.816.227
0.239420;0.124498;9.921.572
0.229843;0.124498;10.007.763
0.239420;0.134075;10.103.531
0.277727;0.114922;10.141.838
0.248997;0.124498;10.074.800
0.229843;0.105345;10.036.493
0.248997;0.114922;9.864.111
0.239420;0.124498;9.787.497
0.239420;0.134075;9.816.227
0.258574;0.124498;9.844.957
0.258574;0.124498;10.017.340
0.248997;0.114922;10.084.377
0.248997;0.124498;10.103.531
0.248997;0.143652;10.084.377
0.248997;0.114922;10.007.763
0.248997;0.114922;9.940.725
0.248997;0.124498;9.873.688
0.248997;0.124498;9.816.227
0.239420;0.114922;9.854.534
0.248997;0.134075;9.921.572
0.239420;0.124498;10.093.954
0.277727;0.114922;10.132.261
0.248997;0.105345;10.132.261
0.258574;0.124498;10.036.493
0.248997;0.124498;9.931.149
0.258574;0.134075;9.873.688
0.239420;0.134075;9.835.381
0.248997;0.134075;9.864.111
0.239420;0.114922;9.911.995
0.239420;0.124498;9.988.609
0.268151;0.134075;10.103.531
0.248997;0.114922;10.132.261
0.248997;0.134075;10.093.954
0.248997;0.105345;9.940.725
0.248997;0.134075;9.854.534
0.248997;0.114922;9.835.381
0.258574;0.105345;9.844.957
0.268151;0.124498;9.902.418
0.229843;0.134075;10.007.763
0.248997;0.114922;10.074.800
0.248997;0.134075;10.103.531
0.258574;0.134075;10.103.531
0.258574;0.105345;10.036.493
0.239420;0.114922;9.921.572
0.239420;0.134075;9.825.804
0.258574;0.124498;9.806.650
0.248997;0.105345;9.844.957
0.248997;0.114922;9.988.609
0.248997;0.124498;10.065.224
0.258574;0.124498;10.103.531
0.258574;0.114922;10.084.377
0.258574;0.124498;10.026.917
0.258574;0.124498;9.950.302
0.248997;0.086191;9.883.265
0.220267;0.134075;9.806.650
0.248997;0.134075;9.873.688
0.229843;0.134075;9.902.418
0.248997;0.114922;10.055.647
0.277727;0.105345;10.122.684
0.258574;0.114922;10.103.531
0.248997;0.124498;10.026.917
0.239420;0.124498;9.950.302
0.258574;0.143652;9.892.841
0.239420;0.134075;9.825.804
0.258574;0.124498;9.864.111
0.239420;0.124498;9.892.841
0.248997;0.134075;9.979.033
0.239420;0.124498;10.113.108
0.248997;0.124498;10.103.531
0.268151;0.134075;10.017.340
0.258574;0.134075;9.883.265
0.239420;0.114922;9.806.650
0.268151;0.105345;9.825.804
0.239420;0.124498;9.892.841
0.258574;0.134075;9.959.879
0.248997;0.105345;10.046.070
0.248997;0.105345;10.132.261
0.248997;0.095768;10.103.531
0.229843;0.124498;10.017.340
0.258574;0.134075;9.959.879
0.239420;0.114922;9.835.381
0.239420;0.143652;9.816.227
0.248997;0.134075;9.844.957
0.239420;0.114922;9.988.609
0.248997;0.134075;10.074.800
0.258574;0.124498;10.103.531
0.268151;0.124498;10.084.377
0.258574;0.114922;10.017.340
0.248997;0.124498;9.959.879
0.258574;0.114922;9.911.995
0.239420;0.124498;9.825.804
0.229843;0.114922;9.835.381
0.248997;0.134075;9.911.995
0.248997;0.105345;10.017.340
0.248997;0.134075;10.103.531
0.258574;0.114922;10.113.108
0.248997;0.114922;10.084.377
0.248997;0.134075;9.959.879
0.258574;0.086191;9.892.841
0.239420;0.105345;9.873.688
0.248997;0.105345;9.825.804
0.229843;0.124498;9.902.418
0.258574;0.124498;9.950.302
0.248997;0.124498;10.093.954
0.229843;0.124498;10.113.108
0.239420;0.124498;10.074.800
0.220267;0.095768;10.046.070
0.248997;0.114922;9.892.841
0.248997;0.114922;9.844.957
0.277727;0.124498;9.835.381
0.248997;0.114922;9.883.265
0.248997;0.124498;9.959.879
0.239420;0.143652;10.055.647
0.268151;0.124498;10.074.800
0.258574;0.134075;10.084.377
0.239420;0.124498;10.036.493
0.248997;0.114922;9.950.302
0.239420;0.105345;9.835.381
0.239420;0.105345;9.825.804
0.239420;0.114922;9.825.804
0.229843;0.105345;9.959.879
0.239420;0.105345;10.055.647
0.239420;0.095768;10.093.954
0.248997;0.134075;10.084.377
0.258574;0.124498;10.026.917
0.258574;0.114922;9.988.609
0.239420;0.124498;9.902.418
0.239420;0.114922;9.797.073
0.248997;0.105345;9.816.227
0.248997;0.124498;9.902.418
0.258574;0.114922;10.017.340
0.258574;0.105345;10.074.800
0.248997;0.124498;10.074.800
0.248997;0.143652;10.074.800
0.248997;0.124498;9.998.186
0.220267;0.114922;9.892.841
0.248997;0.105345;9.835.381
0.239420;0.114922;9.825.804
0.239420;0.114922;9.892.841
0.258574;0.134075;9.931.149
0.239420;0.105345;10.017.340
0.258574;0.124498;10.093.954
0.248997;0.105345;10.103.531
0.248997;0.143652;10.055.647
0.229843;0.134075;9.902.418
0.248997;0.124498;9.864.111
0.258574;0.124498;9.835.381
0.258574;0.114922;9.892.841
0.258574;0.124498;9.959.879
0.258574;0.095768;9.988.609
0.258574;0.124498;10.074.800
0.268151;0.105345;10.113.108
0.258574;0.114922;10.055.647
0.248997;0.114922;9.921.572
0.258574;0.105345;9.864.111
0.268151;0.134075;9.825.804
0.229843;0.124498;9.844.957
0.239420;0.114922;9.950.302
0.268151;0.124498;10.007.763
0.277727;0.124498;10.084.377
0.268151;0.134075;10.113.108
0.268151;0.134075;10.046.070
0.248997;0.105345;9.998.186
0.248997;0.095768;9.911.995
0.268151;0.153229;9.854.534
0.248997;0.143652;9.854.534
0.248997;0.124498;9.864.111
0.248997;0.124498;9.931.149
0.258574;0.124498;10.055.647
0.239420;0.134075;10.103.531
0.248997;0.143652;10.093.954
0.248997;0.105345;9.998.186
0.258574;0.124498;9.931.149
0.248997;0.124498;9.902.418
0.239420;0.134075;9.816.227
0.258574;0.124498;9.864.111
0.248997;0.105345;9.931.149
0.239420;0.114922;9.979.033
0.248997;0.114922;10.084.377
0.248997;0.124498;10.113.108
0.248997;0.114922;10.084.377
0.248997;0.124498;9.931.149
0.239420;0.105345;9.864.111
0.239420;0.124498;9.864.111
0.268151;0.114922;9.854.534
0.258574;0.124498;9.931.149
0.239420;0.114922;9.998.186
0.229843;0.114922;10.046.070
0.239420;0.124498;10.103.531
0.239420;0.124498;10.084.377
0.258574;0.105345;10.007.763
0.239420;0.143652;9.892.841
0.239420;0.114922;9.835.381
0.268151;0.143652;9.864.111
0.239420;0.124498;9.892.841
0.248997;0.153229;9.998.186
0.258574;0.105345;10.046.070
0.248997;0.134075;10.065.224
0.239420;0.114922;10.046.070
0.248997;0.124498;9.998.186
0.248997;0.124498;9.959.879
0.239420;0.124498;9.844.957
0.229843;0.134075;9.844.957
0.239420;0.114922;9.883.265
0.239420;0.114922;9.921.572
0.239420;0.134075;10.046.070
0.248997;0.124498;10.074.800
0.239420;0.134075;10.093.954
0.229843;0.114922;10.007.763
0.268151;0.105345;9.931.149
0.229843;0.134075;9.892.841
0.210690;0.124498;9.835.381
0.239420;0.124498;9.864.111
0.239420;0.124498;9.931.149
0.268151;0.114922;9.959.879
0.210690;0.143652;10.093.954
0.258574;0.114922;10.065.224
0.239420;0.124498;9.950.302
0.248997;0.124498;9.883.265
0.258574;0.124498;9.854.534
0.258574;0.124498;9.854.534
0.239420;0.114922;9.902.418
0.239420;0.095768;9.979.033
0.248997;0.124498;10.026.917
0.258574;0.095768;10.074.800
0.258574;0.095768;10.026.917
0.258574;0.114922;9.950.302
0.248997;0.124498;9.854.534
0.248997;0.105345;9.844.957
0.248997;0.114922;9.873.688
0.239420;0.114922;9.959.879
0.258574;0.134075;10.026.917
0.248997;0.114922;10.074.800
0.258574;0.143652;10.084.377
0.248997;0.143652;10.007.763
0.248997;0.134075;9.950.302
0.248997;0.105345;9.864.111
0.268151;0.143652;9.883.265
0.258574;0.124498;9.892.841
0.268151;0.114922;9.931.149
0.239420;0.134075;10.036.493
0.229843;0.114922;10.103.531
0.258574;0.114922;10.074.800
0.248997;0.143652;10.036.493
0.268151;0.114922;9.940.725
0.258574;0.124498;9.921.572
0.258574;0.114922;9.844.957
0.248997;0.153229;9.844.957
0.268151;0.124498;9.911.995
0.258574;0.105345;9.950.302
0.258574;0.124498;10.074.800
0.248997;0.124498;10.113.108
0.248997;0.095768;10.084.377
0.248997;0.143652;9.959.879
0.248997;0.114922;9.911.995
0.248997;0.114922;9.864.111
0.258574;0.114922;9.825.804
0.248997;0.124498;9.931.149
0.258574;0.143652;9.969.456
0.248997;0.124498;9.979.033
0.248997;0.114922;10.074.800
0.248997;0.134075;10.036.493
0.248997;0.124498;10.046.070
0.258574;0.143652;9.959.879
0.258574;0.124498;9.883.265
0.248997;0.114922;9.854.534
0.248997;0.134075;9.864.111
0.239420;0.124498;9.979.033
0.248997;0.124498;10.007.763
0.248997;0.114922;10.084.377
0.258574;0.134075;10.084.377
0.258574;0.114922;10.036.493
0.268151;0.114922;9.979.033
0.239420;0.134075;9.911.995
0.258574;0.124498;9.864.111
0.248997;0.114922;9.844.957
0.258574;0.095768;9.892.841
0.268151;0.114922;10.007.763
0.258574;0.114922;10.055.647
0.239420;0.124498;10.074.800
0.258574;0.124498;10.065.224
0.277727;0.114922;9.998.186
0.258574;0.124498;9.902.418
0.248997;0.114922;9.873.688
0.268151;0.124498;9.864.111
0.239420;0.114922;9.873.688
0.248997;0.124498;9.969.456
0.248997;0.114922;10.074.800
0.268151;0.114922;10.065.224
0.229843;0.114922;10.065.224
0.248997;0.095768;10.046.070
0.239420;0.153229;9.883.265
0.248997;0.114922;9.892.841
0.248997;0.095768;9.873.688
0.248997;0.114922;9.892.841
0.258574;0.114922;9.940.725
0.248997;0.124498;10.017.340
0.248997;0.134075;10.065.224
0.258574;0.105345;10.074.800
0.248997;0.114922;10.055.647
0.248997;0.095768;9.950.302
0.268151;0.134075;9.873.688
0.268151;0.114922;9.873.688
0.229843;0.124498;9.864.111
0.287304;0.134075;9.959.879
0.239420;0.134075;10.007.763
0.248997;0.134075;10.065.224
0.239420;0.114922;10.084.377
0.248997;0.143652;10.017.340
0.248997;0.134075;9.979.033
0.248997;0.114922;9.940.725
0.229843;0.124498;9.892.841
0.268151;0.124498;9.873.688
0.220267;0.124498;9.892.841
0.239420;0.134075;9.998.186
0.248997;0.105345;10.036.493
0.258574;0.134075;10.084.377
0.268151;0.134075;10.055.647
0.268151;0.134075;9.988.609
0.268151;0.124498;9.940.725
0.258574;0.114922;9.883.265
0.248997;0.105345;9.864.111
0.248997;0.124498;9.883.265
0.248997;0.114922;9.950.302
0.248997;0.124498;10.007.763
0.239420;0.134075;10.093.954
0.268151;0.105345;10.055.647
0.248997;0.143652;9.931.149
0.229843;0.143652;9.883.265
0.248997;0.124498;9.883.265
0.248997;0.114922;9.883.265
0.248997;0.124498;9.931.149
0.248997;0.124498;10.017.340
0.258574;0.124498;10.046.070
0.239420;0.114922;10.065.224
0.258574;0.134075;10.046.070
0.248997;0.114922;10.017.340
0.258574;0.114922;9.873.688
0.239420;0.124498;9.854.534
0.229843;0.124498;9.854.534
0.258574;0.124498;9.940.725
0.258574;0.114922;9.998.186
0.239420;0.114922;10.065.224
0.248997;0.124498;10.065.224
0.248997;0.114922;10.065.224
0.248997;0.134075;9.998.186
0.248997;0.134075;9.940.725
0.220267;0.124498;9.873.688
0.248997;0.143652;9.864.111
0.239420;0.105345;9.883.265
0.258574;0.124498;9.959.879
0.239420;0.134075;10.046.070
0.248997;0.114922;10.074.800
0.258574;0.134075;10.093.954
0.248997;0.105345;9.988.609
0.239420;0.105345;9.940.725
0.258574;0.124498;9.892.841
0.239420;0.134075;9.835.381
0.268151;0.124498;9.892.841
0.258574;0.143652;9.931.149
0.258574;0.124498;9.979.033
0.248997;0.114922;10.065.224
0.248997;0.105345;10.046.070
0.239420;0.134075;10.036.493
0.248997;0.095768;9.921.572
0.239420;0.134075;9.921.572
0.229843;0.134075;9.864.111
0.239420;0.134075;9.873.688
0.248997;0.105345;9.959.879
0.258574;0.124498;10.026.917
0.248997;0.114922;10.065.224
0.248997;0.114922;10.026.917
0.258574;0.143652;10.007.763
0.258574;0.105345;9.902.418
0.248997;0.124498;9.873.688
0.248997;0.134075;9.873.688
0.239420;0.114922;9.902.418
0.258574;0.134075;9.988.609
0.248997;0.114922;10.046.070
0.248997;0.114922;10.036.493
0.248997;0.095768;10.036.493
0.239420;0.124498;9.988.609
0.248997;0.105345;9.959.879
0.239420;0.124498;9.911.995
0.248997;0.134075;9.873.688
0.248997;0.124498;9.883.265
0.220267;0.124498;9.931.149
0.248997;0.124498;10.007.763
0.239420;0.124498;10.065.224
0.258574;0.124498;10.084.377
0.258574;0.114922;10.017.340
0.268151;0.134075;9.969.456
0.258574;0.124498;9.902.418
0.248997;0.114922;9.892.841
0.248997;0.153229;9.902.418
0.239420;0.143652;9.911.995
0.248997;0.114922;9.969.456
0.258574;0.114922;10.055.647
0.229843;0.105345;10.065.224
0.258574;0.095768;10.046.070
0.248997;0.134075;9.959.879
0.248997;0.124498;9.892.841
0.239420;0.134075;9.873.688
0.239420;0.124498;9.883.265
0.248997;0.124498;9.921.572
0.248997;0.124498;9.979.033
0.258574;0.134075;10.017.340
0.248997;0.134075;10.055.647
0.258574;0.134075;10.036.493
0.239420;0.134075;9.998.186
0.268151;0.124498;9.921.572
0.248997;0.114922;9.892.841
0.239420;0.134075;9.873.688
0.248997;0.114922;9.921.572
0.248997;0.114922;9.979.033
0.248997;0.124498;10.007.763
0.248997;0.143652;10.046.070
0.258574;0.134075;10.055.647
0.258574;0.134075;10.007.763
0.239420;0.124498;9.979.033
0.248997;0.134075;9.883.265
0.239420;0.114922;9.883.265
0.239420;0.134075;9.873.688
0.220267;0.124498;9.911.995
0.239420;0.134075;10.017.340
0.220267;0.114922;10.055.647
0.258574;0.114922;10.084.377
0.239420;0.124498;10.017.340
0.229843;0.114922;9.959.879
0.239420;0.095768;9.911.995
0.239420;0.124498;9.883.265
0.220267;0.114922;9.873.688
0.248997;0.114922;9.950.302
0.248997;0.134075;9.969.456
0.248997;0.124498;10.065.224
0.239420;0.124498;10.065.224
0.258574;0.124498;10.046.070
0.248997;0.114922;10.026.917
0.229843;0.124498;9.921.572
0.258574;0.124498;9.883.265
0.248997;0.114922;9.883.265
0.248997;0.124498;9.931.149
0.248997;0.114922;9.988.609
0.248997;0.105345;10.017.340
0.239420;0.134075;10.074.800
0.248997;0.114922;10.046.070
0.239420;0.105345;10.036.493
0.248997;0.134075;9.969.456
0.248997;0.124498;9.873.688
0.229843;0.134075;9.873.688
0.248997;0.134075;9.873.688
0.239420;0.143652;9.969.456
0.239420;0.124498;10.007.763
0.248997;0.124498;10.017.340
0.258574;0.143652;10.036.493
0.268151;0.134075;10.036.493
0.248997;0.124498;9.969.456
0.258574;0.134075;9.931.149
0.248997;0.105345;9.854.534
0.248997;0.124498;9.864.111
0.248997;0.114922;9.911.995
0.258574;0.124498;9.998.186
0.248997;0.114922;10.026.917
0.258574;0.143652;10.036.493
0.239420;0.114922;10.036.493
0.277727;0.114922;9.959.879
0.248997;0.134075;9.950.302
0.229843;0.105345;9.911.995
0.248997;0.105345;9.892.841
0.258574;0.114922;9.902.418
0.248997;0.134075;9.979.033
0.248997;0.124498;10.017.340
0.248997;0.114922;10.065.224
0.248997;0.095768;10.065.224
0.248997;0.124498;9.979.033
0.258574;0.134075;9.931.149
0.248997;0.114922;9.921.572
0.220267;0.134075;9.883.265
0.239420;0.124498;9.883.265
0.268151;0.124498;9.969.456
0.248997;0.134075;10.007.763
0.268151;0.124498;10.065.224
0.248997;0.124498;10.046.070
0.258574;0.114922;10.026.917
0.248997;0.114922;10.007.763
0.258574;0.134075;9.921.572
0.229843;0.114922;9.864.111
0.268151;0.124498;9.902.418
0.229843;0.124498;9.950.302
0.258574;0.124498;9.998.186
0.248997;0.134075;10.026.917
0.258574;0.114922;10.055.647
0.268151;0.124498;10.007.763
0.248997;0.153229;9.979.033
0.239420;0.114922;9.940.725
0.248997;0.124498;9.883.265
0.220267;0.134075;9.892.841
0.239420;0.124498;9.921.572
0.258574;0.153229;9.988.609
0.248997;0.134075;10.026.917
0.258574;0.095768;10.055.647
0.229843;0.114922;10.046.070
0.258574;0.124498;9.979.033
0.258574;0.114922;9.940.725
0.258574;0.134075;9.911.995
0.248997;0.105345;9.892.841
0.248997;0.124498;9.931.149
0.258574;0.143652;9.931.149
0.239420;0.124498;10.026.917
0.248997;0.114922;10.055.647
0.258574;0.134075;10.074.800
0.268151;0.134075;10.036.493
0.239420;0.114922;9.950.302
0.268151;0.124498;9.931.149
0.248997;0.114922;9.902.418
0.239420;0.105345;9.892.841
0.239420;0.105345;9.931.149
0.258574;0.114922;10.017.340
0.239420;0.134075;10.007.763
0.248997;0.134075;10.046.070
0.258574;0.143652;10.017.340
0.229843;0.143652;10.017.340
0.248997;0.105345;9.921.572
0.258574;0.105345;9.892.841
0.239420;0.114922;9.883.265
0.248997;0.124498;9.969.456
0.239420;0.143652;9.959.879
0.268151;0.143652;10.017.340
0.258574;0.143652;10.026.917
0.239420;0.095768;10.026.917
0.248997;0.143652;10.007.763
0.248997;0.114922;9.979.033
0.258574;0.114922;9.873.688
0.268151;0.105345;9.864.111
0.229843;0.124498;9.902.418
0.248997;0.124498;9.940.725
0.239420;0.134075;10.026.917
0.258574;0.124498;10.036.493
0.239420;0.114922;10.036.493
0.239420;0.134075;10.017.340
0.258574;0.114922;9.950.302
0.239420;0.124498;9.921.572
0.258574;0.134075;9.864.111
0.258574;0.124498;9.921.572
0.220267;0.134075;9.950.302
0.248997;0.114922;9.959.879
0.268151;0.134075;10.036.493
0.239420;0.124498;10.046.070
0.248997;0.114922;10.046.070
0.248997;0.114922;9.931.149
0.248997;0.114922;9.950.302
0.229843;0.124498;9.911.995
0.268151;0.114922;9.892.841
0.239420;0.134075;9.921.572
0.239420;0.114922;9.979.033
0.258574;0.124498;10.007.763
0.248997;0.124498;10.036.493
0.248997;0.114922;10.046.070
0.248997;0.124498;10.017.340
0.258574;0.124498;9.921.572
0.229843;0.124498;9.892.841
0.258574;0.114922;9.892.841
0.258574;0.124498;9.883.265
0.258574;0.153229;9.969.456
0.258574;0.095768;9.998.186
0.268151;0.105345;10.046.070
0.239420;0.134075;10.017.340
0.258574;0.124498;10.007.763
0.248997;0.124498;9.969.456
0.239420;0.114922;9.883.265
0.239420;0.124498;9.892.841
0.268151;0.114922;9.921.572
0.248997;0.134075;9.931.149
0.268151;0.105345;10.017.340
0.248997;0.095768;10.036.493
0.258574;0.114922;10.036.493
0.248997;0.105345;10.026.917
0.248997;0.124498;9.950.302
0.258574;0.124498;9.921.572
0.248997;0.143652;9.892.841
0.258574;0.105345;9.921.572
0.258574;0.134075;9.902.418
0.248997;0.134075;9.959.879
0.277727;0.134075;10.046.070
0.268151;0.124498;10.036.493
0.258574;0.153229;10.046.070
0.258574;0.134075;9.969.456
0.239420;0.114922;9.921.572
0.248997;0.114922;9.883.265
0.248997;0.124498;9.892.841
0.248997;0.124498;9.921.572
0.277727;0.114922;9.979.033
0.239420;0.114922;9.998.186
0.248997;0.124498;10.046.070
0.239420;0.114922;10.026.917
0.258574;0.114922;9.988.609
0.229843;0.114922;9.931.149
0.258574;0.124498;9.902.418
0.248997;0.114922;9.883.265
0.258574;0.134075;9.921.572
0.258574;0.124498;9.979.033
0.258574;0.134075;9.998.186
0.258574;0.114922;10.036.493
0.258574;0.134075;10.017.340
0.268151;0.114922;10.007.763
0.229843;0.105345;9.969.456
0.258574;0.105345;9.911.995
0.258574;0.134075;9.892.841
0.258574;0.114922;9.892.841
0.239420;0.124498;9.931.149
0.239420;0.143652;9.988.609
0.268151;0.095768;10.046.070
0.248997;0.114922;10.036.493
0.248997;0.134075;9.998.186
0.239420;0.114922;9.988.609
0.229843;0.143652;9.959.879
0.268151;0.134075;9.902.418
0.239420;0.134075;9.921.572
0.248997;0.134075;9.911.995
0.268151;0.124498;9.969.456
0.258574;0.114922;10.017.340
0.248997;0.105345;10.036.493
0.248997;0.143652;10.026.917
0.248997;0.134075;9.998.186
0.248997;0.124498;9.950.302
0.239420;0.114922;9.921.572
0.229843;0.134075;9.921.572
0.239420;0.114922;9.902.418
0.248997;0.153229;9.979.033
0.258574;0.105345;10.017.340
0.229843;0.124498;10.017.340
0.268151;0.114922;10.017.340
0.258574;0.134075;10.007.763
0.239420;0.134075;9.950.302
0.258574;0.114922;9.911.995
0.239420;0.134075;9.902.418
0.229843;0.114922;9.902.418
0.248997;0.114922;9.931.149
0.258574;0.114922;9.979.033
0.258574;0.143652;10.036.493
0.229843;0.105345;10.026.917
0.258574;0.124498;9.988.609
0.239420;0.124498;9.969.456
0.239420;0.124498;9.959.879
0.239420;0.124498;9.892.841
0.248997;0.124498;9.892.841
0.258574;0.086191;9.921.572
0.268151;0.124498;9.998.186
0.258574;0.114922;10.026.917
0.268151;0.105345;10.007.763
0.258574;0.134075;10.017.340
0.248997;0.143652;9.969.456
0.239420;0.134075;9.959.879
0.239420;0.105345;9.902.418
0.248997;0.124498;9.911.995
0.258574;0.124498;9.911.995
0.248997;0.124498;9.979.033
0.248997;0.124498;9.998.186
0.258574;0.124498;10.026.917
0.239420;0.134075;10.046.070
0.220267;0.134075;10.017.340
0.248997;0.114922;9.979.033
0.248997;0.105345;9.911.995
0.248997;0.124498;9.892.841
0.248997;0.124498;9.902.418
0.258574;0.134075;9.931.149
0.258574;0.134075;9.979.033
0.239420;0.134075;9.988.609
0.258574;0.095768;10.026.917
0.229843;0.124498;10.017.340
0.248997;0.124498;9.988.609
0.248997;0.114922;9.892.841
0.258574;0.143652;9.902.418
0.258574;0.134075;9.902.418
0.258574;0.134075;9.959.879
0.258574;0.114922;9.979.033
0.239420;0.114922;10.036.493
0.258574;0.134075;10.036.493
0.248997;0.114922;10.036.493
0.258574;0.105345;9.959.879
0.268151;0.114922;9.950.302
0.248997;0.124498;9.883.265
0.248997;0.114922;9.931.149
0.258574;0.143652;9.911.995
0.258574;0.105345;9.959.879
0.248997;0.114922;9.988.609
0.258574;0.134075;10.026.917
0.229843;0.114922;10.036.493
0.248997;0.124498;9.988.609
0.258574;0.134075;9.959.879
0.258574;0.124498;9.921.572
0.248997;0.114922;9.911.995
0.239420;0.134075;9.931.149
0.258574;0.105345;9.950.302
0.248997;0.124498;10.026.917
0.258574;0.124498;10.026.917
0.248997;0.114922;10.026.917
0.239420;0.114922;10.026.917
0.258574;0.143652;9.940.725
0.239420;0.124498;9.911.995
0.229843;0.105345;9.902.418
0.229843;0.124498;9.911.995
0.239420;0.143652;9.950.302
0.248997;0.143652;9.969.456
0.258574;0.105345;10.007.763
0.248997;0.124498;10.026.917
0.248997;0.143652;10.046.070
0.229843;0.105345;10.007.763
0.239420;0.124498;9.892.841
0.248997;0.124498;9.921.572
0.239420;0.114922;9.902.418
0.239420;0.124498;9.883.265
0.268151;0.095768;9.979.033
0.239420;0.086191;10.007.763
0.258574;0.105345;10.017.340
0.248997;0.134075;10.026.917
0.258574;0.114922;9.998.186
0.258574;0.124498;9.979.033
0.248997;0.095768;9.931.149
0.248997;0.124498;9.902.418
0.248997;0.105345;9.931.149
0.258574;0.134075;9.940.725
0.248997;0.105345;9.988.609
0.248997;0.124498;10.007.763
0.248997;0.124498;10.046.070
0.258574;0.134075;10.017.340
0.239420;0.124498;9.969.456
0.268151;0.134075;9.940.725
0.258574;0.095768;9.911.995
0.277727;0.114922;9.950.302
0.239420;0.095768;9.921.572
0.220267;0.114922;9.988.609
0.258574;0.134075;10.036.493
0.248997;0.124498;10.084.377
0.248997;0.105345;10.036.493
0.248997;0.114922;9.969.456
0.248997;0.143652;9.931.149
0.239420;0.114922;9.883.265
0.239420;0.114922;9.911.995
0.220267;0.134075;9.931.149
0.248997;0.153229;9.950.302
0.248997;0.134075;10.026.917
0.239420;0.114922;10.026.917
0.239420;0.134075;10.007.763
0.248997;0.134075;9.998.186
0.268151;0.114922;9.921.572
0.258574;0.124498;9.911.995
0.268151;0.114922;9.902.418
0.248997;0.105345;9.931.149
0.258574;0.124498;9.979.033
0.258574;0.114922;9.998.186
0.248997;0.114922;10.007.763
0.248997;0.143652;10.007.763
0.248997;0.124498;9.988.609
0.239420;0.105345;9.979.033
0.258574;0.105345;9.902.418
0.248997;0.134075;9.902.418
0.239420;0.105345;9.921.572
0.258574;0.134075;9.940.725
0.268151;0.124498;9.998.186
0.248997;0.143652;9.979.033
0.239420;0.114922;10.046.070
0.248997;0.124498;9.979.033
0.258574;0.134075;9.959.879
0.248997;0.134075;9.921.572
0.239420;0.114922;9.931.149
0.239420;0.124498;9.902.418
0.239420;0.114922;9.931.149
0.248997;0.105345;9.950.302
0.258574;0.124498;10.017.340
0.239420;0.124498;10.055.647
0.258574;0.134075;9.988.609
0.239420;0.114922;9.931.149
0.258574;0.095768;9.921.572
0.248997;0.134075;9.892.841
0.239420;0.124498;9.931.149
0.258574;0.124498;9.979.033
0.258574;0.124498;9.998.186
0.239420;0.114922;10.026.917
0.239420;0.134075;9.998.186
0.258574;0.105345;9.988.609
0.258574;0.105345;9.950.302
0.210690;0.114922;9.940.725
0.239420;0.105345;9.931.149
0.248997;0.114922;9.921.572
0.248997;0.105345;9.969.456
0.239420;0.114922;9.979.033
0.258574;0.114922;10.017.340
0.268151;0.134075;10.017.340
0.248997;0.124498;10.026.917
0.220267;0.143652;9.959.879
0.248997;0.134075;9.959.879
0.268151;0.114922;9.902.418
0.239420;0.114922;9.921.572
0.248997;0.124498;9.950.302
0.239420;0.124498;9.969.456
0.248997;0.114922;10.017.340
0.239420;0.124498;10.007.763
0.248997;0.134075;9.979.033
0.229843;0.134075;9.950.302
0.248997;0.143652;9.959.879
0.248997;0.114922;9.911.995
0.239420;0.134075;9.950.302
0.248997;0.124498;9.979.033
0.239420;0.134075;10.007.763
0.268151;0.124498;10.007.763
0.258574;0.134075;9.998.186
0.248997;0.105345;9.988.609
0.258574;0.124498;9.950.302
0.248997;0.143652;9.931.149
0.239420;0.105345;9.883.265
0.248997;0.124498;9.940.725
0.248997;0.095768;9.940.725
0.220267;0.124498;9.988.609
0.248997;0.143652;10.026.917
0.248997;0.134075;9.998.186
0.248997;0.143652;9.998.186
0.258574;0.134075;9.998.186
0.229843;0.124498;9.902.418
0.258574;0.114922;9.911.995
0.239420;0.124498;9.931.149
0.248997;0.124498;9.940.725
0.268151;0.124498;9.998.186
0.229843;0.114922;10.036.493
0.248997;0.114922;10.017.340
0.229843;0.124498;9.988.609
0.239420;0.114922;9.988.609
0.239420;0.114922;9.931.149
0.248997;0.114922;9.892.841
0.248997;0.124498;9.931.149
0.248997;0.114922;9.950.302
0.239420;0.114922;9.988.609
0.239420;0.105345;10.007.763
0.258574;0.124498;10.007.763
0.248997;0.134075;10.036.493
0.248997;0.124498;9.998.186
0.248997;0.114922;9.931.149
0.258574;0.105345;9.940.725
0.248997;0.134075;9.892.841
0.258574;0.105345;9.931.149
0.248997;0.124498;9.931.149
0.258574;0.105345;9.998.186
0.248997;0.124498;10.026.917
0.277727;0.124498;9.998.186
0.248997;0.143652;9.950.302
0.258574;0.114922;9.921.572
0.248997;0.105345;9.911.995
0.258574;0.105345;9.940.725
0.239420;0.114922;9.950.302
0.248997;0.134075;9.988.609
0.248997;0.124498;10.046.070
0.239420;0.114922;10.026.917
0.258574;0.124498;9.969.456
0.239420;0.143652;9.998.186
0.239420;0.124498;9.940.725
0.258574;0.124498;9.921.572
0.248997;0.124498;9.902.418
0.258574;0.124498;9.950.302
0.258574;0.124498;9.988.609
0.248997;0.114922;10.026.917
0.239420;0.134075;10.017.340
0.239420;0.105345;10.026.917
0.248997;0.124498;9.969.456
0.248997;0.114922;9.959.879
0.248997;0.114922;9.921.572
0.248997;0.134075;9.921.572
0.258574;0.134075;9.931.149
0.229843;0.124498;9.969.456
0.239420;0.114922;10.007.763
0.258574;0.114922;10.026.917
0.268151;0.124498;10.007.763
0.239420;0.114922;10.007.763
0.258574;0.114922;9.959.879
0.258574;0.143652;9.940.725
0.248997;0.114922;9.950.302
0.239420;0.105345;9.931.149
0.239420;0.124498;9.940.725
0.258574;0.114922;9.998.186
0.239420;0.124498;10.017.340
0.248997;0.105345;10.007.763
0.258574;0.134075;9.988.609
0.229843;0.134075;9.950.302
0.248997;0.124498;9.911.995
0.229843;0.134075;9.911.995
0.248997;0.105345;9.931.149
0.229843;0.134075;9.940.725
0.258574;0.124498;9.959.879
0.239420;0.134075;10.017.340
0.239420;0.124498;10.046.070
0.248997;0.105345;10.017.340
0.239420;0.124498;9.998.186
0.239420;0.095768;9.921.572
0.229843;0.124498;9.931.149
0.248997;0.105345;9.902.418
0.248997;0.124498;9.959.879
0.229843;0.124498;9.969.456
0.248997;0.105345;9.998.186
0.258574;0.134075;9.988.609
0.258574;0.105345;9.998.186
0.239420;0.134075;9.988.609
0.239420;0.105345;9.969.456
0.258574;0.114922;9.931.149
0.248997;0.105345;9.921.572
0.248997;0.124498;9.931.149
0.258574;0.124498;9.940.725
0.248997;0.105345;9.998.186
0.268151;0.114922;10.007.763
0.258574;0.124498;10.036.493
0.258574;0.124498;10.017.340
0.239420;0.114922;9.959.879
0.248997;0.134075;9.940.725
0.239420;0.105345;9.931.149
0.220267;0.124498;9.883.265
0.258574;0.124498;9.940.725
0.248997;0.114922;9.959.879
0.248997;0.143652;10.036.493
0.239420;0.124498;10.017.340
0.248997;0.124498;10.017.340
0.258574;0.114922;9.988.609
0.239420;0.105345;9.959.879
0.268151;0.134075;9.902.418
0.248997;0.134075;9.921.572
0.248997;0.153229;9.950.302
0.268151;0.124498;9.969.456
0.248997;0.153229;9.979.033
0.229843;0.153229;9.998.186
0.268151;0.105345;9.979.033
0.248997;0.134075;9.979.033
0.239420;0.114922;9.940.725
0.258574;0.114922;9.931.149
0.258574;0.134075;9.911.995
0.277727;0.124498;9.911.995
0.258574;0.134075;9.950.302
0.248997;0.105345;9.969.456
0.258574;0.114922;10.007.763
0.258574;0.086191;10.007.763
0.248997;0.124498;9.998.186
0.248997;0.124498;9.959.879
0.239420;0.114922;9.940.725
0.258574;0.124498;9.902.418
0.248997;0.105345;9.911.995
0.248997;0.124498;9.931.149
0.248997;0.134075;9.988.609
0.229843;0.124498;10.007.763
0.258574;0.124498;10.007.763
0.248997;0.114922;10.017.340
0.258574;0.134075;9.959.879
0.258574;0.114922;9.940.725
0.248997;0.134075;9.921.572
0.248997;0.124498;9.931.149
0.239420;0.095768;9.940.725
0.229843;0.134075;9.950.302
0.268151;0.124498;10.017.340
0.248997;0.114922;10.017.340
0.248997;0.143652;10.017.340
0.248997;0.124498;9.969.456
0.248997;0.124498;9.940.725
0.277727;0.134075;9.950.302
0.258574;0.124498;9.931.149
0.258574;0.124498;9.902.418
0.239420;0.124498;9.950.302
0.258574;0.143652;9.969.456
0.248997;0.114922;10.007.763
0.258574;0.124498;10.017.340
0.258574;0.124498;10.007.763
0.277727;0.134075;9.950.302
0.258574;0.134075;9.931.149
0.258574;0.105345;9.911.995
0.248997;0.095768;9.931.149
0.258574;0.114922;9.969.456
0.248997;0.124498;9.979.033
0.248997;0.134075;9.998.186
0.248997;0.124498;10.017.340
0.248997;0.124498;9.988.609
0.248997;0.143652;9.950.302
0.248997;0.114922;9.950.302
0.258574;0.124498;9.892.841
0.248997;0.114922;9.911.995
0.248997;0.134075;9.911.995
0.248997;0.124498;10.007.763
0.258574;0.114922;10.017.340
0.248997;0.124498;10.007.763
0.239420;0.114922;9.998.186
0.248997;0.134075;9.979.033
0.248997;0.124498;9.950.302
0.239420;0.114922;9.959.879
0.258574;0.114922;9.931.149
0.248997;0.114922;9.950.302
0.258574;0.114922;9.940.725
0.258574;0.105345;9.998.186
0.248997;0.124498;10.007.763
0.248997;0.134075;9.969.456
0.239420;0.114922;9.940.725
0.248997;0.114922;9.921.572
0.258574;0.124498;9.921.572
0.258574;0.095768;9.969.456
0.239420;0.134075;9.950.302
0.258574;0.153229;9.979.033
0.239420;0.124498;10.007.763
0.239420;0.134075;10.026.917
0.248997;0.105345;9.998.186
0.239420;0.124498;9.979.033
0.229843;0.134075;9.931.149
0.258574;0.134075;9.931.149
0.229843;0.124498;9.940.725
0.258574;0.124498;9.979.033
0.268151;0.095768;9.969.456
0.229843;0.105345;9.988.609
0.239420;0.105345;10.036.493
0.248997;0.143652;9.988.609
0.248997;0.134075;10.007.763
0.239420;0.105345;9.969.456
0.248997;0.114922;9.911.995
0.258574;0.105345;9.931.149
0.239420;0.114922;9.940.725
0.239420;0.124498;10.007.763
0.258574;0.143652;9.979.033
0.229843;0.114922;9.998.186
0.248997;0.105345;10.036.493
0.258574;0.114922;9.969.456
0.239420;0.114922;9.931.149
0.258574;0.114922;9.931.149
0.239420;0.105345;9.921.572
0.248997;0.134075;9.940.725
0.248997;0.114922;9.959.879
0.258574;0.134075;10.007.763
0.248997;0.124498;10.017.340
0.248997;0.114922;9.979.033
0.229843;0.114922;9.998.186
0.268151;0.124498;9.959.879
0.239420;0.124498;9.921.572
0.258574;0.124498;9.911.995
0.229843;0.124498;9.940.725
0.248997;0.134075;9.959.879
0.248997;0.114922;9.979.033
0.258574;0.124498;9.998.186
0.239420;0.143652;10.007.763
0.258574;0.114922;9.998.186
0.258574;0.124498;9.988.609
0.248997;0.095768;9.959.879
0.248997;0.124498;9.911.995
0.248997;0.105345;9.959.879
0.220267;0.134075;9.940.725
0.258574;0.114922;9.959.879
0.248997;0.143652;9.998.186
0.239420;0.134075;10.017.340
0.229843;0.124498;10.017.340
0.248997;0.105345;9.959.879
0.248997;0.105345;9.979.033
0.239420;0.124498;9.940.725
0.258574;0.134075;9.911.995
0.258574;0.124498;9.940.725
0.239420;0.124498;9.969.456
0.239420;0.114922;9.959.879
0.239420;0.114922;9.988.609
0.268151;0.124498;10.046.070
0.239420;0.124498;9.988.609
0.258574;0.134075;9.959.879
0.239420;0.134075;9.931.149
0.258574;0.134075;9.931.149
0.239420;0.143652;9.931.149
0.248997;0.134075;9.931.149
0.258574;0.095768;9.988.609
0.258574;0.114922;9.998.186
0.239420;0.143652;10.007.763
0.248997;0.124498;9.998.186
0.268151;0.124498;9.969.456
0.258574;0.114922;9.950.302
0.258574;0.114922;9.921.572
0.268151;0.124498;9.940.725
0.248997;0.134075;9.940.725
0.248997;0.134075;9.969.456
0.239420;0.105345;10.007.763
0.239420;0.124498;9.998.186
0.268151;0.124498;10.017.340
0.248997;0.114922;9.998.186
0.239420;0.134075;9.959.879
0.268151;0.124498;9.950.302
0.258574;0.143652;9.940.725
0.248997;0.134075;9.969.456
0.258574;0.114922;9.979.033
0.258574;0.124498;9.979.033
0.258574;0.134075;10.007.763
0.239420;0.105345;9.998.186
0.248997;0.124498;9.979.033
0.239420;0.114922;9.969.456
0.239420;0.124498;9.940.725
0.248997;0.105345;9.921.572
0.239420;0.134075;9.950.302
0.248997;0.143652;9.931.149
0.258574;0.114922;10.017.340
0.258574;0.124498;9.998.186
0.248997;0.124498;10.026.917
0.248997;0.105345;9.998.186
0.248997;0.124498;9.979.033
0.239420;0.134075;9.940.725
0.248997;0.124498;9.931.149
0.258574;0.105345;9.902.418
0.258574;0.124498;9.911.995
0.239420;0.105345;9.969.456
0.248997;0.114922;9.988.609
0.258574;0.134075;10.017.340
0.258574;0.124498;9.988.609
0.229843;0.134075;9.998.186
0.239420;0.124498;9.959.879
0.258574;0.124498;9.940.725
0.229843;0.124498;9.931.149
0.248997;0.124498;9.931.149
0.248997;0.134075;9.950.302
0.248997;0.124498;9.979.033
0.258574;0.124498;10.007.763
0.239420;0.114922;10.007.763
0.239420;0.114922;9.979.033
0.268151;0.134075;9.950.302
0.258574;0.124498;9.931.149
0.248997;0.134075;9.931.149
0.248997;0.114922;9.921.572
0.258574;0.124498;9.979.033
0.239420;0.124498;9.988.609
0.229843;0.134075;9.998.186
0.239420;0.114922;9.979.033
0.258574;0.134075;9.979.033
0.248997;0.114922;9.940.725
0.239420;0.105345;9.911.995
0.268151;0.143652;9.911.995
0.258574;0.105345;9.969.456
0.248997;0.134075;9.988.609
0.258574;0.124498;9.988.609
0.248997;0.124498;9.998.186
0.248997;0.124498;9.988.609
0.258574;0.134075;9.959.879
0.258574;0.114922;9.959.879
0.258574;0.124498;9.940.725
0.248997;0.124498;9.950.302
0.248997;0.105345;9.950.302
0.248997;0.134075;9.979.033
0.248997;0.124498;10.017.340
0.258574;0.114922;9.998.186
0.248997;0.114922;10.007.763
0.258574;0.134075;10.007.763
0.248997;0.105345;9.950.302
0.239420;0.105345;9.940.725
0.258574;0.114922;9.950.302
0.239420;0.124498;9.931.149
0.248997;0.134075;9.921.572
0.268151;0.134075;9.988.609
0.229843;0.134075;10.007.763
0.239420;0.124498;9.998.186
0.229843;0.134075;9.979.033
0.248997;0.105345;9.950.302
0.239420;0.124498;9.931.149
0.258574;0.114922;9.931.149
0.268151;0.114922;9.931.149
0.258574;0.124498;9.969.456
0.248997;0.143652;9.950.302
0.258574;0.134075;10.007.763
0.248997;0.105345;10.007.763
0.248997;0.114922;9.998.186
0.258574;0.124498;9.969.456
0.248997;0.124498;9.969.456
0.248997;0.114922;9.940.725
0.248997;0.124498;9.931.149
0.229843;0.114922;9.950.302
0.239420;0.105345;9.969.456
0.248997;0.114922;9.979.033
0.239420;0.124498;10.026.917
0.248997;0.124498;9.979.033
0.229843;0.124498;9.959.879
0.268151;0.134075;9.959.879
0.248997;0.124498;9.950.302
0.248997;0.124498;9.931.149
0.248997;0.134075;9.950.302
0.229843;0.134075;9.959.879
0.258574;0.124498;9.998.186
0.268151;0.124498;10.017.340
0.239420;0.124498;9.988.609
0.248997;0.134075;9.988.609
0.248997;0.124498;9.940.725
0.239420;0.124498;9.959.879
0.258574;0.124498;9.959.879
0.239420;0.153229;9.950.302
0.258574;0.134075;9.940.725
0.268151;0.124498;9.969.456
0.258574;0.134075;10.007.763
0.248997;0.134075;10.017.340
0.220267;0.105345;9.979.033
0.239420;0.143652;9.969.456
0.239420;0.114922;9.931.149
0.248997;0.105345;9.921.572
0.239420;0.143652;9.931.149
0.239420;0.114922;9.940.725
0.239420;0.134075;9.959.879
0.258574;0.134075;9.988.609
0.248997;0.134075;9.998.186
0.258574;0.124498;9.979.033
0.248997;0.124498;9.979.033
0.229843;0.134075;9.950.302
0.258574;0.143652;9.931.149
0.258574;0.114922;9.921.572
0.258574;0.105345;9.950.302
0.229843;0.086191;9.950.302
0.248997;0.124498;9.979.033
0.258574;0.134075;9.979.033
0.248997;0.143652;9.969.456
0.248997;0.114922;9.998.186
0.229843;0.134075;9.950.302
0.239420;0.124498;9.950.302
0.229843;0.124498;9.931.149
0.229843;0.114922;9.950.302
0.248997;0.114922;9.950.302
0.248997;0.114922;9.979.033
0.248997;0.095768;10.017.340
0.220267;0.124498;9.998.186
0.248997;0.105345;9.988.609
0.248997;0.105345;9.979.033
0.258574;0.114922;9.969.456
0.248997;0.124498;9.911.995
0.229843;0.114922;9.950.302
0.229843;0.162806;9.940.725
0.258574;0.134075;9.959.879
0.248997;0.143652;9.998.186
0.248997;0.124498;10.026.917
0.248997;0.134075;9.988.609
0.258574;0.114922;9.959.879
0.268151;0.124498;9.940.725
0.248997;0.124498;9.940.725
0.268151;0.114922;9.931.149
0.229843;0.134075;9.959.879
0.248997;0.143652;9.979.033
0.239420;0.134075;9.998.186
0.248997;0.124498;10.007.763
0.229843;0.134075;9.979.033
0.248997;0.134075;9.988.609
0.239420;0.124498;9.979.033
0.239420;0.114922;9.940.725
0.239420;0.134075;9.931.149
0.248997;0.114922;9.940.725
0.258574;0.114922;9.988.609
0.248997;0.134075;10.007.763
0.258574;0.124498;9.988.609
0.239420;0.124498;10.007.763
0.258574;0.124498;9.998.186
0.229843;0.105345;9.969.456
0.268151;0.124498;9.911.995
0.239420;0.114922;9.940.725
0.258574;0.124498;9.931.149
0.239420;0.105345;9.950.302
0.258574;0.124498;9.998.186
0.248997;0.124498;10.007.763
0.239420;0.105345;10.026.917
0.268151;0.134075;9.988.609
0.258574;0.114922;9.959.879
0.239420;0.114922;9.959.879
0.268151;0.134075;9.950.302
0.239420;0.124498;9.921.572
0.248997;0.105345;9.959.879
0.239420;0.124498;9.950.302
0.258574;0.086191;9.959.879
0.258574;0.114922;10.017.340
0.248997;0.134075;9.988.609
0.239420;0.134075;9.979.033
0.248997;0.114922;9.950.302
0.268151;0.124498;9.940.725
0.258574;0.114922;9.921.572
0.229843;0.124498;9.950.302
0.268151;0.124498;9.988.609
0.239420;0.143652;10.007.763
0.239420;0.134075;9.969.456
0.268151;0.105345;9.969.456
0.248997;0.134075;9.988.609
0.258574;0.105345;9.969.456
0.239420;0.114922;9.950.302
0.248997;0.086191;9.950.302
0.248997;0.134075;9.921.572
0.239420;0.124498;9.969.456
0.258574;0.124498;9.969.456
0.248997;0.143652;10.026.917
0.258574;0.143652;9.998.186
0.268151;0.134075;9.979.033
0.248997;0.143652;9.969.456
0.268151;0.134075;9.950.302
0.239420;0.124498;9.931.149
0.248997;0.124498;9.931.149
0.248997;0.134075;9.959.879
0.248997;0.134075;9.969.456
0.239420;0.114922;9.979.033
0.248997;0.105345;9.998.186
0.239420;0.114922;9.988.609
0.248997;0.134075;9.959.879
0.239420;0.114922;9.950.302
0.258574;0.124498;9.950.302
0.239420;0.162806;9.940.725
0.239420;0.114922;9.931.149
0.229843;0.134075;9.969.456
0.248997;0.114922;9.988.609
0.258574;0.134075;9.998.186
0.248997;0.143652;10.007.763
0.258574;0.105345;9.998.186
0.229843;0.134075;9.979.033
0.248997;0.134075;9.940.725
0.248997;0.124498;9.940.725
0.258574;0.124498;9.940.725
0.239420;0.105345;9.959.879
0.248997;0.143652;9.979.033
0.268151;0.124498;9.988.609
0.239420;0.105345;9.988.609
0.248997;0.134075;9.959.879
0.258574;0.134075;9.950.302
0.239420;0.105345;9.959.879
0.239420;0.124498;9.921.572
0.268151;0.124498;9.950.302
0.268151;0.114922;9.950.302
0.258574;0.114922;9.979.033
0.258574;0.114922;9.988.609
0.229843;0.134075;9.998.186
0.268151;0.134075;9.979.033
0.229843;0.134075;9.969.456
0.229843;0.114922;9.979.033
0.258574;0.124498;9.959.879
0.239420;0.143652;9.969.456
0.239420;0.124498;9.940.725
0.239420;0.134075;9.988.609
0.258574;0.105345;9.988.609
0.248997;0.114922;9.988.609
0.248997;0.095768;9.988.609
0.239420;0.134075;9.979.033
0.248997;0.105345;9.959.879
0.258574;0.124498;9.950.302
0.258574;0.114922;9.931.149
0.229843;0.134075;9.969.456
0.248997;0.124498;9.940.725
0.248997;0.114922;9.969.456
0.229843;0.134075;10.007.763
0.258574;0.114922;9.998.186
0.239420;0.124498;9.979.033
0.239420;0.105345;9.959.879
0.268151;0.143652;9.959.879
0.229843;0.114922;9.931.149
0.239420;0.114922;9.921.572
0.239420;0.114922;9.959.879
0.239420;0.143652;9.979.033
0.248997;0.143652;9.979.033
0.239420;0.124498;9.998.186
0.248997;0.124498;9.988.609
0.268151;0.114922;9.959.879
0.229843;0.124498;9.969.456
0.248997;0.134075;9.950.302
0.248997;0.124498;9.931.149
0.229843;0.114922;9.940.725
0.229843;0.105345;9.959.879
0.258574;0.114922;9.988.609
0.248997;0.114922;9.988.609
0.248997;0.124498;9.979.033
0.229843;0.124498;9.959.879
0.239420;0.143652;9.950.302
0.268151;0.124498;9.931.149
0.248997;0.105345;9.940.725
0.248997;0.134075;9.940.725
0.239420;0.095768;9.969.456
0.258574;0.134075;9.979.033
0.268151;0.134075;9.979.033
0.268151;0.114922;9.988.609
0.239420;0.124498;9.998.186
0.268151;0.124498;9.969.456
0.258574;0.124498;9.950.302
0.239420;0.114922;9.940.725
0.239420;0.134075;9.940.725
0.248997;0.153229;9.921.572
0.239420;0.124498;9.969.456
0.268151;0.162806;9.988.609
0.239420;0.124498;9.950.302
0.239420;0.124498;10.007.763
0.229843;0.124498;9.959.879
0.229843;0.134075;9.921.572
0.239420;0.134075;9.940.725
0.268151;0.134075;9.959.879
0.248997;0.143652;9.950.302
0.239420;0.114922;9.959.879
0.248997;0.114922;9.969.456
0.258574;0.114922;10.017.340
0.258574;0.124498;9.959.879
0.258574;0.124498;9.979.033
0.268151;0.124498;9.950.302
0.248997;0.153229;9.950.302
0.248997;0.134075;9.969.456
0.229843;0.143652;9.950.302
0.258574;0.114922;9.979.033
0.220267;0.114922;9.979.033
0.248997;0.114922;9.988.609
0.248997;0.124498;9.979.033
0.239420;0.114922;9.959.879
0.239420;0.124498;9.988.609
0.248997;0.124498;9.931.149
0.258574;0.134075;9.940.725
0.258574;0.124498;9.950.302
0.239420;0.124498;10.007.763
0.239420;0.134075;9.988.609
0.277727;0.124498;9.998.186
0.268151;0.105345;9.988.609
0.248997;0.114922;9.950.302
0.268151;0.124498;9.969.456
0.248997;0.114922;9.940.725
0.258574;0.134075;9.950.302
0.229843;0.105345;10.007.763
0.239420;0.124498;9.969.456
0.239420;0.124498;9.998.186
0.258574;0.124498;9.998.186
0.268151;0.114922;9.959.879
0.268151;0.124498;9.998.186
0.229843;0.124498;9.959.879
0.229843;0.143652;9.940.725
0.239420;0.143652;9.969.456
0.248997;0.124498;9.950.302
0.248997;0.124498;9.959.879
0.258574;0.105345;9.959.879
0.258574;0.153229;9.998.186
0.239420;0.114922;9.979.033
0.239420;0.153229;9.969.456
0.239420;0.114922;9.969.456
0.248997;0.134075;9.950.302
0.248997;0.134075;9.940.725
0.258574;0.124498;9.931.149
0.248997;0.124498;9.979.033
0.277727;0.124498;9.940.725
0.248997;0.114922;9.988.609
0.239420;0.134075;10.007.763
0.248997;0.134075;9.969.456
0.229843;0.105345;9.988.609
0.258574;0.114922;9.950.302
0.239420;0.105345;9.940.725
0.268151;0.124498;9.959.879
0.258574;0.124498;9.969.456
0.248997;0.134075;9.979.033
0.258574;0.134075;10.007.763
0.248997;0.143652;9.988.609
0.248997;0.124498;9.998.186
0.229843;0.124498;9.959.879
0.239420;0.124498;9.950.302
0.248997;0.124498;9.931.149
0.268151;0.105345;9.950.302
0.258574;0.124498;9.950.302
0.248997;0.124498;9.950.302
0.239420;0.114922;9.959.879
0.258574;0.134075;9.988.609
0.239420;0.124498;9.988.609
0.239420;0.124498;9.998.186
0.258574;0.114922;9.959.879
0.239420;0.124498;9.911.995
0.248997;0.124498;9.959.879
0.239420;0.114922;9.950.302
0.287304;0.114922;9.979.033
0.220267;0.114922;9.998.186
0.248997;0.134075;9.998.186
0.268151;0.114922;9.979.033
0.239420;0.105345;9.969.456
0.239420;0.134075;9.940.725
0.258574;0.105345;9.959.879
0.248997;0.124498;9.940.725
0.248997;0.143652;9.969.456
0.248997;0.124498;9.979.033
0.239420;0.105345;10.017.340
0.239420;0.105345;10.017.340
0.248997;0.143652;9.950.302
0.239420;0.143652;10.007.763
0.239420;0.124498;9.959.879
0.248997;0.134075;9.940.725
0.258574;0.124498;9.959.879
0.248997;0.134075;9.959.879
0.248997;0.124498;9.959.879
0.258574;0.124498;9.969.456
0.248997;0.114922;9.969.456
0.268151;0.134075;9.998.186
0.258574;0.134075;9.959.879
0.248997;0.105345;9.959.879
0.248997;0.114922;9.959.879
0.248997;0.124498;9.940.725
0.239420;0.124498;9.950.302
0.239420;0.134075;9.979.033
0.239420;0.105345;9.988.609
0.268151;0.172383;9.988.609
0.239420;0.134075;9.979.033
0.248997;0.124498;9.998.186
0.248997;0.124498;9.969.456
0.268151;0.124498;9.959.879
0.239420;0.124498;9.921.572
0.239420;0.143652;9.931.149
0.248997;0.134075;9.959.879
0.239420;0.105345;9.979.033
0.258574;0.124498;9.979.033
0.239420;0.124498;9.998.186
0.239420;0.114922;9.959.879
0.248997;0.114922;9.969.456
0.229843;0.095768;9.940.725
0.248997;0.124498;9.940.725
0.258574;0.114922;9.931.149
0.248997;0.124498;9.959.879
0.239420;0.134075;9.979.033
0.258574;0.105345;9.998.186
0.229843;0.143652;9.979.033
0.239420;0.114922;9.988.609
0.268151;0.124498;9.988.609
0.229843;0.124498;9.950.302
0.258574;0.134075;9.979.033
0.239420;0.134075;9.931.149
0.248997;0.134075;9.940.725
0.248997;0.124498;9.959.879
0.239420;0.105345;9.979.033
0.239420;0.114922;9.988.609
0.229843;0.124498;9.988.609
0.239420;0.124498;9.969.456
0.229843;0.143652;9.969.456
0.248997;0.124498;9.950.302
0.258574;0.124498;9.931.149
0.229843;0.134075;9.950.302
0.248997;0.114922;9.979.033
0.239420;0.095768;9.969.456
0.248997;0.124498;9.969.456
0.239420;0.124498;9.979.033
0.258574;0.114922;9.988.609
0.239420;0.134075;9.959.879
0.239420;0.124498;9.921.572
0.248997;0.105345;9.921.572
0.248997;0.134075;9.969.456
0.239420;0.114922;9.950.302
0.220267;0.134075;9.969.456
0.239420;0.134075;10.007.763
0.248997;0.124498;9.998.186
0.258574;0.105345;9.998.186
0.248997;0.124498;9.998.186
0.248997;0.134075;9.940.725
0.258574;0.143652;9.950.302
0.229843;0.124498;9.940.725
0.248997;0.143652;9.940.725
0.248997;0.114922;9.979.033
0.258574;0.143652;9.998.186
0.248997;0.124498;9.988.609
0.248997;0.105345;9.979.033
0.239420;0.124498;9.979.033
0.239420;0.114922;9.959.879
0.258574;0.105345;9.959.879
0.239420;0.143652;9.940.725
0.258574;0.114922;9.950.302
0.248997;0.124498;9.950.302
0.248997;0.105345;9.969.456
0.258574;0.124498;9.979.033
0.248997;0.134075;9.969.456
0.258574;0.124498;9.950.302
0.229843;0.143652;9.950.302
0.258574;0.134075;9.940.725
0.248997;0.124498;9.921.572
0.248997;0.105345;9.979.033
0.248997;0.134075;9.998.186
0.268151;0.124498;9.998.186
0.248997;0.134075;9.969.456
0.248997;0.105345;9.979.033
0.239420;0.143652;9.940.725
0.229843;0.114922;9.959.879
0.277727;0.124498;9.940.725
0.268151;0.153229;9.959.879
0.239420;0.124498;9.950.302
0.248997;0.105345;9.959.879
0.248997;0.134075;9.969.456
0.248997;0.134075;9.998.186
0.239420;0.134075;9.979.033
0.277727;0.114922;9.979.033
0.268151;0.114922;9.940.725
0.277727;0.143652;9.940.725
0.248997;0.124498;9.931.149
0.268151;0.124498;9.969.456
0.277727;0.143652;9.988.609
0.239420;0.124498;9.988.609
0.258574;0.143652;9.979.033
0.239420;0.105345;10.017.340
0.229843;0.134075;9.959.879
0.220267;0.143652;9.931.149
0.268151;0.134075;9.940.725
0.258574;0.134075;9.950.302
0.239420;0.143652;9.959.879
0.248997;0.134075;9.969.456
0.229843;0.124498;9.988.609
0.239420;0.143652;9.959.879
0.258574;0.134075;9.979.033
0.239420;0.124498;9.950.302
0.248997;0.124498;9.959.879
0.239420;0.143652;9.940.725
0.248997;0.105345;9.969.456
0.258574;0.124498;9.959.879
0.248997;0.124498;9.959.879
0.248997;0.114922;10.007.763
0.248997;0.143652;9.988.609
0.239420;0.143652;9.988.609
0.248997;0.105345;9.969.456
0.248997;0.134075;9.940.725
0.239420;0.114922;9.931.149
0.239420;0.124498;9.931.149
0.258574;0.124498;9.969.456
0.239420;0.124498;9.950.302
0.239420;0.134075;9.969.456
0.258574;0.105345;9.979.033
0.248997;0.114922;9.988.609
0.248997;0.124498;9.988.609
0.248997;0.105345;9.959.879
0.268151;0.143652;9.950.302
0.248997;0.134075;9.921.572
0.239420;0.134075;9.950.302
0.248997;0.134075;9.940.725
0.258574;0.134075;9.979.033
0.258574;0.143652;9.959.879
0.258574;0.114922;9.988.609
0.239420;0.134075;9.959.879
0.258574;0.124498;9.950.302
0.229843;0.143652;9.959.879
0.239420;0.124498;9.969.456
0.268151;0.124498;9.959.879
0.239420;0.114922;9.950.302
0.268151;0.143652;9.979.033
0.248997;0.134075;9.988.609
0.258574;0.124498;9.979.033
0.268151;0.134075;9.988.609
0.258574;0.124498;9.979.033
0.239420;0.124498;9.950.302
0.258574;0.114922;9.931.149
0.248997;0.114922;9.950.302
0.268151;0.124498;9.921.572
0.258574;0.124498;9.988.609
0.248997;0.095768;9.979.033
0.258574;0.134075;9.979.033
0.258574;0.095768;9.969.456
0.248997;0.114922;9.969.456
0.258574;0.134075;9.969.456
0.248997;0.124498;9.940.725
0.248997;0.124498;9.911.995
0.248997;0.134075;9.940.725
0.258574;0.114922;9.969.456
0.248997;0.143652;9.998.186
0.258574;0.134075;9.998.186
0.248997;0.114922;10.026.917
0.248997;0.095768;9.969.456
0.248997;0.124498;9.940.725
0.258574;0.124498;9.959.879
0.229843;0.143652;9.959.879
0.248997;0.143652;9.959.879
0.248997;0.124498;9.969.456
0.258574;0.134075;9.979.033
0.268151;0.134075;9.969.456
0.239420;0.134075;9.998.186
0.258574;0.124498;9.998.186
0.258574;0.114922;9.950.302
0.229843;0.105345;9.950.302
0.239420;0.114922;9.940.725
0.239420;0.124498;9.969.456
0.248997;0.153229;9.988.609
0.258574;0.095768;9.998.186
0.239420;0.105345;9.969.456
0.258574;0.134075;9.969.456
0.258574;0.124498;9.969.456
0.248997;0.143652;9.921.572
0.258574;0.143652;9.959.879
0.258574;0.143652;9.979.033
0.258574;0.134075;9.959.879
0.258574;0.124498;9.988.609
0.248997;0.124498;10.007.763
0.239420;0.143652;9.979.033
0.248997;0.134075;9.969.456
0.268151;0.124498;9.969.456
0.248997;0.124498;9.969.456
0.248997;0.086191;9.931.149
0.258574;0.134075;9.950.302
0.239420;0.134075;9.950.302
0.248997;0.143652;9.969.456
0.248997;0.143652;9.988.609
0.248997;0.134075;9.979.033
0.258574;0.124498;9.988.609
0.229843;0.114922;9.959.879
0.258574;0.124498;9.950.302
0.258574;0.114922;9.931.149
0.258574;0.124498;9.940.725
0.239420;0.114922;9.931.149
0.239420;0.143652;9.979.033
0.258574;0.114922;9.998.186
0.248997;0.114922;9.950.302
0.248997;0.162806;9.979.033
0.248997;0.134075;9.950.302
0.239420;0.134075;9.950.302
0.239420;0.114922;9.931.149
0.248997;0.124498;9.940.725
0.268151;0.124498;9.940.725
0.229843;0.134075;9.959.879
0.258574;0.124498;9.979.033
0.277727;0.114922;9.969.456
0.248997;0.134075;9.979.033
0.248997;0.114922;9.969.456
0.239420;0.095768;9.969.456
0.258574;0.134075;9.940.725
0.258574;0.124498;9.931.149
0.239420;0.124498;9.950.302
0.258574;0.134075;9.950.302
0.239420;0.124498;9.998.186
0.248997;0.124498;9.969.456
0.268151;0.105345;9.950.302
0.258574;0.114922;9.959.879
0.248997;0.105345;9.969.456
0.268151;0.134075;9.950.302
0.258574;0.105345;9.931.149
0.220267;0.114922;9.979.033
0.229843;0.134075;9.959.879
0.229843;0.134075;9.988.609
0.248997;0.143652;10.007.763
0.268151;0.124498;9.988.609
0.258574;0.105345;9.959.879
0.258574;0.134075;9.940.725
0.239420;0.105345;9.969.456
0.258574;0.124498;9.931.149
0.268151;0.124498;9.921.572
0.248997;0.143652;9.969.456
0.220267;0.134075;9.979.033
0.258574;0.143652;9.988.609
0.239420;0.153229;9.969.456
0.239420;0.134075;9.940.725
0.258574;0.124498;9.959.879
0.258574;0.124498;9.940.725
0.258574;0.114922;9.950.302
0.258574;0.134075;9.950.302
0.248997;0.114922;9.979.033
0.248997;0.105345;9.969.456
0.239420;0.134075;9.988.609
0.258574;0.134075;9.959.879
0.248997;0.134075;9.959.879
0.248997;0.124498;9.950.302
0.248997;0.114922;9.950.302
0.248997;0.153229;9.969.456
0.268151;0.134075;9.940.725
0.258574;0.114922;9.959.879
0.248997;0.134075;9.979.033
0.258574;0.124498;10.017.340
0.248997;0.124498;9.959.879
0.248997;0.114922;9.959.879
0.239420;0.124498;9.969.456
0.277727;0.124498;9.969.456
0.248997;0.114922;9.940.725
0.258574;0.095768;9.940.725
0.248997;0.124498;9.959.879
0.248997;0.114922;9.979.033
0.258574;0.134075;9.979.033
0.268151;0.114922;9.988.609
0.268151;0.124498;9.979.033
0.248997;0.153229;9.950.302
0.248997;0.124498;9.940.725
0.248997;0.134075;9.959.879
0.248997;0.105345;9.940.725
0.248997;0.124498;9.959.879
0.258574;0.114922;9.959.879
0.258574;0.124498;10.007.763
0.239420;0.134075;10.007.763
0.258574;0.134075;9.998.186
0.239420;0.114922;9.998.186
0.268151;0.143652;9.950.302
0.258574;0.143652;9.979.033
0.258574;0.124498;9.969.456
0.248997;0.114922;9.940.725
0.258574;0.134075;9.950.302
0.248997;0.105345;9.959.879
0.258574;0.114922;9.979.033
0.258574;0.124498;9.979.033
0.268151;0.105345;9.950.302
0.258574;0.143652;9.969.456
0.229843;0.124498;9.969.456
0.258574;0.134075;9.940.725
0.258574;0.124498;9.959.879
0.268151;0.114922;9.988.609
0.239420;0.134075;9.969.456
0.258574;0.114922;9.998.186
0.258574;0.124498;9.998.186
0.248997;0.143652;9.988.609
0.258574;0.105345;9.940.725
0.268151;0.105345;9.950.302
0.258574;0.114922;9.959.879
0.248997;0.114922;9.979.033
0.248997;0.114922;9.969.456
0.258574;0.114922;9.969.456
0.239420;0.114922;9.979.033
0.248997;0.114922;9.998.186
0.248997;0.124498;9.988.609
0.248997;0.114922;9.959.879
0.268151;0.134075;9.950.302
0.258574;0.114922;9.911.995
0.229843;0.124498;9.931.149
0.229843;0.114922;9.969.456
0.239420;0.124498;9.959.879
0.258574;0.105345;9.998.186
0.220267;0.114922;9.988.609
0.248997;0.134075;9.969.456
0.268151;0.143652;9.969.456
0.229843;0.124498;9.950.302
0.248997;0.105345;9.950.302
0.248997;0.124498;9.950.302
0.258574;0.124498;9.959.879
0.268151;0.114922;9.950.302
0.268151;0.143652;9.988.609
0.248997;0.134075;9.988.609
0.258574;0.124498;9.969.456
0.248997;0.143652;9.979.033
0.229843;0.124498;9.969.456
0.248997;0.124498;9.969.456
0.248997;0.095768;9.969.456
0.248997;0.134075;9.950.302
0.248997;0.134075;9.940.725
0.248997;0.105345;9.998.186
0.229843;0.134075;9.959.879
0.248997;0.134075;9.979.033
0.239420;0.134075;9.969.456
0.258574;0.114922;9.959.879
0.239420;0.124498;9.950.302
0.258574;0.124498;9.969.456
0.229843;0.114922;9.950.302
0.239420;0.124498;9.969.456
0.239420;0.134075;9.979.033
0.258574;0.134075;9.988.609
0.239420;0.105345;10.007.763
0.239420;0.105345;9.950.302
0.248997;0.134075;9.921.572
0.258574;0.134075;9.959.879
0.248997;0.134075;9.950.302
0.248997;0.114922;9.950.302
0.239420;0.124498;9.969.456
0.258574;0.134075;9.969.456
0.258574;0.134075;9.988.609
0.229843;0.124498;9.988.609
0.258574;0.134075;9.979.033
0.248997;0.124498;9.931.149
0.229843;0.134075;9.950.302
0.229843;0.114922;9.979.033
0.248997;0.114922;9.950.302
0.258574;0.114922;9.979.033
0.239420;0.143652;9.988.609
0.239420;0.114922;9.979.033
0.248997;0.143652;9.969.456
0.248997;0.114922;9.959.879
0.248997;0.134075;9.940.725
0.258574;0.124498;9.940.725
0.248997;0.114922;9.979.033
0.258574;0.134075;9.979.033
0.268151;0.143652;9.959.879
0.239420;0.105345;9.979.033
0.248997;0.124498;9.979.033
0.258574;0.134075;9.969.456
0.277727;0.124498;9.969.456
0.229843;0.134075;9.940.725
0.258574;0.134075;9.950.302
0.258574;0.124498;9.969.456
0.239420;0.114922;9.969.456
0.248997;0.124498;9.959.879
0.258574;0.105345;9.969.456
0.239420;0.143652;9.988.609
0.248997;0.134075;9.969.456
0.248997;0.124498;9.959.879
0.258574;0.124498;9.940.725
0.239420;0.124498;9.969.456
0.268151;0.114922;9.950.302
0.258574;0.134075;9.940.725
0.248997;0.134075;9.959.879
0.239420;0.124498;9.979.033
0.268151;0.105345;9.998.186
0.268151;0.134075;9.969.456
0.258574;0.143652;9.979.033
0.258574;0.114922;9.969.456
0.258574;0.124498;9.969.456
0.239420;0.114922;9.979.033
0.239420;0.134075;9.950.302
0.248997;0.134075;9.959.879
0.248997;0.095768;9.959.879
0.258574;0.114922;9.988.609
0.248997;0.124498;9.979.033
0.248997;0.124498;9.959.879
0.239420;0.134075;9.959.879
0.248997;0.134075;9.950.302
0.248997;0.114922;9.950.302
0.248997;0.124498;9.950.302
0.277727;0.124498;9.940.725
0.229843;0.114922;9.950.302
0.239420;0.143652;9.998.186
0.248997;0.105345;9.988.609
0.258574;0.124498;9.988.609
0.268151;0.124498;9.950.302
0.248997;0.105345;9.969.456
0.248997;0.143652;9.979.033
0.248997;0.114922;9.940.725
0.248997;0.124498;9.979.033
0.239420;0.114922;9.969.456
0.248997;0.114922;9.988.609
0.248997;0.124498;9.969.456
0.258574;0.134075;9.988.609
0.258574;0.134075;9.979.033
0.248997;0.114922;9.950.302
0.258574;0.124498;9.950.302
0.248997;0.124498;9.950.302
0.258574;0.105345;9.959.879
0.248997;0.124498;9.979.033
0.258574;0.124498;9.959.879
0.268151;0.124498;9.950.302
0.220267;0.105345;9.979.033
0.248997;0.124498;9.969.456
0.239420;0.105345;9.969.456
0.239420;0.124498;9.959.879
0.239420;0.134075;9.969.456
0.248997;0.134075;9.969.456
0.248997;0.124498;9.979.033
0.239420;0.153229;9.988.609
0.258574;0.124498;9.969.456
0.248997;0.114922;9.969.456
0.258574;0.134075;9.950.302
0.248997;0.134075;9.959.879
0.248997;0.114922;9.969.456
0.248997;0.124498;9.931.149
0.258574;0.134075;9.979.033
0.248997;0.114922;9.969.456
0.268151;0.143652;9.969.456
0.248997;0.134075;9.979.033
0.229843;0.143652;9.950.302
0.258574;0.114922;9.959.879
0.268151;0.114922;9.969.456
0.239420;0.114922;9.959.879
0.258574;0.114922;9.950.302
0.268151;0.114922;9.988.609
0.248997;0.114922;9.979.033
0.239420;0.124498;9.969.456
0.248997;0.114922;10.007.763
0.239420;0.134075;9.959.879
0.248997;0.095768;9.950.302
0.239420;0.105345;9.959.879
0.258574;0.114922;9.979.033
0.239420;0.105345;9.969.456
0.248997;0.134075;9.969.456
0.258574;0.134075;9.950.302
0.248997;0.105345;9.979.033
0.248997;0.134075;9.988.609
0.258574;0.124498;9.988.609
0.268151;0.134075;9.950.302
0.248997;0.105345;9.959.879
0.248997;0.134075;9.959.879
0.258574;0.124498;9.950.302
0.258574;0.134075;9.969.456
0.248997;0.124498;9.959.879
0.248997;0.124498;9.988.609
0.258574;0.143652;9.979.033
0.258574;0.124498;9.959.879
0.248997;0.114922;9.988.609
0.258574;0.134075;9.969.456
0.220267;0.114922;9.959.879
0.248997;0.114922;9.940.725
0.239420;0.124498;9.959.879
0.229843;0.134075;9.979.033
0.248997;0.124498;9.979.033
0.248997;0.143652;9.979.033
0.258574;0.114922;9.979.033
0.239420;0.114922;9.979.033
0.248997;0.124498;9.979.033
0.258574;0.114922;9.988.609
0.248997;0.134075;9.979.033
0.248997;0.114922;9.979.033
0.248997;0.114922;9.998.186
0.258574;0.143652;9.979.033
0.248997;0.143652;9.969.456
0.258574;0.114922;9.950.302
0.248997;0.153229;9.950.302
0.239420;0.124498;9.940.725
0.239420;0.124498;9.979.033
0.258574;0.114922;9.969.456
0.239420;0.114922;9.969.456
0.258574;0.105345;9.988.609
0.258574;0.124498;9.979.033
0.239420;0.124498;9.969.456
0.229843;0.153229;9.931.149
0.248997;0.124498;9.959.879
0.220267;0.134075;9.979.033
0.248997;0.124498;9.959.879
0.229843;0.153229;9.969.456
0.248997;0.124498;9.979.033
0.239420;0.134075;9.979.033
0.248997;0.143652;9.969.456
0.248997;0.134075;9.959.879
0.248997;0.134075;9.959.879
0.248997;0.124498;9.921.572
0.248997;0.134075;9.950.302
0.248997;0.143652;9.979.033
0.248997;0.134075;9.969.456
0.258574;0.114922;9.959.879
0.258574;0.134075;9.979.033
0.268151;0.143652;9.931.149
0.229843;0.114922;9.959.879
0.268151;0.124498;9.988.609
0.248997;0.134075;9.959.879
0.220267;0.124498;9.959.879
0.248997;0.095768;9.950.302
0.239420;0.124498;9.988.609
0.248997;0.124498;9.969.456
0.248997;0.114922;9.969.456
0.239420;0.114922;9.998.186
0.239420;0.134075;9.969.456
0.258574;0.143652;9.988.609
0.258574;0.114922;9.950.302
0.239420;0.124498;9.940.725
0.239420;0.134075;9.950.302
0.229843;0.124498;9.959.879
0.229843;0.143652;9.979.033
0.268151;0.105345;9.979.033
0.239420;0.114922;9.988.609
0.248997;0.143652;9.940.725
0.248997;0.124498;9.950.302
0.248997;0.134075;9.950.302
0.239420;0.114922;9.950.302
0.258574;0.105345;9.950.302
0.268151;0.105345;9.950.302
0.258574;0.124498;9.969.456
0.258574;0.124498;9.959.879
0.258574;0.134075;9.959.879
0.239420;0.105345;9.969.456
0.239420;0.124498;9.940.725
0.229843;0.134075;9.979.033
0.248997;0.114922;9.950.302
0.248997;0.124498;9.950.302
0.248997;0.124498;9.959.879
0.258574;0.134075;9.988.609
0.248997;0.124498;9.979.033
0.248997;0.095768;9.969.456
0.248997;0.114922;9.969.456
0.239420;0.105345;9.959.879
0.258574;0.143652;9.959.879
0.258574;0.124498;9.931.149
0.248997;0.124498;9.988.609
0.258574;0.124498;9.979.033
0.248997;0.114922;9.969.456
0.258574;0.134075;9.988.609
0.248997;0.124498;9.988.609
0.248997;0.086191;9.969.456
0.258574;0.114922;9.969.456
0.229843;0.134075;9.950.302
0.248997;0.134075;9.979.033
0.248997;0.124498;9.969.456
0.258574;0.114922;9.979.033
0.248997;0.134075;9.969.456
0.268151;0.105345;9.988.609
0.248997;0.105345;9.998.186
0.268151;0.105345;9.969.456
0.239420;0.124498;9.969.456
0.220267;0.124498;9.988.609
0.258574;0.143652;9.969.456
0.248997;0.124498;9.969.456
0.239420;0.124498;9.998.186
0.248997;0.124498;9.979.033
0.248997;0.124498;9.959.879
0.248997;0.114922;9.988.609
0.268151;0.105345;9.979.033
0.239420;0.105345;9.979.033
0.239420;0.114922;9.950.302
0.258574;0.114922;9.940.725
0.248997;0.124498;9.969.456
0.268151;0.114922;9.969.456
0.248997;0.114922;9.979.033
0.268151;0.134075;9.969.456
0.258574;0.124498;9.959.879
0.248997;0.143652;9.950.302
0.248997;0.124498;9.940.725
0.239420;0.114922;9.950.302
0.277727;0.134075;9.969.456
0.239420;0.124498;9.959.879
0.229843;0.134075;9.969.456
0.248997;0.124498;9.988.609
0.239420;0.114922;9.969.456
0.239420;0.124498;9.979.033
0.248997;0.105345;9.940.725
0.239420;0.114922;9.921.572
0.258574;0.105345;9.950.302
0.248997;0.134075;9.988.609
0.258574;0.134075;10.007.763
0.248997;0.124498;9.969.456
0.229843;0.124498;9.988.609
0.239420;0.143652;9.988.609
0.248997;0.124498;9.969.456
0.258574;0.124498;9.979.033
0.248997;0.124498;9.921.572
0.248997;0.114922;9.969.456
0.248997;0.114922;9.979.033
0.248997;0.095768;9.988.609
0.248997;0.124498;9.979.033
0.248997;0.143652;9.988.609
0.239420;0.124498;9.959.879
0.248997;0.114922;9.959.879
0.239420;0.134075;9.969.456
0.239420;0.124498;9.959.879
0.239420;0.124498;10.007.763
0.229843;0.105345;9.969.456
0.239420;0.134075;9.959.879
0.239420;0.124498;9.988.609
0.258574;0.124498;9.969.456
0.258574;0.134075;9.969.456
0.268151;0.124498;9.969.456
0.239420;0.134075;9.950.302
0.239420;0.124498;9.950.302
0.248997;0.105345;9.979.033
0.248997;0.134075;9.979.033
0.239420;0.114922;9.979.033
0.248997;0.124498;9.969.456
0.268151;0.114922;9.988.609
0.239420;0.114922;9.969.456
0.239420;0.124498;9.998.186
0.239420;0.124498;9.959.879
0.248997;0.143652;9.969.456
0.268151;0.114922;9.979.033
0.268151;0.124498;9.979.033
0.268151;0.124498;9.988.609
0.258574;0.134075;9.969.456
0.258574;0.143652;9.979.033
0.229843;0.143652;9.959.879
0.229843;0.134075;9.979.033
0.239420;0.124498;9.950.302
0.248997;0.114922;9.959.879
0.258574;0.124498;9.950.302
0.248997;0.105345;9.969.456
0.239420;0.105345;9.979.033
0.248997;0.143652;9.979.033
0.248997;0.143652;9.979.033
0.258574;0.134075;9.979.033
0.239420;0.143652;9.969.456
0.248997;0.105345;9.959.879
0.248997;0.124498;9.940.725
0.239420;0.134075;9.988.609
0.248997;0.143652;9.959.879
0.258574;0.134075;9.959.879
0.248997;0.134075;9.969.456
0.239420;0.105345;9.969.456
0.258574;0.114922;9.959.879
0.239420;0.124498;9.988.609
0.258574;0.124498;9.969.456
0.239420;0.114922;9.979.033
0.248997;0.105345;9.959.879
0.239420;0.134075;9.959.879
0.258574;0.114922;9.979.033
0.248997;0.124498;9.979.033
0.248997;0.105345;9.969.456
0.239420;0.134075;9.979.033
0.248997;0.114922;9.959.879
0.229843;0.114922;9.979.033
0.268151;0.153229;9.969.456
0.268151;0.124498;9.959.879
0.239420;0.134075;9.988.609
0.239420;0.134075;9.979.033
0.268151;0.134075;9.998.186
0.229843;0.114922;9.969.456
0.220267;0.086191;9.988.609
0.239420;0.124498;9.988.609
0.258574;0.114922;9.979.033
0.239420;0.124498;9.950.302
0.229843;0.114922;9.959.879
0.248997;0.134075;9.969.456
0.248997;0.114922;9.959.879
0.239420;0.124498;9.950.302
0.248997;0.114922;9.959.879
0.239420;0.134075;9.959.879
0.229843;0.134075;9.979.033
0.268151;0.134075;9.950.302
0.268151;0.114922;9.959.879
0.239420;0.105345;9.959.879
0.248997;0.105345;9.959.879
0.258574;0.124498;9.931.149
0.248997;0.134075;9.988.609
0.258574;0.114922;9.969.456
0.258574;0.143652;9.988.609
0.239420;0.114922;9.959.879
0.248997;0.143652;9.979.033
0.248997;0.124498;9.969.456
0.258574;0.124498;9.959.879
0.239420;0.124498;9.950.302
0.248997;0.114922;9.979.033
0.248997;0.124498;9.979.033
0.239420;0.124498;9.950.302
0.248997;0.134075;9.988.609
0.248997;0.095768;9.988.609
0.239420;0.114922;9.969.456
0.239420;0.143652;9.931.149
0.248997;0.114922;9.959.879
0.239420;0.114922;9.979.033
0.239420;0.114922;9.959.879
0.268151;0.153229;9.979.033
0.258574;0.114922;9.969.456
0.239420;0.134075;9.998.186
0.258574;0.134075;9.998.186
0.258574;0.143652;9.950.302
0.239420;0.143652;9.998.186
0.239420;0.124498;9.959.879
0.258574;0.114922;9.959.879
0.258574;0.114922;9.950.302
0.248997;0.124498;9.959.879
0.248997;0.134075;9.988.609
0.258574;0.105345;9.998.186
0.248997;0.114922;9.988.609
0.248997;0.124498;9.969.456
0.248997;0.124498;9.940.725
0.239420;0.105345;9.931.149
0.248997;0.114922;9.969.456
0.258574;0.114922;9.931.149
0.248997;0.124498;9.950.302
0.258574;0.124498;9.959.879
0.268151;0.114922;9.988.609
0.268151;0.134075;9.969.456
0.248997;0.095768;9.950.302
0.229843;0.114922;9.969.456
0.248997;0.105345;9.959.879
0.248997;0.114922;9.959.879
0.248997;0.143652;9.969.456
0.258574;0.124498;9.931.149
0.268151;0.124498;9.959.879
0.248997;0.124498;9.988.609
0.239420;0.124498;10.007.763
0.258574;0.124498;9.969.456
0.248997;0.143652;9.969.456
0.229843;0.134075;9.950.302
0.248997;0.124498;9.959.879
0.258574;0.143652;9.959.879
0.258574;0.114922;9.959.879
0.248997;0.134075;9.959.879
0.248997;0.114922;9.979.033
0.239420;0.124498;9.979.033
0.268151;0.134075;9.969.456
0.229843;0.143652;9.979.033
0.248997;0.124498;9.969.456
0.239420;0.114922;9.950.302
0.258574;0.105345;9.959.879
0.239420;0.134075;9.950.302
0.239420;0.114922;9.979.033
0.258574;0.114922;9.950.302
0.239420;0.134075;9.979.033
0.239420;0.143652;9.969.456
0.239420;0.105345;9.979.033
0.258574;0.105345;9.959.879
0.248997;0.114922;9.979.033
0.248997;0.134075;9.959.879
0.258574;0.114922;9.959.879
0.268151;0.114922;9.979.033
0.258574;0.114922;9.969.456
0.258574;0.134075;9.969.456
0.239420;0.143652;9.969.456
0.258574;0.143652;9.979.033
0.248997;0.114922;9.959.879
0.258574;0.124498;9.979.033
0.239420;0.124498;9.950.302
0.248997;0.105345;9.959.879
0.248997;0.114922;9.950.302
0.268151;0.134075;9.979.033
0.229843;0.124498;9.959.879
0.258574;0.105345;9.959.879
0.248997;0.095768;9.988.609
0.239420;0.143652;9.979.033
0.248997;0.114922;9.969.456
0.248997;0.124498;9.940.725
0.239420;0.124498;9.969.456
0.229843;0.124498;9.969.456
0.268151;0.124498;9.979.033
0.248997;0.124498;9.940.725
0.258574;0.114922;9.959.879
0.258574;0.114922;9.969.456
0.229843;0.114922;9.979.033
0.268151;0.105345;9.959.879
0.268151;0.114922;9.931.149
0.248997;0.105345;9.940.725
0.239420;0.143652;9.969.456
0.239420;0.134075;9.969.456
0.248997;0.134075;9.969.456
0.229843;0.124498;9.979.033
0.229843;0.153229;9.950.302
0.239420;0.134075;9.988.609
0.277727;0.124498;9.959.879
0.248997;0.124498;9.940.725
0.239420;0.124498;9.979.033
0.248997;0.114922;9.969.456
0.229843;0.124498;9.950.302
0.258574;0.143652;9.988.609
0.229843;0.124498;9.979.033
0.258574;0.143652;9.988.609
0.248997;0.124498;9.959.879
0.239420;0.134075;9.940.725
0.258574;0.134075;9.950.302
0.258574;0.153229;9.940.725
0.268151;0.114922;9.988.609
0.239420;0.124498;9.940.725
0.268151;0.124498;9.950.302
0.268151;0.114922;9.988.609
0.268151;0.134075;9.979.033
0.248997;0.114922;9.988.609
0.258574;0.124498;9.950.302
0.239420;0.134075;9.988.609
0.239420;0.114922;9.940.725
0.229843;0.114922;9.979.033
0.239420;0.095768;9.998.186
0.220267;0.143652;9.969.456
0.268151;0.124498;9.998.186
0.248997;0.124498;9.969.456
0.239420;0.134075;9.969.456
0.248997;0.134075;9.950.302
0.229843;0.134075;9.959.879
0.239420;0.114922;9.950.302
0.258574;0.124498;9.959.879
0.248997;0.105345;9.950.302
0.248997;0.124498;9.959.879
0.248997;0.124498;9.969.456
0.248997;0.114922;9.988.609
0.239420;0.134075;9.959.879
0.239420;0.143652;9.950.302
0.258574;0.143652;9.979.033
0.248997;0.134075;9.950.302
0.268151;0.124498;9.969.456
0.239420;0.134075;9.931.149
0.248997;0.143652;9.969.456
0.248997;0.114922;9.988.609
0.248997;0.134075;9.969.456
0.248997;0.124498;9.959.879
0.248997;0.124498;9.979.033
0.258574;0.153229;9.959.879
0.248997;0.134075;9.969.456
0.268151;0.124498;9.959.879
0.248997;0.134075;9.959.879
0.239420;0.124498;9.969.456
0.268151;0.124498;9.959.879
0.258574;0.124498;9.959.879
0.239420;0.124498;9.969.456
0.248997;0.124498;9.998.186
0.239420;0.124498;9.969.456
0.248997;0.114922;9.940.725
0.248997;0.124498;9.969.456
0.258574;0.114922;9.969.456
0.248997;0.134075;9.969.456
0.258574;0.134075;9.969.456
0.229843;0.134075;9.988.609
0.258574;0.105345;9.979.033
0.258574;0.114922;9.969.456
0.258574;0.124498;9.969.456
0.248997;0.153229;9.979.033
0.248997;0.105345;9.950.302
0.239420;0.124498;9.950.302
0.258574;0.124498;9.979.033
0.248997;0.114922;9.959.879
0.258574;0.134075;9.969.456
0.248997;0.143652;9.959.879
0.248997;0.143652;9.988.609
0.268151;0.153229;9.969.456
0.239420;0.134075;9.979.033
0.268151;0.124498;9.959.879
0.248997;0.134075;9.959.879
0.248997;0.114922;9.950.302
0.229843;0.114922;9.969.456
0.248997;0.105345;9.969.456
0.268151;0.114922;9.988.609
0.248997;0.124498;9.979.033
0.239420;0.114922;9.979.033
0.248997;0.134075;9.950.302
0.268151;0.114922;9.969.456
0.248997;0.153229;9.969.456
0.239420;0.134075;9.979.033
0.239420;0.143652;9.950.302
0.248997;0.134075;9.950.302
0.239420;0.114922;9.950.302
0.248997;0.114922;9.959.879
0.229843;0.134075;9.988.609
0.258574;0.124498;9.950.302
0.268151;0.134075;9.969.456
0.258574;0.114922;9.969.456
0.229843;0.114922;9.969.456
0.248997;0.124498;9.979.033
0.239420;0.124498;9.969.456
0.239420;0.114922;9.969.456
0.258574;0.105345;9.988.609
0.239420;0.114922;9.969.456
0.268151;0.124498;9.998.186
0.268151;0.143652;9.979.033
0.248997;0.134075;9.979.033
0.258574;0.143652;9.959.879
0.248997;0.153229;9.959.879
0.248997;0.134075;9.950.302
0.248997;0.143652;9.979.033
0.268151;0.114922;9.959.879
0.258574;0.114922;9.969.456
0.239420;0.124498;9.988.609
0.229843;0.114922;9.988.609
0.258574;0.114922;9.979.033
0.277727;0.134075;9.969.456
0.258574;0.114922;9.950.302
0.248997;0.105345;9.969.456
0.248997;0.105345;9.969.456
0.277727;0.114922;9.979.033
0.268151;0.134075;9.969.456
0.248997;0.124498;9.950.302
0.248997;0.095768;9.979.033
0.258574;0.143652;9.979.033
0.258574;0.124498;9.979.033
0.248997;0.124498;9.988.609
0.239420;0.114922;9.988.609
0.239420;0.124498;9.969.456
0.229843;0.134075;9.959.879
0.268151;0.134075;9.959.879
0.239420;0.124498;9.950.302
0.248997;0.134075;9.959.879
0.239420;0.162806;9.959.879
0.248997;0.143652;9.950.302
0.248997;0.124498;9.988.609
0.239420;0.143652;9.931.149
0.248997;0.095768;9.969.456
0.258574;0.134075;9.959.879
0.258574;0.105345;9.979.033
0.229843;0.114922;9.950.302
0.268151;0.134075;9.998.186
0.258574;0.143652;9.969.456
0.248997;0.114922;9.969.456
0.239420;0.124498;9.940.725
0.268151;0.124498;9.979.033
0.239420;0.124498;9.969.456
0.239420;0.114922;9.969.456
0.248997;0.143652;9.979.033
0.248997;0.124498;9.979.033
0.229843;0.124498;9.969.456
0.239420;0.086191;9.950.302
0.239420;0.134075;9.959.879
0.239420;0.124498;9.998.186
0.239420;0.114922;9.969.456
0.258574;0.114922;9.988.609
0.248997;0.134075;9.979.033
0.248997;0.143652;9.988.609
0.239420;0.114922;9.969.456
0.248997;0.124498;9.979.033
0.248997;0.114922;9.969.456
0.248997;0.134075;9.969.456
0.248997;0.124498;9.969.456
0.239420;0.124498;9.988.609
0.248997;0.114922;9.969.456
0.268151;0.124498;9.969.456
0.268151;0.134075;9.969.456
0.248997;0.134075;9.988.609
0.258574;0.124498;9.979.033
0.248997;0.105345;9.979.033
0.239420;0.134075;9.979.033
0.239420;0.153229;9.988.609
0.248997;0.114922;9.950.302
0.239420;0.124498;9.959.879
0.268151;0.114922;9.979.033
0.248997;0.153229;9.979.033
0.268151;0.105345;9.959.879
0.258574;0.114922;9.979.033
0.268151;0.124498;9.998.186
0.248997;0.095768;9.979.033
0.248997;0.124498;9.959.879
0.258574;0.114922;9.969.456
0.248997;0.114922;9.969.456
0.268151;0.095768;9.959.879
0.239420;0.086191;9.959.879
0.248997;0.114922;9.969.456
0.258574;0.124498;9.969.456
0.239420;0.124498;9.959.879
0.248997;0.124498;9.969.456
0.258574;0.143652;9.998.186
0.268151;0.143652;9.959.879
0.229843;0.124498;9.959.879
0.248997;0.134075;9.959.879
0.229843;0.134075;9.979.033
0.258574;0.124498;9.988.609
0.248997;0.143652;9.950.302
0.258574;0.134075;9.969.456
0.268151;0.124498;9.969.456
0.248997;0.114922;9.959.879
0.258574;0.124498;9.950.302
0.248997;0.105345;9.998.186
0.258574;0.134075;9.969.456
0.239420;0.124498;9.988.609
0.258574;0.114922;9.988.609
0.239420;0.105345;9.988.609
0.239420;0.105345;9.959.879
0.268151;0.134075;9.998.186
0.248997;0.124498;9.969.456
0.248997;0.124498;9.950.302
0.248997;0.114922;9.969.456
0.239420;0.105345;9.959.879
0.248997;0.105345;9.969.456
0.248997;0.105345;9.979.033
0.258574;0.134075;9.988.609
0.258574;0.124498;9.940.725
0.268151;0.105345;9.979.033
0.248997;0.105345;9.959.879
0.248997;0.114922;9.979.033
0.248997;0.114922;9.911.995
0.248997;0.134075;9.969.456
0.248997;0.114922;9.969.456
0.239420;0.114922;9.988.609
0.239420;0.124498;9.921.572
0.258574;0.124498;9.998.186
0.239420;0.143652;9.969.456
0.239420;0.114922;9.950.302
0.248997;0.124498;9.959.879
0.239420;0.124498;9.950.302
0.248997;0.153229;9.979.033
0.268151;0.124498;9.998.186
0.248997;0.124498;9.969.456
0.248997;0.114922;9.979.033
0.239420;0.124498;9.950.302
0.258574;0.134075;9.950.302
0.268151;0.105345;9.940.725
0.248997;0.105345;9.969.456
0.248997;0.153229;9.959.879
0.248997;0.124498;9.940.725
0.258574;0.124498;9.988.609
0.258574;0.124498;9.979.033
0.239420;0.124498;9.969.456
0.258574;0.114922;9.979.033
0.248997;0.124498;9.988.609
0.248997;0.134075;9.988.609
0.258574;0.124498;9.959.879
0.258574;0.124498;9.950.302
0.258574;0.124498;9.969.456
0.277727;0.134075;9.979.033
0.248997;0.124498;9.988.609
0.239420;0.105345;9.979.033
0.248997;0.114922;9.979.033
0.248997;0.124498;9.988.609
0.239420;0.095768;9.959.879
0.277727;0.134075;9.969.456
0.248997;0.124498;9.969.456
0.258574;0.124498;9.959.879
0.248997;0.124498;9.969.456
0.248997;0.105345;9.979.033
0.258574;0.114922;10.007.763
0.258574;0.134075;9.969.456
0.239420;0.114922;9.969.456
0.239420;0.134075;9.979.033
0.229843;0.114922;9.969.456
0.248997;0.134075;9.979.033
0.229843;0.124498;9.959.879
0.248997;0.114922;9.950.302
0.248997;0.134075;9.969.456
0.239420;0.114922;9.969.456
0.248997;0.114922;9.988.609
0.248997;0.114922;9.969.456
0.258574;0.134075;9.979.033
0.258574;0.134075;9.959.879
0.277727;0.124498;9.969.456
0.248997;0.114922;9.959.879
0.239420;0.143652;9.988.609
0.258574;0.124498;9.988.609
0.277727;0.143652;9.950.302
0.248997;0.124498;9.969.456
0.229843;0.114922;9.969.456
0.258574;0.114922;9.988.609
0.248997;0.124498;9.988.609
0.248997;0.114922;9.988.609
0.248997;0.105345;9.959.879
0.258574;0.114922;9.988.609
0.258574;0.134075;9.959.879
0.258574;0.124498;9.969.456
0.248997;0.114922;9.959.879
0.239420;0.114922;9.959.879
0.248997;0.134075;9.988.609
0.277727;0.105345;9.959.879
0.248997;0.143652;9.979.033
0.248997;0.105345;9.940.725
0.258574;0.124498;9.950.302
0.239420;0.114922;9.950.302
0.258574;0.105345;9.979.033
0.229843;0.134075;9.988.609
0.248997;0.134075;9.988.609
0.248997;0.143652;9.998.186
0.248997;0.124498;9.969.456
0.239420;0.124498;9.950.302
0.220267;0.105345;9.988.609
0.248997;0.134075;9.979.033
0.248997;0.114922;9.950.302
0.248997;0.114922;9.969.456
0.248997;0.105345;9.959.879
0.248997;0.124498;9.988.609
0.258574;0.124498;9.969.456
0.248997;0.114922;9.959.879
0.268151;0.105345;9.950.302
0.258574;0.105345;9.988.609
0.258574;0.124498;9.969.456
0.239420;0.114922;9.950.302
0.248997;0.124498;9.959.879
0.229843;0.105345;9.969.456
0.239420;0.124498;9.959.879
0.258574;0.114922;9.969.456
0.248997;0.134075;9.979.033
0.248997;0.105345;9.979.033
0.248997;0.134075;9.969.456
0.258574;0.114922;9.959.879
0.220267;0.114922;9.950.302
0.239420;0.124498;9.988.609
0.258574;0.143652;9.959.879
0.248997;0.124498;9.959.879
0.239420;0.134075;9.979.033
0.239420;0.134075;9.969.456
0.258574;0.105345;9.979.033
0.239420;0.105345;9.959.879
0.258574;0.124498;9.969.456
0.248997;0.105345;9.921.572
0.258574;0.114922;9.959.879
0.258574;0.134075;9.988.609
0.258574;0.105345;9.959.879
0.248997;0.124498;9.969.456
0.239420;0.124498;9.959.879
0.239420;0.134075;9.988.609
0.248997;0.114922;9.988.609
0.239420;0.105345;9.959.879
0.248997;0.134075;9.959.879
0.220267;0.153229;9.969.456
0.229843;0.134075;9.959.879
0.258574;0.105345;9.959.879
0.258574;0.086191;9.979.033
0.248997;0.105345;9.969.456
0.239420;0.134075;9.950.302
0.258574;0.105345;9.959.879
0.258574;0.124498;9.979.033
0.277727;0.143652;9.950.302
0.258574;0.124498;9.969.456
0.258574;0.114922;9.969.456
0.258574;0.114922;9.979.033
0.258574;0.124498;9.988.609
0.258574;0.134075;9.950.302
0.248997;0.124498;9.959.879
0.258574;0.143652;9.959.879
0.239420;0.143652;9.959.879
0.248997;0.143652;9.959.879
0.248997;0.124498;9.979.033
0.258574;0.114922;9.959.879
0.258574;0.114922;9.988.609
0.248997;0.124498;9.959.879
0.239420;0.105345;9.979.033
0.239420;0.105345;9.959.879
0.239420;0.105345;9.969.456
0.268151;0.095768;9.969.456
0.248997;0.114922;9.969.456
0.229843;0.124498;9.969.456
0.258574;0.134075;9.969.456
0.248997;0.124498;9.969.456
0.258574;0.124498;9.988.609
0.248997;0.114922;9.959.879
0.239420;0.114922;9.950.302
0.258574;0.114922;9.950.302
0.248997;0.124498;9.959.879
0.239420;0.105345;9.979.033
0.239420;0.114922;9.988.609
0.239420;0.134075;9.950.302
0.248997;0.105345;9.988.609
0.258574;0.124498;9.959.879
0.239420;0.124498;9.979.033
0.248997;0.105345;9.998.186
0.248997;0.153229;9.979.033
0.239420;0.114922;9.969.456
0.248997;0.134075;9.969.456
0.258574;0.134075;9.940.725
0.258574;0.134075;9.950.302
0.268151;0.124498;9.969.456
0.258574;0.124498;9.969.456
0.239420;0.143652;9.979.033
0.229843;0.134075;9.988.609
0.248997;0.124498;9.979.033
0.248997;0.124498;9.950.302
0.239420;0.114922;9.950.302
0.239420;0.124498;9.988.609
0.229843;0.134075;9.979.033
0.239420;0.124498;9.797.073
0.248997;0.134075;9.730.036
0.239420;0.134075;9.768.343
0.258574;0.124498;10.141.838
0.239420;0.114922;10.304.645
0.258574;0.114922;10.409.989
0.258574;0.134075;10.390.836
0.248997;0.105345;10.017.340
0.248997;0.143652;9.883.265
0.258574;0.124498;9.682.152
0.239420;0.143652;9.509.769
0.248997;0.114922;9.548.077
0.268151;0.105345;9.768.343
0.248997;0.095768;10.256.760
0.268151;0.143652;10.400.413
0.258574;0.114922;10.496.181
0.248997;0.114922;10.390.836
0.248997;0.143652;9.959.879
0.248997;0.124498;9.691.729
0.239420;0.124498;9.528.923
0.239420;0.114922;9.538.500
0.229843;0.095768;9.749.189
0.258574;0.134075;9.998.186
0.268151;0.143652;10.218.452
0.248997;0.143652;10.477.027
0.258574;0.124498;10.381.259
0.248997;0.124498;10.189.722
0.229843;0.134075;9.691.729
0.239420;0.124498;9.538.500
0.248997;0.143652;9.500.193
0.229843;0.124498;9.519.346
0.248997;0.134075;9.969.456
0.258574;0.095768;10.180.145
0.287304;0.114922;10.400.413
0.239420;0.114922;10.362.105
0.277727;0.134075;10.208.876
0.268151;0.124498;9.969.456
0.239420;0.105345;9.557.653
0.229843;0.114922;9.509.769
0.248997;0.124498;9.528.923
0.239420;0.134075;9.730.036
0.258574;0.114922;10.170.568
0.258574;0.114922;10.390.836
0.258574;0.143652;10.448.297
0.248997;0.143652;10.208.876
0.258574;0.114922;9.959.879
0.239420;0.105345;9.710.882
0.239420;0.114922;9.481.039
0.229843;0.105345;9.528.923
0.229843;0.134075;9.730.036
0.248997;0.153229;9.959.879
0.277727;0.134075;10.390.836
0.268151;0.134075;10.438.720
0.258574;0.114922;10.362.105
0.248997;0.124498;9.969.456
0.239420;0.105345;9.739.613
0.248997;0.153229;9.567.230
0.229843;0.114922;9.519.346
0.239420;0.143652;9.720.459
0.248997;0.143652;9.940.725
0.248997;0.114922;10.180.145
0.268151;0.124498;10.429.143
0.248997;0.124498;10.352.529
0.258574;0.124498;10.237.606
0.258574;0.086191;9.720.459
0.229843;0.124498;9.586.384
0.239420;0.114922;9.481.039
0.239420;0.124498;9.557.653
0.268151;0.124498;9.902.418
0.258574;0.095768;10.141.838
0.268151;0.134075;10.342.952
0.268151;0.124498;10.371.682
0.268151;0.124498;10.256.760
0.239420;0.086191;10.017.340
0.229843;0.134075;9.595.961
0.229843;0.105345;9.481.039
0.210690;0.124498;9.548.077
0.239420;0.114922;9.710.882
0.248997;0.114922;10.113.108
0.258574;0.124498;10.342.952
0.258574;0.124498;10.390.836
0.258574;0.134075;10.266.336
0.239420;0.114922;10.026.917
0.258574;0.105345;9.806.650
0.239420;0.105345;9.509.769
0.239420;0.134075;9.528.923
0.248997;0.105345;9.519.346
0.220267;0.134075;9.634.268
0.258574;0.143652;10.438.720
0.268151;0.114922;10.716.447
0.277727;0.143652;10.783.484
0.248997;0.143652;10.228.029
0.258574;0.114922;9.825.804
0.239420;0.134075;9.442.732
0.229843;0.114922;9.155.427
0.248997;0.134075;9.299.079
0.248997;0.114922;9.643.845
0.258574;0.134075;10.084.377
0.287304;0.114922;10.726.024
0.258574;0.134075;10.802.638
0.248997;0.095768;10.630.256
0.239420;0.124498;9.883.265
0.258574;0.114922;9.452.309
0.239420;0.124498;9.203.311
0.239420;0.095768;9.165.004
0.239420;0.114922;9.643.845
0.258574;0.134075;10.036.493
0.239420;0.124498;10.409.989
0.268151;0.124498;10.773.908
0.268151;0.124498;10.630.256
0.248997;0.124498;10.314.221
0.248997;0.134075;9.931.149
0.229843;0.114922;9.203.311
0.239420;0.114922;9.155.427
0.248997;0.134075;9.279.925
0.248997;0.105345;10.026.917
0.248997;0.114922;10.409.989
0.239420;0.153229;10.735.600
0.268151;0.105345;10.639.832
0.239420;0.124498;10.333.375
0.239420;0.124498;9.931.149
0.248997;0.095768;9.538.500
0.239420;0.143652;9.155.427
0.220267;0.105345;9.241.618
0.258574;0.114922;9.605.537
0.268151;0.124498;10.381.259
0.239420;0.124498;10.716.447
0.268151;0.134075;10.745.177
0.258574;0.095768;10.362.105
0.248997;0.124498;9.921.572
0.239420;0.114922;9.557.653
0.239420;0.124498;9.270.349
0.229843;0.105345;9.289.502
0.248997;0.105345;9.586.384
0.258574;0.105345;9.969.456
0.277727;0.134075;10.687.716
0.258574;0.105345;10.735.600
0.239420;0.134075;10.649.409
0.248997;0.143652;10.381.259
0.239420;0.105345;9.586.384
0.239420;0.095768;9.299.079
0.239420;0.134075;9.241.618
0.248997;0.124498;9.567.230
0.239420;0.105345;9.950.302
0.258574;0.124498;10.362.105
0.277727;0.105345;10.726.024
0.248997;0.143652;10.668.563
0.268151;0.124498;10.381.259
0.258574;0.114922;9.969.456
0.153229;0.143652;8.360.553
0.220267;0.134075;8.791.509
0.277727;0.086191;9.490.616
0.277727;0.153229;11.051.635