0.277727;0.076614;9.940.725
0.220267;0.086191;9.988.609
0.287304;0.086191;9.979.033
0.229843;0.162806;10.046.070
0.258574;0.076614;9.892.841
0.239420;0.162806;10.026.917
0.268151;0.067038;9.892.841
0.239420;0.153229;10.017.340
0.258574;0.067038;9.931.149
0.229843;0.124498;9.979.033
0.258574;0.143652;10.093.954
0.229843;0.057461;9.921.572
0.258574;0.162806;10.055.647
0.229843;0.057461;9.921.572
0.258574;0.153229;10.026.917
0.248997;0.067038;9.854.534
0.248997;0.134075;9.931.149
0.239420;0.114922;9.931.149
0.239420;0.114922;9.902.418
0.239420;0.124498;9.892.841
0.229843;0.047884;9.873.688
0.239420;0.134075;10.084.377
0.239420;0.067038;10.007.763
0.239420;0.153229;10.237.606
0.248997;0.114922;10.228.029
0.268151;0.153229;10.534.488
0.258574;0.114922;10.534.488
0.967257;-0.019154;13.340.492
-0.584185;0.277727;11.731.588
0.421380;0.124498;11.501.745
-0.248997;0.172383;9.768.343
-0.335188;-0.019154;7.220.912
-1.312.023;0.153229;8.667.010
0.622492;0.134075;4.050.989
0.316035;0.239420;3.294.421
-0.316035;0.114922;3.763.685
0.316035;0.076614;9.117.120
0.220267;0.201113;10.544.065
0.392649;0.095768;14.681.245
0.871489;0.162806;18.291.700
-0.325611;0.134075;15.504.850
0.545878;0.105345;12.650.962
0.000000;0.105345;3.658.340
0.009577;0.095768;3.744.531
0.459687;0.210690;2.825.158
-0.392649;0.086191;3.131.616
0.210690;0.162806;10.582.372
0.220267;0.076614;14.853.627
0.430956;0.153229;16.816.874
0.287304;0.067038;15.619.772
0.306458;0.191536;12.622.231
0.220267;0.105345;9.682.152
-0.047884;0.162806;3.418.920
0.354342;0.086191;2.576.161
-0.038307;0.067038;3.581.726
0.210690;0.114922;7.192.182
0.248997;0.047884;14.642.938
0.363919;0.181959;16.405.069
0.440533;0.153229;17.946.936
0.210690;0.181959;12.899.959
0.181959;0.067038;5.123.591
-0.009577;0.153229;3.581.726
-0.019154;0.153229;3.581.726
0.047884;0.095768;3.840.300
0.229843;0.181959;6.847.417
0.296881;0.114922;10.438.720
0.402226;0.181959;16.328.455
0.363919;0.105345;17.736.246
0.430956;0.134075;15.849.615
0.268151;0.134075;9.634.268
0.210690;0.095768;5.535.394
0.086191;0.181959;3.763.685
0.162806;0.134075;2.346.318
0.239420;0.191536;6.646.304
0.229843;0.105345;10.189.722
0.344765;0.095768;14.125.790
0.363919;0.114922;17.554.287
0.258574;0.181959;13.532.028
0.258574;0.181959;13.532.028
0.153229;0.114922;5.889.736
0.114922;0.153229;3.945.644
0.162806;0.105345;2.442.086
0.076614;0.114922;3.964.798
0.220267;0.095768;9.998.186
0.354342;0.105345;13.790.602
0.363919;0.172383;16.146.496
0.411803;0.124498;15.945.383
0.277727;0.172383;13.771.448
0.268151;0.057461;9.835.381
0.162806;0.095768;6.272.809
0.134075;0.057461;2.509.123
0.114922;0.105345;3.936.068
0.229843;0.143652;6.272.809
0.325611;0.143652;13.464.991
0.363919;0.181959;16.021.997
0.383072;0.095768;17.266.983
0.287304;0.143652;13.895.947
0.296881;0.086191;10.007.763
0.134075;0.134075;6.588.843
0.134075;0.162806;4.137.180
0.095768;0.114922;3.926.491
0.220267;0.162806;6.090.849
0.210690;0.086191;9.615.114
0.363919;0.191536;15.868.769
0.373495;0.114922;17.065.870
0.392649;0.181959;16.117.765
0.287304;0.086191;10.218.452
0.172383;0.181959;6.914.454
0.143652;0.153229;4.290.410
0.124498;0.095768;2.815.581
0.210690;0.134075;5.947.197
0.210690;0.086191;9.452.309
0.316035;0.162806;12.938.266
0.373495;0.095768;16.941.372
0.363919;0.143652;16.203.957
0.287304;0.124498;14.106.636
0.287304;0.086191;10.419.566
0.143652;0.114922;4.395.754
0.105345;0.076614;2.959.233
0.105345;0.143652;3.859.453
0.201113;0.105345;9.232.041
0.335188;0.162806;12.737.153
0.354342;0.095768;15.495.274
0.373495;0.181959;16.280.571
0.306458;0.095768;14.183.250
0.277727;0.095768;10.668.563
0.162806;0.143652;7.479.486
0.124498;0.105345;3.131.616
0.143652;0.134075;3.811.569
0.191536;0.095768;5.640.739
0.316035;0.153229;12.440.272
0.354342;0.114922;15.284.584
0.373495;0.124498;16.654.066
0.325611;0.134075;14.269.443
0.258574;0.143652;10.898.406
0.181959;0.162806;7.680.599
0.162806;0.105345;4.683.059
0.124498;0.172383;3.801.992
0.162806;0.095768;5.506.664
0.210690;0.124498;8.858.546
0.335188;0.105345;15.093.047
0.383072;0.134075;16.539.145
0.363919;0.162806;16.328.455
0.316035;0.086191;14.346.057
0.201113;0.153229;7.948.750
0.153229;0.095768;4.845.864
0.124498;0.134075;3.476.381
0.191536;0.086191;5.430.049
0.210690;0.134075;8.667.010
0.296881;0.153229;11.980.585
0.392649;0.124498;16.462.530
0.354342;0.124498;16.366.762
0.325611;0.076614;14.432.248
0.268151;0.124498;11.386.824
0.162806;0.076614;5.056.554
0.114922;0.153229;3.620.033
0.124498;0.114922;3.715.801
0.181959;0.124498;8.494.628
0.296881;0.153229;11.741.165
0.316035;0.086191;14.652.514
0.373495;0.172383;16.347.609
0.335188;0.095768;14.528.016
0.258574;0.143652;11.607.090
0.201113;0.134075;8.341.399
0.114922;0.162806;3.792.415
0.172383;0.143652;3.706.224
0.143652;0.124498;5.276.821
0.277727;0.124498;11.482.592
0.325611;0.134075;14.451.402
0.383072;0.181959;16.232.687
0.344765;0.143652;16.309.301
0.268151;0.172383;11.827.356
0.191536;0.134075;8.504.205
0.162806;0.114922;5.487.510
0.134075;0.124498;3.725.378
0.143652;0.114922;5.181.053
0.201113;0.172383;8.092.402
0.325611;0.095768;14.269.443
0.363919;0.162806;16.079.458
0.363919;0.124498;16.232.687
0.296881;0.143652;11.999.739
0.229843;0.095768;8.743.625
0.181959;0.086191;5.736.507
0.124498;0.143652;4.089.296
0.162806;0.095768;5.133.168
0.201113;0.143652;7.948.750
0.268151;0.076614;11.032.481
0.325611;0.114922;14.077.906
0.373495;0.105345;16.194.380
0.344765;0.114922;14.805.743
0.258574;0.162806;12.200.851
0.153229;0.105345;5.947.197
0.134075;0.143652;4.213.795
0.134075;0.105345;3.715.801
0.220267;0.153229;7.766.790
0.287304;0.095768;10.812.215
0.325611;0.114922;13.867.216
0.363919;0.172383;15.792.154
0.335188;0.153229;14.844.050
0.277727;0.172383;12.363.658
0.220267;0.124498;9.078.813
0.124498;0.153229;4.357.447
0.162806;0.114922;3.801.992
0.172383;0.143652;5.066.131
0.258574;0.114922;10.620.679
0.354342;0.181959;15.619.772
0.354342;0.181959;15.619.772
0.383072;0.086191;16.060.305
0.287304;0.134075;12.526.464
0.239420;0.076614;9.299.079
0.172383;0.143652;6.416.461
0.134075;0.105345;3.849.876
0.162806;0.114922;5.037.400
0.201113;0.105345;7.412.448
0.258574;0.105345;10.400.413
0.354342;0.076614;16.002.844
0.344765;0.143652;15.035.586
0.239420;0.095768;9.490.616
0.162806;0.124498;6.646.304
0.143652;0.124498;4.587.290
0.134075;0.143652;4.999.093
0.229843;0.134075;7.230.489
0.248997;0.076614;10.208.876
0.316035;0.153229;13.254.301
0.373495;0.105345;15.964.537
0.335188;0.162806;15.093.047
0.306458;0.134075;12.746.730
0.172383;0.153229;6.866.570
0.162806;0.134075;4.702.212
0.134075;0.124498;3.983.952
0.201113;0.114922;7.058.106
0.239420;0.143652;10.046.070
0.306458;0.153229;13.072.341
0.354342;0.134075;15.131.354
0.325611;0.162806;15.093.047
0.296881;0.114922;12.880.805
0.258574;0.105345;9.902.418
0.134075;0.134075;4.865.018
0.134075;0.143652;4.060.566
0.143652;0.153229;4.903.325
0.229843;0.105345;6.904.878
0.316035;0.153229;12.871.228
0.344765;0.124498;14.958.972
0.363919;0.114922;15.820.885
0.296881;0.095768;13.005.303
0.239420;0.105345;10.122.684
0.201113;0.124498;7.278.373
0.143652;0.124498;4.165.911
0.153229;0.143652;4.874.595
0.201113;0.067038;6.770.802
0.220267;0.134075;9.691.729
0.344765;0.086191;14.767.436
0.363919;0.143652;15.753.847
0.344765;0.153229;15.160.085
0.248997;0.143652;10.323.798
0.181959;0.143652;7.412.448
0.124498;0.095768;5.171.476
0.181959;0.162806;4.845.864
0.191536;0.095768;6.655.881
0.248997;0.153229;9.519.346
0.287304;0.143652;12.421.119
0.383072;0.162806;15.696.386
0.354342;0.143652;15.179.238
0.296881;0.114922;13.235.147
0.201113;0.153229;7.632.715
0.162806;0.114922;5.324.705
0.134075;0.153229;4.376.601
0.153229;0.114922;4.807.557
0.268151;0.162806;9.366.117
0.287304;0.114922;12.200.851
0.316035;0.114922;14.451.402
0.344765;0.134075;15.160.085
0.316035;0.095768;13.359.646
0.258574;0.134075;10.735.600
0.134075;0.076614;5.506.664
0.143652;0.143652;4.472.369
0.134075;0.095768;4.788.404
0.181959;0.086191;6.464.345
0.306458;0.124498;11.999.739
0.344765;0.124498;14.279.019
0.363919;0.153229;15.533.581
0.325611;0.105345;13.455.414
0.277727;0.143652;10.898.406
0.201113;0.095768;8.025.364
0.162806;0.114922;5.688.623
0.143652;0.124498;4.750.096
0.172383;0.095768;6.397.307
0.239420;0.124498;9.011.775
0.325611;0.134075;14.144.943
0.354342;0.191536;15.437.813
0.335188;0.124498;15.150.508
0.248997;0.143652;11.042.058
0.220267;0.105345;8.188.169
0.162806;0.134075;5.861.006
0.134075;0.153229;4.635.174
0.191536;0.134075;6.339.846
0.210690;0.143652;8.858.546
0.277727;0.124498;11.578.360
0.354342;0.124498;15.140.931
0.325611;0.143652;13.685.257
0.210690;0.105345;8.360.553
0.172383;0.134075;6.042.965
0.143652;0.143652;4.750.096
0.162806;0.086191;4.759.673
0.248997;0.134075;8.695.741
0.296881;0.095768;11.386.824
0.325611;0.114922;13.848.063
0.354342;0.076614;15.131.354
0.316035;0.124498;13.771.448
0.268151;0.114922;11.367.670
0.172383;0.124498;6.215.348
0.162806;0.143652;4.855.441
0.143652;0.114922;4.759.673
0.162806;0.134075;6.157.887
0.258574;0.086191;11.185.710
0.316035;0.143652;13.666.103
0.344765;0.114922;15.102.624
0.316035;0.153229;13.848.063
0.258574;0.134075;11.501.745
0.229843;0.095768;8.753.201
0.172383;0.134075;6.435.614
0.143652;0.124498;4.817.134
0.191536;0.162806;6.100.426
0.229843;0.134075;8.331.821
0.306458;0.162806;13.484.144
0.335188;0.124498;14.958.972
0.354342;0.114922;15.112.201
0.287304;0.134075;11.654.974
0.210690;0.114922;8.983.045
0.172383;0.153229;6.560.112
0.153229;0.114922;4.845.864
0.191536;0.143652;6.023.811
0.181959;0.134075;8.216.900
0.268151;0.153229;10.812.215
0.373495;0.105345;14.815.320
0.344765;0.124498;15.064.317
0.325611;0.124498;13.991.714
0.277727;0.114922;11.769.896
0.143652;0.114922;6.761.226
0.162806;0.105345;5.181.053
0.153229;0.124498;4.893.748
0.191536;0.124498;8.025.364
0.277727;0.095768;10.678.140
0.277727;0.114922;13.129.802
0.363919;0.143652;15.054.740
0.316035;0.153229;14.087.482
0.296881;0.114922;11.894.394
0.239420;0.124498;9.337.387
0.153229;0.114922;5.286.397
0.143652;0.105345;4.912.902
0.172383;0.153229;5.889.736
0.248997;0.162806;10.486.604
0.306458;0.153229;12.947.843
0.344765;0.105345;14.575.900
0.344765;0.153229;15.006.856
0.268151;0.124498;12.047.623
0.229843;0.162806;9.557.653
0.181959;0.153229;7.105.990
0.153229;0.153229;4.989.516
0.181959;0.143652;5.861.006
0.239420;0.105345;7.747.637
0.296881;0.134075;12.785.037
0.344765;0.124498;14.422.671
0.354342;0.134075;14.949.395
0.316035;0.134075;14.164.097
0.229843;0.114922;9.710.882
0.181959;0.114922;7.249.643
0.143652;0.086191;5.573.701
0.162806;0.105345;5.784.391
0.201113;0.086191;7.642.292
0.239420;0.095768;10.160.992
0.335188;0.124498;14.307.750
0.335188;0.114922;14.949.395
0.316035;0.114922;14.183.250
0.306458;0.086191;12.306.197
0.210690;0.114922;7.431.602
0.191536;0.114922;5.669.470
0.134075;0.134075;5.094.861
0.210690;0.095768;7.508.216
0.248997;0.153229;9.998.186
0.306458;0.134075;12.401.965
0.344765;0.153229;14.882.358
0.335188;0.134075;14.221.559
0.287304;0.114922;12.411.542
0.239420;0.143652;10.046.070
0.172383;0.114922;5.822.699
0.153229;0.134075;5.181.053
0.162806;0.114922;5.698.200
0.239420;0.143652;9.844.957
0.296881;0.114922;12.220.005
0.344765;0.134075;14.058.752
0.354342;0.162806;14.777.013
0.287304;0.134075;12.536.040
0.239420;0.134075;10.237.606
0.191536;0.114922;7.738.060
0.162806;0.114922;5.228.937
0.162806;0.105345;5.707.777
0.191536;0.114922;7.326.257
0.277727;0.114922;12.009.315
0.316035;0.105345;13.915.100
0.335188;0.143652;14.738.706
0.325611;0.114922;14.231.135
0.239420;0.124498;10.362.105
0.210690;0.095768;7.929.596
0.162806;0.095768;5.305.551
0.172383;0.086191;5.650.316
0.181959;0.095768;7.230.489
0.258574;0.124498;9.490.616
0.316035;0.143652;13.800.179
0.335188;0.114922;14.671.668
0.335188;0.114922;14.221.559
0.296881;0.143652;12.756.307
0.201113;0.105345;8.121.132
0.172383;0.105345;6.263.232
0.172383;0.134075;5.363.012
0.210690;0.153229;7.173.028
0.239420;0.153229;9.366.117
0.296881;0.105345;11.683.704
0.325611;0.153229;13.646.950
0.335188;0.134075;14.288.596
0.296881;0.134075;12.871.228
0.258574;0.124498;10.658.986
0.172383;0.143652;6.368.577
0.172383;0.143652;5.430.049
0.162806;0.114922;5.631.162
0.239420;0.105345;9.193.734
0.287304;0.134075;11.511.322
0.316035;0.143652;13.484.144
0.335188;0.124498;14.470.555
0.296881;0.124498;12.957.419
0.258574;0.095768;10.812.215
0.181959;0.114922;6.598.420
0.153229;0.105345;5.506.664
0.162806;0.095768;5.631.162
0.210690;0.134075;6.981.492
0.229843;0.086191;9.050.082
0.325611;0.134075;13.350.069
0.325611;0.105345;14.441.825
0.335188;0.105345;14.288.596
0.248997;0.114922;10.946.290
0.239420;0.105345;8.638.280
0.201113;0.124498;6.703.765
0.153229;0.124498;5.669.470
0.191536;0.143652;6.904.878
0.239420;0.114922;8.896.853
0.277727;0.153229;11.233.594
0.325611;0.114922;14.317.327
0.316035;0.143652;14.288.596
0.296881;0.172383;13.072.341
0.220267;0.134075;8.791.509
0.191536;0.172383;6.818.686
0.153229;0.124498;5.650.316
0.210690;0.143652;6.799.533
0.220267;0.105345;8.753.201
0.258574;0.134075;11.022.904
0.296881;0.153229;13.081.918
0.325611;0.153229;14.288.596
0.296881;0.153229;13.196.839
0.277727;0.105345;11.224.017
0.181959;0.124498;6.991.069
0.191536;0.114922;5.755.661
0.172383;0.134075;5.707.777
0.191536;0.105345;6.789.956
0.258574;0.134075;10.898.406
0.287304;0.162806;12.919.112
0.335188;0.124498;14.240.712
0.306458;0.114922;13.225.570
0.258574;0.105345;11.310.209
0.210690;0.114922;9.126.697
0.162806;0.105345;5.832.275
0.172383;0.114922;5.726.931
0.172383;0.134075;6.675.035
0.210690;0.124498;8.485.051
0.296881;0.124498;12.765.883
0.325611;0.105345;14.001.291
0.344765;0.124498;14.250.289
0.287304;0.153229;11.463.438
0.220267;0.124498;9.308.656
0.181959;0.114922;7.278.373
0.162806;0.124498;5.765.238
0.191536;0.124498;6.636.727
0.239420;0.124498;8.350.976
0.296881;0.143652;12.583.924
0.325611;0.134075;13.924.677
0.316035;0.134075;14.211.981
0.306458;0.105345;13.359.646
0.220267;0.134075;9.452.309
0.181959;0.124498;7.393.295
0.162806;0.114922;6.071.695
0.172383;0.134075;6.569.689
0.220267;0.134075;8.274.361
0.248997;0.134075;10.467.450
0.277727;0.114922;12.449.849
0.325611;0.143652;14.192.827
0.306458;0.114922;13.378.799
0.287304;0.124498;11.702.858
0.191536;0.114922;7.536.947
0.172383;0.095768;6.148.310
0.162806;0.105345;5.841.852
0.201113;0.105345;6.512.228
0.268151;0.124498;10.295.067
0.268151;0.095768;12.315.774
0.335188;0.105345;13.713.987
0.316035;0.114922;13.397.953
0.287304;0.114922;11.808.203
0.248997;0.124498;9.758.766
0.181959;0.114922;6.263.232
0.181959;0.143652;5.870.583
0.191536;0.124498;6.502.652
0.201113;0.124498;8.073.248
0.287304;0.124498;12.143.391
0.296881;0.153229;13.608.643
0.325611;0.143652;14.097.059
0.277727;0.143652;11.932.701
0.229843;0.143652;9.873.688
0.191536;0.124498;6.378.153
0.191536;0.124498;6.378.153
0.162806;0.124498;6.445.191
0.201113;0.124498;7.996.634
0.248997;0.153229;9.979.033
0.316035;0.134075;13.484.144
0.335188;0.134075;14.058.752
0.306458;0.095768;13.484.144
0.258574;0.143652;9.998.186
0.191536;0.105345;7.996.634
0.143652;0.114922;6.502.652
0.162806;0.124498;5.928.043
0.229843;0.134075;7.881.712
0.248997;0.114922;9.864.111
0.296881;0.124498;13.397.953
0.344765;0.105345;14.001.291
0.306458;0.105345;13.503.298
0.296881;0.105345;12.105.083
0.220267;0.095768;8.092.402
0.201113;0.114922;6.655.881
0.172383;0.114922;5.995.081
0.172383;0.124498;6.416.461
0.268151;0.124498;9.720.459
0.287304;0.124498;11.750.742
0.306458;0.134075;13.311.762
0.325611;0.134075;13.532.028
0.306458;0.153229;12.210.428
0.239420;0.114922;10.266.336
0.229843;0.153229;8.264.784
0.181959;0.124498;6.042.965
0.162806;0.134075;6.397.307
0.191536;0.134075;7.718.906
0.268151;0.124498;11.578.360
0.316035;0.143652;13.139.379
0.316035;0.143652;13.876.793
0.306458;0.143652;12.277.467
0.239420;0.143652;10.381.259
0.210690;0.124498;8.389.283
0.172383;0.134075;6.866.570
0.181959;0.105345;6.387.730
0.181959;0.095768;7.613.562
0.229843;0.134075;9.442.732
0.316035;0.114922;13.053.187
0.316035;0.114922;13.809.755
0.344765;0.114922;13.551.182
0.277727;0.114922;12.373.235
0.220267;0.114922;8.523.358
0.210690;0.114922;6.981.492
0.201113;0.086191;6.157.887
0.201113;0.105345;7.565.677
0.248997;0.105345;9.327.810
0.268151;0.124498;11.300.632
0.306458;0.134075;13.723.564
0.316035;0.124498;13.570.335
0.296881;0.114922;12.440.272
0.258574;0.114922;10.639.832
0.201113;0.134075;7.096.414
0.153229;0.124498;6.234.501
0.172383;0.124498;6.397.307
0.229843;0.143652;9.203.311
0.258574;0.124498;11.156.980
0.325611;0.124498;12.804.191
0.306458;0.134075;13.599.066
0.287304;0.124498;12.526.464
0.268151;0.134075;10.773.908
0.210690;0.143652;8.858.546
0.172383;0.114922;6.311.116
0.172383;0.143652;6.368.577
0.239420;0.143652;9.117.120
0.268151;0.124498;11.051.635
0.296881;0.105345;12.679.692
0.316035;0.114922;13.627.796
0.316035;0.153229;13.551.182
0.248997;0.124498;10.869.676
0.210690;0.114922;8.973.468
0.210690;0.105345;7.316.680
0.181959;0.114922;6.426.037
0.210690;0.105345;7.335.834
0.239420;0.105345;8.973.468
0.296881;0.114922;12.555.194
0.325611;0.105345;13.560.759
0.316035;0.134075;13.579.912
0.277727;0.114922;12.622.231
0.229843;0.143652;9.136.273
0.210690;0.105345;7.422.025
0.181959;0.114922;6.445.191
0.201113;0.114922;7.268.796
0.229843;0.143652;8.858.546
0.268151;0.124498;10.783.484
0.296881;0.114922;13.426.683
0.316035;0.162806;13.541.605
0.296881;0.143652;12.689.269
0.258574;0.143652;11.118.672
0.220267;0.143652;7.546.524
0.181959;0.124498;6.540.959
0.172383;0.134075;6.416.461
0.220267;0.134075;8.791.509
0.248997;0.134075;10.639.832
0.287304;0.114922;12.306.197
0.306458;0.114922;13.378.799
0.296881;0.105345;12.727.576
0.277727;0.105345;11.214.440
0.239420;0.124498;9.366.117
0.191536;0.143652;6.607.996
0.181959;0.086191;6.445.191
0.229843;0.105345;7.182.605
0.248997;0.086191;10.524.911
0.306458;0.114922;12.152.967
0.306458;0.134075;13.283.031
0.325611;0.124498;13.484.144
0.287304;0.124498;11.319.786
0.239420;0.114922;9.490.616
0.201113;0.105345;7.814.674
0.181959;0.124498;6.483.498
0.191536;0.124498;7.144.298
0.229843;0.124498;8.580.819
0.258574;0.114922;10.371.682
0.325611;0.134075;13.206.416
0.325611;0.134075;13.474.567
0.306458;0.124498;12.804.191
0.229843;0.143652;9.605.537
0.210690;0.124498;7.939.173
0.181959;0.134075;6.837.840
0.201113;0.134075;7.115.568
0.229843;0.153229;8.513.782
0.248997;0.124498;10.228.029
0.277727;0.143652;11.923.124
0.316035;0.114922;13.464.991
0.306458;0.134075;12.852.075
0.277727;0.143652;11.511.322
0.210690;0.134075;8.044.518
0.201113;0.153229;6.885.724
0.143652;0.105345;6.512.228
0.220267;0.105345;8.389.283
0.268151;0.114922;10.122.684
0.287304;0.114922;11.836.933
0.296881;0.114922;13.024.457
0.316035;0.114922;12.890.382
0.277727;0.124498;11.587.936
0.248997;0.114922;9.873.688
0.181959;0.114922;6.971.915
0.181959;0.095768;6.569.689
0.191536;0.124498;7.038.953
0.210690;0.134075;8.341.399
0.277727;0.105345;11.702.858
0.296881;0.114922;12.919.112
0.316035;0.124498;13.369.223
0.248997;0.114922;11.654.974
0.248997;0.105345;10.007.763
0.201113;0.114922;8.303.091
0.191536;0.114922;6.598.420
0.181959;0.153229;7.048.530
0.191536;0.124498;8.264.784
0.239420;0.143652;9.892.841
0.306458;0.134075;12.823.344
0.296881;0.143652;13.311.762
0.296881;0.114922;12.919.112
0.258574;0.124498;10.093.954
0.229843;0.134075;8.418.014
0.181959;0.143652;7.153.875
0.191536;0.124498;6.646.304
0.220267;0.143652;8.159.439
0.248997;0.134075;9.768.343
0.287304;0.153229;11.434.708
0.316035;0.124498;13.273.455
0.306458;0.134075;12.938.266
0.296881;0.134075;11.827.356
0.201113;0.124498;8.571.242
0.181959;0.095768;7.259.220
0.191536;0.105345;6.675.035
0.201113;0.124498;7.010.222
0.220267;0.124498;9.662.998
0.268151;0.143652;11.367.670
0.296881;0.105345;12.631.808
0.287304;0.124498;12.966.996
0.296881;0.105345;11.903.971
0.268151;0.124498;10.304.645
0.201113;0.124498;7.374.141
0.181959;0.124498;6.713.342
0.172383;0.114922;6.991.069
0.220267;0.095768;8.015.787
0.248997;0.134075;11.243.171
0.287304;0.134075;12.526.464
0.316035;0.134075;13.168.109
0.306458;0.124498;11.961.432
0.248997;0.134075;10.448.297
0.201113;0.134075;8.810.662
0.191536;0.134075;6.789.956
0.191536;0.134075;6.981.492
0.201113;0.143652;7.920.019
0.229843;0.114922;9.471.462
0.287304;0.134075;12.421.119
0.296881;0.134075;13.120.225
0.306458;0.162806;13.005.303
0.258574;0.134075;10.534.488
0.239420;0.124498;8.916.007
0.191536;0.114922;7.536.947
0.191536;0.134075;6.847.417
0.210690;0.124498;7.872.135
0.239420;0.105345;9.318.233
0.277727;0.105345;10.975.020
0.325611;0.114922;13.081.918
0.306458;0.124498;12.995.727
0.277727;0.114922;12.066.776
0.229843;0.124498;9.021.352
0.210690;0.114922;7.642.292
0.181959;0.124498;6.924.031
0.181959;0.114922;6.991.069
0.248997;0.114922;9.260.772
0.258574;0.124498;10.860.099
0.287304;0.114922;12.239.159
0.296881;0.114922;12.995.727
0.287304;0.124498;12.133.814
0.277727;0.143652;10.754.754
0.220267;0.124498;9.155.427
0.201113;0.134075;6.981.492
0.201113;0.124498;6.991.069
0.229843;0.134075;7.747.637
0.258574;0.124498;10.735.600
0.306458;0.134075;12.114.660
0.306458;0.114922;12.947.843
0.296881;0.114922;12.191.275
0.258574;0.114922;10.831.368
0.239420;0.143652;9.241.618
0.220267;0.114922;7.872.135
0.201113;0.124498;6.971.915
0.201113;0.124498;7.718.906
0.296881;0.124498;12.028.469
0.296881;0.143652;12.871.228
0.296881;0.143652;12.957.419
0.248997;0.124498;10.936.713
0.220267;0.134075;9.346.964
0.210690;0.114922;7.939.173
0.181959;0.114922;7.105.990
0.220267;0.114922;7.690.176
0.239420;0.134075;8.973.468
0.258574;0.114922;10.534.488
0.287304;0.114922;12.804.191
0.306458;0.124498;12.919.112
0.296881;0.114922;12.287.044
0.229843;0.124498;9.471.462
0.229843;0.114922;8.092.402
0.201113;0.134075;7.182.605
0.191536;0.105345;7.029.376
0.210690;0.134075;8.906.430
0.268151;0.134075;10.438.720
0.296881;0.143652;11.817.780
0.306458;0.114922;12.890.382
0.277727;0.114922;12.315.774
0.258574;0.124498;11.099.519
0.220267;0.124498;8.159.439
0.201113;0.134075;7.259.220
0.181959;0.143652;7.029.376
0.239420;0.143652;7.603.985
0.248997;0.105345;10.295.067
0.277727;0.105345;11.693.281
0.306458;0.153229;12.660.539
0.296881;0.143652;12.363.658
0.277727;0.124498;11.185.710
0.239420;0.105345;9.672.575
0.229843;0.124498;8.274.361
0.201113;0.124498;7.086.837
0.201113;0.124498;7.603.985
0.229843;0.114922;8.753.201
0.287304;0.124498;11.616.667
0.296881;0.105345;12.593.501
0.316035;0.105345;12.861.651
0.287304;0.095768;12.401.965
0.258574;0.134075;9.777.920
0.210690;0.114922;8.379.706
0.191536;0.105345;7.383.718
0.210690;0.134075;7.565.677
0.239420;0.124498;8.647.857
0.239420;0.124498;10.074.800
0.306458;0.095768;12.478.580
0.316035;0.124498;12.842.498
0.277727;0.124498;12.440.272
0.268151;0.095768;11.319.786
0.229843;0.134075;8.485.051
0.210690;0.124498;7.498.640
0.201113;0.134075;7.173.028
0.229843;0.114922;8.580.819
0.258574;0.134075;10.007.763
0.277727;0.143652;11.415.554
0.316035;0.134075;12.794.614
0.296881;0.134075;12.421.119
0.277727;0.114922;11.396.400
0.220267;0.124498;10.007.763
0.210690;0.124498;7.536.947
0.191536;0.114922;7.182.605
0.210690;0.124498;7.498.640
0.248997;0.124498;9.892.841
0.287304;0.134075;11.310.209
0.287304;0.124498;12.334.928
0.306458;0.134075;12.775.460
0.258574;0.124498;11.453.861
0.248997;0.114922;10.074.800
0.220267;0.124498;8.667.010
0.191536;0.086191;7.192.182
0.201113;0.124498;7.489.063
0.220267;0.124498;8.437.167
0.277727;0.114922;11.204.864
0.306458;0.114922;12.258.312
0.296881;0.095768;12.737.153
0.287304;0.134075;12.449.849
0.248997;0.134075;10.208.876
0.220267;0.124498;8.801.085
0.201113;0.143652;7.718.906
0.191536;0.124498;7.489.063
0.220267;0.114922;8.370.130
0.239420;0.114922;9.710.882
0.248997;0.143652;11.089.942
0.296881;0.153229;12.698.846
0.296881;0.124498;12.516.887
0.287304;0.143652;11.587.936
0.229843;0.124498;8.896.853
0.210690;0.134075;7.776.367
0.201113;0.134075;7.268.796
0.201113;0.134075;8.322.245
0.248997;0.124498;9.595.961
0.268151;0.105345;11.003.751
0.277727;0.134075;12.105.083
0.277727;0.114922;12.488.156
0.277727;0.124498;11.626.244
0.248997;0.105345;10.352.529
0.191536;0.124498;7.891.289
0.220267;0.114922;7.316.680
0.201113;0.114922;7.469.909
0.248997;0.134075;9.528.923
0.268151;0.134075;10.907.983
0.296881;0.114922;12.028.469
0.287304;0.114922;12.603.078
0.296881;0.095768;11.722.012
0.248997;0.124498;10.457.873
0.229843;0.105345;9.097.966
0.210690;0.105345;7.354.988
0.210690;0.114922;7.441.179
0.220267;0.134075;8.207.323
0.239420;0.134075;9.442.732
0.287304;0.134075;11.923.124
0.306458;0.134075;12.536.040
0.316035;0.124498;12.497.733
0.248997;0.134075;10.572.795
0.248997;0.134075;9.184.157
0.210690;0.143652;8.054.094
0.201113;0.143652;7.441.179
0.210690;0.124498;8.140.285
0.220267;0.134075;9.346.964
0.277727;0.114922;11.846.510
0.296881;0.124498;12.507.310
0.296881;0.143652;12.469.003
0.268151;0.124498;11.808.203
0.239420;0.114922;9.260.772
0.220267;0.134075;8.149.862
0.191536;0.143652;7.498.640
0.220267;0.134075;8.101.978
0.239420;0.124498;9.270.349
0.239420;0.124498;10.611.102
0.277727;0.134075;11.760.319
0.287304;0.134075;12.469.003
0.287304;0.124498;11.856.087
0.258574;0.105345;10.735.600
0.210690;0.114922;8.207.323
0.191536;0.124498;7.508.216
0.210690;0.124498;7.460.332
0.239420;0.105345;9.203.311
0.239420;0.124498;10.477.027
0.258574;0.114922;11.654.974
0.287304;0.124498;12.382.812
0.258574;0.143652;11.884.817
0.277727;0.143652;10.783.484
0.239420;0.143652;9.471.462
0.191536;0.124498;7.584.831
0.191536;0.114922;7.479.486
0.220267;0.153229;8.044.518
0.239420;0.143652;9.107.543
0.277727;0.134075;11.607.090
0.287304;0.134075;12.344.504
0.296881;0.143652;12.459.426
0.248997;0.124498;10.888.829
0.248997;0.114922;9.576.807
0.210690;0.153229;8.408.437
0.201113;0.124498;7.489.063
0.210690;0.105345;8.034.941
0.229843;0.134075;9.040.505
0.277727;0.124498;10.314.221
0.296881;0.114922;12.287.044
0.287304;0.134075;12.430.696
0.287304;0.124498;11.932.701
0.239420;0.105345;9.653.421
0.229843;0.105345;8.485.051
0.220267;0.124498;7.747.637
0.191536;0.124498;7.508.216
0.258574;0.124498;8.954.314
0.258574;0.114922;10.218.452
0.287304;0.095768;11.415.554
0.277727;0.124498;12.401.965
0.287304;0.134075;11.980.585
0.268151;0.114922;10.994.174
0.220267;0.134075;8.552.089
0.210690;0.134075;7.766.790
0.191536;0.124498;7.536.947
0.201113;0.134075;7.987.057
0.258574;0.134075;10.122.684
0.277727;0.124498;11.310.209
0.287304;0.143652;12.172.121
0.277727;0.114922;11.999.739
0.268151;0.153229;11.032.481
0.248997;0.134075;9.854.534
0.210690;0.114922;7.824.251
0.210690;0.134075;7.556.100
0.191536;0.124498;7.929.596
0.210690;0.114922;8.848.969
0.287304;0.143652;11.243.171
0.296881;0.143652;12.076.353
0.277727;0.124498;12.382.812
0.268151;0.114922;11.109.096
0.248997;0.124498;9.931.149
0.210690;0.143652;8.762.778
0.201113;0.143652;7.872.135
0.210690;0.114922;7.929.596
0.239420;0.114922;8.781.932
0.258574;0.105345;9.969.456
0.277727;0.153229;12.018.892
0.306458;0.114922;12.344.504
0.306458;0.114922;12.057.199
0.248997;0.124498;9.998.186
0.229843;0.124498;8.839.393
0.210690;0.105345;7.939.173
0.220267;0.124498;7.900.866
0.239420;0.134075;8.724.471
0.248997;0.114922;9.892.841
0.258574;0.134075;11.061.212
0.277727;0.114922;12.306.197
0.296881;0.134075;12.038.046
0.277727;0.105345;11.214.440
0.258574;0.105345;10.093.954
0.210690;0.134075;7.642.292
0.210690;0.105345;7.891.289
0.248997;0.105345;9.816.227
0.296881;0.124498;10.975.020
0.296881;0.153229;11.875.240
0.277727;0.134075;12.047.623
0.277727;0.134075;11.281.479
0.268151;0.124498;10.170.568
0.229843;0.124498;8.992.621
0.201113;0.134075;7.651.869
0.201113;0.124498;7.862.558
0.229843;0.124498;8.638.280
0.258574;0.114922;10.879.252
0.287304;0.124498;11.836.933
0.306458;0.143652;12.239.159
0.258574;0.114922;11.329.363
0.258574;0.095768;10.256.760
0.239420;0.124498;9.059.659
0.201113;0.105345;8.159.439
0.210690;0.124498;7.862.558
0.239420;0.114922;8.599.973
0.248997;0.114922;9.653.421
0.287304;0.114922;11.750.742
0.296881;0.124498;12.229.582
0.287304;0.124498;12.085.930
0.258574;0.134075;11.415.554
0.239420;0.114922;9.155.427
0.191536;0.134075;8.236.053
0.210690;0.114922;7.747.637
0.220267;0.134075;8.523.358
0.239420;0.143652;9.586.384
0.248997;0.124498;10.754.754
0.287304;0.143652;12.172.121
0.287304;0.143652;12.057.199
0.296881;0.153229;11.415.554
0.268151;0.143652;10.381.259
0.220267;0.124498;8.331.821
0.201113;0.134075;7.805.098
0.201113;0.124498;7.891.289
0.239420;0.134075;9.509.769
0.248997;0.114922;10.649.409
0.296881;0.134075;11.635.820
0.277727;0.134075;12.047.623
0.287304;0.134075;11.473.015
0.229843;0.143652;10.467.450
0.220267;0.114922;9.337.387
0.210690;0.114922;7.852.982
0.201113;0.105345;7.881.712
0.229843;0.124498;8.446.744
0.258574;0.124498;10.553.641
0.306458;0.134075;11.549.629
0.296881;0.095768;12.085.930
0.296881;0.124498;11.501.745
0.239420;0.105345;10.553.641
0.229843;0.095768;9.375.694
0.248997;0.134075;8.446.744
0.201113;0.124498;7.862.558
0.220267;0.114922;8.446.744
0.248997;0.134075;9.385.271
0.277727;0.134075;11.463.438
0.296881;0.114922;12.018.892
0.287304;0.134075;12.047.623
0.277727;0.134075;11.578.360
0.239420;0.134075;9.519.346
0.191536;0.124498;8.513.782
0.220267;0.134075;7.929.596
0.210690;0.124498;8.379.706
0.239420;0.124498;9.308.656
0.248997;0.124498;10.400.413
0.296881;0.134075;11.980.585
0.287304;0.143652;12.066.776
0.287304;0.143652;11.587.936
0.239420;0.134075;10.687.716
0.229843;0.105345;8.609.550
0.201113;0.114922;7.977.480
0.220267;0.105345;7.900.866
0.239420;0.114922;9.241.618
0.239420;0.134075;10.304.645
0.287304;0.134075;11.281.479
0.306458;0.134075;11.923.124
0.268151;0.114922;11.616.667
0.268151;0.114922;10.735.600
0.239420;0.105345;9.682.152
0.210690;0.134075;8.015.787
0.210690;0.114922;7.900.866
0.210690;0.124498;8.331.821
0.268151;0.114922;10.247.183
0.268151;0.134075;11.243.171
0.287304;0.134075;11.894.394
0.277727;0.114922;12.038.046
0.258574;0.124498;10.773.908
0.239420;0.134075;9.730.036
0.220267;0.124498;8.714.894
0.201113;0.124498;7.920.019
0.220267;0.134075;8.283.937
0.229843;0.114922;9.088.389
0.277727;0.134075;10.189.722
0.287304;0.143652;11.846.510
0.296881;0.124498;12.009.315
0.287304;0.124498;11.674.128
0.239420;0.095768;9.806.650
0.229843;0.134075;8.801.085
0.201113;0.105345;8.130.709
0.210690;0.143652;8.264.784
0.248997;0.124498;9.059.659
0.248997;0.134075;10.093.954
0.287304;0.124498;11.109.096
0.296881;0.143652;11.999.739
0.277727;0.124498;11.674.128
0.268151;0.105345;10.898.406
0.229843;0.124498;8.887.277
0.220267;0.105345;8.169.016
0.210690;0.124498;7.958.326
0.229843;0.124498;9.002.198
0.268151;0.105345;10.046.070
0.287304;0.095768;11.032.481
0.268151;0.124498;11.722.012
0.287304;0.095768;11.702.858
0.248997;0.124498;10.965.444
0.239420;0.105345;9.959.879
0.201113;0.114922;8.236.053
0.201113;0.134075;7.977.480
0.220267;0.134075;8.255.207
0.220267;0.143652;8.944.737
0.268151;0.114922;10.946.290
0.268151;0.153229;11.664.551
0.277727;0.124498;11.722.012
0.277727;0.134075;11.013.328
0.239420;0.143652;10.036.493
0.220267;0.134075;9.040.505
0.220267;0.134075;7.987.057
0.229843;0.143652;8.226.477
0.229843;0.153229;8.925.584
0.239420;0.124498;9.902.418
0.287304;0.124498;11.635.820
0.277727;0.143652;11.923.124
0.287304;0.124498;11.731.588
0.248997;0.114922;10.093.954
0.220267;0.134075;9.078.813
0.220267;0.114922;8.341.399
0.201113;0.105345;8.226.477
0.239420;0.105345;8.868.123
0.258574;0.114922;9.797.073
0.277727;0.114922;10.773.908
0.277727;0.124498;11.903.971
0.287304;0.095768;11.702.858
0.268151;0.134075;11.099.519
0.229843;0.114922;9.174.581
0.210690;0.124498;8.408.437
0.210690;0.095768;8.063.671
0.220267;0.114922;8.820.239
0.258574;0.134075;9.739.613
0.268151;0.095768;10.726.024
0.296881;0.114922;11.865.664
0.296881;0.134075;11.760.319
0.268151;0.114922;11.128.249
0.258574;0.114922;10.228.029
0.220267;0.124498;8.456.321
0.210690;0.124498;8.073.248
0.220267;0.114922;8.188.169
0.229843;0.153229;8.810.662
0.248997;0.114922;10.649.409
0.268151;0.143652;11.463.438
0.277727;0.124498;11.769.896
0.268151;0.143652;11.176.133
0.258574;0.124498;10.285.490
0.248997;0.124498;9.318.233
0.210690;0.124498;8.140.285
0.220267;0.134075;8.207.323
0.220267;0.153229;8.734.048
0.239420;0.105345;9.634.268
0.277727;0.105345;11.386.824
0.287304;0.114922;11.741.165
0.268151;0.114922;10.352.529
0.239420;0.143652;9.414.001
0.229843;0.114922;8.590.396
0.210690;0.095768;8.226.477
0.229843;0.114922;8.734.048
0.248997;0.105345;9.576.807
0.258574;0.124498;10.524.911
0.296881;0.114922;11.750.742
0.287304;0.105345;11.741.165
0.268151;0.124498;11.271.901
0.239420;0.105345;9.471.462
0.220267;0.105345;8.667.010
0.220267;0.114922;8.178.593
0.210690;0.124498;8.216.900
0.220267;0.124498;9.509.769
0.268151;0.124498;10.448.297
0.277727;0.134075;11.271.901
0.268151;0.124498;11.731.588
0.277727;0.143652;11.281.479
0.239420;0.124498;10.467.450
0.210690;0.124498;8.695.741
0.210690;0.124498;8.226.477
0.229843;0.134075;8.216.900
0.239420;0.134075;8.657.434
0.258574;0.134075;10.362.105
0.258574;0.114922;11.214.440
0.296881;0.143652;11.702.858
0.268151;0.105345;11.291.056
0.239420;0.143652;10.515.334
0.239420;0.124498;9.595.961
0.229843;0.114922;8.753.201
0.210690;0.124498;8.216.900
0.210690;0.095768;8.590.396
0.239420;0.124498;9.385.271
0.277727;0.134075;11.137.826
0.287304;0.143652;11.654.974
0.268151;0.114922;11.741.165
0.248997;0.114922;10.591.949
0.220267;0.143652;9.682.152
0.210690;0.114922;8.839.393
0.201113;0.105345;8.331.821
0.210690;0.114922;8.599.973
0.248997;0.114922;9.356.541
0.248997;0.105345;10.247.183
0.268151;0.143652;11.616.667
0.268151;0.124498;11.712.435
0.268151;0.114922;11.338.940
0.248997;0.134075;10.630.256
0.229843;0.143652;8.896.853
0.210690;0.134075;8.331.821
0.210690;0.124498;8.245.630
0.229843;0.134075;9.260.772
0.258574;0.143652;10.180.145
0.258574;0.134075;11.022.904
0.296881;0.124498;11.712.435
0.287304;0.143652;11.358.093
0.258574;0.143652;10.697.293
0.239420;0.153229;9.768.343
0.220267;0.114922;8.389.283
0.210690;0.134075;8.236.053
0.210690;0.124498;8.552.089
0.277727;0.134075;10.122.684
0.287304;0.124498;10.936.713
0.277727;0.105345;11.501.745
0.268151;0.124498;11.405.977
0.268151;0.124498;10.745.177
0.248997;0.124498;9.844.957
0.248997;0.105345;9.011.775
0.201113;0.124498;8.293.514
0.210690;0.114922;8.571.242
0.239420;0.114922;9.184.157
0.287304;0.095768;10.927.136
0.287304;0.143652;11.482.592
0.277727;0.134075;11.683.704
0.258574;0.124498;10.773.908
0.239420;0.124498;9.931.149
0.248997;0.124498;9.069.236
0.220267;0.114922;8.494.628
0.229843;0.134075;8.532.935
0.239420;0.153229;9.117.120
0.258574;0.134075;9.979.033
0.296881;0.124498;11.453.861
0.277727;0.134075;11.654.974
0.277727;0.124498;11.415.554
0.248997;0.143652;9.988.609
0.239420;0.124498;9.136.273
0.239420;0.114922;8.561.666
0.210690;0.114922;8.312.668
0.239420;0.124498;9.107.543
0.239420;0.114922;9.921.572
0.258574;0.114922;10.764.331
0.277727;0.105345;11.626.244
0.277727;0.114922;11.396.400
0.258574;0.134075;10.860.099
0.210690;0.114922;9.203.311
0.210690;0.114922;8.580.819
0.220267;0.086191;8.322.245
0.229843;0.105345;8.485.051
0.258574;0.124498;9.902.418
0.277727;0.114922;10.716.447
0.268151;0.114922;11.367.670
0.277727;0.124498;11.626.244
0.268151;0.114922;10.860.099
0.248997;0.143652;10.074.800
0.239420;0.105345;9.289.502
0.210690;0.134075;8.322.245
0.220267;0.124498;8.475.474
0.239420;0.124498;9.021.352
0.248997;0.124498;10.630.256
0.277727;0.124498;11.319.786
0.268151;0.114922;11.597.513
0.268151;0.124498;11.473.015
0.248997;0.134075;10.113.108
0.258574;0.134075;9.327.810
0.210690;0.124498;8.647.857
0.229843;0.143652;8.475.474
0.239420;0.162806;9.002.198
0.268151;0.124498;9.768.343
0.277727;0.124498;11.252.748
0.277727;0.114922;11.549.629
0.268151;0.124498;11.463.438
0.277727;0.124498;10.965.444
0.248997;0.143652;9.366.117
0.229843;0.134075;8.734.048
0.220267;0.124498;8.389.283
0.229843;0.143652;8.983.045
0.239420;0.124498;9.720.459
0.258574;0.143652;10.524.911
0.268151;0.124498;11.520.899
0.258574;0.114922;11.463.438
0.268151;0.124498;10.984.597
0.248997;0.134075;10.237.606
0.220267;0.105345;8.418.014
0.229843;0.114922;8.465.898
0.229843;0.105345;9.662.998
0.248997;0.134075;10.457.873
0.277727;0.143652;11.147.403
0.268151;0.153229;11.511.322
0.248997;0.134075;11.032.481
0.239420;0.134075;10.275.913
0.229843;0.124498;8.810.662
0.229843;0.143652;8.446.744
0.220267;0.143652;8.485.051
0.229843;0.124498;8.916.007
0.268151;0.134075;10.419.566
0.287304;0.114922;11.080.365
0.268151;0.124498;11.453.861
0.287304;0.143652;11.444.284
0.258574;0.124498;10.352.529
0.258574;0.134075;9.567.230
0.210690;0.134075;8.485.051
0.229843;0.134075;8.504.205
0.229843;0.105345;8.877.700
0.239420;0.114922;9.548.077
0.258574;0.114922;10.362.105
0.277727;0.124498;11.415.554
0.287304;0.114922;11.453.861
0.268151;0.134075;11.051.635
0.239420;0.114922;9.615.114
0.220267;0.124498;8.925.584
0.229843;0.134075;8.523.358
0.229843;0.114922;8.829.816
0.248997;0.134075;9.509.769
0.239420;0.114922;10.295.067
0.287304;0.095768;11.013.328
0.277727;0.124498;11.473.015
0.277727;0.143652;11.109.096
0.258574;0.124498;10.448.297
0.239420;0.114922;8.992.621
0.210690;0.114922;8.542.512
0.201113;0.105345;8.494.628
0.239420;0.134075;9.461.885
0.268151;0.143652;10.247.183
0.268151;0.134075;10.946.290
0.287304;0.124498;11.396.400
0.287304;0.134075;11.118.672
0.258574;0.124498;10.496.181
0.239420;0.114922;9.710.882
0.201113;0.143652;8.580.819
0.201113;0.124498;8.513.782
0.220267;0.114922;8.801.085
0.248997;0.134075;10.189.722
0.268151;0.114922;10.888.829
0.268151;0.124498;11.338.940
0.268151;0.134075;11.118.672
0.239420;0.134075;10.524.911
0.239420;0.124498;9.777.920
0.248997;0.134075;9.069.236
0.210690;0.124498;8.475.474
0.229843;0.114922;8.791.509
0.248997;0.134075;9.423.578
0.268151;0.114922;10.151.415
0.277727;0.105345;11.300.632
0.268151;0.114922;11.415.554
0.268151;0.124498;11.137.826
0.248997;0.105345;9.844.957
0.229843;0.114922;9.117.120
0.220267;0.134075;8.638.280
0.239420;0.114922;8.772.355
0.258574;0.114922;9.356.541
0.268151;0.124498;10.084.377
0.248997;0.124498;10.793.061
0.268151;0.105345;11.405.977
0.268151;0.134075;11.176.133
0.258574;0.143652;10.601.525
0.220267;0.124498;9.174.581
0.220267;0.095768;8.686.164
0.229843;0.114922;8.532.935
0.239420;0.143652;8.753.201
0.268151;0.134075;10.007.763
0.268151;0.143652;10.726.024
0.277727;0.134075;11.224.017
0.277727;0.114922;11.166.556
0.287304;0.134075;10.630.256
0.248997;0.124498;9.921.572
0.220267;0.124498;8.734.048
0.220267;0.105345;8.571.242
0.210690;0.105345;8.772.355
0.248997;0.124498;9.279.925
0.268151;0.105345;10.678.140
0.258574;0.124498;11.195.287
0.277727;0.124498;11.377.247
0.268151;0.105345;10.678.140
0.248997;0.134075;9.988.609
0.248997;0.114922;9.289.502
0.220267;0.124498;8.772.355
0.220267;0.114922;8.762.778
0.239420;0.095768;9.241.618
0.239420;0.095768;9.940.725
0.277727;0.143652;11.147.403
0.277727;0.134075;11.348.516
0.277727;0.134075;11.195.287
0.239420;0.114922;10.026.917
0.258574;0.134075;9.366.117
0.229843;0.114922;8.810.662
0.220267;0.143652;8.571.242
0.239420;0.114922;9.212.888
0.248997;0.124498;9.892.841
0.268151;0.114922;11.099.519
0.268151;0.134075;11.348.516
0.277727;0.124498;11.195.287
0.277727;0.124498;10.735.600
0.229843;0.114922;9.375.694
0.229843;0.124498;8.858.546
0.229843;0.134075;8.609.550
0.210690;0.114922;8.734.048
0.239420;0.143652;9.844.957
0.258574;0.124498;10.534.488
0.268151;0.124498;11.089.942
0.248997;0.105345;11.224.017
0.248997;0.105345;10.783.484
0.258574;0.105345;10.103.531
0.220267;0.114922;8.906.430
0.229843;0.114922;8.628.703
0.229843;0.124498;8.753.201
0.229843;0.124498;9.145.850
0.248997;0.134075;10.486.604
0.277727;0.124498;11.013.328
0.296881;0.124498;11.300.632
0.268151;0.105345;10.802.638
0.248997;0.124498;10.160.992
0.239420;0.114922;9.509.769
0.239420;0.134075;8.935.161
0.229843;0.114922;8.724.471
0.220267;0.134075;9.117.120
0.248997;0.143652;9.749.189
0.268151;0.134075;11.003.751
0.277727;0.124498;11.262.324
0.268151;0.114922;11.233.594
0.277727;0.114922;10.218.452
0.248997;0.134075;9.538.500
0.220267;0.114922;8.963.891
0.239420;0.143652;8.686.164
0.239420;0.124498;9.107.543
0.248997;0.124498;9.691.729
0.277727;0.134075;10.371.682
0.268151;0.124498;11.271.901
0.277727;0.134075;11.243.171
0.268151;0.134075;10.869.676
0.268151;0.124498;10.304.645
0.220267;0.114922;9.011.775
0.239420;0.124498;8.724.471
0.229843;0.105345;8.753.201
0.239420;0.114922;9.643.845
0.287304;0.134075;10.323.798
0.268151;0.124498;10.907.983
0.268151;0.105345;11.195.287
0.277727;0.114922;10.869.676
0.268151;0.124498;10.285.490
0.239420;0.124498;9.624.691
0.210690;0.143652;8.714.894
0.229843;0.105345;8.714.894
0.229843;0.114922;9.021.352
0.248997;0.114922;10.256.760
0.258574;0.105345;10.850.522
0.268151;0.143652;11.195.287
0.268151;0.143652;11.214.440
0.239420;0.134075;10.342.952
0.220267;0.105345;9.682.152
0.239420;0.134075;9.107.543
0.220267;0.143652;8.705.317
0.210690;0.162806;9.021.352
0.248997;0.124498;9.595.961
0.258574;0.124498;11.176.133
0.268151;0.124498;11.185.710
0.268151;0.143652;10.917.560
0.239420;0.124498;9.730.036
0.229843;0.114922;9.155.427
0.229843;0.124498;8.781.932
0.239420;0.143652;9.538.500
0.229843;0.114922;10.189.722
0.287304;0.124498;11.156.980
0.268151;0.114922;11.195.287
0.268151;0.124498;10.917.560
0.268151;0.124498;10.419.566
0.239420;0.124498;9.232.041
0.239420;0.105345;8.801.085
0.239420;0.124498;8.753.201
0.239420;0.134075;9.509.769
0.239420;0.114922;10.151.415
0.268151;0.124498;10.745.177
0.258574;0.124498;11.195.287
0.277727;0.124498;10.965.444
0.258574;0.143652;10.448.297
0.268151;0.124498;9.806.650
0.220267;0.114922;8.848.969
0.220267;0.124498;8.772.355
0.220267;0.105345;8.973.468
0.258574;0.124498;10.103.531
0.277727;0.134075;10.658.986
0.268151;0.124498;11.070.788
0.277727;0.114922;11.176.133
0.268151;0.114922;10.496.181
0.220267;0.114922;9.892.841
0.220267;0.143652;8.887.277
0.229843;0.134075;8.762.778
0.248997;0.124498;8.954.314
0.229843;0.143652;9.433.155
0.258574;0.134075;10.639.832
0.296881;0.114922;11.070.788
0.248997;0.124498;11.156.980
0.268151;0.114922;10.984.597
0.248997;0.114922;9.892.841
0.239420;0.134075;9.327.810
0.229843;0.114922;8.935.161
0.229843;0.114922;8.963.891
0.210690;0.095768;9.414.001
0.229843;0.114922;9.998.186
0.248997;0.086191;10.611.102
0.268151;0.124498;11.166.556
0.258574;0.095768;11.003.751
0.268151;0.114922;10.563.218
0.239420;0.114922;9.375.694
0.229843;0.114922;8.935.161
0.220267;0.153229;8.772.355
0.239420;0.134075;9.385.271
0.239420;0.124498;9.950.302
0.277727;0.134075;10.534.488
0.258574;0.114922;10.975.020
0.268151;0.105345;11.013.328
0.258574;0.124498;10.591.949
0.258574;0.124498;9.414.001
0.229843;0.134075;8.992.621
0.229843;0.124498;8.839.393
0.239420;0.114922;8.944.737
0.248997;0.114922;9.911.995
0.258574;0.124498;10.505.757
0.258574;0.134075;10.955.867
0.268151;0.143652;11.137.826
0.268151;0.124498;10.591.949
0.248997;0.134075;10.036.493
0.229843;0.114922;9.452.309
0.210690;0.143652;8.820.239
0.229843;0.114922;8.925.584
0.229843;0.114922;9.308.656
0.248997;0.143652;9.883.265
0.268151;0.124498;10.927.136
0.268151;0.124498;11.109.096
0.258574;0.105345;11.032.481
0.248997;0.124498;10.103.531
0.210690;0.143652;9.509.769
0.229843;0.105345;9.050.082
0.220267;0.124498;8.935.161
0.229843;0.134075;9.308.656
0.248997;0.114922;9.854.534
0.258574;0.124498;10.438.720
0.277727;0.124498;11.109.096
0.258574;0.114922;11.051.635
0.258574;0.114922;10.658.986
0.248997;0.124498;9.538.500
0.220267;0.124498;9.078.813
0.220267;0.134075;8.858.546
0.229843;0.134075;9.279.925
0.248997;0.124498;9.806.650
0.248997;0.114922;10.381.259
0.268151;0.134075;10.840.945
0.268151;0.143652;11.022.904
0.248997;0.124498;10.668.563
0.248997;0.134075;10.151.415
0.239420;0.105345;9.117.120
0.210690;0.124498;8.839.393
0.229843;0.105345;8.916.007
0.220267;0.153229;9.787.497
0.268151;0.134075;10.333.375
0.268151;0.114922;10.802.638
0.277727;0.114922;11.061.212
0.268151;0.095768;10.726.024
0.258574;0.105345;10.189.722
0.248997;0.105345;9.643.845
0.239420;0.124498;8.896.853
0.229843;0.114922;8.925.584
0.239420;0.124498;9.222.465
0.268151;0.124498;9.739.613
0.268151;0.105345;10.773.908
0.258574;0.105345;11.061.212
0.287304;0.124498;11.022.904
0.248997;0.124498;10.228.029
0.258574;0.134075;9.653.421
0.239420;0.124498;9.184.157
0.239420;0.134075;8.916.007
0.229843;0.143652;9.241.618
0.248997;0.124498;9.682.152
0.248997;0.124498;10.266.336
0.268151;0.114922;11.013.328
0.248997;0.105345;11.003.751
0.277727;0.134075;10.764.331
0.220267;0.114922;9.710.882
0.229843;0.114922;9.203.311
0.229843;0.143652;8.916.007
0.229843;0.124498;8.925.584
0.229843;0.114922;9.662.998
0.248997;0.114922;10.218.452
0.268151;0.105345;10.687.716
0.268151;0.114922;11.013.328
0.239420;0.114922;10.764.331
0.229843;0.124498;10.295.067
0.239420;0.134075;9.251.195
0.229843;0.124498;8.963.891
0.220267;0.124498;8.916.007
0.239420;0.124498;9.184.157
0.229843;0.124498;10.189.722
0.268151;0.105345;10.687.716
0.248997;0.124498;10.965.444
0.268151;0.114922;10.783.484
0.248997;0.134075;10.323.798
0.248997;0.114922;9.768.343
0.229843;0.134075;8.983.045
0.239420;0.124498;8.963.891
0.239420;0.105345;9.174.581
0.239420;0.105345;9.605.537
0.268151;0.124498;10.630.256
0.258574;0.134075;10.965.444
0.277727;0.105345;11.003.751
0.248997;0.124498;10.352.529
0.248997;0.134075;9.816.227
0.210690;0.124498;9.308.656
0.229843;0.124498;9.002.198
0.239420;0.124498;9.155.427
0.248997;0.134075;9.557.653
0.248997;0.114922;10.093.954
0.268151;0.134075;10.917.560
0.277727;0.134075;11.003.751
0.277727;0.114922;10.783.484
0.239420;0.134075;9.844.957
0.229843;0.124498;9.346.964
0.229843;0.114922;9.021.352
0.239420;0.134075;8.944.737
0.248997;0.114922;9.557.653
0.248997;0.095768;10.046.070
0.268151;0.114922;10.572.795
0.268151;0.143652;11.003.751
0.268151;0.114922;10.831.368
0.258574;0.124498;10.429.143
0.248997;0.134075;9.883.265
0.220267;0.124498;9.030.929
0.210690;0.124498;8.954.314
0.258574;0.105345;9.509.769
0.258574;0.134075;10.017.340
0.268151;0.124498;10.553.641
0.287304;0.134075;10.860.099
0.258574;0.124498;10.802.638
0.258574;0.105345;10.457.873
0.229843;0.124498;9.931.149
0.220267;0.124498;9.423.578
0.220267;0.105345;8.954.314
0.248997;0.143652;9.126.697
0.229843;0.124498;9.481.039
0.248997;0.114922;10.515.334
0.277727;0.124498;10.821.792
0.248997;0.143652;10.984.597
0.258574;0.124498;10.467.450
0.258574;0.134075;9.969.456
0.239420;0.134075;9.481.039
0.229843;0.124498;9.107.543
0.248997;0.114922;9.107.543
0.239420;0.134075;9.452.309
0.268151;0.114922;9.959.879
0.277727;0.153229;10.793.061
0.268151;0.124498;10.965.444
0.268151;0.114922;10.840.945
0.268151;0.143652;10.505.757
0.248997;0.134075;9.500.193
0.229843;0.114922;9.165.004
0.258574;0.124498;8.973.468
0.239420;0.114922;9.423.578
0.248997;0.114922;9.921.572
0.268151;0.134075;10.390.836
0.268151;0.105345;10.927.136
0.268151;0.153229;10.831.368
0.248997;0.114922;10.524.911
0.268151;0.114922;9.998.186
0.229843;0.105345;9.155.427
0.239420;0.114922;9.002.198
0.248997;0.114922;9.107.543
0.258574;0.114922;9.892.841
0.268151;0.124498;10.371.682
0.258574;0.134075;10.773.908
0.277727;0.124498;10.860.099
0.258574;0.134075;10.534.488
0.248997;0.143652;10.084.377
0.239420;0.134075;9.576.807
0.239420;0.114922;9.011.775
0.239420;0.114922;9.088.389
0.229843;0.134075;9.394.848
0.258574;0.095768;10.342.952
0.248997;0.124498;10.735.600
0.268151;0.134075;10.946.290
0.277727;0.124498;10.840.945
0.248997;0.114922;10.065.224
0.248997;0.105345;9.634.268
0.248997;0.105345;9.241.618
0.220267;0.105345;9.069.236
0.239420;0.134075;9.375.694
0.248997;0.134075;9.835.381
0.268151;0.134075;10.706.870
0.268151;0.086191;10.879.252
0.248997;0.105345;10.879.252
0.277727;0.095768;10.601.525
0.229843;0.114922;9.653.421
0.229843;0.114922;9.241.618
0.229843;0.114922;9.040.505
0.248997;0.134075;9.385.271
0.239420;0.105345;9.797.073
0.268151;0.134075;10.275.913
0.268151;0.134075;10.860.099
0.258574;0.124498;10.850.522
0.239420;0.124498;10.582.372
0.277727;0.114922;10.151.415
0.220267;0.124498;9.299.079
0.210690;0.105345;9.107.543
0.239420;0.124498;9.069.236
0.268151;0.124498;9.739.613
0.239420;0.124498;10.256.760
0.277727;0.124498;10.649.409
0.248997;0.143652;10.860.099
0.268151;0.143652;10.620.679
0.248997;0.124498;10.189.722
0.229843;0.105345;9.730.036
0.229843;0.134075;9.088.389
0.220267;0.124498;9.078.813
0.248997;0.114922;9.346.964
0.248997;0.124498;10.189.722
0.268151;0.114922;10.620.679
0.258574;0.114922;10.840.945
0.277727;0.134075;10.850.522
0.248997;0.124498;10.218.452
0.229843;0.114922;9.739.613
0.239420;0.095768;9.346.964
0.239420;0.143652;9.097.966
0.239420;0.114922;9.318.233
0.258574;0.134075;9.710.882
0.248997;0.114922;10.591.949
0.268151;0.114922;10.831.368
0.248997;0.124498;10.831.368
0.239420;0.143652;10.620.679
0.248997;0.143652;9.797.073
0.258574;0.124498;9.375.694
0.239420;0.134075;9.136.273
0.239420;0.114922;9.318.233
0.229843;0.124498;9.662.998
0.258574;0.143652;10.141.838
0.258574;0.124498;10.563.218
0.258574;0.143652;10.869.676
0.268151;0.143652;10.639.832
0.258574;0.105345;10.285.490
0.248997;0.153229;9.414.001
0.229843;0.124498;9.126.697
0.258574;0.124498;9.097.966
0.229843;0.143652;9.662.998
0.258574;0.124498;10.122.684
0.248997;0.114922;10.515.334
0.268151;0.124498;10.802.638
0.268151;0.134075;10.658.986
0.248997;0.105345;10.285.490
0.248997;0.134075;9.433.155
0.229843;0.105345;9.145.850
0.239420;0.114922;9.097.966
0.229843;0.124498;9.260.772
0.258574;0.134075;10.065.224
0.239420;0.134075;10.467.450
0.258574;0.105345;10.754.754
0.268151;0.124498;10.840.945
0.258574;0.105345;10.304.645
0.258574;0.114922;9.902.418
0.239420;0.143652;9.461.885
0.229843;0.095768;9.097.966
0.248997;0.124498;9.270.349
0.239420;0.114922;9.615.114
0.258574;0.114922;10.026.917
0.287304;0.134075;10.745.177
0.258574;0.143652;10.831.368
0.258574;0.124498;10.678.140
0.248997;0.143652;9.921.572
0.239420;0.114922;9.500.193
0.239420;0.114922;9.203.311
0.239420;0.124498;9.270.349
0.248997;0.134075;9.576.807
0.258574;0.114922;10.017.340
0.277727;0.124498;10.438.720
0.258574;0.143652;10.831.368
0.239420;0.134075;10.706.870
0.258574;0.134075;10.352.529
0.258574;0.143652;9.557.653
0.229843;0.124498;9.241.618
0.220267;0.143652;9.126.697
0.248997;0.153229;9.567.230
0.229843;0.124498;9.988.609
0.268151;0.105345;10.400.413
0.296881;0.134075;10.706.870
0.248997;0.114922;10.706.870
0.268151;0.114922;10.381.259
0.258574;0.105345;9.988.609
0.220267;0.124498;9.270.349
0.239420;0.124498;9.145.850
0.229843;0.124498;9.251.195
0.239420;0.114922;9.538.500
0.248997;0.114922;10.352.529
0.258574;0.124498;10.706.870
0.258574;0.124498;10.783.484
0.258574;0.114922;10.429.143
0.258574;0.124498;10.007.763
0.239420;0.114922;9.586.384
0.248997;0.124498;9.155.427
0.229843;0.114922;9.232.041
0.220267;0.114922;9.519.346
0.239420;0.134075;9.921.572
0.258574;0.124498;10.668.563
0.268151;0.143652;10.793.061
0.277727;0.114922;10.697.293
0.258574;0.124498;10.055.647
0.248997;0.143652;9.615.114
0.220267;0.134075;9.289.502
0.239420;0.134075;9.241.618
0.258574;0.134075;9.500.193
0.248997;0.143652;9.921.572
0.277727;0.134075;10.304.645
0.248997;0.134075;10.773.908
0.277727;0.114922;10.706.870
0.258574;0.124498;10.438.720
0.248997;0.105345;9.634.268
0.239420;0.134075;9.299.079
0.220267;0.134075;9.165.004
0.220267;0.143652;9.212.888
0.248997;0.105345;9.873.688
0.248997;0.114922;10.275.913
0.268151;0.124498;10.601.525
0.258574;0.124498;10.706.870
0.258574;0.124498;10.477.027
0.229843;0.134075;10.103.531
0.258574;0.134075;9.337.387
0.229843;0.124498;9.184.157
0.239420;0.124498;9.222.465
0.229843;0.114922;9.461.885
0.239420;0.124498;10.247.183
0.268151;0.134075;10.563.218
0.248997;0.114922;10.735.600
0.248997;0.134075;10.467.450
0.248997;0.114922;10.132.261
0.229843;0.143652;9.710.882
0.248997;0.134075;9.356.541
0.239420;0.134075;9.222.465
0.258574;0.143652;9.461.885
0.268151;0.134075;9.787.497
0.268151;0.134075;10.563.218
0.258574;0.124498;10.735.600
0.268151;0.105345;10.726.024
0.239420;0.134075;10.113.108
0.248997;0.134075;9.366.117
0.229843;0.124498;9.222.465
0.229843;0.134075;9.433.155
0.248997;0.134075;9.797.073
0.268151;0.134075;10.189.722
0.258574;0.134075;10.706.870
0.248997;0.134075;10.687.716
0.248997;0.114922;10.505.757
0.248997;0.114922;10.160.992
0.248997;0.124498;9.433.155
0.229843;0.114922;9.232.041
0.239420;0.105345;9.241.618
0.248997;0.134075;9.768.343
0.229843;0.134075;10.170.568
0.268151;0.095768;10.515.334
0.268151;0.124498;10.716.447
0.268151;0.105345;10.534.488
0.239420;0.095768;10.189.722
0.248997;0.124498;9.787.497
0.229843;0.143652;9.241.618
0.239420;0.105345;9.232.041
0.268151;0.124498;9.730.036
0.258574;0.114922;10.132.261
0.268151;0.114922;10.457.873
0.258574;0.124498;10.706.870
0.258574;0.114922;10.553.641
0.268151;0.114922;10.180.145
0.248997;0.134075;9.777.920
0.239420;0.124498;9.471.462
0.229843;0.105345;9.251.195
0.239420;0.124498;9.394.848
0.277727;0.114922;10.084.377
0.277727;0.105345;10.438.720
0.258574;0.114922;10.658.986
0.287304;0.114922;10.706.870
0.239420;0.134075;10.237.606
0.258574;0.114922;9.835.381
0.239420;0.124498;9.500.193
0.239420;0.105345;9.279.925
0.239420;0.105345;9.394.848
0.248997;0.134075;9.682.152
0.248997;0.134075;10.113.108
0.258574;0.114922;10.630.256
0.268151;0.105345;10.697.293
0.268151;0.105345;10.563.218
0.248997;0.134075;10.256.760
0.229843;0.124498;9.528.923
0.239420;0.124498;9.279.925
0.220267;0.105345;9.232.041
0.239420;0.114922;9.672.575
0.248997;0.124498;10.046.070
0.268151;0.114922;10.429.143
0.277727;0.124498;10.697.293
0.268151;0.143652;10.544.065
0.268151;0.124498;10.266.336
0.248997;0.134075;9.892.841
0.248997;0.143652;9.289.502
0.229843;0.124498;9.270.349
0.248997;0.124498;9.394.848
0.258574;0.134075;10.046.070
0.248997;0.134075;10.381.259
0.258574;0.105345;10.591.949
0.258574;0.114922;10.697.293
0.258574;0.134075;10.295.067
0.239420;0.114922;9.921.572
0.220267;0.114922;9.586.384
0.239420;0.124498;9.260.772
0.239420;0.095768;9.366.117
0.258574;0.124498;9.662.998
0.287304;0.114922;10.342.952
0.277727;0.114922;10.611.102
0.277727;0.114922;10.668.563
0.239420;0.143652;10.582.372
0.248997;0.124498;9.940.725
0.239420;0.114922;9.586.384
0.248997;0.134075;9.337.387
0.229843;0.124498;9.366.117
0.258574;0.114922;9.615.114
0.248997;0.114922;9.940.725
0.277727;0.134075;10.591.949
0.268151;0.114922;10.658.986
0.268151;0.124498;10.611.102
0.239420;0.114922;10.314.221
0.248997;0.153229;9.595.961
0.229843;0.134075;9.375.694
0.229843;0.095768;9.270.349
0.248997;0.095768;9.634.268
0.248997;0.114922;9.950.302
0.248997;0.105345;10.304.645
0.268151;0.124498;10.553.641
0.258574;0.134075;10.572.795
0.258574;0.114922;10.304.645
0.248997;0.134075;9.988.609
0.248997;0.124498;9.423.578
0.248997;0.124498;9.279.925
0.239420;0.105345;9.327.810
0.258574;0.153229;9.921.572
0.258574;0.114922;10.266.336
0.258574;0.114922;10.553.641
0.268151;0.143652;10.649.409
0.248997;0.114922;10.342.952
0.248997;0.105345;10.026.917
0.248997;0.114922;9.394.848
0.229843;0.134075;9.308.656
0.229843;0.143652;9.356.541
0.248997;0.124498;9.567.230
0.248997;0.105345;10.247.183
0.268151;0.124498;10.515.334
0.248997;0.124498;10.639.832
0.277727;0.114922;10.582.372
0.258574;0.124498;10.046.070
0.248997;0.134075;9.701.305
0.248997;0.124498;9.442.732
0.229843;0.134075;9.375.694
0.248997;0.124498;9.567.230
0.229843;0.124498;9.864.111
0.248997;0.105345;10.218.452
0.258574;0.124498;10.639.832
0.248997;0.143652;10.601.525
0.248997;0.114922;10.074.800
0.258574;0.153229;9.710.882
0.248997;0.124498;9.452.309
0.229843;0.134075;9.308.656
0.268151;0.124498;9.519.346
0.239420;0.143652;9.883.265
0.258574;0.134075;10.218.452
0.268151;0.114922;10.477.027
0.248997;0.114922;10.591.949
0.248997;0.114922;10.390.836
0.268151;0.105345;10.084.377
0.248997;0.124498;9.509.769
0.239420;0.114922;9.346.964
0.239420;0.134075;9.346.964
0.258574;0.124498;9.816.227
0.258574;0.105345;10.208.876
0.268151;0.114922;10.457.873
0.258574;0.105345;10.601.525
0.258574;0.134075;10.409.989
0.229843;0.124498;10.103.531
0.239420;0.105345;9.777.920
0.229843;0.134075;9.327.810
0.229843;0.105345;9.356.541
0.229843;0.105345;9.538.500
0.229843;0.086191;9.806.650
0.268151;0.124498;10.371.682
0.258574;0.134075;10.611.102
0.268151;0.124498;10.601.525
0.248997;0.124498;10.122.684
0.239420;0.114922;9.787.497
0.229843;0.143652;9.509.769
0.229843;0.095768;9.337.387
0.248997;0.124498;9.500.193
0.248997;0.124498;9.758.766
0.258574;0.124498;10.419.566
0.258574;0.124498;10.620.679
0.239420;0.124498;10.601.525
0.258574;0.114922;10.409.989
0.258574;0.124498;9.806.650
0.248997;0.143652;9.528.923
0.229843;0.114922;9.356.541
0.248997;0.124498;9.346.964
0.229843;0.114922;9.768.343
0.239420;0.095768;10.113.108
0.239420;0.124498;10.572.795
0.268151;0.134075;10.582.372
0.258574;0.124498;10.429.143
0.239420;0.124498;9.835.381
0.229843;0.114922;9.548.077
0.229843;0.124498;9.375.694
0.239420;0.134075;9.366.117
0.248997;0.114922;9.500.193
0.248997;0.134075;10.084.377
0.258574;0.105345;10.390.836
0.248997;0.105345;10.572.795
0.258574;0.124498;10.448.297
0.258574;0.124498;10.170.568
0.239420;0.105345;9.883.265
0.248997;0.105345;9.375.694
0.229843;0.114922;9.337.387
0.248997;0.134075;9.481.039
0.239420;0.114922;9.758.766
0.239420;0.124498;10.362.105
0.239420;0.134075;10.534.488
0.268151;0.134075;10.572.795
0.248997;0.134075;10.199.299
0.258574;0.114922;9.892.841
0.258574;0.114922;9.586.384
0.229843;0.143652;9.394.848
0.220267;0.134075;9.481.039
0.258574;0.124498;9.720.459
0.239420;0.124498;10.026.917
0.268151;0.124498;10.544.065
0.239420;0.114922;10.591.949
0.248997;0.124498;10.467.450
0.258574;0.124498;9.911.995
0.248997;0.095768;9.595.961
0.239420;0.114922;9.423.578
0.229843;0.124498;9.346.964
0.220267;0.124498;9.701.305
0.268151;0.134075;10.046.070
0.239420;0.095768;10.505.757
0.239420;0.114922;10.572.795
0.248997;0.124498;10.467.450
0.248997;0.095768;10.218.452
0.248997;0.134075;9.624.691
0.258574;0.124498;9.423.578
0.239420;0.143652;9.366.117
0.239420;0.095768;9.452.309
0.268151;0.143652;10.036.493
0.239420;0.124498;10.304.645
0.277727;0.114922;10.544.065
0.277727;0.134075;10.467.450
0.258574;0.134075;10.237.606
0.239420;0.114922;9.950.302
0.229843;0.124498;9.442.732
0.229843;0.114922;9.346.964
0.248997;0.124498;9.461.885
0.239420;0.114922;9.672.575
0.248997;0.134075;10.256.760
0.258574;0.124498;10.515.334
0.268151;0.124498;10.563.218
0.248997;0.105345;10.256.760
0.239420;0.105345;9.979.033
0.248997;0.124498;9.662.998
0.220267;0.114922;9.452.309
0.229843;0.134075;9.471.462
0.248997;0.114922;9.682.152
0.248997;0.095768;9.940.725
0.258574;0.124498;10.448.297
0.268151;0.105345;10.572.795
0.229843;0.124498;10.486.604
0.248997;0.114922;9.988.609
0.248997;0.124498;9.701.305
0.229843;0.114922;9.471.462
0.229843;0.114922;9.394.848
0.258574;0.114922;9.672.575
0.268151;0.124498;9.931.149
0.258574;0.114922;10.237.606
0.239420;0.134075;10.553.641
0.258574;0.124498;10.477.027
0.258574;0.114922;10.266.336
0.248997;0.134075;9.988.609
0.239420;0.134075;9.500.193
0.239420;0.143652;9.385.271
0.229843;0.105345;9.442.732
0.229843;0.114922;9.911.995
0.258574;0.153229;10.180.145
0.258574;0.105345;10.390.836
0.248997;0.124498;10.477.027
0.268151;0.124498;10.295.067
0.258574;0.114922;10.007.763
0.248997;0.124498;9.710.882
0.239420;0.114922;9.404.425
0.239420;0.124498;9.442.732
0.239420;0.134075;9.643.845
0.258574;0.095768;10.189.722
0.258574;0.114922;10.438.720
0.258574;0.143652;10.544.065
0.248997;0.095768;10.323.798
0.248997;0.114922;10.046.070
0.229843;0.105345;9.777.920
0.239420;0.134075;9.519.346
0.229843;0.095768;9.433.155
0.239420;0.134075;9.643.845
0.239420;0.114922;9.873.688
0.258574;0.134075;10.409.989
0.248997;0.134075;10.505.757
0.258574;0.114922;10.477.027
0.248997;0.134075;10.304.645
0.248997;0.124498;9.777.920
0.258574;0.114922;9.528.923
0.229843;0.114922;9.414.001
0.229843;0.114922;9.576.807
0.239420;0.134075;9.864.111
0.239420;0.114922;10.160.992
0.248997;0.143652;10.505.757
0.248997;0.143652;10.467.450
0.258574;0.095768;10.342.952
0.248997;0.134075;9.806.650
0.248997;0.124498;9.567.230
0.239420;0.143652;9.442.732
0.239420;0.105345;9.433.155
0.239420;0.105345;9.835.381
0.239420;0.114922;10.093.954
0.239420;0.105345;10.362.105
0.258574;0.143652;10.486.604
0.248997;0.134075;10.314.221
0.239420;0.134075;10.093.954
0.258574;0.095768;9.825.804
0.229843;0.114922;9.452.309
0.258574;0.114922;9.442.732
0.229843;0.124498;9.595.961
0.268151;0.124498;10.103.531
0.268151;0.105345;10.342.952
0.258574;0.134075;10.486.604
0.258574;0.124498;10.477.027
0.277727;0.134075;10.122.684
0.268151;0.114922;9.835.381
0.239420;0.124498;9.576.807
0.229843;0.105345;9.452.309
0.258574;0.114922;9.586.384
0.248997;0.114922;9.835.381
0.248997;0.105345;10.333.375
0.277727;0.114922;10.448.297
0.258574;0.124498;10.496.181
0.258574;0.143652;10.352.529
0.248997;0.114922;9.835.381
0.239420;0.134075;9.605.537
0.258574;0.114922;9.461.885
0.229843;0.143652;9.557.653
0.239420;0.114922;9.806.650
0.268151;0.124498;10.036.493
0.258574;0.124498;10.295.067
0.248997;0.143652;10.486.604
0.248997;0.105345;10.342.952
0.239420;0.105345;10.151.415
0.239420;0.124498;9.615.114
0.239420;0.143652;9.452.309
0.239420;0.143652;9.461.885
0.229843;0.143652;9.777.920
0.248997;0.124498;10.065.224
0.248997;0.105345;10.295.067
0.248997;0.095768;10.448.297
0.258574;0.124498;10.371.682
0.248997;0.114922;10.132.261
0.229843;0.124498;9.528.923
0.220267;0.105345;9.461.885
0.248997;0.105345;9.567.230
0.258574;0.114922;10.046.070
0.258574;0.134075;10.275.913
0.229843;0.114922;10.400.413
0.268151;0.114922;10.477.027
0.239420;0.134075;10.160.992
0.248997;0.124498;9.911.995
0.248997;0.134075;9.653.421
0.239420;0.114922;9.423.578
0.239420;0.114922;9.576.807
0.239420;0.134075;9.758.766
0.258574;0.134075;10.390.836
0.258574;0.134075;10.448.297
0.268151;0.134075;10.371.682
0.239420;0.114922;9.921.572
0.210690;0.134075;9.701.305
0.239420;0.105345;9.519.346
0.248997;0.114922;9.548.077
0.258574;0.124498;9.730.036
0.248997;0.134075;9.988.609
0.268151;0.114922;10.237.606
0.258574;0.114922;10.448.297
0.268151;0.114922;10.371.682
0.258574;0.124498;10.199.299
0.239420;0.124498;9.710.882
0.239420;0.095768;9.528.923
0.229843;0.124498;9.490.616
0.239420;0.114922;9.567.230
0.248997;0.095768;9.988.609
0.258574;0.095768;10.199.299
0.268151;0.114922;10.429.143
0.268151;0.105345;10.371.682
0.258574;0.124498;10.218.452
0.258574;0.114922;9.940.725
0.229843;0.114922;9.557.653
0.248997;0.134075;9.490.616
0.239420;0.134075;9.538.500
0.239420;0.134075;9.730.036
0.248997;0.095768;10.189.722
0.248997;0.124498;10.371.682
0.248997;0.134075;10.467.450
0.258574;0.114922;10.218.452
0.248997;0.134075;10.007.763
0.229843;0.124498;9.739.613
0.248997;0.134075;9.576.807
0.239420;0.114922;9.538.500
0.268151;0.124498;9.720.459
0.258574;0.114922;9.931.149
0.258574;0.124498;10.333.375
0.277727;0.124498;10.457.873
0.258574;0.143652;10.371.682
0.239420;0.124498;10.017.340
0.239420;0.114922;9.749.189
0.258574;0.114922;9.548.077
0.239420;0.134075;9.490.616
0.248997;0.114922;9.701.305
0.239420;0.105345;9.921.572
0.258574;0.124498;10.180.145
0.258574;0.143652;10.448.297
0.258574;0.134075;10.371.682
0.258574;0.124498;10.247.183
0.239420;0.124498;9.758.766
0.248997;0.114922;9.567.230
0.229843;0.114922;9.490.616
0.239420;0.143652;9.691.729
0.248997;0.134075;9.911.995
0.248997;0.134075;10.189.722
0.277727;0.114922;10.314.221
0.248997;0.134075;10.390.836
0.248997;0.124498;10.247.183
0.229843;0.134075;10.026.917
0.258574;0.114922;9.615.114
0.239420;0.153229;9.509.769
0.248997;0.143652;9.538.500
0.248997;0.153229;9.653.421
0.258574;0.114922;10.141.838
0.258574;0.124498;10.314.221
0.268151;0.134075;10.400.413
0.229843;0.124498;10.247.183
0.248997;0.143652;10.026.917
0.248997;0.134075;9.816.227
0.229843;0.143652;9.615.114
0.248997;0.134075;9.519.346
0.248997;0.105345;9.682.152
0.248997;0.105345;9.864.111
0.268151;0.124498;10.333.375
0.248997;0.134075;10.419.566
0.248997;0.105345;10.371.682
0.277727;0.095768;10.055.647
0.258574;0.124498;9.825.804
0.239420;0.143652;9.624.691
0.239420;0.124498;9.548.077
0.220267;0.114922;9.662.998
0.248997;0.114922;9.854.534
0.258574;0.124498;10.103.531
0.268151;0.134075;10.409.989
0.258574;0.124498;10.400.413
0.258574;0.124498;10.275.913
0.239420;0.105345;9.844.957
0.239420;0.114922;9.634.268
0.220267;0.124498;9.519.346
0.229843;0.124498;9.538.500
0.248997;0.124498;9.854.534
0.248997;0.124498;10.084.377
0.268151;0.114922;10.295.067
0.268151;0.153229;10.390.836
0.258574;0.114922;10.285.490
0.258574;0.105345;10.103.531
0.248997;0.143652;9.653.421
0.248997;0.124498;9.538.500
0.248997;0.114922;9.548.077
0.248997;0.124498;9.634.268
0.268151;0.114922;10.084.377
0.258574;0.134075;10.266.336
0.258574;0.114922;10.390.836
0.268151;0.105345;10.304.645
0.258574;0.134075;10.093.954
0.239420;0.095768;9.854.534
0.229843;0.124498;9.662.998
0.248997;0.124498;9.519.346
0.239420;0.124498;9.643.845
0.239420;0.105345;9.816.227
0.258574;0.105345;10.266.336
0.248997;0.134075;10.371.682
0.248997;0.114922;10.419.566
0.248997;0.105345;10.103.531
0.258574;0.124498;9.883.265
0.239420;0.124498;9.682.152
0.220267;0.105345;9.586.384
0.229843;0.105345;9.615.114
0.239420;0.114922;9.816.227
0.239420;0.114922;10.026.917
0.248997;0.114922;10.371.682
0.248997;0.105345;10.409.989
0.239420;0.124498;10.304.645
0.258574;0.105345;10.122.684
0.239420;0.134075;9.701.305
0.229843;0.105345;9.595.961
0.229843;0.124498;9.538.500
0.239420;0.124498;9.806.650
0.268151;0.114922;10.017.340
0.258574;0.105345;10.237.606
0.277727;0.134075;10.371.682
0.258574;0.124498;10.304.645
0.239420;0.134075;10.132.261
0.248997;0.114922;9.911.995
0.258574;0.134075;9.576.807
0.248997;0.143652;9.538.500
0.239420;0.134075;9.615.114
0.239420;0.124498;10.026.917
0.248997;0.114922;10.208.876
0.277727;0.105345;10.352.529
0.268151;0.114922;10.400.413
0.248997;0.124498;10.160.992
0.229843;0.095768;9.931.149
0.239420;0.095768;9.739.613
0.248997;0.134075;9.557.653
0.258574;0.105345;9.605.537
0.248997;0.105345;9.758.766
0.268151;0.114922;10.180.145
0.239420;0.124498;10.333.375
0.258574;0.124498;10.371.682
0.258574;0.124498;10.323.798
0.258574;0.134075;9.940.725
0.239420;0.105345;9.739.613
0.248997;0.134075;9.595.961
0.258574;0.114922;9.624.691
0.248997;0.105345;9.768.343
0.258574;0.134075;9.979.033
0.258574;0.153229;10.189.722
0.248997;0.114922;10.371.682
0.287304;0.114922;10.304.645
0.248997;0.124498;10.160.992
0.258574;0.124498;9.768.343
0.239420;0.124498;9.605.537
0.239420;0.114922;9.557.653
0.239420;0.124498;9.739.613
0.268151;0.134075;9.959.879
0.239420;0.143652;10.151.415
0.248997;0.114922;10.304.645
0.258574;0.114922;10.314.221
0.248997;0.114922;10.170.568
0.258574;0.105345;9.979.033
0.229843;0.114922;9.634.268
0.248997;0.124498;9.557.653
0.248997;0.086191;9.605.537
0.239420;0.114922;9.950.302
0.258574;0.114922;10.122.684
0.258574;0.114922;10.304.645
0.268151;0.134075;10.342.952
0.258574;0.124498;10.180.145
0.258574;0.124498;9.988.609
0.239420;0.124498;9.787.497
0.258574;0.114922;9.567.230
0.248997;0.124498;9.624.691
0.248997;0.105345;9.730.036
0.239420;0.134075;9.931.149
0.239420;0.124498;10.275.913
0.239420;0.105345;10.352.529
0.220267;0.124498;10.218.452
0.239420;0.124498;9.998.186
0.239420;0.114922;9.806.650
0.248997;0.114922;9.634.268
0.258574;0.105345;9.615.114
0.258574;0.124498;9.730.036
0.258574;0.134075;9.940.725
0.248997;0.114922;10.342.952
0.248997;0.124498;10.323.798
0.248997;0.105345;10.199.299
0.239420;0.105345;9.835.381
0.239420;0.114922;9.643.845
0.248997;0.114922;9.576.807
0.248997;0.105345;9.720.459
0.248997;0.124498;9.921.572
0.268151;0.124498;10.122.684
0.248997;0.114922;10.256.760
0.258574;0.114922;10.323.798
0.258574;0.114922;10.208.876
0.248997;0.134075;10.007.763
0.258574;0.124498;9.653.421
0.239420;0.134075;9.595.961
0.229843;0.114922;9.586.384
0.229843;0.134075;9.710.882
0.268151;0.114922;10.093.954
0.248997;0.134075;10.247.183
0.268151;0.114922;10.323.798
0.258574;0.114922;10.228.029
0.239420;0.114922;10.026.917
0.248997;0.114922;9.854.534
0.239420;0.124498;9.586.384
0.229843;0.124498;9.595.961
0.248997;0.134075;9.691.729
0.258574;0.105345;9.883.265
0.258574;0.134075;10.275.913
0.258574;0.134075;10.295.067
0.248997;0.134075;10.333.375
0.239420;0.143652;10.036.493
0.248997;0.134075;9.854.534
0.239420;0.134075;9.691.729
0.248997;0.134075;9.615.114
0.239420;0.124498;9.691.729
0.239420;0.134075;9.864.111
0.258574;0.105345;10.065.224
0.277727;0.095768;10.342.952
0.268151;0.124498;10.314.221
0.277727;0.114922;10.237.606
0.268151;0.124498;9.854.534
0.229843;0.114922;9.701.305
0.210690;0.095768;9.576.807
0.239420;0.114922;9.586.384
0.239420;0.105345;9.854.534
0.248997;0.114922;10.036.493
0.239420;0.114922;10.218.452
0.248997;0.114922;10.333.375
0.248997;0.134075;10.065.224
0.258574;0.143652;9.720.459
0.239420;0.153229;9.615.114
0.248997;0.134075;9.605.537
0.248997;0.124498;9.691.729
0.258574;0.114922;10.036.493
0.239420;0.134075;10.218.452
0.258574;0.114922;10.285.490
0.258574;0.095768;10.256.760
0.248997;0.124498;10.084.377
0.239420;0.143652;9.892.841
0.248997;0.134075;9.615.114
0.239420;0.124498;9.624.691
0.258574;0.114922;9.662.998
0.248997;0.153229;9.854.534
0.239420;0.105345;10.180.145
0.258574;0.114922;10.295.067
0.239420;0.143652;10.314.221
0.248997;0.114922;10.093.954
0.258574;0.105345;9.911.995
0.248997;0.114922;9.749.189
0.239420;0.105345;9.653.421
0.248997;0.095768;9.682.152
0.248997;0.124498;9.825.804
0.239420;0.124498;9.979.033
0.268151;0.124498;10.275.913
0.229843;0.105345;10.314.221
0.277727;0.114922;10.247.183
0.248997;0.143652;9.911.995
0.248997;0.105345;9.758.766
0.248997;0.124498;9.643.845
0.239420;0.105345;9.624.691
0.239420;0.105345;9.816.227
0.239420;0.143652;10.026.917
0.248997;0.134075;10.170.568
0.268151;0.105345;10.314.221
0.277727;0.114922;10.275.913
0.239420;0.143652;10.113.108
0.248997;0.114922;9.758.766
0.229843;0.114922;9.662.998
0.229843;0.124498;9.605.537
0.239420;0.114922;9.682.152
0.220267;0.114922;9.979.033
0.248997;0.105345;10.151.415
0.248997;0.124498;10.275.913
0.258574;0.105345;10.275.913
0.248997;0.114922;10.103.531
0.239420;0.143652;9.940.725
0.220267;0.143652;9.768.343
0.248997;0.124498;9.615.114
0.248997;0.124498;9.653.421
0.248997;0.124498;9.797.073
0.248997;0.105345;10.151.415
0.248997;0.114922;10.247.183
0.258574;0.105345;10.295.067
0.248997;0.114922;10.132.261
0.258574;0.114922;9.940.725
0.248997;0.114922;9.797.073
0.239420;0.124498;9.691.729
0.258574;0.114922;9.682.152
0.239420;0.114922;9.797.073
0.248997;0.086191;9.969.456
0.258574;0.124498;10.237.606
0.239420;0.124498;10.295.067
0.248997;0.124498;10.237.606
0.258574;0.114922;10.151.415
0.248997;0.134075;9.806.650
0.248997;0.143652;9.682.152
0.239420;0.134075;9.605.537
0.248997;0.134075;9.806.650
0.258574;0.114922;9.940.725
0.268151;0.143652;10.113.108
0.268151;0.134075;10.285.490
0.229843;0.124498;10.247.183
0.268151;0.124498;10.151.415
0.248997;0.105345;9.988.609
0.239420;0.114922;9.691.729
0.239420;0.124498;9.624.691
0.248997;0.134075;9.682.152
0.248997;0.124498;9.950.302
0.239420;0.095768;10.093.954
0.258574;0.124498;10.237.606
0.258574;0.114922;10.247.183
0.248997;0.143652;10.151.415
0.248997;0.124498;10.007.763
0.239420;0.095768;9.825.804
0.239420;0.086191;9.624.691
0.239420;0.124498;9.662.998
0.239420;0.134075;9.758.766
0.258574;0.143652;10.113.108
0.258574;0.134075;10.228.029
0.248997;0.124498;10.285.490
0.258574;0.134075;10.275.913
0.239420;0.124498;10.007.763
0.248997;0.124498;9.835.381
0.239420;0.114922;9.691.729
0.258574;0.114922;9.691.729
0.248997;0.105345;9.758.766
0.248997;0.124498;9.940.725
0.268151;0.134075;10.189.722
0.239420;0.134075;10.285.490
0.248997;0.134075;10.285.490
0.239420;0.105345;10.180.145
0.239420;0.124498;9.864.111
0.239420;0.105345;9.720.459
0.258574;0.124498;9.682.152
0.258574;0.114922;9.749.189
0.258574;0.134075;9.931.149
0.239420;0.124498;10.065.224
0.258574;0.124498;10.275.913
0.248997;0.124498;10.275.913
0.258574;0.124498;10.160.992
0.248997;0.086191;10.017.340
0.248997;0.095768;9.730.036
0.239420;0.114922;9.624.691
0.239420;0.124498;9.662.998
0.239420;0.105345;9.902.418
0.248997;0.114922;10.046.070
0.258574;0.114922;10.208.876
0.268151;0.124498;10.266.336
0.248997;0.114922;10.160.992
0.239420;0.124498;10.046.070
0.239420;0.124498;9.873.688
0.258574;0.114922;9.672.575
0.239420;0.124498;9.643.845
0.248997;0.124498;9.749.189
0.258574;0.124498;10.074.800
0.248997;0.143652;10.208.876
0.268151;0.095768;10.256.760
0.248997;0.124498;10.256.760
0.268151;0.134075;10.046.070
0.258574;0.124498;9.883.265
0.248997;0.124498;9.768.343
0.248997;0.143652;9.634.268
0.229843;0.114922;9.749.189
0.248997;0.134075;9.873.688
0.248997;0.105345;10.160.992
0.248997;0.124498;10.247.183
0.248997;0.124498;10.275.913
0.277727;0.153229;10.199.299
0.248997;0.124498;9.883.265
0.239420;0.134075;9.768.343
0.239420;0.114922;9.662.998
0.248997;0.134075;9.739.613
0.248997;0.124498;9.864.111
0.248997;0.114922;10.036.493
0.268151;0.124498;10.256.760
0.268151;0.114922;10.256.760
0.248997;0.114922;10.199.299
0.229843;0.124498;9.931.149
0.258574;0.124498;9.758.766
0.239420;0.134075;9.672.575
0.248997;0.114922;9.672.575
0.248997;0.134075;9.873.688
0.248997;0.105345;10.026.917
0.258574;0.124498;10.151.415
0.248997;0.134075;10.237.606
0.258574;0.143652;10.199.299
0.239420;0.124498;10.084.377
0.277727;0.124498;9.911.995
0.239420;0.124498;9.701.305
0.248997;0.124498;9.662.998
0.248997;0.114922;9.720.459
0.258574;0.134075;9.864.111
0.239420;0.124498;10.180.145
0.239420;0.124498;10.256.760
0.239420;0.114922;10.266.336
0.239420;0.114922;10.065.224
0.258574;0.143652;9.950.302
0.239420;0.114922;9.806.650
0.268151;0.114922;9.653.421
0.248997;0.114922;9.730.036
0.258574;0.134075;9.835.381
0.258574;0.114922;9.988.609
0.258574;0.134075;10.218.452
0.248997;0.124498;10.275.913
0.258574;0.124498;10.218.452
0.258574;0.124498;9.940.725
0.248997;0.124498;9.797.073
0.248997;0.105345;9.710.882
0.229843;0.114922;9.720.459
0.248997;0.124498;9.825.804
0.258574;0.114922;9.979.033
0.248997;0.114922;10.132.261
0.258574;0.114922;10.266.336
0.268151;0.114922;10.208.876
0.248997;0.124498;10.132.261
0.258574;0.124498;9.816.227
0.239420;0.134075;9.691.729
0.248997;0.105345;9.682.152
0.258574;0.124498;9.720.459
0.239420;0.114922;9.988.609
0.248997;0.114922;10.113.108
0.258574;0.114922;10.208.876
0.258574;0.114922;10.228.029
0.248997;0.114922;10.074.800
0.268151;0.134075;9.940.725
0.258574;0.143652;9.730.036
0.248997;0.143652;9.653.421
0.248997;0.124498;9.720.459
0.248997;0.124498;9.825.804
0.248997;0.114922;10.113.108
0.258574;0.105345;10.180.145
0.258574;0.143652;10.266.336
0.239420;0.143652;10.141.838
0.239420;0.114922;9.969.456
0.239420;0.134075;9.864.111
0.258574;0.114922;9.672.575
0.239420;0.143652;9.691.729
0.258574;0.124498;9.825.804
0.248997;0.124498;9.969.456
0.258574;0.124498;10.189.722
0.258574;0.124498;10.247.183
0.268151;0.105345;10.199.299
0.248997;0.134075;10.007.763
0.268151;0.114922;9.825.804
0.248997;0.134075;9.701.305
0.258574;0.114922;9.691.729
0.239420;0.114922;9.797.073
0.268151;0.143652;9.950.302
0.277727;0.105345;10.055.647
0.258574;0.114922;10.256.760
0.239420;0.124498;10.208.876
0.248997;0.124498;10.122.684
0.268151;0.124498;9.844.957
0.258574;0.134075;9.720.459
0.248997;0.114922;9.691.729
0.248997;0.124498;9.701.305
0.258574;0.134075;9.931.149
0.277727;0.114922;10.084.377
0.258574;0.114922;10.180.145
0.248997;0.124498;10.228.029
0.258574;0.124498;10.113.108
0.248997;0.114922;10.017.340
0.248997;0.124498;9.758.766
0.248997;0.114922;9.710.882
0.248997;0.114922;9.739.613
0.239420;0.134075;9.787.497
0.239420;0.114922;10.046.070
0.239420;0.114922;10.170.568
0.258574;0.124498;10.237.606
0.239420;0.114922;10.160.992
0.258574;0.124498;10.007.763
0.258574;0.105345;9.873.688
0.248997;0.124498;9.682.152
0.239420;0.134075;9.730.036
0.239420;0.114922;9.787.497
0.248997;0.105345;9.911.995
0.268151;0.124498;10.160.992
0.229843;0.114922;10.218.452
0.258574;0.095768;10.199.299
0.248997;0.124498;10.026.917
0.248997;0.124498;9.883.265
0.239420;0.124498;9.797.073
0.239420;0.124498;9.720.459
0.239420;0.124498;9.787.497
0.248997;0.143652;9.911.995
0.248997;0.124498;10.046.070
0.248997;0.105345;10.228.029
0.258574;0.134075;10.228.029
0.277727;0.153229;10.151.415
0.248997;0.114922;9.883.265
0.248997;0.134075;9.758.766
0.258574;0.114922;9.701.305
0.220267;0.124498;9.730.036
0.258574;0.114922;9.864.111
0.248997;0.143652;10.036.493
0.248997;0.124498;10.151.415
0.248997;0.105345;10.208.876
0.248997;0.143652;10.170.568
0.248997;0.124498;10.036.493
0.229843;0.124498;9.902.418
0.239420;0.124498;9.701.305
0.268151;0.105345;9.710.882
0.268151;0.134075;9.777.920
0.268151;0.124498;10.036.493
0.258574;0.114922;10.151.415
0.239420;0.143652;10.199.299
0.239420;0.124498;10.160.992
0.258574;0.114922;10.026.917
0.258574;0.105345;9.940.725
0.248997;0.114922;9.787.497
0.239420;0.153229;9.720.459
0.229843;0.124498;9.787.497
0.229843;0.134075;9.864.111
0.268151;0.114922;10.141.838
0.239420;0.124498;10.208.876
0.248997;0.143652;10.199.299
0.248997;0.114922;10.074.800
0.248997;0.095768;9.931.149
0.229843;0.134075;9.806.650
0.258574;0.134075;9.710.882
0.248997;0.134075;9.758.766
0.239420;0.134075;9.864.111
0.258574;0.124498;9.979.033
0.258574;0.124498;10.208.876
0.258574;0.124498;10.199.299
0.268151;0.134075;10.160.992
0.239420;0.124498;10.055.647
0.239420;0.124498;9.797.073
0.248997;0.134075;9.730.036
0.229843;0.134075;9.701.305
0.258574;0.124498;9.854.534
0.248997;0.105345;9.988.609
0.229843;0.124498;10.103.531
0.258574;0.134075;10.208.876
0.277727;0.134075;10.132.261
0.239420;0.124498;10.074.800
0.239420;0.114922;9.921.572
0.239420;0.105345;9.749.189
0.229843;0.114922;9.739.613
0.258574;0.134075;9.777.920
0.258574;0.114922;9.988.609
0.248997;0.114922;10.103.531
0.248997;0.114922;10.189.722
0.248997;0.114922;10.160.992
0.248997;0.134075;10.084.377
0.248997;0.124498;9.931.149
0.239420;0.124498;9.816.227
0.239420;0.134075;9.730.036
0.258574;0.124498;9.768.343
0.248997;0.124498;9.873.688
0.268151;0.143652;10.141.838
0.248997;0.124498;10.189.722
0.277727;0.143652;10.208.876
0.258574;0.134075;10.170.568
0.248997;0.124498;9.931.149
0.248997;0.134075;9.844.957
0.239420;0.114922;9.749.189
0.239420;0.105345;9.777.920
0.239420;0.124498;9.825.804
0.239420;0.134075;9.979.033
0.248997;0.114922;10.180.145
0.239420;0.114922;10.228.029
0.248997;0.153229;10.180.145
0.239420;0.124498;10.084.377
0.258574;0.134075;9.844.957
0.248997;0.124498;9.749.189
0.239420;0.124498;9.720.459
0.248997;0.134075;9.864.111
0.229843;0.114922;9.969.456
0.229843;0.124498;10.093.954
0.248997;0.124498;10.180.145
0.258574;0.124498;10.199.299
0.277727;0.114922;10.103.531
0.258574;0.124498;9.979.033
0.248997;0.114922;9.758.766
0.239420;0.124498;9.730.036
0.239420;0.134075;9.777.920
0.258574;0.153229;9.959.879
0.277727;0.124498;10.036.493
0.268151;0.124498;10.170.568
0.258574;0.143652;10.208.876
0.248997;0.114922;10.084.377
0.248997;0.153229;9.969.456
0.239420;0.124498;9.854.534
0.239420;0.134075;9.730.036
0.229843;0.124498;9.758.766
0.248997;0.124498;9.844.957
0.239420;0.134075;10.074.800
0.258574;0.105345;10.180.145
0.258574;0.143652;10.199.299
0.239420;0.124498;10.180.145
0.268151;0.114922;9.998.186
0.248997;0.095768;9.873.688
0.229843;0.143652;9.787.497
0.248997;0.114922;9.739.613
0.248997;0.124498;9.835.381
0.239420;0.105345;9.940.725
0.248997;0.124498;10.132.261
0.239420;0.105345;10.180.145
0.258574;0.124498;10.160.992
0.268151;0.124498;10.026.917
0.239420;0.114922;9.873.688
0.239420;0.143652;9.787.497
0.239420;0.105345;9.720.459
0.258574;0.134075;9.835.381
0.258574;0.143652;9.940.725
0.248997;0.134075;10.017.340
0.248997;0.124498;10.151.415
0.258574;0.105345;10.160.992
0.258574;0.134075;10.113.108
0.258574;0.124498;9.892.841
0.239420;0.114922;9.787.497
0.239420;0.124498;9.730.036
0.239420;0.105345;9.710.882
0.239420;0.134075;9.950.302
0.258574;0.114922;10.036.493
0.258574;0.143652;10.141.838
0.239420;0.124498;10.170.568
0.248997;0.134075;10.113.108
0.239420;0.134075;9.988.609
0.268151;0.134075;9.883.265
0.239420;0.134075;9.758.766
0.248997;0.134075;9.768.343
0.248997;0.114922;9.816.227
0.239420;0.114922;9.911.995
0.258574;0.134075;10.132.261
0.268151;0.105345;10.180.145
0.248997;0.124498;10.180.145
0.248997;0.124498;10.036.493
0.239420;0.124498;9.911.995
0.258574;0.114922;9.797.073
0.239420;0.143652;9.720.459
0.248997;0.134075;9.825.804
0.239420;0.124498;9.921.572
0.258574;0.134075;10.007.763
0.258574;0.105345;10.180.145
0.248997;0.143652;10.189.722
0.258574;0.134075;10.122.684
0.248997;0.124498;9.931.149
0.248997;0.124498;9.797.073
0.229843;0.105345;9.777.920
0.258574;0.124498;9.825.804
0.258574;0.105345;9.911.995
0.239420;0.134075;10.017.340
0.258574;0.114922;10.122.684
0.248997;0.143652;10.199.299
0.258574;0.124498;10.122.684
0.277727;0.124498;10.017.340
0.210690;0.134075;9.816.227
0.239420;0.124498;9.739.613
0.248997;0.114922;9.730.036
0.239420;0.095768;9.892.841
0.239420;0.134075;10.007.763
0.248997;0.114922;10.103.531
0.268151;0.114922;10.170.568
0.258574;0.124498;10.113.108
0.258574;0.134075;10.017.340
0.248997;0.124498;9.911.995
0.248997;0.114922;9.758.766
0.229843;0.114922;9.758.766
0.248997;0.134075;9.787.497
0.258574;0.095768;9.902.418
0.229843;0.134075;10.122.684
0.248997;0.114922;10.170.568
0.248997;0.114922;10.151.415
0.229843;0.143652;10.055.647
0.248997;0.134075;9.921.572
0.248997;0.124498;9.825.804
0.239420;0.124498;9.777.920
0.239420;0.114922;9.816.227
0.258574;0.134075;9.892.841
0.258574;0.105345;9.998.186
0.239420;0.124498;10.160.992
0.239420;0.134075;10.180.145
0.239420;0.114922;10.113.108
0.239420;0.134075;9.950.302
0.258574;0.114922;9.835.381
0.239420;0.114922;9.787.497
0.258574;0.124498;9.768.343
0.239420;0.143652;9.873.688
0.239420;0.105345;9.979.033
0.258574;0.124498;10.074.800
0.248997;0.143652;10.189.722
0.277727;0.134075;10.141.838
0.239420;0.124498;10.017.340
0.248997;0.124498;9.854.534
0.248997;0.143652;9.797.073
0.248997;0.114922;9.758.766
0.229843;0.105345;9.806.650
0.239420;0.124498;9.969.456
0.258574;0.114922;10.151.415
0.258574;0.143652;10.151.415
0.239420;0.114922;10.065.224
0.258574;0.114922;9.959.879
0.258574;0.095768;9.825.804
0.239420;0.134075;9.787.497
0.239420;0.105345;9.797.073
0.268151;0.134075;10.074.800
0.258574;0.114922;10.160.992
0.248997;0.134075;10.036.493
0.239420;0.105345;9.959.879
0.229843;0.153229;9.844.957
0.248997;0.134075;9.777.920
0.268151;0.105345;9.787.497
0.248997;0.143652;9.883.265
0.239420;0.114922;9.969.456
0.248997;0.134075;10.113.108
0.258574;0.105345;10.189.722
0.239420;0.114922;10.141.838
0.258574;0.124498;9.979.033
0.239420;0.124498;9.864.111
0.248997;0.114922;9.787.497
0.239420;0.134075;9.777.920
0.239420;0.114922;9.873.688
0.248997;0.114922;9.950.302
0.258574;0.124498;10.065.224
0.248997;0.153229;10.170.568
0.239420;0.114922;10.160.992
0.248997;0.105345;10.074.800
0.248997;0.124498;9.940.725
0.258574;0.114922;9.816.227
0.239420;0.134075;9.758.766
0.258574;0.105345;9.787.497
0.258574;0.114922;9.950.302
0.239420;0.114922;10.036.493
0.239420;0.143652;10.132.261
0.239420;0.124498;10.151.415
0.239420;0.134075;10.074.800
0.248997;0.105345;9.969.456
0.239420;0.105345;9.864.111
0.268151;0.114922;9.768.343
0.258574;0.114922;9.806.650
0.239420;0.143652;9.844.957
0.229843;0.114922;10.046.070
0.258574;0.124498;10.122.684
0.248997;0.124498;10.160.992
0.248997;0.105345;10.074.800
0.248997;0.143652;9.988.609
0.248997;0.124498;9.902.418
0.248997;0.134075;9.806.650
0.258574;0.143652;9.797.073
0.239420;0.134075;9.825.804
0.248997;0.124498;9.921.572
0.248997;0.124498;10.132.261
0.258574;0.134075;10.170.568
0.258574;0.134075;10.065.224
0.258574;0.134075;10.065.224
0.248997;0.114922;9.902.418
0.248997;0.114922;9.816.227
0.239420;0.143652;9.787.497
0.239420;0.134075;9.854.534
0.229843;0.153229;9.921.572
0.248997;0.114922;10.026.917
0.248997;0.105345;10.141.838
0.248997;0.105345;10.151.415
0.268151;0.124498;10.103.531
0.268151;0.134075;9.979.033
0.258574;0.134075;9.816.227
0.258574;0.114922;9.758.766
0.239420;0.134075;9.806.650
0.239420;0.105345;9.950.302
0.268151;0.134075;10.017.340
0.248997;0.114922;10.113.108
0.258574;0.124498;10.160.992
0.229843;0.134075;10.113.108
0.248997;0.124498;9.988.609
0.258574;0.124498;9.902.418
0.239420;0.105345;9.797.073
0.248997;0.143652;9.806.650
0.258574;0.124498;9.854.534
0.248997;0.114922;10.017.340
0.239420;0.134075;10.103.531
0.248997;0.134075;10.141.838
0.239420;0.153229;10.151.415
0.229843;0.114922;10.007.763
0.229843;0.124498;9.940.725
0.248997;0.134075;9.835.381
0.258574;0.143652;9.777.920
0.258574;0.134075;9.864.111
0.248997;0.134075;9.931.149
0.258574;0.114922;10.093.954
0.248997;0.124498;10.141.838
0.258574;0.105345;10.151.415
0.248997;0.124498;10.103.531
0.239420;0.114922;9.931.149
0.248997;0.134075;9.864.111
0.258574;0.124498;9.806.650
0.248997;0.134075;9.844.957
0.258574;0.124498;9.921.572
0.258574;0.124498;9.959.879
0.258574;0.105345;10.074.800
0.239420;0.124498;10.151.415
0.268151;0.134075;10.103.531
0.258574;0.134075;10.017.340
0.239420;0.134075;9.854.534
0.248997;0.105345;9.797.073
0.229843;0.143652;9.806.650
0.258574;0.143652;9.911.995
0.248997;0.124498;10.026.917
0.258574;0.114922;10.065.224
0.248997;0.124498;10.151.415
0.268151;0.124498;10.113.108
0.248997;0.134075;10.036.493
0.239420;0.124498;9.921.572
0.229843;0.114922;9.825.804
0.258574;0.143652;9.777.920
0.258574;0.114922;9.797.073
0.239420;0.134075;9.979.033
0.239420;0.114922;10.074.800
0.258574;0.124498;10.151.415
0.248997;0.134075;10.132.261
0.248997;0.134075;10.017.340
0.258574;0.124498;9.921.572
0.239420;0.105345;9.873.688
0.239420;0.124498;9.797.073
0.248997;0.134075;9.816.227
0.248997;0.114922;9.902.418
0.239420;0.134075;10.084.377
0.248997;0.095768;10.132.261
0.258574;0.114922;10.160.992
0.258574;0.114922;10.122.684
0.248997;0.105345;9.969.456
0.258574;0.143652;9.864.111
0.258574;0.134075;9.797.073
0.220267;0.134075;9.835.381
0.248997;0.124498;9.883.265
0.239420;0.124498;9.998.186
0.258574;0.124498;10.141.838
0.258574;0.095768;10.122.684
0.248997;0.114922;10.141.838
0.239420;0.124498;10.046.070
0.258574;0.124498;9.883.265
0.239420;0.114922;9.835.381
0.248997;0.124498;9.806.650
0.258574;0.114922;9.902.418
0.258574;0.105345;9.979.033
0.239420;0.105345;10.055.647
0.248997;0.124498;10.122.684
0.248997;0.134075;10.017.340
0.239420;0.124498;9.988.609
0.248997;0.124498;9.806.650
0.239420;0.143652;9.816.227
0.248997;0.114922;9.835.381
0.258574;0.143652;9.950.302
0.248997;0.114922;10.046.070
0.239420;0.105345;10.103.531
0.248997;0.124498;10.132.261
0.248997;0.105345;10.055.647
0.248997;0.114922;9.969.456
0.229843;0.124498;9.892.841
0.239420;0.124498;9.777.920
0.258574;0.134075;9.816.227
0.258574;0.124498;9.873.688
0.258574;0.114922;9.959.879
0.248997;0.143652;10.113.108
0.258574;0.134075;10.132.261
0.258574;0.124498;10.113.108
0.248997;0.114922;9.969.456
0.258574;0.124498;9.911.995
0.258574;0.124498;9.816.227
0.248997;0.114922;9.825.804
0.258574;0.134075;9.864.111
0.268151;0.134075;9.950.302
0.239420;0.124498;10.026.917
0.268151;0.134075;10.122.684
0.248997;0.124498;10.093.954
0.268151;0.124498;10.074.800
0.248997;0.134075;9.873.688
0.239420;0.143652;9.854.534
0.229843;0.124498;9.797.073
0.258574;0.114922;9.816.227
0.258574;0.095768;9.950.302
0.248997;0.134075;10.036.493
0.248997;0.114922;10.103.531
0.229843;0.114922;10.084.377
0.239420;0.134075;10.055.647
0.248997;0.105345;9.950.302
0.258574;0.134075;9.816.227
0.229843;0.134075;9.816.227
0.220267;0.114922;9.835.381
0.258574;0.124498;9.873.688
0.248997;0.114922;10.026.917
0.258574;0.134075;10.065.224
0.258574;0.134075;10.122.684
0.258574;0.124498;10.046.070
0.248997;0.124498;9.969.456
0.248997;0.114922;9.911.995
0.239420;0.105345;9.816.227
0.229843;0.124498;9.835.381
0.239420;0.134075;9.873.688
0.258574;0.105345;9.921.572
0.258574;0.114922;10.103.531
0.268151;0.105345;10.103.531
0.248997;0.134075;10.103.531
0.229843;0.114922;9.969.456
0.239420;0.124498;9.902.418
0.258574;0.114922;9.835.381
0.239420;0.134075;9.816.227
0.239420;0.105345;9.864.111
0.248997;0.124498;9.940.725
0.248997;0.124498;10.017.340
0.258574;0.124498;10.132.261
0.248997;0.134075;10.103.531
0.258574;0.134075;10.074.800
0.248997;0.114922;9.921.572
0.239420;0.143652;9.873.688
0.248997;0.134075;9.806.650
0.229843;0.143652;9.816.227
0.239420;0.134075;9.959.879
0.248997;0.134075;10.017.340
0.248997;0.134075;10.084.377
0.248997;0.086191;10.122.684
0.248997;0.124498;10.074.800
0.258574;0.124498;9.998.186
0.239420;0.134075;9.864.111
0.268151;0.114922;9.835.381
0.248997;0.114922;9.816.227
0.258574;0.134075;9.854.534
0.239420;0.114922;9.998.186
0.239420;0.105345;10.065.224
0.258574;0.124498;10.113.108
0.248997;0.114922;10.074.800
0.268151;0.134075;10.026.917
0.248997;0.105345;9.940.725
0.239420;0.114922;9.844.957
0.248997;0.134075;9.854.534
0.248997;0.124498;9.864.111
0.248997;0.124498;9.931.149
0.268151;0.124498;10.074.800
0.239420;0.143652;10.093.954
0.248997;0.143652;10.113.108
0.239420;0.134075;10.026.917
0.239420;0.143652;9.940.725
0.239420;0.134075;9.873.688
0.268151;0.134075;9.806.650
0.229843;0.105345;9.854.534
0.248997;0.105345;9.921.572
0.248997;0.134075;9.988.609
0.268151;0.105345;10.113.108
0.258574;0.143652;10.103.531
0.258574;0.124498;10.055.647
0.258574;0.124498;9.940.725
0.248997;0.124498;9.864.111
0.239420;0.124498;9.806.650
0.248997;0.114922;9.806.650
0.268151;0.134075;9.911.995
0.268151;0.124498;9.988.609
0.258574;0.105345;10.055.647
0.239420;0.124498;10.122.684
0.239420;0.124498;10.093.954
0.268151;0.114922;10.007.763
0.239420;0.134075;9.883.265
0.248997;0.124498;9.825.804
0.268151;0.143652;9.835.381
0.258574;0.134075;9.844.957
0.239420;0.105345;9.988.609
0.248997;0.105345;10.074.800
0.248997;0.124498;10.103.531
0.239420;0.105345;10.055.647
0.248997;0.134075;10.055.647
0.248997;0.134075;9.940.725
0.268151;0.114922;9.883.265
0.248997;0.124498;9.825.804
0.239420;0.114922;9.854.534
0.258574;0.124498;9.902.418
0.258574;0.143652;10.055.647
0.258574;0.124498;10.093.954
0.248997;0.124498;10.113.108
0.239420;0.124498;10.093.954
0.248997;0.114922;9.969.456
0.229843;0.114922;9.883.265
0.248997;0.105345;9.844.957
0.248997;0.114922;9.825.804
0.248997;0.124498;9.892.841
0.239420;0.124498;9.979.033
0.239420;0.124498;10.122.684
0.248997;0.114922;10.113.108
0.268151;0.105345;10.065.224
0.258574;0.124498;10.046.070
0.239420;0.143652;9.921.572
0.220267;0.114922;9.854.534
0.258574;0.114922;9.797.073
0.248997;0.095768;9.931.149
0.239420;0.143652;9.969.456
0.258574;0.124498;10.055.647
0.268151;0.114922;10.103.531
0.248997;0.114922;10.084.377
0.239420;0.134075;10.017.340
0.268151;0.124498;9.959.879
0.239420;0.124498;9.844.957
0.248997;0.134075;9.835.381
0.248997;0.114922;9.854.534
0.248997;0.124498;9.959.879
0.239420;0.105345;10.046.070
0.239420;0.105345;10.113.108
0.248997;0.134075;10.113.108
0.268151;0.114922;10.074.800
0.239420;0.124498;9.988.609
0.239420;0.114922;9.892.841
0.258574;0.114922;9.825.804
0.248997;0.105345;9.854.534
0.258574;0.124498;9.873.688
0.268151;0.134075;10.007.763
0.248997;0.114922;10.084.377
0.248997;0.124498;10.103.531
0.248997;0.124498;10.093.954
0.268151;0.134075;9.979.033
0.258574;0.124498;9.883.265
0.248997;0.114922;9.844.957
0.258574;0.124498;9.835.381
0.248997;0.114922;9.873.688
0.248997;0.114922;9.940.725
0.239420;0.105345;10.093.954
0.248997;0.134075;10.084.377
0.229843;0.134075;10.103.531
0.258574;0.124498;10.046.070
0.258574;0.134075;9.911.995
0.258574;0.124498;9.854.534
0.239420;0.143652;9.844.957
0.220267;0.114922;9.873.688
0.248997;0.134075;9.940.725
0.248997;0.124498;9.998.186
0.248997;0.153229;10.084.377
0.258574;0.114922;10.103.531
0.277727;0.124498;10.036.493
0.258574;0.114922;9.988.609
0.220267;0.134075;9.854.534
0.229843;0.124498;9.835.381
0.239420;0.114922;9.854.534
0.248997;0.114922;9.931.149
0.248997;0.134075;9.998.186
0.248997;0.114922;10.065.224
0.258574;0.143652;10.093.954
0.258574;0.143652;10.074.800
0.258574;0.153229;9.969.456
0.268151;0.134075;9.883.265
0.248997;0.134075;9.816.227
0.239420;0.105345;9.844.957
0.239420;0.095768;9.873.688
0.239420;0.114922;9.998.186
0.248997;0.105345;10.055.647
0.248997;0.134075;10.074.800
0.258574;0.095768;10.055.647
0.248997;0.124498;9.998.186
0.248997;0.143652;9.902.418
0.239420;0.143652;9.873.688
0.239420;0.124498;9.864.111
0.248997;0.143652;9.883.265
0.248997;0.114922;9.911.995
0.239420;0.124498;9.998.186
0.248997;0.143652;10.103.531
0.229843;0.124498;10.084.377
0.277727;0.114922;10.055.647
0.239420;0.124498;9.911.995
0.239420;0.124498;9.892.841
0.239420;0.124498;9.825.804
0.248997;0.105345;9.883.265
0.248997;0.134075;9.950.302
0.229843;0.134075;10.017.340
0.248997;0.124498;10.065.224
0.229843;0.124498;10.084.377
0.248997;0.124498;10.055.647
0.248997;0.124498;10.007.763
0.248997;0.114922;9.883.265
0.258574;0.114922;9.835.381
0.239420;0.105345;9.835.381
0.258574;0.143652;9.883.265
0.229843;0.114922;9.988.609
0.239420;0.114922;10.055.647
0.258574;0.124498;10.074.800
0.239420;0.114922;10.084.377
0.248997;0.134075;10.017.340
0.258574;0.134075;9.921.572
0.248997;0.143652;9.844.957
0.258574;0.114922;9.844.957
0.258574;0.143652;9.844.957
0.248997;0.114922;10.055.647
0.248997;0.134075;10.084.377
0.248997;0.134075;10.017.340
0.248997;0.153229;9.950.302
0.239420;0.105345;9.892.841
0.239420;0.105345;9.854.534
0.258574;0.124498;9.873.688
0.248997;0.124498;9.902.418
0.248997;0.124498;9.979.033
0.239420;0.114922;10.074.800
0.268151;0.105345;10.093.954
0.258574;0.134075;10.084.377
0.239420;0.114922;9.940.725
0.258574;0.114922;9.883.265
0.239420;0.134075;9.883.265
0.248997;0.124498;9.873.688
0.239420;0.124498;9.911.995
0.248997;0.114922;9.979.033
0.248997;0.105345;10.026.917
0.239420;0.105345;10.065.224
0.258574;0.114922;10.055.647
0.268151;0.134075;10.017.340
0.248997;0.134075;9.911.995
0.248997;0.124498;9.854.534
0.248997;0.114922;9.835.381
0.258574;0.124498;9.873.688
0.248997;0.105345;9.979.033
0.248997;0.124498;10.026.917
0.248997;0.124498;10.074.800
0.268151;0.134075;10.065.224
0.258574;0.124498;10.017.340
0.248997;0.105345;9.979.033
0.229843;0.114922;9.864.111
0.239420;0.105345;9.825.804
0.248997;0.134075;9.883.265
0.248997;0.124498;9.931.149
0.268151;0.124498;10.017.340
0.239420;0.114922;10.074.800
0.239420;0.134075;10.084.377
0.258574;0.114922;10.046.070
0.239420;0.134075;9.969.456
0.229843;0.114922;9.911.995
0.248997;0.134075;9.864.111
0.258574;0.124498;9.911.995
0.248997;0.114922;9.969.456
0.258574;0.114922;10.055.647
0.258574;0.124498;10.055.647
0.248997;0.124498;10.055.647
0.248997;0.114922;9.931.149
0.248997;0.114922;9.892.841
0.258574;0.114922;9.873.688
0.248997;0.114922;9.844.957
0.258574;0.124498;9.902.418
0.239420;0.134075;9.969.456
0.268151;0.105345;10.026.917
0.220267;0.124498;10.074.800
0.268151;0.134075;10.055.647
0.239420;0.143652;10.026.917
0.239420;0.143652;9.921.572
0.239420;0.114922;9.873.688
0.248997;0.124498;9.844.957
0.248997;0.095768;9.854.534
0.248997;0.114922;9.969.456
0.239420;0.095768;10.055.647
0.268151;0.134075;10.055.647
0.248997;0.134075;10.065.224
0.258574;0.124498;10.026.917
0.229843;0.114922;9.988.609
0.239420;0.114922;9.892.841
0.239420;0.114922;9.854.534
0.239420;0.114922;9.864.111
0.258574;0.114922;9.883.265
0.268151;0.124498;10.007.763
0.248997;0.124498;10.065.224
0.248997;0.143652;10.074.800
0.258574;0.124498;10.007.763
0.258574;0.105345;9.988.609
0.248997;0.124498;9.911.995
0.258574;0.124498;9.854.534
0.229843;0.114922;9.854.534
0.239420;0.105345;9.883.265
0.248997;0.114922;9.959.879
0.248997;0.124498;10.065.224
0.248997;0.143652;10.055.647
0.248997;0.114922;10.093.954
0.248997;0.134075;9.988.609
0.248997;0.134075;9.921.572
0.239420;0.134075;9.902.418
0.248997;0.124498;9.864.111
0.239420;0.114922;9.864.111
0.248997;0.143652;9.940.725
0.248997;0.134075;9.979.033
0.239420;0.124498;10.074.800
0.239420;0.134075;10.055.647
0.239420;0.114922;10.046.070
0.248997;0.095768;9.931.149
0.248997;0.114922;9.892.841
0.248997;0.124498;9.854.534
0.239420;0.143652;9.854.534
0.239420;0.105345;9.950.302
0.248997;0.114922;10.007.763
0.258574;0.143652;10.055.647
0.248997;0.124498;10.055.647
0.210690;0.124498;10.046.070
0.258574;0.153229;9.979.033
0.248997;0.134075;9.940.725
0.229843;0.153229;9.854.534
0.258574;0.153229;9.873.688
0.239420;0.124498;9.911.995
0.268151;0.134075;9.988.609
0.239420;0.143652;10.046.070
0.248997;0.114922;10.084.377
0.258574;0.134075;10.046.070
0.248997;0.114922;9.979.033
0.229843;0.105345;9.959.879
0.268151;0.134075;9.911.995
0.239420;0.124498;9.864.111
0.248997;0.134075;9.873.688
0.268151;0.105345;9.940.725
0.248997;0.124498;10.046.070
0.258574;0.124498;10.074.800
0.268151;0.124498;10.074.800
0.258574;0.134075;10.017.340
0.239420;0.105345;9.931.149
0.268151;0.134075;9.883.265
0.239420;0.114922;9.844.957
0.239420;0.134075;9.902.418
0.239420;0.134075;9.950.302
0.248997;0.134075;9.998.186
0.258574;0.114922;10.046.070
0.258574;0.124498;10.074.800
0.258574;0.134075;10.046.070
0.258574;0.143652;9.979.033
0.248997;0.143652;9.911.995
0.248997;0.134075;9.844.957
0.258574;0.124498;9.854.534
0.258574;0.134075;9.921.572
0.258574;0.114922;9.969.456
0.258574;0.124498;10.074.800
0.239420;0.134075;10.065.224
0.239420;0.114922;10.017.340
0.239420;0.124498;9.998.186
0.258574;0.134075;9.950.302
0.229843;0.124498;9.873.688
0.258574;0.124498;9.873.688
0.248997;0.124498;9.883.265
0.258574;0.134075;9.988.609
0.248997;0.134075;10.036.493
0.248997;0.114922;10.065.224
0.239420;0.114922;10.074.800
0.248997;0.134075;9.988.609
0.248997;0.134075;9.940.725
0.248997;0.114922;9.883.265
0.239420;0.124498;9.854.534
0.248997;0.124498;9.892.841
0.248997;0.124498;9.931.149
0.248997;0.143652;10.007.763
0.239420;0.114922;10.055.647
0.248997;0.143652;10.074.800
0.248997;0.105345;10.074.800
0.248997;0.124498;9.969.456
0.239420;0.124498;9.911.995
0.239420;0.114922;9.883.265
0.248997;0.124498;9.892.841
0.248997;0.105345;9.902.418
0.268151;0.124498;9.998.186
0.229843;0.124498;10.046.070
0.248997;0.114922;10.074.800
0.248997;0.143652;10.055.647
0.239420;0.124498;10.007.763
0.239420;0.114922;9.892.841
0.268151;0.124498;9.864.111
0.268151;0.114922;9.854.534
0.229843;0.105345;9.931.149
0.258574;0.134075;9.988.609
0.258574;0.124498;10.017.340
0.258574;0.143652;10.065.224
0.239420;0.114922;10.026.917
0.248997;0.134075;10.007.763
0.248997;0.143652;9.950.302
0.239420;0.114922;9.873.688
0.258574;0.124498;9.873.688
0.258574;0.143652;9.940.725
0.258574;0.114922;10.017.340
0.258574;0.114922;10.055.647
0.248997;0.124498;10.074.800
0.248997;0.105345;9.998.186
0.239420;0.134075;9.969.456
0.239420;0.124498;9.902.418
0.258574;0.124498;9.873.688
0.248997;0.124498;9.911.995
0.239420;0.134075;9.921.572
0.258574;0.134075;9.950.302
0.258574;0.114922;10.074.800
0.248997;0.143652;10.065.224
0.248997;0.134075;10.036.493
0.258574;0.105345;9.950.302
0.258574;0.124498;9.911.995
0.258574;0.105345;9.892.841
0.239420;0.124498;9.902.418
0.229843;0.124498;9.921.572
0.239420;0.124498;9.959.879
0.248997;0.105345;10.007.763
0.258574;0.134075;10.046.070
0.258574;0.143652;10.055.647
0.258574;0.134075;10.007.763
0.248997;0.114922;9.921.572
0.258574;0.134075;9.883.265
0.248997;0.134075;9.883.265
0.248997;0.134075;9.911.995
0.239420;0.124498;9.969.456
0.248997;0.105345;10.017.340
0.239420;0.124498;10.055.647
0.268151;0.124498;10.046.070
0.239420;0.105345;10.017.340
0.248997;0.124498;9.979.033
0.258574;0.095768;9.892.841
0.258574;0.124498;9.864.111
0.248997;0.095768;9.902.418
0.248997;0.143652;9.950.302
0.239420;0.124498;10.017.340
0.248997;0.134075;10.046.070
0.248997;0.114922;10.065.224
0.239420;0.124498;10.046.070
0.248997;0.105345;9.988.609
0.229843;0.124498;9.931.149
0.258574;0.124498;9.873.688
0.248997;0.134075;9.873.688
0.239420;0.143652;9.911.995
0.239420;0.114922;9.959.879
0.258574;0.124498;10.017.340
0.239420;0.124498;10.046.070
0.248997;0.124498;10.055.647
0.258574;0.105345;9.959.879
0.239420;0.134075;9.921.572
0.239420;0.105345;9.911.995
0.248997;0.124498;9.883.265
0.248997;0.124498;9.940.725
0.258574;0.124498;9.950.302
0.258574;0.124498;9.988.609
0.248997;0.105345;10.055.647
0.229843;0.124498;10.055.647
0.248997;0.114922;10.065.224
0.239420;0.124498;9.931.149
0.229843;0.124498;9.902.418
0.220267;0.124498;9.854.534
0.248997;0.114922;9.873.688
0.239420;0.124498;9.959.879
0.248997;0.124498;9.988.609
0.248997;0.105345;10.017.340
0.277727;0.124498;10.055.647
0.229843;0.114922;10.026.917
0.248997;0.134075;9.988.609
0.239420;0.114922;9.902.418
0.268151;0.134075;9.892.841
0.239420;0.124498;9.873.688
0.248997;0.114922;9.892.841
0.248997;0.114922;10.007.763
0.229843;0.124498;10.055.647
0.248997;0.124498;10.074.800
0.248997;0.105345;10.055.647
0.258574;0.134075;9.979.033
0.258574;0.124498;9.931.149
0.239420;0.124498;9.921.572
0.229843;0.143652;9.873.688
0.239420;0.143652;9.883.265
0.248997;0.124498;9.959.879
0.239420;0.143652;9.998.186
0.248997;0.134075;10.046.070
0.258574;0.143652;9.988.609
0.268151;0.134075;9.940.725
0.239420;0.134075;9.921.572
0.248997;0.143652;9.892.841
0.239420;0.134075;9.892.841
0.258574;0.124498;9.931.149
0.248997;0.124498;9.988.609
0.248997;0.114922;10.055.647
0.248997;0.124498;10.046.070
0.248997;0.124498;10.017.340
0.258574;0.114922;9.940.725
0.248997;0.114922;9.902.418
0.248997;0.143652;9.864.111
0.248997;0.134075;9.873.688
0.248997;0.134075;9.950.302
0.248997;0.124498;10.007.763
0.248997;0.134075;9.998.186
0.248997;0.134075;10.046.070
0.239420;0.143652;10.055.647
0.229843;0.114922;10.007.763
0.258574;0.114922;9.950.302
0.258574;0.143652;9.854.534
0.248997;0.124498;9.892.841
0.239420;0.114922;9.921.572
0.258574;0.124498;9.959.879
0.258574;0.124498;10.026.917
0.229843;0.124498;10.055.647
0.239420;0.124498;10.046.070
0.258574;0.124498;9.998.186
0.239420;0.105345;9.950.302
0.248997;0.114922;9.931.149
0.248997;0.143652;9.854.534
0.248997;0.124498;9.883.265
0.239420;0.124498;9.921.572
0.248997;0.124498;10.017.340
0.248997;0.124498;10.055.647
0.258574;0.124498;10.036.493
0.258574;0.105345;10.017.340
0.258574;0.124498;9.969.456
0.239420;0.124498;9.911.995
0.239420;0.124498;9.892.841
0.239420;0.124498;9.921.572
0.239420;0.105345;9.911.995
0.239420;0.134075;9.979.033
0.258574;0.114922;10.046.070
0.248997;0.124498;10.046.070
0.258574;0.105345;10.046.070
0.239420;0.105345;10.026.917
0.258574;0.105345;9.940.725
0.248997;0.124498;9.864.111
0.258574;0.134075;9.902.418
0.248997;0.114922;9.931.149
0.258574;0.124498;9.979.033
0.258574;0.134075;10.017.340
0.248997;0.124498;10.065.224
0.229843;0.114922;10.036.493
0.248997;0.143652;10.007.763
0.239420;0.114922;9.911.995
0.248997;0.134075;9.911.995
0.248997;0.124498;9.902.418
0.239420;0.124498;9.873.688
0.248997;0.114922;9.959.879
0.239420;0.114922;9.998.186
0.248997;0.105345;10.007.763
0.268151;0.114922;10.036.493
0.239420;0.114922;9.979.033
0.268151;0.114922;9.979.033
0.248997;0.124498;9.911.995
0.258574;0.114922;9.892.841
0.258574;0.124498;9.883.265
0.258574;0.134075;9.911.995
0.268151;0.105345;10.007.763
0.248997;0.095768;10.046.070
0.239420;0.134075;10.074.800
0.258574;0.134075;10.036.493
0.258574;0.095768;9.979.033
0.258574;0.143652;9.921.572
0.258574;0.114922;9.883.265
0.248997;0.134075;9.911.995
0.239420;0.124498;9.921.572
0.239420;0.114922;9.950.302
0.239420;0.143652;10.026.917
0.239420;0.143652;10.055.647
0.258574;0.143652;10.017.340
0.258574;0.143652;9.979.033
0.239420;0.134075;9.911.995
0.248997;0.114922;9.892.841
0.258574;0.134075;9.873.688
0.229843;0.124498;9.921.572
0.248997;0.134075;9.969.456
0.248997;0.114922;9.998.186
0.258574;0.124498;10.036.493
0.248997;0.114922;10.055.647
0.258574;0.134075;9.998.186
0.248997;0.105345;9.950.302
0.258574;0.143652;9.883.265
0.268151;0.114922;9.883.265
0.239420;0.143652;9.883.265
0.248997;0.124498;9.940.725
0.248997;0.134075;10.007.763
0.248997;0.114922;10.017.340
0.229843;0.134075;10.046.070
0.248997;0.124498;10.017.340
0.239420;0.114922;9.988.609
0.258574;0.124498;9.931.149
0.258574;0.134075;9.873.688
0.248997;0.143652;9.883.265
0.239420;0.143652;9.931.149
0.220267;0.114922;10.007.763
0.258574;0.143652;10.007.763
0.248997;0.095768;10.046.070
0.248997;0.143652;10.026.917
0.258574;0.114922;9.959.879
0.268151;0.124498;9.940.725
0.258574;0.143652;9.892.841
0.239420;0.095768;9.902.418
0.268151;0.124498;9.883.265
0.239420;0.134075;9.969.456
0.248997;0.124498;9.998.186
0.248997;0.114922;10.065.224
0.258574;0.114922;10.026.917
0.258574;0.114922;10.036.493
0.239420;0.105345;9.950.302
0.268151;0.124498;9.921.572
0.239420;0.124498;9.883.265
0.258574;0.124498;9.892.841
0.239420;0.114922;9.950.302
0.277727;0.134075;9.979.033
0.239420;0.124498;10.007.763
0.268151;0.124498;10.046.070
0.258574;0.134075;10.017.340
0.248997;0.114922;9.998.186
0.239420;0.124498;9.921.572
0.229843;0.114922;9.864.111
0.248997;0.114922;9.883.265
0.248997;0.105345;9.950.302
0.248997;0.124498;9.998.186
0.239420;0.143652;10.017.340
0.248997;0.143652;10.055.647
0.248997;0.143652;10.017.340
0.258574;0.134075;9.979.033
0.258574;0.143652;9.950.302
0.248997;0.105345;9.883.265
0.229843;0.124498;9.873.688
0.248997;0.134075;9.911.995
0.239420;0.105345;9.988.609
0.258574;0.134075;10.036.493
0.268151;0.134075;10.046.070
0.248997;0.124498;10.036.493
0.248997;0.143652;9.988.609
0.239420;0.134075;9.950.302
0.239420;0.134075;9.902.418
0.248997;0.114922;9.892.841
0.258574;0.124498;9.902.418
0.248997;0.124498;9.950.302
0.229843;0.134075;10.017.340
0.248997;0.114922;10.007.763
0.258574;0.124498;10.017.340
0.248997;0.134075;10.017.340
0.239420;0.124498;9.950.302
0.248997;0.134075;9.911.995
0.239420;0.143652;9.911.995
0.248997;0.114922;9.911.995
0.258574;0.134075;9.950.302
0.258574;0.114922;9.959.879
0.248997;0.124498;10.017.340
0.268151;0.134075;10.055.647
0.248997;0.124498;10.026.917
0.229843;0.134075;9.998.186
0.229843;0.124498;9.921.572
0.258574;0.114922;9.883.265
0.239420;0.095768;9.911.995
0.248997;0.134075;9.940.725
0.248997;0.124498;9.979.033
0.258574;0.114922;9.998.186
0.239420;0.143652;10.036.493
0.229843;0.134075;10.017.340
0.239420;0.114922;9.998.186
0.258574;0.124498;9.969.456
0.258574;0.124498;9.911.995
0.248997;0.153229;9.883.265
0.248997;0.134075;9.911.995
0.258574;0.114922;9.921.572
0.229843;0.105345;9.979.033
0.248997;0.143652;10.026.917
0.248997;0.134075;10.026.917
0.248997;0.134075;9.998.186
0.239420;0.114922;9.940.725
0.268151;0.114922;9.921.572
0.229843;0.114922;9.902.418
0.248997;0.124498;9.892.841
0.239420;0.124498;9.931.149
0.258574;0.124498;9.959.879
0.239420;0.124498;10.017.340
0.248997;0.143652;10.017.340
0.248997;0.095768;10.026.917
0.258574;0.114922;9.921.572
0.248997;0.105345;9.940.725
0.239420;0.114922;9.911.995
0.239420;0.134075;9.892.841
0.258574;0.114922;9.940.725
0.248997;0.114922;9.940.725
0.248997;0.105345;10.026.917
0.258574;0.124498;10.046.070
0.268151;0.124498;10.055.647
0.248997;0.143652;9.988.609
0.229843;0.134075;9.931.149
0.258574;0.105345;9.921.572
0.258574;0.114922;9.931.149
0.258574;0.134075;9.911.995
0.248997;0.114922;9.959.879
0.248997;0.134075;9.988.609
0.258574;0.143652;10.046.070
0.239420;0.114922;10.007.763
0.248997;0.114922;10.007.763
0.229843;0.105345;9.950.302
0.248997;0.124498;9.921.572
0.258574;0.095768;9.892.841
0.239420;0.124498;9.911.995
0.248997;0.105345;9.931.149
0.239420;0.124498;9.979.033
0.248997;0.124498;10.017.340
0.239420;0.134075;10.046.070
0.248997;0.134075;10.036.493
0.258574;0.105345;9.959.879
0.258574;0.114922;9.921.572
0.248997;0.124498;9.864.111
0.258574;0.124498;9.921.572
0.277727;0.134075;9.931.149
0.239420;0.124498;9.959.879
0.268151;0.124498;10.017.340
0.287304;0.134075;10.026.917
0.258574;0.143652;10.026.917
0.258574;0.114922;9.959.879
0.248997;0.124498;9.950.302
0.258574;0.134075;9.911.995
0.220267;0.124498;9.921.572
0.268151;0.134075;9.911.995
0.229843;0.124498;9.950.302
0.239420;0.114922;9.988.609
0.239420;0.114922;10.026.917
0.239420;0.124498;10.017.340
0.248997;0.114922;9.998.186
0.248997;0.124498;9.940.725
0.258574;0.114922;9.902.418
0.248997;0.124498;9.902.418
0.258574;0.124498;9.902.418
0.248997;0.114922;9.969.456
0.248997;0.124498;9.979.033
0.258574;0.124498;10.017.340
0.258574;0.114922;9.979.033
0.277727;0.124498;9.969.456
0.258574;0.143652;9.911.995
0.268151;0.124498;9.911.995
0.258574;0.114922;9.902.418
0.258574;0.134075;9.902.418
0.239420;0.143652;9.979.033
0.268151;0.124498;9.988.609
0.258574;0.124498;10.026.917
0.268151;0.124498;10.007.763
0.248997;0.114922;9.959.879
0.239420;0.124498;9.931.149
0.239420;0.114922;9.911.995
0.258574;0.134075;9.902.418
0.248997;0.124498;9.940.725
0.239420;0.124498;9.950.302
0.258574;0.124498;10.007.763
0.268151;0.134075;10.036.493
0.258574;0.114922;9.969.456
0.258574;0.124498;9.950.302
0.248997;0.095768;9.911.995
0.248997;0.124498;9.911.995
0.239420;0.114922;9.959.879
0.248997;0.105345;9.940.725
0.239420;0.114922;9.988.609
0.239420;0.124498;10.026.917
0.248997;0.134075;10.017.340
0.248997;0.124498;9.998.186
0.239420;0.134075;9.979.033
0.248997;0.134075;9.931.149
0.248997;0.114922;9.911.995
0.258574;0.114922;9.892.841
0.239420;0.143652;9.921.572
0.268151;0.124498;9.998.186
0.248997;0.134075;10.007.763
0.258574;0.134075;10.026.917
0.268151;0.114922;10.007.763
0.268151;0.124498;9.959.879
0.258574;0.134075;9.950.302
0.229843;0.134075;9.902.418
0.258574;0.124498;9.902.418
0.248997;0.124498;9.921.572
0.258574;0.114922;9.979.033
0.220267;0.124498;10.007.763
0.248997;0.134075;10.026.917
0.239420;0.134075;10.007.763
0.239420;0.134075;9.959.879
0.248997;0.124498;9.940.725
0.239420;0.105345;9.921.572
0.258574;0.134075;9.892.841
0.258574;0.114922;9.902.418
0.239420;0.143652;9.940.725
0.277727;0.134075;10.026.917
0.239420;0.134075;10.007.763
0.248997;0.114922;10.026.917
0.258574;0.134075;9.998.186
0.268151;0.114922;9.979.033
0.258574;0.134075;9.931.149
0.258574;0.114922;9.883.265
0.248997;0.114922;9.940.725
0.248997;0.134075;9.911.995
0.248997;0.124498;9.959.879
0.258574;0.134075;10.017.340
0.239420;0.124498;10.007.763
0.258574;0.124498;10.007.763
0.258574;0.134075;9.988.609
0.239420;0.143652;9.931.149
0.248997;0.124498;9.902.418
0.258574;0.124498;9.892.841
0.239420;0.124498;9.950.302
0.258574;0.134075;9.959.879
0.268151;0.134075;10.026.917
0.248997;0.124498;10.007.763
0.258574;0.114922;10.007.763
0.239420;0.105345;9.988.609
0.248997;0.134075;9.940.725
0.248997;0.114922;9.921.572
0.258574;0.134075;9.921.572
0.248997;0.114922;9.902.418
0.248997;0.134075;9.969.456
0.239420;0.124498;9.998.186
0.239420;0.105345;10.007.763
0.248997;0.114922;9.998.186
0.248997;0.124498;10.026.917
0.248997;0.114922;9.969.456
0.239420;0.124498;9.931.149
0.258574;0.114922;9.911.995
0.239420;0.124498;9.911.995
0.248997;0.124498;9.940.725
0.248997;0.134075;9.988.609
0.258574;0.134075;10.026.917
0.258574;0.143652;10.026.917
0.258574;0.124498;10.017.340
0.258574;0.124498;9.959.879
0.229843;0.124498;9.950.302
0.239420;0.143652;9.921.572
0.268151;0.105345;9.931.149
0.239420;0.114922;9.950.302
0.239420;0.124498;9.969.456
0.248997;0.124498;10.036.493
0.258574;0.114922;10.017.340
0.258574;0.134075;9.998.186
0.258574;0.134075;10.017.340
0.239420;0.134075;9.940.725
0.248997;0.143652;9.950.302
0.258574;0.114922;9.921.572
0.258574;0.124498;9.921.572
0.248997;0.124498;9.969.456
0.258574;0.105345;9.979.033
0.239420;0.105345;10.036.493
0.248997;0.134075;10.017.340
0.239420;0.114922;10.036.493
0.248997;0.134075;9.969.456
0.239420;0.143652;9.940.725
0.258574;0.124498;9.931.149
0.268151;0.114922;9.902.418
0.248997;0.105345;9.950.302
0.248997;0.105345;9.988.609
0.229843;0.124498;9.998.186
0.258574;0.134075;10.036.493
0.248997;0.114922;9.998.186
0.239420;0.105345;9.969.456
0.248997;0.124498;9.959.879
0.258574;0.134075;9.892.841
0.239420;0.143652;9.892.841
0.229843;0.114922;9.921.572
0.239420;0.105345;9.950.302
0.239420;0.134075;9.998.186
0.239420;0.114922;10.026.917
0.268151;0.114922;10.026.917
0.258574;0.114922;9.969.456
0.229843;0.134075;9.940.725
0.248997;0.124498;9.931.149
0.239420;0.124498;9.902.418
0.248997;0.095768;9.911.995
0.239420;0.124498;9.959.879
0.229843;0.114922;9.979.033
0.258574;0.134075;9.998.186
0.248997;0.114922;10.007.763
0.248997;0.134075;9.950.302
0.239420;0.124498;9.979.033
0.268151;0.124498;9.911.995
0.248997;0.124498;9.921.572
0.239420;0.124498;9.940.725
0.268151;0.124498;9.940.725
0.239420;0.143652;9.988.609
0.229843;0.124498;10.007.763
0.229843;0.114922;10.036.493
0.268151;0.134075;9.988.609
0.229843;0.124498;9.979.033
0.258574;0.134075;9.931.149
0.248997;0.114922;9.911.995
0.248997;0.124498;9.931.149
0.258574;0.114922;9.921.572
0.239420;0.095768;9.988.609
0.239420;0.114922;10.007.763
0.258574;0.105345;10.026.917
0.248997;0.124498;10.026.917
0.229843;0.143652;9.979.033
0.268151;0.134075;9.979.033
0.229843;0.124498;9.921.572
0.239420;0.114922;9.940.725
0.258574;0.134075;9.950.302
0.248997;0.124498;9.988.609
0.258574;0.124498;9.988.609
0.258574;0.124498;10.036.493
0.258574;0.095768;9.979.033
0.239420;0.114922;9.950.302
0.258574;0.172383;9.931.149
0.277727;0.114922;9.911.995
0.277727;0.114922;9.940.725
0.258574;0.124498;9.959.879
0.229843;0.134075;9.950.302
0.248997;0.114922;10.007.763
0.258574;0.114922;9.998.186
0.248997;0.114922;10.007.763
0.248997;0.124498;9.950.302
0.239420;0.105345;9.950.302
0.258574;0.124498;9.921.572
0.258574;0.114922;9.931.149
0.248997;0.124498;9.950.302
0.248997;0.114922;9.979.033
0.248997;0.134075;10.036.493
0.258574;0.105345;10.017.340
0.248997;0.114922;10.007.763
0.248997;0.124498;9.969.456
0.239420;0.134075;9.931.149
0.248997;0.124498;9.921.572
0.258574;0.124498;9.931.149
0.229843;0.114922;9.950.302
0.248997;0.105345;9.969.456
0.277727;0.143652;10.007.763
0.248997;0.124498;10.026.917
0.268151;0.124498;9.998.186
0.248997;0.114922;9.979.033
0.248997;0.134075;9.950.302
0.220267;0.124498;9.940.725
0.258574;0.105345;9.931.149
0.248997;0.124498;9.950.302
0.248997;0.114922;9.931.149
0.239420;0.105345;9.998.186
0.268151;0.143652;10.007.763
0.268151;0.114922;10.017.340
0.248997;0.114922;9.979.033
0.258574;0.124498;9.950.302
0.248997;0.134075;9.950.302
0.239420;0.124498;9.902.418
0.258574;0.124498;9.921.572
0.248997;0.105345;9.950.302
0.239420;0.124498;9.979.033
0.248997;0.134075;10.017.340
0.248997;0.124498;10.007.763
0.248997;0.124498;9.998.186
0.258574;0.124498;9.950.302
0.229843;0.114922;9.959.879
0.239420;0.134075;9.940.725
0.248997;0.124498;9.911.995
0.248997;0.134075;9.940.725
0.229843;0.124498;9.979.033
0.258574;0.105345;9.998.186
0.248997;0.134075;10.007.763
0.248997;0.114922;9.998.186
0.258574;0.114922;9.979.033
0.248997;0.124498;9.940.725
0.258574;0.134075;9.921.572
0.239420;0.114922;9.940.725
0.239420;0.124498;9.911.995
0.258574;0.143652;9.988.609
0.248997;0.134075;10.007.763
0.239420;0.086191;10.017.340
0.268151;0.143652;10.026.917
0.229843;0.134075;9.998.186
0.258574;0.134075;9.969.456
0.239420;0.124498;9.940.725
0.248997;0.134075;9.931.149
0.239420;0.124498;9.931.149
0.248997;0.105345;9.969.456
0.248997;0.105345;9.998.186
0.248997;0.105345;10.017.340
0.248997;0.124498;10.026.917
0.258574;0.134075;9.988.609
0.239420;0.134075;9.959.879
0.248997;0.134075;9.969.456
0.248997;0.105345;9.931.149
0.248997;0.114922;9.921.572
0.258574;0.124498;9.940.725
0.248997;0.114922;9.950.302
0.239420;0.134075;10.007.763
0.248997;0.124498;10.026.917
0.268151;0.134075;10.007.763
0.248997;0.114922;9.979.033
0.277727;0.124498;9.940.725
0.258574;0.105345;9.902.418
0.239420;0.134075;9.902.418
0.248997;0.124498;9.911.995
0.258574;0.134075;9.979.033
0.258574;0.143652;10.017.340
0.248997;0.143652;10.017.340
0.258574;0.114922;10.026.917
0.248997;0.124498;10.017.340
0.239420;0.124498;9.988.609
0.239420;0.134075;9.931.149
0.258574;0.114922;9.940.725
0.248997;0.134075;9.931.149
0.277727;0.134075;9.969.456
0.248997;0.105345;9.988.609
0.248997;0.114922;9.998.186
0.258574;0.134075;9.988.609
0.268151;0.114922;9.998.186
0.248997;0.134075;9.969.456
0.268151;0.114922;9.940.725
0.248997;0.124498;9.911.995
0.248997;0.134075;9.921.572
0.239420;0.143652;9.940.725
0.258574;0.124498;9.988.609
0.229843;0.124498;10.007.763
0.239420;0.153229;10.017.340
0.248997;0.114922;10.017.340
0.248997;0.114922;9.988.609
0.248997;0.114922;9.959.879
0.239420;0.105345;9.902.418
0.268151;0.134075;9.921.572
0.248997;0.124498;9.902.418
0.258574;0.114922;9.959.879
0.229843;0.124498;9.998.186
0.258574;0.114922;9.998.186
0.239420;0.134075;10.007.763
0.248997;0.124498;9.988.609
0.258574;0.134075;9.988.609
0.248997;0.143652;9.940.725
0.258574;0.124498;9.921.572
0.258574;0.114922;9.911.995
0.239420;0.105345;9.950.302
0.248997;0.124498;9.969.456
0.239420;0.105345;10.017.340
0.248997;0.124498;10.007.763
0.239420;0.105345;9.988.609
0.258574;0.124498;9.940.725
0.268151;0.124498;9.940.725
0.258574;0.153229;9.921.572
0.239420;0.114922;9.931.149
0.248997;0.124498;9.959.879
0.258574;0.124498;9.979.033
0.248997;0.124498;10.026.917
0.258574;0.114922;10.007.763
0.258574;0.134075;10.017.340
0.258574;0.124498;9.988.609
0.248997;0.134075;9.979.033
0.248997;0.114922;9.940.725
0.258574;0.114922;9.950.302
0.248997;0.095768;9.911.995
0.248997;0.124498;9.969.456
0.248997;0.134075;10.007.763
0.258574;0.153229;10.017.340
0.239420;0.124498;10.007.763
0.248997;0.124498;9.959.879
0.239420;0.124498;9.969.456
0.248997;0.134075;9.940.725
0.248997;0.124498;9.931.149
0.248997;0.134075;9.959.879
0.229843;0.143652;9.959.879
0.239420;0.134075;10.007.763
0.258574;0.114922;10.007.763
0.239420;0.134075;10.017.340
0.268151;0.114922;9.959.879
0.248997;0.124498;9.950.302
0.258574;0.124498;9.911.995
0.248997;0.124498;9.950.302
0.248997;0.134075;9.950.302
0.229843;0.105345;9.979.033
0.239420;0.134075;9.988.609
0.258574;0.153229;10.007.763
0.248997;0.114922;9.979.033
0.258574;0.134075;9.988.609
0.248997;0.143652;9.940.725
0.248997;0.124498;9.940.725
0.248997;0.124498;9.950.302
0.268151;0.134075;9.959.879
0.258574;0.134075;9.988.609
0.239420;0.114922;9.969.456
0.248997;0.124498;9.988.609
0.248997;0.124498;10.007.763
0.248997;0.124498;9.969.456
0.258574;0.124498;9.979.033
0.248997;0.143652;9.950.302
0.258574;0.124498;9.921.572
0.229843;0.124498;9.931.149
0.248997;0.134075;9.959.879
0.248997;0.114922;10.017.340
0.258574;0.124498;10.007.763
0.268151;0.134075;9.988.609
0.248997;0.114922;9.979.033
0.229843;0.134075;9.969.456
0.248997;0.105345;9.969.456
0.239420;0.124498;9.921.572
0.268151;0.124498;9.950.302
0.258574;0.124498;9.959.879
0.239420;0.114922;9.969.456
0.277727;0.124498;9.998.186
0.239420;0.114922;10.017.340
0.239420;0.124498;9.988.609
0.258574;0.143652;9.940.725
0.258574;0.114922;9.950.302
0.258574;0.114922;9.921.572
0.258574;0.124498;9.931.149
0.248997;0.134075;9.959.879
0.229843;0.114922;9.979.033
0.248997;0.124498;9.988.609
0.268151;0.134075;9.979.033
0.258574;0.114922;10.017.340
0.268151;0.114922;9.969.456
0.258574;0.114922;9.940.725
0.229843;0.124498;9.950.302
0.258574;0.114922;9.921.572
0.248997;0.124498;9.940.725
0.239420;0.124498;9.969.456
0.258574;0.143652;10.007.763
0.258574;0.134075;10.017.340
0.258574;0.124498;9.988.609
0.239420;0.105345;10.007.763
0.248997;0.124498;9.988.609
0.239420;0.153229;9.940.725
0.248997;0.124498;9.940.725
0.258574;0.105345;9.940.725
0.239420;0.114922;9.979.033
0.239420;0.124498;9.969.456
0.258574;0.124498;9.988.609
0.239420;0.105345;9.998.186
0.248997;0.114922;9.979.033
0.258574;0.134075;9.959.879
0.248997;0.124498;9.959.879
0.248997;0.114922;9.911.995
0.248997;0.134075;9.931.149
0.248997;0.124498;9.931.149
0.258574;0.124498;9.959.879
0.248997;0.114922;10.017.340
0.248997;0.114922;10.007.763
0.258574;0.134075;10.026.917
0.258574;0.124498;9.969.456
0.239420;0.134075;9.940.725
0.248997;0.105345;9.950.302
0.239420;0.105345;9.921.572
0.268151;0.124498;9.940.725
0.248997;0.134075;9.959.879
0.239420;0.086191;9.979.033
0.258574;0.105345;10.026.917
0.258574;0.095768;10.026.917
0.248997;0.114922;10.007.763
0.258574;0.114922;9.950.302
0.239420;0.124498;9.931.149
0.248997;0.143652;9.940.725
0.220267;0.143652;9.940.725
0.239420;0.114922;9.959.879
0.248997;0.124498;9.998.186
0.239420;0.114922;10.007.763
0.239420;0.134075;9.998.186
0.258574;0.124498;10.007.763
0.248997;0.105345;9.988.609
0.239420;0.143652;9.950.302
0.248997;0.124498;9.940.725
0.268151;0.114922;9.940.725
0.248997;0.095768;9.940.725
0.229843;0.134075;9.979.033
0.258574;0.134075;9.979.033
0.239420;0.105345;9.998.186
0.248997;0.134075;9.998.186
0.268151;0.124498;9.988.609
0.248997;0.114922;9.940.725
0.268151;0.095768;9.950.302
0.258574;0.124498;9.902.418
0.248997;0.114922;9.940.725
0.239420;0.105345;9.950.302
0.248997;0.095768;9.979.033
0.248997;0.134075;10.017.340
0.248997;0.134075;10.007.763
0.268151;0.124498;9.979.033
0.229843;0.114922;9.979.033
0.239420;0.124498;9.950.302
0.248997;0.124498;9.940.725
0.239420;0.114922;9.950.302
0.258574;0.114922;9.950.302
0.258574;0.143652;10.007.763
0.268151;0.114922;10.007.763
0.229843;0.095768;10.007.763
0.248997;0.124498;9.988.609
0.248997;0.105345;9.988.609
0.248997;0.143652;9.940.725
0.248997;0.124498;9.940.725
0.239420;0.134075;9.931.149
0.258574;0.124498;9.950.302
0.258574;0.124498;9.998.186
0.239420;0.124498;10.017.340
0.220267;0.124498;10.026.917
0.248997;0.134075;10.017.340
0.268151;0.124498;9.998.186
0.248997;0.124498;9.959.879
0.258574;0.143652;9.921.572
0.248997;0.134075;9.931.149
0.277727;0.114922;9.940.725
0.239420;0.114922;9.969.456
0.239420;0.134075;9.998.186
0.258574;0.143652;9.988.609
0.248997;0.143652;9.969.456
0.258574;0.114922;9.979.033
0.248997;0.134075;9.979.033
0.248997;0.124498;9.959.879
0.229843;0.134075;9.931.149
0.239420;0.134075;9.931.149
0.248997;0.124498;9.969.456
0.239420;0.114922;10.026.917
0.248997;0.124498;10.026.917
0.268151;0.143652;9.998.186
0.268151;0.124498;10.017.340
0.239420;0.134075;9.979.033
0.248997;0.114922;9.940.725
0.268151;0.124498;9.931.149
0.248997;0.095768;9.921.572
0.248997;0.134075;9.959.879
0.258574;0.143652;9.979.033
0.268151;0.095768;9.988.609
0.268151;0.095768;10.007.763
0.229843;0.114922;10.007.763
0.258574;0.134075;9.988.609
0.229843;0.105345;9.950.302
0.268151;0.134075;9.940.725
0.248997;0.114922;9.940.725
0.239420;0.124498;9.950.302
0.258574;0.134075;9.998.186
0.258574;0.124498;10.007.763
0.239420;0.114922;10.017.340
0.248997;0.114922;10.007.763
0.248997;0.105345;9.979.033
0.268151;0.134075;9.969.456
0.268151;0.105345;9.940.725
0.258574;0.134075;9.931.149
0.248997;0.124498;9.940.725
0.248997;0.114922;9.979.033
0.258574;0.114922;9.988.609
0.258574;0.134075;9.979.033
0.239420;0.143652;9.979.033
0.248997;0.124498;9.988.609
0.268151;0.124498;9.969.456
0.258574;0.124498;9.959.879
0.248997;0.114922;9.931.149
0.248997;0.143652;9.950.302
0.258574;0.134075;9.950.302
0.239420;0.124498;9.979.033
0.248997;0.124498;10.007.763
0.239420;0.124498;10.007.763
0.248997;0.124498;9.979.033
0.258574;0.114922;9.959.879
0.239420;0.124498;9.931.149
0.248997;0.124498;9.950.302
0.248997;0.114922;9.950.302
0.258574;0.124498;9.969.456
0.239420;0.114922;9.969.456
0.258574;0.114922;9.969.456
0.229843;0.124498;9.998.186
0.248997;0.124498;10.007.763
0.258574;0.124498;9.979.033
0.220267;0.124498;9.940.725
0.239420;0.114922;9.940.725
0.239420;0.105345;9.940.725
0.248997;0.114922;9.950.302
0.229843;0.114922;9.959.879
0.239420;0.124498;9.998.186
0.268151;0.124498;10.026.917
0.268151;0.153229;9.979.033
0.248997;0.105345;10.007.763
0.239420;0.143652;9.959.879
0.248997;0.114922;9.921.572
0.248997;0.124498;9.921.572
0.248997;0.124498;9.950.302
0.248997;0.134075;9.959.879
0.248997;0.124498;9.988.609
0.248997;0.124498;9.998.186
0.258574;0.134075;10.007.763
0.248997;0.134075;9.979.033
0.248997;0.114922;9.979.033
0.239420;0.134075;9.959.879
0.248997;0.114922;9.931.149
0.248997;0.114922;9.921.572
0.248997;0.105345;9.959.879
0.258574;0.124498;9.950.302
0.248997;0.124498;9.998.186
0.248997;0.114922;9.998.186
0.248997;0.124498;9.998.186
0.229843;0.114922;9.959.879
0.258574;0.124498;9.950.302
0.268151;0.105345;9.940.725
0.248997;0.124498;9.940.725
0.258574;0.134075;9.940.725
0.248997;0.134075;9.959.879
0.258574;0.134075;9.988.609
0.258574;0.124498;9.988.609
0.268151;0.134075;9.998.186
0.248997;0.114922;9.979.033
0.248997;0.134075;9.959.879
0.248997;0.134075;9.931.149
0.258574;0.134075;9.931.149
0.239420;0.134075;9.950.302
0.258574;0.143652;9.950.302
0.248997;0.114922;9.959.879
0.248997;0.095768;9.998.186
0.258574;0.124498;9.979.033
0.248997;0.105345;9.959.879
0.248997;0.114922;9.969.456
0.239420;0.114922;9.959.879
0.268151;0.143652;9.921.572
0.248997;0.114922;9.940.725
0.239420;0.114922;9.959.879
0.239420;0.105345;9.959.879
0.248997;0.114922;9.979.033
0.248997;0.124498;9.998.186
0.239420;0.134075;9.979.033
0.268151;0.124498;9.959.879
0.248997;0.114922;9.950.302
0.239420;0.134075;9.931.149
0.248997;0.114922;9.931.149
0.239420;0.114922;9.969.456
0.248997;0.114922;9.979.033
0.248997;0.105345;10.007.763
0.239420;0.124498;9.998.186
0.239420;0.095768;9.988.609
0.248997;0.124498;9.959.879
0.258574;0.134075;9.979.033
0.239420;0.124498;9.950.302
0.239420;0.105345;9.931.149
0.248997;0.124498;9.959.879
0.248997;0.124498;9.921.572
0.268151;0.143652;9.998.186
0.248997;0.124498;9.998.186
0.258574;0.114922;9.998.186
0.277727;0.143652;9.998.186
0.248997;0.134075;9.950.302
0.248997;0.143652;9.969.456
0.258574;0.143652;9.931.149
0.258574;0.114922;9.931.149
0.248997;0.114922;9.969.456
0.248997;0.134075;9.950.302
0.258574;0.114922;9.998.186
0.258574;0.114922;9.979.033
0.248997;0.124498;9.969.456
0.239420;0.124498;9.959.879
0.239420;0.114922;9.950.302
0.268151;0.105345;9.931.149
0.239420;0.105345;9.921.572
0.258574;0.095768;9.940.725
0.239420;0.124498;9.988.609
0.239420;0.105345;9.969.456
0.239420;0.095768;10.017.340
0.239420;0.105345;9.998.186
0.268151;0.143652;9.998.186
0.248997;0.134075;9.950.302
0.268151;0.124498;9.911.995
0.258574;0.114922;9.940.725
0.248997;0.143652;9.959.879
0.248997;0.124498;9.979.033
0.229843;0.124498;9.998.186
0.239420;0.134075;9.998.186
0.248997;0.124498;9.979.033
0.248997;0.114922;9.940.725
0.258574;0.105345;9.940.725
0.248997;0.105345;9.921.572
0.248997;0.134075;9.940.725
0.239420;0.134075;9.950.302
0.248997;0.124498;9.959.879
0.248997;0.134075;9.979.033
0.239420;0.124498;9.998.186
0.258574;0.105345;9.988.609
0.248997;0.134075;9.931.149
0.229843;0.095768;9.959.879
0.248997;0.124498;9.921.572
0.258574;0.124498;9.950.302
0.248997;0.134075;9.969.456
0.258574;0.124498;9.988.609
0.268151;0.114922;10.007.763
0.248997;0.114922;9.998.186
0.258574;0.105345;9.979.033
0.248997;0.143652;9.911.995
0.248997;0.114922;9.950.302
0.258574;0.143652;9.940.725
0.248997;0.134075;9.959.879
0.258574;0.124498;9.979.033
0.239420;0.124498;9.998.186
0.248997;0.124498;9.988.609
0.239420;0.105345;9.988.609
0.239420;0.124498;9.998.186
0.248997;0.134075;9.950.302
0.258574;0.143652;9.940.725
0.248997;0.105345;9.950.302
0.239420;0.124498;9.940.725
0.248997;0.124498;9.950.302
0.239420;0.114922;9.979.033
0.248997;0.124498;9.979.033
0.229843;0.134075;9.998.186
0.248997;0.124498;9.969.456
0.258574;0.143652;9.969.456
0.248997;0.124498;9.950.302
0.258574;0.134075;9.931.149
0.248997;0.153229;9.969.456
0.258574;0.124498;9.959.879
0.268151;0.143652;9.988.609
0.268151;0.105345;9.988.609
0.239420;0.114922;9.988.609
0.239420;0.114922;9.959.879
0.239420;0.105345;9.931.149
0.248997;0.134075;9.988.609
0.239420;0.124498;9.950.302
0.248997;0.114922;9.940.725
0.248997;0.114922;9.998.186
0.258574;0.124498;9.988.609
0.229843;0.134075;9.979.033
0.248997;0.124498;9.959.879
0.229843;0.134075;9.931.149
0.248997;0.105345;9.950.302
0.239420;0.124498;9.940.725
0.277727;0.124498;9.959.879
0.248997;0.114922;9.988.609
0.258574;0.124498;9.979.033
0.268151;0.134075;9.969.456
0.258574;0.114922;9.998.186
0.239420;0.114922;9.988.609
0.248997;0.114922;9.931.149
0.258574;0.105345;9.950.302
0.239420;0.124498;9.931.149
0.277727;0.143652;9.969.456
0.268151;0.134075;9.988.609
0.258574;0.114922;9.979.033
0.258574;0.114922;9.998.186
0.239420;0.124498;9.979.033
0.248997;0.114922;9.979.033
0.268151;0.124498;9.950.302
0.258574;0.124498;9.940.725
0.248997;0.114922;9.921.572
0.258574;0.124498;9.940.725
0.248997;0.124498;9.940.725
0.258574;0.134075;9.988.609
0.248997;0.134075;9.969.456
0.248997;0.134075;9.979.033
0.239420;0.114922;9.979.033
0.248997;0.124498;9.959.879
0.248997;0.124498;9.950.302
0.248997;0.105345;9.959.879
0.248997;0.105345;9.921.572
0.239420;0.114922;9.979.033
0.248997;0.114922;9.979.033
0.239420;0.134075;9.988.609
0.248997;0.134075;9.988.609
0.258574;0.124498;9.988.609
0.248997;0.134075;9.969.456
0.268151;0.124498;9.921.572
0.239420;0.134075;9.931.149
0.258574;0.134075;9.940.725
0.248997;0.124498;9.950.302
0.258574;0.124498;9.969.456
0.248997;0.134075;9.988.609
0.239420;0.124498;9.969.456
0.268151;0.124498;9.998.186
0.258574;0.095768;9.969.456
0.239420;0.124498;9.940.725
0.248997;0.143652;9.950.302
0.220267;0.124498;9.940.725
0.248997;0.114922;9.950.302
0.248997;0.134075;9.969.456
0.277727;0.124498;9.979.033
0.248997;0.124498;9.969.456
0.258574;0.124498;9.969.456
0.239420;0.105345;9.979.033
0.258574;0.114922;9.988.609
0.258574;0.124498;9.959.879
0.268151;0.114922;9.959.879
0.258574;0.143652;9.940.725
0.258574;0.134075;9.950.302
0.268151;0.114922;9.969.456
0.248997;0.124498;9.998.186
0.229843;0.124498;9.979.033
0.248997;0.134075;9.969.456
0.277727;0.153229;9.959.879
0.248997;0.114922;9.931.149
0.248997;0.124498;9.931.149
0.239420;0.134075;9.950.302
0.248997;0.134075;9.959.879
0.248997;0.143652;9.988.609
0.239420;0.124498;9.979.033
0.258574;0.143652;9.979.033
0.239420;0.124498;9.988.609
0.248997;0.124498;9.979.033
0.248997;0.086191;9.950.302
0.239420;0.143652;9.940.725
0.239420;0.124498;9.950.302
0.239420;0.134075;9.940.725
0.258574;0.095768;9.969.456
0.277727;0.095768;9.998.186
0.248997;0.105345;9.988.609
0.248997;0.134075;9.979.033
0.239420;0.105345;9.969.456
0.239420;0.124498;9.969.456
0.229843;0.124498;9.940.725
0.229843;0.105345;9.969.456
0.239420;0.114922;9.950.302
0.248997;0.114922;9.969.456
0.248997;0.114922;9.979.033
0.248997;0.124498;9.988.609
0.248997;0.124498;10.017.340
0.248997;0.124498;9.969.456
0.277727;0.105345;9.959.879
0.268151;0.134075;9.931.149
0.248997;0.114922;9.931.149
0.248997;0.114922;9.950.302
0.239420;0.114922;9.950.302
0.258574;0.134075;9.979.033
0.239420;0.124498;9.988.609
0.248997;0.114922;9.988.609
0.248997;0.143652;9.950.302
0.258574;0.134075;9.931.149
0.258574;0.134075;9.969.456
0.268151;0.134075;9.931.149
0.248997;0.114922;9.959.879
0.258574;0.134075;9.959.879
0.239420;0.134075;9.979.033
0.248997;0.105345;9.998.186
0.258574;0.134075;10.007.763
0.248997;0.124498;9.979.033
0.239420;0.124498;9.959.879
0.239420;0.124498;9.940.725
0.268151;0.124498;9.950.302
0.268151;0.143652;9.959.879
0.248997;0.134075;9.950.302
0.248997;0.105345;9.979.033
0.258574;0.114922;9.998.186
0.248997;0.114922;10.007.763
0.248997;0.124498;9.979.033
0.248997;0.124498;9.969.456
0.258574;0.114922;9.950.302
0.239420;0.105345;9.950.302
0.248997;0.114922;9.969.456
0.258574;0.124498;9.969.456
0.248997;0.134075;9.998.186
0.248997;0.105345;9.969.456
0.248997;0.114922;9.998.186
0.258574;0.143652;9.969.456
0.248997;0.124498;9.988.609
0.248997;0.124498;9.940.725
0.248997;0.105345;9.931.149
0.268151;0.114922;9.959.879
0.239420;0.124498;9.940.725
0.239420;0.143652;9.988.609
0.229843;0.134075;9.988.609
0.277727;0.114922;9.969.456
0.248997;0.134075;9.988.609
0.287304;0.124498;9.979.033
0.229843;0.134075;9.979.033
0.229843;0.153229;9.940.725
0.258574;0.124498;9.940.725
0.248997;0.153229;9.959.879
0.248997;0.124498;9.979.033
0.258574;0.143652;9.979.033
0.258574;0.105345;9.979.033
0.248997;0.114922;9.988.609
0.229843;0.124498;10.026.917
0.268151;0.114922;9.931.149
0.248997;0.114922;9.950.302
0.239420;0.134075;9.950.302
0.239420;0.124498;9.969.456
0.248997;0.114922;9.931.149
0.248997;0.095768;9.979.033
0.248997;0.143652;9.979.033
0.248997;0.105345;9.979.033
0.248997;0.124498;9.979.033
0.239420;0.124498;9.959.879
0.248997;0.124498;9.969.456
0.248997;0.124498;9.921.572
0.248997;0.114922;9.950.302
0.248997;0.114922;9.959.879
0.258574;0.143652;9.959.879
0.229843;0.114922;9.979.033
0.239420;0.114922;9.979.033
0.258574;0.134075;9.959.879
0.239420;0.114922;9.969.456
0.258574;0.143652;9.969.456
0.220267;0.124498;9.931.149
0.239420;0.124498;9.979.033
0.258574;0.105345;9.979.033
0.268151;0.143652;9.969.456
0.239420;0.124498;9.988.609
0.248997;0.134075;9.969.456
0.248997;0.105345;9.969.456
0.229843;0.124498;9.950.302
0.258574;0.105345;9.959.879
0.258574;0.114922;9.959.879
0.268151;0.105345;9.959.879
0.248997;0.124498;9.950.302
0.248997;0.134075;9.950.302
0.229843;0.134075;9.979.033
0.248997;0.134075;10.026.917
0.239420;0.114922;9.998.186
0.248997;0.105345;9.969.456
0.239420;0.114922;9.959.879
0.239420;0.114922;9.950.302
0.248997;0.134075;9.950.302
0.248997;0.134075;9.969.456
0.248997;0.124498;9.959.879
0.248997;0.095768;9.979.033
0.229843;0.114922;9.959.879
0.239420;0.162806;9.988.609
0.239420;0.143652;9.969.456
0.248997;0.124498;9.950.302
0.229843;0.134075;9.959.879
0.248997;0.105345;9.950.302
0.239420;0.114922;9.940.725
0.258574;0.105345;9.959.879
0.239420;0.134075;9.950.302
0.248997;0.124498;10.017.340
0.248997;0.153229;9.988.609
0.248997;0.124498;9.979.033
0.248997;0.134075;9.950.302
0.248997;0.124498;9.931.149
0.248997;0.086191;9.940.725
0.248997;0.143652;9.950.302
0.239420;0.124498;9.979.033
0.229843;0.114922;9.998.186
0.239420;0.095768;9.979.033
0.239420;0.114922;10.007.763
0.268151;0.143652;9.979.033
0.229843;0.143652;9.940.725
0.239420;0.124498;9.959.879
0.258574;0.114922;9.940.725
0.248997;0.124498;9.950.302
0.248997;0.124498;9.959.879
0.268151;0.114922;9.969.456
0.258574;0.143652;9.959.879
0.239420;0.124498;9.988.609
0.258574;0.134075;9.998.186
0.268151;0.124498;9.988.609
0.248997;0.134075;9.969.456
0.239420;0.105345;9.950.302
0.258574;0.114922;9.940.725
0.229843;0.114922;9.950.302
0.248997;0.134075;9.969.456
0.248997;0.105345;9.988.609
0.258574;0.134075;9.959.879
0.248997;0.114922;9.959.879
0.248997;0.105345;9.931.149
0.258574;0.124498;9.979.033
0.258574;0.124498;9.950.302
0.229843;0.114922;9.969.456
0.248997;0.114922;9.950.302
0.248997;0.124498;9.979.033
0.248997;0.114922;9.969.456
0.258574;0.105345;9.979.033
0.248997;0.095768;9.979.033
0.229843;0.124498;9.969.456
0.239420;0.114922;9.979.033
0.258574;0.143652;9.969.456
0.239420;0.143652;9.979.033
0.220267;0.114922;9.959.879
0.258574;0.114922;9.959.879
0.258574;0.105345;9.988.609
0.248997;0.124498;9.988.609
0.248997;0.105345;9.950.302
0.258574;0.114922;9.959.879
0.268151;0.124498;9.950.302
0.229843;0.105345;9.969.456
0.258574;0.114922;9.950.302
0.239420;0.134075;9.988.609
0.248997;0.124498;9.988.609
0.248997;0.114922;9.969.456
0.239420;0.124498;9.969.456
0.268151;0.114922;9.988.609
0.248997;0.114922;9.979.033
0.239420;0.143652;9.902.418
0.268151;0.124498;9.959.879
0.239420;0.105345;9.950.302
0.268151;0.134075;9.959.879
0.248997;0.134075;9.969.456
0.258574;0.114922;9.979.033
0.248997;0.124498;9.959.879
0.248997;0.124498;9.969.456
0.258574;0.114922;9.959.879
0.248997;0.124498;9.959.879
0.239420;0.124498;9.940.725
0.248997;0.105345;9.969.456
0.239420;0.095768;9.969.456
0.239420;0.114922;9.969.456
0.258574;0.124498;9.988.609
0.248997;0.134075;9.969.456
0.258574;0.095768;9.988.609
0.248997;0.114922;9.950.302
0.248997;0.114922;9.959.879
0.258574;0.114922;9.950.302
0.248997;0.114922;9.931.149
0.258574;0.105345;9.950.302
0.248997;0.134075;9.988.609
0.248997;0.124498;10.017.340
0.229843;0.114922;9.979.033
0.248997;0.105345;9.969.456
0.239420;0.114922;9.931.149
0.239420;0.114922;9.921.572
0.248997;0.114922;9.979.033
0.248997;0.114922;9.969.456
0.239420;0.114922;9.969.456
0.239420;0.134075;9.988.609
0.229843;0.114922;9.969.456
0.248997;0.114922;9.988.609
0.239420;0.134075;9.931.149
0.239420;0.105345;9.959.879
0.239420;0.114922;9.931.149
0.229843;0.114922;9.969.456
0.239420;0.124498;9.959.879
0.239420;0.114922;9.988.609
0.239420;0.124498;9.950.302
0.258574;0.114922;9.998.186
0.239420;0.114922;9.969.456
0.239420;0.124498;9.950.302
0.239420;0.114922;9.969.456
0.248997;0.134075;9.950.302
0.229843;0.114922;9.969.456
0.248997;0.124498;9.969.456
0.248997;0.143652;9.979.033
0.268151;0.134075;9.998.186
0.258574;0.124498;9.959.879
0.248997;0.124498;9.969.456
0.258574;0.114922;9.911.995
0.229843;0.114922;9.940.725
0.248997;0.105345;9.969.456
0.248997;0.105345;9.969.456
0.239420;0.153229;9.979.033
0.239420;0.114922;9.988.609
0.248997;0.105345;9.959.879
0.248997;0.124498;9.979.033
0.239420;0.124498;9.950.302
0.239420;0.114922;9.959.879
0.258574;0.134075;9.959.879
0.258574;0.124498;9.988.609
0.268151;0.134075;9.988.609
0.239420;0.114922;9.979.033
0.248997;0.114922;9.979.033
0.258574;0.124498;9.979.033
0.248997;0.134075;10.026.917
0.258574;0.114922;9.969.456
0.229843;0.114922;9.950.302
0.258574;0.114922;9.931.149
0.248997;0.143652;9.979.033
0.258574;0.134075;9.969.456
0.248997;0.124498;9.959.879
0.248997;0.134075;9.969.456
0.239420;0.105345;9.979.033
0.248997;0.114922;9.959.879
0.239420;0.114922;9.959.879
0.258574;0.114922;9.959.879
0.258574;0.124498;9.940.725
0.239420;0.086191;9.950.302
0.248997;0.105345;9.969.456
0.239420;0.143652;9.979.033
0.268151;0.124498;9.979.033
0.268151;0.134075;9.969.456
0.248997;0.105345;9.921.572
0.248997;0.134075;9.979.033
0.229843;0.124498;9.979.033
0.239420;0.124498;9.959.879
0.258574;0.114922;9.950.302
0.258574;0.105345;9.959.879
0.248997;0.124498;9.940.725
0.220267;0.114922;9.988.609
0.258574;0.124498;9.969.456
0.248997;0.143652;9.988.609
0.258574;0.134075;9.988.609
0.239420;0.105345;9.969.456
0.258574;0.124498;9.969.456
0.268151;0.124498;9.959.879
0.268151;0.114922;9.940.725
0.258574;0.114922;9.940.725
0.248997;0.114922;9.950.302
0.258574;0.124498;9.979.033
0.239420;0.124498;9.979.033
0.258574;0.124498;9.979.033
0.248997;0.134075;9.940.725
0.248997;0.134075;9.950.302
0.248997;0.105345;9.969.456
0.220267;0.114922;9.950.302
0.229843;0.114922;9.940.725
0.248997;0.114922;9.959.879
0.258574;0.114922;9.959.879
0.248997;0.134075;9.969.456
0.248997;0.114922;9.969.456
0.258574;0.114922;9.988.609
0.248997;0.124498;9.959.879
0.258574;0.105345;9.950.302
0.248997;0.114922;9.950.302
0.258574;0.114922;9.950.302
0.248997;0.124498;9.969.456
0.248997;0.124498;9.979.033
0.248997;0.114922;9.969.456
0.248997;0.114922;9.959.879
0.239420;0.114922;9.969.456
0.220267;0.134075;9.959.879
0.239420;0.095768;9.979.033
0.229843;0.124498;9.950.302
0.248997;0.114922;9.950.302
0.258574;0.134075;9.950.302
0.248997;0.153229;9.998.186
0.268151;0.114922;9.988.609
0.248997;0.105345;9.959.879
0.258574;0.134075;9.950.302
0.239420;0.134075;9.940.725
0.239420;0.124498;9.959.879
0.248997;0.114922;9.950.302
0.258574;0.153229;9.950.302
0.268151;0.114922;9.959.879
0.258574;0.143652;9.988.609
0.268151;0.134075;9.959.879
0.248997;0.124498;9.959.879
0.258574;0.134075;9.979.033
0.258574;0.134075;9.959.879
0.248997;0.134075;9.950.302
0.258574;0.124498;9.931.149
0.258574;0.124498;9.950.302
0.258574;0.134075;9.940.725
0.248997;0.134075;9.979.033
0.277727;0.124498;9.969.456
0.248997;0.124498;9.998.186
0.248997;0.143652;9.979.033
0.258574;0.114922;9.959.879
0.229843;0.134075;9.950.302
0.258574;0.114922;9.940.725
0.258574;0.134075;9.950.302
0.258574;0.124498;9.959.879
0.248997;0.134075;9.969.456
0.258574;0.134075;9.969.456
0.277727;0.134075;9.979.033
0.239420;0.134075;9.959.879
0.248997;0.134075;9.979.033
0.258574;0.114922;9.959.879
0.248997;0.124498;9.959.879
0.248997;0.114922;9.950.302
0.258574;0.095768;9.959.879
0.248997;0.134075;9.979.033
0.239420;0.143652;9.988.609
0.258574;0.114922;9.998.186
0.248997;0.114922;9.979.033
0.239420;0.114922;9.969.456
0.248997;0.134075;9.959.879
0.248997;0.105345;9.950.302
0.229843;0.105345;9.959.879
0.248997;0.124498;9.959.879
0.239420;0.153229;9.988.609
0.239420;0.143652;10.007.763
0.248997;0.124498;9.988.609
0.248997;0.124498;10.007.763
0.248997;0.114922;9.979.033
0.248997;0.105345;9.950.302
0.248997;0.114922;9.940.725
0.239420;0.143652;9.940.725
0.268151;0.134075;9.959.879
0.239420;0.114922;9.950.302
0.248997;0.105345;9.959.879
0.248997;0.124498;9.969.456
0.258574;0.134075;9.988.609
0.258574;0.124498;9.959.879
0.248997;0.124498;9.979.033
0.248997;0.124498;9.931.149
0.268151;0.114922;9.959.879
0.258574;0.134075;9.959.879
0.258574;0.105345;9.959.879
0.258574;0.124498;9.979.033
0.239420;0.105345;9.998.186
0.258574;0.114922;9.998.186
0.258574;0.124498;9.959.879
0.248997;0.114922;9.950.302
0.239420;0.114922;9.969.456
0.248997;0.124498;9.940.725
0.248997;0.143652;9.940.725
0.248997;0.124498;9.979.033
0.248997;0.114922;9.959.879
0.258574;0.114922;9.959.879
0.258574;0.095768;9.969.456
0.239420;0.114922;9.940.725
0.239420;0.134075;9.959.879
0.277727;0.124498;9.979.033
0.258574;0.124498;9.959.879
0.248997;0.114922;9.940.725
0.248997;0.124498;9.959.879
0.268151;0.105345;9.950.302
0.258574;0.114922;9.959.879
0.268151;0.124498;9.959.879
0.248997;0.124498;9.998.186
0.239420;0.124498;9.969.456
0.239420;0.114922;9.950.302
0.258574;0.114922;9.950.302
0.248997;0.105345;9.940.725
0.239420;0.114922;9.950.302
0.248997;0.134075;9.959.879
0.258574;0.153229;9.969.456
0.248997;0.095768;9.969.456
0.248997;0.124498;9.979.033
0.268151;0.095768;9.969.456
0.248997;0.114922;9.969.456
0.239420;0.124498;9.959.879
0.248997;0.114922;9.940.725
0.229843;0.114922;9.950.302
0.248997;0.124498;9.969.456
0.229843;0.114922;9.969.456
0.229843;0.124498;9.988.609
0.248997;0.105345;9.979.033
0.268151;0.124498;9.979.033
0.258574;0.124498;9.969.456
0.248997;0.124498;9.959.879
0.239420;0.105345;9.959.879
0.229843;0.114922;9.940.725
0.239420;0.124498;9.950.302
0.248997;0.124498;9.950.302
0.248997;0.134075;9.979.033
0.239420;0.114922;9.988.609
0.258574;0.114922;9.979.033
0.258574;0.143652;9.969.456
0.239420;0.105345;9.950.302
0.239420;0.105345;9.979.033
0.248997;0.134075;9.950.302
0.248997;0.105345;9.959.879
0.248997;0.114922;9.959.879
0.239420;0.124498;9.940.725
0.248997;0.105345;9.988.609
0.248997;0.105345;9.998.186
0.239420;0.124498;9.979.033
0.258574;0.105345;9.940.725
0.258574;0.124498;9.950.302
0.239420;0.124498;9.940.725
0.258574;0.153229;9.931.149
0.258574;0.114922;9.940.725
0.248997;0.124498;9.998.186
0.248997;0.124498;10.007.763
0.258574;0.134075;9.959.879
0.248997;0.143652;9.979.033
0.239420;0.114922;9.969.456
0.229843;0.114922;9.969.456
0.239420;0.114922;9.959.879
0.258574;0.124498;9.940.725
0.258574;0.114922;9.959.879
0.239420;0.105345;9.979.033
0.239420;0.105345;9.998.186
0.248997;0.124498;9.988.609
0.239420;0.124498;9.959.879
0.239420;0.134075;9.979.033
0.258574;0.124498;9.950.302
0.258574;0.124498;9.969.456
0.258574;0.134075;9.950.302
0.258574;0.124498;9.969.456
0.268151;0.114922;9.950.302
0.248997;0.124498;9.988.609
0.248997;0.134075;9.969.456
0.239420;0.124498;9.969.456
0.258574;0.124498;9.969.456
0.239420;0.105345;9.988.609
0.210690;0.134075;9.959.879
0.258574;0.124498;9.979.033
0.248997;0.143652;9.931.149
0.258574;0.114922;9.950.302
0.229843;0.114922;9.979.033
0.248997;0.105345;9.979.033
0.258574;0.114922;9.988.609
0.287304;0.153229;9.969.456
0.239420;0.114922;9.988.609
0.258574;0.114922;9.969.456
0.239420;0.134075;9.959.879
0.239420;0.134075;9.950.302
0.258574;0.124498;9.959.879
0.248997;0.095768;9.969.456
0.248997;0.124498;9.959.879
0.239420;0.124498;9.959.879
0.239420;0.105345;9.998.186
0.239420;0.114922;9.959.879
0.248997;0.114922;9.959.879
0.248997;0.143652;9.950.302
0.248997;0.124498;9.979.033
0.229843;0.114922;9.959.879
0.268151;0.143652;9.959.879
0.248997;0.124498;9.969.456
0.239420;0.134075;9.969.456
0.268151;0.114922;9.959.879
0.239420;0.114922;9.998.186
0.248997;0.124498;9.940.725
0.268151;0.134075;9.940.725
0.239420;0.114922;9.959.879
0.239420;0.124498;9.950.302
0.258574;0.105345;9.959.879
0.239420;0.114922;10.007.763
0.268151;0.134075;9.979.033
0.239420;0.124498;9.979.033
0.239420;0.143652;9.959.879
0.268151;0.114922;9.969.456
0.258574;0.114922;9.959.879
0.248997;0.153229;9.940.725
0.258574;0.124498;9.931.149
0.239420;0.114922;9.950.302
0.248997;0.114922;9.979.033
0.258574;0.124498;9.979.033
0.248997;0.114922;9.988.609
0.239420;0.134075;9.969.456
0.229843;0.124498;9.969.456
0.248997;0.114922;9.979.033
0.258574;0.124498;9.931.149
0.220267;0.105345;9.940.725
0.258574;0.124498;9.988.609
0.248997;0.143652;9.969.456
0.239420;0.105345;9.969.456
0.258574;0.114922;9.988.609
0.248997;0.124498;9.969.456
0.258574;0.134075;9.979.033
0.239420;0.105345;9.950.302
0.239420;0.105345;9.959.879
0.248997;0.124498;9.979.033
0.248997;0.134075;9.959.879
0.248997;0.114922;9.979.033
0.277727;0.114922;9.979.033
0.248997;0.114922;10.007.763
0.239420;0.134075;9.979.033
0.239420;0.124498;9.950.302
0.248997;0.105345;9.959.879
0.220267;0.124498;9.940.725
0.229843;0.114922;9.950.302
0.258574;0.134075;9.950.302
0.248997;0.124498;9.931.149
0.258574;0.114922;9.988.609
0.229843;0.114922;9.959.879
0.248997;0.114922;9.969.456
0.258574;0.143652;9.988.609
0.248997;0.124498;9.940.725
0.248997;0.114922;9.940.725
0.258574;0.124498;9.959.879
0.248997;0.114922;9.959.879
0.268151;0.124498;9.969.456
0.248997;0.124498;9.969.456
0.268151;0.143652;9.988.609
0.248997;0.114922;9.988.609
0.277727;0.134075;9.959.879
0.258574;0.105345;9.959.879
0.248997;0.114922;9.959.879
0.258574;0.105345;9.959.879
0.239420;0.124498;9.950.302
0.258574;0.114922;9.950.302
0.239420;0.105345;9.959.879
0.248997;0.124498;9.959.879
0.239420;0.114922;9.959.879
0.268151;0.134075;9.950.302
0.258574;0.114922;9.959.879
0.248997;0.114922;9.959.879
0.239420;0.114922;9.940.725
0.248997;0.114922;9.979.033
0.258574;0.114922;9.979.033
0.248997;0.124498;9.969.456
0.258574;0.114922;9.969.456
0.248997;0.114922;9.969.456
0.248997;0.124498;9.969.456
0.248997;0.134075;9.959.879
0.239420;0.105345;9.959.879
0.248997;0.114922;9.959.879
0.239420;0.124498;9.979.033
0.248997;0.134075;9.988.609
0.229843;0.124498;9.969.456
0.258574;0.134075;9.979.033
0.258574;0.124498;9.969.456
0.248997;0.134075;9.940.725
0.248997;0.114922;9.950.302
0.268151;0.114922;9.969.456
0.248997;0.114922;9.940.725
0.258574;0.105345;9.940.725
0.258574;0.124498;9.959.879
0.258574;0.134075;9.988.609
0.258574;0.134075;9.959.879
0.258574;0.124498;9.959.879
0.220267;0.143652;9.950.302
0.258574;0.134075;9.940.725
0.248997;0.114922;9.959.879
0.258574;0.134075;9.931.149
0.239420;0.114922;9.969.456
0.239420;0.114922;9.959.879
0.239420;0.124498;9.950.302
0.239420;0.105345;9.969.456
0.229843;0.124498;9.931.149
0.277727;0.124498;9.940.725
0.258574;0.124498;9.959.879
0.239420;0.124498;9.959.879
0.239420;0.124498;9.940.725
0.258574;0.124498;9.979.033
0.258574;0.114922;9.950.302
0.229843;0.134075;9.988.609
0.239420;0.076614;9.969.456
0.258574;0.095768;9.959.879
0.248997;0.105345;9.979.033
0.239420;0.114922;9.940.725
0.220267;0.124498;9.950.302
0.258574;0.143652;9.940.725
0.239420;0.134075;9.979.033
0.258574;0.134075;9.959.879
0.258574;0.105345;9.979.033
0.239420;0.124498;9.979.033
0.248997;0.124498;9.959.879
0.239420;0.134075;9.959.879
0.268151;0.114922;9.950.302
0.239420;0.105345;9.988.609
0.268151;0.114922;9.950.302
0.239420;0.124498;9.969.456
0.248997;0.105345;9.969.456
0.248997;0.105345;9.998.186
0.229843;0.134075;9.969.456
0.248997;0.143652;9.969.456
0.268151;0.114922;9.950.302
0.248997;0.124498;9.969.456
0.248997;0.114922;9.940.725
0.258574;0.143652;9.950.302
0.258574;0.124498;9.959.879
0.229843;0.105345;9.969.456
0.258574;0.134075;9.969.456
0.248997;0.134075;9.969.456
0.268151;0.143652;9.969.456
0.239420;0.095768;9.940.725
0.239420;0.114922;9.940.725
0.248997;0.134075;9.969.456
0.248997;0.153229;9.979.033
0.239420;0.105345;9.969.456
0.239420;0.134075;9.979.033
0.239420;0.124498;9.988.609
0.258574;0.134075;9.969.456
0.258574;0.124498;9.931.149
0.268151;0.105345;9.950.302
0.248997;0.124498;9.959.879
0.268151;0.124498;9.969.456
0.248997;0.124498;9.959.879
0.239420;0.124498;9.979.033
0.229843;0.114922;9.959.879
0.258574;0.105345;9.950.302
0.248997;0.105345;9.959.879
0.239420;0.114922;9.979.033
0.258574;0.124498;9.959.879
0.248997;0.134075;9.959.879
0.248997;0.134075;9.969.456
0.258574;0.114922;9.988.609
0.268151;0.105345;9.979.033
0.258574;0.114922;9.959.879
0.248997;0.105345;9.979.033
0.248997;0.095768;9.959.879
0.258574;0.124498;9.969.456
0.239420;0.134075;9.969.456
0.220267;0.114922;9.959.879
0.239420;0.114922;9.959.879
0.248997;0.134075;9.950.302
0.268151;0.124498;9.979.033
0.248997;0.114922;9.959.879
0.239420;0.114922;9.959.879
0.258574;0.124498;9.979.033
0.229843;0.124498;9.969.456
0.239420;0.134075;9.959.879
0.248997;0.114922;9.959.879
0.258574;0.124498;9.988.609
0.248997;0.124498;9.959.879
0.239420;0.124498;9.959.879
0.248997;0.095768;9.979.033
0.239420;0.134075;9.979.033
0.248997;0.124498;9.969.456
0.258574;0.114922;9.950.302
0.248997;0.134075;9.969.456
0.258574;0.114922;9.959.879
0.258574;0.124498;9.940.725
0.258574;0.105345;9.979.033
0.268151;0.134075;9.959.879
0.248997;0.124498;9.988.609
0.220267;0.105345;9.969.456
0.248997;0.114922;9.959.879
0.239420;0.114922;9.959.879
0.239420;0.134075;9.959.879
0.248997;0.105345;9.921.572
0.239420;0.124498;9.940.725
0.239420;0.114922;9.959.879
0.239420;0.134075;9.950.302
0.239420;0.124498;9.959.879
0.258574;0.105345;9.969.456
0.277727;0.114922;9.969.456
0.248997;0.124498;9.940.725
0.248997;0.114922;9.921.572
0.258574;0.143652;9.959.879
0.248997;0.134075;9.969.456
0.258574;0.134075;9.959.879
0.239420;0.114922;9.950.302
0.268151;0.143652;9.988.609
0.248997;0.114922;9.979.033
0.258574;0.114922;9.969.456
0.248997;0.124498;9.969.456
0.248997;0.124498;9.959.879
0.229843;0.134075;9.969.456
0.239420;0.105345;9.969.456
0.258574;0.124498;9.979.033
0.239420;0.114922;9.969.456
0.239420;0.095768;9.979.033
0.248997;0.114922;9.969.456
0.248997;0.124498;9.998.186
0.258574;0.114922;9.979.033
0.248997;0.124498;9.998.186
0.258574;0.124498;9.940.725
0.258574;0.124498;9.979.033
0.239420;0.124498;9.950.302
0.239420;0.114922;9.988.609
0.248997;0.134075;9.988.609
0.248997;0.114922;9.950.302
0.239420;0.114922;9.969.456
0.229843;0.124498;9.988.609
0.248997;0.114922;9.959.879
0.239420;0.143652;9.959.879
0.239420;0.124498;9.959.879
0.268151;0.114922;9.950.302
0.268151;0.105345;9.959.879
0.229843;0.134075;10.017.340
0.258574;0.114922;9.988.609
0.239420;0.124498;9.950.302
0.229843;0.114922;9.969.456
0.248997;0.143652;9.969.456
0.248997;0.124498;9.979.033
0.268151;0.134075;9.979.033
0.248997;0.134075;9.979.033
0.248997;0.134075;9.959.879
0.248997;0.114922;9.950.302
0.239420;0.134075;9.979.033
0.258574;0.124498;9.979.033
0.258574;0.124498;9.998.186
0.239420;0.114922;9.979.033
0.258574;0.114922;9.950.302
0.258574;0.124498;9.969.456
0.239420;0.114922;9.940.725
0.258574;0.114922;9.950.302
0.258574;0.134075;9.950.302
0.239420;0.124498;9.998.186
0.258574;0.143652;9.969.456
0.239420;0.105345;9.979.033
0.258574;0.134075;9.969.456
0.248997;0.124498;9.979.033
0.268151;0.134075;9.959.879
0.239420;0.134075;9.969.456
0.268151;0.124498;9.969.456
0.248997;0.124498;9.969.456
0.258574;0.114922;9.988.609
0.248997;0.134075;9.988.609
0.239420;0.114922;9.969.456
0.258574;0.153229;9.969.456
0.248997;0.134075;9.979.033
0.239420;0.124498;9.988.609
0.258574;0.134075;9.950.302
0.258574;0.124498;9.969.456
0.248997;0.134075;9.959.879
0.268151;0.114922;9.959.879
0.268151;0.114922;10.007.763
0.258574;0.134075;9.959.879
0.248997;0.124498;9.959.879
0.229843;0.124498;9.969.456
0.268151;0.124498;9.979.033
0.258574;0.124498;9.940.725
0.248997;0.114922;9.950.302
0.258574;0.105345;9.959.879
0.258574;0.143652;9.979.033
0.239420;0.124498;9.969.456
0.248997;0.124498;9.959.879
0.258574;0.134075;9.959.879
0.248997;0.105345;9.940.725
0.239420;0.105345;9.940.725
0.268151;0.114922;9.940.725
0.239420;0.114922;9.959.879
0.229843;0.134075;9.959.879
0.239420;0.134075;9.979.033
0.258574;0.124498;9.959.879
0.248997;0.124498;10.007.763
0.239420;0.124498;9.988.609
0.239420;0.095768;9.969.456
0.258574;0.124498;9.959.879
0.268151;0.124498;9.969.456
0.248997;0.124498;9.950.302
0.248997;0.124498;9.979.033
0.248997;0.124498;9.950.302
0.258574;0.114922;9.969.456
0.239420;0.134075;9.988.609
0.258574;0.114922;9.959.879
0.258574;0.134075;9.959.879
0.268151;0.114922;9.969.456
0.248997;0.124498;9.950.302
0.248997;0.124498;9.969.456
0.258574;0.114922;9.959.879
0.248997;0.124498;9.969.456
0.229843;0.124498;9.988.609
0.239420;0.114922;9.959.879
0.258574;0.153229;9.940.725
0.239420;0.114922;9.988.609
0.248997;0.143652;9.959.879
0.248997;0.114922;9.940.725
0.239420;0.124498;9.969.456
0.258574;0.143652;9.988.609
0.239420;0.124498;9.969.456
0.258574;0.114922;9.959.879
0.248997;0.114922;9.979.033
0.248997;0.095768;9.969.456
0.258574;0.134075;9.979.033
0.258574;0.114922;9.969.456
0.239420;0.134075;9.959.879
0.258574;0.114922;9.969.456
0.258574;0.143652;9.969.456
0.239420;0.143652;9.969.456
0.229843;0.124498;9.979.033
0.258574;0.124498;9.979.033
0.258574;0.124498;9.988.609
0.229843;0.134075;9.950.302
0.258574;0.105345;9.979.033
0.239420;0.143652;9.950.302
0.239420;0.134075;9.940.725
0.258574;0.114922;9.969.456
0.248997;0.124498;9.940.725
0.248997;0.105345;9.959.879
0.248997;0.114922;9.950.302
0.239420;0.134075;9.988.609
0.258574;0.134075;9.979.033
0.258574;0.105345;9.988.609
0.248997;0.124498;9.979.033
0.258574;0.105345;9.950.302
0.248997;0.124498;9.931.149
0.248997;0.105345;9.959.879
0.258574;0.124498;9.940.725
0.248997;0.124498;9.969.456
0.258574;0.124498;9.998.186
0.239420;0.105345;9.959.879
0.248997;0.124498;9.959.879
0.258574;0.124498;9.959.879
0.268151;0.086191;9.959.879
0.268151;0.124498;9.969.456
0.258574;0.105345;9.959.879
0.229843;0.095768;9.950.302
0.248997;0.124498;9.969.456
0.248997;0.114922;9.979.033
0.258574;0.114922;9.969.456
0.248997;0.134075;9.950.302
0.268151;0.134075;9.979.033
0.258574;0.114922;9.940.725
0.239420;0.105345;9.950.302
0.248997;0.143652;9.969.456
0.248997;0.114922;9.979.033
0.239420;0.114922;9.988.609
0.239420;0.124498;9.988.609
0.248997;0.124498;9.969.456
0.248997;0.124498;9.979.033
0.268151;0.134075;9.959.879
0.268151;0.114922;9.950.302
0.248997;0.124498;9.950.302
0.248997;0.124498;9.959.879
0.248997;0.124498;9.969.456
0.248997;0.114922;9.979.033
0.239420;0.134075;9.979.033
0.258574;0.134075;9.969.456
0.248997;0.114922;9.979.033
0.239420;0.143652;9.969.456
0.248997;0.105345;9.959.879
0.258574;0.143652;9.959.879
0.277727;0.105345;9.979.033
0.258574;0.105345;9.979.033
0.258574;0.134075;9.931.149
0.239420;0.114922;9.998.186
0.258574;0.134075;9.950.302
0.258574;0.114922;9.950.302
0.248997;0.124498;9.969.456
0.248997;0.124498;9.931.149
0.229843;0.134075;9.969.456
0.258574;0.134075;9.979.033
0.220267;0.143652;9.998.186
0.248997;0.114922;9.940.725
0.258574;0.114922;9.950.302
0.258574;0.114922;9.969.456
0.258574;0.095768;9.969.456
0.248997;0.114922;9.959.879
0.239420;0.095768;9.988.609
0.248997;0.134075;9.950.302
0.268151;0.105345;9.940.725
0.248997;0.124498;9.969.456
0.248997;0.124498;9.979.033
0.258574;0.124498;9.998.186
0.239420;0.105345;9.969.456
0.239420;0.105345;9.979.033
0.239420;0.124498;9.969.456
0.258574;0.124498;9.969.456
0.258574;0.105345;9.979.033
0.258574;0.124498;9.940.725
0.248997;0.134075;9.959.879
0.268151;0.114922;9.979.033
0.268151;0.124498;9.979.033
0.258574;0.114922;9.998.186
0.248997;0.124498;9.969.456
0.258574;0.134075;9.969.456
0.258574;0.114922;9.969.456
0.239420;0.114922;9.950.302
0.248997;0.086191;9.931.149
0.239420;0.114922;9.979.033
0.258574;0.114922;9.979.033
0.248997;0.124498;9.969.456
0.248997;0.105345;9.959.879
0.248997;0.095768;9.979.033
0.248997;0.124498;9.969.456
0.239420;0.114922;9.931.149
0.229843;0.095768;9.969.456
0.248997;0.095768;9.959.879
0.248997;0.114922;9.969.456
0.248997;0.153229;9.969.456
0.258574;0.114922;9.979.033
0.248997;0.105345;9.979.033
0.229843;0.114922;9.979.033
0.248997;0.124498;9.998.186
0.248997;0.114922;9.950.302
0.248997;0.105345;9.969.456
0.277727;0.143652;9.969.456
0.239420;0.134075;9.988.609
0.239420;0.124498;9.950.302
0.248997;0.134075;9.950.302
0.239420;0.134075;9.959.879
0.239420;0.124498;9.950.302
0.248997;0.114922;9.988.609
0.229843;0.124498;9.950.302
0.248997;0.124498;9.959.879
0.258574;0.124498;9.969.456
0.258574;0.124498;9.959.879
0.258574;0.105345;9.950.302
0.248997;0.153229;9.969.456
0.258574;0.114922;9.979.033
0.220267;0.153229;9.998.186
0.248997;0.114922;9.950.302
0.268151;0.095768;9.969.456
0.239420;0.095768;9.979.033
0.239420;0.114922;9.979.033
0.258574;0.124498;9.988.609
0.258574;0.143652;9.969.456
0.239420;0.143652;9.940.725
0.239420;0.105345;9.969.456
0.239420;0.124498;9.979.033
0.268151;0.124498;9.979.033
0.248997;0.114922;9.950.302
0.258574;0.114922;9.998.186
0.248997;0.105345;9.959.879
0.229843;0.124498;9.959.879
0.239420;0.114922;9.969.456
0.239420;0.124498;9.959.879
0.239420;0.134075;9.988.609
0.258574;0.114922;9.979.033
0.258574;0.134075;9.988.609
0.258574;0.124498;9.969.456
0.239420;0.105345;9.969.456
0.239420;0.143652;9.959.879
0.248997;0.105345;9.940.725
0.258574;0.143652;9.969.456
0.229843;0.114922;9.979.033
0.258574;0.134075;9.959.879
0.248997;0.124498;9.969.456
0.239420;0.114922;9.988.609
0.258574;0.124498;10.007.763
0.248997;0.105345;9.979.033
0.220267;0.114922;9.950.302
0.239420;0.105345;9.959.879
0.248997;0.124498;9.950.302
0.248997;0.124498;9.959.879
0.220267;0.134075;9.950.302
0.248997;0.124498;9.950.302
0.220267;0.134075;9.979.033
0.258574;0.114922;9.998.186
0.239420;0.124498;9.969.456
0.248997;0.124498;9.969.456
0.248997;0.124498;9.940.725
0.248997;0.124498;9.950.302
0.239420;0.134075;9.969.456
0.248997;0.086191;9.940.725
0.248997;0.105345;9.950.302
0.239420;0.124498;9.979.033
0.248997;0.134075;9.979.033
0.258574;0.124498;9.998.186
0.239420;0.114922;9.950.302
0.239420;0.114922;9.969.456
0.248997;0.134075;9.988.609
0.268151;0.114922;9.979.033
0.239420;0.114922;9.969.456
0.248997;0.114922;9.959.879
0.239420;0.114922;9.969.456
0.248997;0.124498;9.969.456
0.248997;0.114922;9.988.609
0.248997;0.105345;10.007.763
0.258574;0.105345;9.969.456
0.258574;0.114922;9.959.879
0.239420;0.143652;9.950.302
0.248997;0.124498;9.959.879
0.248997;0.134075;9.959.879
0.258574;0.105345;9.979.033
0.268151;0.114922;9.979.033
0.258574;0.134075;9.959.879
0.258574;0.124498;9.969.456
0.258574;0.134075;9.959.879
0.248997;0.105345;9.979.033
0.248997;0.114922;9.959.879
0.229843;0.124498;9.969.456
0.248997;0.105345;9.979.033
0.239420;0.124498;9.959.879
0.248997;0.114922;9.979.033
0.258574;0.124498;9.988.609
0.248997;0.124498;9.979.033
0.258574;0.114922;9.998.186
0.248997;0.134075;9.959.879
0.248997;0.124498;9.969.456
0.239420;0.134075;9.950.302
0.239420;0.134075;9.940.725
0.239420;0.124498;9.969.456
0.248997;0.095768;9.950.302
0.229843;0.114922;9.969.456
0.258574;0.124498;9.959.879
0.248997;0.095768;9.979.033
0.268151;0.124498;9.959.879
0.268151;0.143652;9.959.879
0.248997;0.114922;9.988.609
0.248997;0.124498;9.959.879
0.248997;0.134075;9.998.186
0.248997;0.124498;9.969.456
0.239420;0.134075;9.969.456
0.229843;0.105345;9.969.456
0.258574;0.124498;9.979.033
0.248997;0.143652;9.950.302
0.258574;0.114922;9.950.302
0.258574;0.124498;9.950.302
0.248997;0.134075;9.969.456
0.258574;0.143652;9.950.302
0.268151;0.114922;9.969.456
0.248997;0.105345;9.969.456
0.248997;0.124498;9.979.033
0.239420;0.114922;9.988.609
0.248997;0.114922;9.979.033
0.239420;0.114922;9.959.879
0.220267;0.153229;9.959.879
0.239420;0.124498;9.950.302
0.258574;0.134075;9.979.033
0.248997;0.114922;9.969.456
0.258574;0.114922;9.969.456
0.239420;0.114922;9.959.879
0.248997;0.114922;9.988.609
0.239420;0.124498;9.959.879
0.248997;0.114922;9.950.302
0.248997;0.095768;9.979.033
0.229843;0.105345;9.969.456
0.268151;0.143652;9.969.456
0.239420;0.105345;9.969.456
0.239420;0.124498;9.979.033
0.248997;0.114922;9.959.879
0.248997;0.134075;9.959.879
0.239420;0.124498;9.969.456
0.239420;0.124498;9.979.033
0.248997;0.114922;9.969.456
0.258574;0.143652;9.931.149
0.258574;0.114922;9.959.879
0.248997;0.124498;9.979.033
0.248997;0.114922;9.998.186
0.229843;0.124498;9.950.302
0.239420;0.124498;9.979.033
0.248997;0.124498;10.017.340
0.239420;0.114922;9.959.879
0.229843;0.105345;9.969.456
0.248997;0.105345;9.979.033
0.248997;0.124498;9.950.302
0.239420;0.114922;9.969.456
0.239420;0.134075;9.969.456
0.258574;0.134075;9.979.033
0.277727;0.124498;9.998.186
0.248997;0.134075;9.969.456
0.258574;0.153229;9.969.456
0.258574;0.114922;9.988.609
0.258574;0.143652;9.979.033
0.229843;0.114922;9.950.302
0.239420;0.105345;9.940.725
0.239420;0.134075;9.959.879
0.229843;0.095768;9.969.456
0.248997;0.114922;9.988.609
0.229843;0.114922;9.969.456
0.239420;0.134075;9.979.033
0.248997;0.124498;9.969.456
0.248997;0.134075;9.940.725
0.287304;0.124498;9.959.879
0.248997;0.124498;9.959.879
0.239420;0.095768;9.959.879
0.268151;0.143652;9.979.033
0.239420;0.114922;9.969.456
0.258574;0.114922;9.950.302
0.239420;0.114922;9.979.033
0.229843;0.124498;9.969.456
0.248997;0.105345;9.969.456
0.248997;0.124498;9.959.879
0.248997;0.134075;9.969.456
0.268151;0.105345;9.969.456
0.258574;0.114922;9.969.456
0.258574;0.114922;9.979.033
0.248997;0.143652;9.959.879
0.220267;0.124498;9.950.302
0.258574;0.134075;9.988.609
0.258574;0.124498;9.988.609
0.239420;0.105345;9.969.456
0.258574;0.114922;9.979.033
0.248997;0.105345;9.950.302
0.248997;0.105345;9.959.879
0.229843;0.114922;9.988.609
0.268151;0.143652;9.979.033
0.258574;0.114922;9.959.879
0.248997;0.114922;9.959.879
0.258574;0.105345;9.950.302
0.268151;0.114922;9.959.879
0.248997;0.134075;9.959.879
0.248997;0.114922;9.979.033
0.248997;0.143652;9.979.033
0.239420;0.105345;9.998.186
0.248997;0.134075;9.969.456
0.248997;0.153229;9.969.456
0.258574;0.105345;9.969.456
0.248997;0.105345;9.959.879
0.239420;0.124498;9.940.725
0.239420;0.095768;9.959.879
0.258574;0.105345;9.959.879
0.239420;0.124498;9.979.033
0.239420;0.105345;9.988.609
0.268151;0.124498;9.979.033
0.248997;0.105345;9.969.456
0.239420;0.114922;9.969.456
0.239420;0.124498;9.950.302
0.239420;0.134075;9.988.609
0.248997;0.105345;9.979.033
0.258574;0.153229;9.940.725
0.229843;0.134075;9.979.033
0.229843;0.124498;9.998.186
0.239420;0.124498;9.979.033
0.248997;0.124498;9.959.879
0.248997;0.124498;9.969.456
0.258574;0.134075;9.959.879
0.248997;0.124498;9.940.725
0.248997;0.124498;9.959.879
0.229843;0.134075;9.969.456
0.239420;0.124498;9.979.033
0.258574;0.124498;9.979.033
0.239420;0.143652;9.950.302
0.239420;0.114922;9.959.879
0.268151;0.124498;9.988.609
0.248997;0.124498;9.940.725
0.258574;0.114922;9.969.456
0.268151;0.105345;9.969.456
0.239420;0.134075;9.988.609
0.248997;0.114922;9.950.302
0.258574;0.114922;9.959.879
0.248997;0.134075;9.979.033
0.248997;0.124498;9.988.609
0.268151;0.114922;9.979.033
0.239420;0.114922;9.969.456
0.239420;0.124498;9.959.879
0.239420;0.134075;9.979.033
0.268151;0.114922;9.959.879
0.248997;0.134075;9.950.302
0.258574;0.114922;9.988.609
0.248997;0.105345;9.969.456
0.239420;0.124498;9.979.033
0.239420;0.134075;9.959.879
0.248997;0.124498;9.950.302
0.258574;0.124498;9.950.302
0.239420;0.105345;9.959.879
0.248997;0.124498;9.959.879
0.248997;0.124498;9.969.456
0.229843;0.124498;9.969.456
0.248997;0.124498;9.988.609
0.248997;0.124498;9.969.456
0.239420;0.124498;9.969.456
0.258574;0.124498;9.988.609
0.248997;0.124498;9.988.609
0.239420;0.143652;9.969.456
0.258574;0.143652;9.979.033
0.258574;0.124498;9.969.456
0.248997;0.114922;9.979.033
0.268151;0.124498;9.959.879
0.258574;0.143652;9.950.302
0.258574;0.124498;9.969.456
0.239420;0.114922;9.988.609
0.268151;0.105345;9.950.302
0.239420;0.114922;9.969.456
0.239420;0.124498;9.969.456
0.248997;0.114922;9.911.995
0.248997;0.124498;9.950.302
0.239420;0.124498;9.950.302
0.268151;0.124498;9.950.302
0.248997;0.114922;9.988.609
0.239420;0.124498;9.969.456
0.248997;0.134075;9.969.456
0.258574;0.124498;9.959.879
0.258574;0.095768;9.979.033
0.258574;0.105345;9.979.033
0.239420;0.095768;9.959.879
0.258574;0.124498;9.969.456
0.248997;0.105345;9.979.033
0.239420;0.095768;9.950.302
0.248997;0.114922;9.988.609
0.239420;0.124498;9.988.609
0.248997;0.114922;9.969.456
0.248997;0.124498;9.979.033
0.258574;0.124498;9.959.879
0.248997;0.124498;9.959.879
0.248997;0.124498;9.979.033
0.239420;0.134075;9.998.186
0.258574;0.095768;9.979.033
0.268151;0.105345;9.979.033
0.239420;0.143652;9.969.456
0.239420;0.124498;9.979.033
0.248997;0.114922;9.969.456
0.258574;0.105345;9.988.609
0.248997;0.124498;9.969.456
0.258574;0.124498;9.950.302
0.248997;0.124498;9.969.456
0.239420;0.134075;9.998.186
0.268151;0.124498;9.979.033
0.248997;0.134075;9.969.456
0.239420;0.124498;9.959.879
0.258574;0.134075;9.931.149
0.239420;0.134075;9.959.879
0.248997;0.114922;9.940.725
0.268151;0.124498;9.969.456
0.258574;0.124498;9.988.609
0.239420;0.124498;9.979.033
0.258574;0.114922;9.959.879
0.239420;0.105345;9.969.456
0.268151;0.124498;9.959.879
0.248997;0.114922;9.988.609
0.258574;0.105345;9.969.456
0.258574;0.095768;9.988.609
0.258574;0.124498;9.998.186
0.268151;0.124498;9.988.609
0.248997;0.105345;9.969.456
0.239420;0.105345;9.969.456
0.268151;0.114922;9.959.879
0.239420;0.134075;9.931.149
0.248997;0.114922;10.007.763
0.248997;0.124498;9.988.609
0.239420;0.105345;9.969.456
0.258574;0.114922;9.979.033
0.229843;0.124498;9.969.456
0.258574;0.114922;9.959.879
0.248997;0.105345;9.969.456
0.248997;0.114922;9.950.302
0.239420;0.134075;9.959.879
0.239420;0.105345;9.950.302
0.258574;0.114922;9.950.302
0.229843;0.105345;9.969.456
0.258574;0.114922;9.979.033
0.258574;0.134075;9.988.609
0.248997;0.124498;9.988.609
0.248997;0.134075;9.969.456
0.239420;0.143652;9.988.609
0.229843;0.114922;9.969.456
0.248997;0.134075;9.979.033
0.258574;0.114922;9.959.879
0.239420;0.095768;9.988.609
0.248997;0.134075;9.969.456
0.239420;0.134075;9.969.456
0.248997;0.124498;9.979.033
0.239420;0.114922;9.959.879
0.239420;0.114922;9.979.033
0.248997;0.124498;9.950.302
0.248997;0.134075;9.950.302
0.258574;0.124498;9.979.033
0.239420;0.114922;9.959.879
0.248997;0.105345;9.969.456
0.248997;0.134075;9.940.725
0.258574;0.124498;9.959.879
0.248997;0.124498;9.988.609
0.268151;0.105345;9.950.302
0.239420;0.114922;9.969.456
0.258574;0.134075;9.959.879
0.248997;0.124498;9.998.186
0.248997;0.114922;9.979.033
0.258574;0.114922;9.950.302
0.248997;0.105345;9.979.033
0.220267;0.105345;9.988.609
0.248997;0.124498;9.959.879
0.248997;0.095768;9.988.609
0.239420;0.134075;9.969.456
0.248997;0.124498;9.979.033
0.239420;0.124498;9.979.033
0.258574;0.124498;9.959.879
0.258574;0.105345;9.950.302
0.239420;0.124498;9.979.033
0.248997;0.143652;9.950.302
0.258574;0.114922;9.959.879
0.248997;0.114922;9.959.879
0.248997;0.114922;9.969.456
0.239420;0.095768;9.969.456
0.248997;0.124498;9.969.456
0.239420;0.134075;9.950.302
0.248997;0.124498;9.969.456
0.258574;0.124498;9.959.879
0.258574;0.124498;9.979.033
0.220267;0.124498;9.959.879
0.248997;0.134075;9.950.302
0.268151;0.114922;9.979.033
0.248997;0.114922;9.979.033
0.258574;0.134075;9.959.879
0.248997;0.124498;9.969.456
0.258574;0.124498;9.988.609
0.258574;0.124498;9.950.302
0.248997;0.143652;9.940.725
0.248997;0.124498;9.940.725
0.239420;0.105345;9.979.033
0.239420;0.134075;9.998.186
0.258574;0.124498;9.988.609
0.258574;0.124498;9.931.149
0.239420;0.162806;9.969.456
0.239420;0.114922;9.959.879
0.258574;0.114922;9.969.456
0.258574;0.134075;9.988.609
0.258574;0.114922;9.940.725
0.239420;0.143652;9.979.033
0.239420;0.105345;9.969.456
0.220267;0.105345;9.959.879
0.268151;0.134075;9.959.879
0.239420;0.134075;9.940.725
0.229843;0.143652;9.959.879
0.248997;0.105345;9.969.456
0.258574;0.124498;9.969.456
0.258574;0.124498;9.959.879
0.277727;0.124498;9.950.302
0.268151;0.124498;9.979.033
0.248997;0.124498;9.969.456
0.248997;0.134075;9.988.609
0.229843;0.114922;9.969.456
0.248997;0.124498;9.959.879
0.239420;0.105345;9.950.302
0.248997;0.124498;9.988.609
0.258574;0.124498;9.959.879
0.277727;0.105345;9.979.033
0.248997;0.124498;9.979.033
0.239420;0.124498;9.959.879
0.248997;0.134075;9.940.725
0.258574;0.114922;9.940.725
0.248997;0.114922;9.969.456
0.248997;0.134075;9.979.033
0.248997;0.124498;9.979.033
0.239420;0.105345;9.979.033
0.239420;0.134075;9.959.879
0.229843;0.124498;9.959.879
0.239420;0.114922;9.969.456
0.258574;0.124498;9.988.609
0.239420;0.143652;9.969.456
0.248997;0.124498;9.959.879
0.248997;0.114922;9.959.879
0.258574;0.114922;9.969.456
0.239420;0.143652;9.940.725
0.258574;0.114922;9.959.879
0.248997;0.114922;9.969.456
0.268151;0.124498;9.959.879
0.248997;0.143652;9.979.033
0.248997;0.105345;9.950.302
0.248997;0.124498;9.979.033
0.258574;0.095768;9.969.456
0.248997;0.124498;9.940.725
0.248997;0.134075;9.988.609
0.248997;0.105345;9.979.033
0.229843;0.114922;9.969.456
0.248997;0.134075;9.950.302
0.239420;0.095768;9.969.456
0.248997;0.095768;9.969.456
0.248997;0.124498;9.998.186
0.248997;0.114922;9.940.725
0.258574;0.105345;9.979.033
0.248997;0.114922;9.959.879
0.258574;0.105345;9.969.456
0.248997;0.124498;9.988.609
0.248997;0.134075;9.988.609
0.248997;0.134075;9.998.186
0.248997;0.134075;9.979.033
0.248997;0.124498;9.950.302
0.229843;0.124498;9.950.302
0.268151;0.114922;9.969.456
0.248997;0.095768;9.950.302
0.248997;0.105345;9.969.456
0.239420;0.114922;9.988.609
0.229843;0.114922;9.988.609
0.248997;0.105345;9.979.033
0.239420;0.114922;9.959.879
0.248997;0.105345;9.969.456
0.268151;0.124498;9.979.033
0.239420;0.124498;9.959.879
0.239420;0.134075;9.979.033
0.248997;0.134075;9.959.879
0.239420;0.143652;9.969.456
0.268151;0.143652;9.969.456
0.268151;0.134075;9.969.456
0.258574;0.095768;9.969.456
0.277727;0.134075;9.969.456
0.248997;0.134075;9.959.879
0.258574;0.134075;9.969.456
0.239420;0.134075;9.969.456
0.239420;0.124498;9.969.456
0.239420;0.105345;9.969.456
0.239420;0.134075;9.959.879
0.248997;0.153229;9.959.879
0.258574;0.114922;9.940.725
0.258574;0.124498;9.931.149
0.239420;0.143652;9.969.456
0.239420;0.114922;9.969.456
0.239420;0.134075;9.969.456
0.258574;0.114922;9.940.725
0.239420;0.124498;9.988.609
0.258574;0.124498;9.959.879
0.248997;0.124498;9.979.033
0.239420;0.114922;9.969.456
0.248997;0.114922;9.959.879
0.239420;0.114922;9.979.033
0.239420;0.105345;9.959.879
0.248997;0.114922;9.950.302
0.248997;0.114922;9.979.033
0.248997;0.134075;9.969.456
0.239420;0.124498;9.979.033
0.248997;0.143652;9.969.456
0.229843;0.143652;9.959.879
0.248997;0.124498;9.950.302
0.258574;0.114922;9.950.302
0.239420;0.095768;9.979.033
0.239420;0.114922;9.979.033
0.220267;0.124498;9.950.302
0.268151;0.124498;9.979.033
0.239420;0.134075;9.969.456
0.258574;0.124498;9.979.033
0.248997;0.105345;9.969.456
0.248997;0.134075;9.959.879
0.248997;0.105345;9.959.879
0.229843;0.134075;9.969.456
0.268151;0.134075;9.959.879
0.258574;0.134075;9.988.609
0.239420;0.105345;9.979.033
0.239420;0.114922;9.969.456
0.258574;0.114922;9.979.033
0.258574;0.114922;9.988.609
0.248997;0.124498;9.988.609
0.268151;0.124498;9.979.033
0.248997;0.114922;9.969.456
0.268151;0.124498;9.969.456
0.258574;0.114922;9.959.879
0.258574;0.124498;9.979.033
0.239420;0.114922;9.969.456
0.229843;0.114922;9.969.456
0.248997;0.124498;9.979.033
0.239420;0.124498;9.959.879
0.258574;0.114922;9.979.033
0.248997;0.105345;9.959.879
0.239420;0.124498;9.988.609
0.248997;0.134075;9.959.879
0.229843;0.095768;9.969.456
0.268151;0.114922;9.979.033
0.248997;0.124498;9.979.033
0.239420;0.124498;9.988.609
0.239420;0.124498;9.969.456
0.239420;0.134075;9.969.456
0.248997;0.134075;9.969.456
0.239420;0.124498;9.988.609
0.229843;0.105345;9.988.609
0.248997;0.143652;9.988.609
0.258574;0.105345;9.979.033
0.229843;0.124498;9.969.456
0.248997;0.105345;9.959.879
0.229843;0.124498;9.959.879
0.239420;0.134075;9.969.456
0.239420;0.114922;9.950.302
0.248997;0.124498;9.950.302
0.239420;0.114922;9.969.456
0.239420;0.124498;9.959.879
0.258574;0.124498;9.988.609
0.268151;0.153229;9.969.456
0.239420;0.114922;9.979.033
0.258574;0.114922;9.959.879
0.239420;0.095768;9.969.456
0.258574;0.114922;9.988.609
0.248997;0.114922;9.959.879
0.248997;0.143652;9.969.456
0.248997;0.114922;9.988.609
0.258574;0.105345;9.950.302
0.229843;0.114922;9.940.725
0.258574;0.105345;9.940.725
0.258574;0.095768;9.979.033
0.229843;0.124498;9.979.033
0.258574;0.124498;9.969.456
0.248997;0.105345;9.969.456
0.239420;0.134075;9.969.456
0.268151;0.105345;9.969.456
0.229843;0.105345;9.950.302
0.239420;0.105345;9.969.456
0.258574;0.153229;9.979.033
0.248997;0.134075;9.969.456
0.258574;0.134075;9.988.609
0.239420;0.124498;9.959.879
0.239420;0.124498;9.969.456
0.248997;0.114922;9.969.456
0.220267;0.114922;9.959.879
0.258574;0.114922;9.988.609
0.258574;0.114922;9.979.033
0.248997;0.114922;9.979.033
0.229843;0.124498;10.007.763
0.239420;0.124498;9.969.456
0.258574;0.105345;9.979.033
0.239420;0.134075;9.988.609
0.239420;0.105345;9.950.302
0.248997;0.124498;9.959.879
0.248997;0.134075;9.959.879
0.239420;0.124498;9.969.456
0.258574;0.114922;9.959.879
0.239420;0.124498;9.950.302
0.239420;0.143652;9.959.879
0.258574;0.114922;9.969.456
0.248997;0.105345;9.988.609
0.258574;0.124498;9.979.033
0.248997;0.134075;9.959.879
0.248997;0.095768;9.979.033
0.258574;0.124498;9.969.456
0.248997;0.124498;9.959.879
0.268151;0.114922;9.979.033
0.248997;0.124498;9.969.456
0.258574;0.124498;9.950.302
0.239420;0.095768;9.969.456
0.239420;0.143652;9.969.456
0.248997;0.114922;9.969.456
0.248997;0.143652;9.959.879
0.268151;0.153229;9.969.456
0.268151;0.124498;9.979.033
0.239420;0.105345;9.979.033
0.258574;0.134075;9.988.609
0.239420;0.114922;9.969.456
0.248997;0.114922;9.969.456
0.258574;0.114922;9.979.033
0.258574;0.105345;9.979.033
0.248997;0.105345;9.950.302
0.239420;0.114922;9.979.033
0.248997;0.134075;9.959.879
0.239420;0.105345;9.979.033
0.248997;0.124498;9.969.456
0.248997;0.124498;9.998.186
0.268151;0.124498;9.969.456
0.268151;0.114922;9.979.033
0.258574;0.114922;9.931.149
0.229843;0.114922;9.950.302
0.239420;0.114922;9.959.879
0.248997;0.114922;9.998.186
0.239420;0.114922;9.969.456
0.258574;0.114922;9.979.033
0.248997;0.143652;9.959.879
0.248997;0.143652;9.979.033
0.258574;0.143652;9.969.456
0.248997;0.134075;9.959.879
0.248997;0.134075;9.988.609
0.239420;0.114922;9.998.186
0.239420;0.124498;9.979.033
0.239420;0.143652;9.969.456
0.248997;0.105345;9.969.456
0.239420;0.105345;9.979.033
0.239420;0.114922;9.969.456
0.258574;0.134075;9.959.879
0.248997;0.105345;9.959.879
0.248997;0.124498;9.988.609
0.248997;0.124498;9.979.033
0.268151;0.124498;9.950.302
0.258574;0.124498;9.988.609
0.248997;0.114922;9.969.456
0.258574;0.114922;9.959.879
0.268151;0.134075;9.950.302
0.248997;0.124498;9.988.609
0.239420;0.124498;9.969.456
0.258574;0.114922;9.959.879
0.248997;0.114922;9.950.302
0.248997;0.143652;9.959.879
0.258574;0.124498;9.979.033
0.239420;0.124498;9.979.033
0.239420;0.124498;9.998.186
0.268151;0.114922;9.969.456
0.239420;0.124498;9.940.725
0.248997;0.114922;9.969.456
0.258574;0.114922;9.969.456
0.258574;0.134075;9.969.456
0.248997;0.124498;9.969.456
0.258574;0.105345;9.979.033
0.229843;0.134075;9.950.302
0.258574;0.105345;9.979.033
0.248997;0.124498;9.979.033
0.248997;0.134075;9.979.033
0.248997;0.134075;9.969.456
0.229843;0.134075;9.969.456
0.258574;0.143652;9.988.609
0.248997;0.114922;9.959.879
0.239420;0.124498;9.950.302
0.239420;0.114922;9.959.879
0.239420;0.114922;9.979.033
0.248997;0.114922;9.979.033
0.248997;0.114922;9.988.609
0.239420;0.105345;9.979.033
0.248997;0.134075;9.931.149
0.239420;0.124498;9.988.609
0.258574;0.124498;9.988.609
0.239420;0.095768;10.007.763
0.268151;0.124498;9.988.609
0.239420;0.124498;9.969.456
0.258574;0.134075;9.969.456
0.248997;0.095768;9.950.302
0.248997;0.114922;9.979.033
0.248997;0.105345;9.979.033
0.248997;0.124498;9.979.033
0.258574;0.114922;9.950.302
0.258574;0.114922;9.969.456
0.248997;0.124498;9.979.033
0.248997;0.114922;9.979.033
0.239420;0.114922;9.979.033
0.258574;0.124498;9.959.879
0.239420;0.114922;9.979.033
0.248997;0.105345;9.998.186
0.258574;0.124498;9.969.456
0.239420;0.105345;9.979.033
0.248997;0.134075;9.969.456
0.258574;0.134075;9.950.302
0.268151;0.124498;9.969.456
0.239420;0.134075;9.950.302
0.258574;0.114922;9.969.456
0.239420;0.105345;9.959.879
0.239420;0.124498;9.969.456
0.248997;0.124498;9.950.302
0.248997;0.105345;9.979.033
0.239420;0.153229;9.969.456
0.258574;0.114922;9.959.879
0.268151;0.105345;9.969.456
0.248997;0.124498;9.979.033
0.229843;0.114922;9.969.456
0.258574;0.114922;9.950.302
0.248997;0.114922;9.950.302
0.248997;0.114922;9.921.572
0.248997;0.114922;9.969.456
0.248997;0.114922;9.950.302
0.248997;0.124498;9.950.302
0.239420;0.124498;9.988.609
0.258574;0.134075;9.969.456
0.248997;0.124498;9.931.149
0.239420;0.124498;9.959.879
0.248997;0.124498;9.950.302
0.248997;0.124498;9.979.033
0.229843;0.124498;9.950.302
0.268151;0.114922;9.940.725
0.258574;0.105345;9.969.456
0.258574;0.114922;9.969.456
0.220267;0.153229;9.959.879
0.248997;0.134075;9.950.302
0.258574;0.114922;9.950.302
0.229843;0.124498;9.969.456
0.268151;0.124498;9.959.879
0.229843;0.114922;9.969.456
0.239420;0.134075;9.959.879
0.248997;0.124498;9.979.033
0.239420;0.124498;9.959.879
0.239420;0.105345;9.969.456
0.248997;0.114922;9.969.456
0.239420;0.124498;9.988.609
0.248997;0.114922;9.959.879
0.258574;0.105345;9.959.879
0.239420;0.134075;9.979.033
0.258574;0.134075;9.969.456
0.239420;0.124498;9.979.033
0.248997;0.124498;9.969.456
0.258574;0.134075;9.979.033
0.268151;0.114922;9.959.879
0.239420;0.105345;9.979.033
0.248997;0.143652;9.969.456
0.248997;0.134075;9.969.456
0.248997;0.143652;9.959.879
0.248997;0.134075;9.979.033
0.239420;0.114922;9.969.456
0.258574;0.114922;9.988.609
0.239420;0.114922;9.959.879
0.258574;0.134075;9.959.879
0.239420;0.124498;9.969.456
0.239420;0.124498;9.959.879
0.248997;0.134075;9.969.456
0.258574;0.134075;9.979.033
0.248997;0.114922;9.950.302
0.258574;0.105345;9.969.456
0.258574;0.114922;9.950.302
0.220267;0.134075;9.950.302
0.239420;0.095768;9.959.879
0.248997;0.114922;9.940.725
0.239420;0.134075;9.959.879
0.239420;0.124498;9.959.879
0.258574;0.124498;9.950.302
0.258574;0.124498;9.988.609
0.239420;0.134075;9.950.302
0.248997;0.114922;9.959.879
0.239420;0.105345;9.988.609
0.258574;0.124498;9.979.033
0.239420;0.124498;9.969.456
0.239420;0.114922;9.959.879
0.248997;0.114922;9.959.879
0.248997;0.114922;9.969.456
0.258574;0.124498;9.979.033
0.229843;0.124498;9.950.302
0.248997;0.124498;9.979.033
0.248997;0.105345;9.988.609
0.248997;0.105345;9.979.033
0.258574;0.105345;9.969.456
0.239420;0.124498;9.969.456
0.258574;0.095768;9.950.302
0.268151;0.124498;9.959.879
0.239420;0.124498;9.931.149
0.258574;0.124498;9.950.302
0.239420;0.124498;9.931.149
0.248997;0.114922;9.998.186
0.239420;0.114922;9.979.033
0.239420;0.124498;9.931.149
0.248997;0.105345;9.969.456
0.239420;0.105345;9.979.033
0.258574;0.124498;9.959.879
0.258574;0.134075;9.959.879
0.248997;0.114922;9.950.302
0.229843;0.114922;9.979.033
0.258574;0.134075;9.998.186
0.248997;0.134075;9.979.033
0.239420;0.134075;9.998.186
0.268151;0.114922;9.950.302
0.248997;0.114922;9.959.879
0.268151;0.105345;9.950.302
0.239420;0.124498;9.969.456
0.268151;0.114922;9.940.725
0.248997;0.114922;9.959.879
0.258574;0.114922;9.969.456
0.239420;0.124498;9.979.033
0.258574;0.134075;9.959.879
0.248997;0.134075;9.950.302
0.239420;0.124498;9.969.456
0.239420;0.105345;9.969.456
0.268151;0.124498;9.979.033
0.239420;0.114922;9.931.149
0.248997;0.114922;9.969.456
0.248997;0.134075;9.959.879
0.268151;0.086191;9.950.302
0.258574;0.114922;9.959.879
0.239420;0.134075;9.969.456
0.258574;0.114922;9.969.456
0.248997;0.114922;9.979.033
0.229843;0.105345;9.950.302
0.248997;0.143652;9.979.033
0.268151;0.114922;9.969.456
0.239420;0.143652;9.959.879
0.258574;0.124498;9.940.725
0.248997;0.134075;9.979.033
0.258574;0.134075;9.959.879
0.229843;0.114922;9.959.879
0.248997;0.153229;9.969.456
0.258574;0.105345;9.959.879
0.258574;0.105345;9.969.456
0.248997;0.124498;9.998.186
0.248997;0.134075;9.940.725
0.258574;0.143652;9.969.456
0.268151;0.134075;9.940.725
0.268151;0.114922;9.959.879
0.239420;0.134075;9.959.879
0.239420;0.143652;9.988.609
0.248997;0.124498;9.959.879
0.277727;0.134075;9.969.456
0.248997;0.114922;9.959.879
0.268151;0.114922;9.959.879
0.258574;0.124498;9.950.302
0.239420;0.134075;9.979.033
0.258574;0.114922;9.969.456
0.258574;0.124498;9.969.456
0.258574;0.105345;9.979.033
0.248997;0.114922;9.950.302
0.258574;0.134075;9.979.033
0.268151;0.114922;9.979.033
0.239420;0.124498;9.979.033
0.258574;0.105345;9.969.456
0.248997;0.114922;9.969.456
0.268151;0.124498;9.950.302
0.229843;0.114922;9.950.302
0.248997;0.114922;9.979.033
0.248997;0.095768;9.979.033
0.229843;0.124498;9.969.456
0.268151;0.114922;9.950.302
0.258574;0.134075;9.959.879
0.239420;0.124498;9.959.879
0.248997;0.105345;9.969.456
0.248997;0.114922;9.959.879
0.258574;0.114922;9.979.033
0.229843;0.124498;9.950.302
0.248997;0.153229;9.940.725
0.248997;0.143652;9.931.149
0.248997;0.114922;9.979.033
0.248997;0.114922;9.959.879
0.248997;0.134075;9.969.456
0.258574;0.134075;9.921.572
0.248997;0.134075;9.950.302
0.248997;0.095768;9.988.609
0.268151;0.124498;9.969.456
0.258574;0.124498;9.969.456
0.258574;0.114922;9.998.186
0.258574;0.143652;9.979.033
0.258574;0.124498;9.969.456
0.258574;0.134075;9.979.033
0.268151;0.134075;9.950.302
0.248997;0.114922;9.969.456
0.268151;0.143652;9.969.456
0.239420;0.105345;9.969.456
0.248997;0.114922;9.950.302
0.239420;0.134075;9.979.033
0.239420;0.124498;9.979.033
0.248997;0.124498;9.969.456
0.239420;0.114922;9.979.033
0.258574;0.105345;9.998.186
0.248997;0.105345;9.950.302
0.268151;0.124498;9.940.725
0.239420;0.124498;9.950.302
0.239420;0.105345;9.988.609
0.239420;0.134075;9.959.879
0.248997;0.114922;9.979.033
0.239420;0.124498;9.979.033
0.220267;0.124498;9.979.033
0.239420;0.124498;9.969.456
0.258574;0.134075;9.969.456
0.248997;0.134075;9.969.456
0.239420;0.105345;9.950.302
0.258574;0.124498;9.950.302
0.239420;0.124498;9.959.879
0.258574;0.114922;9.998.186
0.268151;0.105345;9.959.879
0.258574;0.134075;9.979.033
0.248997;0.114922;9.969.456
0.287304;0.134075;9.969.456
0.268151;0.124498;9.959.879
0.239420;0.134075;9.950.302
0.268151;0.124498;9.979.033
0.220267;0.105345;9.979.033
0.268151;0.124498;9.969.456
0.229843;0.114922;9.969.456
0.258574;0.095768;9.979.033
0.258574;0.124498;9.988.609
0.258574;0.105345;9.979.033
0.229843;0.124498;9.950.302
0.239420;0.114922;9.950.302
0.239420;0.124498;9.979.033
0.239420;0.134075;9.959.879
0.248997;0.114922;9.969.456
0.277727;0.105345;9.969.456
0.248997;0.124498;9.950.302
0.258574;0.124498;9.969.456
0.229843;0.134075;9.959.879
0.239420;0.124498;9.969.456
0.258574;0.124498;9.979.033
0.248997;0.143652;9.950.302
0.248997;0.105345;9.979.033
0.239420;0.114922;9.969.456
0.248997;0.124498;9.959.879
0.258574;0.086191;9.959.879
0.229843;0.105345;9.959.879
0.258574;0.124498;9.959.879
0.248997;0.114922;9.950.302
0.258574;0.124498;9.959.879
0.248997;0.114922;9.969.456
0.258574;0.105345;9.969.456
0.239420;0.124498;9.969.456
0.258574;0.124498;9.959.879
0.248997;0.143652;9.979.033
0.229843;0.134075;9.969.456
0.258574;0.095768;9.979.033
0.229843;0.114922;9.950.302
0.239420;0.114922;9.969.456
0.268151;0.095768;9.959.879
0.248997;0.124498;9.950.302
0.239420;0.124498;9.979.033
0.248997;0.114922;9.959.879
0.248997;0.124498;9.959.879
0.239420;0.134075;9.950.302
0.248997;0.124498;9.950.302
0.258574;0.114922;9.988.609
0.239420;0.134075;9.969.456
0.248997;0.143652;9.969.456
0.258574;0.105345;9.969.456
0.248997;0.134075;9.969.456
0.248997;0.114922;9.950.302
0.229843;0.114922;9.950.302
0.258574;0.143652;9.969.456
0.248997;0.134075;9.998.186
0.268151;0.143652;9.969.456
0.248997;0.095768;9.969.456
0.258574;0.124498;9.940.725
0.268151;0.114922;9.969.456
0.258574;0.143652;9.950.302
0.239420;0.114922;9.969.456
0.239420;0.124498;9.979.033
0.258574;0.114922;9.969.456
0.268151;0.114922;9.959.879
0.229843;0.105345;9.950.302
0.239420;0.105345;9.988.609
0.268151;0.134075;9.998.186
0.248997;0.134075;9.931.149
0.248997;0.134075;9.988.609
0.258574;0.143652;9.979.033
0.268151;0.124498;9.959.879
0.258574;0.124498;9.988.609
0.258574;0.124498;9.969.456
0.248997;0.114922;9.979.033
0.258574;0.134075;9.959.879
0.248997;0.114922;9.969.456
0.248997;0.095768;9.959.879
0.239420;0.134075;9.940.725
0.248997;0.143652;9.959.879
0.268151;0.114922;9.959.879
0.258574;0.114922;9.959.879
0.248997;0.114922;9.969.456
0.248997;0.134075;9.959.879
0.248997;0.124498;9.940.725
0.248997;0.124498;9.969.456
0.239420;0.124498;9.950.302
0.258574;0.105345;9.979.033
0.258574;0.143652;9.979.033
0.258574;0.153229;9.969.456
0.239420;0.134075;9.979.033
0.248997;0.124498;9.969.456
0.258574;0.124498;9.940.725
0.248997;0.124498;9.969.456
0.268151;0.105345;9.998.186
0.239420;0.134075;9.940.725
0.239420;0.124498;9.950.302
0.248997;0.134075;9.959.879
0.248997;0.114922;9.969.456
0.258574;0.114922;9.969.456
0.239420;0.095768;9.969.456
0.248997;0.095768;9.959.879
0.248997;0.124498;9.969.456
0.248997;0.134075;9.969.456
0.258574;0.114922;9.988.609
0.248997;0.105345;9.979.033
0.258574;0.105345;9.959.879
0.239420;0.124498;9.950.302
0.248997;0.114922;9.950.302
0.268151;0.134075;9.988.609
0.258574;0.105345;9.979.033
0.239420;0.124498;9.950.302
0.258574;0.134075;9.969.456
0.239420;0.114922;9.979.033
0.258574;0.124498;9.969.456
0.229843;0.124498;9.979.033
0.229843;0.124498;9.950.302
0.268151;0.124498;9.969.456
0.239420;0.124498;9.988.609
0.239420;0.114922;9.959.879
0.248997;0.095768;9.969.456
0.248997;0.105345;9.940.725
0.239420;0.124498;9.979.033
0.220267;0.134075;9.969.456
0.239420;0.134075;9.950.302
0.248997;0.134075;9.998.186
0.258574;0.124498;9.959.879
0.248997;0.124498;9.959.879
0.258574;0.134075;9.988.609
0.248997;0.143652;9.950.302
0.229843;0.114922;9.969.456
0.258574;0.114922;9.979.033
0.229843;0.124498;9.959.879
0.248997;0.143652;9.950.302
0.248997;0.143652;9.959.879
0.239420;0.143652;9.940.725
0.248997;0.114922;9.979.033
0.248997;0.143652;9.988.609
0.229843;0.114922;9.979.033
0.248997;0.105345;9.950.302
0.248997;0.134075;9.979.033
0.258574;0.124498;9.988.609
0.248997;0.124498;9.998.186
0.239420;0.153229;9.969.456
0.248997;0.134075;9.979.033
0.248997;0.124498;9.940.725
0.268151;0.124498;9.940.725
0.248997;0.114922;9.959.879
0.239420;0.114922;9.959.879
0.239420;0.134075;9.979.033
0.258574;0.124498;9.931.149
0.239420;0.124498;9.959.879
0.258574;0.124498;9.950.302
0.258574;0.124498;9.959.879
0.248997;0.143652;9.950.302
0.258574;0.124498;9.950.302
0.239420;0.105345;9.959.879
0.248997;0.105345;9.950.302
0.248997;0.114922;9.950.302
0.248997;0.124498;9.988.609
0.248997;0.114922;9.931.149
0.229843;0.114922;9.979.033
0.239420;0.114922;9.959.879
0.258574;0.134075;9.940.725
0.268151;0.086191;9.959.879
0.239420;0.134075;9.959.879
0.268151;0.143652;9.969.456
0.248997;0.124498;9.940.725
0.239420;0.124498;9.988.609
0.258574;0.124498;9.950.302
0.248997;0.124498;9.979.033
0.248997;0.124498;9.969.456
0.248997;0.134075;9.950.302
0.239420;0.105345;9.959.879
0.239420;0.114922;9.959.879
0.248997;0.105345;9.940.725
0.239420;0.143652;9.950.302
0.248997;0.114922;9.959.879
0.239420;0.114922;9.979.033
0.258574;0.134075;9.969.456
0.258574;0.114922;9.979.033
0.258574;0.114922;9.969.456
0.258574;0.124498;9.950.302
0.239420;0.114922;9.940.725
0.258574;0.124498;9.959.879
0.268151;0.124498;9.959.879
0.258574;0.114922;9.979.033
0.258574;0.095768;9.940.725
0.239420;0.124498;9.959.879
0.229843;0.124498;9.959.879
0.239420;0.095768;9.988.609
0.248997;0.124498;9.969.456
0.229843;0.134075;9.950.302
0.258574;0.134075;9.979.033
0.239420;0.105345;9.950.302
0.268151;0.114922;9.969.456
0.239420;0.124498;9.940.725
0.258574;0.105345;9.979.033
0.239420;0.114922;9.959.879
0.248997;0.134075;9.998.186
0.239420;0.134075;9.950.302
0.248997;0.134075;9.988.609
0.239420;0.105345;9.940.725
0.258574;0.143652;9.988.609
0.258574;0.114922;9.959.879
0.268151;0.143652;9.931.149
0.268151;0.114922;9.969.456
0.248997;0.134075;9.979.033
0.258574;0.114922;9.940.725
0.248997;0.114922;9.959.879
0.268151;0.134075;9.959.879
0.258574;0.114922;9.979.033
0.258574;0.124498;9.969.456
0.239420;0.124498;9.988.609
0.258574;0.124498;9.959.879
0.248997;0.134075;9.969.456
0.248997;0.124498;9.959.879
0.258574;0.114922;9.959.879
0.258574;0.105345;9.950.302
0.239420;0.105345;9.959.879
0.239420;0.124498;9.969.456
0.220267;0.143652;9.950.302
0.239420;0.105345;9.940.725
0.239420;0.114922;9.959.879
0.258574;0.134075;9.969.456
0.239420;0.134075;9.959.879
0.248997;0.124498;9.959.879
0.248997;0.114922;9.988.609
0.258574;0.134075;9.969.456
0.258574;0.105345;9.969.456
0.248997;0.124498;9.950.302
0.239420;0.124498;9.969.456
0.239420;0.114922;9.959.879
0.248997;0.124498;9.940.725
0.239420;0.124498;9.979.033
0.268151;0.124498;9.969.456
0.248997;0.124498;9.979.033
0.229843;0.105345;9.969.456
0.248997;0.124498;9.959.879
0.268151;0.114922;9.959.879
0.239420;0.124498;9.959.879
0.248997;0.124498;9.950.302
0.248997;0.114922;9.969.456
0.258574;0.114922;9.959.879
0.248997;0.124498;9.988.609
0.239420;0.124498;9.959.879
0.258574;0.134075;9.959.879
0.248997;0.124498;9.979.033
0.248997;0.143652;9.959.879
0.248997;0.134075;9.969.456
0.248997;0.134075;9.950.302
0.248997;0.134075;9.979.033
0.248997;0.124498;9.969.456
0.268151;0.105345;9.959.879
0.239420;0.124498;9.988.609
0.239420;0.124498;9.931.149
0.248997;0.114922;9.969.456
0.239420;0.153229;9.988.609
0.248997;0.095768;9.959.879
0.239420;0.124498;9.969.456
0.239420;0.134075;9.988.609
0.248997;0.124498;9.969.456
0.248997;0.114922;9.959.879
0.248997;0.124498;9.959.879
0.239420;0.095768;9.950.302
0.239420;0.124498;9.959.879
0.258574;0.143652;9.969.456
0.239420;0.124498;9.950.302
0.258574;0.095768;9.950.302
0.229843;0.143652;9.979.033
0.248997;0.124498;9.969.456
0.229843;0.124498;9.969.456
0.248997;0.105345;9.950.302
0.248997;0.114922;9.979.033
0.258574;0.124498;9.979.033
0.277727;0.124498;9.979.033
0.248997;0.114922;9.969.456
0.258574;0.124498;9.979.033
0.268151;0.105345;9.959.879
0.248997;0.134075;9.969.456
0.258574;0.134075;9.950.302
0.248997;0.095768;9.959.879
0.248997;0.143652;9.950.302
0.248997;0.114922;9.969.456
0.258574;0.134075;9.969.456
0.248997;0.124498;9.969.456
0.248997;0.114922;9.959.879
0.248997;0.114922;9.950.302
0.248997;0.124498;9.969.456
0.239420;0.124498;9.969.456
0.258574;0.114922;9.998.186
0.258574;0.124498;9.959.879
0.258574;0.114922;9.979.033
0.258574;0.134075;9.979.033
0.248997;0.114922;9.998.186
0.268151;0.124498;9.950.302
0.268151;0.124498;9.959.879
0.258574;0.124498;9.969.456
0.248997;0.124498;9.959.879
0.248997;0.124498;9.969.456
0.248997;0.134075;9.931.149
0.239420;0.095768;9.959.879
0.229843;0.143652;9.950.302
0.268151;0.134075;9.950.302
0.268151;0.105345;9.950.302
0.248997;0.124498;9.940.725
0.258574;0.114922;9.979.033
0.258574;0.134075;9.979.033
0.248997;0.114922;9.950.302
0.229843;0.105345;9.988.609
0.248997;0.095768;9.959.879
0.239420;0.143652;9.959.879
0.229843;0.124498;9.979.033
0.220267;0.124498;9.969.456
0.248997;0.153229;9.969.456
0.248997;0.105345;9.959.879
0.248997;0.105345;9.950.302
0.239420;0.124498;9.979.033
0.248997;0.095768;9.959.879
0.258574;0.105345;9.959.879
0.268151;0.114922;9.959.879
0.258574;0.134075;9.959.879
0.239420;0.134075;9.950.302
0.248997;0.114922;9.969.456
0.248997;0.124498;9.950.302
0.229843;0.124498;9.959.879
0.239420;0.124498;9.959.879
0.229843;0.124498;9.959.879
0.248997;0.134075;9.940.725
0.258574;0.124498;9.940.725
0.248997;0.114922;9.979.033
0.248997;0.114922;9.998.186
0.258574;0.124498;9.988.609
0.248997;0.124498;9.959.879
0.268151;0.134075;9.959.879
0.268151;0.124498;9.969.456
0.239420;0.134075;9.969.456
0.258574;0.114922;9.969.456
0.239420;0.134075;9.979.033
0.268151;0.114922;9.959.879
0.248997;0.114922;9.969.456
0.258574;0.114922;9.988.609
0.248997;0.134075;9.959.879
0.239420;0.134075;9.979.033
0.239420;0.114922;9.979.033
0.248997;0.134075;9.988.609
0.248997;0.124498;9.950.302
0.258574;0.134075;9.950.302
0.248997;0.114922;9.979.033
0.248997;0.105345;9.969.456
0.239420;0.105345;9.979.033
0.258574;0.114922;9.940.725
0.258574;0.114922;9.959.879
0.239420;0.114922;9.959.879
0.229843;0.105345;9.969.456
0.248997;0.114922;9.988.609
0.248997;0.124498;9.969.456
0.239420;0.114922;9.959.879
0.239420;0.124498;9.969.456
0.239420;0.134075;10.007.763
0.248997;0.124498;9.950.302
0.239420;0.124498;9.969.456
0.258574;0.124498;9.988.609
0.248997;0.124498;9.988.609
0.239420;0.143652;9.950.302
0.248997;0.134075;9.969.456
0.248997;0.114922;9.979.033
0.268151;0.105345;9.940.725
0.248997;0.114922;9.969.456
0.248997;0.114922;9.959.879
0.248997;0.134075;9.969.456
0.258574;0.114922;9.979.033
0.248997;0.153229;9.969.456
0.248997;0.114922;9.950.302
0.248997;0.105345;9.940.725
0.248997;0.105345;9.969.456
0.229843;0.124498;9.959.879
0.268151;0.134075;9.988.609
0.229843;0.105345;9.940.725
0.239420;0.124498;9.969.456
0.268151;0.114922;9.988.609
0.239420;0.114922;9.959.879
0.248997;0.114922;9.969.456
0.258574;0.134075;9.959.879
0.268151;0.124498;9.979.033
0.248997;0.143652;9.959.879
0.258574;0.124498;9.969.456
0.258574;0.124498;9.931.149
0.239420;0.134075;9.979.033
0.239420;0.114922;9.969.456
0.239420;0.124498;9.969.456
0.258574;0.124498;9.921.572
0.248997;0.143652;9.959.879
0.268151;0.134075;9.959.879
0.239420;0.114922;9.969.456
0.268151;0.114922;9.969.456
0.248997;0.134075;9.931.149
0.239420;0.124498;9.950.302
0.248997;0.124498;9.998.186
0.239420;0.124498;9.940.725
0.229843;0.105345;9.950.302
0.258574;0.105345;9.950.302
0.258574;0.134075;9.969.456
0.239420;0.124498;9.979.033
0.258574;0.114922;9.959.879
0.248997;0.134075;9.969.456
0.248997;0.134075;9.998.186
0.248997;0.095768;9.969.456
0.239420;0.124498;9.979.033
0.268151;0.134075;9.959.879
0.239420;0.124498;9.959.879
0.229843;0.105345;9.940.725
0.239420;0.105345;9.950.302
0.277727;0.134075;9.931.149
0.248997;0.143652;9.959.879
0.239420;0.114922;9.931.149
0.248997;0.095768;9.979.033
0.268151;0.143652;9.969.456
0.248997;0.105345;9.959.879
0.248997;0.124498;9.979.033
0.248997;0.105345;9.969.456
0.239420;0.134075;9.969.456
0.239420;0.124498;9.969.456
0.268151;0.114922;9.969.456
0.239420;0.124498;9.950.302
0.248997;0.114922;9.950.302
0.220267;0.124498;9.988.609
0.229843;0.124498;9.969.456
0.248997;0.114922;9.969.456
0.248997;0.124498;9.959.879
0.239420;0.114922;9.969.456
0.239420;0.114922;9.931.149
0.258574;0.124498;9.931.149
0.258574;0.105345;9.959.879
0.229843;0.124498;9.988.609
0.248997;0.105345;9.959.879
0.239420;0.105345;9.950.302
0.239420;0.134075;9.950.302
0.239420;0.095768;9.979.033
0.248997;0.124498;9.979.033
0.239420;0.114922;9.979.033
0.229843;0.143652;9.969.456
0.258574;0.114922;9.979.033
0.248997;0.105345;9.969.456
0.258574;0.124498;9.940.725
0.248997;0.105345;9.959.879
0.268151;0.124498;9.969.456
0.258574;0.124498;9.950.302
0.239420;0.134075;9.940.725
0.239420;0.114922;9.959.879
0.258574;0.114922;9.950.302
0.239420;0.114922;9.969.456
0.258574;0.124498;9.969.456
0.239420;0.124498;9.959.879
0.258574;0.105345;9.988.609
0.248997;0.105345;9.988.609
0.258574;0.105345;9.950.302
0.239420;0.143652;9.959.879
0.239420;0.134075;9.969.456
0.258574;0.114922;9.959.879
0.248997;0.105345;9.950.302
0.248997;0.114922;9.988.609
0.268151;0.105345;9.979.033
0.239420;0.124498;9.959.879
0.268151;0.114922;9.969.456
0.258574;0.124498;9.969.456
0.248997;0.124498;9.959.879
0.248997;0.114922;9.959.879
0.268151;0.105345;9.988.609
0.258574;0.134075;9.979.033
0.229843;0.134075;9.950.302
0.258574;0.143652;9.950.302
0.248997;0.124498;9.979.033
0.239420;0.114922;9.969.456
0.258574;0.124498;9.969.456
0.239420;0.105345;9.959.879
0.248997;0.124498;9.959.879
0.248997;0.114922;9.950.302
0.258574;0.134075;9.969.456
0.258574;0.124498;9.950.302
0.248997;0.143652;9.959.879
0.239420;0.124498;9.959.879
0.248997;0.134075;9.979.033
0.248997;0.124498;9.979.033
0.248997;0.114922;9.940.725
0.229843;0.114922;9.969.456
0.248997;0.114922;9.969.456
0.229843;0.114922;9.931.149
0.248997;0.124498;9.979.033
0.239420;0.114922;9.969.456
0.258574;0.114922;9.950.302
0.258574;0.095768;9.979.033
0.248997;0.124498;9.959.879
0.248997;0.124498;9.969.456
0.239420;0.134075;9.959.879
0.239420;0.134075;9.950.302
0.239420;0.114922;9.979.033
0.258574;0.124498;9.950.302
0.248997;0.143652;9.979.033
0.268151;0.143652;9.969.456
0.258574;0.143652;9.969.456
0.248997;0.134075;9.959.879
0.248997;0.124498;9.950.302
0.248997;0.143652;9.969.456
0.277727;0.124498;9.959.879
0.229843;0.114922;9.979.033
0.248997;0.114922;9.979.033
0.239420;0.124498;9.969.456
0.248997;0.134075;9.998.186
0.258574;0.143652;9.979.033
0.248997;0.105345;9.950.302
0.258574;0.134075;9.969.456
0.268151;0.124498;9.940.725
0.248997;0.124498;9.979.033
0.239420;0.124498;9.979.033
0.248997;0.134075;9.959.879
0.258574;0.124498;9.969.456
0.248997;0.114922;9.959.879
0.229843;0.114922;9.950.302
0.268151;0.105345;9.959.879
0.258574;0.134075;9.959.879
0.229843;0.114922;9.959.879
0.277727;0.143652;9.950.302
0.258574;0.124498;9.959.879
0.258574;0.124498;9.988.609
0.258574;0.134075;9.940.725
0.258574;0.134075;9.959.879
0.258574;0.124498;9.950.302
0.248997;0.143652;9.959.879
0.248997;0.114922;9.979.033
0.258574;0.114922;9.979.033
0.268151;0.105345;9.969.456
0.248997;0.134075;9.969.456
0.239420;0.134075;9.988.609
0.258574;0.134075;9.959.879
0.248997;0.114922;9.979.033
0.239420;0.114922;9.959.879
0.239420;0.134075;9.969.456
0.239420;0.114922;9.979.033
0.229843;0.105345;9.988.609
0.239420;0.114922;9.979.033
0.258574;0.114922;9.940.725
0.239420;0.134075;9.979.033
0.248997;0.114922;9.969.456
0.229843;0.124498;9.950.302
0.277727;0.105345;9.959.879
0.248997;0.124498;9.959.879
0.268151;0.114922;9.979.033
0.248997;0.134075;9.969.456
0.239420;0.134075;9.979.033
0.248997;0.124498;9.959.879
0.268151;0.124498;9.959.879
0.248997;0.124498;9.959.879
0.239420;0.134075;9.969.456
0.248997;0.134075;9.969.456
0.258574;0.134075;9.979.033
0.239420;0.134075;9.979.033
0.258574;0.114922;9.979.033
0.239420;0.095768;9.959.879
0.239420;0.143652;9.979.033
0.239420;0.105345;9.979.033
0.248997;0.105345;9.950.302
0.239420;0.124498;9.979.033
0.239420;0.114922;9.959.879
0.229843;0.114922;9.979.033
0.248997;0.124498;9.940.725
0.248997;0.134075;9.959.879
0.239420;0.134075;9.969.456
0.258574;0.124498;9.959.879
0.248997;0.114922;9.940.725
0.239420;0.124498;9.969.456
0.248997;0.114922;9.959.879
0.239420;0.114922;9.950.302
0.258574;0.143652;9.950.302
0.239420;0.124498;9.979.033
0.248997;0.124498;9.979.033
0.248997;0.134075;9.969.456
0.258574;0.134075;9.969.456
0.248997;0.114922;9.959.879
0.248997;0.124498;9.959.879
0.239420;0.124498;9.950.302
0.258574;0.124498;9.969.456
0.248997;0.114922;9.959.879
0.229843;0.114922;9.969.456
0.248997;0.105345;9.969.456
0.248997;0.124498;9.979.033
0.239420;0.114922;9.969.456
0.258574;0.134075;9.979.033
0.258574;0.134075;9.988.609
0.258574;0.124498;9.969.456
0.258574;0.105345;9.950.302
0.268151;0.114922;9.959.879
0.258574;0.105345;9.959.879
0.258574;0.134075;9.959.879
0.248997;0.143652;9.959.879
0.239420;0.143652;9.959.879
0.248997;0.124498;9.969.456
0.248997;0.143652;9.959.879
0.248997;0.124498;9.959.879
0.258574;0.114922;9.959.879
0.239420;0.114922;9.959.879
0.239420;0.114922;9.950.302
0.248997;0.114922;9.988.609
0.239420;0.134075;9.988.609
0.258574;0.114922;9.969.456
0.229843;0.105345;9.969.456
0.258574;0.143652;9.969.456
0.239420;0.134075;9.988.609
0.248997;0.114922;9.969.456
0.258574;0.143652;9.969.456
0.248997;0.124498;9.969.456
0.258574;0.134075;9.979.033
0.258574;0.143652;9.950.302
0.239420;0.124498;9.979.033
0.248997;0.114922;9.969.456
0.258574;0.124498;9.969.456
0.258574;0.124498;9.979.033
0.248997;0.114922;10.007.763
0.258574;0.124498;9.969.456
0.239420;0.124498;9.940.725
0.258574;0.134075;9.959.879
0.248997;0.124498;9.950.302
0.258574;0.124498;9.969.456
0.277727;0.095768;9.969.456
0.239420;0.114922;9.969.456
0.248997;0.114922;9.950.302
0.239420;0.143652;9.950.302
0.248997;0.134075;9.940.725
0.248997;0.124498;9.969.456
0.239420;0.124498;9.969.456
0.258574;0.105345;9.979.033
0.248997;0.105345;9.959.879
0.248997;0.143652;9.959.879
0.248997;0.114922;9.979.033
0.229843;0.105345;9.959.879
0.268151;0.105345;9.998.186
0.229843;0.124498;9.959.879
0.258574;0.114922;9.969.456
0.248997;0.095768;9.950.302
0.248997;0.114922;9.979.033
0.248997;0.114922;9.940.725
0.277727;0.143652;9.979.033
0.239420;0.134075;9.950.302
0.248997;0.124498;9.979.033
0.248997;0.134075;9.969.456
0.239420;0.134075;9.988.609
0.268151;0.143652;9.959.879
0.239420;0.134075;9.950.302
0.248997;0.095768;9.979.033
0.258574;0.114922;9.959.879
0.239420;0.124498;9.969.456
0.239420;0.124498;9.940.725
0.268151;0.124498;9.969.456
0.248997;0.124498;9.979.033
0.248997;0.114922;9.959.879
0.248997;0.124498;9.950.302
0.229843;0.143652;9.969.456
0.248997;0.124498;9.959.879
0.248997;0.124498;9.979.033
0.268151;0.105345;9.959.879
0.258574;0.114922;9.969.456
0.258574;0.134075;9.950.302
0.239420;0.134075;9.979.033
0.258574;0.143652;9.979.033
0.248997;0.114922;9.979.033
0.248997;0.114922;9.940.725
0.258574;0.124498;9.979.033
0.229843;0.134075;9.959.879
0.258574;0.114922;9.969.456
0.287304;0.124498;9.950.302
0.258574;0.124498;9.959.879
0.229843;0.114922;9.998.186
0.258574;0.134075;9.988.609
0.258574;0.134075;9.969.456
0.248997;0.134075;9.959.879
0.258574;0.134075;9.979.033
0.229843;0.134075;9.959.879
0.248997;0.124498;9.979.033
0.258574;0.114922;9.959.879
0.258574;0.134075;9.969.456
0.248997;0.124498;9.988.609
0.268151;0.095768;9.979.033
0.229843;0.114922;9.979.033
0.258574;0.114922;9.969.456
0.248997;0.124498;9.959.879
0.258574;0.124498;9.969.456
0.248997;0.124498;9.969.456
0.239420;0.124498;9.969.456
0.268151;0.114922;9.940.725
0.229843;0.124498;9.988.609
0.248997;0.114922;9.959.879
0.248997;0.134075;9.940.725
0.229843;0.095768;9.979.033
0.248997;0.134075;9.988.609
0.239420;0.114922;9.988.609
0.248997;0.124498;9.969.456
0.239420;0.134075;9.969.456
0.248997;0.105345;9.969.456
0.229843;0.124498;9.969.456
0.239420;0.095768;9.959.879
0.239420;0.124498;9.959.879
0.229843;0.143652;9.969.456
0.248997;0.114922;9.950.302
0.258574;0.114922;9.969.456
0.248997;0.134075;9.969.456
0.258574;0.114922;9.988.609
0.239420;0.114922;9.979.033
0.248997;0.105345;9.969.456
0.248997;0.124498;9.959.879
0.239420;0.114922;9.969.456
0.248997;0.143652;9.959.879
0.229843;0.124498;9.998.186
0.248997;0.114922;9.969.456
0.239420;0.105345;9.979.033
0.248997;0.114922;9.969.456
0.239420;0.124498;9.959.879
0.248997;0.134075;9.979.033
0.239420;0.134075;9.969.456
0.239420;0.153229;9.969.456
0.239420;0.114922;9.959.879
0.248997;0.124498;9.979.033
0.220267;0.124498;9.959.879
0.229843;0.134075;9.979.033
0.258574;0.124498;9.959.879
0.239420;0.143652;9.988.609
0.239420;0.124498;9.969.456
0.248997;0.124498;9.959.879
0.239420;0.124498;9.959.879
0.268151;0.124498;9.959.879
0.248997;0.114922;9.959.879
0.248997;0.124498;9.959.879
0.248997;0.143652;9.959.879
0.268151;0.143652;9.950.302
0.239420;0.095768;9.959.879
0.239420;0.114922;9.979.033
0.258574;0.114922;9.959.879
0.248997;0.114922;9.950.302
0.248997;0.134075;9.959.879
0.248997;0.114922;9.979.033
0.258574;0.114922;9.969.456
0.239420;0.114922;9.959.879
0.248997;0.114922;9.979.033
0.258574;0.105345;9.969.456
0.258574;0.124498;9.959.879
0.239420;0.105345;9.988.609
0.258574;0.105345;9.979.033
0.239420;0.124498;9.969.456
0.248997;0.114922;9.959.879
0.248997;0.143652;9.979.033
0.239420;0.134075;9.969.456
0.248997;0.114922;9.959.879
0.239420;0.105345;9.979.033
0.258574;0.105345;9.969.456
0.229843;0.134075;9.959.879
0.229843;0.114922;9.988.609
0.248997;0.124498;9.969.456
0.229843;0.124498;9.959.879
0.239420;0.124498;9.988.609
0.229843;0.134075;9.959.879
0.258574;0.134075;9.969.456
0.258574;0.105345;9.950.302
0.239420;0.143652;9.969.456
0.248997;0.095768;9.959.879
0.258574;0.124498;9.969.456
0.239420;0.134075;9.979.033
0.248997;0.134075;9.979.033
0.258574;0.124498;9.950.302
0.248997;0.095768;9.959.879
0.268151;0.124498;9.959.879
0.258574;0.105345;9.979.033
0.268151;0.134075;9.959.879
0.239420;0.114922;9.979.033
0.248997;0.124498;9.969.456
0.239420;0.114922;9.950.302
0.229843;0.124498;9.979.033
0.258574;0.124498;9.979.033
0.268151;0.124498;9.959.879
0.248997;0.134075;9.959.879
0.248997;0.105345;9.969.456
0.258574;0.105345;9.969.456
0.258574;0.134075;9.969.456
0.239420;0.105345;9.969.456
0.248997;0.105345;9.959.879
0.239420;0.124498;9.969.456
0.248997;0.124498;9.979.033
0.248997;0.105345;9.959.879
0.239420;0.105345;9.969.456
0.268151;0.124498;9.969.456
0.239420;0.134075;9.959.879
0.258574;0.114922;9.988.609
0.239420;0.124498;9.950.302
0.248997;0.134075;9.959.879
0.258574;0.114922;9.940.725
0.248997;0.134075;9.959.879
0.248997;0.114922;9.969.456
0.258574;0.105345;9.950.302
0.248997;0.124498;9.979.033
0.248997;0.114922;9.979.033
0.229843;0.143652;9.959.879
0.239420;0.134075;9.969.456
0.258574;0.124498;9.940.725
0.248997;0.114922;9.969.456
0.258574;0.114922;9.969.456
0.229843;0.124498;9.979.033
0.248997;0.114922;9.969.456
0.248997;0.134075;9.969.456
0.248997;0.134075;9.950.302
0.268151;0.114922;9.969.456
0.229843;0.134075;9.979.033
0.229843;0.124498;9.950.302
0.277727;0.114922;9.969.456
0.268151;0.124498;9.988.609
0.248997;0.124498;9.979.033
0.239420;0.143652;9.979.033
0.248997;0.134075;9.940.725
0.258574;0.086191;9.959.879
0.258574;0.134075;9.959.879
0.229843;0.134075;9.988.609
0.258574;0.124498;9.959.879
0.248997;0.114922;9.940.725
0.239420;0.124498;9.969.456
0.258574;0.134075;9.950.302
0.258574;0.143652;9.979.033
0.248997;0.114922;9.959.879
0.239420;0.153229;9.950.302
0.258574;0.124498;9.969.456
0.239420;0.114922;9.969.456
0.248997;0.134075;9.959.879
0.248997;0.134075;9.969.456
0.258574;0.143652;9.979.033
0.248997;0.114922;9.969.456
0.248997;0.114922;9.950.302
0.277727;0.114922;9.940.725
0.248997;0.124498;9.950.302
0.239420;0.134075;9.959.879
0.258574;0.114922;9.950.302
0.258574;0.124498;9.969.456
0.258574;0.114922;9.950.302
0.258574;0.114922;9.988.609
0.277727;0.114922;9.950.302
0.248997;0.114922;9.969.456
0.248997;0.124498;9.979.033
0.239420;0.124498;9.969.456
0.248997;0.105345;9.969.456
0.239420;0.124498;9.959.879
0.248997;0.153229;9.959.879
0.239420;0.124498;9.959.879
0.248997;0.134075;9.959.879
0.248997;0.095768;9.950.302
0.239420;0.143652;9.940.725
0.239420;0.134075;9.988.609
0.248997;0.124498;9.979.033
0.268151;0.124498;9.979.033
0.258574;0.134075;9.950.302
0.248997;0.124498;9.950.302
0.239420;0.134075;9.950.302
0.239420;0.124498;9.959.879
0.248997;0.124498;9.969.456
0.258574;0.124498;9.959.879
0.258574;0.124498;9.979.033
0.248997;0.124498;9.940.725
0.258574;0.134075;9.979.033
0.248997;0.105345;10.007.763
0.239420;0.114922;9.988.609
0.248997;0.114922;9.988.609
0.268151;0.134075;9.959.879
0.248997;0.134075;9.969.456
0.239420;0.124498;9.969.456
0.258574;0.124498;9.969.456
0.258574;0.114922;9.950.302
0.239420;0.143652;9.979.033
0.229843;0.134075;9.959.879
0.248997;0.134075;9.959.879
0.239420;0.124498;9.959.879
0.248997;0.114922;9.950.302
0.248997;0.134075;9.950.302
0.239420;0.114922;9.979.033
0.239420;0.134075;9.950.302
0.239420;0.114922;9.950.302
0.248997;0.114922;9.959.879
0.239420;0.114922;9.950.302
0.258574;0.114922;9.940.725
0.258574;0.124498;9.979.033
0.248997;0.134075;9.979.033
0.248997;0.124498;9.931.149
0.239420;0.124498;9.940.725
0.248997;0.124498;9.940.725
0.248997;0.134075;9.969.456
0.239420;0.124498;9.979.033
0.258574;0.124498;9.959.879
0.239420;0.105345;9.959.879
0.258574;0.124498;9.979.033
0.248997;0.105345;9.950.302
0.258574;0.134075;9.959.879
0.248997;0.124498;9.979.033
0.258574;0.114922;9.998.186
0.248997;0.124498;9.950.302
0.248997;0.143652;9.979.033
0.248997;0.114922;9.979.033
0.248997;0.134075;9.969.456
0.258574;0.124498;9.969.456
0.258574;0.114922;9.959.879
0.239420;0.114922;9.959.879
0.239420;0.114922;9.969.456
0.258574;0.143652;9.959.879
0.248997;0.134075;9.959.879
0.239420;0.134075;9.959.879
0.239420;0.114922;9.940.725
0.258574;0.124498;9.969.456
0.239420;0.172383;9.940.725
0.248997;0.114922;9.950.302
0.229843;0.134075;9.969.456
0.268151;0.124498;9.959.879
0.258574;0.143652;9.979.033
0.229843;0.105345;9.950.302
0.248997;0.143652;9.959.879
0.258574;0.153229;9.940.725
0.239420;0.124498;9.950.302
0.258574;0.134075;9.950.302
0.248997;0.124498;9.959.879
0.248997;0.114922;9.959.879
0.248997;0.114922;9.950.302
0.239420;0.124498;10.017.340
0.239420;0.095768;9.979.033
0.248997;0.114922;9.969.456
0.239420;0.105345;9.950.302
0.248997;0.114922;9.950.302
0.248997;0.124498;9.969.456
0.268151;0.124498;9.959.879
0.239420;0.114922;9.969.456
0.248997;0.124498;9.969.456
0.258574;0.095768;9.979.033
0.239420;0.124498;9.979.033
0.248997;0.134075;9.979.033
0.258574;0.114922;9.959.879
0.248997;0.114922;9.969.456
0.248997;0.114922;9.959.879
0.248997;0.134075;9.959.879
0.239420;0.143652;9.950.302
0.248997;0.114922;9.969.456
0.258574;0.114922;9.950.302
0.258574;0.124498;9.979.033
0.239420;0.134075;9.979.033
0.239420;0.086191;9.959.879
0.239420;0.105345;9.959.879
0.258574;0.114922;9.979.033
0.268151;0.105345;9.950.302
0.239420;0.143652;9.988.609
0.239420;0.114922;9.940.725
0.248997;0.134075;9.959.879
0.248997;0.114922;9.969.456
0.248997;0.134075;9.988.609
0.248997;0.124498;10.007.763
0.258574;0.105345;9.969.456
0.248997;0.124498;9.950.302
0.248997;0.114922;9.959.879
0.239420;0.134075;9.969.456
0.239420;0.114922;9.969.456
0.248997;0.124498;9.950.302
0.277727;0.134075;9.940.725
0.248997;0.124498;9.969.456
0.258574;0.114922;9.988.609
0.248997;0.124498;9.959.879
0.239420;0.134075;9.988.609
0.229843;0.105345;9.959.879
0.258574;0.124498;9.950.302
0.239420;0.114922;9.969.456
0.248997;0.124498;9.959.879
0.268151;0.134075;9.969.456
0.229843;0.105345;9.950.302
0.239420;0.134075;9.950.302
0.248997;0.105345;9.959.879
0.229843;0.124498;9.979.033
0.258574;0.114922;9.931.149
0.268151;0.124498;9.969.456
0.239420;0.124498;9.988.609
0.258574;0.124498;9.959.879
0.258574;0.124498;9.969.456
0.258574;0.114922;9.969.456
0.258574;0.124498;9.998.186
0.248997;0.134075;9.959.879
0.239420;0.143652;9.969.456
0.248997;0.124498;9.969.456
0.239420;0.114922;9.950.302
0.258574;0.124498;9.959.879
0.248997;0.114922;9.969.456
0.239420;0.134075;9.959.879
0.268151;0.124498;9.969.456
0.258574;0.134075;9.959.879
0.258574;0.114922;9.940.725
0.248997;0.143652;9.969.456
0.239420;0.143652;9.969.456
0.239420;0.124498;9.969.456
0.239420;0.134075;9.988.609
0.248997;0.134075;9.969.456
0.239420;0.153229;9.979.033
0.248997;0.134075;9.959.879
0.239420;0.134075;9.950.302
0.239420;0.134075;9.959.879
0.258574;0.114922;9.959.879
0.268151;0.124498;9.959.879
0.229843;0.105345;9.950.302
0.268151;0.114922;9.998.186
0.248997;0.124498;9.969.456
0.239420;0.134075;9.940.725
0.229843;0.134075;9.979.033
0.258574;0.153229;9.959.879
0.248997;0.114922;9.959.879
0.268151;0.124498;9.959.879
0.239420;0.124498;9.950.302
0.248997;0.114922;9.969.456
0.268151;0.134075;9.969.456
0.258574;0.114922;9.959.879
0.248997;0.143652;9.940.725
0.248997;0.124498;9.950.302
0.258574;0.114922;9.979.033
0.248997;0.105345;9.979.033
0.258574;0.114922;9.959.879
0.248997;0.105345;9.959.879
0.258574;0.114922;9.950.302
0.248997;0.134075;9.979.033
0.248997;0.124498;9.959.879
0.258574;0.134075;9.979.033
0.229843;0.124498;9.998.186
0.268151;0.124498;9.969.456
0.248997;0.143652;9.950.302
0.239420;0.114922;9.979.033
0.239420;0.143652;9.969.456
0.229843;0.105345;9.969.456
0.258574;0.134075;9.979.033
0.258574;0.114922;9.969.456
0.268151;0.124498;9.969.456
0.258574;0.124498;9.959.879
0.248997;0.114922;9.979.033
0.268151;0.134075;9.988.609
0.258574;0.143652;9.950.302
0.268151;0.124498;9.969.456
0.248997;0.134075;9.959.879
0.248997;0.124498;9.950.302
0.239420;0.143652;9.959.879
0.248997;0.134075;9.979.033
0.239420;0.143652;9.950.302
0.258574;0.134075;9.979.033
0.258574;0.124498;9.969.456
0.239420;0.124498;9.969.456
0.248997;0.124498;9.959.879
0.258574;0.124498;9.969.456
0.258574;0.114922;9.988.609
0.239420;0.134075;9.950.302
0.248997;0.134075;9.950.302
0.239420;0.105345;9.969.456
0.258574;0.134075;9.969.456
0.239420;0.124498;9.959.879
0.239420;0.114922;9.950.302
0.258574;0.105345;9.979.033
0.258574;0.114922;9.969.456
0.248997;0.134075;9.969.456
0.248997;0.134075;9.959.879
0.268151;0.114922;9.959.879
0.239420;0.134075;9.988.609
0.239420;0.143652;9.979.033
0.229843;0.114922;9.950.302
0.258574;0.124498;9.979.033
0.248997;0.134075;9.950.302
0.258574;0.124498;9.979.033
0.258574;0.143652;9.969.456
0.258574;0.124498;9.979.033
0.229843;0.124498;9.988.609
0.239420;0.124498;9.950.302
0.229843;0.124498;9.950.302
0.258574;0.124498;9.979.033
0.258574;0.134075;9.940.725
0.268151;0.105345;9.979.033
0.258574;0.143652;9.959.879
0.258574;0.114922;9.988.609
0.268151;0.124498;9.969.456
0.248997;0.124498;9.988.609
0.258574;0.134075;9.950.302
0.248997;0.143652;9.979.033
0.239420;0.114922;9.988.609
0.239420;0.143652;9.969.456
0.248997;0.124498;9.950.302
0.248997;0.143652;9.988.609
0.268151;0.114922;9.969.456
0.258574;0.114922;9.959.879
0.239420;0.124498;9.940.725
0.248997;0.114922;9.979.033
0.248997;0.134075;9.959.879
0.258574;0.134075;9.988.609
0.258574;0.134075;9.969.456
0.248997;0.124498;9.969.456
0.239420;0.105345;9.959.879
0.248997;0.124498;9.959.879
0.248997;0.114922;9.969.456
0.248997;0.114922;9.940.725
0.268151;0.153229;9.950.302
0.239420;0.124498;9.950.302
0.268151;0.143652;9.969.456
0.239420;0.124498;9.979.033
0.248997;0.143652;9.950.302
0.248997;0.114922;9.950.302
0.239420;0.114922;9.969.456
0.268151;0.124498;9.969.456
0.248997;0.105345;9.950.302
0.268151;0.134075;9.950.302
0.239420;0.134075;9.969.456
0.239420;0.134075;9.950.302
0.277727;0.124498;9.979.033
0.248997;0.114922;9.959.879
0.239420;0.124498;9.959.879
0.258574;0.114922;10.007.763
0.258574;0.124498;9.969.456
0.248997;0.114922;9.969.456
0.248997;0.143652;9.979.033
0.239420;0.134075;9.950.302
0.239420;0.134075;9.979.033
0.268151;0.143652;9.969.456
0.239420;0.134075;9.969.456
0.248997;0.114922;9.940.725
0.248997;0.114922;9.959.879
0.258574;0.105345;9.988.609
0.248997;0.143652;9.979.033
0.239420;0.124498;9.959.879
0.248997;0.114922;9.940.725
0.239420;0.124498;9.979.033
0.258574;0.124498;9.969.456
0.248997;0.114922;9.959.879
0.248997;0.134075;9.950.302
0.258574;0.114922;9.998.186
0.258574;0.143652;9.979.033
0.258574;0.153229;9.940.725
0.248997;0.114922;9.911.995
0.277727;0.143652;9.959.879
0.248997;0.124498;9.959.879
0.248997;0.124498;9.979.033
0.239420;0.114922;9.940.725
0.258574;0.105345;9.950.302
0.258574;0.134075;9.959.879
0.248997;0.114922;9.959.879
0.239420;0.114922;9.969.456
0.248997;0.105345;9.959.879
0.248997;0.134075;9.959.879
0.258574;0.134075;9.940.725
0.248997;0.124498;10.007.763
0.258574;0.114922;9.969.456
0.248997;0.124498;9.969.456
0.258574;0.143652;9.979.033
0.248997;0.105345;9.959.879
0.258574;0.134075;9.979.033
0.258574;0.134075;9.959.879
0.268151;0.124498;9.950.302
0.248997;0.114922;9.988.609
0.258574;0.114922;9.979.033
0.239420;0.124498;9.959.879
0.239420;0.124498;9.950.302
0.258574;0.124498;9.979.033
0.229843;0.105345;9.931.149
0.239420;0.153229;9.940.725
0.248997;0.124498;9.979.033
0.248997;0.124498;9.969.456
0.248997;0.143652;9.969.456
0.258574;0.124498;9.959.879
0.239420;0.124498;9.959.879
0.258574;0.134075;9.940.725
0.239420;0.134075;9.969.456
0.258574;0.124498;9.950.302
0.248997;0.114922;9.969.456
0.248997;0.124498;9.969.456
0.268151;0.143652;9.959.879
0.248997;0.114922;9.979.033
0.248997;0.095768;9.969.456
0.239420;0.124498;9.969.456
0.248997;0.134075;9.940.725
0.239420;0.124498;9.959.879
0.258574;0.134075;9.959.879
0.258574;0.105345;9.950.302
0.258574;0.124498;9.940.725
0.229843;0.114922;9.959.879
0.277727;0.134075;9.969.456
0.248997;0.105345;9.969.456
0.229843;0.105345;9.931.149
0.248997;0.105345;9.959.879
0.268151;0.105345;9.959.879
0.268151;0.105345;9.950.302
0.248997;0.124498;9.959.879
0.248997;0.095768;9.969.456
0.258574;0.114922;9.979.033
0.248997;0.134075;9.988.609
0.239420;0.114922;9.979.033
0.258574;0.134075;9.969.456
0.248997;0.114922;9.950.302
0.248997;0.105345;9.959.879
0.239420;0.134075;9.988.609
0.258574;0.095768;9.969.456
0.248997;0.114922;9.959.879
0.248997;0.124498;9.969.456
0.248997;0.124498;9.979.033
0.268151;0.114922;9.959.879
0.248997;0.114922;9.931.149
0.258574;0.143652;9.950.302
0.239420;0.124498;9.959.879
0.239420;0.114922;9.931.149
0.239420;0.105345;9.959.879
0.239420;0.114922;9.959.879
0.258574;0.124498;9.959.879
0.248997;0.114922;9.979.033
0.268151;0.114922;9.950.302
0.248997;0.134075;9.959.879
0.239420;0.143652;9.959.879
0.239420;0.114922;9.950.302
0.248997;0.153229;9.950.302
0.229843;0.095768;9.950.302
0.268151;0.134075;9.959.879
0.239420;0.124498;9.979.033
0.258574;0.114922;9.969.456
0.248997;0.124498;9.969.456
0.268151;0.114922;9.969.456
0.268151;0.105345;9.950.302
0.239420;0.124498;9.979.033
0.239420;0.134075;9.950.302
0.239420;0.143652;9.988.609
0.229843;0.124498;9.959.879
0.248997;0.105345;9.969.456
0.239420;0.114922;9.959.879
0.258574;0.124498;9.979.033
0.239420;0.124498;9.959.879
0.239420;0.134075;9.931.149
0.258574;0.124498;9.969.456
0.258574;0.134075;9.988.609
0.248997;0.134075;9.950.302
0.248997;0.153229;9.969.456
0.248997;0.124498;9.969.456
0.248997;0.134075;9.988.609
0.258574;0.143652;9.988.609
0.239420;0.105345;9.998.186
0.258574;0.124498;9.959.879
0.258574;0.114922;9.969.456
0.258574;0.114922;9.969.456
0.248997;0.114922;9.988.609
0.229843;0.134075;9.969.456
0.239420;0.124498;9.969.456
0.248997;0.143652;9.940.725
0.239420;0.134075;9.969.456
0.239420;0.124498;9.969.456
0.258574;0.095768;9.969.456
0.248997;0.134075;9.959.879
0.239420;0.105345;9.988.609
0.258574;0.124498;9.940.725
0.268151;0.153229;9.940.725
0.248997;0.124498;9.959.879
0.258574;0.114922;9.959.879
0.248997;0.114922;9.940.725
0.248997;0.124498;9.988.609
0.248997;0.134075;9.959.879
0.248997;0.124498;9.959.879
0.229843;0.105345;9.969.456
0.239420;0.105345;9.988.609
0.248997;0.124498;9.959.879
0.258574;0.143652;9.979.033
0.248997;0.134075;9.959.879
0.258574;0.124498;9.950.302
0.248997;0.114922;9.959.879
0.248997;0.105345;9.950.302
0.258574;0.114922;9.940.725
0.248997;0.124498;9.959.879
0.268151;0.124498;9.959.879
0.258574;0.124498;9.969.456
0.248997;0.134075;9.979.033
0.258574;0.134075;9.969.456
0.239420;0.134075;9.988.609
0.258574;0.114922;9.988.609
0.258574;0.105345;9.969.456
0.239420;0.124498;9.969.456
0.239420;0.143652;9.979.033
0.268151;0.124498;9.940.725
0.248997;0.134075;9.979.033
0.268151;0.114922;9.979.033
0.248997;0.114922;9.969.456
0.239420;0.134075;9.959.879
0.258574;0.134075;9.959.879
0.239420;0.095768;9.950.302
0.258574;0.134075;9.959.879
0.258574;0.124498;9.950.302
0.258574;0.134075;9.959.879
0.248997;0.124498;9.969.456
0.268151;0.124498;9.950.302
0.248997;0.105345;9.998.186
0.258574;0.105345;9.969.456
0.258574;0.124498;9.959.879
0.248997;0.134075;9.988.609
0.239420;0.143652;9.940.725
0.248997;0.105345;9.969.456
0.248997;0.105345;9.959.879
0.239420;0.134075;9.959.879
0.248997;0.114922;9.979.033
0.239420;0.095768;9.969.456
0.258574;0.124498;9.959.879
0.248997;0.124498;9.979.033
0.239420;0.124498;9.969.456
0.258574;0.124498;9.979.033
0.248997;0.105345;9.959.879
0.268151;0.134075;9.959.879
0.258574;0.114922;9.950.302
0.248997;0.114922;9.979.033
0.277727;0.124498;9.940.725
0.248997;0.124498;9.998.186
0.248997;0.124498;9.969.456
0.229843;0.143652;9.950.302
0.258574;0.105345;9.979.033
0.268151;0.114922;9.988.609
0.248997;0.105345;9.988.609
0.248997;0.124498;9.950.302
0.258574;0.124498;9.950.302
0.229843;0.124498;9.959.879
0.248997;0.067038;9.969.456
0.248997;0.134075;9.988.609
0.239420;0.124498;9.940.725
0.239420;0.153229;9.988.609
0.248997;0.134075;9.959.879
0.277727;0.114922;9.950.302
0.258574;0.105345;9.988.609
0.258574;0.114922;9.988.609
0.248997;0.134075;9.969.456
0.239420;0.124498;9.950.302
0.239420;0.114922;9.998.186
0.248997;0.143652;9.950.302
0.239420;0.114922;9.959.879
0.268151;0.114922;9.969.456
0.248997;0.124498;9.940.725
0.248997;0.114922;9.979.033
0.268151;0.134075;9.969.456
0.248997;0.114922;9.959.879
0.239420;0.124498;9.959.879
0.248997;0.114922;9.959.879
0.239420;0.114922;9.959.879
0.258574;0.124498;9.950.302
0.248997;0.143652;9.988.609
0.239420;0.114922;9.950.302
0.229843;0.134075;9.950.302
0.268151;0.124498;9.959.879
0.248997;0.114922;9.959.879
0.248997;0.134075;9.969.456
0.248997;0.134075;9.979.033
0.239420;0.134075;9.950.302
0.248997;0.153229;9.969.456
0.248997;0.105345;9.969.456
0.248997;0.114922;9.950.302
0.248997;0.143652;9.969.456
0.248997;0.114922;9.959.879
0.248997;0.134075;9.950.302
0.268151;0.124498;9.979.033
0.258574;0.134075;9.988.609
0.229843;0.124498;9.969.456
0.248997;0.114922;9.959.879
0.239420;0.114922;9.969.456
0.248997;0.134075;9.959.879
0.248997;0.124498;9.969.456
0.239420;0.153229;9.950.302
0.248997;0.153229;9.979.033
0.248997;0.095768;9.959.879
0.248997;0.114922;9.988.609
0.248997;0.114922;9.950.302
0.220267;0.143652;9.979.033
0.239420;0.114922;9.959.879
0.229843;0.124498;9.959.879
0.258574;0.124498;9.969.456
0.248997;0.143652;9.998.186
0.248997;0.124498;9.950.302
0.268151;0.124498;9.979.033
0.239420;0.114922;9.969.456
0.258574;0.124498;9.969.456
0.248997;0.105345;9.959.879
0.239420;0.124498;9.979.033
0.248997;0.114922;9.959.879
0.258574;0.114922;9.988.609
0.239420;0.143652;9.959.879
0.258574;0.114922;9.969.456
0.258574;0.124498;9.940.725
0.248997;0.114922;9.969.456
0.248997;0.124498;9.969.456
0.258574;0.124498;9.959.879
0.248997;0.134075;9.969.456
0.258574;0.114922;9.979.033
0.268151;0.143652;9.969.456
0.258574;0.134075;9.969.456
0.258574;0.114922;9.969.456
0.239420;0.124498;9.950.302
0.258574;0.134075;9.959.879
0.229843;0.124498;9.969.456
0.239420;0.143652;9.931.149
0.258574;0.114922;9.940.725
0.248997;0.143652;9.988.609
0.248997;0.143652;9.979.033
0.248997;0.114922;9.998.186
0.258574;0.124498;9.979.033
0.248997;0.134075;9.950.302
0.248997;0.134075;9.959.879
0.258574;0.114922;9.959.879
0.248997;0.124498;9.979.033
0.248997;0.105345;9.969.456
0.239420;0.124498;9.959.879
0.258574;0.124498;9.969.456
0.248997;0.124498;9.969.456
0.248997;0.134075;9.940.725
0.248997;0.134075;9.979.033
0.239420;0.134075;9.969.456
0.248997;0.124498;9.969.456
0.258574;0.124498;9.969.456
0.258574;0.124498;9.988.609
0.229843;0.114922;9.969.456
0.248997;0.114922;9.979.033
0.248997;0.143652;9.959.879
0.248997;0.124498;9.959.879
0.248997;0.114922;9.969.456
0.248997;0.143652;9.969.456
0.258574;0.134075;9.940.725
0.239420;0.134075;9.979.033
0.248997;0.134075;9.959.879
0.248997;0.114922;9.959.879
0.239420;0.124498;9.959.879
0.248997;0.105345;9.950.302
0.258574;0.124498;9.950.302
0.239420;0.114922;9.969.456
0.248997;0.124498;9.979.033
0.229843;0.105345;9.998.186
0.248997;0.124498;9.969.456
0.248997;0.114922;9.969.456
0.239420;0.114922;9.988.609
0.258574;0.105345;9.979.033
0.248997;0.124498;9.969.456
0.248997;0.114922;9.959.879
0.248997;0.114922;9.979.033
0.258574;0.114922;9.959.879
0.248997;0.105345;9.940.725
0.229843;0.114922;9.959.879
0.248997;0.105345;9.969.456
0.239420;0.124498;9.969.456
0.239420;0.114922;9.969.456
0.248997;0.143652;9.969.456
0.248997;0.114922;9.969.456
0.258574;0.134075;9.940.725
0.258574;0.114922;9.969.456
0.268151;0.153229;9.979.033
0.248997;0.114922;9.950.302
0.248997;0.114922;9.959.879
0.268151;0.143652;9.950.302
0.248997;0.124498;9.950.302
0.258574;0.143652;9.959.879
0.239420;0.134075;9.950.302
0.258574;0.105345;9.950.302
0.248997;0.134075;9.950.302
0.248997;0.162806;9.969.456
0.239420;0.105345;9.959.879
0.268151;0.114922;9.969.456
0.248997;0.114922;9.950.302
0.258574;0.134075;9.959.879
0.258574;0.124498;9.950.302
0.239420;0.134075;9.959.879
0.239420;0.134075;9.979.033
0.239420;0.134075;9.959.879
0.258574;0.124498;9.969.456
0.268151;0.143652;9.959.879
0.239420;0.114922;9.979.033
0.248997;0.105345;9.959.879
0.229843;0.134075;9.988.609
0.258574;0.134075;9.959.879
0.239420;0.114922;9.979.033
0.258574;0.124498;9.950.302
0.239420;0.114922;9.950.302
0.239420;0.105345;9.979.033
0.239420;0.114922;9.969.456
0.229843;0.124498;9.979.033
0.268151;0.114922;9.988.609
0.248997;0.114922;9.959.879
0.248997;0.143652;9.979.033
0.248997;0.105345;9.950.302
0.268151;0.114922;9.959.879
0.248997;0.105345;9.969.456
0.258574;0.124498;9.959.879
0.258574;0.124498;9.979.033
0.239420;0.124498;9.979.033
0.248997;0.134075;9.979.033
0.239420;0.095768;9.959.879
0.258574;0.124498;9.979.033
0.268151;0.134075;9.959.879
0.229843;0.105345;9.979.033
0.258574;0.114922;9.959.879
0.248997;0.105345;9.988.609
0.248997;0.114922;9.979.033
0.239420;0.134075;9.940.725
0.258574;0.105345;9.969.456
0.248997;0.114922;9.959.879
0.248997;0.114922;9.931.149
0.258574;0.105345;9.950.302
0.258574;0.124498;9.979.033
0.239420;0.124498;9.988.609
0.258574;0.134075;9.950.302
0.248997;0.124498;9.959.879
0.248997;0.134075;9.959.879
0.248997;0.143652;9.988.609
0.248997;0.124498;9.979.033
0.239420;0.114922;9.959.879
0.258574;0.114922;9.969.456
0.239420;0.134075;9.950.302
0.258574;0.143652;9.979.033
0.248997;0.124498;9.921.572
0.239420;0.095768;9.969.456
0.258574;0.124498;9.979.033
0.258574;0.095768;9.950.302
0.239420;0.134075;9.969.456
0.287304;0.134075;9.979.033
0.239420;0.124498;9.998.186
0.248997;0.114922;9.969.456
0.258574;0.124498;9.959.879
0.268151;0.124498;9.979.033
0.268151;0.134075;9.979.033
0.258574;0.114922;9.940.725
0.248997;0.114922;9.950.302
0.239420;0.105345;9.950.302
0.229843;0.114922;9.959.879
0.248997;0.143652;9.979.033
0.248997;0.134075;9.969.456
0.229843;0.105345;9.959.879
0.248997;0.114922;9.969.456
0.258574;0.134075;9.950.302
0.239420;0.134075;9.959.879
0.220267;0.114922;9.969.456
0.268151;0.114922;9.950.302
0.229843;0.124498;9.940.725
0.248997;0.095768;9.959.879
0.210690;0.124498;9.969.456
0.258574;0.134075;9.959.879
0.239420;0.143652;9.950.302
0.248997;0.114922;9.969.456
0.258574;0.124498;9.979.033
0.239420;0.114922;9.950.302
0.258574;0.114922;9.959.879
0.258574;0.134075;9.940.725
0.268151;0.134075;9.950.302
0.258574;0.114922;9.950.302
0.248997;0.124498;9.950.302
0.258574;0.143652;9.979.033
0.248997;0.105345;9.979.033
0.248997;0.095768;9.959.879
0.258574;0.124498;9.940.725
0.268151;0.134075;9.969.456
0.239420;0.134075;9.950.302
0.268151;0.114922;9.950.302
0.248997;0.105345;9.959.879
0.248997;0.095768;9.950.302
0.258574;0.124498;9.979.033
0.248997;0.105345;9.950.302
0.258574;0.124498;9.979.033
0.248997;0.143652;9.959.879
0.239420;0.134075;9.940.725
0.248997;0.124498;9.969.456
0.258574;0.105345;9.959.879
0.258574;0.143652;9.969.456
0.268151;0.134075;9.969.456
0.229843;0.114922;9.959.879
0.248997;0.114922;9.979.033
0.248997;0.124498;9.959.879
0.229843;0.124498;9.959.879
0.239420;0.124498;9.940.725
0.248997;0.124498;9.959.879
0.258574;0.134075;9.959.879
0.248997;0.114922;9.959.879
0.258574;0.134075;9.950.302
0.258574;0.124498;9.959.879
0.239420;0.124498;9.959.879
0.239420;0.124498;9.979.033
0.239420;0.114922;9.988.609
0.248997;0.143652;9.988.609
0.239420;0.105345;9.959.879
0.258574;0.143652;9.979.033
0.239420;0.143652;9.969.456
0.248997;0.134075;9.959.879
0.248997;0.124498;9.959.879
0.248997;0.124498;9.979.033
0.258574;0.124498;9.969.456
0.248997;0.124498;9.959.879
0.258574;0.124498;9.959.879
0.258574;0.134075;9.969.456
0.268151;0.124498;9.959.879
0.258574;0.114922;9.940.725
0.248997;0.114922;9.959.879
0.248997;0.143652;9.931.149
0.239420;0.134075;9.959.879
0.239420;0.124498;9.959.879
0.248997;0.134075;9.979.033
0.268151;0.114922;9.969.456
0.258574;0.153229;9.969.456
0.248997;0.124498;9.969.456
0.248997;0.134075;9.959.879
0.239420;0.114922;9.959.879
0.258574;0.105345;9.969.456
0.248997;0.114922;9.940.725
0.248997;0.143652;9.950.302
0.239420;0.134075;9.969.456
0.229843;0.124498;9.969.456
0.248997;0.134075;9.969.456
0.239420;0.134075;9.959.879
0.239420;0.124498;9.950.302
0.268151;0.124498;9.988.609
0.258574;0.124498;9.969.456
0.258574;0.114922;9.988.609
0.258574;0.124498;9.988.609
0.239420;0.105345;9.959.879
0.239420;0.143652;9.959.879
0.248997;0.134075;9.959.879
0.268151;0.124498;9.959.879
0.229843;0.114922;9.950.302
0.258574;0.114922;9.969.456
0.258574;0.134075;9.988.609
0.248997;0.134075;9.940.725
0.248997;0.124498;9.959.879
0.248997;0.124498;9.979.033
0.239420;0.124498;9.979.033
0.248997;0.143652;9.979.033
0.258574;0.143652;9.979.033
0.258574;0.105345;9.959.879
0.248997;0.105345;9.969.456
0.258574;0.114922;9.959.879
0.268151;0.124498;9.969.456
0.258574;0.134075;9.959.879
0.268151;0.134075;9.959.879
0.258574;0.114922;9.959.879
0.268151;0.124498;9.950.302
0.258574;0.134075;9.950.302
0.248997;0.153229;9.959.879
0.239420;0.105345;9.959.879
0.248997;0.124498;9.959.879
0.239420;0.114922;9.979.033
0.258574;0.124498;9.959.879
0.220267;0.114922;9.931.149
0.229843;0.124498;9.988.609
0.239420;0.114922;9.950.302
0.248997;0.095768;9.979.033
0.248997;0.124498;9.959.879
0.239420;0.124498;9.979.033
0.239420;0.124498;9.950.302
0.268151;0.124498;9.940.725
0.258574;0.114922;9.940.725
0.258574;0.124498;9.979.033
0.258574;0.114922;9.959.879
0.258574;0.105345;9.969.456
0.239420;0.134075;9.969.456
0.248997;0.134075;9.950.302
0.248997;0.134075;9.979.033
0.248997;0.114922;9.950.302
0.268151;0.114922;9.969.456
0.258574;0.134075;9.969.456
0.248997;0.134075;9.940.725
0.248997;0.143652;9.979.033
0.258574;0.124498;9.959.879
0.258574;0.114922;9.940.725
0.229843;0.114922;9.988.609
0.248997;0.105345;9.959.879
0.258574;0.105345;9.940.725
0.239420;0.105345;9.988.609
0.248997;0.114922;9.940.725
0.239420;0.134075;9.979.033
0.258574;0.114922;9.950.302
0.248997;0.143652;9.969.456
0.258574;0.105345;9.969.456
0.248997;0.134075;9.959.879
0.258574;0.095768;9.979.033
0.258574;0.114922;9.988.609
0.258574;0.124498;9.969.456
0.239420;0.124498;9.959.879
0.239420;0.114922;9.950.302
0.248997;0.114922;9.969.456
0.258574;0.105345;9.959.879
0.248997;0.105345;9.979.033
0.258574;0.105345;9.950.302
0.268151;0.105345;9.959.879
0.277727;0.124498;9.959.879
0.229843;0.114922;9.969.456
0.248997;0.124498;9.950.302
0.229843;0.134075;9.950.302
0.248997;0.124498;9.979.033
0.248997;0.134075;9.988.609
0.268151;0.124498;9.979.033
0.248997;0.143652;9.969.456
0.268151;0.124498;9.969.456
0.248997;0.134075;9.950.302
0.239420;0.124498;9.988.609
0.248997;0.134075;9.969.456
0.248997;0.114922;9.959.879
0.258574;0.134075;9.959.879
0.258574;0.114922;9.940.725
0.258574;0.114922;9.969.456
0.258574;0.134075;9.969.456
0.229843;0.124498;9.950.302
0.258574;0.114922;9.979.033
0.277727;0.143652;9.950.302
0.248997;0.114922;9.969.456
0.239420;0.114922;9.959.879
0.258574;0.143652;9.969.456
0.258574;0.124498;9.959.879
0.248997;0.124498;9.959.879
0.248997;0.124498;9.950.302
0.239420;0.124498;9.959.879
0.258574;0.124498;9.979.033
0.258574;0.134075;9.998.186
0.248997;0.124498;9.950.302
0.220267;0.124498;9.979.033
0.239420;0.143652;9.979.033
0.248997;0.114922;9.959.879
0.248997;0.134075;9.959.879
0.258574;0.134075;9.979.033
0.239420;0.143652;9.969.456
0.229843;0.114922;9.959.879
0.258574;0.114922;9.950.302
0.248997;0.124498;9.940.725
0.248997;0.124498;9.959.879
0.239420;0.114922;9.940.725
0.258574;0.134075;9.950.302
0.268151;0.114922;9.969.456
0.248997;0.134075;9.969.456
0.239420;0.143652;9.969.456
0.248997;0.124498;9.979.033
0.248997;0.105345;9.940.725
0.248997;0.105345;9.979.033
0.258574;0.134075;9.959.879
0.248997;0.105345;9.959.879
0.239420;0.124498;9.950.302
0.248997;0.114922;9.969.456
0.248997;0.124498;9.979.033
0.258574;0.105345;9.979.033
0.248997;0.134075;9.969.456
0.248997;0.134075;9.950.302
0.229843;0.134075;9.959.879
0.248997;0.134075;9.969.456
0.258574;0.076614;9.940.725
0.248997;0.114922;9.969.456
0.258574;0.134075;9.950.302
0.229843;0.143652;9.979.033
0.258574;0.114922;9.940.725
0.258574;0.114922;9.988.609
0.239420;0.114922;9.969.456
0.258574;0.124498;9.940.725
0.248997;0.105345;9.959.879
0.229843;0.105345;9.959.879
0.258574;0.124498;9.988.609
0.248997;0.134075;9.931.149
0.248997;0.114922;9.979.033
0.258574;0.124498;9.979.033
0.239420;0.114922;9.950.302
0.258574;0.114922;9.979.033
0.248997;0.134075;9.979.033
0.258574;0.095768;9.979.033
0.258574;0.105345;9.940.725
0.248997;0.134075;9.969.456
0.248997;0.134075;9.988.609
0.248997;0.134075;9.969.456
0.239420;0.114922;9.959.879
0.258574;0.124498;9.969.456
0.258574;0.124498;9.959.879
0.239420;0.114922;9.979.033
0.248997;0.124498;9.979.033
0.248997;0.124498;9.969.456
0.239420;0.105345;9.988.609
0.248997;0.124498;9.959.879
0.258574;0.134075;9.969.456
0.258574;0.124498;9.950.302
0.268151;0.114922;9.979.033
0.229843;0.124498;9.969.456
0.248997;0.105345;9.959.879
0.248997;0.114922;9.959.879
0.248997;0.114922;9.969.456
0.258574;0.134075;9.950.302
0.258574;0.134075;9.969.456
0.258574;0.143652;9.959.879
0.248997;0.105345;9.950.302
0.229843;0.114922;9.979.033
0.258574;0.114922;9.979.033
0.268151;0.105345;9.959.879
0.248997;0.134075;9.979.033
0.248997;0.114922;9.969.456
0.248997;0.124498;9.959.879
0.239420;0.124498;9.969.456
0.258574;0.114922;9.988.609
0.248997;0.134075;9.959.879
0.229843;0.105345;9.940.725
0.258574;0.134075;9.988.609
0.248997;0.114922;9.979.033
0.239420;0.124498;9.959.879
0.248997;0.134075;9.988.609
0.248997;0.153229;9.969.456
0.248997;0.153229;9.959.879
0.258574;0.134075;9.969.456
0.268151;0.143652;9.931.149
0.258574;0.143652;9.950.302
0.248997;0.124498;9.959.879
0.248997;0.143652;9.969.456
0.248997;0.124498;9.979.033
0.239420;0.114922;9.950.302
0.258574;0.114922;9.959.879
0.258574;0.114922;9.969.456
0.258574;0.134075;9.950.302
0.268151;0.114922;9.950.302
0.248997;0.153229;9.979.033
0.248997;0.124498;9.969.456
0.248997;0.105345;9.950.302
0.258574;0.114922;9.969.456
0.248997;0.114922;9.931.149
0.258574;0.134075;9.969.456
0.229843;0.114922;9.979.033
0.258574;0.105345;9.950.302
0.258574;0.124498;9.940.725
0.258574;0.134075;9.969.456
0.239420;0.114922;9.969.456
0.258574;0.153229;9.959.879
0.239420;0.124498;9.959.879
0.248997;0.124498;9.979.033
0.248997;0.124498;9.969.456
0.239420;0.114922;9.959.879
0.248997;0.134075;9.950.302
0.239420;0.095768;9.959.879
0.248997;0.124498;9.959.879
0.239420;0.134075;9.979.033
0.248997;0.143652;9.969.456
0.248997;0.105345;9.940.725
0.258574;0.114922;9.940.725
0.248997;0.114922;9.940.725
0.248997;0.105345;9.950.302
0.229843;0.105345;9.969.456
0.248997;0.153229;9.940.725
0.248997;0.114922;9.979.033
0.239420;0.134075;9.969.456
0.239420;0.143652;9.979.033
0.229843;0.114922;9.959.879
0.258574;0.114922;9.959.879
0.258574;0.134075;9.959.879
0.239420;0.124498;9.969.456
0.220267;0.143652;9.979.033
0.239420;0.114922;9.950.302
0.239420;0.124498;9.969.456
0.248997;0.124498;9.969.456
0.248997;0.124498;9.959.879
0.229843;0.124498;9.979.033
0.258574;0.134075;9.979.033
0.258574;0.124498;9.959.879
0.248997;0.124498;9.959.879
0.258574;0.114922;9.969.456
0.248997;0.124498;9.969.456
0.268151;0.114922;9.950.302
0.248997;0.134075;9.959.879
0.248997;0.124498;9.969.456
0.229843;0.143652;9.979.033
0.248997;0.124498;9.969.456
0.248997;0.134075;9.940.725
0.248997;0.114922;9.979.033
0.248997;0.114922;9.988.609
0.258574;0.124498;9.969.456
0.239420;0.105345;9.950.302
0.258574;0.114922;9.959.879
0.239420;0.134075;9.959.879
0.248997;0.114922;9.950.302
0.248997;0.124498;9.969.456
0.258574;0.114922;9.959.879
0.258574;0.143652;9.959.879
0.239420;0.105345;10.007.763
0.248997;0.124498;9.969.456
0.239420;0.105345;9.969.456
0.239420;0.134075;9.969.456
0.258574;0.114922;9.969.456
0.258574;0.105345;9.979.033
0.258574;0.124498;9.959.879
0.258574;0.105345;9.940.725
0.258574;0.124498;9.969.456
0.248997;0.124498;9.950.302
0.258574;0.114922;9.959.879
0.258574;0.124498;9.959.879
0.220267;0.124498;9.959.879
0.248997;0.114922;9.969.456
0.248997;0.124498;9.950.302
0.239420;0.105345;9.950.302
0.248997;0.114922;9.959.879
0.248997;0.124498;9.940.725
0.277727;0.143652;9.959.879
0.248997;0.124498;9.950.302
0.239420;0.114922;9.969.456
0.239420;0.124498;9.959.879
0.268151;0.114922;9.950.302
0.239420;0.134075;9.979.033
0.258574;0.124498;9.969.456
0.258574;0.124498;9.950.302
0.248997;0.153229;9.940.725
0.248997;0.134075;9.940.725
0.277727;0.124498;9.969.456
0.277727;0.134075;9.969.456
0.248997;0.134075;9.940.725
0.258574;0.134075;9.959.879
0.248997;0.105345;9.969.456
0.248997;0.114922;9.979.033
0.229843;0.124498;9.959.879
0.258574;0.114922;9.959.879
0.248997;0.105345;9.959.879
0.258574;0.105345;9.940.725
0.258574;0.134075;9.979.033
0.239420;0.134075;9.950.302
0.258574;0.124498;9.979.033
0.248997;0.134075;9.969.456
0.248997;0.105345;9.979.033
0.268151;0.143652;9.959.879
0.248997;0.124498;9.959.879
0.258574;0.114922;9.969.456
0.258574;0.124498;9.959.879
0.239420;0.134075;9.959.879
0.248997;0.114922;9.979.033
0.248997;0.124498;9.979.033
0.258574;0.124498;9.998.186
0.229843;0.105345;9.979.033
0.258574;0.114922;9.969.456
0.239420;0.124498;9.969.456
0.248997;0.124498;9.969.456
0.229843;0.114922;9.969.456
0.248997;0.114922;9.959.879
0.239420;0.086191;9.969.456
0.268151;0.095768;9.959.879
0.248997;0.105345;9.969.456
0.268151;0.114922;9.950.302
0.258574;0.114922;9.959.879
0.268151;0.124498;9.950.302
0.258574;0.114922;9.998.186
0.258574;0.105345;9.940.725
0.239420;0.105345;9.979.033
0.258574;0.124498;9.950.302
0.248997;0.124498;9.979.033
0.248997;0.143652;9.969.456
0.258574;0.134075;9.969.456
0.229843;0.134075;9.969.456
0.248997;0.134075;9.979.033
0.268151;0.143652;9.969.456
0.248997;0.134075;9.988.609
0.248997;0.124498;9.979.033
0.258574;0.105345;9.950.302
0.239420;0.114922;9.979.033
0.258574;0.105345;9.969.456
0.258574;0.114922;9.969.456
0.248997;0.124498;9.979.033
0.239420;0.143652;9.969.456
0.248997;0.124498;9.959.879
0.268151;0.105345;9.950.302
0.248997;0.124498;9.959.879
0.248997;0.134075;9.969.456
0.248997;0.114922;9.988.609
0.248997;0.143652;9.959.879
0.239420;0.114922;9.969.456
0.248997;0.095768;9.959.879
0.258574;0.124498;9.969.456
0.248997;0.114922;9.969.456
0.258574;0.105345;9.950.302
0.248997;0.134075;9.969.456
0.239420;0.095768;9.959.879
0.277727;0.105345;9.979.033
0.229843;0.114922;9.959.879
0.239420;0.134075;9.979.033
0.239420;0.124498;9.959.879
0.229843;0.105345;9.979.033
0.258574;0.114922;9.988.609
0.248997;0.124498;9.959.879
0.277727;0.114922;9.979.033
0.248997;0.124498;9.969.456
0.239420;0.114922;9.969.456
0.258574;0.105345;9.950.302
0.248997;0.124498;9.969.456
0.258574;0.105345;9.950.302
0.248997;0.143652;9.950.302
0.258574;0.105345;9.969.456
0.248997;0.114922;9.969.456
0.258574;0.124498;9.959.879
0.239420;0.114922;9.940.725
0.258574;0.124498;9.969.456
0.239420;0.134075;9.979.033
0.277727;0.124498;9.950.302
0.258574;0.114922;9.959.879
0.239420;0.134075;9.959.879
0.229843;0.124498;9.959.879
0.258574;0.114922;9.950.302
0.248997;0.105345;9.950.302
0.268151;0.134075;9.969.456
0.258574;0.134075;9.940.725
0.248997;0.143652;9.950.302
0.248997;0.124498;9.950.302
0.258574;0.124498;9.950.302
0.258574;0.114922;9.959.879
0.258574;0.105345;9.959.879
0.248997;0.124498;9.988.609
0.248997;0.124498;9.959.879
0.229843;0.143652;9.959.879
0.258574;0.114922;9.988.609
0.258574;0.134075;9.940.725
0.258574;0.134075;9.959.879
0.258574;0.095768;9.988.609
0.229843;0.105345;9.988.609
0.239420;0.124498;9.950.302
0.258574;0.153229;9.959.879
0.268151;0.134075;9.979.033
0.277727;0.134075;9.940.725
0.268151;0.124498;9.959.879
0.239420;0.095768;9.979.033
0.248997;0.105345;9.979.033
0.258574;0.086191;9.969.456
0.248997;0.124498;9.969.456
0.258574;0.143652;9.959.879
0.239420;0.134075;9.979.033
0.239420;0.124498;9.950.302
0.248997;0.114922;9.940.725
0.248997;0.114922;9.988.609
0.229843;0.143652;9.988.609
0.248997;0.124498;9.950.302
0.258574;0.124498;9.979.033
0.258574;0.124498;9.959.879
0.258574;0.134075;9.969.456
0.239420;0.143652;9.940.725
0.248997;0.114922;9.969.456
0.268151;0.124498;9.979.033
0.258574;0.114922;9.959.879
0.248997;0.134075;9.969.456
0.239420;0.114922;9.969.456
0.248997;0.105345;9.979.033
0.239420;0.134075;9.959.879
0.248997;0.114922;9.959.879
0.239420;0.114922;9.959.879
0.258574;0.124498;9.979.033
0.248997;0.114922;9.959.879
0.248997;0.143652;9.950.302
0.239420;0.124498;9.969.456
0.229843;0.105345;9.988.609
0.248997;0.124498;9.969.456
0.248997;0.114922;9.979.033
0.239420;0.105345;9.988.609
0.248997;0.134075;9.959.879
0.248997;0.124498;9.940.725
0.248997;0.134075;9.950.302
0.239420;0.134075;9.979.033
0.239420;0.124498;9.959.879
0.248997;0.124498;9.969.456
0.229843;0.114922;9.950.302
0.220267;0.114922;9.969.456
0.248997;0.134075;9.969.456
0.239420;0.105345;9.969.456
0.258574;0.124498;9.950.302
0.229843;0.124498;9.988.609
0.248997;0.114922;9.979.033
0.239420;0.124498;9.979.033
0.248997;0.114922;9.959.879
0.258574;0.134075;9.950.302
0.248997;0.134075;9.969.456
0.248997;0.143652;9.959.879
0.268151;0.124498;9.950.302
0.268151;0.143652;9.959.879
0.248997;0.114922;9.959.879
0.258574;0.124498;9.969.456
0.248997;0.105345;9.950.302
0.258574;0.105345;9.959.879
0.258574;0.114922;9.969.456
0.248997;0.124498;9.950.302
0.258574;0.143652;9.979.033
0.239420;0.134075;9.969.456
0.258574;0.105345;9.959.879
0.248997;0.105345;9.979.033
0.248997;0.114922;9.931.149
0.248997;0.114922;9.959.879
0.258574;0.134075;9.950.302
0.258574;0.162806;9.969.456
0.248997;0.124498;9.969.456
0.258574;0.124498;9.969.456
0.268151;0.124498;9.969.456
0.277727;0.114922;9.959.879
0.239420;0.124498;9.940.725
0.248997;0.124498;9.959.879
0.258574;0.105345;9.969.456
0.248997;0.114922;9.969.456
0.268151;0.105345;9.940.725
0.239420;0.114922;9.988.609
0.248997;0.086191;9.969.456
0.248997;0.124498;9.940.725
0.248997;0.124498;9.950.302
0.268151;0.143652;9.969.456
0.268151;0.114922;9.950.302
0.248997;0.134075;9.979.033
0.239420;0.114922;9.931.149
0.258574;0.124498;9.950.302
0.248997;0.114922;9.950.302
0.258574;0.105345;9.959.879
0.239420;0.124498;9.988.609
0.258574;0.124498;9.979.033
0.239420;0.124498;9.988.609
0.229843;0.124498;9.959.879
0.248997;0.114922;9.969.456
0.248997;0.105345;9.950.302
0.258574;0.124498;9.959.879
0.258574;0.095768;9.979.033
0.258574;0.114922;9.979.033
0.239420;0.124498;9.969.456
0.248997;0.114922;9.979.033
0.258574;0.114922;9.988.609
0.258574;0.114922;9.959.879
0.248997;0.134075;9.969.456
0.248997;0.124498;10.007.763
0.248997;0.124498;9.959.879
0.258574;0.134075;9.940.725
0.258574;0.105345;9.959.879
0.239420;0.153229;9.979.033
0.258574;0.105345;9.959.879
0.248997;0.124498;9.959.879
0.258574;0.124498;9.969.456
0.239420;0.134075;9.969.456
0.268151;0.114922;9.959.879
0.248997;0.153229;9.969.456
0.229843;0.124498;9.950.302
0.248997;0.124498;9.950.302
0.248997;0.162806;9.969.456
0.248997;0.114922;9.959.879
0.229843;0.114922;9.959.879
0.258574;0.105345;9.959.879
0.258574;0.114922;9.950.302
0.258574;0.134075;9.959.879
0.229843;0.114922;9.969.456
0.248997;0.124498;9.959.879
0.268151;0.124498;9.940.725
0.239420;0.124498;9.979.033
0.248997;0.114922;9.940.725
0.248997;0.124498;9.950.302
0.239420;0.124498;9.988.609
0.248997;0.124498;9.969.456
0.248997;0.143652;9.969.456
0.239420;0.134075;9.979.033
0.258574;0.114922;9.988.609
0.258574;0.124498;9.979.033
0.258574;0.114922;9.959.879
0.268151;0.134075;9.969.456
0.258574;0.124498;9.950.302
0.229843;0.114922;9.950.302
0.239420;0.134075;9.959.879
0.229843;0.124498;9.959.879
0.239420;0.134075;9.950.302
0.268151;0.134075;9.950.302
0.258574;0.105345;9.969.456
0.239420;0.105345;9.959.879
0.248997;0.114922;9.959.879
0.239420;0.095768;9.959.879
0.248997;0.105345;9.969.456
0.268151;0.124498;9.959.879
0.258574;0.114922;9.979.033
0.258574;0.114922;9.969.456
0.248997;0.105345;9.979.033
0.239420;0.134075;9.940.725
0.248997;0.105345;9.940.725
0.258574;0.114922;9.950.302
0.220267;0.143652;9.950.302
0.248997;0.134075;9.969.456
0.258574;0.134075;9.940.725
0.258574;0.134075;9.969.456
0.239420;0.124498;9.969.456
0.239420;0.105345;9.988.609
0.248997;0.114922;9.979.033
0.248997;0.134075;9.940.725
0.248997;0.134075;9.979.033
0.258574;0.124498;9.959.879
0.258574;0.095768;9.969.456
0.258574;0.124498;9.988.609
0.248997;0.114922;9.998.186
0.239420;0.105345;9.969.456
0.248997;0.114922;9.950.302
0.258574;0.124498;9.959.879
0.258574;0.114922;9.931.149
0.239420;0.124498;9.988.609
0.248997;0.114922;9.988.609
0.239420;0.143652;9.950.302
0.248997;0.124498;9.950.302
0.248997;0.143652;9.959.879
0.239420;0.114922;9.969.456
0.258574;0.134075;9.979.033
0.248997;0.114922;9.959.879
0.220267;0.124498;9.998.186
0.239420;0.114922;9.988.609
0.248997;0.124498;9.940.725
0.229843;0.105345;9.959.879
0.268151;0.134075;9.969.456
0.248997;0.114922;9.969.456
0.258574;0.124498;9.959.879
0.296881;0.134075;9.959.879
0.248997;0.105345;9.969.456
0.248997;0.124498;9.931.149
0.239420;0.086191;9.940.725
0.248997;0.114922;10.007.763
0.258574;0.124498;9.959.879
0.229843;0.095768;9.979.033
0.239420;0.134075;9.969.456
0.239420;0.124498;9.969.456
0.258574;0.124498;9.979.033
0.248997;0.114922;9.979.033
0.248997;0.124498;9.950.302
0.220267;0.153229;9.969.456
0.248997;0.134075;9.969.456
0.248997;0.086191;9.950.302
0.248997;0.105345;9.969.456
0.248997;0.134075;9.988.609
0.258574;0.105345;9.950.302
0.248997;0.114922;9.988.609
0.239420;0.114922;9.959.879
0.248997;0.114922;9.950.302
0.248997;0.134075;9.969.456
0.258574;0.114922;9.969.456
0.229843;0.124498;9.979.033
0.248997;0.143652;9.979.033
0.248997;0.124498;9.959.879
0.239420;0.124498;9.940.725
0.277727;0.124498;9.950.302
0.248997;0.114922;9.959.879
0.258574;0.124498;9.979.033
0.268151;0.114922;9.969.456
0.248997;0.124498;9.959.879
0.248997;0.134075;9.969.456
0.268151;0.114922;9.950.302
0.258574;0.114922;9.979.033
0.248997;0.105345;9.959.879
0.229843;0.124498;9.979.033
0.248997;0.124498;9.959.879
0.239420;0.134075;9.969.456
0.258574;0.114922;9.969.456
0.268151;0.105345;9.979.033
0.248997;0.105345;9.950.302
0.239420;0.105345;9.979.033
0.239420;0.114922;9.979.033
0.258574;0.095768;9.969.456
0.248997;0.124498;9.940.725
0.248997;0.143652;9.959.879
0.248997;0.114922;9.959.879
0.258574;0.114922;9.988.609
0.258574;0.134075;9.931.149
0.258574;0.114922;9.979.033
0.239420;0.124498;9.940.725
0.248997;0.124498;9.979.033
0.229843;0.105345;9.950.302
0.258574;0.124498;9.988.609
0.258574;0.114922;9.969.456
0.268151;0.124498;9.969.456
0.258574;0.124498;9.998.186
0.248997;0.124498;9.950.302
0.239420;0.124498;9.950.302
0.258574;0.134075;9.959.879
0.248997;0.114922;9.969.456
0.239420;0.134075;9.959.879
0.268151;0.114922;9.950.302
0.239420;0.114922;9.959.879
0.248997;0.134075;9.969.456
0.239420;0.105345;9.979.033
0.258574;0.134075;9.969.456
0.248997;0.114922;9.969.456
0.248997;0.124498;9.979.033
0.239420;0.134075;9.969.456
0.258574;0.114922;9.979.033
0.239420;0.134075;9.940.725
0.248997;0.124498;9.998.186
0.258574;0.105345;9.950.302
0.258574;0.105345;9.969.456
0.258574;0.114922;10.017.340
0.239420;0.124498;9.959.879
0.239420;0.134075;9.940.725
0.258574;0.124498;9.979.033
0.258574;0.114922;9.979.033
0.248997;0.076614;9.979.033
0.239420;0.134075;9.998.186
0.248997;0.114922;9.988.609
0.258574;0.095768;9.940.725
0.268151;0.114922;9.979.033
0.258574;0.124498;9.959.879
0.268151;0.143652;9.988.609
0.268151;0.114922;9.979.033
0.258574;0.114922;9.959.879
0.248997;0.114922;9.979.033
0.258574;0.105345;9.969.456
0.239420;0.114922;9.959.879
0.258574;0.114922;9.979.033
0.248997;0.124498;9.969.456
0.258574;0.124498;9.979.033
0.239420;0.134075;9.979.033
0.258574;0.105345;9.959.879
0.268151;0.134075;9.950.302
0.258574;0.095768;9.940.725
0.258574;0.114922;9.959.879
0.258574;0.114922;9.969.456
0.248997;0.114922;9.959.879
0.248997;0.114922;9.969.456
0.229843;0.114922;9.959.879
0.258574;0.124498;9.950.302
0.248997;0.114922;9.969.456
0.220267;0.114922;9.969.456
0.239420;0.114922;9.979.033
0.258574;0.124498;9.959.879
0.239420;0.114922;9.969.456
0.268151;0.095768;9.950.302
0.248997;0.124498;9.950.302
0.258574;0.114922;9.950.302
0.248997;0.134075;9.979.033
0.248997;0.134075;9.969.456
0.248997;0.153229;9.969.456
0.248997;0.114922;9.959.879
0.248997;0.124498;9.979.033
0.239420;0.114922;9.959.879
0.229843;0.153229;9.988.609
0.258574;0.105345;9.969.456
0.229843;0.114922;9.959.879
0.239420;0.124498;9.959.879
0.248997;0.114922;9.969.456
0.258574;0.124498;9.979.033
0.248997;0.095768;9.988.609
0.258574;0.124498;9.988.609
0.268151;0.134075;9.969.456
0.239420;0.134075;9.969.456
0.239420;0.134075;9.988.609
0.239420;0.134075;9.969.456
0.277727;0.162806;9.950.302
0.258574;0.114922;9.950.302
0.248997;0.124498;9.979.033
0.248997;0.134075;9.959.879
0.258574;0.143652;9.950.302
0.248997;0.124498;9.969.456
0.248997;0.134075;9.969.456
0.248997;0.105345;9.959.879
0.239420;0.134075;9.988.609
0.239420;0.124498;9.969.456
0.248997;0.095768;9.979.033
0.248997;0.105345;9.959.879
0.258574;0.134075;9.969.456
0.248997;0.105345;9.969.456
0.248997;0.134075;9.969.456
0.229843;0.105345;9.979.033
0.248997;0.124498;9.979.033
0.248997;0.114922;9.979.033
0.239420;0.105345;9.959.879
0.248997;0.134075;9.969.456
0.258574;0.114922;9.979.033
0.239420;0.114922;9.959.879
0.248997;0.114922;9.979.033
0.248997;0.124498;9.950.302
0.258574;0.114922;9.940.725
0.239420;0.105345;9.988.609
0.229843;0.105345;9.998.186
0.258574;0.124498;9.931.149
0.258574;0.114922;9.969.456
0.239420;0.143652;9.959.879
0.248997;0.124498;9.979.033
0.239420;0.105345;9.979.033
0.268151;0.143652;9.959.879
0.248997;0.114922;9.969.456
0.268151;0.114922;9.998.186
0.248997;0.143652;9.979.033
0.248997;0.134075;9.959.879
0.248997;0.124498;9.969.456
0.248997;0.114922;9.969.456
0.258574;0.124498;9.959.879
0.258574;0.124498;9.979.033
0.239420;0.134075;9.959.879
0.258574;0.124498;9.950.302
0.258574;0.124498;9.969.456
0.239420;0.134075;9.959.879
0.248997;0.114922;9.979.033
0.258574;0.134075;9.969.456
0.248997;0.114922;9.959.879
0.258574;0.134075;9.940.725
0.239420;0.124498;9.969.456
0.248997;0.124498;9.969.456
0.268151;0.114922;9.979.033
0.248997;0.095768;9.959.879
0.248997;0.124498;9.979.033
0.248997;0.114922;9.950.302
0.258574;0.143652;9.979.033
0.248997;0.105345;9.969.456
0.248997;0.124498;9.959.879
0.248997;0.114922;9.979.033
0.277727;0.134075;9.988.609
0.258574;0.124498;9.988.609
0.268151;0.134075;9.959.879
0.248997;0.105345;9.969.456
0.268151;0.105345;9.959.879
0.239420;0.114922;9.959.879
0.239420;0.143652;9.950.302
0.258574;0.114922;9.979.033
0.239420;0.134075;9.959.879
0.239420;0.143652;9.950.302
0.239420;0.124498;9.950.302
0.258574;0.143652;9.979.033
0.277727;0.095768;9.950.302
0.248997;0.124498;9.969.456
0.248997;0.114922;9.959.879
0.258574;0.134075;9.950.302
0.220267;0.134075;10.007.763
0.248997;0.105345;9.959.879
0.248997;0.153229;9.969.456
0.239420;0.124498;9.959.879
0.258574;0.114922;9.979.033
0.239420;0.124498;9.969.456
0.248997;0.134075;9.979.033
0.248997;0.114922;9.950.302
0.268151;0.114922;9.979.033
0.239420;0.134075;9.959.879
0.239420;0.114922;9.931.149
0.239420;0.095768;9.969.456
0.248997;0.095768;9.979.033
0.239420;0.114922;9.950.302
0.248997;0.114922;9.979.033
0.268151;0.105345;9.969.456
0.239420;0.134075;9.969.456
0.229843;0.134075;9.979.033
0.248997;0.105345;9.959.879
0.248997;0.124498;9.979.033
0.248997;0.134075;9.940.725
0.258574;0.134075;9.979.033
0.248997;0.134075;9.969.456
0.248997;0.114922;9.959.879
0.229843;0.124498;9.969.456
0.229843;0.143652;9.979.033
0.239420;0.114922;9.988.609
0.239420;0.114922;9.959.879
0.239420;0.134075;9.979.033
0.248997;0.134075;9.940.725
0.239420;0.124498;9.959.879
0.258574;0.114922;9.940.725
0.248997;0.124498;9.979.033
0.248997;0.114922;9.988.609
0.248997;0.124498;9.950.302
0.229843;0.114922;9.959.879
0.239420;0.105345;9.969.456
0.258574;0.124498;9.940.725
0.248997;0.124498;9.950.302
0.239420;0.105345;9.998.186
0.258574;0.114922;9.979.033
0.239420;0.143652;9.959.879
0.248997;0.134075;9.959.879
0.248997;0.114922;9.959.879
0.248997;0.124498;9.950.302
0.239420;0.124498;9.959.879
0.258574;0.114922;9.969.456
0.248997;0.134075;9.940.725
0.239420;0.105345;9.979.033
0.239420;0.124498;9.979.033
0.239420;0.114922;9.959.879
0.248997;0.134075;9.931.149
0.277727;0.124498;9.969.456
0.248997;0.134075;9.959.879
0.239420;0.114922;9.988.609
0.258574;0.105345;9.959.879
0.229843;0.134075;9.950.302
0.248997;0.114922;9.950.302
0.248997;0.124498;9.969.456
0.248997;0.143652;9.950.302
0.258574;0.114922;9.959.879
0.268151;0.105345;9.979.033
0.248997;0.143652;9.969.456
0.248997;0.114922;9.950.302
0.268151;0.134075;9.959.879
0.239420;0.114922;9.969.456
0.258574;0.124498;9.950.302
0.248997;0.124498;9.969.456
0.258574;0.095768;9.950.302
0.258574;0.124498;9.979.033
0.248997;0.114922;9.998.186
0.258574;0.095768;9.969.456
0.248997;0.095768;9.940.725
0.258574;0.124498;9.931.149
0.248997;0.134075;9.959.879
0.248997;0.134075;9.969.456
0.248997;0.114922;9.940.725
0.248997;0.134075;9.969.456
0.258574;0.105345;9.959.879
0.258574;0.143652;9.959.879
0.258574;0.143652;9.969.456
0.239420;0.114922;9.950.302
0.258574;0.105345;9.959.879
0.229843;0.105345;9.988.609
0.239420;0.124498;9.940.725
0.239420;0.105345;9.940.725
0.248997;0.124498;9.959.879
0.229843;0.114922;9.979.033
0.248997;0.114922;9.959.879
0.258574;0.124498;9.950.302
0.239420;0.095768;9.988.609
0.248997;0.134075;9.940.725
0.239420;0.095768;9.969.456
0.268151;0.114922;9.959.879
0.248997;0.134075;9.969.456
0.268151;0.095768;9.931.149
0.229843;0.114922;9.950.302
0.258574;0.114922;9.969.456
0.258574;0.143652;9.969.456
0.239420;0.134075;9.959.879
0.239420;0.134075;9.950.302
0.258574;0.124498;9.959.879
0.268151;0.134075;9.959.879
0.248997;0.134075;9.950.302
0.258574;0.134075;9.969.456
0.258574;0.114922;9.979.033
0.239420;0.143652;9.950.302
0.248997;0.124498;9.979.033
0.239420;0.124498;9.959.879
0.248997;0.134075;9.950.302
0.268151;0.105345;9.959.879
0.248997;0.124498;9.969.456
0.239420;0.114922;9.950.302
0.248997;0.134075;9.940.725
0.258574;0.143652;9.959.879
0.248997;0.114922;9.969.456
0.258574;0.114922;9.969.456
0.248997;0.124498;9.969.456
0.258574;0.124498;9.969.456
0.248997;0.124498;9.950.302
0.258574;0.124498;9.959.879
0.258574;0.124498;9.969.456
0.248997;0.114922;9.969.456
0.248997;0.114922;9.959.879
0.248997;0.114922;9.950.302
0.258574;0.143652;9.950.302
0.248997;0.114922;9.988.609
0.248997;0.134075;9.959.879
0.258574;0.134075;9.940.725
0.258574;0.114922;9.959.879
0.239420;0.114922;9.969.456
0.248997;0.114922;9.959.879
0.248997;0.124498;9.950.302
0.229843;0.143652;9.950.302
0.239420;0.124498;9.969.456
0.239420;0.114922;9.969.456
0.268151;0.134075;9.998.186
0.248997;0.124498;9.969.456
0.248997;0.124498;9.979.033
0.248997;0.124498;9.950.302
0.239420;0.153229;9.969.456
0.248997;0.105345;9.959.879
0.277727;0.124498;9.969.456
0.258574;0.105345;10.007.763
0.248997;0.134075;9.959.879
0.258574;0.124498;9.959.879
0.248997;0.114922;9.988.609
0.258574;0.114922;9.950.302
0.248997;0.105345;9.969.456
0.229843;0.134075;9.969.456
0.248997;0.114922;9.969.456
0.258574;0.134075;9.950.302
0.229843;0.095768;9.959.879
0.239420;0.124498;9.979.033
0.258574;0.105345;9.959.879
0.239420;0.124498;9.959.879
0.239420;0.124498;9.940.725
0.239420;0.143652;9.931.149
0.248997;0.105345;9.950.302
0.229843;0.114922;9.998.186
0.258574;0.105345;9.950.302
0.248997;0.134075;9.959.879
0.229843;0.143652;9.940.725
0.258574;0.134075;9.950.302
0.258574;0.095768;9.959.879
0.239420;0.143652;9.988.609
0.248997;0.114922;9.969.456
0.258574;0.105345;9.959.879
0.239420;0.105345;9.959.879
0.258574;0.134075;9.950.302
0.287304;0.095768;9.969.456
0.248997;0.114922;9.940.725
0.248997;0.124498;9.950.302
0.248997;0.143652;9.979.033
0.239420;0.124498;9.979.033
0.248997;0.124498;9.969.456
0.229843;0.143652;9.950.302
0.248997;0.114922;9.959.879
0.239420;0.105345;9.998.186
0.248997;0.114922;9.969.456
0.268151;0.124498;9.959.879
0.258574;0.114922;9.959.879
0.258574;0.124498;9.998.186
0.248997;0.114922;9.959.879
0.248997;0.095768;9.988.609
0.239420;0.124498;9.979.033
0.248997;0.134075;9.959.879
0.258574;0.105345;9.950.302
0.248997;0.124498;9.969.456
0.239420;0.134075;9.959.879
0.239420;0.134075;9.950.302
0.248997;0.114922;9.969.456
0.248997;0.095768;9.979.033
0.239420;0.124498;9.959.879
0.258574;0.105345;9.988.609
0.258574;0.095768;9.959.879
0.248997;0.105345;9.950.302
0.229843;0.114922;9.959.879
0.248997;0.124498;9.969.456
0.239420;0.105345;9.979.033
0.258574;0.114922;9.969.456
0.248997;0.105345;9.950.302
0.239420;0.095768;9.979.033
0.248997;0.134075;9.959.879
0.248997;0.124498;9.959.879
0.239420;0.124498;9.950.302
0.248997;0.134075;9.969.456
0.258574;0.134075;9.969.456
0.258574;0.114922;9.969.456
0.248997;0.124498;9.940.725
0.229843;0.114922;9.931.149
0.239420;0.095768;10.007.763
0.258574;0.124498;9.959.879
0.268151;0.134075;9.979.033
0.239420;0.105345;9.998.186
0.258574;0.124498;9.988.609
0.248997;0.105345;9.959.879
0.239420;0.124498;9.979.033
0.248997;0.143652;9.959.879
0.248997;0.124498;9.931.149
0.258574;0.134075;9.950.302
0.239420;0.114922;9.959.879
0.239420;0.124498;9.998.186
0.239420;0.124498;10.007.763
0.239420;0.114922;9.969.456
0.258574;0.114922;9.969.456
0.268151;0.134075;9.969.456
0.248997;0.114922;9.959.879
0.258574;0.114922;9.979.033
0.258574;0.134075;9.959.879
0.220267;0.124498;9.979.033
0.248997;0.134075;9.959.879
0.277727;0.114922;9.969.456
0.258574;0.114922;9.959.879
0.239420;0.124498;9.931.149
0.258574;0.124498;9.959.879
0.239420;0.114922;9.969.456
0.258574;0.124498;9.979.033
0.239420;0.114922;9.969.456
0.239420;0.105345;9.998.186
0.248997;0.134075;9.959.879
0.248997;0.143652;9.979.033
0.277727;0.114922;9.959.879
0.239420;0.124498;9.969.456
0.239420;0.105345;9.969.456
0.258574;0.114922;9.969.456
0.258574;0.114922;9.979.033
0.248997;0.134075;9.979.033
0.248997;0.114922;9.969.456
0.258574;0.114922;9.969.456
0.239420;0.105345;9.988.609
0.239420;0.124498;9.979.033
0.220267;0.134075;9.979.033
0.248997;0.114922;9.959.879
0.239420;0.114922;9.969.456
0.258574;0.134075;9.969.456
0.258574;0.124498;9.979.033
0.258574;0.134075;9.959.879
0.229843;0.134075;9.959.879
0.239420;0.143652;9.959.879
0.239420;0.143652;9.979.033
0.248997;0.114922;9.959.879
0.258574;0.124498;9.959.879
0.239420;0.124498;9.959.879
0.268151;0.105345;9.969.456
0.258574;0.134075;9.979.033
0.258574;0.153229;9.969.456
0.239420;0.134075;9.988.609
0.258574;0.114922;9.969.456
0.258574;0.105345;9.959.879
0.220267;0.124498;9.969.456
0.239420;0.095768;9.959.879
0.258574;0.134075;9.959.879
0.248997;0.105345;9.979.033
0.248997;0.124498;9.959.879
0.229843;0.114922;9.969.456
0.268151;0.124498;9.950.302
0.248997;0.105345;9.959.879
0.248997;0.134075;9.979.033
0.239420;0.114922;9.969.456
0.239420;0.124498;9.959.879
0.248997;0.124498;9.979.033
0.248997;0.143652;9.959.879
0.248997;0.114922;9.940.725
0.258574;0.114922;9.950.302
0.248997;0.134075;9.988.609
0.248997;0.134075;9.969.456
0.258574;0.114922;9.969.456
0.258574;0.105345;9.959.879
0.268151;0.124498;9.959.879
0.258574;0.114922;9.950.302
0.248997;0.124498;9.988.609
0.239420;0.105345;9.988.609
0.248997;0.134075;9.998.186
0.248997;0.124498;9.959.879
0.239420;0.114922;9.959.879
0.248997;0.134075;9.979.033
0.239420;0.134075;9.979.033
0.229843;0.124498;9.979.033
0.268151;0.143652;9.950.302
0.248997;0.124498;9.979.033
0.239420;0.114922;10.007.763
0.248997;0.134075;9.959.879
0.258574;0.134075;9.979.033
0.258574;0.114922;9.969.456
0.258574;0.134075;9.979.033
0.239420;0.124498;9.979.033
0.239420;0.124498;9.988.609
0.268151;0.134075;9.969.456
0.268151;0.114922;9.950.302
0.248997;0.134075;9.979.033
0.248997;0.143652;9.940.725
0.268151;0.124498;9.979.033
0.248997;0.105345;9.969.456
0.248997;0.124498;9.969.456
0.248997;0.124498;9.979.033
0.239420;0.114922;9.940.725
0.268151;0.134075;9.959.879
0.239420;0.095768;9.950.302
0.229843;0.124498;9.988.609
0.248997;0.114922;9.940.725
0.258574;0.134075;9.969.456
0.248997;0.134075;9.959.879
0.258574;0.114922;9.940.725
0.248997;0.124498;9.959.879
0.220267;0.095768;9.979.033
0.248997;0.105345;9.969.456
0.258574;0.124498;9.950.302
0.258574;0.124498;9.969.456
0.239420;0.134075;9.931.149
0.229843;0.114922;9.950.302
0.258574;0.124498;9.998.186
0.248997;0.124498;9.969.456
0.248997;0.134075;9.959.879
0.248997;0.114922;9.959.879
0.248997;0.143652;9.950.302
0.248997;0.124498;9.988.609
0.268151;0.124498;9.959.879
0.248997;0.124498;9.969.456
0.229843;0.105345;9.940.725
0.239420;0.105345;9.969.456
0.229843;0.114922;9.969.456
0.258574;0.124498;9.979.033
0.239420;0.114922;9.959.879
0.258574;0.105345;9.979.033
0.258574;0.124498;9.950.302
0.239420;0.105345;9.969.456
0.248997;0.105345;9.969.456
0.268151;0.134075;9.969.456
0.248997;0.095768;9.950.302
0.258574;0.105345;9.959.879
0.248997;0.095768;9.988.609
0.239420;0.114922;9.940.725
0.258574;0.124498;9.950.302
0.258574;0.134075;9.940.725
0.248997;0.143652;9.969.456
0.248997;0.114922;9.988.609
0.248997;0.134075;9.969.456
0.258574;0.114922;9.950.302
0.239420;0.124498;9.959.879
0.248997;0.124498;9.969.456
0.258574;0.124498;9.979.033
0.239420;0.114922;9.950.302
0.248997;0.134075;9.969.456
0.248997;0.143652;9.969.456
0.239420;0.114922;9.950.302
0.229843;0.124498;9.979.033
0.248997;0.124498;9.979.033
0.268151;0.114922;9.979.033
0.248997;0.114922;9.959.879
0.258574;0.114922;9.988.609
0.268151;0.105345;9.969.456
0.248997;0.124498;9.988.609
0.277727;0.105345;9.950.302
0.239420;0.143652;9.959.879
0.248997;0.105345;9.969.456
0.248997;0.114922;9.959.879
0.258574;0.143652;9.950.302
0.248997;0.124498;9.979.033
0.239420;0.105345;9.969.456
0.248997;0.124498;9.940.725
0.248997;0.124498;9.959.879
0.239420;0.114922;9.988.609
0.258574;0.134075;9.959.879
0.239420;0.114922;9.950.302
0.268151;0.105345;9.969.456
0.268151;0.105345;9.979.033
0.248997;0.105345;9.959.879
0.258574;0.134075;9.959.879
0.239420;0.134075;9.988.609
0.248997;0.105345;9.959.879
0.248997;0.134075;9.969.456
0.258574;0.143652;9.969.456
0.239420;0.086191;9.950.302
0.258574;0.105345;9.998.186
0.248997;0.134075;9.988.609
0.258574;0.124498;9.979.033
0.239420;0.124498;9.950.302
0.258574;0.114922;9.979.033
0.248997;0.124498;9.998.186
0.229843;0.095768;9.959.879
0.239420;0.134075;9.979.033
0.248997;0.124498;9.969.456
0.229843;0.114922;9.969.456
0.258574;0.105345;9.959.879
0.239420;0.114922;9.969.456
0.258574;0.105345;9.969.456
0.258574;0.114922;9.988.609
0.248997;0.095768;9.969.456
0.248997;0.124498;9.969.456
0.239420;0.114922;9.979.033
0.258574;0.124498;9.959.879
0.248997;0.105345;9.959.879
0.248997;0.124498;9.950.302
0.248997;0.105345;9.959.879
0.229843;0.114922;9.950.302
0.258574;0.134075;9.979.033
0.268151;0.114922;9.969.456
0.239420;0.095768;9.969.456
0.248997;0.105345;9.950.302
0.258574;0.114922;9.988.609
0.229843;0.124498;9.931.149
0.229843;0.124498;9.988.609
0.239420;0.124498;9.969.456
0.239420;0.114922;9.969.456
0.258574;0.105345;9.959.879
0.248997;0.143652;9.969.456
0.258574;0.134075;9.969.456
0.248997;0.124498;9.969.456
0.239420;0.124498;9.959.879
0.239420;0.124498;9.969.456
0.229843;0.134075;9.940.725
0.239420;0.124498;9.940.725
0.239420;0.124498;9.950.302
0.239420;0.114922;9.969.456
0.248997;0.105345;9.959.879
0.248997;0.105345;9.969.456
0.248997;0.124498;9.950.302
0.258574;0.105345;9.931.149
0.277727;0.114922;9.969.456
0.248997;0.105345;9.969.456
0.239420;0.105345;9.959.879
0.239420;0.134075;9.959.879
0.248997;0.124498;9.969.456
0.248997;0.114922;9.959.879
0.268151;0.134075;10.007.763
0.258574;0.105345;9.959.879
0.248997;0.124498;9.969.456
0.258574;0.124498;9.979.033
0.258574;0.134075;9.969.456
0.248997;0.114922;9.950.302
0.268151;0.124498;9.979.033
0.258574;0.105345;9.969.456
0.248997;0.143652;9.979.033
0.258574;0.124498;9.950.302
0.248997;0.134075;9.950.302
0.248997;0.134075;9.959.879
0.239420;0.134075;9.940.725
0.258574;0.105345;9.988.609
0.248997;0.124498;9.969.456
0.239420;0.114922;9.979.033
0.268151;0.114922;9.940.725
0.248997;0.124498;9.959.879
0.239420;0.095768;9.969.456
0.239420;0.114922;9.979.033
0.229843;0.124498;9.959.879
0.258574;0.134075;9.979.033
0.258574;0.143652;9.969.456
0.229843;0.124498;9.959.879
0.239420;0.114922;9.988.609
0.239420;0.134075;9.979.033
0.248997;0.095768;9.959.879
0.248997;0.114922;9.950.302
0.258574;0.124498;9.979.033
0.248997;0.134075;9.979.033
0.258574;0.134075;9.988.609
0.229843;0.124498;9.979.033
0.258574;0.086191;9.979.033
0.258574;0.124498;9.959.879
0.229843;0.114922;9.969.456
0.248997;0.134075;9.959.879
0.248997;0.114922;9.950.302
0.239420;0.114922;9.959.879
0.248997;0.143652;9.988.609
0.258574;0.114922;9.959.879
0.258574;0.134075;9.969.456
0.258574;0.124498;9.988.609
0.229843;0.134075;9.979.033
0.239420;0.114922;9.959.879
0.258574;0.143652;9.969.456
0.239420;0.114922;9.969.456
0.248997;0.105345;9.969.456
0.239420;0.134075;9.988.609
0.248997;0.105345;9.959.879
0.268151;0.114922;9.969.456
0.239420;0.134075;9.969.456
0.258574;0.124498;9.979.033
0.229843;0.124498;9.969.456
0.248997;0.105345;9.998.186
0.248997;0.134075;9.959.879
0.258574;0.134075;9.979.033
0.258574;0.124498;9.959.879
0.248997;0.114922;9.969.456
0.239420;0.114922;9.969.456
0.248997;0.095768;9.959.879
0.229843;0.124498;9.998.186
0.258574;0.153229;9.969.456
0.248997;0.124498;9.988.609
0.268151;0.124498;9.950.302
0.248997;0.134075;9.969.456
0.258574;0.134075;9.959.879
0.239420;0.143652;9.959.879
0.268151;0.134075;9.969.456
0.239420;0.134075;9.950.302
0.239420;0.114922;9.979.033
0.258574;0.124498;9.979.033
0.258574;0.114922;9.979.033
0.248997;0.134075;9.979.033
0.248997;0.105345;9.969.456
0.258574;0.114922;9.969.456
0.229843;0.124498;9.969.456
0.258574;0.114922;9.950.302
0.248997;0.124498;9.959.879
0.248997;0.134075;9.979.033
0.248997;0.134075;9.959.879
0.268151;0.105345;9.979.033
0.239420;0.143652;9.969.456
0.258574;0.114922;9.940.725
0.258574;0.124498;9.950.302
0.239420;0.134075;9.959.879
0.258574;0.124498;9.979.033
0.258574;0.114922;9.969.456
0.248997;0.114922;9.969.456
0.277727;0.134075;9.959.879
0.258574;0.124498;9.959.879
0.248997;0.124498;9.959.879
0.258574;0.134075;9.979.033
0.229843;0.105345;9.988.609
0.258574;0.124498;9.969.456
0.268151;0.114922;9.950.302
0.258574;0.105345;9.959.879
0.248997;0.114922;9.969.456
0.248997;0.134075;9.950.302
0.248997;0.143652;9.969.456
0.239420;0.124498;9.959.879
0.248997;0.134075;9.988.609
0.239420;0.134075;9.950.302
0.239420;0.105345;9.959.879
0.258574;0.105345;9.979.033
0.239420;0.124498;9.950.302
0.248997;0.105345;9.998.186
0.248997;0.114922;9.979.033
0.229843;0.134075;9.959.879
0.248997;0.105345;9.969.456
0.210690;0.124498;9.959.879
0.239420;0.124498;9.979.033
0.258574;0.134075;9.950.302
0.248997;0.124498;9.969.456
0.268151;0.105345;9.969.456
0.258574;0.124498;9.959.879
0.248997;0.124498;9.969.456
0.248997;0.124498;9.959.879
0.258574;0.105345;9.959.879
0.258574;0.124498;9.969.456
0.248997;0.124498;9.979.033
0.248997;0.134075;9.988.609
0.248997;0.143652;9.959.879
0.258574;0.124498;9.969.456
0.258574;0.114922;9.998.186
0.239420;0.134075;9.969.456
0.248997;0.124498;9.959.879
0.248997;0.105345;9.969.456
0.248997;0.124498;9.969.456
0.258574;0.095768;9.959.879
0.258574;0.114922;9.979.033
0.248997;0.134075;9.979.033
0.239420;0.105345;9.988.609
0.268151;0.105345;9.950.302
0.248997;0.134075;9.979.033
0.248997;0.105345;9.940.725
0.239420;0.114922;9.950.302
0.229843;0.124498;9.950.302
0.248997;0.114922;9.988.609
0.248997;0.114922;9.959.879
0.258574;0.114922;9.979.033
0.248997;0.143652;9.950.302
0.258574;0.124498;9.969.456
0.239420;0.124498;9.979.033
0.239420;0.143652;9.959.879
0.248997;0.134075;9.959.879
0.248997;0.114922;9.950.302
0.248997;0.114922;9.959.879
0.268151;0.105345;9.979.033
0.248997;0.124498;9.940.725
0.239420;0.114922;9.959.879
0.248997;0.124498;9.959.879
0.248997;0.114922;9.979.033
0.258574;0.134075;9.969.456
0.248997;0.143652;9.969.456
0.239420;0.105345;9.988.609
0.248997;0.124498;9.969.456
0.248997;0.134075;10.007.763
0.229843;0.114922;9.940.725
0.239420;0.134075;9.959.879
0.258574;0.114922;9.950.302
0.258574;0.124498;9.959.879
0.258574;0.124498;9.950.302
0.239420;0.134075;9.959.879
0.248997;0.114922;9.959.879
0.248997;0.124498;9.959.879
0.277727;0.114922;9.969.456
0.239420;0.124498;9.959.879
0.258574;0.086191;9.959.879
0.248997;0.124498;9.988.609
0.258574;0.105345;9.950.302
0.229843;0.124498;9.950.302
0.258574;0.134075;9.950.302
0.268151;0.124498;9.959.879
0.229843;0.124498;9.950.302
0.248997;0.095768;9.959.879
0.258574;0.114922;9.988.609
0.248997;0.124498;9.988.609
0.239420;0.143652;9.959.879
0.248997;0.134075;9.959.879
0.277727;0.143652;9.950.302
0.239420;0.124498;9.959.879
0.239420;0.114922;9.979.033
0.258574;0.124498;9.988.609
0.239420;0.114922;9.959.879
0.248997;0.105345;9.979.033
0.239420;0.134075;9.950.302
0.258574;0.114922;9.979.033
0.248997;0.086191;9.969.456
0.248997;0.114922;9.959.879
0.239420;0.105345;9.959.879
0.248997;0.114922;9.959.879
0.248997;0.134075;9.959.879
0.258574;0.114922;9.950.302
0.248997;0.114922;9.988.609
0.239420;0.124498;9.959.879
0.248997;0.124498;9.969.456
0.258574;0.095768;9.950.302
0.229843;0.105345;9.959.879
0.258574;0.105345;9.969.456
0.248997;0.143652;9.969.456
0.258574;0.124498;9.950.302
0.268151;0.124498;9.950.302
0.248997;0.114922;9.979.033
0.268151;0.124498;9.979.033
0.258574;0.105345;9.959.879
0.248997;0.134075;9.959.879
0.268151;0.095768;10.007.763
0.258574;0.105345;9.969.456
0.248997;0.124498;9.969.456
0.248997;0.143652;9.940.725
0.229843;0.134075;9.979.033
0.239420;0.114922;9.969.456
0.258574;0.114922;9.969.456
0.248997;0.114922;9.969.456
0.248997;0.105345;9.979.033
0.248997;0.124498;9.950.302
0.239420;0.134075;9.940.725
0.258574;0.134075;9.969.456
0.248997;0.124498;9.979.033
0.248997;0.114922;9.979.033
0.248997;0.124498;9.959.879
0.277727;0.124498;9.979.033
0.248997;0.114922;9.950.302
0.248997;0.124498;9.969.456
0.258574;0.105345;9.979.033
0.258574;0.114922;9.988.609
0.248997;0.095768;9.969.456
0.248997;0.124498;9.950.302
0.268151;0.124498;9.969.456
0.248997;0.095768;9.950.302
0.229843;0.124498;9.931.149
0.258574;0.105345;9.959.879
0.248997;0.124498;9.979.033
0.229843;0.105345;9.950.302
0.258574;0.124498;9.959.879
0.248997;0.124498;9.969.456
0.229843;0.124498;9.950.302
0.248997;0.134075;9.959.879
0.248997;0.114922;9.950.302
0.258574;0.124498;9.959.879
0.248997;0.134075;9.950.302
0.229843;0.134075;9.969.456
0.258574;0.134075;9.988.609
0.258574;0.114922;9.969.456
0.229843;0.114922;9.979.033
0.268151;0.153229;9.969.456
0.229843;0.105345;9.950.302
0.239420;0.114922;9.969.456
0.248997;0.114922;9.950.302
0.248997;0.134075;9.979.033
0.248997;0.114922;9.959.879
0.239420;0.114922;9.979.033
0.248997;0.124498;9.931.149
0.258574;0.134075;9.940.725
0.248997;0.105345;9.940.725
0.258574;0.114922;9.959.879
0.239420;0.114922;9.959.879
0.239420;0.124498;9.959.879
0.258574;0.124498;9.969.456
0.239420;0.143652;9.959.879
0.258574;0.105345;9.940.725
0.258574;0.114922;9.959.879
0.239420;0.114922;9.988.609
0.229843;0.124498;9.969.456
0.248997;0.124498;9.988.609
0.248997;0.114922;9.979.033
0.248997;0.124498;9.940.725
0.248997;0.095768;9.940.725
0.248997;0.134075;9.979.033
0.239420;0.105345;9.950.302
0.258574;0.153229;9.969.456
0.239420;0.124498;9.969.456
0.248997;0.105345;9.979.033
0.248997;0.134075;9.969.456
0.268151;0.114922;9.988.609
0.248997;0.124498;9.969.456
0.229843;0.134075;9.979.033
0.268151;0.124498;9.988.609
0.258574;0.114922;9.959.879
0.248997;0.114922;9.950.302
0.258574;0.124498;9.959.879
0.258574;0.124498;9.979.033
0.239420;0.114922;9.969.456
0.258574;0.134075;9.959.879
0.248997;0.134075;9.979.033
0.239420;0.105345;9.950.302
0.248997;0.143652;9.969.456
0.239420;0.114922;9.959.879
0.258574;0.124498;9.950.302
0.258574;0.114922;9.959.879
0.248997;0.114922;9.959.879
0.248997;0.124498;9.950.302
0.248997;0.134075;9.969.456
0.258574;0.134075;9.988.609
0.258574;0.114922;9.969.456
0.239420;0.134075;9.959.879
0.248997;0.114922;9.959.879
0.258574;0.114922;9.979.033
0.258574;0.134075;9.950.302
0.258574;0.114922;9.950.302
0.258574;0.134075;9.959.879
0.258574;0.124498;9.998.186
0.258574;0.105345;9.998.186
0.248997;0.124498;9.959.879
0.239420;0.114922;9.979.033
0.248997;0.114922;9.979.033
0.239420;0.114922;9.969.456
0.268151;0.124498;9.979.033
0.239420;0.105345;9.959.879
0.258574;0.124498;9.988.609
0.239420;0.095768;9.979.033
0.258574;0.114922;9.959.879
0.248997;0.095768;9.950.302
0.239420;0.095768;9.979.033
0.248997;0.114922;9.979.033
0.229843;0.105345;9.969.456
0.258574;0.124498;9.979.033
0.248997;0.134075;9.940.725
0.258574;0.114922;9.959.879
0.258574;0.124498;9.979.033
0.248997;0.114922;9.950.302
0.258574;0.124498;9.950.302
0.239420;0.114922;9.988.609
0.248997;0.143652;9.969.456
0.258574;0.114922;9.950.302
0.239420;0.114922;9.979.033
0.248997;0.114922;9.969.456
0.248997;0.124498;9.979.033
0.248997;0.114922;9.940.725
0.268151;0.114922;9.950.302
0.239420;0.134075;9.979.033
0.248997;0.105345;9.979.033
0.229843;0.124498;9.959.879
0.239420;0.105345;9.959.879
0.239420;0.114922;9.969.456
0.248997;0.124498;9.959.879
0.248997;0.114922;9.959.879
0.239420;0.124498;9.979.033
0.248997;0.105345;9.969.456
0.258574;0.134075;9.969.456
0.248997;0.124498;9.959.879
0.239420;0.124498;9.969.456
0.258574;0.114922;9.969.456
0.248997;0.124498;9.979.033
0.268151;0.124498;9.950.302
0.258574;0.105345;9.988.609
0.268151;0.114922;9.969.456
0.258574;0.143652;9.959.879
0.248997;0.124498;9.950.302
0.258574;0.105345;9.969.456
0.268151;0.134075;9.959.879
0.258574;0.134075;9.979.033
0.277727;0.114922;9.969.456
0.248997;0.124498;9.959.879
0.239420;0.124498;9.959.879
0.239420;0.124498;9.959.879
0.239420;0.105345;9.988.609
0.258574;0.124498;9.988.609
0.239420;0.124498;9.950.302
0.239420;0.114922;9.950.302
0.229843;0.134075;9.950.302
0.239420;0.124498;9.979.033
0.248997;0.114922;9.950.302
0.258574;0.105345;9.959.879
0.248997;0.105345;9.950.302
0.268151;0.124498;9.959.879
0.229843;0.134075;9.979.033
0.258574;0.143652;9.979.033
0.258574;0.114922;9.969.456
0.248997;0.114922;9.969.456
0.248997;0.124498;9.979.033
0.229843;0.124498;9.988.609
0.248997;0.124498;9.950.302
0.239420;0.124498;9.979.033
0.258574;0.105345;9.979.033
0.248997;0.134075;9.969.456
0.258574;0.124498;9.979.033
0.248997;0.105345;9.959.879
0.248997;0.114922;9.940.725
0.239420;0.105345;9.940.725
0.258574;0.114922;9.969.456
0.258574;0.114922;9.979.033
0.277727;0.105345;9.959.879
0.258574;0.134075;9.969.456
0.248997;0.114922;9.950.302
0.248997;0.105345;9.979.033
0.239420;0.124498;9.969.456
0.239420;0.114922;9.979.033
0.248997;0.134075;9.979.033
0.248997;0.105345;9.959.879
0.258574;0.114922;9.969.456
0.229843;0.095768;9.969.456
0.239420;0.114922;9.959.879
0.258574;0.114922;9.979.033
0.258574;0.124498;9.979.033
0.248997;0.124498;9.959.879
0.258574;0.105345;9.979.033
0.277727;0.124498;9.988.609
0.258574;0.105345;9.950.302
0.239420;0.114922;9.959.879
0.248997;0.105345;9.979.033
0.258574;0.134075;9.959.879
0.258574;0.124498;9.959.879
0.258574;0.114922;9.950.302
0.248997;0.095768;9.979.033
0.258574;0.114922;9.969.456
0.258574;0.124498;9.988.609
0.248997;0.095768;9.969.456
0.268151;0.124498;9.959.879
0.239420;0.124498;9.950.302
0.277727;0.124498;9.998.186
0.229843;0.124498;9.998.186
0.229843;0.143652;9.959.879
0.258574;0.134075;9.950.302
0.258574;0.124498;9.969.456
0.229843;0.124498;9.988.609
0.239420;0.134075;9.959.879
0.258574;0.124498;9.950.302
0.248997;0.124498;9.969.456
0.248997;0.105345;9.998.186
0.229843;0.124498;9.959.879
0.248997;0.124498;9.950.302
0.248997;0.124498;9.959.879
0.258574;0.134075;10.007.763
0.258574;0.124498;9.979.033
0.239420;0.143652;9.959.879
0.258574;0.114922;9.988.609
0.248997;0.143652;9.950.302
0.258574;0.114922;9.979.033
0.239420;0.114922;9.969.456
0.268151;0.134075;9.969.456
0.248997;0.134075;9.988.609
0.248997;0.095768;9.988.609
0.248997;0.134075;9.969.456
0.239420;0.105345;9.959.879
0.258574;0.124498;9.959.879
0.239420;0.114922;9.950.302
0.258574;0.124498;9.988.609
0.239420;0.114922;9.959.879
0.229843;0.124498;9.969.456
0.248997;0.105345;9.969.456
0.239420;0.114922;9.979.033
0.248997;0.105345;9.969.456
0.248997;0.134075;9.969.456
0.248997;0.114922;9.988.609
0.239420;0.114922;9.988.609
0.239420;0.134075;9.969.456
0.248997;0.143652;9.998.186
0.239420;0.114922;9.959.879
0.248997;0.134075;9.969.456
0.248997;0.114922;9.969.456
0.248997;0.134075;9.969.456
0.258574;0.124498;9.940.725
0.248997;0.114922;9.979.033
0.239420;0.105345;9.979.033
0.248997;0.095768;9.959.879
0.239420;0.105345;9.959.879
0.258574;0.134075;9.988.609
0.268151;0.143652;9.959.879
0.258574;0.114922;9.988.609
0.258574;0.114922;9.969.456
0.268151;0.114922;9.998.186
0.248997;0.114922;9.959.879
0.258574;0.114922;9.998.186
0.248997;0.143652;9.969.456
0.239420;0.143652;9.959.879
0.239420;0.105345;9.950.302
0.239420;0.114922;9.979.033
0.268151;0.124498;9.959.879
0.268151;0.105345;9.950.302
0.239420;0.134075;9.969.456
0.268151;0.114922;9.940.725
0.248997;0.124498;9.979.033
0.239420;0.114922;9.940.725
0.248997;0.114922;9.959.879
0.248997;0.114922;9.979.033
0.258574;0.124498;9.959.879
0.258574;0.134075;9.969.456
0.239420;0.114922;9.969.456
0.229843;0.134075;9.959.879
0.248997;0.114922;9.969.456
0.248997;0.134075;9.979.033
0.258574;0.114922;9.940.725
0.248997;0.114922;9.959.879
0.239420;0.124498;9.959.879
0.258574;0.095768;9.959.879
0.239420;0.134075;9.969.456
0.258574;0.114922;9.979.033
0.239420;0.134075;9.950.302
0.248997;0.124498;9.959.879
0.248997;0.114922;9.969.456
0.239420;0.114922;9.959.879
0.248997;0.134075;9.969.456
0.248997;0.105345;9.950.302
0.258574;0.124498;9.969.456
0.239420;0.114922;9.969.456
0.239420;0.124498;9.950.302
0.258574;0.134075;9.969.456
0.248997;0.114922;9.959.879
0.248997;0.114922;9.979.033
0.239420;0.105345;9.969.456
0.268151;0.114922;9.969.456
0.258574;0.124498;9.988.609
0.229843;0.114922;9.988.609
0.239420;0.114922;10.017.340
0.258574;0.134075;9.988.609
0.248997;0.114922;9.969.456
0.258574;0.143652;9.959.879
0.248997;0.134075;9.979.033
0.258574;0.124498;9.979.033
0.229843;0.124498;9.959.879
0.248997;0.134075;9.950.302
0.268151;0.105345;9.998.186
0.258574;0.114922;9.969.456
0.268151;0.105345;9.950.302
0.268151;0.134075;9.940.725
0.248997;0.124498;9.950.302
0.239420;0.124498;9.950.302
0.268151;0.124498;9.988.609
0.248997;0.114922;9.969.456
0.239420;0.124498;9.979.033
0.248997;0.114922;9.969.456
0.248997;0.095768;9.959.879
0.258574;0.105345;9.969.456
0.248997;0.143652;9.969.456
0.239420;0.095768;9.979.033
0.248997;0.105345;9.959.879
0.239420;0.114922;9.988.609
0.248997;0.124498;9.950.302
0.239420;0.124498;9.931.149
0.220267;0.134075;9.959.879
0.239420;0.134075;9.950.302
0.248997;0.124498;9.969.456
0.248997;0.114922;9.959.879
0.268151;0.114922;9.979.033
0.248997;0.114922;9.969.456
0.248997;0.105345;9.969.456
0.239420;0.114922;9.950.302
0.239420;0.095768;9.959.879
0.248997;0.143652;9.969.456
0.258574;0.124498;9.969.456
0.239420;0.143652;9.950.302
0.258574;0.124498;9.979.033
0.268151;0.124498;9.959.879
0.258574;0.134075;9.959.879
0.268151;0.134075;9.950.302
0.258574;0.143652;9.979.033
0.248997;0.134075;9.940.725
0.239420;0.124498;9.969.456
0.258574;0.114922;9.959.879
0.258574;0.105345;9.950.302
0.229843;0.124498;9.969.456
0.258574;0.114922;9.959.879
0.248997;0.124498;9.969.456
0.248997;0.114922;9.979.033
0.239420;0.114922;9.979.033
0.239420;0.114922;9.959.879
0.258574;0.124498;9.969.456
0.248997;0.114922;9.969.456
0.239420;0.124498;9.969.456
0.220267;0.114922;9.959.879
0.268151;0.124498;9.969.456
0.248997;0.124498;9.979.033
0.229843;0.134075;9.950.302
0.239420;0.143652;9.979.033
0.239420;0.124498;9.979.033
0.239420;0.124498;9.940.725
0.248997;0.095768;9.959.879
0.248997;0.124498;9.969.456
0.258574;0.114922;9.988.609
0.239420;0.134075;9.969.456
0.248997;0.105345;9.959.879
0.248997;0.124498;9.950.302
0.258574;0.134075;9.969.456
0.239420;0.143652;9.979.033
0.248997;0.143652;9.979.033
0.239420;0.124498;9.950.302
0.258574;0.114922;9.950.302
0.248997;0.124498;9.950.302
0.248997;0.124498;9.959.879
0.248997;0.124498;9.969.456
0.248997;0.105345;9.979.033
0.239420;0.124498;9.969.456
0.248997;0.134075;9.959.879
0.258574;0.105345;9.950.302
0.248997;0.134075;9.979.033
0.258574;0.114922;9.959.879
0.248997;0.114922;9.959.879
0.248997;0.134075;9.950.302
0.239420;0.114922;9.940.725
0.258574;0.134075;9.940.725
0.248997;0.124498;9.959.879
0.258574;0.095768;9.988.609
0.248997;0.124498;9.959.879
0.229843;0.124498;9.940.725
0.268151;0.114922;9.969.456
0.248997;0.134075;9.988.609
0.248997;0.105345;9.950.302
0.248997;0.114922;9.959.879
0.258574;0.114922;9.969.456
0.248997;0.134075;9.969.456
0.248997;0.105345;9.969.456
0.248997;0.124498;9.969.456
0.248997;0.105345;9.988.609
0.258574;0.134075;9.969.456
0.258574;0.114922;9.988.609
0.239420;0.114922;9.969.456
0.268151;0.143652;9.969.456
0.239420;0.095768;9.950.302
0.248997;0.114922;9.969.456
0.239420;0.114922;9.979.033
0.258574;0.134075;9.959.879
0.239420;0.114922;9.950.302
0.239420;0.105345;9.959.879
0.248997;0.114922;9.950.302
0.239420;0.124498;9.969.456
0.258574;0.114922;9.950.302
0.248997;0.114922;9.959.879
0.258574;0.124498;9.969.456
0.258574;0.124498;9.979.033
0.239420;0.124498;9.931.149
0.220267;0.124498;9.950.302
0.239420;0.124498;9.940.725
0.248997;0.134075;9.959.879
0.258574;0.105345;9.979.033
0.248997;0.134075;9.969.456
0.268151;0.114922;9.950.302
0.258574;0.124498;9.988.609
0.248997;0.114922;9.959.879
0.248997;0.114922;9.950.302
0.239420;0.143652;9.969.456
0.239420;0.134075;9.979.033
0.248997;0.124498;9.979.033
0.248997;0.143652;9.931.149
0.239420;0.134075;9.969.456
0.248997;0.143652;9.988.609
0.248997;0.153229;9.959.879
0.248997;0.124498;9.988.609
0.248997;0.124498;9.950.302
0.248997;0.134075;9.950.302
0.248997;0.124498;9.969.456
0.258574;0.134075;9.959.879
0.248997;0.124498;9.988.609
0.248997;0.114922;9.979.033
0.258574;0.134075;9.969.456
0.248997;0.114922;9.988.609
0.248997;0.105345;9.959.879
0.258574;0.134075;9.988.609
0.229843;0.114922;9.959.879
0.258574;0.105345;9.979.033
0.258574;0.114922;9.959.879
0.248997;0.114922;9.950.302
0.258574;0.124498;9.998.186
0.229843;0.134075;9.969.456
0.239420;0.114922;9.959.879
0.239420;0.105345;9.979.033
0.248997;0.114922;9.940.725
0.268151;0.124498;9.959.879
0.239420;0.105345;9.950.302
0.258574;0.114922;9.959.879
0.248997;0.114922;9.940.725
0.239420;0.153229;9.959.879
0.239420;0.114922;9.969.456
0.248997;0.134075;9.969.456
0.229843;0.124498;9.979.033
0.258574;0.124498;9.969.456
0.258574;0.134075;9.959.879
0.239420;0.114922;9.959.879
0.239420;0.114922;9.979.033
0.239420;0.134075;9.979.033
0.248997;0.134075;9.959.879
0.258574;0.114922;9.969.456
0.248997;0.114922;9.969.456
0.248997;0.134075;9.959.879
0.258574;0.105345;9.921.572
0.258574;0.124498;9.969.456
0.268151;0.134075;9.979.033
0.248997;0.134075;9.979.033
0.268151;0.124498;9.959.879
0.248997;0.114922;9.959.879
0.248997;0.114922;9.969.456
0.239420;0.134075;9.969.456
0.268151;0.105345;9.969.456
0.258574;0.124498;9.979.033
0.239420;0.114922;9.950.302
0.268151;0.105345;9.969.456
0.239420;0.105345;9.979.033
0.239420;0.124498;9.940.725
0.239420;0.114922;9.969.456
0.248997;0.114922;9.969.456
0.239420;0.114922;9.969.456
0.239420;0.143652;9.950.302
0.248997;0.086191;9.959.879
0.268151;0.124498;9.959.879
0.248997;0.134075;9.969.456
0.248997;0.095768;9.979.033
0.258574;0.124498;9.940.725
0.229843;0.143652;9.940.725
0.248997;0.124498;9.931.149
0.229843;0.095768;9.979.033
0.239420;0.105345;9.969.456
0.248997;0.124498;9.969.456
0.248997;0.143652;9.950.302
0.248997;0.143652;9.969.456
0.248997;0.124498;9.950.302
0.268151;0.143652;9.969.456
0.258574;0.134075;9.950.302
0.248997;0.124498;9.969.456
0.248997;0.105345;9.959.879
0.229843;0.143652;9.969.456
0.239420;0.124498;9.950.302
0.239420;0.105345;9.969.456
0.258574;0.124498;9.979.033
0.258574;0.124498;9.969.456
0.258574;0.114922;9.979.033
0.248997;0.105345;9.998.186
0.239420;0.124498;9.950.302
0.248997;0.114922;9.969.456
0.248997;0.134075;9.959.879
0.229843;0.105345;9.979.033
0.248997;0.114922;9.969.456
0.229843;0.124498;9.959.879
0.239420;0.134075;9.969.456
0.248997;0.143652;9.979.033
0.258574;0.114922;9.979.033
0.248997;0.124498;9.979.033
0.248997;0.153229;9.959.879
0.248997;0.124498;9.959.879
0.258574;0.134075;9.969.456
0.239420;0.124498;9.959.879
0.268151;0.105345;9.969.456
0.248997;0.143652;9.950.302
0.258574;0.114922;9.969.456
0.248997;0.114922;9.940.725
0.258574;0.124498;9.979.033
0.248997;0.124498;9.950.302
0.239420;0.105345;9.969.456
0.258574;0.124498;9.950.302
0.258574;0.114922;10.017.340
0.248997;0.124498;9.988.609
0.229843;0.124498;9.950.302
0.258574;0.105345;9.940.725
0.239420;0.124498;9.969.456
0.248997;0.124498;9.959.879
0.258574;0.114922;9.969.456
0.248997;0.143652;9.988.609
0.229843;0.114922;9.998.186
0.239420;0.134075;9.988.609
0.258574;0.124498;9.979.033
0.248997;0.114922;9.979.033
0.268151;0.105345;9.969.456
0.268151;0.114922;9.979.033
0.258574;0.124498;9.959.879
0.258574;0.124498;9.950.302
0.239420;0.124498;9.979.033
0.248997;0.114922;9.969.456
0.258574;0.114922;9.959.879
0.258574;0.095768;9.959.879
0.258574;0.105345;9.988.609
0.239420;0.114922;9.940.725
0.229843;0.124498;9.979.033
0.268151;0.134075;9.988.609
0.229843;0.134075;9.998.186
0.258574;0.105345;9.969.456
0.258574;0.124498;9.979.033
0.239420;0.114922;9.988.609
0.239420;0.143652;9.979.033
0.239420;0.124498;9.950.302
0.239420;0.105345;9.959.879
0.248997;0.105345;9.950.302
0.248997;0.134075;9.979.033
0.239420;0.134075;9.969.456
0.229843;0.134075;9.979.033
0.239420;0.114922;9.969.456
0.229843;0.124498;9.969.456
0.239420;0.114922;9.940.725
0.258574;0.124498;9.969.456
0.258574;0.124498;9.959.879
0.239420;0.105345;9.988.609
0.239420;0.124498;9.988.609
0.258574;0.105345;9.969.456
0.239420;0.095768;9.959.879
0.258574;0.095768;9.969.456
0.258574;0.124498;9.950.302
0.268151;0.114922;9.969.456
0.248997;0.124498;9.979.033
0.258574;0.134075;9.959.879
0.248997;0.143652;9.979.033
0.248997;0.134075;9.940.725
0.248997;0.124498;9.979.033
0.248997;0.095768;9.959.879
0.229843;0.124498;9.950.302
0.248997;0.124498;9.969.456
0.268151;0.124498;9.950.302
0.258574;0.134075;9.979.033
0.248997;0.124498;9.959.879
0.258574;0.124498;9.959.879
0.239420;0.105345;9.979.033
0.248997;0.114922;9.979.033
0.258574;0.124498;9.940.725
0.258574;0.124498;9.959.879
0.248997;0.114922;9.959.879
0.248997;0.124498;9.969.456
0.239420;0.134075;9.988.609
0.258574;0.114922;9.969.456
0.229843;0.114922;9.950.302
0.248997;0.134075;9.950.302
0.239420;0.134075;9.979.033
0.268151;0.114922;9.979.033
0.258574;0.124498;9.969.456
0.229843;0.134075;9.959.879
0.268151;0.124498;9.931.149
0.258574;0.134075;9.988.609
0.229843;0.114922;9.988.609
0.258574;0.124498;9.998.186
0.229843;0.114922;9.979.033
0.239420;0.124498;9.959.879
0.239420;0.095768;9.959.879
0.229843;0.114922;9.950.302
0.248997;0.134075;9.969.456
0.239420;0.114922;9.998.186
0.239420;0.124498;9.979.033
0.239420;0.124498;9.959.879
0.258574;0.105345;9.969.456
0.258574;0.134075;9.959.879
0.248997;0.153229;9.979.033
0.239420;0.114922;9.969.456
0.248997;0.114922;9.959.879
0.258574;0.124498;9.950.302
0.239420;0.124498;9.969.456
0.258574;0.134075;9.950.302
0.239420;0.134075;9.940.725
0.268151;0.114922;9.959.879
0.229843;0.114922;9.988.609
0.248997;0.105345;9.950.302
0.258574;0.105345;9.940.725
0.229843;0.095768;9.969.456
0.258574;0.134075;9.959.879
0.268151;0.124498;9.969.456
0.229843;0.114922;9.959.879
0.248997;0.143652;9.979.033
0.258574;0.143652;9.959.879
0.248997;0.105345;9.959.879
0.239420;0.134075;9.950.302
0.268151;0.124498;9.979.033
0.248997;0.124498;9.969.456
0.258574;0.143652;9.988.609
0.239420;0.134075;9.979.033
0.239420;0.124498;9.959.879
0.277727;0.105345;9.969.456
0.248997;0.105345;9.969.456
0.258574;0.095768;9.950.302
0.268151;0.124498;9.979.033
0.277727;0.143652;9.988.609
0.258574;0.124498;9.969.456
0.258574;0.124498;9.959.879
0.239420;0.114922;9.979.033
0.258574;0.134075;9.979.033
0.248997;0.124498;9.979.033
0.268151;0.124498;9.988.609
0.248997;0.153229;9.988.609
0.248997;0.124498;9.959.879
0.239420;0.114922;9.959.879
0.277727;0.124498;9.969.456
0.258574;0.114922;9.959.879
0.258574;0.124498;9.988.609
0.239420;0.105345;9.969.456
0.258574;0.095768;9.950.302
0.248997;0.114922;9.988.609
0.268151;0.114922;9.959.879
0.239420;0.124498;9.959.879
0.248997;0.105345;9.959.879
0.229843;0.124498;9.988.609
0.277727;0.134075;9.979.033
0.229843;0.105345;9.959.879
0.248997;0.124498;9.998.186
0.258574;0.134075;9.969.456
0.239420;0.134075;9.988.609
0.258574;0.124498;9.950.302
0.268151;0.114922;9.969.456
0.258574;0.124498;9.940.725
0.268151;0.134075;9.979.033
0.248997;0.105345;9.988.609
0.248997;0.124498;9.950.302
0.239420;0.134075;9.998.186
0.239420;0.114922;9.969.456
0.248997;0.114922;9.988.609
0.239420;0.105345;9.979.033
0.239420;0.114922;9.969.456
0.258574;0.124498;9.979.033
0.268151;0.134075;9.979.033
0.258574;0.114922;9.959.879
0.268151;0.114922;9.959.879
0.268151;0.095768;9.969.456
0.248997;0.124498;9.979.033
0.248997;0.124498;9.959.879
0.248997;0.105345;9.969.456
0.258574;0.095768;9.959.879
0.248997;0.114922;9.979.033
0.239420;0.105345;9.969.456
0.248997;0.134075;9.959.879
0.248997;0.105345;9.988.609
0.268151;0.114922;9.940.725
0.268151;0.134075;9.988.609
0.248997;0.124498;9.979.033
0.239420;0.143652;9.969.456
0.248997;0.114922;9.950.302
0.248997;0.114922;9.969.456
0.248997;0.124498;9.969.456
0.258574;0.105345;9.988.609
0.239420;0.134075;9.988.609
0.239420;0.134075;9.950.302
0.229843;0.134075;9.950.302
0.258574;0.114922;9.959.879
0.248997;0.105345;9.959.879
0.239420;0.153229;10.007.763
0.258574;0.124498;9.998.186
0.248997;0.124498;9.959.879
0.268151;0.114922;9.950.302
0.248997;0.105345;9.969.456
0.268151;0.105345;9.979.033
0.239420;0.105345;9.998.186
0.229843;0.124498;9.979.033
0.268151;0.124498;9.988.609
0.229843;0.134075;9.969.456
0.229843;0.105345;9.969.456
0.248997;0.114922;10.007.763
0.248997;0.124498;9.969.456
0.258574;0.134075;9.959.879
0.239420;0.124498;9.979.033
0.248997;0.114922;9.969.456
0.239420;0.124498;9.979.033
0.268151;0.143652;9.979.033
0.229843;0.095768;9.969.456
0.239420;0.086191;9.988.609
0.239420;0.143652;9.950.302
0.268151;0.124498;9.969.456
0.258574;0.134075;9.979.033
0.239420;0.114922;9.950.302
0.258574;0.134075;9.959.879
0.258574;0.114922;9.988.609
0.248997;0.114922;9.959.879
0.268151;0.124498;9.931.149
0.248997;0.114922;9.979.033
0.239420;0.114922;9.969.456
0.239420;0.114922;9.979.033
0.248997;0.114922;9.988.609
0.239420;0.114922;9.998.186
0.258574;0.124498;9.969.456
0.258574;0.134075;9.988.609
0.258574;0.124498;10.007.763
0.258574;0.124498;9.969.456
0.258574;0.105345;9.959.879
0.239420;0.114922;9.998.186
0.229843;0.114922;9.969.456
0.258574;0.124498;9.969.456
0.248997;0.114922;9.959.879
0.258574;0.114922;9.969.456
0.248997;0.143652;9.969.456
0.248997;0.124498;9.979.033
0.239420;0.134075;9.979.033
0.229843;0.134075;9.979.033
0.258574;0.114922;9.979.033
0.268151;0.105345;9.979.033
0.268151;0.114922;9.959.879
0.248997;0.114922;9.959.879
0.258574;0.114922;9.969.456
0.239420;0.124498;9.969.456
0.248997;0.124498;9.969.456
0.258574;0.124498;9.969.456
0.248997;0.114922;9.979.033
0.239420;0.114922;9.940.725
0.248997;0.114922;9.959.879
0.239420;0.114922;9.969.456
0.248997;0.134075;9.950.302
0.239420;0.105345;9.959.879
0.258574;0.143652;9.979.033
0.258574;0.134075;9.969.456
0.258574;0.114922;9.979.033
0.248997;0.114922;9.959.879
0.239420;0.124498;9.959.879
0.258574;0.124498;9.959.879
0.248997;0.114922;9.998.186
0.248997;0.134075;9.979.033
0.248997;0.114922;9.969.456
0.239420;0.114922;9.969.456
0.239420;0.105345;9.969.456
0.248997;0.124498;9.979.033
0.248997;0.105345;9.959.879
0.239420;0.105345;9.969.456
0.239420;0.114922;9.969.456
0.248997;0.105345;9.979.033
0.268151;0.114922;9.950.302
0.268151;0.134075;9.940.725
0.258574;0.105345;9.979.033
0.258574;0.124498;9.940.725
0.239420;0.105345;9.988.609
0.239420;0.134075;9.979.033
0.239420;0.114922;9.959.879
0.268151;0.124498;9.959.879
0.248997;0.124498;9.950.302
0.239420;0.105345;9.950.302
0.248997;0.124498;9.979.033
0.239420;0.114922;9.988.609
0.229843;0.134075;9.979.033
0.258574;0.124498;9.950.302
0.239420;0.134075;9.940.725
0.239420;0.124498;9.979.033
0.239420;0.134075;9.969.456
0.229843;0.114922;9.988.609
0.248997;0.124498;9.950.302
0.248997;0.114922;9.950.302
0.248997;0.114922;9.969.456
0.258574;0.134075;9.950.302
0.268151;0.114922;9.940.725
0.229843;0.105345;9.969.456
0.248997;0.114922;9.988.609
0.258574;0.114922;9.969.456
0.248997;0.124498;9.969.456
0.248997;0.124498;9.959.879
0.248997;0.134075;9.959.879
0.239420;0.105345;9.959.879
0.258574;0.134075;9.979.033
0.239420;0.143652;9.979.033
0.258574;0.114922;9.959.879
0.248997;0.105345;9.969.456
0.229843;0.095768;9.969.456
0.258574;0.105345;9.959.879
0.239420;0.124498;9.950.302
0.239420;0.105345;9.959.879
0.239420;0.134075;9.988.609
0.248997;0.114922;9.959.879
0.248997;0.124498;9.969.456
0.239420;0.114922;9.969.456
0.268151;0.105345;9.950.302
0.239420;0.124498;9.969.456
0.258574;0.134075;9.979.033
0.258574;0.114922;9.988.609
0.258574;0.105345;9.969.456
0.248997;0.114922;9.950.302
0.239420;0.124498;9.988.609
0.248997;0.105345;9.959.879
0.248997;0.114922;9.988.609
0.229843;0.105345;9.959.879
0.258574;0.143652;9.988.609
0.258574;0.114922;9.979.033
0.239420;0.105345;9.969.456
0.229843;0.114922;9.979.033
0.258574;0.134075;9.950.302
0.258574;0.134075;9.969.456
0.268151;0.114922;9.959.879
0.248997;0.095768;9.979.033
0.258574;0.134075;9.959.879
0.258574;0.124498;9.950.302
0.258574;0.134075;9.959.879
0.248997;0.095768;9.950.302
0.248997;0.105345;9.959.879
0.229843;0.105345;9.950.302
0.258574;0.134075;9.969.456
0.229843;0.105345;9.969.456
0.239420;0.124498;9.988.609
0.229843;0.095768;9.988.609
0.239420;0.105345;9.940.725
0.268151;0.105345;9.979.033
0.239420;0.134075;9.959.879
0.268151;0.114922;9.979.033
0.239420;0.134075;9.979.033
0.248997;0.143652;9.969.456
0.239420;0.105345;9.969.456
0.239420;0.124498;9.988.609
0.258574;0.114922;9.950.302
0.239420;0.153229;9.969.456
0.248997;0.134075;9.931.149
0.229843;0.153229;9.988.609
0.239420;0.124498;9.979.033
0.248997;0.134075;9.979.033
0.258574;0.114922;9.969.456
0.268151;0.124498;9.950.302
0.248997;0.124498;9.969.456
0.248997;0.134075;9.950.302
0.258574;0.114922;9.969.456
0.258574;0.124498;9.979.033
0.268151;0.124498;9.969.456
0.258574;0.124498;9.950.302
0.277727;0.153229;9.979.033
0.248997;0.105345;9.979.033
0.248997;0.124498;9.979.033
0.239420;0.134075;9.969.456
0.258574;0.114922;9.988.609
0.268151;0.105345;9.959.879
0.239420;0.105345;9.969.456
0.239420;0.105345;9.959.879
0.268151;0.124498;9.969.456
0.258574;0.134075;9.988.609
0.239420;0.124498;9.969.456
0.258574;0.114922;9.950.302
0.248997;0.114922;9.931.149
0.239420;0.105345;9.969.456
0.268151;0.124498;9.959.879
0.229843;0.114922;9.969.456
0.258574;0.124498;9.950.302
0.239420;0.134075;9.988.609
0.248997;0.114922;9.969.456
0.248997;0.114922;9.979.033
0.258574;0.134075;9.969.456
0.248997;0.143652;9.969.456
0.258574;0.124498;9.959.879
0.239420;0.114922;9.959.879
0.239420;0.105345;9.959.879
0.258574;0.143652;9.979.033
0.258574;0.124498;9.969.456
0.248997;0.143652;9.950.302
0.239420;0.134075;9.959.879
0.248997;0.134075;9.969.456
0.248997;0.124498;9.950.302
0.248997;0.114922;9.969.456
0.239420;0.114922;9.979.033
0.248997;0.095768;9.979.033
0.248997;0.114922;9.959.879
0.248997;0.124498;9.959.879
0.239420;0.105345;9.959.879
0.248997;0.114922;9.959.879
0.258574;0.124498;9.959.879
0.258574;0.114922;9.969.456
0.258574;0.143652;9.959.879
0.239420;0.114922;9.950.302
0.248997;0.124498;9.959.879
0.258574;0.124498;9.969.456
0.239420;0.114922;9.969.456
0.248997;0.114922;9.979.033
0.248997;0.124498;9.969.456
0.268151;0.105345;9.959.879
0.248997;0.105345;9.969.456
0.229843;0.124498;9.979.033
0.258574;0.114922;9.969.456
0.258574;0.095768;9.969.456
0.258574;0.114922;9.979.033
0.239420;0.124498;9.969.456
0.248997;0.124498;9.950.302
0.248997;0.134075;9.959.879
0.258574;0.114922;9.979.033
0.248997;0.134075;9.959.879
0.239420;0.124498;9.950.302
0.258574;0.095768;9.988.609
0.268151;0.124498;9.979.033
0.248997;0.124498;9.979.033
0.239420;0.105345;9.969.456
0.248997;0.124498;9.959.879
0.258574;0.114922;9.950.302
0.248997;0.114922;9.998.186
0.268151;0.124498;9.950.302
0.248997;0.114922;9.950.302
0.239420;0.124498;9.969.456
0.248997;0.134075;9.988.609
0.258574;0.143652;9.988.609
0.239420;0.124498;9.988.609
0.258574;0.114922;9.979.033
0.248997;0.114922;9.998.186
0.239420;0.105345;9.959.879
0.258574;0.134075;9.969.456
0.277727;0.105345;9.940.725
0.248997;0.105345;9.979.033
0.258574;0.143652;9.979.033
0.258574;0.134075;9.979.033
0.248997;0.124498;9.950.302
0.258574;0.143652;9.950.302
0.248997;0.124498;9.950.302
0.248997;0.105345;9.979.033
0.258574;0.124498;9.979.033
0.239420;0.114922;9.969.456
0.239420;0.134075;9.988.609
0.268151;0.114922;9.979.033
0.229843;0.105345;9.959.879
0.248997;0.134075;9.988.609
0.248997;0.143652;9.950.302
0.248997;0.134075;9.950.302
0.248997;0.114922;9.950.302
0.248997;0.114922;9.959.879
0.258574;0.114922;9.969.456
0.239420;0.114922;9.959.879
0.229843;0.124498;9.979.033
0.239420;0.124498;9.998.186
0.248997;0.114922;9.979.033
0.248997;0.134075;9.979.033
0.239420;0.105345;10.007.763
0.258574;0.105345;9.959.879
0.239420;0.114922;9.988.609
0.248997;0.105345;9.959.879
0.248997;0.114922;9.969.456
0.248997;0.095768;9.959.879
0.239420;0.114922;9.969.456
0.248997;0.105345;9.988.609
0.248997;0.124498;9.959.879
0.229843;0.105345;9.979.033
0.268151;0.114922;9.979.033
0.248997;0.134075;9.979.033
0.258574;0.153229;9.950.302
0.248997;0.134075;9.950.302
0.258574;0.143652;9.988.609
0.258574;0.114922;9.950.302
0.268151;0.134075;9.950.302
0.248997;0.153229;10.007.763
0.258574;0.114922;9.969.456
0.239420;0.124498;9.988.609
0.258574;0.114922;9.969.456
0.239420;0.134075;9.969.456
0.258574;0.153229;9.959.879
0.258574;0.124498;9.988.609
0.239420;0.134075;9.969.456
0.268151;0.114922;9.988.609
0.248997;0.114922;9.969.456
0.248997;0.114922;9.959.879
0.258574;0.114922;9.988.609
0.239420;0.134075;9.998.186
0.239420;0.124498;9.969.456
0.248997;0.124498;9.969.456
0.258574;0.114922;9.988.609
0.248997;0.143652;9.969.456
0.248997;0.114922;9.959.879
0.239420;0.114922;9.969.456
0.248997;0.124498;9.969.456
0.248997;0.105345;9.959.879
0.239420;0.124498;9.969.456
0.239420;0.143652;9.959.879
0.239420;0.124498;9.988.609
0.258574;0.134075;9.969.456
0.258574;0.114922;9.979.033
0.229843;0.124498;9.950.302
0.258574;0.124498;9.969.456
0.229843;0.105345;9.950.302
0.258574;0.114922;9.940.725
0.248997;0.105345;9.950.302
0.239420;0.134075;9.979.033
0.258574;0.114922;9.979.033
0.258574;0.134075;9.969.456
0.258574;0.114922;9.959.879
0.239420;0.114922;9.969.456
0.220267;0.124498;9.979.033
0.248997;0.114922;9.959.879
0.239420;0.105345;9.969.456
0.239420;0.105345;9.950.302
0.248997;0.095768;9.959.879
0.258574;0.105345;9.959.879
0.258574;0.143652;10.007.763
0.258574;0.124498;9.969.456
0.248997;0.124498;9.940.725
0.258574;0.124498;9.969.456
0.268151;0.124498;9.969.456
0.258574;0.124498;9.979.033
0.248997;0.105345;9.979.033
0.258574;0.105345;9.969.456
0.239420;0.134075;9.959.879
0.258574;0.124498;9.940.725
0.258574;0.124498;9.979.033
0.220267;0.114922;9.959.879
0.248997;0.105345;9.979.033
0.277727;0.114922;9.979.033
0.248997;0.124498;9.959.879
0.258574;0.095768;9.959.879
0.239420;0.134075;9.959.879
0.248997;0.134075;9.988.609
0.258574;0.114922;9.979.033
0.248997;0.114922;9.959.879
0.248997;0.114922;9.979.033
0.239420;0.114922;9.969.456
0.248997;0.114922;9.979.033
0.248997;0.114922;9.969.456
0.258574;0.105345;9.979.033
0.258574;0.124498;9.969.456
0.248997;0.124498;9.959.879
0.258574;0.105345;9.969.456
0.248997;0.105345;9.959.879
0.258574;0.134075;9.950.302
0.239420;0.105345;9.969.456
0.248997;0.124498;9.969.456
0.239420;0.153229;9.969.456
0.239420;0.143652;9.969.456
0.248997;0.124498;9.940.725
0.268151;0.134075;9.969.456
0.248997;0.114922;9.969.456
0.258574;0.095768;9.950.302
0.239420;0.114922;9.979.033
0.248997;0.134075;9.969.456
0.239420;0.124498;9.969.456
0.258574;0.134075;9.959.879
0.258574;0.105345;9.959.879
0.248997;0.124498;9.969.456
0.258574;0.114922;9.988.609
0.258574;0.114922;9.940.725
0.248997;0.124498;9.979.033
0.248997;0.124498;9.979.033
0.248997;0.143652;9.969.456
0.258574;0.124498;9.931.149
0.258574;0.143652;9.979.033
0.248997;0.114922;9.969.456
0.258574;0.143652;9.979.033
0.248997;0.114922;9.959.879
0.268151;0.114922;9.979.033
0.248997;0.114922;9.988.609
0.258574;0.114922;9.979.033
0.258574;0.134075;9.940.725
0.229843;0.114922;9.950.302
0.248997;0.124498;9.969.456
0.229843;0.124498;9.959.879
0.258574;0.124498;9.988.609
0.248997;0.124498;9.950.302
0.248997;0.134075;9.959.879
0.239420;0.134075;9.950.302
0.239420;0.114922;9.950.302
0.239420;0.124498;9.959.879
0.258574;0.114922;9.988.609
0.248997;0.114922;9.979.033
0.239420;0.134075;9.979.033
0.248997;0.114922;9.969.456
0.268151;0.143652;9.979.033
0.248997;0.134075;9.969.456
0.258574;0.105345;9.979.033
0.248997;0.086191;9.998.186
0.258574;0.124498;9.959.879
0.239420;0.124498;9.969.456
0.258574;0.114922;9.979.033
0.258574;0.134075;9.969.456
0.239420;0.124498;9.969.456
0.248997;0.114922;9.979.033
0.258574;0.134075;9.969.456
0.239420;0.114922;9.969.456
0.258574;0.124498;10.007.763
0.248997;0.105345;9.959.879
0.248997;0.114922;9.950.302
0.258574;0.124498;9.959.879
0.248997;0.114922;9.969.456
0.239420;0.134075;9.950.302
0.248997;0.114922;9.969.456
0.258574;0.114922;9.959.879
0.248997;0.143652;9.940.725
0.248997;0.105345;9.979.033
0.229843;0.114922;9.969.456
0.239420;0.134075;9.979.033
0.258574;0.114922;9.979.033
0.277727;0.114922;9.979.033
0.248997;0.114922;9.979.033
0.258574;0.095768;9.969.456
0.268151;0.124498;9.959.879
0.268151;0.124498;9.979.033
0.258574;0.114922;10.007.763
0.258574;0.143652;9.969.456
0.248997;0.134075;9.979.033
0.220267;0.114922;9.950.302
0.258574;0.124498;9.950.302
0.248997;0.143652;9.959.879
0.258574;0.114922;9.959.879
0.268151;0.105345;9.998.186
0.229843;0.134075;9.969.456
0.258574;0.124498;9.950.302
0.258574;0.095768;9.979.033
0.248997;0.114922;9.950.302
0.268151;0.105345;9.969.456
0.258574;0.124498;9.950.302
0.239420;0.143652;9.950.302
0.258574;0.105345;9.969.456
0.248997;0.105345;9.959.879
0.258574;0.124498;9.959.879
0.258574;0.114922;9.940.725
0.258574;0.124498;9.988.609
0.239420;0.114922;9.979.033
0.248997;0.114922;9.959.879
0.229843;0.124498;9.969.456
0.268151;0.134075;9.959.879
0.239420;0.114922;9.988.609
0.248997;0.124498;9.959.879
0.248997;0.143652;9.969.456
0.248997;0.124498;9.950.302
0.258574;0.134075;9.959.879
0.248997;0.124498;9.979.033
0.239420;0.124498;9.979.033
0.268151;0.114922;9.969.456
0.248997;0.114922;9.979.033
0.258574;0.105345;9.950.302
0.248997;0.105345;9.979.033
0.239420;0.114922;9.959.879
0.239420;0.124498;9.979.033
0.248997;0.124498;9.979.033
0.239420;0.134075;9.969.456
0.258574;0.114922;9.988.609
0.239420;0.114922;9.959.879
0.248997;0.114922;9.979.033
0.239420;0.134075;9.979.033
0.229843;0.114922;9.969.456
0.248997;0.095768;9.950.302
0.239420;0.124498;9.979.033
0.239420;0.105345;9.950.302
0.258574;0.124498;9.979.033
0.258574;0.114922;9.959.879
0.268151;0.105345;9.959.879
0.229843;0.114922;9.979.033
0.248997;0.105345;9.931.149
0.258574;0.114922;9.959.879
0.258574;0.134075;9.969.456
0.258574;0.124498;9.959.879
0.229843;0.114922;9.959.879
0.258574;0.114922;9.988.609
0.258574;0.114922;9.950.302
0.268151;0.114922;9.979.033
0.248997;0.124498;9.988.609
0.248997;0.095768;9.969.456
0.248997;0.114922;9.969.456
0.239420;0.105345;9.950.302
0.248997;0.124498;9.950.302
0.239420;0.114922;9.979.033
0.220267;0.143652;9.950.302
0.239420;0.134075;9.959.879
0.248997;0.124498;9.950.302
0.258574;0.134075;9.979.033
0.248997;0.124498;9.969.456
0.258574;0.114922;9.950.302
0.229843;0.114922;9.969.456
0.248997;0.114922;9.969.456
0.248997;0.114922;9.979.033
0.258574;0.124498;9.950.302
0.248997;0.114922;9.969.456
0.239420;0.124498;9.959.879
0.268151;0.114922;9.959.879
0.239420;0.134075;9.998.186
0.248997;0.124498;9.959.879
0.248997;0.134075;9.959.879
0.239420;0.153229;9.969.456
0.258574;0.124498;9.959.879
0.258574;0.124498;9.969.456
0.229843;0.095768;9.959.879
0.248997;0.134075;9.950.302
0.248997;0.105345;9.969.456
0.229843;0.134075;9.950.302
0.248997;0.153229;9.969.456
0.248997;0.134075;9.969.456
0.248997;0.143652;9.950.302
0.248997;0.114922;9.959.879
0.239420;0.134075;9.979.033
0.248997;0.124498;10.007.763
0.239420;0.124498;9.950.302
0.258574;0.124498;9.940.725
0.239420;0.134075;9.959.879
0.248997;0.105345;9.969.456
0.248997;0.114922;9.979.033
0.258574;0.105345;9.979.033
0.248997;0.114922;9.969.456
0.258574;0.134075;9.979.033
0.229843;0.114922;9.979.033
0.239420;0.124498;9.959.879
0.248997;0.134075;9.959.879
0.268151;0.134075;9.950.302
0.248997;0.114922;9.959.879
0.248997;0.105345;9.979.033
0.258574;0.124498;9.979.033
0.229843;0.124498;9.940.725
0.248997;0.114922;9.969.456
0.248997;0.124498;9.950.302
0.258574;0.124498;9.969.456
0.248997;0.105345;9.988.609
0.248997;0.134075;9.959.879
0.258574;0.124498;9.950.302
0.239420;0.124498;9.969.456
0.248997;0.134075;9.969.456
0.258574;0.134075;9.969.456
0.248997;0.124498;9.979.033
0.239420;0.095768;9.950.302
0.220267;0.105345;9.959.879
0.248997;0.114922;9.969.456
0.258574;0.114922;9.959.879
0.248997;0.124498;9.979.033
0.248997;0.124498;9.969.456
0.258574;0.124498;9.959.879
0.258574;0.124498;9.950.302
0.258574;0.105345;9.969.456
0.248997;0.124498;9.959.879
0.229843;0.095768;9.979.033
0.248997;0.124498;9.979.033
0.258574;0.114922;9.959.879
0.248997;0.134075;9.969.456
0.248997;0.114922;9.969.456
0.268151;0.105345;9.969.456
0.268151;0.105345;9.940.725
0.248997;0.124498;9.950.302
0.248997;0.114922;9.969.456
0.258574;0.105345;9.969.456
0.239420;0.124498;9.979.033
0.229843;0.114922;9.979.033
0.248997;0.124498;9.969.456
0.258574;0.124498;9.959.879
0.229843;0.143652;9.988.609
0.239420;0.124498;9.940.725
0.258574;0.124498;9.959.879
0.258574;0.124498;9.940.725
0.258574;0.105345;9.979.033
0.258574;0.134075;9.959.879
0.239420;0.114922;9.950.302
0.248997;0.153229;9.950.302
0.248997;0.134075;9.959.879
0.239420;0.134075;9.969.456
0.258574;0.095768;9.969.456
0.248997;0.134075;9.950.302
0.268151;0.114922;9.979.033
0.248997;0.114922;9.969.456
0.248997;0.095768;9.979.033
0.248997;0.124498;9.931.149
0.277727;0.153229;9.969.456
0.239420;0.105345;9.979.033
0.248997;0.114922;9.988.609
0.239420;0.105345;9.979.033
0.248997;0.124498;9.959.879
0.220267;0.095768;9.931.149
0.239420;0.134075;9.988.609
0.248997;0.124498;9.969.456
0.248997;0.143652;9.979.033
0.248997;0.124498;9.959.879
0.239420;0.134075;9.969.456
0.268151;0.124498;9.959.879
0.248997;0.124498;9.950.302
0.258574;0.124498;9.959.879
0.248997;0.105345;9.969.456
0.258574;0.095768;9.969.456
0.248997;0.114922;9.940.725
0.258574;0.114922;9.988.609
0.239420;0.114922;9.950.302
0.239420;0.143652;9.979.033
0.248997;0.124498;9.959.879
0.268151;0.105345;9.988.609
0.229843;0.134075;9.969.456
0.239420;0.124498;9.969.456
0.248997;0.095768;9.959.879
0.239420;0.114922;9.969.456
0.258574;0.124498;9.969.456
0.229843;0.134075;9.959.879
0.229843;0.124498;9.959.879
0.268151;0.134075;9.969.456
0.258574;0.134075;9.979.033
0.248997;0.134075;9.988.609
0.248997;0.114922;9.950.302
0.248997;0.105345;9.950.302
0.248997;0.134075;9.950.302
0.258574;0.134075;9.969.456
0.258574;0.124498;9.969.456
0.248997;0.134075;9.950.302
0.258574;0.124498;9.979.033
0.248997;0.105345;9.979.033
0.248997;0.143652;9.969.456
0.248997;0.124498;9.959.879
0.258574;0.134075;9.959.879
0.248997;0.114922;9.959.879
0.248997;0.124498;9.959.879
0.239420;0.124498;9.969.456
0.258574;0.124498;9.969.456
0.258574;0.114922;9.959.879
0.239420;0.124498;9.959.879
0.239420;0.134075;9.950.302
0.239420;0.105345;9.988.609
0.258574;0.124498;9.969.456
0.239420;0.134075;9.969.456
0.239420;0.134075;10.007.763
0.239420;0.134075;9.969.456
0.248997;0.105345;9.950.302
0.239420;0.143652;9.969.456
0.258574;0.143652;9.950.302
0.229843;0.134075;9.979.033
0.258574;0.153229;9.988.609
0.268151;0.153229;9.988.609
0.248997;0.143652;9.959.879
0.258574;0.124498;9.979.033
0.248997;0.134075;9.998.186
0.239420;0.114922;9.940.725
0.239420;0.124498;9.969.456
0.258574;0.114922;9.969.456
0.258574;0.134075;9.950.302
0.258574;0.134075;9.969.456
0.239420;0.124498;9.969.456
0.248997;0.124498;9.988.609
0.239420;0.105345;9.988.609
0.248997;0.095768;9.959.879
0.248997;0.143652;9.979.033
0.248997;0.124498;9.969.456
0.248997;0.095768;9.969.456
0.248997;0.105345;9.979.033
0.239420;0.134075;9.979.033
0.248997;0.105345;9.979.033
0.239420;0.105345;9.969.456
0.248997;0.124498;9.959.879
0.239420;0.114922;9.969.456
0.239420;0.124498;9.950.302
0.248997;0.124498;9.969.456
0.248997;0.124498;9.950.302
0.229843;0.143652;9.959.879
0.258574;0.114922;9.969.456
0.239420;0.114922;9.959.879
0.248997;0.114922;9.940.725
0.248997;0.134075;9.969.456
0.248997;0.114922;9.959.879
0.248997;0.124498;9.969.456
0.248997;0.143652;9.959.879
0.229843;0.105345;9.959.879
0.239420;0.134075;9.959.879
0.268151;0.124498;9.959.879
0.268151;0.134075;9.950.302
0.248997;0.134075;9.969.456
0.248997;0.105345;9.959.879
0.248997;0.105345;9.988.609
0.248997;0.114922;9.950.302
0.239420;0.124498;9.969.456
0.239420;0.114922;9.959.879
0.248997;0.105345;9.979.033
0.239420;0.114922;9.950.302
0.258574;0.114922;9.595.961
0.191536;0.134075;9.452.309
0.248997;0.143652;9.682.152
0.239420;0.114922;10.409.989
0.277727;0.124498;10.639.832
0.277727;0.114922;10.850.522
0.268151;0.134075;10.582.372
0.210690;0.124498;10.074.800
0.268151;0.124498;9.538.500
0.220267;0.124498;9.021.352
0.239420;0.143652;8.935.161
0.229843;0.114922;9.251.195
0.229843;0.114922;9.768.343
0.258574;0.114922;10.850.522
0.287304;0.114922;11.109.096
0.258574;0.162806;11.070.788
0.268151;0.114922;10.141.838
0.258574;0.162806;9.586.384
0.248997;0.114922;9.069.236
0.248997;0.124498;8.810.662
0.229843;0.114922;9.203.311
0.239420;0.124498;9.768.343
0.258574;0.143652;10.390.836
0.277727;0.124498;11.089.942
0.258574;0.153229;11.070.788
0.268151;0.105345;10.687.716
0.248997;0.105345;10.160.992
0.229843;0.105345;9.069.236
0.229843;0.124498;8.848.969
0.239420;0.134075;8.954.314
0.248997;0.114922;9.710.882
0.248997;0.124498;10.362.105
0.248997;0.114922;10.793.061
0.258574;0.134075;11.070.788
0.268151;0.105345;10.687.716
0.239420;0.134075;10.189.722
0.239420;0.124498;9.634.268
0.229843;0.124498;8.877.700
0.239420;0.153229;8.925.584
0.239420;0.086191;9.155.427
0.258574;0.143652;10.342.952
0.277727;0.124498;10.745.177
0.277727;0.124498;11.089.942
0.277727;0.095768;10.706.870
0.268151;0.134075;10.256.760
0.258574;0.143652;9.653.421
0.210690;0.105345;9.145.850
0.220267;0.134075;8.906.430
0.248997;0.105345;9.145.850
0.229843;0.134075;9.701.305
0.248997;0.086191;10.745.177
0.268151;0.143652;11.070.788
0.277727;0.114922;11.032.481
0.258574;0.095768;10.735.600
0.248997;0.134075;9.710.882
0.229843;0.095768;9.193.734
0.229843;0.134075;8.944.737
0.239420;0.114922;9.145.850
0.239420;0.134075;9.662.998
0.258574;0.124498;10.208.876
0.287304;0.134075;11.070.788
0.277727;0.095768;11.042.058
0.268151;0.105345;10.773.908
0.268151;0.134075;10.323.798
0.229843;0.124498;9.212.888
0.239420;0.143652;8.954.314
0.248997;0.124498;8.906.430
0.258574;0.143652;9.662.998
0.268151;0.095768;10.170.568
0.268151;0.105345;10.668.563
0.258574;0.143652;11.032.481
0.277727;0.134075;10.773.908
0.268151;0.134075;10.352.529
0.258574;0.105345;9.749.189
0.248997;0.153229;8.963.891
0.239420;0.114922;8.887.277
0.239420;0.124498;9.126.697
0.248997;0.114922;10.103.531
0.268151;0.134075;10.630.256
0.268151;0.143652;10.975.020
0.258574;0.095768;10.984.597
0.258574;0.143652;10.381.259
0.229843;0.134075;9.787.497
0.239420;0.134075;9.308.656
0.220267;0.095768;8.906.430
0.248997;0.143652;9.136.273
0.248997;0.134075;9.586.384
0.277727;0.134075;10.620.679
0.258574;0.134075;10.955.867
0.287304;0.086191;10.975.020
0.268151;0.134075;10.812.215
0.268151;0.095768;9.816.227
0.229843;0.105345;9.356.541
0.239420;0.124498;9.011.775
0.210690;0.114922;9.126.697
0.248997;0.114922;9.557.653
0.268151;0.086191;10.046.070
0.248997;0.153229;10.582.372
0.268151;0.105345;10.965.444
0.277727;0.143652;10.869.676
0.258574;0.114922;10.409.989
0.229843;0.124498;9.394.848
0.229843;0.143652;9.040.505
0.220267;0.095768;8.916.007
0.248997;0.124498;9.509.769
0.258574;0.114922;9.988.609
0.248997;0.124498;10.582.372
0.268151;0.124498;10.907.983
0.248997;0.134075;10.850.522
0.258574;0.114922;10.438.720
0.248997;0.076614;9.883.265
0.248997;0.124498;9.050.082
0.229843;0.105345;8.944.737
0.229843;0.143652;9.126.697
0.268151;0.114922;9.998.186
0.248997;0.134075;10.553.641
0.268151;0.124498;10.860.099
0.268151;0.134075;10.975.020
0.268151;0.105345;10.429.143
0.248997;0.114922;9.940.725
0.258574;0.143652;9.471.462
0.220267;0.124498;8.935.161
0.239420;0.143652;9.145.850
0.248997;0.124498;9.461.885
0.268151;0.105345;9.959.879
0.277727;0.114922;10.821.792
0.268151;0.114922;10.946.290
0.258574;0.124498;10.821.792
0.220267;0.114922;9.940.725
0.239420;0.124498;9.481.039
0.229843;0.095768;9.088.389
0.239420;0.143652;9.088.389
0.258574;0.076614;9.222.465
0.201113;0.134075;9.251.195
0.239420;0.134075;9.969.456
0.258574;0.143652;11.128.249