0.172383;-0.134075;9.825.804
0.344765;-0.181959;10.007.763
0.344765;-0.191536;10.007.763
0.287304;-0.172383;9.969.456
0.258574;-0.181959;9.979.033
0.287304;-0.191536;10.055.647
0.277727;-0.143652;10.046.070
0.220267;-0.172383;9.969.456
0.201113;-0.191536;9.911.995
0.248997;-0.143652;9.959.879
0.325611;-0.181959;9.988.609
0.325611;-0.134075;9.988.609
0.258574;-0.162806;9.969.456
0.181959;-0.191536;9.940.725
0.220267;-0.143652;9.959.879
0.287304;-0.143652;9.911.995
0.306458;-0.181959;9.864.111
0.268151;-0.153229;9.979.033
0.277727;-0.162806;10.055.647
0.239420;-0.172383;9.979.033
0.220267;-0.153229;9.988.609
0.220267;-0.172383;10.007.763
0.239420;-0.162806;10.046.070
0.248997;-0.153229;10.007.763
0.268151;-0.172383;9.883.265
0.268151;-0.143652;9.911.995
0.258574;-0.181959;9.931.149
0.325611;-0.162806;9.931.149
0.306458;-0.134075;9.959.879
0.268151;-0.172383;9.950.302
0.229843;-0.153229;10.055.647
0.201113;-0.162806;10.065.224
0.162806;-0.181959;9.998.186
0.210690;-0.162806;10.036.493
0.344765;-0.172383;9.959.879
0.335188;-0.181959;9.902.418
0.287304;-0.143652;9.883.265
0.277727;-0.143652;9.931.149
0.306458;-0.162806;10.007.763
0.268151;-0.143652;9.959.879
0.201113;-0.153229;9.940.725
0.239420;-0.162806;10.017.340
0.268151;-0.172383;10.017.340
0.268151;-0.153229;9.969.456
0.239420;-0.143652;9.979.033
0.239420;-0.143652;9.950.302
0.277727;-0.162806;9.959.879
0.306458;-0.153229;9.892.841
0.277727;-0.172383;9.892.841
0.258574;-0.153229;9.921.572
0.268151;-0.162806;9.969.456
0.229843;-0.162806;10.036.493
0.239420;-0.153229;10.065.224
0.287304;-0.172383;9.979.033
0.287304;-0.181959;9.959.879
0.306458;-0.153229;9.931.149
0.296881;-0.153229;9.931.149
0.277727;-0.124498;9.911.995
0.277727;-0.134075;9.921.572
0.258574;-0.172383;9.940.725
0.181959;-0.172383;9.911.995
0.239420;-0.191536;9.950.302
0.325611;-0.162806;9.950.302
0.363919;-0.172383;9.959.879
0.248997;-0.153229;9.969.456
0.229843;-0.143652;9.979.033
0.229843;-0.153229;10.007.763
0.248997;-0.162806;9.959.879
0.258574;-0.162806;10.026.917
0.220267;-0.181959;10.065.224
0.086191;-0.172383;10.247.183
0.220267;-0.201113;10.505.757
0.373495;-0.201113;10.831.368
0.545878;-0.201113;11.214.440
0.727837;-0.162806;12.660.539
0.248997;-0.392649;12.986.150
-0.172383;-0.459687;15.016.433
1.388.637;-0.574608;14.125.790
1.254.562;0.000000;10.400.413
0.689530;0.143652;7.747.637
-0.296881;-0.019154;5.516.241
-0.593762;0.201113;2.106.898
0.201113;0.555455;1.283.292
0.823605;0.440533;1.972.822
1.187.524;0.114922;3.926.491
-0.287304;-0.248997;8.810.662
-0.526724;-0.143652;11.291.056
-0.316035;-0.153229;14.077.906
1.197.101;-0.316035;17.535.133
1.254.562;-0.555455;18.741.812
0.756568;-0.411803;18.023.550
-0.440533;-0.469264;14.853.627
-0.248997;0.000000;11.741.165
0.335188;-0.172383;9.279.925
0.718261;0.373495;3.983.952
0.325611;0.268151;2.691.083
-0.296881;0.526724;1.407.791
-0.421380;0.316035;1.924.938
0.248997;0.258574;4.750.096
0.651223;-0.047884;7.479.486
0.679953;0.095768;10.007.763
0.172383;-0.354342;15.255.854
0.114922;-0.344765;17.056.293
0.277727;-0.536301;18.253.393
0.584185;-0.459687;17.975.666
0.517148;-0.335188;15.524.004
0.220267;-0.239420;13.043.611
-0.038307;-0.201113;10.534.488
0.181959;0.134075;5.295.974
0.344765;0.306458;3.313.575
0.354342;0.411803;2.154.782
-0.076614;0.430956;2.470.816
-0.067038;0.210690;4.127.604
0.162806;0.201113;6.234.501
0.488417;0.067038;8.839.393
0.555455;-0.210690;14.010.868
0.277727;-0.363919;16.175.226
0.057461;-0.488417;17.401.058
0.383072;-0.459687;17.544.710
0.641646;-0.363919;16.079.458
0.679953;-0.354342;14.144.943
0.430956;-0.181959;11.674.128
-0.268151;0.028730;6.493.075
-0.181959;0.239420;4.309.563
0.526724;0.411803;2.298.434
0.670376;0.402226;2.509.123
0.402226;0.325611;3.648.763
-0.028730;0.268151;5.401.319
-0.105345;-0.067038;10.295.067
0.354342;-0.114922;12.832.921
0.804452;-0.325611;15.045.163
0.871489;-0.383072;16.577.452
0.114922;-0.450110;17.372.328
-0.201113;-0.440533;16.414.646
-0.095768;-0.383072;14.853.627
0.679953;-0.124498;10.199.299
0.727837;0.028730;7.728.483
0.411803;0.201113;5.506.664
-0.047884;0.258574;3.869.030
-0.181959;0.344765;2.738.967
0.181959;0.354342;3.428.497
0.689530;0.134075;6.895.301
0.450110;0.038307;9.184.157
0.095768;-0.124498;11.626.244
-0.134075;-0.248997;13.838.486
0.651223;-0.459687;16.979.679
0.651223;-0.469264;16.979.679
0.727837;-0.411803;16.539.145
0.545878;-0.344765;15.246.277
-0.047884;-0.201113;11.204.864
0.220267;0.095768;6.665.458
0.507571;0.316035;3.696.647
0.335188;0.383072;3.246.537
0.095768;0.335188;3.533.842
-0.028730;0.277727;4.558.560
0.162806;0.086191;8.312.668
0.363919;-0.067038;10.582.372
0.287304;-0.335188;15.811.308
0.220267;-0.373495;16.385.916
0.258574;-0.363919;16.261.417
0.392649;-0.296881;13.905.523
0.411803;-0.172383;11.990.162
0.344765;-0.067038;9.806.650
0.220267;0.019154;7.747.637
0.181959;0.239420;4.606.444
0.210690;0.268151;3.916.914
0.181959;0.296881;3.878.607
0.114922;0.210690;5.880.159
0.162806;0.095768;7.661.446
0.239420;0.009577;9.710.882
0.373495;-0.201113;13.532.028
0.344765;-0.277727;14.891.934
0.268151;-0.306458;15.715.540
0.306458;-0.344765;15.246.277
0.430956;-0.239420;14.116.213
0.517148;-0.181959;12.488.156
0.478840;-0.134075;10.601.525
0.105345;0.124498;6.933.608
-0.019154;0.172383;5.477.933
0.047884;0.258574;4.644.751
0.229843;0.287304;4.424.485
0.354342;0.210690;5.851.429
0.220267;0.124498;7.316.680
0.067038;0.067038;9.040.505
0.143652;-0.124498;12.574.347
0.392649;-0.172383;13.962.984
0.632069;-0.277727;15.246.277
0.440533;-0.277727;14.891.934
0.210690;-0.258574;14.020.445
0.095768;-0.220267;12.717.999
0.344765;-0.028730;9.394.848
0.478840;0.038307;7.757.214
0.469264;0.095768;6.416.461
0.248997;0.191536;5.477.933
-0.105345;0.210690;5.267.244
-0.019154;0.210690;6.014.235
0.210690;0.162806;7.201.759
0.536301;0.000000;10.304.645
0.450110;-0.047884;11.856.087
0.239420;-0.143652;13.139.379
0.114922;-0.201113;14.068.329
0.354342;-0.229843;14.393.941
0.526724;-0.239420;13.761.871
0.421380;-0.153229;11.348.516
0.191536;-0.076614;9.844.957
0.047884;-0.019154;8.379.706
0.000000;0.047884;7.115.568
0.114922;0.134075;6.205.771
0.325611;0.153229;5.822.699
0.325611;0.181959;6.378.153
0.210690;0.162806;7.335.834
0.114922;0.057461;9.940.725
0.239420;-0.009577;11.310.209
0.392649;-0.086191;12.536.040
0.459687;-0.172383;13.828.909
0.383072;-0.201113;13.819.332
0.268151;-0.191536;13.340.492
0.210690;-0.162806;12.526.464
0.258574;-0.095768;10.093.954
0.277727;-0.009577;8.801.085
0.210690;0.086191;6.876.147
0.181959;0.114922;6.426.037
0.162806;0.143652;6.416.461
0.181959;0.143652;6.837.840
0.248997;0.076614;8.657.434
0.316035;0.038307;9.825.804
0.354342;-0.009577;11.022.904
0.373495;-0.105345;12.785.037
0.316035;-0.134075;13.225.570
0.287304;-0.172383;13.273.455
0.248997;-0.172383;12.861.651
0.277727;-0.105345;11.185.710
0.325611;-0.057461;10.084.377
0.306458;-0.038307;9.002.198
0.239420;0.009577;8.054.094
0.105345;0.076614;6.971.915
0.134075;0.105345;6.962.338
0.335188;0.095768;8.015.787
0.411803;0.067038;8.925.584
0.363919;0.028730;9.931.149
0.277727;-0.028730;10.946.290
0.181959;-0.086191;12.440.272
0.239420;-0.105345;12.765.883
0.344765;-0.124498;12.717.999
0.411803;-0.095768;12.363.658
0.258574;-0.057461;10.850.522
0.105345;-0.047884;9.873.688
0.086191;0.000000;8.944.737
0.306458;0.067038;7.623.138
0.383072;0.086191;7.335.834
0.402226;0.076614;7.402.872
0.287304;0.057461;7.833.828
0.134075;0.028730;9.279.925
0.181959;-0.009577;10.218.452
0.421380;-0.009577;11.798.626
0.440533;-0.057461;12.277.467
0.344765;-0.076614;12.459.426
0.210690;-0.086191;12.354.081
0.143652;-0.057461;11.281.479
0.239420;0.000000;10.448.297
0.335188;-0.019154;9.567.230
0.325611;0.038307;8.092.402
0.220267;0.047884;7.623.138
0.124498;0.038307;7.527.370
0.143652;0.047884;7.699.753
0.363919;0.009577;8.887.277
0.402226;0.000000;9.710.882
0.373495;-0.038307;10.572.795
0.191536;-0.086191;11.990.162
0.191536;-0.095768;12.354.081
0.210690;-0.067038;12.430.696
0.373495;-0.038307;11.645.397
0.344765;-0.009577;10.888.829
0.277727;0.009577;10.036.493
0.210690;0.019154;9.145.850
0.172383;0.038307;7.805.098
0.248997;0.047884;7.450.756
0.316035;0.076614;7.479.486
0.335188;0.038307;7.805.098
0.268151;0.009577;9.203.311
0.229843;-0.038307;10.093.954
0.229843;-0.057461;11.013.328
0.277727;-0.086191;12.354.081
0.325611;-0.095768;12.603.078
0.335188;-0.067038;12.536.040
0.258574;-0.038307;11.501.745
0.220267;0.000000;10.668.563
0.191536;0.038307;9.701.305
0.229843;0.047884;8.762.778
0.316035;0.095768;7.412.448
0.325611;0.105345;7.153.875
0.287304;0.086191;7.230.489
0.181959;0.000000;8.418.014
0.191536;-0.019154;9.346.964
0.239420;-0.076614;10.362.105
0.354342;-0.153229;12.200.851
0.373495;-0.124498;12.785.037
0.296881;-0.143652;13.005.303
0.239420;-0.134075;12.880.805
0.210690;-0.019154;11.607.090
0.277727;-0.009577;10.611.102
0.344765;0.067038;9.490.616
0.287304;0.124498;7.527.370
0.220267;0.124498;6.933.608
0.143652;0.114922;6.675.035
0.153229;0.086191;6.809.110
0.296881;0.019154;8.197.746
0.354342;-0.019154;9.318.233
0.344765;-0.086191;10.477.027
0.229843;-0.143652;12.583.924
0.191536;-0.181959;13.254.301
0.248997;-0.181959;13.570.335
0.411803;-0.105345;12.823.344
0.383072;-0.047884;11.903.971
0.325611;-0.009577;10.726.024
0.220267;0.047884;9.490.616
0.134075;0.124498;7.201.759
0.220267;0.172383;6.473.921
0.277727;0.143652;6.253.655
0.268151;0.076614;6.828.263
0.201113;0.038307;7.785.944
0.143652;-0.038307;9.011.775
0.153229;-0.114922;10.362.105
0.363919;-0.191536;12.871.228
0.421380;-0.220267;13.704.411
0.421380;-0.220267;14.077.906
0.239420;-0.143652;13.417.107
0.239420;-0.105345;12.411.542
0.258574;-0.019154;11.128.249
0.316035;0.134075;8.226.477
0.287304;0.153229;7.000.646
0.220267;0.201113;6.081.272
0.134075;0.210690;5.602.432
0.124498;0.105345;6.196.194
0.229843;0.076614;7.192.182
0.287304;-0.019154;8.552.089
0.335188;-0.172383;11.616.667
0.296881;-0.229843;12.995.727
0.306458;-0.248997;14.010.868
0.316035;-0.229843;14.633.361
0.354342;-0.201113;14.135.366
0.363919;-0.134075;13.091.495
0.335188;-0.047884;11.712.435
0.201113;0.086191;8.456.321
0.172383;0.162806;6.943.185
0.114922;0.220267;5.832.275
0.191536;0.220267;5.027.823
0.229843;0.181959;5.468.357
0.258574;0.124498;6.435.614
0.239420;-0.057461;9.548.077
0.229843;-0.162806;11.281.479
0.296881;-0.210690;12.890.382
0.373495;-0.258574;14.164.097
0.450110;-0.287304;15.217.546
0.430956;-0.248997;14.834.474
0.316035;-0.191536;13.905.523
0.181959;-0.009577;10.754.754
0.201113;0.047884;8.906.430
0.220267;0.143652;7.173.028
0.220267;0.229843;5.774.815
0.162806;0.277727;4.472.369
0.134075;0.239420;4.769.250
0.134075;0.153229;5.640.739
0.258574;-0.028730;8.791.509
0.363919;-0.143652;10.745.177
0.430956;-0.220267;12.545.617
0.344765;-0.325611;15.179.238
0.316035;-0.335188;15.696.386
0.306458;-0.316035;15.524.004
0.306458;-0.248997;14.681.245
0.344765;-0.076614;11.559.206
0.306458;0.019154;9.595.961
0.220267;0.134075;7.661.446
0.086191;0.316035;4.050.989
0.181959;0.277727;4.146.757
0.258574;0.248997;4.826.711
0.296881;0.009577;7.929.596
0.268151;-0.086191;9.940.725
0.239420;-0.191536;11.980.585
0.354342;-0.344765;15.188.815
0.430956;-0.354342;16.031.574
0.450110;-0.325611;16.089.035
0.325611;-0.239420;14.269.443
0.229843;-0.162806;12.478.580
0.172383;-0.038307;10.438.720
0.239420;0.181959;6.359.000
0.220267;0.258574;4.836.287
0.210690;0.325611;3.888.184
0.191536;0.296881;3.591.303
0.172383;0.201113;5.238.513
0.210690;0.076614;6.943.185
0.277727;-0.028730;9.011.775
0.392649;-0.258574;13.254.301
0.383072;-0.335188;14.958.972
0.373495;-0.383072;16.098.612
0.325611;-0.392649;16.481.684
0.296881;-0.306458;15.160.085
0.287304;-0.210690;13.512.875
0.306458;-0.095768;11.444.284
0.229843;0.143652;7.058.106
0.162806;0.239420;5.219.360
0.114922;0.335188;3.926.491
0.134075;0.354342;3.371.036
0.229843;0.258574;4.386.178
0.277727;0.172383;5.947.197
0.287304;0.038307;7.987.057
0.296881;-0.220267;12.459.426
0.306458;-0.316035;14.451.402
0.344765;-0.392649;15.926.229
0.402226;-0.402226;16.730.682
0.392649;-0.335188;15.926.229
0.258574;-0.172383;12.516.887
0.210690;0.086191;7.920.019
0.201113;0.296881;4.242.526
0.201113;0.354342;3.016.694
0.191536;0.335188;3.677.494
0.162806;0.201113;4.979.939
0.210690;-0.028730;9.184.157
0.296881;-0.162806;11.520.899
0.383072;-0.277727;13.694.834
0.373495;-0.450110;16.606.182
0.344765;-0.392649;16.979.679
0.325611;-0.402226;16.587.029
0.306458;-0.344765;15.389.929
0.306458;-0.095768;11.348.516
0.316035;0.019154;8.973.468
0.248997;0.124498;6.684.611
0.172383;0.287304;4.797.980
0.086191;0.383072;2.901.772
0.181959;0.287304;4.165.911
0.248997;0.009577;8.015.787
0.258574;-0.095768;10.429.143
0.268151;-0.220267;12.765.883
0.344765;-0.402226;16.290.148
0.411803;-0.411803;17.017.986
0.440533;-0.421380;17.008.410
0.411803;-0.383072;16.136.919
0.296881;-0.172383;12.459.426
0.220267;-0.019154;10.055.647
0.201113;0.067038;7.690.176
0.191536;0.325611;3.926.491
0.191536;0.363919;3.016.694
0.191536;0.373495;2.834.735
0.162806;0.229843;4.951.209
0.172383;0.114922;6.914.454
0.220267;-0.038307;9.289.502
0.287304;-0.181959;11.702.858
0.430956;-0.383072;15.696.386
0.411803;-0.421380;16.816.874
0.402226;-0.430956;17.171.215
0.325611;-0.344765;15.389.929
0.306458;-0.248997;13.503.298
0.306458;-0.105345;11.204.864
0.306458;0.028730;8.791.509
0.153229;0.268151;4.625.597
0.105345;0.344765;3.351.882
0.067038;0.363919;2.815.581
0.172383;0.287304;4.194.642
0.229843;0.153229;5.947.197
0.248997;0.019154;8.130.709
0.306458;-0.248997;12.919.112
0.335188;-0.306458;14.911.088
0.363919;-0.392649;16.338.032
0.411803;-0.421380;16.950.949
0.402226;-0.373495;16.041.151
0.373495;-0.316035;14.451.402
0.287304;-0.172383;12.344.504
0.191536;0.047884;7.556.100
0.143652;0.210690;5.506.664
0.124498;0.325611;3.916.914
0.181959;0.373495;2.940.080
0.191536;0.316035;3.687.071
0.201113;0.229843;5.152.322
0.162806;0.105345;7.096.414
0.287304;-0.153229;11.798.626
0.354342;-0.268151;13.953.407
0.430956;-0.335188;15.638.926
0.392649;-0.430956;16.960.526
0.344765;-0.383072;16.414.646
0.296881;-0.316035;15.121.778
0.287304;-0.248997;13.311.762
0.268151;0.000000;8.695.741
0.239420;0.114922;6.473.921
0.172383;0.258574;4.721.366
0.114922;0.373495;3.055.001
0.153229;0.344765;3.466.804
0.181959;0.277727;4.501.099
0.306458;0.047884;8.389.283
0.316035;-0.095768;10.639.832
0.306458;-0.191536;12.890.382
0.325611;-0.306458;14.786.590
0.344765;-0.411803;16.721.106
0.392649;-0.411803;16.577.452
0.383072;-0.344765;15.648.502
0.296881;-0.191536;12.047.623
0.229843;-0.047884;9.806.650
0.172383;0.047884;7.565.677
0.153229;0.181959;5.621.585
0.162806;0.344765;3.457.227
0.201113;0.363919;3.428.497
0.210690;0.316035;4.165.911
0.210690;0.124498;7.431.602
0.210690;-0.009577;9.643.845
0.268151;-0.124498;11.836.933
0.402226;-0.316035;15.332.468
0.402226;-0.363919;16.270.994
0.383072;-0.383072;16.443.377
0.335188;-0.373495;15.887.922
0.277727;-0.239420;12.871.228
0.268151;-0.143652;10.773.908
0.268151;0.000000;8.638.280
0.191536;0.229843;5.027.823
0.162806;0.296881;4.031.836
0.143652;0.335188;3.648.763
0.143652;0.335188;4.041.412
0.248997;0.153229;6.722.919
0.296881;0.057461;8.686.164
0.296881;-0.181959;12.794.614
0.306458;-0.248997;14.480.132
0.325611;-0.325611;15.610.195
0.344765;-0.383072;16.089.035
0.363919;-0.296881;14.997.279
0.335188;-0.277727;13.522.451
0.316035;-0.181959;11.645.397
0.268151;-0.047884;9.624.691
0.181959;0.181959;5.928.043
0.181959;0.258574;4.721.366
0.181959;0.296881;4.118.027
0.220267;0.258574;4.922.479
0.239420;0.201113;6.205.771
0.220267;0.105345;7.900.866
0.239420;-0.143652;11.808.203
0.316035;-0.181959;13.532.028
0.383072;-0.268151;14.844.050
0.383072;-0.325611;15.562.311
0.344765;-0.325611;15.045.163
0.296881;-0.258574;13.915.100
0.277727;0.009577;8.580.819
0.258574;0.114922;6.866.570
0.220267;0.181959;5.525.817
0.153229;0.248997;4.520.253
0.143652;0.268151;4.932.055
0.181959;0.201113;5.947.197
0.248997;0.038307;9.126.697
0.316035;-0.057461;10.917.560
0.316035;-0.124498;12.622.231
0.325611;-0.229843;13.991.714
0.325611;-0.296881;15.207.970
0.344765;-0.287304;14.920.665
0.335188;-0.258574;14.058.752
0.354342;-0.220267;12.737.153
0.287304;-0.038307;9.385.271
0.239420;0.047884;7.728.483
0.181959;0.143652;6.368.577
0.162806;0.248997;5.018.247
0.191536;0.248997;5.209.783
0.229843;0.239420;5.870.583
0.201113;0.057461;8.552.089
0.220267;-0.028730;10.180.145
0.258574;-0.086191;11.808.203
0.306458;-0.143652;13.187.263
0.373495;-0.239420;14.652.514
0.402226;-0.258574;14.575.900
0.335188;-0.248997;13.991.714
0.258574;-0.143652;11.568.783
0.268151;-0.086191;10.017.340
0.248997;0.000000;8.456.321
0.220267;0.086191;7.144.298
0.191536;0.191536;5.602.432
0.153229;0.229843;5.573.701
0.181959;0.201113;6.052.542
0.210690;0.105345;8.226.477
0.277727;0.019154;9.682.152
0.306458;-0.047884;11.128.249
0.325611;-0.172383;13.436.260
0.335188;-0.210690;14.030.022
0.316035;-0.220267;14.125.790
0.325611;-0.229843;13.742.718
0.306458;-0.134075;11.789.049
0.306458;-0.124498;10.409.989
0.287304;-0.028730;9.097.966
0.181959;0.124498;6.866.570
0.172383;0.153229;6.234.501
0.201113;0.191536;6.071.695
0.248997;0.124498;7.096.414
0.258574;0.105345;8.149.862
0.268151;0.047884;9.337.387
0.268151;-0.019154;10.639.832
0.316035;-0.124498;12.775.460
0.325611;-0.172383;13.388.376
0.344765;-0.172383;13.589.489
0.325611;-0.162806;12.737.153
0.287304;-0.153229;11.798.626
0.268151;-0.086191;10.658.986
0.229843;-0.047884;9.461.885
0.239420;0.067038;7.489.063
0.239420;0.124498;6.876.147
0.210690;0.124498;6.617.573
0.191536;0.134075;7.345.411
0.210690;0.114922;8.216.900
0.248997;0.047884;9.222.465
0.325611;-0.028730;11.386.824
0.344765;-0.095768;12.258.312
0.316035;-0.105345;12.804.191
0.306458;-0.124498;12.890.382
0.277727;-0.143652;12.411.542
0.287304;-0.143652;11.626.244
0.296881;-0.095768;10.658.986
0.258574;0.000000;8.705.317
0.220267;0.038307;7.920.019
0.191536;0.076614;7.374.141
0.210690;0.095768;7.144.298
0.258574;0.095768;7.718.906
0.277727;0.067038;8.446.744
0.277727;0.019154;10.237.606
0.277727;-0.028730;11.137.826
0.277727;-0.038307;11.865.664
0.306458;-0.086191;12.363.658
0.306458;-0.134075;12.449.849
0.296881;-0.095768;12.028.469
0.277727;-0.095768;11.329.363
0.268151;-0.057461;10.553.641
0.220267;-0.019154;8.848.969
0.220267;0.028730;8.149.862
0.229843;0.057461;7.757.214
0.248997;0.067038;7.728.483
0.248997;0.057461;8.121.132
0.258574;0.038307;8.772.355
0.248997;0.000000;10.333.375
0.277727;-0.028730;11.061.212
0.316035;-0.047884;11.674.128
0.296881;-0.047884;12.076.353
0.258574;-0.095768;12.038.046
0.277727;-0.076614;11.607.090
0.239420;-0.057461;10.984.597
0.268151;-0.028730;9.538.500
0.268151;0.009577;8.839.393
0.239420;0.028730;8.283.937
0.248997;0.038307;7.948.750
0.220267;0.057461;8.121.132
0.229843;0.038307;8.513.782
0.258574;0.009577;9.126.697
0.287304;-0.028730;10.563.218
0.287304;-0.047884;11.204.864
0.277727;-0.038307;11.664.551
0.258574;-0.076614;11.942.278
0.277727;-0.076614;11.722.012
0.296881;-0.047884;11.262.324
0.277727;-0.028730;10.649.409
0.258574;0.000000;9.232.041
0.220267;0.009577;8.647.857
0.239420;0.038307;8.188.169
0.248997;0.047884;8.034.941
0.268151;0.009577;8.331.821
0.268151;0.009577;8.829.816
0.268151;-0.019154;10.170.568
0.239420;-0.057461;10.879.252
0.268151;-0.047884;11.473.015
0.287304;-0.038307;11.865.664
0.306458;-0.038307;11.913.548
0.316035;-0.047884;11.559.206
0.296881;-0.009577;11.003.751
0.239420;0.009577;9.576.807
0.239420;0.038307;8.896.853
0.248997;0.057461;8.341.399
0.258574;0.076614;7.977.480
0.268151;0.047884;8.006.210
0.239420;0.019154;8.379.706
0.239420;-0.038307;9.710.882
0.268151;-0.057461;10.515.334
0.287304;-0.076614;11.214.440
0.296881;-0.105345;11.789.049
0.287304;-0.047884;12.258.312
0.287304;-0.067038;12.057.199
0.268151;-0.038307;11.568.783
0.258574;0.000000;10.927.136
0.277727;0.028730;9.299.079
0.248997;0.057461;8.523.358
0.229843;0.067038;7.920.019
0.220267;0.057461;7.527.370
0.229843;0.038307;7.766.790
0.258574;0.028730;8.264.784
0.306458;-0.067038;9.883.265
0.296881;-0.114922;10.783.484
0.277727;-0.095768;11.549.629
0.277727;-0.114922;12.181.698
0.296881;-0.124498;12.612.655
0.277727;-0.076614;12.315.774
0.296881;-0.019154;10.965.444
0.287304;0.019154;10.074.800
0.239420;0.057461;9.107.543
0.239420;0.086191;8.245.630
0.229843;0.134075;7.565.677
0.248997;0.105345;7.115.568
0.239420;0.086191;7.393.295
0.258574;0.028730;7.996.634
0.248997;-0.067038;9.844.957
0.277727;-0.105345;10.869.676
0.287304;-0.124498;11.808.203
0.335188;-0.153229;13.005.303
0.335188;-0.153229;13.053.187
0.325611;-0.124498;12.775.460
0.296881;-0.095768;12.133.814
0.268151;0.009577;10.189.722
0.258574;0.057461;9.078.813
0.248997;0.105345;8.054.094
0.229843;0.162806;6.751.649
0.201113;0.153229;6.627.151
0.181959;0.105345;6.914.454
0.210690;0.057461;7.536.947
0.258574;-0.047884;9.634.268
0.306458;-0.114922;10.812.215
0.325611;-0.143652;11.971.008
0.325611;-0.210690;13.426.683
0.306458;-0.191536;13.551.182
0.316035;-0.153229;13.302.185
0.296881;-0.038307;11.664.551
0.296881;-0.009577;10.486.604
0.248997;0.067038;9.193.734
0.229843;0.134075;8.006.210
0.172383;0.172383;6.378.153
0.191536;0.181959;6.157.887
0.210690;0.143652;6.339.846
0.268151;0.038307;8.015.787
0.258574;-0.009577;9.241.618
0.258574;-0.134075;10.601.525
0.335188;-0.201113;12.966.996
0.344765;-0.229843;13.713.987
0.354342;-0.201113;14.058.752
0.344765;-0.181959;13.876.793
0.268151;-0.105345;12.277.467
0.258574;-0.019154;10.946.290
0.220267;0.038307;9.528.923
0.210690;0.191536;6.962.338
0.191536;0.201113;6.090.849
0.181959;0.220267;5.688.623
0.191536;0.191536;5.784.391
0.210690;0.095768;7.354.988
0.239420;0.000000;8.657.434
0.277727;-0.095768;10.141.838
0.354342;-0.210690;12.928.689
0.354342;-0.220267;13.886.370
0.354342;-0.248997;14.403.518
0.306458;-0.191536;13.867.216
0.296881;-0.143652;12.947.843
0.258574;-0.105345;11.559.206
0.268151;0.000000;10.055.647
0.220267;0.153229;7.096.414
0.172383;0.220267;6.014.235
0.172383;0.248997;5.276.821
0.201113;0.210690;5.707.777
0.239420;0.124498;6.655.881
0.268151;0.057461;7.987.057
0.287304;-0.143652;11.185.710
0.316035;-0.210690;12.727.576
0.344765;-0.258574;13.905.523
0.363919;-0.277727;14.652.514
0.363919;-0.229843;14.566.323
0.335188;-0.201113;13.646.950
0.287304;-0.124498;12.334.928
0.220267;0.057461;9.030.929
0.201113;0.134075;7.412.448
0.201113;0.220267;6.090.849
0.191536;0.239420;5.209.783
0.191536;0.248997;5.114.015
0.201113;0.172383;5.928.043
0.248997;0.000000;8.820.239
0.277727;-0.105345;10.572.795
0.316035;-0.181959;12.277.467
0.344765;-0.258574;13.733.141
0.363919;-0.296881;15.188.815
0.354342;-0.277727;15.073.894
0.306458;-0.258574;14.374.787
0.296881;-0.181959;13.139.379
0.258574;0.009577;9.720.459
0.229843;0.124498;7.958.326
0.201113;0.172383;6.397.307
0.162806;0.296881;4.644.751
0.172383;0.239420;4.644.751
0.191536;0.229843;5.257.667
0.268151;0.019154;7.987.057
0.268151;-0.057461;9.787.497
0.268151;-0.162806;11.645.397
0.325611;-0.258574;13.321.339
0.383072;-0.335188;15.370.775
0.363919;-0.335188;15.485.697
0.354342;-0.296881;15.006.856
0.296881;-0.143652;12.401.965
0.258574;-0.028730;10.544.065
0.220267;0.057461;8.647.857
0.201113;0.172383;6.885.724
0.172383;0.296881;4.596.867
0.201113;0.296881;4.328.717
0.181959;0.268151;4.663.905
0.220267;0.114922;7.115.568
0.239420;0.000000;8.935.161
0.354342;-0.287304;14.259.866
0.392649;-0.344765;15.294.161
0.373495;-0.325611;15.753.847
0.316035;-0.316035;15.562.311
0.296881;-0.201113;13.244.724
0.287304;-0.086191;11.444.284
0.268151;0.000000;9.481.039
0.201113;0.210690;5.956.774
0.172383;0.258574;4.750.096
0.162806;0.277727;4.156.334
0.172383;0.229843;4.979.939
0.191536;0.162806;6.263.232
0.248997;-0.076614;9.950.302
0.316035;-0.258574;13.713.987
0.344765;-0.306458;15.035.586
0.363919;-0.354342;15.782.578
0.363919;-0.306458;15.265.430
0.354342;-0.229843;14.068.329
0.296881;-0.153229;12.354.081
0.287304;-0.038307;10.419.566
0.201113;0.162806;6.579.266
0.162806;0.258574;5.123.591
0.153229;0.316035;4.280.833
0.181959;0.296881;4.453.215
0.210690;0.201113;5.525.817
0.229843;0.114922;7.115.568
0.277727;-0.114922;11.061.212
0.325611;-0.229843;12.966.996
0.354342;-0.306458;14.547.170
0.383072;-0.373495;15.600.618
0.363919;-0.306458;15.677.233
0.335188;-0.296881;14.748.282
0.306458;-0.220267;13.235.147
0.268151;-0.009577;9.356.541
0.220267;0.105345;7.345.411
0.201113;0.220267;5.707.777
0.153229;0.296881;3.983.952
0.162806;0.306458;4.098.873
0.181959;0.248997;4.932.055
0.210690;0.162806;6.301.539
0.277727;-0.076614;10.122.684
0.306458;-0.162806;12.143.391
0.335188;-0.248997;13.886.370
0.383072;-0.344765;15.887.922
0.363919;-0.373495;15.916.653
0.344765;-0.335188;15.265.430
0.363919;-0.268151;14.020.445
0.277727;-0.038307;10.314.221
0.229843;0.067038;8.283.937
0.191536;0.153229;6.445.191
0.153229;0.306458;4.175.488
0.162806;0.306458;4.022.259
0.191536;0.306458;4.481.946
0.220267;0.114922;7.259.220
0.229843;0.000000;9.165.004
0.287304;-0.114922;11.204.864
0.335188;-0.220267;13.072.341
0.392649;-0.344765;15.600.618
0.363919;-0.373495;15.954.960
0.363919;-0.335188;15.610.195
0.316035;-0.229843;13.081.918
0.268151;-0.105345;11.214.440
0.268151;-0.019154;9.212.888
0.239420;0.114922;7.307.104
0.153229;0.268151;4.587.290
0.143652;0.287304;4.098.873
0.153229;0.296881;4.271.256
0.201113;0.162806;6.483.498
0.248997;0.047884;8.303.091
0.277727;-0.047884;10.275.913
0.316035;-0.239420;13.857.639
0.354342;-0.316035;15.093.047
0.373495;-0.344765;15.734.694
0.363919;-0.344765;15.734.694
0.344765;-0.248997;13.752.295
0.306458;-0.162806;12.076.353
0.248997;-0.047884;10.151.415
0.191536;0.134075;6.493.075
0.153229;0.229843;5.171.476
0.153229;0.306458;4.405.331
0.201113;0.248997;4.807.557
0.229843;0.210690;5.899.313
0.239420;0.095768;7.498.640
0.239420;0.019154;9.346.964
0.287304;-0.181959;13.024.457
0.354342;-0.268151;14.422.671
0.373495;-0.306458;15.322.891
0.335188;-0.335188;15.255.854
0.335188;-0.277727;14.259.866
0.306458;-0.191536;12.765.883
0.268151;-0.114922;11.013.328
0.229843;0.067038;7.354.988
0.220267;0.191536;5.889.736
0.181959;0.268151;4.874.595
0.162806;0.287304;4.721.366
0.191536;0.239420;5.516.241
0.229843;0.153229;6.856.994
0.268151;0.000000;10.362.105
0.316035;-0.134075;12.133.814
0.344765;-0.220267;13.666.103
0.335188;-0.239420;14.777.013
0.344765;-0.325611;15.217.546
0.344765;-0.277727;14.556.746
0.325611;-0.239420;13.311.762
0.268151;-0.057461;9.950.302
0.268151;0.047884;8.207.323
0.220267;0.134075;6.703.765
0.172383;0.201113;5.506.664
0.181959;0.268151;4.797.980
0.239420;0.201113;6.387.730
0.239420;0.000000;9.567.230
0.277727;-0.105345;11.310.209
0.306458;-0.153229;12.861.651
0.363919;-0.287304;14.815.320
0.344765;-0.287304;15.016.433
0.344765;-0.268151;14.595.054
0.335188;-0.239420;13.666.103
0.287304;-0.114922;10.706.870
0.268151;0.000000;9.011.775
0.229843;0.086191;7.479.486
0.191536;0.220267;5.401.319
0.172383;0.248997;5.152.322
0.153229;0.248997;5.382.165
0.181959;0.191536;6.177.041
0.239420;0.047884;8.925.584
0.296881;-0.134075;12.057.199
0.335188;-0.229843;14.259.866
0.335188;-0.258574;14.614.207
0.325611;-0.258574;14.489.709
0.306458;-0.191536;12.717.999
0.306458;-0.124498;11.319.786
0.277727;-0.028730;9.768.343
0.239420;0.038307;8.264.784
0.191536;0.162806;6.023.811
0.191536;0.191536;5.544.971
0.201113;0.220267;5.583.278
0.220267;0.162806;7.115.568
0.229843;0.076614;8.418.014
0.268151;0.009577;9.873.688
0.287304;-0.153229;12.622.231
0.306458;-0.181959;13.618.219
0.344765;-0.239420;14.135.366
0.363919;-0.248997;14.221.559
0.316035;-0.191536;12.899.959
0.287304;-0.124498;11.722.012
0.287304;-0.067038;10.323.798
0.239420;0.086191;7.661.446
0.229843;0.153229;6.646.304
0.210690;0.181959;6.081.272
0.210690;0.191536;6.263.232
0.220267;0.153229;7.010.222
0.239420;0.086191;8.101.978
0.268151;0.028730;9.375.694
0.296881;-0.086191;11.980.585
0.335188;-0.153229;12.928.689
0.316035;-0.210690;13.570.335
0.335188;-0.248997;13.541.605
0.335188;-0.191536;12.909.535
0.316035;-0.181959;11.932.701
0.277727;-0.067038;10.745.177
0.239420;0.009577;8.264.784
0.220267;0.086191;7.287.950
0.201113;0.143652;6.636.727
0.201113;0.191536;6.560.112
0.229843;0.134075;7.096.414
0.220267;0.105345;7.977.480
0.287304;0.019154;10.247.183
0.287304;-0.076614;11.396.400
0.287304;-0.105345;12.344.504
0.306458;-0.172383;13.024.457
0.325611;-0.172383;13.235.147
0.306458;-0.181959;12.717.999
0.306458;-0.143652;11.961.432
0.258574;-0.047884;9.864.111
0.248997;0.009577;8.762.778
0.239420;0.057461;7.872.135
0.229843;0.086191;7.230.489
0.229843;0.114922;6.895.301
0.220267;0.124498;7.316.680
0.248997;0.067038;8.954.314
0.258574;0.009577;9.940.725
0.268151;-0.019154;10.984.597
0.325611;-0.076614;11.836.933
0.287304;-0.153229;12.832.921
0.306458;-0.162806;12.832.921
0.296881;-0.153229;12.469.003
0.287304;-0.153229;11.836.933
0.287304;-0.067038;10.055.647
0.258574;-0.028730;9.136.273
0.248997;0.028730;8.293.514
0.220267;0.095768;7.374.141
0.229843;0.105345;7.345.411
0.229843;0.105345;7.632.715
0.258574;0.076614;8.954.314
0.268151;0.000000;9.797.073
0.296881;-0.028730;10.706.870
0.268151;-0.047884;11.463.438
0.287304;-0.105345;12.363.658
0.316035;-0.095768;12.392.388
0.306458;-0.124498;12.152.967
0.287304;-0.057461;10.907.983
0.268151;-0.057461;10.103.531
0.258574;0.000000;9.346.964
0.229843;0.009577;8.619.126
0.258574;0.076614;7.795.521
0.239420;0.086191;7.766.790
0.248997;0.067038;8.006.210
0.268151;0.067038;9.117.120
0.277727;0.028730;9.854.534
0.287304;-0.019154;10.591.949
0.287304;-0.047884;11.731.588
0.296881;-0.076614;11.971.008
0.296881;-0.086191;11.999.739
0.277727;-0.105345;11.741.165
0.268151;-0.057461;10.687.716
0.258574;-0.057461;10.007.763
0.258574;-0.028730;9.346.964
0.258574;0.028730;8.283.937
0.248997;0.038307;8.092.402
0.239420;0.047884;8.111.555
0.258574;0.028730;8.772.355
0.277727;0.009577;9.356.541
0.268151;0.000000;10.046.070
0.277727;0.000000;10.639.832
0.296881;-0.038307;11.559.206
0.296881;-0.057461;11.731.588
0.268151;-0.067038;11.702.858
0.287304;-0.057461;10.994.174
0.287304;-0.047884;10.409.989
0.268151;-0.038307;9.806.650
0.248997;0.000000;8.724.471
0.248997;0.019154;8.389.283
0.239420;0.009577;8.274.361
0.239420;0.038307;8.370.130
0.268151;0.000000;9.136.273
0.268151;-0.009577;9.672.575
0.268151;-0.028730;10.266.336
0.277727;-0.028730;11.281.479
0.296881;-0.028730;11.559.206
0.296881;-0.047884;11.635.820
0.277727;-0.047884;11.482.592
0.277727;-0.028730;10.687.716
0.268151;0.000000;10.103.531
0.268151;0.009577;9.528.923
0.248997;0.028730;8.571.242
0.268151;0.000000;8.312.668
0.248997;0.038307;8.303.091
0.248997;-0.009577;8.887.277
0.268151;-0.009577;9.394.848
0.258574;-0.028730;9.988.609
0.268151;-0.028730;10.572.795
0.296881;-0.057461;11.463.438
0.287304;-0.057461;11.674.128
0.287304;-0.057461;11.683.704
0.277727;0.000000;11.013.328
0.258574;-0.019154;10.457.873
0.277727;0.009577;9.825.804
0.268151;0.028730;9.232.041
0.239420;0.067038;8.293.514
0.229843;0.019154;8.121.132
0.248997;0.028730;8.216.900
0.258574;0.000000;8.954.314
0.287304;-0.009577;9.548.077
0.277727;-0.038307;10.237.606
0.277727;-0.067038;11.434.708
0.296881;-0.086191;11.789.049
0.306458;-0.086191;11.980.585
0.306458;-0.076614;11.875.240
0.277727;-0.038307;11.042.058
0.268151;0.000000;10.352.529
0.258574;0.038307;9.634.268
0.248997;0.086191;8.379.706
0.220267;0.086191;7.967.903
0.239420;0.076614;7.814.674
0.239420;0.067038;7.929.596
0.248997;-0.009577;8.858.546
0.277727;-0.019154;9.557.653
0.258574;-0.057461;10.352.529
0.296881;-0.114922;11.731.588
0.316035;-0.134075;12.162.544
0.316035;-0.105345;12.315.774
0.296881;-0.067038;11.789.049
0.268151;-0.028730;11.166.556
0.277727;0.000000;10.409.989
0.258574;0.038307;9.576.807
0.248997;0.105345;8.063.671
0.220267;0.105345;7.632.715
0.220267;0.086191;7.441.179
0.229843;0.067038;7.967.903
0.258574;0.000000;8.628.703
0.268151;-0.047884;9.452.309
0.287304;-0.114922;11.243.171
0.325611;-0.134075;11.980.585
0.306458;-0.143652;12.497.733
0.306458;-0.134075;12.708.423
0.306458;-0.086191;12.181.698
0.287304;-0.028730;11.463.438
0.287304;0.000000;10.582.372
0.239420;0.076614;8.686.164
0.239420;0.095768;7.862.558
0.239420;0.153229;7.297.527
0.201113;0.143652;7.029.376
0.239420;0.086191;7.546.524
0.258574;0.009577;8.255.207
0.248997;0.000000;9.174.581
0.287304;-0.105345;11.243.171
0.306458;-0.153229;12.114.660
0.306458;-0.172383;12.756.307
0.316035;-0.143652;13.043.611
0.296881;-0.114922;12.660.539
0.296881;-0.086191;11.884.817
0.277727;-0.038307;10.936.713
0.220267;0.067038;8.753.201
0.229843;0.114922;7.785.944
0.210690;0.153229;7.058.106
0.191536;0.134075;6.684.611
0.220267;0.105345;7.010.222
0.229843;0.038307;7.795.521
0.296881;-0.047884;9.921.572
0.306458;-0.114922;11.109.096
0.316035;-0.153229;12.133.814
0.316035;-0.181959;12.947.843
0.335188;-0.201113;13.493.721
0.316035;-0.181959;13.148.955
0.306458;-0.114922;12.459.426
0.248997;0.000000;10.256.760
0.248997;0.067038;8.992.621
0.220267;0.124498;7.862.558
0.210690;0.143652;6.933.608
0.201113;0.181959;6.244.078
0.220267;0.143652;6.540.959
0.229843;0.095768;7.230.489
0.287304;-0.009577;9.481.039
0.287304;-0.105345;10.764.331
0.277727;-0.153229;11.971.008
0.344765;-0.220267;13.675.680
0.335188;-0.248997;13.886.370
0.335188;-0.210690;13.666.103
0.306458;-0.153229;13.034.034
0.268151;-0.019154;10.735.600
0.258574;0.019154;9.394.848
0.220267;0.095768;8.073.248
0.210690;0.201113;6.234.501
0.191536;0.210690;5.918.467
0.191536;0.181959;6.042.965
0.239420;0.134075;6.607.996
0.258574;0.009577;8.868.123
0.277727;-0.095768;10.275.913
0.306458;-0.134075;11.693.281
0.335188;-0.229843;13.742.718
0.335188;-0.248997;14.202.404
0.335188;-0.220267;14.144.943
0.316035;-0.143652;12.641.385
0.287304;-0.086191;11.396.400
0.268151;0.000000;9.921.572
0.239420;0.076614;8.456.321
0.201113;0.181959;6.196.194
0.172383;0.229843;5.650.316
0.181959;0.229843;5.612.009
0.210690;0.134075;6.962.338
0.248997;0.038307;8.226.477
0.268151;-0.047884;9.653.421
0.296881;-0.143652;11.214.440
0.335188;-0.258574;13.666.103
0.344765;-0.248997;14.346.057
0.344765;-0.258574;14.480.132
0.316035;-0.153229;13.302.185
0.287304;-0.124498;12.085.930
0.287304;-0.047884;10.591.949
0.239420;0.095768;7.603.985
0.201113;0.181959;6.378.153
0.191536;0.201113;5.602.432
0.172383;0.248997;5.324.705
0.229843;0.162806;6.359.000
0.239420;0.076614;7.517.793
0.268151;-0.076614;10.591.949
0.306458;-0.181959;12.076.353
0.325611;-0.220267;13.397.953
0.363919;-0.277727;14.288.596
0.325611;-0.277727;14.585.477
0.344765;-0.220267;13.905.523
0.306458;-0.153229;12.794.614
0.277727;-0.095768;11.319.786
0.229843;0.095768;8.101.978
0.210690;0.162806;6.742.072
0.172383;0.248997;5.726.931
0.191536;0.239420;5.181.053
0.210690;0.210690;5.765.238
0.229843;0.105345;6.809.110
0.229843;0.028730;8.236.053
0.316035;-0.143652;11.492.168
0.325611;-0.201113;12.986.150
0.354342;-0.268151;14.106.636
0.363919;-0.306458;14.872.781
0.325611;-0.258574;14.451.402
0.335188;-0.210690;13.455.414
0.258574;-0.019154;10.486.604
0.248997;0.047884;8.781.932
0.220267;0.124498;7.230.489
0.191536;0.201113;6.004.658
0.191536;0.248997;4.979.939
0.210690;0.239420;5.267.244
0.210690;0.201113;6.167.464
0.239420;0.009577;9.050.082
0.268151;-0.105345;10.764.331
0.296881;-0.181959;12.382.812
0.363919;-0.306458;14.652.514
0.354342;-0.287304;15.006.856
0.354342;-0.277727;14.796.166
0.325611;-0.248997;14.058.752
0.287304;-0.105345;11.243.171
0.248997;0.000000;9.528.923
0.239420;0.076614;7.910.442
0.181959;0.220267;5.468.357
0.162806;0.239420;4.951.209
0.153229;0.248997;5.018.247
0.201113;0.210690;5.650.316
0.268151;0.038307;8.303.091
0.258574;-0.038307;9.959.879
0.296881;-0.153229;11.674.128
0.354342;-0.258574;14.317.327
0.373495;-0.316035;14.968.549
0.354342;-0.296881;15.054.740
0.316035;-0.220267;13.484.144
0.306458;-0.114922;12.038.046
0.296881;-0.057461;10.371.682
0.229843;0.047884;8.638.280
0.201113;0.210690;5.841.852
0.153229;0.258574;5.056.554
0.162806;0.258574;4.884.171
0.210690;0.162806;6.157.887
0.220267;0.124498;7.517.793
0.248997;0.000000;9.145.850
0.277727;-0.095768;10.917.560
0.344765;-0.239420;13.838.486
0.354342;-0.296881;14.729.129
0.363919;-0.306458;15.054.740
0.344765;-0.258574;14.020.445
0.296881;-0.172383;12.756.307
0.287304;-0.114922;11.137.826
0.229843;0.095768;7.785.944
0.201113;0.181959;6.397.307
0.191536;0.229843;5.391.742
0.181959;0.258574;4.893.748
0.191536;0.210690;5.669.470
0.220267;0.162806;6.885.724
0.258574;0.057461;8.379.706
0.316035;-0.124498;11.769.896
0.335188;-0.210690;13.206.416
0.363919;-0.316035;14.930.242
0.335188;-0.268151;14.413.095
0.296881;-0.143652;11.913.548
0.296881;-0.153229;11.913.548
0.258574;0.028730;8.552.089
0.210690;0.134075;7.038.953
0.172383;0.220267;5.851.429
0.162806;0.258574;5.008.670
0.181959;0.229843;5.420.473
0.220267;0.172383;6.349.423
0.220267;0.105345;7.690.176
0.268151;-0.095768;10.984.597
0.306458;-0.162806;12.516.887
0.325611;-0.239420;13.771.448
0.354342;-0.287304;14.872.781
0.354342;-0.277727;14.595.054
0.325611;-0.239420;13.781.025
0.277727;-0.095768;10.994.174
0.258574;-0.019154;9.366.117
0.229843;0.067038;7.795.521
0.210690;0.143652;6.473.921
0.201113;0.258574;5.190.629
0.181959;0.239420;5.315.128
0.220267;0.210690;5.995.081
0.248997;0.057461;8.599.973
0.277727;-0.047884;10.208.876
0.306458;-0.095768;11.779.472
0.335188;-0.258574;14.164.097
0.354342;-0.277727;14.623.784
0.344765;-0.277727;14.595.054
0.335188;-0.268151;14.058.752
0.277727;-0.143652;11.674.128
0.277727;-0.067038;10.065.224
0.239420;0.038307;8.542.512
0.181959;0.181959;6.081.272
0.162806;0.229843;5.506.664
0.191536;0.248997;5.401.319
0.210690;0.248997;5.813.122
0.229843;0.076614;8.006.210
0.268151;0.019154;9.452.309
0.287304;-0.086191;11.022.904
0.344765;-0.191536;13.532.028
0.344765;-0.239420;14.231.135
0.383072;-0.258574;14.480.132
0.316035;-0.210690;13.378.799
0.287304;-0.172383;12.162.544
0.287304;-0.076614;10.754.754
0.268151;0.009577;9.251.195
0.220267;0.153229;6.703.765
0.181959;0.191536;5.928.043
0.201113;0.210690;5.631.162
0.201113;0.181959;6.483.498
0.248997;0.114922;7.546.524
0.287304;-0.105345;11.722.012
0.316035;-0.162806;12.909.535
0.325611;-0.210690;13.771.448
0.335188;-0.248997;14.144.943
0.335188;-0.229843;13.493.721
0.306458;-0.143652;12.536.040
0.296881;-0.114922;11.310.209
0.258574;0.019154;8.561.666
0.229843;0.095768;7.364.564
0.191536;0.162806;6.493.075
0.201113;0.181959;6.004.658
0.201113;0.191536;6.397.307
0.220267;0.143652;7.259.220
0.239420;0.086191;8.408.437
0.258574;-0.047884;11.042.058
0.296881;-0.124498;12.248.735
0.306458;-0.181959;13.158.532
0.325611;-0.210690;13.828.909
0.335188;-0.220267;13.503.298
0.316035;-0.172383;12.746.730
0.316035;-0.134075;11.693.281
0.248997;-0.009577;9.155.427
0.239420;0.057461;7.958.326
0.220267;0.124498;7.038.953
0.210690;0.191536;6.263.232
0.210690;0.181959;6.512.228
0.220267;0.153229;7.144.298
0.239420;0.114922;8.092.402
0.277727;-0.019154;10.457.873
0.306458;-0.086191;11.635.820
0.325611;-0.143652;12.583.924
0.325611;-0.220267;13.474.567
0.316035;-0.210690;13.311.762
0.316035;-0.181959;12.785.037
0.287304;-0.095768;10.840.945
0.277727;-0.047884;9.672.575
0.248997;0.009577;8.590.396
0.229843;0.067038;7.632.715
0.201113;0.134075;6.655.881
0.201113;0.162806;6.732.495
0.210690;0.124498;7.182.605
0.248997;0.057461;8.935.161
0.277727;0.000000;10.007.763
0.287304;-0.057461;11.118.672
0.325611;-0.162806;12.708.423
0.306458;-0.162806;13.053.187
0.306458;-0.201113;13.043.611
0.325611;-0.172383;12.689.269
0.277727;-0.095768;11.099.519
0.277727;-0.038307;10.074.800
0.258574;0.019154;9.040.505
0.229843;0.095768;7.498.640
0.201113;0.114922;7.086.837
0.210690;0.134075;7.077.260
0.229843;0.124498;7.364.564
0.258574;0.076614;8.772.355
0.258574;0.028730;9.730.036
0.268151;0.000000;10.658.986
0.296881;-0.124498;12.220.005
0.316035;-0.134075;12.593.501
0.316035;-0.153229;12.670.115
0.277727;-0.134075;11.942.278
0.316035;-0.105345;11.176.133
0.268151;-0.057461;10.295.067
0.268151;-0.028730;9.404.425
0.239420;0.057461;7.958.326
0.220267;0.086191;7.536.947
0.220267;0.086191;7.441.179
0.220267;0.086191;8.092.402
0.239420;0.095768;8.743.625
0.248997;0.019154;9.548.077
0.268151;-0.047884;11.185.710
0.287304;-0.105345;11.798.626
0.306458;-0.124498;12.181.698
0.306458;-0.114922;12.296.620
0.287304;-0.124498;11.741.165
0.277727;-0.095768;11.156.980
0.277727;-0.067038;10.381.259
0.248997;0.000000;8.916.007
0.248997;0.047884;8.331.821
0.220267;0.067038;7.958.326
0.239420;0.076614;7.843.405
0.239420;0.057461;8.331.821
0.248997;0.067038;8.858.546
0.248997;0.038307;9.548.077
0.296881;-0.028730;10.888.829
0.287304;-0.057461;11.453.861
0.296881;-0.057461;11.827.356
0.287304;-0.105345;11.836.933
0.287304;-0.105345;11.492.168
0.287304;-0.076614;10.994.174
0.277727;-0.057461;10.342.952
0.248997;0.000000;9.088.389
0.258574;0.009577;8.590.396
0.248997;0.038307;8.303.091
0.239420;0.067038;8.274.361
0.239420;0.047884;8.628.703
0.248997;0.047884;9.078.813
0.268151;0.009577;10.266.336
0.277727;-0.019154;10.812.215
0.277727;-0.047884;11.262.324
0.296881;-0.047884;11.540.052
0.296881;-0.067038;11.492.168
0.287304;-0.057461;11.224.017
0.258574;-0.057461;10.735.600
0.268151;-0.009577;9.605.537
0.239420;0.000000;9.155.427
0.258574;0.019154;8.753.201
0.258574;0.019154;8.590.396
0.239420;0.009577;8.916.007
0.248997;0.047884;9.318.233
0.258574;0.000000;10.371.682
0.277727;-0.038307;10.840.945
0.287304;-0.047884;11.185.710
0.296881;-0.047884;11.405.977
0.268151;-0.038307;11.233.594
0.277727;-0.038307;10.898.406
0.277727;-0.028730;10.467.450
0.258574;0.000000;9.500.193
0.268151;0.028730;9.050.082
0.248997;0.028730;8.743.625
0.248997;0.009577;8.619.126
0.248997;0.009577;8.801.085
0.248997;0.000000;9.155.427
0.268151;0.009577;9.586.384
0.277727;-0.019154;10.582.372
0.287304;-0.057461;11.224.017
0.296881;-0.028730;11.338.940
0.296881;-0.038307;11.061.212
0.268151;-0.019154;10.678.140
0.239420;0.009577;9.710.882
0.239420;0.009577;9.241.618
0.239420;0.009577;8.848.969
0.258574;0.019154;8.599.973
0.287304;0.000000;8.647.857
0.229843;0.009577;8.925.584
0.258574;0.009577;9.337.387
0.296881;-0.047884;10.323.798
0.344765;-0.057461;10.821.792
0.316035;-0.067038;11.204.864
0.258574;-0.057461;11.473.015
0.239420;-0.038307;11.329.363
0.258574;-0.028730;11.013.328
0.248997;-0.028730;10.553.641
0.248997;0.028730;9.442.732
0.210690;0.038307;8.992.621
0.191536;0.028730;8.580.819
0.248997;0.047884;8.379.706
0.296881;0.019154;8.523.358
0.296881;0.000000;8.916.007
0.296881;-0.038307;10.007.763
0.277727;-0.047884;10.601.525
0.258574;-0.057461;11.089.942
0.296881;-0.067038;11.482.592
0.306458;-0.067038;11.683.704
0.268151;-0.076614;11.492.168
0.229843;-0.047884;11.070.788
0.210690;0.009577;9.883.265
0.248997;0.038307;9.270.349
0.268151;0.047884;8.724.471
0.296881;0.067038;8.293.514
0.258574;0.076614;8.111.555
0.239420;0.009577;8.341.399
0.296881;0.000000;9.356.541
0.306458;-0.038307;10.026.917
0.296881;-0.057461;10.726.024
0.316035;-0.095768;11.329.363
0.258574;-0.105345;12.009.315
0.258574;-0.095768;11.999.739
0.277727;-0.095768;11.750.742
0.277727;-0.019154;10.630.256
0.258574;0.028730;9.902.418
0.220267;0.047884;9.155.427
0.248997;0.105345;8.494.628
0.277727;0.114922;7.776.367
0.277727;0.086191;7.785.944
0.287304;0.067038;8.044.518
0.258574;-0.057461;9.969.456
0.268151;-0.057461;10.764.331
0.287304;-0.114922;11.482.592
0.287304;-0.134075;12.334.928
0.258574;-0.124498;12.373.235
0.258574;-0.095768;12.085.930
0.277727;-0.028730;10.898.406
0.268151;0.028730;10.046.070
0.277727;0.047884;9.212.888
0.258574;0.095768;8.418.014
0.220267;0.105345;7.479.486
0.239420;0.114922;7.402.872
0.248997;0.105345;7.603.985
0.258574;0.000000;8.868.123
0.258574;-0.057461;9.749.189
0.229843;-0.095768;10.687.716
0.268151;-0.162806;12.191.275
0.316035;-0.181959;12.612.655
0.325611;-0.143652;12.737.153
0.316035;-0.114922;12.516.887
0.277727;-0.038307;11.262.324
0.268151;0.000000;10.314.221
0.287304;0.047884;9.356.541
0.268151;0.114922;7.661.446
0.229843;0.143652;7.220.912
0.220267;0.172383;7.010.222
0.210690;0.134075;7.201.759
0.220267;0.019154;8.465.898
0.239420;-0.019154;9.404.425
0.287304;-0.076614;10.419.566
0.287304;-0.143652;12.258.312
0.306458;-0.172383;12.832.921
0.306458;-0.162806;13.072.341
0.344765;-0.114922;12.488.156
0.316035;-0.095768;11.712.435
0.287304;-0.009577;10.764.331
0.258574;0.038307;9.615.114
0.239420;0.124498;7.690.176
0.220267;0.153229;7.048.530
0.220267;0.153229;6.722.919
0.210690;0.095768;7.201.759
0.210690;0.047884;7.977.480
0.220267;-0.009577;8.963.891
0.287304;-0.114922;11.204.864
0.306458;-0.172383;12.181.698
0.344765;-0.191536;12.957.419
0.354342;-0.201113;13.321.339
0.335188;-0.153229;12.966.996
0.316035;-0.105345;12.248.735
0.296881;-0.057461;11.233.594
0.268151;0.057461;8.887.277
0.220267;0.105345;7.824.251
0.210690;0.153229;6.991.069
0.181959;0.181959;6.521.805
0.201113;0.153229;6.742.072
0.229843;0.086191;7.431.602
0.287304;-0.076614;10.860.099
0.306458;-0.153229;11.971.008
0.344765;-0.201113;12.938.266
0.363919;-0.191536;13.666.103
0.354342;-0.191536;13.417.107
0.316035;-0.153229;12.785.037
0.306458;-0.067038;11.808.203
0.229843;0.019154;9.308.656
0.239420;0.086191;8.092.402
0.210690;0.143652;7.115.568
0.162806;0.181959;6.148.310
0.181959;0.181959;6.301.539
0.201113;0.143652;6.904.878
0.287304;-0.009577;9.050.082
0.306458;-0.038307;10.342.952
0.316035;-0.153229;11.616.667
0.335188;-0.191536;12.689.269
0.344765;-0.229843;13.867.216
0.344765;-0.220267;13.819.332
0.258574;-0.086191;11.214.440
0.220267;-0.019154;9.854.534
0.191536;0.057461;8.513.782
0.201113;0.124498;7.383.718
0.191536;0.191536;6.023.811
0.191536;0.172383;5.985.504
0.201113;0.162806;6.406.884
0.248997;0.038307;8.427.590
0.296881;-0.019154;9.758.766
0.335188;-0.153229;12.363.658
0.344765;-0.210690;13.378.799
0.335188;-0.229843;13.943.830
0.306458;-0.220267;13.723.564
0.268151;-0.086191;11.865.664
0.258574;-0.019154;10.496.181
0.239420;0.047884;9.097.966
0.220267;0.191536;6.713.342
0.191536;0.201113;5.995.081
0.210690;0.220267;5.765.238
0.258574;0.143652;6.694.188
0.277727;0.086191;7.747.637
0.287304;0.000000;9.107.543
0.287304;-0.143652;11.894.394
0.325611;-0.201113;13.062.764
0.325611;-0.229843;13.857.639
0.335188;-0.239420;14.087.482
0.277727;-0.172383;13.503.298
0.268151;-0.172383;12.449.849
0.287304;-0.076614;11.185.710
0.258574;0.000000;9.739.613
0.229843;0.143652;7.067.683
0.220267;0.201113;6.205.771
0.191536;0.220267;5.746.084
0.229843;0.201113;6.263.232
0.248997;0.134075;7.173.028
0.268151;0.047884;8.437.167
0.287304;-0.114922;11.291.056
0.287304;-0.162806;12.612.655
0.306458;-0.210690;13.589.489
0.335188;-0.268151;14.288.596
0.316035;-0.210690;13.905.523
0.325611;-0.201113;13.024.457
0.296881;-0.105345;11.836.933
0.239420;0.057461;8.944.737
0.239420;0.114922;7.613.562
0.210690;0.181959;6.502.652
0.201113;0.210690;5.592.855
0.181959;0.210690;5.928.043
0.191536;0.143652;6.655.881
0.210690;0.057461;7.805.098
0.277727;-0.076614;10.658.986
0.277727;-0.162806;12.038.046
0.287304;-0.210690;13.187.263
0.325611;-0.287304;14.346.057
0.354342;-0.268151;14.173.674
0.335188;-0.201113;13.522.451
0.354342;-0.143652;12.478.580
0.258574;0.000000;9.615.114
0.239420;0.067038;8.207.323
0.191536;0.143652;6.962.338
0.201113;0.248997;5.650.316
0.201113;0.201113;5.688.623
0.201113;0.181959;6.253.655
0.210690;0.067038;8.523.358
0.220267;-0.019154;9.979.033
0.277727;-0.114922;11.405.977
0.306458;-0.172383;12.708.423
0.344765;-0.239420;14.202.404
0.335188;-0.239420;14.298.173
0.316035;-0.210690;13.867.216
0.316035;-0.124498;11.731.588
0.296881;-0.038307;10.314.221
0.268151;0.038307;8.848.969
0.181959;0.162806;6.473.921
0.181959;0.248997;5.822.699
0.172383;0.229843;5.650.316
0.210690;0.181959;5.995.081
0.248997;0.095768;7.920.019
0.248997;0.009577;9.279.925
0.268151;-0.047884;10.764.331
0.316035;-0.191536;13.254.301
0.373495;-0.239420;13.962.984
0.363919;-0.248997;14.250.289
0.363919;-0.258574;14.010.868
0.277727;-0.162806;12.315.774
0.258574;-0.095768;10.994.174
0.239420;-0.019154;9.538.500
0.201113;0.134075;6.971.915
0.181959;0.210690;6.177.041
0.181959;0.220267;5.774.815
0.210690;0.181959;6.406.884
0.229843;0.124498;7.393.295
0.248997;0.057461;8.657.434
0.296881;-0.086191;11.453.861
0.325611;-0.153229;12.689.269
0.325611;-0.201113;13.570.335
0.354342;-0.258574;14.077.906
0.335188;-0.210690;13.608.643
0.325611;-0.153229;12.756.307
0.296881;-0.124498;11.587.936
0.229843;-0.019154;10.180.145
0.220267;0.095768;7.536.947
0.210690;0.181959;6.607.996
0.191536;0.191536;6.023.811
0.191536;0.181959;6.263.232
0.191536;0.153229;7.019.799
0.229843;0.105345;8.130.709
0.296881;-0.047884;10.831.368
0.306458;-0.134075;12.057.199
0.335188;-0.181959;13.091.495
0.335188;-0.229843;13.752.295
0.335188;-0.229843;13.723.564
0.296881;-0.201113;13.053.187
0.316035;-0.153229;12.038.046
0.239420;-0.009577;9.461.885
0.220267;0.047884;8.188.169
0.210690;0.114922;7.134.721
0.201113;0.153229;6.406.884
0.229843;0.181959;6.215.348
0.229843;0.162806;6.761.226
0.229843;0.105345;7.680.599
0.258574;0.000000;10.180.145
0.316035;-0.076614;11.444.284
0.316035;-0.143652;12.526.464
0.335188;-0.229843;13.713.987
0.335188;-0.220267;13.685.257
0.316035;-0.201113;13.225.570
0.268151;-0.114922;11.291.056
0.248997;-0.047884;10.017.340
0.268151;0.038307;8.801.085
0.239420;0.086191;7.699.753
0.201113;0.172383;6.406.884
0.220267;0.191536;6.349.423
0.220267;0.162806;6.694.188
0.258574;0.095768;8.437.167
0.277727;0.009577;9.605.537
0.306458;-0.095768;11.942.278
0.306458;-0.105345;11.942.278
0.316035;-0.191536;13.350.069
0.325611;-0.191536;13.503.298
0.316035;-0.210690;13.206.416
0.277727;-0.134075;11.645.397
0.248997;-0.076614;10.572.795
0.239420;0.000000;9.375.694
0.239420;0.114922;7.402.872
0.210690;0.134075;6.809.110
0.201113;0.153229;6.588.843
0.210690;0.162806;6.761.226
0.239420;0.076614;8.149.862
0.239420;0.038307;9.193.734
0.287304;-0.038307;10.333.375
0.316035;-0.124498;12.306.197
0.316035;-0.162806;12.919.112
0.306458;-0.172383;13.215.993
0.335188;-0.220267;13.101.071
0.296881;-0.143652;11.875.240
0.277727;-0.076614;10.927.136
0.268151;-0.009577;9.864.111
0.248997;0.095768;7.872.135
0.220267;0.114922;7.259.220
0.239420;0.143652;6.895.301
0.229843;0.162806;7.297.527
0.220267;0.114922;7.948.750
0.239420;0.057461;8.887.277
0.248997;0.019154;9.864.111
0.277727;-0.105345;11.769.896
0.277727;-0.143652;12.459.426
0.306458;-0.172383;12.852.075
0.296881;-0.162806;12.574.347
0.316035;-0.134075;12.028.469
0.287304;-0.114922;11.166.556
0.287304;-0.057461;10.228.029
0.248997;0.038307;8.398.860
0.239420;0.067038;7.718.906
0.229843;0.114922;7.326.257
0.220267;0.134075;7.431.602
0.248997;0.095768;7.958.326
0.239420;0.067038;8.676.587
0.248997;-0.038307;10.457.873
0.277727;-0.067038;11.319.786
0.306458;-0.124498;11.961.432
0.287304;-0.124498;12.411.542
0.316035;-0.153229;12.430.696
0.296881;-0.162806;11.942.278
0.306458;-0.105345;11.291.056
0.268151;-0.028730;9.605.537
0.258574;0.009577;8.839.393
0.239420;0.076614;8.178.593
0.239420;0.134075;7.565.677
0.220267;0.134075;7.671.022
0.229843;0.105345;8.063.671
0.229843;0.095768;8.657.434
0.268151;0.019154;10.199.299
0.287304;-0.038307;10.936.713
0.296881;-0.057461;11.568.783
0.306458;-0.124498;12.248.735
0.306458;-0.114922;12.124.237
0.306458;-0.124498;11.827.356
0.287304;-0.095768;11.291.056
0.258574;-0.019154;9.854.534
0.277727;0.028730;9.136.273
0.229843;0.019154;8.504.205
0.229843;0.067038;7.929.596
0.210690;0.095768;7.958.326
0.220267;0.086191;8.245.630
0.248997;0.019154;9.346.964
0.258574;0.000000;9.979.033
0.287304;-0.009577;10.668.563
0.277727;-0.057461;11.262.324
0.316035;-0.095768;11.875.240
0.325611;-0.105345;11.846.510
0.306458;-0.095768;11.587.936
0.277727;-0.076614;10.591.949
0.287304;-0.038307;9.959.879
0.268151;-0.009577;9.337.387
0.220267;0.019154;8.791.509
0.248997;0.047884;8.255.207
0.229843;0.047884;8.274.361
0.258574;0.076614;8.475.474
0.258574;0.028730;9.394.848
0.268151;0.009577;9.959.879
0.277727;0.000000;10.534.488
0.277727;-0.038307;11.367.670
0.296881;-0.038307;11.540.052
0.306458;-0.067038;11.530.476
0.287304;-0.067038;11.329.363
0.268151;-0.038307;10.486.604
0.248997;-0.019154;9.959.879
0.248997;0.000000;9.433.155
0.258574;0.038307;8.695.741
0.229843;0.028730;8.523.358
0.239420;0.028730;8.552.089
0.277727;0.047884;9.097.966
0.258574;0.000000;9.519.346
0.268151;0.009577;10.026.917
0.287304;-0.038307;10.879.252
0.296881;-0.047884;11.195.287
0.277727;-0.047884;11.319.786
0.277727;-0.067038;11.252.748
0.268151;-0.038307;10.726.024
0.268151;-0.028730;10.314.221
0.268151;-0.019154;9.844.957
0.239420;0.000000;9.414.001
0.239420;0.019154;8.839.393
0.239420;0.019154;8.743.625
0.258574;0.019154;8.791.509
0.277727;0.009577;9.346.964
0.258574;0.019154;9.768.343
0.268151;-0.019154;10.189.722
0.306458;-0.009577;10.907.983
0.296881;-0.028730;11.118.672
0.277727;-0.047884;11.166.556
0.296881;-0.019154;11.061.212
0.248997;-0.019154;10.477.027
0.277727;0.000000;10.084.377
0.248997;0.000000;9.634.268
0.220267;0.019154;8.983.045
0.258574;0.019154;8.810.662
0.239420;0.019154;8.791.509
0.258574;0.028730;9.212.888
0.268151;-0.009577;9.557.653
0.258574;0.000000;9.969.456
0.268151;-0.019154;10.400.413
0.268151;-0.038307;11.042.058
0.287304;-0.038307;11.147.403
0.277727;-0.028730;11.118.672
0.258574;-0.038307;10.687.716
0.239420;-0.028730;10.266.336
0.258574;0.000000;9.864.111
0.258574;-0.009577;9.433.155
0.268151;0.000000;8.829.816
0.258574;0.009577;8.743.625
0.268151;0.019154;8.772.355
0.258574;0.009577;9.346.964
0.287304;-0.047884;9.720.459
0.306458;-0.057461;10.151.415
0.277727;-0.047884;10.994.174
0.277727;-0.095768;11.214.440
0.287304;-0.047884;11.281.479
0.268151;-0.047884;11.224.017
0.277727;-0.009577;10.611.102
0.258574;0.000000;10.141.838
0.239420;0.000000;9.653.421
0.239420;0.038307;8.839.393
0.248997;0.028730;8.619.126
0.258574;0.038307;8.532.935
0.248997;0.038307;8.619.126
0.277727;0.000000;9.327.810
0.277727;-0.028730;9.844.957
0.277727;-0.047884;10.362.105
0.277727;-0.057461;11.224.017
0.306458;-0.067038;11.473.015
0.287304;-0.067038;11.530.476
0.268151;-0.038307;11.070.788
0.268151;-0.009577;10.620.679
0.268151;0.009577;10.103.531
0.248997;0.038307;9.519.346
0.258574;0.057461;8.571.242
0.239420;0.086191;8.360.553
0.239420;0.047884;8.283.937
0.248997;-0.019154;8.743.625
0.248997;0.000000;9.279.925
0.268151;-0.047884;9.825.804
0.287304;-0.086191;10.984.597
0.296881;-0.095768;11.473.015
0.277727;-0.095768;11.722.012
0.296881;-0.086191;11.817.780
0.296881;-0.067038;11.300.632
0.287304;-0.009577;10.783.484
0.287304;0.000000;10.151.415
0.258574;0.038307;8.887.277
0.239420;0.076614;8.398.860
0.248997;0.086191;8.063.671
0.258574;0.105345;7.977.480
0.248997;0.019154;8.504.205
0.268151;0.019154;9.011.775
0.248997;-0.019154;9.710.882
0.277727;-0.076614;11.070.788
0.287304;-0.095768;11.654.974
0.306458;-0.114922;11.990.162
0.296881;-0.105345;11.999.739
0.277727;-0.057461;11.635.820
0.287304;-0.028730;11.042.058
0.268151;0.009577;10.362.105
0.268151;0.067038;8.839.393
0.210690;0.086191;8.236.053
0.220267;0.086191;7.852.982
0.239420;0.067038;7.766.790
0.239420;0.057461;8.111.555
0.248997;0.028730;8.705.317
0.287304;-0.076614;10.256.760
0.296881;-0.124498;11.042.058
0.296881;-0.124498;11.722.012
0.316035;-0.124498;12.200.851
0.316035;-0.114922;12.344.504
0.296881;-0.105345;11.990.162
0.296881;-0.047884;11.405.977
0.258574;0.000000;9.768.343
0.258574;0.057461;8.925.584
0.229843;0.086191;8.197.746
0.210690;0.105345;7.661.446
0.201113;0.114922;7.450.756
0.210690;0.105345;7.738.060
0.239420;0.047884;8.331.821
0.258574;-0.028730;10.026.917
0.287304;-0.067038;10.907.983
0.306458;-0.134075;11.722.012
0.306458;-0.143652;12.670.115
0.316035;-0.114922;12.411.542
0.306458;-0.057461;11.827.356
0.258574;0.019154;10.065.224
0.258574;0.067038;9.126.697
0.239420;0.105345;8.283.937
0.210690;0.114922;7.163.452
0.210690;0.134075;7.115.568
0.220267;0.114922;7.354.988
0.239420;0.019154;8.695.741
0.258574;-0.028730;9.653.421
0.287304;-0.076614;10.658.986
0.287304;-0.124498;11.549.629
0.316035;-0.172383;12.832.921
0.296881;-0.162806;12.938.266
0.316035;-0.143652;12.804.191
0.306458;-0.086191;11.463.438
0.268151;-0.019154;10.486.604
0.248997;0.028730;9.471.462
0.239420;0.067038;8.485.051
0.210690;0.162806;6.856.994
0.268151;0.057461;8.226.477
0.268151;0.000000;9.203.311
0.287304;-0.067038;10.285.490
0.316035;-0.153229;12.191.275
0.325611;-0.181959;12.852.075
0.325611;-0.201113;13.196.839
0.335188;-0.191536;13.168.109
0.287304;-0.105345;11.961.432
0.248997;-0.057461;10.994.174
0.220267;0.114922;7.843.405
0.229843;0.162806;6.703.765
0.220267;0.134075;7.019.799
0.229843;0.095768;7.718.906
0.239420;0.038307;8.667.010
0.277727;-0.028730;9.787.497
0.325611;-0.143652;11.980.585
0.325611;-0.181959;12.785.037
0.335188;-0.181959;13.263.878
0.325611;-0.162806;13.129.802
0.306458;-0.143652;12.449.849
0.287304;-0.086191;11.520.899
0.248997;0.028730;9.232.041
0.229843;0.086191;8.140.285
0.210690;0.124498;7.249.643
0.201113;0.162806;6.646.304
0.229843;0.134075;6.675.035
0.229843;0.124498;7.230.489
0.239420;0.067038;8.130.709
0.296881;-0.095768;10.448.297
0.277727;-0.134075;11.578.360
0.287304;-0.191536;12.545.617
0.306458;-0.210690;13.244.724
0.316035;-0.181959;13.426.683
0.296881;-0.181959;12.919.112
0.306458;-0.114922;12.038.046
0.258574;0.000000;9.768.343
0.248997;0.057461;8.561.666
0.229843;0.143652;7.508.216
0.210690;0.181959;6.742.072
0.229843;0.172383;6.387.730
0.201113;0.172383;6.856.994
0.220267;0.105345;7.613.562
0.268151;-0.019154;9.892.841
0.306458;-0.095768;11.137.826
0.316035;-0.143652;12.267.890
0.325611;-0.220267;13.551.182
0.316035;-0.220267;13.666.103
0.306458;-0.220267;13.311.762
0.296881;-0.124498;12.536.040
0.277727;-0.019154;10.323.798
0.248997;0.028730;9.040.505
0.239420;0.105345;7.920.019
0.201113;0.191536;6.397.307
0.191536;0.210690;6.234.501
0.220267;0.172383;6.493.075
0.248997;0.047884;8.149.862
0.248997;0.009577;9.327.810
0.277727;-0.057461;10.591.949
0.287304;-0.134075;11.769.896
0.325611;-0.201113;13.455.414
0.344765;-0.220267;13.752.295
0.325611;-0.220267;13.551.182
0.296881;-0.134075;12.057.199
0.296881;-0.067038;10.888.829
0.258574;0.000000;9.624.691
0.220267;0.153229;7.364.564
0.210690;0.181959;6.588.843
0.201113;0.181959;6.224.925
0.191536;0.181959;6.301.539
0.229843;0.114922;7.632.715
0.248997;0.047884;8.762.778
0.268151;-0.019154;10.007.763
0.316035;-0.153229;12.373.235
0.316035;-0.201113;13.225.570
0.325611;-0.220267;13.675.680
0.363919;-0.201113;13.704.411
0.306458;-0.143652;12.536.040
0.306458;-0.095768;11.463.438
0.268151;-0.028730;10.237.606
0.239420;0.114922;7.785.944
0.191536;0.143652;6.876.147
0.191536;0.181959;6.359.000
0.191536;0.172383;6.502.652
0.210690;0.134075;7.192.182
0.248997;0.067038;8.216.900
0.277727;-0.067038;10.678.140
0.287304;-0.134075;11.856.087
0.306458;-0.172383;12.842.498
0.354342;-0.229843;13.704.411
0.325611;-0.210690;13.503.298
0.335188;-0.172383;12.890.382
0.296881;-0.143652;11.999.739
0.268151;-0.057461;10.802.638
0.239420;0.047884;8.341.399
0.229843;0.114922;7.307.104
0.191536;0.153229;6.588.843
0.210690;0.181959;6.339.846
0.229843;0.153229;6.885.724
0.220267;0.105345;7.738.060
0.248997;-0.009577;10.084.377
0.296881;-0.067038;11.291.056
0.316035;-0.143652;12.382.812
0.316035;-0.191536;13.187.263
0.316035;-0.229843;13.579.912
0.296881;-0.201113;13.187.263
0.296881;-0.162806;12.411.542
0.268151;-0.028730;10.113.108
0.239420;0.009577;8.916.007
0.220267;0.105345;7.814.674
0.191536;0.181959;6.483.498
0.210690;0.191536;6.359.000
0.229843;0.181959;6.665.458
0.239420;0.153229;7.383.718
0.248997;0.000000;9.509.769
0.296881;-0.057461;10.735.600
0.306458;-0.114922;11.856.087
0.335188;-0.181959;13.340.492
0.335188;-0.201113;13.532.028
0.325611;-0.201113;13.292.608
0.316035;-0.191536;12.727.576
0.268151;-0.057461;10.658.986
0.277727;0.000000;9.471.462
0.239420;0.057461;8.350.976
0.201113;0.153229;6.761.226
0.191536;0.162806;6.502.652
0.191536;0.172383;6.627.151
0.229843;0.105345;7.958.326
0.277727;0.038307;9.011.775
0.268151;-0.047884;10.170.568
0.287304;-0.086191;11.300.632
0.344765;-0.162806;12.986.150
0.335188;-0.229843;13.340.492
0.335188;-0.210690;13.302.185
0.296881;-0.143652;12.124.237
0.277727;-0.086191;11.137.826
0.277727;-0.038307;9.998.186
0.248997;0.028730;8.896.853
0.229843;0.134075;7.144.298
0.210690;0.162806;6.722.919
0.201113;0.162806;6.665.458
0.229843;0.134075;7.671.022
0.258574;0.057461;8.580.819
0.258574;0.000000;9.662.998
0.306458;-0.086191;11.808.203
0.296881;-0.153229;12.564.771
0.325611;-0.172383;13.034.034
0.325611;-0.172383;13.177.686
0.316035;-0.162806;12.363.658
0.296881;-0.124498;11.520.899
0.268151;-0.086191;10.486.604
0.268151;0.057461;8.408.437
0.239420;0.095768;7.613.562
0.220267;0.134075;7.096.414
0.201113;0.143652;7.019.799
0.229843;0.124498;7.527.370
0.248997;0.076614;8.303.091
0.248997;0.009577;9.241.618
0.277727;-0.086191;11.262.324
0.296881;-0.124498;12.076.353
0.316035;-0.143652;12.670.115
0.325611;-0.172383;12.852.075
0.306458;-0.162806;12.430.696
0.296881;-0.134075;11.741.165
0.277727;-0.086191;10.840.945
0.239420;0.019154;8.925.584
0.268151;0.067038;8.054.094
0.191536;0.134075;7.450.756
0.210690;0.143652;7.153.875
0.220267;0.105345;7.479.486
0.239420;0.114922;8.101.978
0.277727;0.000000;9.854.534
0.277727;-0.057461;10.812.215
0.316035;-0.095768;11.607.090
0.316035;-0.105345;12.267.890
0.316035;-0.181959;12.698.846
0.296881;-0.143652;12.421.119
0.316035;-0.143652;11.894.394
0.287304;-0.057461;10.256.760
0.268151;-0.009577;9.356.541
0.248997;0.047884;8.552.089
0.229843;0.095768;7.489.063
0.191536;0.134075;7.383.718
0.220267;0.105345;7.565.677
0.229843;0.086191;8.054.094
0.239420;0.009577;9.557.653
0.268151;-0.019154;10.381.259
0.287304;-0.076614;11.204.864
0.287304;-0.143652;12.287.044
0.316035;-0.143652;12.430.696
0.296881;-0.143652;12.277.467
0.306458;-0.134075;11.884.817
0.296881;-0.028730;10.524.911
0.268151;-0.028730;9.701.305
0.248997;0.000000;8.925.584
0.239420;0.095768;7.833.828
0.239420;0.095768;7.680.599
0.220267;0.114922;7.747.637
0.239420;0.067038;8.619.126
0.268151;0.009577;9.346.964
0.258574;0.000000;10.093.954
0.277727;-0.028730;10.812.215
0.306458;-0.076614;11.903.971
0.296881;-0.105345;12.114.660
0.296881;-0.134075;12.076.353
0.277727;-0.076614;11.300.632
0.296881;-0.067038;10.649.409
0.277727;-0.009577;9.998.186
0.258574;0.019154;9.260.772
0.220267;0.057461;8.226.477
0.239420;0.076614;7.987.057
0.239420;0.095768;7.977.480
0.239420;0.057461;8.657.434
0.287304;0.057461;9.251.195
0.287304;0.028730;9.902.418
0.277727;-0.047884;11.137.826
0.277727;-0.086191;11.540.052
0.296881;-0.095768;11.808.203
0.296881;-0.105345;11.789.049
0.296881;-0.057461;11.224.017
0.277727;-0.057461;10.706.870
0.277727;-0.047884;10.074.800
0.248997;0.000000;8.935.161
0.258574;0.038307;8.561.666
0.210690;0.047884;8.293.514
0.220267;0.067038;8.427.590
0.239420;0.047884;8.781.932
0.258574;0.038307;9.251.195
0.268151;0.000000;9.797.073
0.277727;-0.019154;10.869.676
0.287304;-0.076614;11.252.748
0.277727;-0.057461;11.482.592
0.306458;-0.095768;11.396.400
0.296881;-0.086191;11.080.365
0.268151;-0.057461;10.639.832
0.287304;-0.028730;10.122.684
0.248997;0.000000;9.145.850
0.248997;0.009577;8.801.085
0.248997;0.057461;8.599.973
0.248997;0.028730;8.676.587
0.239420;0.047884;8.944.737
0.248997;0.019154;9.346.964
0.277727;0.000000;10.295.067
0.258574;-0.028730;10.726.024
0.268151;-0.028730;11.080.365
0.287304;-0.047884;11.243.171
0.306458;-0.076614;11.156.980
0.287304;-0.067038;10.898.406
0.268151;-0.028730;10.524.911
0.268151;0.000000;9.662.998
0.258574;0.009577;9.270.349
0.258574;-0.019154;8.963.891
0.239420;0.028730;8.791.509
0.248997;0.019154;8.887.277
0.268151;0.019154;9.184.157
0.277727;0.000000;9.509.769
0.268151;0.000000;10.304.645
0.268151;-0.028730;10.678.140
0.296881;-0.009577;10.927.136
0.277727;-0.028730;11.070.788
0.268151;-0.019154;10.927.136
0.287304;-0.028730;10.658.986
0.268151;-0.019154;10.314.221
0.268151;0.000000;9.567.230
0.239420;0.009577;9.270.349
0.248997;0.009577;9.030.929
0.258574;0.019154;9.126.697
0.248997;0.009577;9.385.271
0.277727;-0.009577;10.084.377
0.268151;-0.047884;10.448.297
0.277727;-0.028730;10.716.447
0.296881;-0.019154;10.917.560
0.258574;-0.028730;10.955.867
0.277727;-0.038307;10.745.177
0.268151;-0.009577;10.467.450
0.248997;-0.019154;9.749.189
0.277727;0.000000;9.414.001
0.287304;0.009577;9.117.120
0.248997;0.009577;8.935.161
0.248997;0.028730;9.050.082
0.248997;-0.009577;9.260.772
0.277727;0.000000;9.576.807
0.277727;-0.038307;10.304.645
0.258574;-0.038307;10.620.679
0.268151;-0.047884;10.850.522
0.296881;-0.019154;11.013.328
0.287304;-0.019154;10.869.676
0.268151;-0.028730;10.611.102
0.258574;-0.019154;10.304.645
0.268151;0.028730;9.567.230
0.258574;0.019154;9.232.041
0.239420;0.009577;8.973.468
0.277727;0.019154;8.916.007
0.258574;0.000000;9.059.659
0.258574;0.000000;9.346.964
0.268151;-0.019154;10.074.800
0.277727;-0.028730;10.457.873
0.287304;-0.067038;10.821.792
0.268151;-0.047884;11.070.788
0.277727;-0.028730;11.128.249
0.268151;-0.028730;10.879.252
0.258574;-0.028730;10.582.372
0.258574;0.009577;9.777.920
0.268151;0.038307;9.366.117
0.239420;0.019154;8.992.621
0.258574;0.019154;8.781.932
0.248997;0.009577;8.743.625
0.258574;0.019154;8.935.161
0.258574;-0.028730;9.739.613
0.268151;-0.047884;10.199.299
0.296881;-0.057461;10.649.409
0.296881;-0.047884;10.994.174
0.268151;-0.067038;11.367.670
0.277727;-0.057461;11.319.786
0.287304;-0.038307;11.070.788
0.287304;-0.009577;10.687.716
0.258574;0.028730;9.730.036
0.248997;0.028730;9.222.465
0.239420;0.038307;8.810.662
0.229843;0.057461;8.427.590
0.258574;0.038307;8.523.358
0.248997;0.028730;8.743.625
0.268151;-0.028730;9.662.998
0.277727;-0.067038;10.218.452
0.268151;-0.086191;10.773.908
0.287304;-0.057461;11.195.287
0.287304;-0.076614;11.626.244
0.306458;-0.067038;11.549.629
0.287304;-0.019154;11.281.479
0.277727;0.000000;10.342.952
0.248997;0.019154;9.758.766
0.258574;0.038307;9.145.850
0.248997;0.076614;8.686.164
0.210690;0.086191;8.197.746
0.248997;0.067038;8.245.630
0.248997;0.019154;8.494.628
0.258574;-0.009577;9.528.923
0.277727;-0.038307;10.160.992
0.287304;-0.057461;10.773.908
0.296881;-0.105345;11.693.281
0.306458;-0.076614;11.894.394
0.296881;-0.095768;11.846.510
0.277727;-0.086191;11.578.360
0.277727;-0.028730;10.534.488
0.277727;0.019154;9.892.841
0.239420;0.038307;9.193.734
0.220267;0.076614;8.149.862
0.220267;0.086191;7.910.442
0.229843;0.095768;7.939.173
0.220267;0.038307;8.657.434
0.258574;0.009577;9.289.502
0.287304;-0.047884;9.969.456
0.296881;-0.076614;10.735.600
0.287304;-0.124498;11.827.356
0.296881;-0.105345;12.114.660
0.316035;-0.105345;12.133.814
0.258574;-0.057461;11.473.015
0.268151;-0.028730;10.812.215
0.268151;0.019154;10.055.647
0.229843;0.086191;8.599.973
0.239420;0.095768;8.073.248
0.220267;0.095768;7.728.483
0.220267;0.095768;7.671.022
0.239420;0.057461;8.293.514
0.248997;0.019154;8.916.007
0.268151;-0.038307;9.691.729
0.287304;-0.095768;11.281.479
0.316035;-0.134075;11.884.817
0.306458;-0.134075;12.267.890
0.306458;-0.143652;12.411.542
0.306458;-0.095768;11.875.240
0.296881;-0.067038;11.185.710
0.258574;-0.038307;10.390.836
0.239420;0.067038;8.743.625
0.239420;0.095768;8.082.825
0.229843;0.095768;7.613.562
0.248997;0.095768;7.546.524
0.229843;0.086191;7.929.596
0.229843;0.038307;8.532.935
0.258574;-0.009577;9.356.541
0.306458;-0.105345;11.099.519
0.306458;-0.124498;11.846.510
0.306458;-0.153229;12.373.235
0.296881;-0.153229;12.574.347
0.296881;-0.134075;12.229.582
0.296881;-0.095768;11.568.783
0.248997;0.000000;9.854.534
0.258574;0.067038;8.954.314
0.220267;0.105345;8.178.593
0.229843;0.114922;7.603.985
0.229843;0.153229;7.268.796
0.229843;0.124498;7.546.524
0.248997;0.067038;8.159.439
0.268151;-0.009577;9.854.534
0.306458;-0.076614;10.821.792
0.296881;-0.114922;11.674.128
0.316035;-0.153229;12.354.081
0.316035;-0.172383;12.823.344
0.296881;-0.162806;12.555.194
0.296881;-0.114922;12.028.469
0.248997;-0.009577;10.314.221
0.258574;0.038307;9.308.656
0.239420;0.076614;8.398.860
0.220267;0.134075;7.192.182
0.210690;0.143652;7.038.953
0.220267;0.114922;7.211.336
0.248997;0.047884;8.485.051
0.239420;-0.028730;9.423.578
0.268151;-0.067038;10.438.720
0.296881;-0.105345;11.396.400
0.325611;-0.162806;12.756.307
0.325611;-0.172383;12.976.573
0.316035;-0.143652;12.880.805
0.306458;-0.162806;12.430.696
0.287304;-0.038307;10.745.177
0.239420;0.057461;8.714.894
0.220267;0.143652;7.249.643
0.210690;0.162806;6.952.762
0.210690;0.143652;6.971.915
0.229843;0.067038;8.006.210
0.248997;0.028730;8.944.737
0.268151;-0.028730;9.969.456
0.296881;-0.067038;11.013.328
0.306458;-0.143652;12.650.962
0.325611;-0.201113;13.024.457
0.316035;-0.181959;13.062.764
0.306458;-0.114922;12.124.237
0.277727;-0.076614;11.233.594
0.277727;-0.019154;10.199.299
0.239420;0.047884;9.136.273
0.229843;0.143652;7.412.448
0.220267;0.172383;6.914.454
0.229843;0.181959;6.780.379
0.239420;0.105345;7.613.562
0.248997;0.067038;8.446.744
0.258574;0.000000;9.471.462
0.316035;-0.143652;12.430.696
0.316035;-0.172383;12.986.150
0.316035;-0.153229;12.497.733
0.287304;-0.114922;11.702.858
0.268151;-0.047884;10.706.870
0.248997;0.047884;8.552.089
0.248997;0.134075;7.690.176
0.210690;0.162806;7.019.799
0.229843;0.172383;6.799.533
0.191536;0.105345;7.240.066
0.239420;0.076614;8.006.210
0.248997;0.009577;8.983.045
0.296881;-0.086191;11.156.980
0.306458;-0.143652;12.095.507
0.316035;-0.172383;12.813.767
0.335188;-0.181959;13.177.686
0.316035;-0.172383;12.823.344
0.296881;-0.134075;12.172.121
0.268151;-0.019154;10.141.838
0.268151;0.057461;9.011.775
0.201113;0.095768;8.044.518
0.210690;0.162806;7.268.796
0.191536;0.162806;6.694.188
0.191536;0.143652;6.971.915
0.229843;0.124498;7.603.985
0.258574;0.019154;9.576.807
0.268151;-0.047884;10.658.986
0.296881;-0.105345;11.693.281
0.316035;-0.162806;12.526.464
0.316035;-0.201113;13.244.724
0.335188;-0.210690;13.062.764
0.325611;-0.172383;12.488.156
0.296881;-0.038307;10.620.679
0.258574;0.000000;9.538.500
0.248997;0.076614;8.456.321
0.210690;0.153229;6.962.338
0.220267;0.162806;6.694.188
0.210690;0.153229;6.837.840
0.220267;0.143652;7.297.527
0.239420;0.028730;9.040.505
0.277727;-0.019154;10.151.415
0.277727;-0.076614;11.243.171
0.325611;-0.181959;12.842.498
0.335188;-0.191536;13.215.993
0.325611;-0.201113;13.177.686
0.296881;-0.181959;12.765.883
0.277727;-0.086191;11.089.942
0.277727;-0.019154;10.036.493
0.248997;0.047884;8.973.468
0.201113;0.134075;7.259.220
0.201113;0.172383;6.837.840
0.220267;0.172383;6.780.379
0.239420;0.134075;7.718.906
0.248997;0.076614;8.609.550
0.277727;0.009577;9.643.845
0.306458;-0.114922;11.712.435
0.306458;-0.162806;12.497.733
0.316035;-0.181959;13.014.880
0.316035;-0.201113;13.158.532
0.306458;-0.143652;12.344.504
0.277727;-0.086191;11.492.168
0.277727;-0.057461;10.553.641
0.220267;0.047884;8.456.321
0.229843;0.114922;7.642.292
0.191536;0.143652;7.058.106
0.229843;0.153229;6.837.840
0.229843;0.124498;7.460.332
0.258574;0.067038;8.216.900
0.277727;-0.019154;10.218.452
0.296881;-0.067038;11.214.440
0.316035;-0.124498;12.095.507
0.325611;-0.162806;12.708.423
0.325611;-0.181959;13.005.303
0.316035;-0.162806;12.593.501
0.296881;-0.114922;11.884.817
0.277727;-0.067038;10.965.444
0.258574;0.028730;8.935.161
0.239420;0.086191;8.054.094
0.201113;0.153229;7.374.141
0.210690;0.181959;7.000.646
0.229843;0.143652;7.287.950
0.210690;0.124498;7.910.442
0.258574;0.000000;9.768.343
0.277727;-0.038307;10.754.754
0.287304;-0.095768;11.654.974
0.296881;-0.134075;12.354.081
0.325611;-0.162806;12.880.805
0.316035;-0.181959;12.641.385
0.325611;-0.134075;12.105.083
0.296881;-0.105345;11.329.363
0.258574;0.000000;9.404.425
0.239420;0.057461;8.504.205
0.239420;0.105345;7.757.214
0.220267;0.162806;7.105.990
0.229843;0.134075;7.287.950
0.239420;0.124498;7.738.060
0.268151;0.009577;9.337.387
0.277727;-0.009577;10.333.375
0.296881;-0.067038;11.185.710
0.296881;-0.114922;11.971.008
0.335188;-0.153229;12.717.999
0.325611;-0.201113;12.622.231
0.306458;-0.143652;12.229.582
0.277727;-0.067038;10.745.177
0.268151;-0.009577;9.854.534
0.248997;0.028730;8.983.045
0.248997;0.114922;7.623.138
0.220267;0.124498;7.326.257
0.229843;0.124498;7.374.141
0.210690;0.134075;7.680.599
0.258574;0.067038;9.040.505
0.268151;0.009577;9.911.995
0.277727;-0.028730;10.773.908
0.306458;-0.124498;12.095.507
0.296881;-0.134075;12.459.426
0.316035;-0.134075;12.516.887
0.296881;-0.124498;12.267.890
0.287304;-0.086191;11.013.328
0.258574;-0.038307;10.208.876
0.239420;0.000000;9.346.964
0.229843;0.076614;7.977.480
0.220267;0.124498;7.632.715
0.210690;0.114922;7.536.947
0.248997;0.076614;8.159.439
0.248997;0.038307;8.801.085
0.258574;0.019154;9.576.807
0.268151;-0.028730;10.390.836
0.306458;-0.105345;11.750.742
0.277727;-0.124498;12.162.544
0.296881;-0.143652;12.306.197
0.296881;-0.114922;11.789.049
0.287304;-0.095768;11.204.864
0.277727;-0.067038;10.477.027
0.258574;0.028730;8.992.621
0.248997;0.067038;8.370.130
0.248997;0.076614;7.958.326
0.239420;0.086191;7.766.790
0.220267;0.086191;8.159.439
0.220267;0.067038;8.676.587
0.248997;0.038307;9.375.694
0.268151;-0.047884;10.783.484
0.287304;-0.057461;11.386.824
0.306458;-0.086191;11.798.626
0.306458;-0.095768;12.028.469
0.306458;-0.124498;11.731.588
0.287304;-0.076614;11.233.594
0.277727;-0.038307;10.658.986
0.277727;0.009577;9.279.925
0.258574;0.038307;8.724.471
0.248997;0.047884;8.293.514
0.248997;0.067038;8.054.094
0.248997;0.086191;8.264.784
0.248997;0.057461;8.657.434
0.248997;0.019154;9.232.041
0.258574;-0.009577;10.486.604
0.277727;-0.057461;11.051.635
0.296881;-0.076614;11.511.322
0.287304;-0.105345;11.769.896
0.306458;-0.095768;11.597.513
0.306458;-0.086191;11.214.440
0.287304;-0.076614;10.716.447
0.268151;-0.028730;9.567.230
0.268151;0.009577;9.021.352
0.248997;0.038307;8.609.550
0.229843;0.076614;8.274.361
0.239420;0.067038;8.418.014
0.239420;0.038307;8.743.625
0.277727;0.000000;9.758.766
0.268151;-0.009577;10.323.798
0.287304;-0.009577;10.802.638
0.287304;-0.067038;11.204.864
0.268151;-0.086191;11.530.476
0.296881;-0.076614;11.396.400
0.306458;-0.047884;11.128.249
0.277727;-0.038307;10.247.183
0.258574;-0.009577;9.710.882
0.258574;0.000000;9.260.772
0.239420;0.038307;8.647.857
0.239420;0.067038;8.571.242
0.248997;0.047884;8.647.857
0.248997;0.057461;8.916.007
0.248997;0.028730;9.710.882
0.258574;0.009577;10.208.876
0.277727;-0.009577;10.620.679
0.316035;-0.047884;11.224.017
0.296881;-0.067038;11.291.056
0.296881;-0.047884;11.185.710
0.296881;-0.047884;10.975.020
0.277727;-0.028730;10.228.029
0.248997;-0.009577;9.768.343
0.258574;0.019154;9.385.271
0.239420;0.038307;8.858.546
0.248997;0.019154;8.781.932
0.248997;0.047884;8.887.277
0.268151;0.038307;9.366.117
0.258574;0.000000;9.749.189
0.277727;0.000000;10.132.261
0.268151;-0.038307;10.505.757
0.287304;-0.019154;11.003.751
0.287304;-0.057461;11.042.058
0.277727;-0.057461;10.965.444
0.258574;-0.047884;10.496.181
0.268151;-0.038307;10.132.261
0.248997;-0.019154;9.777.920
0.268151;0.000000;9.433.155
0.258574;0.000000;9.011.775
0.258574;0.038307;8.973.468
0.258574;0.028730;9.059.659
0.277727;0.019154;9.557.653
0.277727;0.009577;9.892.841
0.258574;0.000000;10.228.029
0.268151;0.000000;10.745.177
0.268151;-0.028730;10.879.252
0.287304;-0.009577;10.907.983
0.277727;-0.019154;10.773.908
0.258574;-0.028730;10.295.067
0.277727;-0.019154;9.998.186
0.258574;0.009577;9.682.152
0.239420;-0.009577;9.184.157
0.258574;0.000000;9.088.389
0.258574;0.009577;9.088.389
0.248997;-0.009577;9.423.578
0.268151;0.000000;9.720.459
0.268151;0.000000;10.036.493
0.277727;0.000000;10.314.221
0.277727;-0.038307;10.793.061
0.287304;-0.028730;10.850.522
0.306458;-0.028730;10.773.908
0.287304;0.000000;10.400.413
0.268151;0.000000;10.122.684
0.239420;0.000000;9.806.650
0.258574;0.009577;9.528.923
0.258574;0.009577;9.126.697
0.258574;0.009577;9.078.813
0.268151;0.000000;9.145.850
0.268151;0.000000;9.595.961
0.258574;0.000000;9.873.688
0.268151;-0.009577;10.228.029
0.287304;-0.009577;10.745.177
0.277727;-0.028730;10.860.099
0.268151;-0.047884;10.879.252
0.268151;-0.009577;10.783.484
0.268151;0.000000;10.314.221
0.277727;0.009577;9.969.456
0.258574;0.000000;9.346.964
0.258574;0.028730;9.107.543
0.248997;0.028730;8.992.621
0.268151;0.009577;9.002.198
0.268151;0.000000;9.375.694
0.258574;-0.019154;9.682.152
0.277727;-0.028730;10.026.917
0.268151;-0.038307;10.371.682
0.277727;-0.047884;10.907.983
0.268151;-0.067038;11.022.904
0.268151;-0.038307;10.984.597
0.277727;-0.028730;10.611.102
0.277727;-0.009577;10.266.336
0.268151;0.000000;9.864.111
0.248997;0.019154;9.452.309
0.258574;0.038307;8.906.430
0.248997;0.028730;8.801.085
0.248997;0.019154;8.848.969
0.258574;0.009577;9.289.502
0.268151;-0.009577;9.662.998
0.277727;-0.038307;10.093.954
0.287304;-0.057461;10.860.099
0.277727;-0.067038;11.118.672
0.277727;-0.086191;11.243.171
0.277727;-0.057461;11.214.440
0.296881;-0.028730;10.706.870
0.287304;0.000000;10.285.490
0.248997;0.028730;9.835.381
0.258574;0.038307;9.002.198
0.239420;0.057461;8.724.471
0.248997;0.057461;8.599.973
0.248997;0.028730;8.810.662
0.248997;0.000000;9.145.850
0.268151;0.000000;9.586.384
0.268151;-0.047884;10.074.800
0.296881;-0.067038;11.003.751
0.287304;-0.076614;11.329.363
0.296881;-0.086191;11.463.438
0.277727;-0.057461;11.224.017
0.277727;-0.009577;10.869.676
0.268151;0.000000;10.409.989
0.248997;0.028730;9.864.111
0.248997;0.067038;8.896.853
0.220267;0.076614;8.552.089
0.239420;0.086191;8.370.130
0.220267;0.038307;8.580.819
0.268151;0.009577;8.935.161
0.277727;-0.009577;9.423.578
0.258574;-0.076614;10.553.641
0.277727;-0.067038;11.070.788
0.306458;-0.105345;11.463.438
0.296881;-0.086191;11.645.397
0.296881;-0.076614;11.511.322
0.277727;-0.047884;11.147.403
0.248997;0.047884;9.394.848
0.268151;0.067038;8.868.123
0.239420;0.086191;8.418.014
0.229843;0.076614;8.111.555
0.239420;0.057461;8.283.937
0.258574;0.028730;8.599.973
0.239420;0.000000;9.155.427
0.287304;-0.076614;10.448.297
0.296881;-0.057461;11.051.635
0.296881;-0.105345;11.559.206
0.296881;-0.105345;11.961.432
0.296881;-0.095768;11.817.780
0.287304;-0.047884;10.917.560
0.239420;0.028730;9.595.961
0.229843;0.067038;8.389.283
0.229843;0.076614;7.920.019
0.248997;0.057461;8.025.364
0.248997;0.057461;8.360.553
0.277727;-0.028730;9.528.923
0.287304;-0.057461;10.256.760
0.296881;-0.086191;10.936.713
0.296881;-0.114922;11.511.322
0.316035;-0.134075;12.152.967
0.296881;-0.134075;12.066.776
0.306458;-0.086191;11.750.742
0.277727;-0.019154;10.563.218
0.268151;0.028730;9.806.650
0.268151;0.047884;9.078.813
0.229843;0.095768;7.977.480
0.239420;0.086191;7.718.906
0.229843;0.095768;7.718.906
0.220267;0.086191;8.034.941
0.258574;0.028730;9.203.311
0.268151;-0.009577;9.979.033
0.296881;-0.067038;10.745.177
0.287304;-0.124498;12.009.315
0.316035;-0.143652;12.296.620
0.296881;-0.153229;12.296.620
0.306458;-0.095768;11.616.667
0.277727;-0.047884;10.917.560
0.268151;0.000000;10.151.415
0.258574;0.047884;9.299.079
0.248997;0.105345;7.958.326
0.220267;0.114922;7.594.408
0.220267;0.086191;7.536.947
0.239420;0.057461;8.169.016
0.258574;0.009577;8.810.662
0.258574;-0.009577;9.634.268
0.268151;-0.076614;10.477.027
0.306458;-0.124498;11.884.817
0.306458;-0.162806;12.507.310
0.287304;-0.114922;11.942.278
0.258574;-0.076614;11.329.363
0.277727;-0.038307;10.524.911
0.258574;0.019154;9.624.691
0.220267;0.095768;8.082.825
0.210690;0.134075;7.603.985
0.229843;0.143652;7.364.564
0.229843;0.086191;7.833.828
0.248997;0.067038;8.427.590
0.248997;0.019154;9.241.618
0.306458;-0.076614;10.965.444
0.316035;-0.124498;11.750.742
0.306458;-0.134075;12.325.351
0.306458;-0.172383;12.593.501
0.306458;-0.124498;12.277.467
0.296881;-0.095768;11.693.281
0.296881;-0.028730;10.946.290
0.248997;0.028730;9.117.120
0.229843;0.095768;8.303.091
0.210690;0.124498;7.709.330
0.201113;0.153229;7.259.220
0.220267;0.124498;7.536.947
0.248997;0.086191;8.025.364
0.239420;0.038307;8.820.239
0.296881;-0.067038;10.620.679
0.296881;-0.105345;11.501.745
0.296881;-0.143652;12.181.698
0.306458;-0.153229;12.737.153
0.306458;-0.162806;12.545.617
0.296881;-0.124498;12.085.930
0.258574;-0.067038;11.319.786
0.258574;0.009577;9.490.616
0.239420;0.076614;8.619.126
0.248997;0.124498;7.891.289
0.220267;0.124498;7.163.452
0.220267;0.124498;7.297.527
0.220267;0.105345;7.690.176
0.268151;0.019154;9.279.925
0.277727;-0.038307;10.218.452
0.287304;-0.095768;11.176.133
0.296881;-0.143652;11.923.124
0.316035;-0.162806;12.746.730
0.316035;-0.162806;12.727.576
0.316035;-0.134075;12.382.812
0.268151;-0.047884;10.869.676
0.239420;0.000000;9.950.302
0.239420;0.047884;8.983.045
0.239420;0.114922;8.140.285
0.210690;0.162806;7.173.028
0.220267;0.162806;7.125.144
0.248997;0.124498;7.402.872
0.258574;0.057461;8.820.239
0.258574;-0.019154;9.787.497
0.287304;-0.067038;10.735.600
0.287304;-0.134075;12.296.620
0.316035;-0.162806;12.737.153
0.316035;-0.172383;12.861.651
0.316035;-0.162806;12.603.078
0.296881;-0.076614;11.291.056
0.268151;-0.028730;10.362.105
0.258574;0.000000;9.423.578
0.220267;0.095768;7.776.367
0.201113;0.143652;7.297.527
0.220267;0.143652;7.115.568
0.239420;0.105345;7.699.753
0.239420;0.067038;8.437.167
0.248997;0.009577;9.346.964
0.277727;-0.038307;10.295.067
0.316035;-0.153229;12.047.623
0.306458;-0.162806;12.583.924
0.325611;-0.153229;12.842.498
0.306458;-0.162806;12.344.504
0.287304;-0.105345;11.683.704
0.258574;-0.047884;10.821.792
0.268151;0.000000;9.854.534
0.239420;0.095768;8.101.978
0.210690;0.114922;7.489.063
0.220267;0.153229;7.153.875
0.229843;0.124498;7.460.332
0.201113;0.086191;8.063.671
0.239420;0.057461;8.906.430
0.277727;-0.067038;10.793.061
0.306458;-0.086191;11.664.551
0.316035;-0.153229;12.325.351
0.306458;-0.134075;12.727.576
0.306458;-0.143652;12.555.194
0.306458;-0.124498;11.990.162
0.296881;-0.086191;11.224.017
0.258574;0.009577;9.356.541
0.258574;0.057461;8.465.898
0.220267;0.095768;7.776.367
0.201113;0.124498;7.307.104
0.239420;0.134075;7.345.411
0.239420;0.114922;7.814.674
0.229843;0.067038;8.532.935
0.287304;-0.038307;10.323.798
0.296881;-0.095768;11.262.324
0.287304;-0.095768;11.999.739
0.316035;-0.162806;12.708.423
0.296881;-0.162806;12.622.231
0.277727;-0.134075;12.220.005
0.287304;-0.076614;11.559.206
0.258574;-0.009577;9.797.073
0.268151;0.038307;8.896.853
0.248997;0.076614;8.121.132
0.229843;0.143652;7.278.373
0.220267;0.134075;7.307.104
0.239420;0.124498;7.642.292
0.258574;0.038307;9.011.775
0.287304;-0.009577;9.950.302
0.287304;-0.047884;10.831.368
0.296881;-0.095768;11.616.667
0.316035;-0.162806;12.574.347
0.296881;-0.162806;12.612.655
0.306458;-0.172383;12.363.658
0.277727;-0.086191;11.051.635
0.258574;-0.038307;10.189.722
0.248997;0.028730;9.327.810
0.239420;0.105345;7.862.558
0.229843;0.114922;7.489.063
0.210690;0.124498;7.383.718
0.210690;0.105345;7.575.254
0.248997;0.057461;8.705.317
0.258574;0.009577;9.528.923
0.258574;-0.019154;10.400.413
0.287304;-0.134075;11.865.664
0.316035;-0.143652;12.344.504
0.306458;-0.162806;12.488.156
0.316035;-0.143652;12.382.812
0.287304;-0.105345;11.338.940
0.268151;-0.067038;10.572.795
0.239420;0.000000;9.701.305
0.239420;0.086191;8.245.630
0.220267;0.114922;7.747.637
0.210690;0.134075;7.508.216
0.210690;0.124498;7.920.019
0.229843;0.067038;8.504.205
0.239420;0.028730;9.232.041
0.258574;0.000000;10.036.493
0.277727;-0.095768;11.520.899
0.325611;-0.114922;12.018.892
0.296881;-0.143652;12.315.774
0.287304;-0.114922;12.057.199
0.287304;-0.105345;11.530.476
0.296881;-0.067038;10.860.099
0.268151;-0.019154;10.093.954
0.239420;0.047884;8.590.396
0.229843;0.086191;8.063.671
0.239420;0.095768;7.776.367
0.210690;0.095768;7.910.442
0.239420;0.057461;8.350.976
0.258574;0.047884;8.944.737
0.277727;-0.019154;10.457.873
0.296881;-0.076614;11.156.980
0.287304;-0.105345;11.712.435
0.296881;-0.124498;12.047.623
0.316035;-0.124498;12.018.892
0.306458;-0.095768;11.635.820
0.287304;-0.086191;11.042.058
0.258574;-0.019154;9.615.114
0.258574;0.038307;8.973.468
0.239420;0.086191;8.418.014
0.229843;0.095768;7.910.442
0.248997;0.095768;7.977.480
0.239420;0.105345;8.303.091
0.229843;0.057461;8.829.816
0.268151;0.000000;10.141.838
0.296881;-0.047884;10.812.215
0.306458;-0.067038;11.405.977
0.316035;-0.105345;11.932.701
0.306458;-0.124498;11.884.817
0.316035;-0.105345;11.616.667
0.296881;-0.067038;11.156.980
0.287304;-0.028730;9.931.149
0.258574;0.000000;9.270.349
0.239420;0.057461;8.734.048
0.229843;0.095768;8.111.555
0.239420;0.067038;8.130.709
0.239420;0.076614;8.331.821
0.258574;0.038307;9.308.656
0.258574;0.000000;9.902.418
0.268151;-0.009577;10.496.181
0.287304;-0.038307;11.051.635
0.296881;-0.105345;11.683.704
0.296881;-0.095768;11.731.588
0.287304;-0.095768;11.549.629
0.277727;-0.076614;10.706.870
0.287304;-0.028730;10.122.684
0.258574;0.000000;9.557.653
0.220267;0.067038;8.628.703
0.239420;0.067038;8.370.130
0.239420;0.086191;8.341.399
0.248997;0.057461;8.446.744
0.239420;0.038307;9.212.888
0.268151;0.000000;9.749.189
0.277727;0.000000;10.304.645
0.277727;-0.057461;11.166.556
0.287304;-0.076614;11.425.131
0.277727;-0.067038;11.511.322
0.296881;-0.086191;11.405.977
0.268151;-0.057461;10.754.754
0.277727;-0.019154;10.228.029
0.277727;-0.019154;9.730.036
0.248997;0.047884;8.858.546
0.229843;0.028730;8.599.973
0.239420;0.047884;8.561.666
0.248997;0.076614;8.858.546
0.268151;0.057461;9.241.618
0.258574;0.019154;9.672.575
0.258574;0.000000;10.132.261
0.277727;-0.047884;10.927.136
0.306458;-0.038307;11.195.287
0.277727;-0.067038;11.291.056
0.277727;-0.095768;11.032.481
0.277727;-0.067038;10.668.563
0.277727;-0.038307;10.275.913
0.268151;-0.019154;9.854.534
0.258574;0.009577;9.107.543
0.239420;0.019154;8.877.700
0.248997;0.047884;8.781.932
0.248997;0.028730;9.002.198
0.258574;0.038307;9.308.656
0.248997;0.009577;9.682.152
0.268151;-0.009577;10.457.873
0.287304;-0.038307;10.764.331
0.258574;-0.057461;10.965.444
0.287304;-0.038307;11.070.788
0.287304;-0.057461;10.879.252
0.277727;-0.028730;10.611.102
0.268151;-0.038307;10.208.876
0.258574;0.000000;9.538.500
0.258574;0.009577;9.241.618
0.239420;0.038307;9.059.659
0.277727;0.019154;9.021.352
0.258574;0.028730;9.193.734
0.248997;0.028730;9.423.578
0.258574;0.019154;9.739.613
0.258574;0.000000;10.362.105
0.277727;-0.009577;10.630.256
0.296881;-0.019154;10.821.792
0.287304;-0.038307;10.793.061
0.268151;-0.019154;10.706.870
0.287304;-0.028730;10.438.720
0.258574;-0.038307;10.132.261
0.258574;0.000000;9.509.769
0.248997;0.000000;9.346.964
0.277727;0.028730;9.117.120
0.239420;0.019154;9.212.888
0.258574;0.009577;9.356.541
0.239420;0.019154;9.605.537
0.268151;-0.009577;10.160.992
0.277727;0.000000;10.381.259
0.287304;0.000000;10.620.679
0.268151;-0.047884;10.735.600
0.277727;-0.028730;10.639.832
0.277727;-0.019154;10.486.604
0.277727;0.000000;10.295.067
0.248997;-0.009577;9.701.305
0.277727;0.000000;9.500.193
0.268151;0.000000;9.327.810
0.268151;0.000000;9.232.041
0.268151;0.009577;9.318.233
0.258574;0.000000;9.490.616
0.258574;0.019154;9.749.189
0.277727;-0.019154;10.285.490
0.296881;-0.019154;10.486.604
0.268151;-0.028730;10.668.563
0.277727;-0.028730;10.678.140
0.258574;0.000000;10.582.372
0.268151;0.009577;10.362.105
0.277727;0.000000;10.103.531
0.268151;0.009577;9.567.230
0.268151;0.019154;9.346.964
0.258574;0.009577;9.222.465
0.268151;0.019154;9.251.195
0.277727;0.009577;9.394.848
0.268151;0.000000;9.615.114
0.268151;-0.009577;10.180.145
0.287304;-0.028730;10.467.450
0.287304;-0.019154;10.649.409
0.287304;-0.028730;10.764.331
0.268151;-0.028730;10.706.870
0.287304;-0.028730;10.544.065
0.268151;0.000000;10.275.913
0.268151;0.000000;9.662.998
0.258574;0.019154;9.394.848
0.258574;0.019154;9.232.041
0.239420;0.009577;9.088.389
0.248997;0.019154;9.203.311
0.258574;0.000000;9.385.271
0.258574;-0.009577;9.672.575
0.287304;-0.028730;10.295.067
0.287304;-0.047884;10.591.949
0.277727;-0.047884;10.831.368
0.287304;-0.019154;10.907.983
0.268151;-0.019154;10.812.215
0.268151;0.009577;10.611.102
0.277727;0.000000;10.285.490
0.239420;0.009577;9.586.384
0.268151;0.047884;9.251.195
0.229843;0.028730;9.030.929
0.258574;0.028730;9.078.813
0.277727;-0.009577;9.289.502
0.268151;-0.047884;10.390.836
0.287304;-0.038307;10.735.600
0.277727;-0.057461;10.984.597
0.277727;-0.076614;11.128.249
0.277727;-0.038307;10.955.867
0.268151;-0.047884;10.697.293
0.248997;0.000000;9.931.149
0.248997;0.028730;9.145.850
0.258574;0.067038;8.868.123
0.248997;0.038307;8.724.471
0.258574;0.028730;8.877.700
0.268151;0.009577;9.184.157
0.258574;-0.038307;9.979.033
0.287304;-0.067038;10.429.143
0.287304;-0.057461;10.840.945
0.268151;-0.086191;11.329.363
0.316035;-0.086191;11.300.632
0.287304;-0.038307;11.185.710
0.287304;-0.019154;10.869.676
0.248997;0.009577;9.998.186
0.258574;0.019154;9.528.923
0.248997;0.038307;9.059.659
0.248997;0.067038;8.552.089
0.229843;0.076614;8.494.628
0.248997;0.047884;8.657.434
0.258574;-0.019154;9.864.111
0.287304;-0.047884;10.381.259
0.306458;-0.095768;11.473.015
0.287304;-0.067038;11.540.052
0.287304;-0.019154;10.697.293
0.268151;0.000000;10.151.415
0.268151;0.009577;9.586.384
0.239420;0.038307;9.088.389
0.229843;0.076614;8.379.706
0.239420;0.076614;8.293.514
0.229843;0.038307;8.379.706
0.268151;0.009577;9.145.850
0.239420;-0.009577;9.672.575
0.277727;-0.047884;10.256.760
0.287304;-0.076614;11.319.786
0.277727;-0.124498;11.607.090
0.306458;-0.095768;11.741.165
0.306458;-0.095768;11.664.551
0.268151;-0.047884;10.955.867
0.277727;-0.009577;10.409.989
0.268151;0.009577;9.777.920
0.248997;0.067038;8.628.703
0.229843;0.095768;8.274.361
0.239420;0.095768;8.121.132
0.239420;0.095768;8.427.590
0.248997;0.047884;8.839.393
0.277727;0.009577;9.423.578
0.258574;-0.028730;10.065.224
0.287304;-0.076614;11.252.748
0.296881;-0.105345;11.683.704
0.316035;-0.114922;11.903.971
0.296881;-0.086191;11.702.858
0.287304;-0.067038;11.233.594
0.287304;-0.009577;10.658.986
0.268151;0.019154;10.007.763
0.229843;0.038307;8.695.741
0.239420;0.086191;8.264.784
0.229843;0.095768;7.958.326
0.220267;0.086191;8.140.285
0.239420;0.047884;8.523.358
0.248997;0.009577;9.088.389
0.287304;-0.047884;10.505.757
0.306458;-0.086191;11.128.249
0.296881;-0.124498;11.693.281
0.296881;-0.143652;11.990.162
0.296881;-0.134075;11.923.124
0.306458;-0.076614;11.559.206
0.287304;-0.076614;11.003.751
0.258574;0.019154;9.576.807
0.248997;0.057461;8.877.700
0.229843;0.095768;8.283.937
0.248997;0.095768;7.785.944
0.220267;0.086191;7.862.558
0.239420;0.067038;8.226.477
0.248997;0.057461;8.772.355
0.277727;-0.047884;10.199.299
0.306458;-0.057461;10.946.290
0.296881;-0.114922;11.549.629
0.296881;-0.143652;12.229.582
0.277727;-0.114922;12.181.698
0.296881;-0.105345;11.856.087
0.287304;-0.067038;11.348.516
0.258574;0.009577;9.854.534
0.239420;0.047884;9.126.697
0.220267;0.076614;8.456.321
0.220267;0.124498;7.671.022
0.210690;0.105345;7.671.022
0.239420;0.095768;7.939.173
0.258574;0.028730;9.097.966
0.268151;-0.028730;9.873.688
0.268151;-0.067038;10.658.986
0.287304;-0.105345;11.405.977
0.296881;-0.124498;12.287.044
0.325611;-0.162806;12.354.081
0.306458;-0.124498;12.114.660
0.287304;-0.057461;11.022.904
0.296881;0.000000;10.208.876
0.248997;0.028730;9.414.001
0.239420;0.038307;8.676.587
0.220267;0.105345;7.690.176
0.220267;0.114922;7.565.677
0.229843;0.105345;7.718.906
0.248997;0.038307;8.734.048
0.248997;0.000000;9.528.923
0.277727;-0.047884;10.333.375
0.296881;-0.124498;11.779.472
0.306458;-0.124498;12.210.428
0.316035;-0.134075;12.421.119
0.325611;-0.143652;12.315.774
0.277727;-0.067038;11.367.670
0.258574;-0.038307;10.620.679
0.248997;-0.009577;9.777.920
0.239420;0.076614;8.264.784
0.201113;0.134075;7.776.367
0.220267;0.134075;7.498.640
0.229843;0.114922;7.546.524
0.248997;0.067038;8.389.283
0.258574;0.028730;9.136.273
0.258574;-0.019154;9.969.456
0.287304;-0.095768;11.530.476
0.306458;-0.153229;12.076.353
0.316035;-0.162806;12.421.119
0.316035;-0.143652;12.200.851
0.277727;-0.114922;11.683.704
0.287304;-0.067038;10.965.444
0.258574;-0.009577;10.160.992
0.239420;0.067038;8.542.512
0.229843;0.095768;7.948.750
0.220267;0.124498;7.565.677
0.229843;0.124498;7.651.869
0.229843;0.095768;8.082.825
0.248997;0.067038;8.753.201
0.268151;-0.057461;10.419.566
0.306458;-0.086191;11.224.017
0.306458;-0.124498;11.884.817
0.325611;-0.153229;12.478.580
0.306458;-0.134075;12.363.658
0.296881;-0.134075;11.980.585
0.296881;-0.076614;11.367.670
0.258574;0.009577;9.701.305
0.239420;0.057461;8.887.277
0.239420;0.095768;8.169.016
0.220267;0.086191;7.671.022
0.229843;0.124498;7.527.370
0.239420;0.114922;7.852.982
0.239420;0.057461;8.437.167
0.296881;-0.028730;10.017.340
0.268151;-0.047884;10.888.829
0.306458;-0.124498;11.587.936
0.325611;-0.153229;12.440.272
0.306458;-0.134075;12.459.426
0.277727;-0.162806;12.200.851
0.296881;-0.105345;11.645.397
0.258574;-0.009577;10.103.531
0.239420;0.000000;9.251.195
0.229843;0.047884;8.523.358
0.220267;0.124498;7.546.524
0.229843;0.114922;7.479.486
0.229843;0.095768;7.699.753
0.248997;0.067038;8.829.816
0.258574;0.009577;9.634.268
0.268151;-0.028730;10.496.181
0.287304;-0.086191;11.291.056
0.306458;-0.143652;12.306.197
0.316035;-0.162806;12.449.849
0.316035;-0.114922;12.306.197
0.287304;-0.067038;11.271.901
0.277727;-0.038307;10.467.450
0.258574;0.000000;9.643.845
0.248997;0.028730;8.877.700
0.220267;0.114922;7.718.906
0.220267;0.124498;7.536.947
0.229843;0.134075;7.584.831
0.239420;0.057461;8.532.935
0.248997;0.028730;9.299.079
0.268151;0.000000;10.084.377
0.296881;-0.095768;11.568.783
0.296881;-0.143652;12.105.083
0.325611;-0.114922;12.354.081
0.306458;-0.143652;12.325.351
0.296881;-0.076614;11.530.476
0.277727;-0.086191;10.831.368
0.277727;-0.009577;10.026.917
0.239420;0.086191;8.513.782
0.239420;0.105345;7.939.173
0.220267;0.095768;7.661.446
0.239420;0.114922;7.872.135
0.248997;0.076614;8.303.091
0.239420;0.047884;8.954.314
0.268151;0.009577;9.739.613
0.277727;-0.067038;11.252.748
0.316035;-0.095768;11.827.356
0.296881;-0.143652;12.191.275
0.325611;-0.153229;12.124.237
0.306458;-0.095768;11.712.435
0.296881;-0.076614;11.080.365
0.287304;-0.047884;10.381.259
0.248997;0.038307;8.829.816
0.229843;0.086191;8.283.937
0.220267;0.105345;7.891.289
0.210690;0.105345;7.833.828
0.239420;0.105345;8.130.709
0.248997;0.057461;8.724.471
0.287304;-0.019154;10.151.415
0.277727;-0.076614;10.898.406
0.306458;-0.076614;11.549.629
0.306458;-0.105345;11.951.855
0.316035;-0.143652;12.114.660
0.306458;-0.114922;11.808.203
0.296881;-0.095768;11.338.940
0.258574;-0.019154;9.931.149
0.258574;0.019154;9.232.041
0.268151;0.067038;8.590.396
0.248997;0.105345;7.891.289
0.229843;0.114922;7.862.558
0.229843;0.105345;8.101.978
0.229843;0.057461;8.542.512
0.248997;0.028730;9.844.957
0.277727;-0.019154;10.553.641
0.296881;-0.047884;11.185.710
0.306458;-0.124498;11.942.278
0.316035;-0.086191;11.999.739
0.287304;-0.086191;11.856.087
0.306458;-0.095768;11.444.284
0.277727;-0.019154;10.237.606
0.268151;0.019154;9.548.077
0.248997;0.019154;8.925.584
0.229843;0.067038;8.121.132
0.220267;0.114922;7.987.057
0.239420;0.095768;8.101.978
0.258574;0.038307;8.983.045
0.268151;0.000000;9.576.807
0.268151;0.000000;10.228.029
0.277727;-0.038307;10.831.368
0.287304;-0.086191;11.712.435
0.306458;-0.086191;11.875.240
0.316035;-0.076614;11.779.472
0.277727;-0.086191;11.042.058
0.277727;-0.047884;10.448.297
0.268151;-0.028730;9.825.804
0.258574;0.009577;9.222.465
0.229843;0.086191;8.370.130
0.239420;0.076614;8.169.016
0.229843;0.086191;8.226.477
0.258574;0.076614;8.858.546
0.258574;0.028730;9.394.848
0.258574;0.009577;9.979.033
0.296881;-0.047884;11.089.942
0.268151;-0.076614;11.434.708
0.268151;-0.095768;11.626.244
0.296881;-0.105345;11.674.128
0.277727;-0.067038;11.099.519
0.277727;-0.067038;10.620.679
0.277727;-0.009577;10.074.800
0.239420;0.019154;8.983.045
0.220267;0.047884;8.628.703
0.248997;0.057461;8.408.437
0.248997;0.057461;8.523.358
0.239420;0.057461;8.858.546
0.248997;0.038307;9.299.079
0.258574;0.000000;9.816.227
0.277727;-0.019154;10.793.061
0.277727;-0.038307;11.176.133
0.277727;-0.067038;11.444.284
0.306458;-0.076614;11.358.093
0.306458;-0.057461;11.080.365
0.287304;-0.057461;10.687.716
0.258574;-0.019154;10.218.452
0.248997;0.000000;9.260.772
0.268151;0.038307;8.877.700
0.258574;0.057461;8.667.010
0.239420;0.057461;8.638.280
0.248997;0.057461;8.916.007
0.248997;0.038307;9.222.465
0.277727;-0.019154;10.122.684
0.277727;-0.028730;10.601.525
0.277727;-0.038307;10.927.136
0.287304;-0.076614;11.166.556
0.277727;-0.047884;11.224.017
0.277727;-0.067038;11.022.904
0.258574;-0.057461;10.678.140
0.258574;-0.028730;9.864.111
0.258574;-0.009577;9.461.885
0.258574;0.038307;9.117.120
0.258574;0.038307;8.753.201
0.229843;0.057461;8.810.662
0.248997;0.067038;8.973.468
0.258574;0.028730;9.279.925
0.268151;0.009577;10.036.493
0.268151;-0.028730;10.400.413
0.277727;-0.019154;10.754.754
0.277727;-0.038307;11.061.212
0.277727;-0.047884;11.032.481
0.287304;-0.057461;10.888.829
0.296881;-0.038307;10.658.986
0.268151;-0.019154;9.921.572
0.239420;-0.019154;9.605.537
0.248997;0.000000;9.279.925
0.248997;0.028730;8.954.314
0.239420;0.038307;8.992.621
0.258574;0.038307;9.097.966
0.248997;0.000000;9.662.998
0.258574;0.000000;10.007.763
0.277727;0.000000;10.314.221
0.268151;-0.009577;10.601.525
0.287304;-0.028730;10.888.829
0.277727;-0.038307;10.860.099
0.287304;-0.019154;10.726.024
0.268151;-0.028730;10.247.183
0.268151;-0.019154;9.921.572
0.268151;-0.009577;9.634.268
0.268151;0.000000;9.212.888
0.258574;0.019154;9.155.427
0.258574;0.009577;9.165.004
0.258574;0.019154;9.279.925
0.239420;0.009577;9.730.036
0.258574;-0.009577;10.026.917
0.277727;-0.009577;10.295.067
0.287304;-0.057461;10.706.870
0.268151;-0.019154;10.735.600
0.268151;-0.047884;10.716.447
0.268151;-0.038307;10.572.795
0.258574;-0.019154;10.122.684
0.248997;-0.009577;9.854.534
0.248997;0.000000;9.634.268
0.268151;0.000000;9.318.233
0.258574;0.000000;9.251.195
0.258574;0.019154;9.299.079
0.277727;0.009577;9.634.268
0.248997;0.009577;9.864.111
0.268151;0.000000;10.151.415
0.268151;0.000000;10.342.952
0.296881;0.000000;10.639.832
0.277727;-0.009577;10.649.409
0.268151;-0.028730;10.582.372
0.268151;-0.028730;10.208.876
0.248997;-0.009577;9.979.033
0.287304;0.000000;9.768.343
0.248997;0.019154;9.538.500
0.268151;0.000000;9.308.656
0.277727;0.000000;9.337.387
0.248997;0.000000;9.414.001
0.277727;-0.009577;9.777.920
0.268151;0.000000;10.036.493
0.287304;0.000000;10.247.183
0.268151;0.000000;10.582.372
0.277727;-0.019154;10.649.409
0.287304;-0.019154;10.630.256
0.287304;-0.009577;10.505.757
0.268151;-0.019154;10.113.108
0.277727;0.000000;9.844.957
0.258574;0.000000;9.595.961
0.268151;0.009577;9.299.079
0.258574;0.009577;9.299.079
0.258574;0.009577;9.327.810
0.268151;0.000000;9.452.309
0.258574;0.000000;9.902.418
0.287304;-0.028730;10.160.992
0.277727;-0.009577;10.591.949
0.268151;-0.038307;10.716.447
0.277727;-0.019154;10.716.447
0.277727;-0.009577;10.658.986
0.268151;0.000000;10.266.336
0.258574;0.009577;9.988.609
0.277727;0.019154;9.758.766
0.277727;0.019154;9.452.309
0.248997;0.028730;9.136.273
0.248997;0.000000;9.165.004
0.248997;0.000000;9.232.041
0.277727;0.000000;9.691.729
0.277727;-0.019154;9.969.456
0.277727;-0.009577;10.256.760
0.277727;-0.038307;10.726.024
0.268151;-0.038307;10.850.522
0.277727;-0.047884;10.850.522
0.268151;-0.019154;10.754.754
0.277727;0.000000;10.247.183
0.268151;-0.019154;9.979.033
0.268151;0.019154;9.615.114
0.258574;0.047884;9.107.543
0.258574;0.019154;8.992.621
0.277727;0.009577;9.030.929
0.258574;0.019154;9.107.543
0.268151;-0.009577;9.634.268
0.287304;-0.009577;9.988.609
0.239420;-0.028730;10.314.221
0.287304;-0.057461;10.888.829
0.287304;-0.038307;11.003.751
0.277727;-0.067038;11.003.751
0.268151;0.000000;10.658.986
0.268151;-0.009577;10.323.798
0.248997;-0.009577;9.969.456
0.258574;0.019154;9.260.772
0.258574;0.047884;9.011.775
0.248997;0.028730;8.858.546
0.229843;0.009577;8.944.737
0.268151;0.000000;9.174.581
0.258574;0.000000;9.519.346
0.268151;-0.019154;9.902.418
0.277727;-0.067038;10.726.024
0.296881;-0.038307;10.994.174
0.287304;-0.086191;11.156.980
0.287304;-0.067038;11.233.594
0.277727;-0.047884;10.821.792
0.268151;-0.009577;10.477.027
0.277727;0.000000;10.084.377
0.268151;0.009577;9.232.041
0.248997;0.057461;8.887.277
0.258574;0.057461;8.676.587
0.239420;0.028730;8.638.280
0.248997;0.000000;8.973.468
0.268151;0.000000;9.346.964
0.239420;-0.028730;9.777.920
0.287304;-0.086191;11.080.365
0.287304;-0.095768;11.080.365
0.296881;-0.076614;11.329.363
0.296881;-0.076614;11.338.940
0.268151;-0.067038;11.099.519
0.258574;-0.019154;10.716.447
0.277727;0.000000;10.237.606
0.248997;0.047884;9.270.349
0.258574;0.076614;8.571.242
0.258574;0.076614;8.571.242
0.229843;0.038307;8.513.782
0.258574;0.019154;8.743.625
0.268151;0.009577;9.097.966
0.268151;-0.019154;10.122.684
0.296881;-0.067038;10.649.409
0.287304;-0.076614;11.099.519
0.306458;-0.086191;11.415.554
0.287304;-0.095768;11.511.322
0.296881;-0.057461;11.310.209
0.248997;0.000000;9.921.572
0.268151;0.028730;9.346.964
0.239420;0.047884;8.858.546
0.239420;0.067038;8.523.358
0.239420;0.047884;8.513.782
0.258574;0.028730;8.839.393
0.277727;-0.028730;9.921.572
0.277727;-0.067038;10.505.757
0.296881;-0.057461;11.051.635
0.287304;-0.095768;11.683.704
0.296881;-0.105345;11.722.012
0.306458;-0.067038;11.568.783
0.296881;-0.076614;11.214.440
0.277727;0.009577;10.132.261
0.248997;0.028730;9.509.769
0.248997;0.047884;8.925.584
0.229843;0.086191;8.255.207
0.239420;0.076614;8.140.285
0.248997;0.095768;8.264.784
0.229843;0.019154;9.069.236
0.287304;-0.019154;9.701.305
0.258574;-0.028730;10.333.375
0.296881;-0.076614;10.907.983
0.296881;-0.114922;11.741.165
0.296881;-0.076614;11.789.049
0.277727;-0.047884;10.994.174
0.248997;-0.028730;10.429.143
0.258574;0.000000;9.749.189
0.229843;0.057461;9.097.966
0.220267;0.076614;8.178.593
0.239420;0.086191;8.006.210
0.239420;0.076614;8.063.671
0.258574;0.028730;8.772.355
0.277727;0.000000;9.356.541
0.277727;-0.009577;10.026.917
0.287304;-0.095768;11.281.479
0.287304;-0.114922;11.731.588
0.306458;-0.134075;11.942.278
0.316035;-0.134075;11.951.855
0.287304;-0.086191;11.329.363
0.277727;-0.028730;10.735.600
0.268151;-0.019154;10.055.647
0.229843;0.047884;8.714.894
0.239420;0.076614;8.236.053
0.229843;0.124498;7.977.480
0.248997;0.114922;7.891.289
0.258574;0.057461;8.485.051
0.258574;0.047884;9.059.659
0.268151;-0.009577;9.739.613
0.296881;-0.095768;11.109.096
0.296881;-0.105345;11.616.667
0.306458;-0.105345;11.980.585
0.316035;-0.124498;11.961.432
0.287304;-0.086191;11.607.090
0.287304;-0.067038;11.051.635
0.287304;-0.038307;10.362.105
0.248997;0.047884;8.963.891
0.258574;0.076614;8.408.437
0.210690;0.095768;8.006.210
0.239420;0.086191;7.891.289
0.239420;0.086191;8.216.900
0.258574;0.067038;8.695.741
0.287304;-0.057461;10.151.415
0.277727;-0.047884;10.860.099
0.287304;-0.086191;11.492.168
0.306458;-0.143652;11.932.701
0.306458;-0.143652;12.095.507
0.296881;-0.086191;11.827.356
0.306458;-0.076614;11.377.247
0.258574;0.000000;9.979.033
0.248997;0.028730;9.232.041
0.229843;0.067038;8.619.126
0.229843;0.114922;7.814.674
0.239420;0.124498;7.776.367
0.210690;0.105345;8.006.210
0.248997;0.076614;8.437.167
0.277727;-0.009577;9.787.497
0.268151;-0.047884;10.534.488
0.287304;-0.076614;11.185.710
0.316035;-0.124498;12.105.083
0.296881;-0.143652;12.181.698
0.306458;-0.114922;12.028.469
0.277727;-0.076614;11.051.635
0.277727;-0.009577;10.323.798
0.258574;0.019154;9.567.230
0.258574;0.057461;8.868.123
0.229843;0.114922;7.900.866
0.239420;0.105345;7.738.060
0.239420;0.095768;7.843.405
0.239420;0.086191;8.197.746
0.268151;0.028730;9.433.155
0.277727;-0.019154;10.180.145
0.287304;-0.076614;10.927.136
0.296881;-0.114922;11.999.739
0.316035;-0.124498;12.200.851
0.296881;-0.134075;12.162.544
0.287304;-0.095768;11.329.363
0.287304;-0.047884;10.658.986
0.258574;0.000000;9.902.418
0.248997;0.019154;9.174.581
0.239420;0.114922;8.044.518
0.220267;0.114922;7.766.790
0.239420;0.105345;7.757.214
0.239420;0.086191;8.485.051
0.258574;0.028730;9.088.389
0.277727;-0.009577;9.835.381
0.287304;-0.086191;11.281.479
0.287304;-0.105345;11.817.780
0.316035;-0.143652;12.143.391
0.316035;-0.143652;12.191.275
0.287304;-0.095768;11.568.783
0.296881;-0.057461;10.994.174
0.268151;-0.019154;10.247.183
0.258574;0.028730;8.829.816
0.248997;0.057461;8.264.784
0.229843;0.086191;7.900.866
0.239420;0.124498;7.776.367
0.239420;0.076614;8.245.630
0.239420;0.047884;8.829.816
0.277727;-0.009577;10.218.452
0.287304;-0.057461;10.965.444
0.287304;-0.095768;11.559.206
0.316035;-0.114922;11.971.008
0.316035;-0.114922;12.076.353
0.296881;-0.095768;11.769.896
0.306458;-0.076614;11.262.324
0.287304;-0.047884;10.611.102
0.248997;0.028730;9.136.273
0.248997;0.067038;8.523.358
0.239420;0.086191;8.092.402
0.229843;0.095768;7.852.982
0.229843;0.086191;8.092.402
0.258574;0.057461;8.571.242
0.268151;0.009577;9.892.841
0.268151;-0.028730;10.591.949
0.287304;-0.095768;11.271.901
0.306458;-0.105345;11.741.165
0.306458;-0.114922;12.085.930
0.306458;-0.124498;11.884.817
0.287304;-0.105345;11.473.015
0.268151;-0.028730;10.208.876
0.277727;0.009577;9.471.462
0.239420;0.038307;8.820.239
0.229843;0.095768;7.967.903
0.229843;0.105345;7.891.289
0.229843;0.095768;8.044.518
0.248997;0.067038;8.963.891
0.268151;0.028730;9.595.961
0.287304;-0.028730;10.304.645
0.296881;-0.057461;10.946.290
0.287304;-0.105345;11.856.087
0.287304;-0.124498;11.999.739
0.316035;-0.095768;11.923.124
0.296881;-0.086191;11.607.090
0.268151;-0.038307;10.486.604
0.268151;0.000000;9.816.227
0.258574;0.019154;9.126.697
0.239420;0.086191;8.197.746
0.239420;0.095768;7.987.057
0.210690;0.095768;8.034.941
0.248997;0.067038;8.753.201
0.258574;0.038307;9.327.810
0.258574;0.000000;9.931.149
0.296881;-0.038307;10.611.102
0.277727;-0.076614;11.654.974
0.296881;-0.105345;11.875.240
0.306458;-0.134075;11.884.817
0.296881;-0.076614;11.281.479
0.277727;-0.067038;10.716.447
0.258574;-0.028730;10.074.800
0.239420;0.009577;9.461.885
0.229843;0.038307;8.427.590
0.229843;0.086191;8.188.169
0.229843;0.067038;8.140.285
0.248997;0.067038;8.638.280
0.229843;0.047884;9.136.273
0.258574;0.019154;9.720.459
0.287304;-0.047884;10.917.560
0.296881;-0.076614;11.348.516
0.306458;-0.105345;11.654.974
0.296881;-0.114922;11.760.319
0.287304;-0.086191;11.358.093
0.277727;-0.076614;10.907.983
0.268151;-0.038307;10.333.375
0.277727;0.019154;9.174.581
0.239420;0.038307;8.705.317
0.239420;0.076614;8.379.706
0.229843;0.067038;8.331.821
0.258574;0.057461;8.590.396
0.248997;0.047884;9.002.198
0.239420;0.009577;9.490.616
0.287304;-0.028730;10.620.679
0.268151;-0.076614;11.089.942
0.287304;-0.076614;11.405.977
0.296881;-0.095768;11.559.206
0.287304;-0.095768;11.367.670
0.287304;-0.067038;11.003.751
0.287304;-0.038307;10.496.181
0.258574;0.000000;9.461.885
0.248997;0.019154;8.983.045
0.268151;0.047884;8.628.703
0.239420;0.047884;8.427.590
0.229843;0.057461;8.609.550
0.248997;0.057461;8.963.891
0.277727;0.009577;9.854.534
0.268151;-0.019154;10.381.259
0.268151;-0.067038;10.860.099
0.296881;-0.076614;11.204.864
0.287304;-0.095768;11.415.554
0.287304;-0.095768;11.319.786
0.296881;-0.057461;11.042.058
0.248997;-0.038307;10.180.145
0.258574;0.000000;9.691.729
0.248997;0.000000;9.222.465
0.258574;0.028730;8.877.700
0.239420;0.057461;8.580.819
0.239420;0.067038;8.676.587
0.248997;0.038307;8.935.161
0.268151;0.019154;9.730.036
0.277727;0.000000;10.199.299
0.296881;-0.028730;10.611.102
0.287304;-0.057461;11.176.133
0.296881;-0.076614;11.252.748
0.287304;-0.086191;11.204.864
0.277727;-0.095768;10.955.867
0.277727;-0.038307;10.266.336
0.268151;0.000000;9.844.957
0.268151;0.019154;9.423.578
0.239420;0.019154;8.858.546
0.229843;0.047884;8.781.932
0.258574;0.028730;8.820.239
0.258574;0.047884;9.289.502
0.287304;0.028730;9.634.268
0.268151;0.019154;10.026.917
0.277727;-0.028730;10.754.754
0.277727;-0.028730;10.975.020
0.296881;-0.047884;11.089.942
0.268151;-0.095768;11.051.635
0.287304;-0.028730;10.649.409
0.277727;-0.038307;10.295.067
0.277727;-0.038307;9.931.149
0.277727;0.000000;9.576.807
0.248997;0.019154;9.069.236
0.258574;0.038307;8.963.891
0.258574;0.028730;8.973.468
0.239420;0.028730;9.337.387
0.258574;0.009577;9.643.845
0.258574;0.000000;9.959.879
0.277727;-0.038307;10.563.218
0.268151;-0.028730;10.783.484
0.277727;0.000000;10.907.983
0.277727;-0.038307;10.879.252
0.277727;-0.047884;10.572.795
0.287304;-0.047884;10.266.336
0.277727;-0.019154;9.988.609
0.277727;0.000000;9.394.848
0.258574;0.019154;9.251.195
0.268151;0.009577;9.126.697
0.258574;0.047884;9.212.888
0.248997;0.028730;9.433.155
0.277727;0.009577;9.691.729
0.268151;0.019154;9.959.879
0.258574;-0.028730;10.467.450
0.258574;-0.038307;10.620.679
0.287304;-0.009577;10.745.177
0.277727;-0.038307;10.639.832
0.277727;-0.019154;10.438.720
0.268151;-0.028730;10.199.299
0.277727;0.000000;9.959.879
0.277727;0.000000;9.500.193
0.258574;0.019154;9.346.964
0.258574;0.009577;9.241.618
0.258574;0.009577;9.385.271
0.277727;0.009577;9.567.230
0.258574;0.009577;9.749.189
0.268151;-0.019154;10.275.913
0.287304;-0.009577;10.400.413
0.268151;-0.009577;10.572.795
0.268151;-0.019154;10.639.832
0.287304;-0.019154;10.496.181
0.268151;-0.009577;10.323.798
0.258574;-0.019154;9.892.841
0.268151;0.000000;9.672.575
0.258574;0.000000;9.519.346
0.277727;0.009577;9.414.001
0.258574;0.009577;9.423.578
0.248997;0.009577;9.490.616
0.248997;-0.009577;9.672.575
0.248997;0.000000;9.892.841
0.277727;0.000000;10.295.067
0.258574;-0.019154;10.457.873
0.277727;-0.028730;10.553.641
0.287304;-0.009577;10.486.604
0.268151;0.000000;10.352.529
0.277727;-0.019154;10.170.568
0.268151;0.000000;9.777.920
0.268151;-0.019154;9.586.384
0.248997;0.009577;9.461.885
0.268151;0.000000;9.414.001
0.277727;0.000000;9.481.039
0.258574;-0.009577;9.605.537
0.268151;-0.009577;9.797.073
0.268151;-0.009577;10.199.299
0.268151;-0.009577;10.400.413
0.287304;-0.009577;10.534.488
0.277727;-0.028730;10.601.525
0.268151;-0.019154;10.419.566
0.258574;0.000000;10.275.913
0.277727;0.000000;10.103.531
0.248997;0.000000;9.653.421
0.277727;0.028730;9.490.616
0.239420;-0.009577;9.404.425
0.248997;-0.019154;9.375.694
0.258574;0.000000;9.519.346
0.268151;0.000000;9.662.998
0.258574;-0.009577;9.883.265
0.277727;-0.019154;10.323.798
0.277727;-0.019154;10.515.334
0.287304;-0.019154;10.668.563
0.258574;-0.019154;10.601.525
0.258574;-0.009577;10.448.297
0.268151;-0.028730;10.266.336
0.287304;0.009577;10.017.340
0.248997;0.009577;9.519.346
0.258574;0.009577;9.337.387
0.268151;0.000000;9.241.618
0.258574;0.000000;9.299.079
0.239420;0.000000;9.442.732
0.268151;0.000000;9.682.152
0.277727;-0.028730;10.208.876
0.287304;-0.019154;10.457.873
0.277727;-0.067038;10.658.986
0.258574;-0.038307;10.754.754
0.277727;-0.038307;10.726.024
0.268151;-0.038307;10.524.911
0.277727;0.000000;10.295.067
0.277727;0.000000;9.662.998
0.248997;0.009577;9.414.001
0.258574;0.019154;9.212.888
0.258574;0.000000;9.088.389
0.287304;0.000000;9.184.157
0.268151;-0.019154;9.327.810
0.268151;0.000000;9.634.268
0.287304;-0.047884;10.256.760
0.287304;-0.047884;10.544.065
0.296881;-0.038307;10.783.484
0.268151;-0.047884;10.955.867
0.287304;-0.019154;10.821.792
0.268151;-0.038307;10.658.986
0.277727;0.028730;9.682.152
0.248997;0.019154;9.346.964
0.248997;0.019154;9.107.543
0.248997;0.019154;8.906.430
0.239420;0.019154;9.021.352
0.248997;0.019154;9.212.888
0.268151;-0.038307;9.854.534
0.287304;-0.028730;10.237.606
0.296881;-0.057461;10.591.949
0.277727;-0.047884;10.879.252
0.296881;-0.057461;11.128.249
0.287304;-0.057461;11.051.635
0.268151;-0.009577;10.534.488
0.277727;-0.009577;10.132.261
0.268151;0.009577;9.739.613
0.268151;0.009577;9.318.233
0.248997;0.038307;9.011.775
0.239420;0.067038;8.743.625
0.239420;0.047884;8.810.662
0.248997;0.028730;9.002.198
0.268151;-0.019154;9.730.036
0.268151;-0.028730;10.132.261
0.296881;-0.057461;10.601.525
0.268151;-0.067038;11.166.556
0.287304;-0.076614;11.271.901
0.277727;-0.057461;11.233.594
0.287304;-0.057461;11.032.481
0.268151;0.000000;10.285.490
0.258574;0.000000;9.835.381
0.268151;0.028730;9.394.848
0.248997;0.067038;8.753.201
0.220267;0.057461;8.609.550
0.239420;0.047884;8.647.857
0.248997;0.019154;9.126.697
0.268151;0.000000;9.557.653
0.258574;-0.038307;10.026.917
0.287304;-0.067038;10.486.604
0.287304;-0.086191;11.195.287
0.277727;-0.086191;11.396.400
0.287304;-0.086191;11.415.554
0.287304;-0.057461;10.955.867
0.277727;-0.009577;10.524.911
0.258574;-0.019154;9.998.186
0.248997;0.000000;9.500.193
0.258574;0.057461;8.686.164
0.239420;0.086191;8.475.474
0.248997;0.076614;8.427.590
0.258574;0.009577;8.887.277
0.258574;0.019154;9.289.502
0.277727;-0.009577;9.816.227
0.277727;-0.067038;10.821.792
0.296881;-0.086191;11.204.864
0.306458;-0.095768;11.473.015
0.287304;-0.086191;11.549.629
0.277727;-0.057461;11.166.556
0.268151;-0.076614;10.745.177
0.258574;-0.009577;10.228.029
0.248997;0.028730;9.145.850
0.258574;0.057461;8.714.894
0.220267;0.076614;8.437.167
0.239420;0.067038;8.360.553
0.239420;0.047884;8.647.857
0.258574;0.038307;9.069.236
0.287304;-0.009577;9.567.230
0.306458;-0.067038;10.697.293
0.296881;-0.067038;11.176.133
0.306458;-0.086191;11.492.168
0.296881;-0.114922;11.645.397
0.296881;-0.076614;11.415.554
0.287304;-0.057461;11.013.328
0.258574;-0.047884;10.496.181
0.258574;0.038307;9.356.541
0.239420;0.047884;8.858.546
0.229843;0.067038;8.418.014
0.239420;0.086191;8.236.053
0.239420;0.067038;8.437.167
0.239420;0.047884;8.801.085
0.277727;0.000000;9.902.418
0.277727;-0.047884;10.534.488
0.306458;-0.067038;11.061.212
0.287304;-0.086191;11.492.168
0.316035;-0.095768;11.808.203
0.296881;-0.114922;11.616.667
0.277727;-0.047884;11.252.748
0.268151;0.000000;10.189.722
0.248997;0.009577;9.557.653
0.239420;0.047884;8.992.621
0.239420;0.086191;8.523.358
0.239420;0.076614;8.111.555
0.229843;0.076614;8.226.477
0.229843;0.076614;8.561.666
0.268151;0.000000;9.605.537
0.287304;-0.047884;10.275.913
0.268151;-0.047884;10.869.676
0.287304;-0.105345;11.750.742
0.306458;-0.114922;11.865.664
0.277727;-0.114922;11.808.203
0.287304;-0.105345;11.511.322
0.277727;-0.019154;10.477.027
0.258574;0.000000;9.844.957
0.277727;0.038307;9.203.311
0.239420;0.076614;8.255.207
0.239420;0.095768;8.054.094
0.229843;0.105345;8.111.555
0.258574;0.038307;8.762.778
0.268151;0.000000;9.318.233
0.258574;-0.019154;9.969.456
0.287304;-0.028730;10.620.679
0.287304;-0.095768;11.654.974
0.296881;-0.134075;11.903.971
0.296881;-0.095768;11.932.701
0.287304;-0.076614;11.329.363
0.296881;-0.057461;10.773.908
0.277727;-0.009577;10.160.992
0.248997;0.057461;8.868.123
0.239420;0.057461;8.379.706
0.258574;0.095768;8.073.248
0.220267;0.095768;8.015.787
0.220267;0.067038;8.523.358
0.248997;0.019154;9.040.505
0.277727;-0.019154;9.672.575
0.296881;-0.086191;10.965.444
0.306458;-0.124498;11.511.322
0.296881;-0.124498;11.827.356
0.316035;-0.114922;11.961.432
0.296881;-0.114922;11.549.629
0.277727;-0.067038;11.080.365
0.268151;-0.038307;10.438.720
0.258574;0.038307;9.107.543
0.248997;0.067038;8.590.396
0.248997;0.076614;8.207.323
0.229843;0.095768;8.034.941
0.268151;0.076614;8.303.091
0.248997;0.047884;8.781.932
0.239420;0.009577;9.356.541
0.287304;-0.047884;10.678.140
0.277727;-0.086191;11.252.748
0.277727;-0.124498;11.702.858
0.306458;-0.114922;11.942.278
0.296881;-0.105345;11.693.281
0.296881;-0.086191;11.300.632
0.287304;-0.057461;10.716.447
0.229843;0.019154;9.414.001
0.229843;0.047884;8.829.816
0.239420;0.076614;8.360.553
0.220267;0.086191;8.015.787
0.229843;0.086191;8.130.709
0.248997;0.067038;8.552.089
0.248997;0.000000;9.739.613
0.248997;-0.038307;10.409.989
0.287304;-0.076614;11.022.904
0.296881;-0.086191;11.530.476
0.287304;-0.114922;11.980.585
0.316035;-0.095768;11.846.510
0.296881;-0.095768;11.492.168
0.287304;0.000000;10.409.989
0.258574;-0.009577;9.701.305
0.239420;0.047884;9.097.966
0.248997;0.086191;8.178.593
0.239420;0.105345;8.015.787
0.210690;0.076614;8.082.825
0.210690;0.067038;8.360.553
0.258574;0.009577;9.414.001
0.268151;-0.009577;10.065.224
0.296881;-0.038307;10.726.024
0.287304;-0.105345;11.683.704
0.316035;-0.114922;11.894.394
0.296881;-0.114922;11.884.817
0.306458;-0.076614;11.645.397
0.268151;-0.038307;10.658.986
0.277727;-0.019154;10.046.070
0.258574;0.028730;9.394.848
0.239420;0.067038;8.370.130
0.229843;0.105345;8.159.439
0.248997;0.086191;8.111.555
0.239420;0.076614;8.647.857
0.248997;0.038307;9.203.311
0.258574;-0.019154;9.768.343
0.268151;-0.057461;10.438.720
0.296881;-0.105345;11.492.168
0.296881;-0.095768;11.779.472
0.287304;-0.105345;11.846.510
0.287304;-0.067038;11.377.247
0.277727;-0.047884;10.907.983
0.287304;-0.057461;10.314.221
0.258574;0.038307;9.078.813
0.229843;0.057461;8.599.973
0.248997;0.076614;8.255.207
0.258574;0.095768;8.159.439
0.239420;0.076614;8.504.205
0.239420;0.028730;8.973.468
0.248997;0.009577;9.519.346
0.268151;-0.057461;10.697.293
0.287304;-0.067038;11.233.594
0.306458;-0.105345;11.587.936
0.296881;-0.124498;11.760.319
0.268151;-0.095768;11.482.592
0.287304;-0.076614;11.080.365
0.268151;-0.028730;10.572.795
0.258574;0.000000;9.385.271
0.210690;0.038307;8.877.700
0.229843;0.047884;8.494.628
0.239420;0.057461;8.283.937
0.248997;0.057461;8.446.744
0.258574;0.067038;8.810.662
0.239420;0.028730;9.299.079
0.268151;-0.038307;10.438.720
0.277727;-0.038307;10.975.020
0.287304;-0.095768;11.377.247
0.296881;-0.105345;11.645.397
0.296881;-0.114922;11.520.899
0.306458;-0.086191;11.204.864
0.277727;-0.028730;10.180.145
0.258574;0.019154;9.643.845
0.258574;0.038307;9.117.120
0.268151;0.038307;8.734.048
0.229843;0.086191;8.341.399
0.229843;0.086191;8.475.474
0.248997;0.057461;8.743.625
0.268151;0.009577;9.643.845
0.287304;0.000000;10.199.299
0.268151;-0.047884;10.716.447
0.277727;-0.095768;11.405.977
0.296881;-0.095768;11.540.052
0.296881;-0.086191;11.501.745
0.296881;-0.095768;11.233.594
0.268151;-0.038307;10.429.143
0.258574;-0.028730;9.864.111
0.268151;0.000000;9.375.694
0.248997;0.047884;8.647.857
0.258574;0.086191;8.504.205
0.239420;0.057461;8.532.935
0.239420;0.047884;8.734.048
0.268151;0.028730;9.490.616
0.268151;0.000000;9.959.879
0.258574;-0.028730;10.438.720
0.296881;-0.067038;11.214.440
0.296881;-0.067038;11.396.400
0.296881;-0.095768;11.377.247
0.296881;-0.076614;11.233.594
0.277727;-0.047884;10.572.795
0.268151;-0.038307;10.074.800
0.248997;0.000000;9.605.537
0.248997;0.047884;8.848.969
0.229843;0.067038;8.686.164
0.258574;0.057461;8.628.703
0.248997;0.047884;9.002.198
0.248997;0.019154;9.337.387
0.268151;0.000000;9.797.073
0.268151;-0.009577;10.247.183
0.296881;-0.067038;10.975.020
0.287304;-0.067038;11.185.710
0.296881;-0.086191;11.262.324
0.306458;-0.076614;10.936.713
0.258574;-0.057461;10.591.949
0.268151;-0.038307;10.237.606
0.248997;0.000000;9.787.497
0.258574;0.009577;9.088.389
0.248997;0.038307;8.896.853
0.268151;0.028730;8.791.509
0.258574;0.067038;9.030.929
0.248997;0.038307;9.356.541
0.248997;0.000000;9.691.729
0.258574;-0.019154;10.457.873
0.268151;-0.038307;10.764.331
0.277727;-0.057461;10.984.597
0.296881;-0.067038;11.070.788
0.277727;-0.047884;10.888.829
0.287304;-0.038307;10.620.679
0.277727;-0.019154;10.285.490
0.268151;-0.009577;9.586.384
0.248997;0.000000;9.270.349
0.248997;0.028730;9.059.659
0.248997;0.028730;8.983.045
0.268151;0.057461;9.107.543
0.248997;0.009577;9.337.387
0.258574;0.019154;9.643.845
0.268151;0.000000;10.285.490
0.277727;-0.019154;10.601.525
0.287304;-0.047884;10.821.792
0.268151;-0.038307;10.888.829
0.268151;-0.057461;10.821.792
0.277727;-0.047884;10.582.372
0.277727;-0.038307;10.304.645
0.229843;0.000000;9.672.575
0.248997;-0.009577;9.414.001
0.258574;0.000000;9.241.618
0.239420;0.038307;9.145.850
0.239420;0.028730;9.232.041
0.268151;0.009577;9.423.578
0.248997;0.000000;9.959.879
0.287304;-0.019154;10.228.029
0.268151;-0.019154;10.467.450
0.268151;-0.019154;10.668.563
0.287304;-0.057461;10.745.177
0.287304;-0.057461;10.687.716
0.287304;-0.057461;10.524.911
0.268151;-0.019154;9.979.033
0.277727;-0.019154;9.749.189
0.258574;-0.038307;9.538.500
0.258574;0.028730;9.241.618
0.268151;0.019154;9.241.618
0.258574;0.009577;9.366.117
0.268151;0.009577;9.691.729
0.277727;-0.009577;9.950.302
0.258574;0.000000;10.189.722
0.268151;-0.009577;10.400.413
0.268151;-0.028730;10.620.679
0.268151;-0.047884;10.630.256
0.268151;-0.038307;10.553.641
0.287304;-0.038307;10.362.105
0.277727;-0.009577;10.007.763
0.248997;-0.009577;9.777.920
0.268151;-0.009577;9.595.961
0.258574;0.009577;9.375.694
0.258574;0.028730;9.366.117
0.268151;0.000000;9.433.155
0.268151;0.000000;9.806.650
0.277727;-0.019154;10.007.763
0.268151;-0.009577;10.189.722
0.268151;0.000000;10.467.450
0.277727;-0.019154;10.524.911
0.268151;-0.028730;10.524.911
0.258574;-0.028730;10.429.143
0.258574;-0.047884;10.103.531
0.258574;-0.009577;9.902.418
0.268151;0.000000;9.710.882
0.258574;0.000000;9.471.462
0.258574;0.000000;9.452.309
0.277727;0.009577;9.500.193
0.258574;0.028730;9.595.961
0.258574;0.000000;9.911.995
0.258574;0.009577;10.093.954
0.277727;0.000000;10.256.760
0.277727;-0.019154;10.486.604
0.277727;-0.019154;10.505.757
0.258574;-0.028730;10.419.566
0.277727;0.000000;10.180.145
0.277727;0.000000;10.007.763
0.268151;-0.019154;9.806.650
0.258574;0.000000;9.634.268
0.258574;0.000000;9.461.885
0.268151;0.000000;9.433.155
0.239420;0.000000;9.538.500
0.287304;0.000000;9.854.534
0.277727;0.000000;10.017.340
0.258574;0.009577;10.228.029
0.258574;-0.009577;10.467.450
0.248997;-0.019154;10.524.911
0.277727;-0.009577;10.486.604
0.277727;0.000000;10.371.682
0.277727;-0.009577;10.074.800
0.277727;0.000000;9.873.688
0.258574;0.028730;9.691.729
0.239420;0.009577;9.452.309
0.248997;0.009577;9.394.848
0.258574;0.000000;9.433.155
0.258574;-0.009577;9.538.500
0.268151;-0.009577;9.921.572
0.277727;-0.019154;10.132.261
0.277727;-0.047884;10.314.221
0.248997;-0.019154;10.582.372
0.277727;-0.019154;10.620.679
0.277727;-0.019154;10.544.065
0.268151;-0.019154;10.438.720
0.258574;0.000000;10.026.917
0.258574;0.000000;9.806.650
0.258574;0.009577;9.615.114
0.277727;0.000000;9.308.656
0.248997;0.000000;9.279.925
0.277727;0.000000;9.394.848
0.268151;0.000000;9.682.152
0.268151;-0.019154;9.931.149
0.258574;-0.019154;10.199.299
0.277727;-0.038307;10.400.413
0.287304;-0.047884;10.726.024
0.287304;-0.038307;10.745.177
0.268151;-0.028730;10.658.986
0.268151;-0.009577;10.285.490
0.277727;0.000000;10.007.763
0.268151;0.000000;9.749.189
0.258574;0.028730;9.500.193
0.239420;0.028730;9.184.157
0.248997;0.019154;9.155.427
0.248997;0.019154;9.222.465
0.268151;0.009577;9.615.114
0.268151;0.000000;9.921.572
0.258574;-0.019154;10.189.722
0.287304;-0.038307;10.706.870
0.287304;-0.038307;10.831.368
0.287304;-0.038307;10.888.829
0.258574;-0.038307;10.639.832
0.268151;-0.009577;10.409.989
0.277727;0.000000;10.074.800
0.258574;0.000000;9.777.920
0.268151;0.028730;9.212.888
0.248997;0.038307;9.069.236
0.258574;0.028730;8.983.045
0.268151;0.019154;9.203.311
0.239420;0.009577;9.500.193
0.258574;-0.009577;9.806.650
0.287304;-0.047884;10.170.568
0.277727;-0.047884;10.783.484
0.287304;-0.057461;10.965.444
0.287304;-0.057461;11.022.904
0.277727;-0.028730;10.773.908
0.258574;-0.028730;10.534.488
0.258574;0.000000;10.199.299
0.248997;0.019154;9.481.039
0.258574;0.038307;9.136.273
0.248997;0.067038;8.963.891
0.258574;0.047884;8.868.123
0.268151;0.019154;9.059.659
0.268151;0.009577;9.337.387
0.277727;-0.009577;9.691.729
0.268151;-0.067038;10.467.450
0.268151;-0.047884;10.802.638
0.296881;-0.057461;11.042.058
0.296881;-0.067038;11.166.556
0.268151;-0.057461;10.994.174
0.277727;-0.047884;10.697.293
0.248997;-0.028730;10.342.952
0.268151;0.009577;9.519.346
0.229843;0.057461;9.126.697
0.229843;0.057461;8.868.123
0.239420;0.057461;8.724.471
0.277727;0.038307;8.887.277
0.258574;0.019154;9.155.427
0.268151;0.000000;9.528.923
0.296881;-0.028730;10.371.682
0.296881;-0.038307;10.783.484
0.268151;-0.038307;11.109.096
0.306458;-0.076614;11.291.056
0.306458;-0.057461;11.185.710
0.306458;-0.038307;10.888.829
0.258574;0.000000;10.534.488
0.258574;0.019154;9.624.691
0.229843;0.038307;9.232.041
0.248997;0.067038;8.839.393
0.229843;0.086191;8.580.819
0.220267;0.038307;8.695.741
0.248997;0.038307;8.925.584
0.258574;0.000000;9.758.766
0.268151;-0.028730;10.237.606
0.287304;-0.047884;10.678.140
0.287304;-0.086191;11.089.942
0.296881;-0.095768;11.434.708
0.277727;-0.076614;11.348.516
0.296881;-0.047884;11.109.096
0.277727;-0.009577;10.285.490
0.258574;0.009577;9.825.804
0.239420;0.038307;9.327.810
0.239420;0.057461;8.628.703
0.229843;0.086191;8.504.205
0.229843;0.057461;8.523.358
0.248997;0.038307;8.743.625
0.248997;-0.009577;9.519.346
0.277727;-0.028730;10.065.224
0.277727;-0.047884;10.553.641
0.268151;-0.067038;11.338.940
0.296881;-0.076614;11.520.899
0.277727;-0.086191;11.501.745
0.287304;-0.086191;11.319.786
0.258574;-0.009577;10.544.065
0.258574;0.000000;9.988.609
0.248997;0.009577;9.500.193
0.258574;0.076614;8.647.857
0.239420;0.067038;8.446.744
0.239420;0.076614;8.389.283
0.258574;0.038307;8.839.393
0.258574;0.000000;9.289.502
0.258574;-0.009577;9.835.381
0.287304;-0.038307;10.371.682
0.287304;-0.086191;11.281.479
0.287304;-0.114922;11.540.052
0.296881;-0.105345;11.578.360
0.287304;-0.086191;11.214.440
0.287304;-0.047884;10.783.484
0.268151;-0.028730;10.247.183
0.258574;0.028730;9.701.305
0.248997;0.067038;8.734.048
0.248997;0.067038;8.427.590
0.248997;0.086191;8.389.283
0.239420;0.067038;8.638.280
0.239420;0.019154;9.059.659
0.277727;0.009577;9.548.077
0.287304;-0.047884;10.697.293
0.277727;-0.086191;11.166.556
0.268151;-0.105345;11.492.168
0.277727;-0.086191;11.645.397
0.277727;-0.086191;11.415.554
0.287304;-0.057461;11.042.058
0.287304;-0.019154;10.515.334
0.248997;0.019154;9.366.117
0.248997;0.038307;8.877.700
0.248997;0.076614;8.523.358
0.239420;0.067038;8.303.091
0.239420;0.067038;8.475.474
0.258574;0.038307;8.810.662
0.268151;0.000000;9.270.349
0.277727;-0.047884;10.457.873
0.268151;-0.067038;11.003.751
0.296881;-0.124498;11.664.551
0.287304;-0.095768;11.750.742
0.306458;-0.086191;11.578.360
0.296881;-0.067038;11.243.171
0.287304;-0.047884;10.783.484
0.268151;0.009577;9.653.421
0.239420;0.038307;9.078.813
0.239420;0.057461;8.609.550
0.239420;0.086191;8.216.900
0.258574;0.086191;8.312.668
0.248997;0.067038;8.580.819
0.258574;0.000000;9.595.961
0.277727;-0.009577;10.228.029
0.277727;-0.067038;10.793.061
0.296881;-0.095768;11.597.513
0.306458;-0.095768;11.731.588
0.287304;-0.114922;11.683.704
0.287304;-0.086191;11.434.708
0.296881;-0.038307;10.505.757
0.239420;0.000000;9.902.418
0.239420;0.019154;9.337.387
0.239420;0.047884;8.781.932
0.239420;0.086191;8.226.477
0.229843;0.076614;8.255.207
0.248997;0.076614;8.437.167
0.268151;0.028730;9.308.656
0.258574;-0.019154;9.911.995
0.296881;-0.067038;11.042.058
0.296881;-0.076614;11.473.015
0.296881;-0.105345;11.722.012
0.287304;-0.086191;11.769.896
0.296881;-0.105345;11.568.783
0.268151;-0.057461;10.735.600
0.277727;-0.019154;10.170.568
0.258574;0.009577;9.567.230
0.229843;0.057461;8.580.819
0.258574;0.086191;8.293.514
0.248997;0.086191;8.226.477
0.229843;0.057461;8.599.973
0.258574;0.028730;9.088.389
0.268151;0.009577;9.653.421
0.248997;-0.038307;10.247.183
0.296881;-0.067038;11.271.901
0.296881;-0.095768;11.587.936
0.287304;-0.105345;11.731.588
0.306458;-0.105345;11.415.554
0.268151;-0.067038;10.965.444
0.277727;-0.047884;10.438.720
0.239420;-0.028730;9.835.381
0.239420;0.028730;8.781.932
0.229843;0.057461;8.418.014
0.248997;0.086191;8.264.784
0.258574;0.086191;8.494.628
0.258574;0.057461;8.877.700
0.248997;0.019154;9.404.425
0.277727;-0.028730;10.572.795
0.296881;-0.067038;11.061.212
0.287304;-0.105345;11.453.861
0.306458;-0.076614;11.635.820
0.296881;-0.095768;11.473.015
0.296881;-0.086191;11.147.403
0.287304;-0.047884;10.687.716
0.258574;0.000000;9.548.077
0.239420;0.028730;9.011.775
0.239420;0.047884;8.619.126
0.239420;0.067038;8.293.514
0.239420;0.076614;8.437.167
0.239420;0.047884;8.734.048
0.239420;0.000000;9.174.581
0.277727;-0.019154;10.266.336
0.277727;-0.057461;10.831.368
0.287304;-0.076614;11.243.171
0.296881;-0.124498;11.626.244
0.316035;-0.105345;11.540.052
0.296881;-0.095768;11.281.479
0.287304;-0.038307;10.850.522
0.268151;-0.009577;9.816.227
0.258574;0.019154;9.279.925
0.229843;0.047884;8.868.123
0.239420;0.086191;8.379.706
0.258574;0.047884;8.427.590
0.248997;0.076614;8.628.703
0.258574;0.019154;9.509.769
0.277727;-0.009577;10.036.493
0.277727;-0.057461;10.544.065
0.287304;-0.047884;11.022.904
0.277727;-0.076614;11.501.745
0.316035;-0.105345;11.530.476
0.296881;-0.076614;11.358.093
0.306458;-0.057461;10.582.372
0.258574;-0.019154;10.026.917
0.258574;0.000000;9.528.923
0.248997;0.057461;8.705.317
0.239420;0.067038;8.494.628
0.248997;0.067038;8.456.321
0.239420;0.057461;8.590.396
0.268151;0.047884;9.299.079
0.268151;0.009577;9.816.227
0.268151;-0.028730;10.295.067
0.296881;-0.095768;11.176.133
0.287304;-0.067038;11.386.824
0.296881;-0.067038;11.358.093
0.296881;-0.076614;11.358.093
0.277727;-0.047884;10.697.293
0.258574;-0.047884;10.237.606
0.258574;0.000000;9.730.036
0.229843;0.028730;8.925.584
0.248997;0.038307;8.686.164
0.239420;0.076614;8.542.512
0.248997;0.057461;8.839.393
0.248997;0.047884;9.145.850
0.258574;0.009577;9.634.268
0.268151;-0.009577;10.113.108
0.287304;-0.057461;10.927.136
0.296881;-0.057461;11.204.864
0.306458;-0.114922;11.338.940
0.277727;-0.076614;11.118.672
0.306458;-0.057461;10.812.215
0.277727;-0.028730;10.400.413
0.268151;0.000000;9.519.346
0.248997;0.019154;9.107.543
0.239420;0.057461;8.848.969
0.258574;0.047884;8.686.164
0.239420;0.067038;8.858.546
0.258574;0.057461;9.107.543
0.258574;0.009577;9.461.885
0.258574;-0.009577;10.333.375
0.287304;-0.047884;10.706.870
0.296881;-0.076614;10.994.174
0.287304;-0.076614;11.185.710
0.296881;-0.038307;11.070.788
0.268151;-0.067038;10.860.099
0.277727;-0.057461;10.505.757
0.268151;-0.009577;9.691.729
0.248997;0.019154;9.318.233
0.258574;0.019154;9.059.659
0.239420;0.047884;8.801.085
0.239420;0.028730;8.887.277
0.258574;0.038307;9.088.389
0.268151;0.019154;9.414.001
0.268151;-0.019154;10.151.415
0.258574;-0.019154;10.524.911
0.296881;-0.067038;10.812.215
0.306458;-0.067038;11.089.942
0.277727;-0.067038;11.003.751
0.287304;-0.047884;10.869.676
0.296881;-0.067038;10.572.795
0.287304;-0.038307;9.844.957
0.239420;0.009577;9.538.500
0.239420;0.009577;9.212.888
0.258574;0.038307;8.963.891
0.239420;0.028730;8.954.314
0.258574;0.019154;9.126.697
0.258574;0.019154;9.672.575
0.258574;-0.019154;10.007.763
0.268151;-0.019154;10.381.259
0.277727;-0.047884;10.639.832
0.296881;-0.038307;10.946.290
0.268151;-0.047884;10.927.136
0.287304;-0.057461;10.764.331
0.258574;-0.038307;10.266.336
0.277727;-0.047884;9.979.033
0.287304;0.009577;9.643.845
0.258574;0.000000;9.193.734
0.239420;0.028730;9.107.543
0.277727;0.038307;9.088.389
0.248997;0.038307;9.212.888
0.248997;0.000000;9.662.998
0.258574;0.000000;9.959.879
0.258574;-0.009577;10.228.029
0.268151;-0.028730;10.678.140
0.287304;-0.057461;10.754.754
0.268151;-0.047884;10.793.061
0.287304;-0.076614;10.697.293
0.277727;-0.028730;10.275.913
0.277727;-0.019154;10.017.340
0.277727;-0.019154;9.768.343
0.248997;0.000000;9.346.964
0.258574;0.000000;9.251.195
0.268151;0.028730;9.232.041
0.258574;0.028730;9.481.039
0.258574;0.009577;9.682.152
0.287304;0.000000;9.931.149
0.248997;-0.009577;10.160.992
0.268151;-0.028730;10.553.641
0.268151;-0.047884;10.620.679
0.268151;-0.047884;10.668.563
0.268151;-0.028730;10.438.720
0.268151;-0.038307;10.247.183
0.268151;-0.019154;10.026.917
0.248997;0.000000;9.595.961
0.248997;0.009577;9.461.885
0.258574;0.000000;9.366.117
0.248997;0.000000;9.366.117
0.258574;0.000000;9.557.653
0.248997;0.009577;9.758.766
0.268151;0.000000;9.959.879
0.258574;-0.019154;10.342.952
0.268151;-0.028730;10.467.450
0.287304;-0.038307;10.544.065
0.258574;-0.019154;10.515.334
0.277727;-0.009577;10.333.375
0.268151;-0.028730;10.199.299
0.268151;-0.019154;9.950.302
0.248997;-0.009577;9.643.845
0.277727;-0.019154;9.509.769
0.258574;0.009577;9.471.462
0.268151;0.000000;9.538.500
0.258574;0.000000;9.634.268
0.268151;0.009577;9.806.650
0.268151;-0.009577;10.017.340
0.268151;0.000000;10.323.798
0.277727;-0.028730;10.381.259
0.287304;-0.038307;10.448.297
0.268151;-0.009577;10.352.529
0.268151;-0.019154;10.218.452
0.277727;-0.019154;10.084.377
0.248997;0.009577;9.892.841
0.248997;-0.028730;9.634.268
0.268151;0.000000;9.528.923
0.287304;0.000000;9.519.346
0.277727;-0.009577;9.615.114
0.268151;0.000000;9.768.343
0.268151;-0.009577;9.931.149
0.268151;-0.028730;10.237.606
0.268151;0.000000;10.333.375
0.277727;-0.019154;10.400.413
0.268151;-0.028730;10.438.720
0.277727;-0.009577;10.285.490
0.258574;-0.019154;10.141.838
0.258574;0.000000;9.979.033
0.239420;-0.009577;9.672.575
0.248997;0.009577;9.538.500
0.258574;-0.019154;9.509.769
0.258574;-0.009577;9.576.807
0.248997;-0.019154;9.701.305
0.277727;-0.019154;9.864.111
0.268151;-0.009577;10.007.763
0.277727;-0.028730;10.323.798
0.277727;-0.038307;10.438.720
0.277727;-0.009577;10.467.450
0.248997;-0.047884;10.381.259
0.258574;-0.019154;10.228.029
0.268151;0.000000;10.065.224
0.258574;0.009577;9.873.688
0.248997;0.000000;9.548.077
0.258574;0.000000;9.481.039
0.268151;0.000000;9.471.462
0.268151;0.009577;9.576.807
0.277727;0.000000;9.720.459
0.258574;-0.038307;9.902.418
0.258574;-0.019154;10.285.490
0.287304;-0.019154;10.419.566
0.277727;-0.047884;10.534.488
0.268151;-0.028730;10.563.218
0.277727;-0.028730;10.390.836
0.258574;-0.028730;10.256.760
0.268151;0.000000;10.007.763
0.268151;0.019154;9.605.537
0.258574;0.028730;9.452.309
0.258574;0.009577;9.356.541
0.268151;0.009577;9.346.964
0.268151;0.000000;9.528.923
0.248997;0.000000;9.672.575
0.268151;-0.028730;9.911.995
0.277727;-0.047884;10.381.259
0.287304;-0.028730;10.591.949
0.287304;-0.047884;10.639.832
0.258574;-0.028730;10.630.256
0.277727;-0.009577;10.477.027
0.277727;-0.009577;10.295.067
0.258574;0.028730;10.055.647
0.268151;0.038307;9.538.500
0.239420;0.009577;9.356.541
0.258574;0.009577;9.251.195
0.248997;0.009577;9.270.349
0.268151;0.009577;9.404.425
0.268151;-0.009577;9.615.114
0.258574;-0.028730;10.180.145
0.287304;-0.047884;10.429.143
0.287304;-0.019154;10.649.409
0.287304;-0.019154;10.764.331
0.277727;-0.038307;10.726.024
0.277727;-0.009577;10.582.372
0.277727;0.000000;10.362.105
0.277727;0.019154;9.787.497
0.258574;0.009577;9.538.500
0.258574;0.028730;9.289.502
0.248997;0.019154;9.078.813
0.258574;0.047884;9.107.543
0.277727;0.009577;9.270.349
0.258574;-0.009577;9.825.804
0.268151;-0.028730;10.113.108
0.268151;-0.028730;10.419.566
0.277727;-0.057461;10.860.099
0.287304;-0.076614;10.955.867
0.277727;-0.067038;10.879.252
0.287304;-0.038307;10.764.331
0.296881;-0.009577;10.505.757
0.248997;0.000000;9.844.957
0.268151;0.028730;9.519.346
0.258574;0.019154;9.241.618
0.248997;0.057461;8.944.737
0.248997;0.019154;8.992.621
0.248997;0.038307;9.117.120
0.277727;-0.009577;9.682.152
0.268151;-0.009577;10.055.647
0.268151;-0.019154;10.419.566
0.287304;-0.057461;10.936.713
0.287304;-0.076614;11.080.365
0.296881;-0.067038;11.061.212
0.277727;-0.057461;10.898.406
0.268151;-0.009577;10.342.952
0.277727;0.000000;9.959.879
0.248997;0.000000;9.576.807
0.248997;0.009577;9.232.041
0.258574;0.057461;8.839.393
0.229843;0.038307;8.839.393
0.229843;0.057461;8.935.161
0.277727;0.009577;9.528.923
0.277727;-0.009577;9.883.265
0.277727;-0.019154;10.275.913
0.277727;-0.067038;10.975.020
0.277727;-0.095768;11.147.403
0.287304;-0.067038;11.156.980
0.296881;-0.076614;11.089.942
0.287304;-0.028730;10.544.065
0.268151;-0.009577;10.113.108
0.258574;0.019154;9.701.305
0.248997;0.057461;8.983.045
0.229843;0.047884;8.791.509
0.239420;0.057461;8.724.471
0.248997;0.047884;9.002.198
0.248997;0.009577;9.318.233
0.277727;-0.009577;9.730.036
0.277727;-0.067038;10.160.992
0.296881;-0.067038;10.955.867
0.277727;-0.086191;11.156.980
0.296881;-0.057461;11.281.479
0.287304;-0.086191;11.061.212
0.277727;-0.028730;10.745.177
0.248997;-0.028730;10.342.952
0.258574;0.000000;9.864.111
0.258574;0.038307;9.078.813
0.248997;0.067038;8.762.778
0.239420;0.067038;8.609.550
0.239420;0.028730;8.848.969
0.258574;0.038307;9.136.273
0.277727;0.000000;9.548.077
0.277727;-0.038307;10.438.720
0.287304;-0.057461;10.860.099
0.277727;-0.067038;11.185.710
0.296881;-0.076614;11.348.516
0.287304;-0.076614;11.224.017
0.296881;-0.038307;10.917.560
0.248997;-0.009577;10.074.800
0.258574;0.009577;9.586.384
0.248997;0.019154;9.136.273
0.248997;0.057461;8.801.085
0.229843;0.038307;8.542.512
0.258574;0.038307;8.657.434
0.239420;0.047884;8.916.007
0.268151;0.009577;9.308.656
0.268151;-0.038307;10.266.336
0.287304;-0.057461;10.745.177
0.296881;-0.067038;11.118.672
0.296881;-0.105345;11.434.708
0.287304;-0.105345;11.358.093
0.296881;-0.086191;11.137.826
0.268151;-0.028730;10.314.221
0.268151;0.000000;9.797.073
0.258574;0.038307;9.318.233
0.248997;0.047884;8.887.277
0.220267;0.067038;8.485.051
0.229843;0.076614;8.542.512
0.248997;0.057461;8.714.894
0.258574;0.000000;9.548.077
0.277727;-0.009577;10.036.493
0.268151;-0.038307;10.544.065
0.287304;-0.086191;11.013.328
0.296881;-0.086191;11.492.168
0.296881;-0.095768;11.482.592
0.296881;-0.067038;11.329.363
0.287304;-0.019154;10.544.065
0.258574;0.000000;9.988.609
0.277727;0.019154;9.490.616
0.248997;0.067038;8.695.741
0.229843;0.067038;8.446.744
0.229843;0.086191;8.446.744
0.258574;0.067038;8.571.242
0.258574;0.019154;9.299.079
0.239420;-0.009577;9.835.381
0.277727;-0.028730;10.362.105
0.296881;-0.076614;11.224.017
0.306458;-0.086191;11.453.861
0.335188;-0.086191;11.540.052
0.296881;-0.076614;11.425.131
0.277727;-0.057461;10.754.754
0.277727;-0.009577;10.247.183
0.277727;0.000000;9.710.882
0.239420;0.057461;8.810.662
0.239420;0.076614;8.523.358
0.248997;0.067038;8.389.283
0.229843;0.038307;8.695.741
0.258574;0.047884;9.088.389
0.248997;0.009577;9.557.653
0.287304;-0.028730;10.093.954
0.287304;-0.057461;11.061.212
0.296881;-0.095768;11.386.824
0.296881;-0.095768;11.568.783
0.287304;-0.057461;11.338.940
0.268151;-0.047884;10.975.020
0.268151;-0.038307;10.505.757
0.287304;-0.009577;9.959.879
0.258574;0.019154;8.983.045
0.239420;0.047884;8.619.126
0.239420;0.076614;8.446.744
0.239420;0.067038;8.580.819
0.268151;0.047884;8.916.007
0.268151;0.028730;9.337.387
0.277727;-0.028730;10.409.989
0.268151;-0.038307;10.879.252
0.287304;-0.076614;11.271.901
0.296881;-0.105345;11.482.592
0.306458;-0.086191;11.444.284
0.306458;-0.076614;11.156.980
0.268151;-0.076614;10.716.447
0.277727;0.000000;9.672.575
0.248997;0.028730;9.174.581
0.229843;0.067038;8.772.355
0.248997;0.057461;8.408.437
0.220267;0.038307;8.475.474
0.239420;0.028730;8.724.471
0.277727;0.019154;9.126.697
0.277727;-0.028730;10.170.568
0.287304;-0.028730;10.668.563
0.296881;-0.076614;11.080.365
0.296881;-0.086191;11.530.476
0.277727;-0.095768;11.492.168
0.296881;-0.086191;11.291.056
0.296881;-0.067038;10.927.136
0.277727;0.000000;9.911.995
0.248997;0.000000;9.394.848
0.239420;0.019154;8.992.621
0.239420;0.067038;8.446.744
0.248997;0.067038;8.446.744
0.239420;0.038307;8.638.280
0.268151;0.028730;9.404.425
0.268151;-0.009577;9.902.418
0.268151;-0.047884;10.429.143
0.306458;-0.047884;10.888.829
0.296881;-0.086191;11.434.708
0.277727;-0.095768;11.501.745
0.287304;-0.076614;11.358.093
0.296881;-0.038307;10.678.140
0.277727;-0.019154;10.170.568
0.248997;0.000000;9.634.268
0.258574;0.028730;8.810.662
0.248997;0.057461;8.580.819
0.258574;0.076614;8.465.898
0.239420;0.057461;8.590.396
0.258574;0.038307;9.203.311
0.277727;0.000000;9.682.152
0.277727;-0.009577;10.199.299
0.277727;-0.057461;11.051.635
0.287304;-0.086191;11.338.940
0.296881;-0.095768;11.463.438
0.277727;-0.067038;11.195.287
0.296881;-0.067038;10.802.638
0.258574;-0.038307;10.390.836
0.258574;0.009577;9.883.265
0.258574;0.038307;9.021.352
0.248997;0.076614;8.714.894
0.239420;0.057461;8.552.089
0.258574;0.038307;8.743.625
0.258574;0.028730;9.088.389
0.248997;0.000000;9.490.616
0.258574;0.000000;9.969.456
0.306458;-0.057461;10.869.676
0.287304;-0.076614;11.137.826
0.306458;-0.076614;11.329.363
0.296881;-0.057461;11.214.440
0.296881;-0.076614;10.936.713
0.277727;-0.047884;10.544.065
0.287304;-0.009577;10.093.954
0.268151;0.028730;9.212.888
0.239420;0.019154;8.877.700
0.229843;0.057461;8.667.010
0.248997;0.047884;8.734.048
0.248997;0.038307;8.973.468
0.229843;0.038307;9.337.387
0.268151;-0.009577;10.189.722
0.268151;-0.057461;10.639.832
0.287304;-0.067038;10.984.597
0.296881;-0.057461;11.185.710
0.296881;-0.067038;11.214.440
0.296881;-0.076614;11.003.751
0.287304;-0.047884;10.678.140
0.268151;-0.009577;9.864.111
0.268151;0.009577;9.414.001
0.268151;0.028730;9.069.236
0.239420;0.038307;8.743.625
0.229843;0.038307;8.781.932
0.239420;0.067038;8.954.314
0.248997;0.038307;9.232.041
0.287304;-0.009577;10.036.493
0.268151;-0.047884;10.438.720
0.258574;-0.038307;10.773.908
0.306458;-0.076614;11.156.980
0.287304;-0.076614;11.147.403
0.277727;-0.057461;11.032.481
0.277727;-0.047884;10.764.331
0.287304;-0.019154;10.007.763
0.268151;-0.019154;9.634.268
0.258574;0.009577;9.299.079
0.248997;0.038307;8.858.546
0.248997;0.047884;8.829.816
0.258574;0.038307;8.973.468
0.268151;0.000000;9.519.346
0.258574;0.000000;9.883.265
0.258574;-0.028730;10.266.336
0.268151;-0.028730;10.601.525
0.296881;-0.086191;11.022.904
0.296881;-0.076614;11.042.058
0.296881;-0.057461;10.994.174
0.268151;-0.028730;10.496.181
0.268151;-0.038307;10.160.992
0.268151;0.000000;9.806.650
0.248997;0.028730;9.203.311
0.248997;0.047884;9.040.505
0.248997;0.057461;8.954.314
0.239420;0.047884;9.050.082
0.239420;0.038307;9.461.885
0.268151;-0.009577;9.787.497
0.277727;-0.009577;10.093.954
0.287304;-0.057461;10.687.716
0.287304;-0.057461;10.879.252
0.287304;-0.057461;10.907.983
0.287304;-0.047884;10.898.406
0.268151;-0.028730;10.534.488
0.268151;0.000000;10.199.299
0.248997;-0.019154;9.892.841
0.258574;0.000000;9.385.271
0.239420;0.019154;9.155.427
0.248997;0.028730;9.097.966
0.258574;0.009577;9.241.618
0.258574;0.028730;9.442.732
0.268151;0.009577;9.701.305
0.277727;0.009577;9.988.609
0.277727;-0.019154;10.524.911
0.287304;-0.019154;10.726.024
0.287304;-0.047884;10.812.215
0.277727;-0.028730;10.706.870
0.268151;-0.038307;10.524.911
0.287304;-0.038307;10.256.760
0.258574;-0.019154;9.730.036
0.277727;0.000000;9.500.193
0.277727;0.009577;9.289.502
0.239420;0.019154;9.241.618
0.239420;0.047884;9.308.656
0.239420;0.009577;9.452.309
0.268151;0.000000;9.691.729
0.248997;0.000000;10.199.299
0.287304;-0.019154;10.429.143
0.277727;-0.038307;10.582.372
0.287304;-0.057461;10.678.140
0.277727;-0.019154;10.601.525
0.277727;-0.038307;10.467.450
0.268151;-0.019154;10.266.336
0.268151;-0.009577;9.768.343
0.277727;0.009577;9.586.384
0.268151;0.019154;9.442.732
0.268151;0.009577;9.337.387
0.258574;0.000000;9.423.578
0.239420;0.009577;9.538.500
0.277727;0.028730;9.730.036
0.258574;-0.009577;10.122.684
0.277727;0.000000;10.314.221
0.287304;-0.038307;10.467.450
0.296881;-0.019154;10.553.641
0.296881;-0.019154;10.486.604
0.277727;-0.047884;10.362.105
0.268151;-0.009577;10.007.763
0.268151;-0.009577;9.806.650
0.248997;-0.009577;9.634.268
0.287304;0.019154;9.528.923
0.229843;0.019154;9.471.462
0.239420;0.019154;9.500.193
0.258574;0.009577;9.615.114
0.268151;0.000000;9.959.879
0.277727;-0.009577;10.141.838
0.287304;-0.019154;10.295.067
0.258574;-0.009577;10.390.836
0.277727;-0.019154;10.467.450
0.248997;-0.047884;10.390.836
0.296881;-0.038307;10.275.913
0.277727;-0.009577;9.979.033
0.248997;0.000000;9.816.227
0.258574;0.000000;9.691.729
0.248997;0.000000;9.519.346
0.258574;0.000000;9.557.653
0.268151;0.000000;9.605.537
0.268151;-0.009577;9.701.305
0.268151;-0.009577;9.988.609
0.268151;-0.028730;10.160.992
0.258574;-0.009577;10.275.913
0.277727;-0.009577;10.409.989
0.258574;-0.009577;10.371.682
0.277727;-0.009577;10.304.645
0.268151;-0.009577;10.170.568
0.277727;-0.019154;9.911.995
0.268151;0.000000;9.768.343
0.258574;0.000000;9.605.537
0.258574;0.000000;9.567.230
0.277727;0.009577;9.586.384
0.277727;0.000000;9.691.729
0.248997;-0.009577;9.940.725
0.258574;-0.009577;10.074.800
0.277727;-0.009577;10.218.452
0.287304;0.000000;10.323.798
0.296881;-0.009577;10.390.836
0.268151;-0.009577;10.314.221
0.287304;-0.028730;10.256.760
0.268151;0.000000;9.979.033
0.287304;0.000000;9.816.227
0.248997;0.000000;9.691.729
0.248997;0.000000;9.548.077
0.258574;0.009577;9.567.230
0.239420;0.000000;9.653.421
0.258574;-0.009577;9.730.036
0.277727;-0.019154;10.026.917
0.277727;-0.019154;10.180.145
0.268151;-0.028730;10.295.067
0.268151;-0.019154;10.419.566
0.277727;-0.019154;10.390.836
0.258574;-0.019154;10.333.375
0.268151;0.009577;10.228.029
0.258574;-0.009577;9.864.111
0.258574;0.009577;9.739.613
0.268151;0.019154;9.500.193
0.258574;0.000000;9.490.616
0.258574;0.000000;9.538.500
0.268151;-0.019154;9.615.114
0.277727;-0.019154;9.940.725
0.277727;-0.019154;10.113.108
0.268151;-0.019154;10.275.913
0.287304;0.000000;10.390.836
0.277727;-0.028730;10.505.757
0.287304;-0.019154;10.448.297
0.268151;-0.009577;10.371.682
0.268151;0.000000;10.036.493
0.277727;0.000000;9.816.227
0.258574;0.000000;9.643.845
0.258574;0.009577;9.385.271
0.268151;0.009577;9.394.848
0.248997;0.009577;9.452.309
0.239420;0.000000;9.538.500
0.268151;-0.019154;9.931.149
0.277727;-0.019154;10.132.261
0.277727;-0.019154;10.342.952
0.277727;-0.047884;10.630.256
0.268151;-0.028730;10.649.409
0.268151;-0.028730;10.582.372
0.268151;0.000000;10.438.720
0.258574;0.000000;10.065.224
0.268151;0.009577;9.816.227
0.268151;0.028730;9.615.114
0.248997;0.009577;9.327.810
0.229843;0.009577;9.270.349
0.258574;0.019154;9.318.233
0.277727;0.000000;9.653.421
0.268151;-0.019154;9.854.534
0.268151;-0.019154;10.122.684
0.277727;-0.028730;10.371.682
0.277727;-0.047884;10.697.293
0.287304;-0.047884;10.764.331
0.296881;-0.038307;10.726.024
0.287304;-0.019154;10.362.105
0.248997;0.009577;10.113.108
0.258574;0.009577;9.835.381
0.277727;0.019154;9.356.541
0.258574;0.047884;9.212.888
0.258574;0.028730;9.165.004
0.248997;0.009577;9.193.734
0.248997;0.009577;9.519.346
0.277727;-0.019154;9.797.073
0.268151;-0.019154;10.084.377
0.287304;-0.047884;10.611.102
0.268151;-0.038307;10.764.331
0.277727;-0.038307;10.860.099
0.287304;-0.057461;10.821.792
0.277727;0.000000;10.505.757
0.268151;-0.009577;10.208.876
0.268151;0.000000;9.911.995
0.248997;0.019154;9.346.964
0.258574;0.028730;9.136.273
0.258574;0.057461;9.059.659
0.258574;0.009577;9.184.157
0.248997;0.009577;9.385.271
0.268151;-0.009577;9.682.152
0.268151;-0.047884;10.314.221
0.277727;-0.057461;10.630.256
0.258574;-0.067038;10.840.945
0.277727;-0.067038;10.946.290
0.268151;-0.057461;10.840.945
0.268151;-0.047884;10.649.409
0.268151;-0.009577;10.362.105
0.268151;0.000000;9.672.575
0.258574;0.028730;9.356.541
0.248997;0.028730;9.107.543
0.248997;0.047884;8.944.737
0.248997;0.019154;9.021.352
0.248997;0.000000;9.232.041
0.258574;0.000000;9.538.500
0.277727;-0.038307;10.237.606
0.287304;-0.047884;10.572.795
0.306458;-0.047884;10.860.099
0.296881;-0.076614;11.022.904
0.277727;-0.067038;11.013.328
0.287304;-0.047884;10.821.792
0.277727;-0.019154;10.515.334
0.268151;0.009577;9.768.343
0.268151;0.009577;9.414.001
0.239420;0.028730;9.117.120
0.248997;0.038307;8.848.969
0.229843;0.038307;8.877.700
0.239420;0.028730;9.050.082
0.268151;0.019154;9.356.541
0.268151;-0.028730;10.093.954
0.277727;-0.038307;10.496.181
0.277727;-0.057461;10.812.215
0.287304;-0.067038;11.156.980
0.268151;-0.057461;11.147.403
0.277727;-0.076614;10.984.597
0.287304;-0.047884;10.687.716
0.268151;-0.009577;9.940.725
0.258574;0.019154;9.528.923
0.258574;0.019154;9.155.427
0.239420;0.038307;8.753.201
0.258574;0.047884;8.772.355
0.239420;0.038307;8.916.007
0.258574;-0.009577;9.519.346
0.268151;0.000000;9.892.841
0.277727;-0.009577;10.342.952
0.287304;-0.067038;10.716.447
0.296881;-0.095768;11.224.017
0.287304;-0.067038;11.252.748
0.287304;-0.057461;11.128.249
0.268151;-0.038307;10.524.911
0.277727;-0.019154;10.103.531
0.277727;0.000000;9.701.305
0.248997;0.028730;8.963.891
0.258574;0.057461;8.772.355
0.258574;0.067038;8.705.317
0.239420;0.047884;8.781.932
0.258574;0.028730;9.318.233
0.296881;-0.009577;9.710.882
0.277727;-0.028730;10.189.722
0.306458;-0.086191;10.946.290
0.287304;-0.095768;11.185.710
0.287304;-0.076614;11.310.209
0.306458;-0.086191;11.262.324
0.287304;-0.038307;10.745.177
0.268151;0.000000;10.333.375
0.268151;0.000000;9.883.265
0.248997;0.028730;9.040.505
0.220267;0.067038;8.791.509
0.248997;0.047884;8.638.280
0.248997;0.057461;8.858.546
0.248997;0.019154;9.145.850
0.268151;0.000000;9.509.769
0.268151;-0.019154;9.969.456
0.296881;-0.047884;10.840.945
0.296881;-0.076614;11.156.980
0.277727;-0.067038;11.329.363
0.277727;-0.067038;11.204.864
0.296881;-0.057461;10.927.136
0.277727;-0.028730;10.534.488
0.248997;-0.019154;9.624.691
0.268151;0.028730;9.184.157
0.248997;0.038307;8.868.123
0.239420;0.038307;8.647.857
0.229843;0.047884;8.686.164
0.248997;0.019154;8.935.161
0.258574;0.000000;9.337.387
0.277727;-0.019154;10.208.876
0.268151;-0.067038;10.687.716
0.287304;-0.067038;11.051.635
0.287304;-0.086191;11.271.901
0.296881;-0.067038;11.310.209
0.287304;-0.047884;11.080.365
0.268151;-0.047884;10.735.600
0.258574;0.009577;9.816.227
0.258574;0.019154;9.356.541
0.258574;0.047884;8.963.891
0.248997;0.067038;8.571.242
0.229843;0.057461;8.599.973
0.239420;0.057461;8.791.509
0.258574;0.038307;9.126.697
0.287304;-0.009577;10.026.917
0.277727;-0.028730;10.496.181
0.287304;-0.076614;10.907.983
0.268151;-0.076614;11.348.516
0.277727;-0.067038;11.358.093
0.277727;-0.086191;11.243.171
0.277727;-0.067038;10.907.983
0.258574;0.000000;10.036.493
0.248997;0.009577;9.557.653
0.239420;0.019154;9.136.273
0.220267;0.076614;8.628.703
0.248997;0.076614;8.571.242
0.248997;0.038307;8.647.857
0.258574;0.038307;9.366.117
0.258574;0.000000;9.816.227
0.277727;-0.028730;10.256.760
0.277727;-0.067038;10.735.600
0.296881;-0.067038;11.300.632
0.296881;-0.067038;11.377.247
0.287304;-0.076614;11.291.056
0.268151;-0.057461;10.716.447
0.239420;-0.009577;10.256.760
0.268151;0.019154;9.787.497
0.239420;0.028730;8.944.737
0.248997;0.038307;8.705.317
0.239420;0.076614;8.580.819
0.268151;0.067038;8.609.550
0.277727;0.019154;9.155.427
0.258574;0.009577;9.595.961
0.277727;-0.019154;10.055.647
0.287304;-0.057461;10.936.713
0.296881;-0.076614;11.224.017
0.306458;-0.076614;11.367.670
0.287304;-0.076614;11.176.133
0.287304;-0.067038;10.879.252
0.258574;-0.028730;10.467.450
0.258574;-0.019154;10.017.340
0.239420;0.009577;9.117.120
0.239420;0.047884;8.829.816
0.248997;0.067038;8.590.396
0.248997;0.057461;8.762.778
0.258574;0.028730;9.030.929
0.268151;0.009577;9.414.001
0.268151;0.009577;9.873.688
0.277727;-0.038307;10.754.754
0.277727;-0.047884;11.070.788
0.306458;-0.086191;11.271.901
0.287304;-0.076614;11.214.440
0.287304;-0.086191;11.003.751
0.287304;-0.028730;10.630.256
0.268151;-0.009577;9.739.613
0.239420;0.028730;9.327.810
0.248997;0.047884;8.963.891
0.239420;0.057461;8.676.587
0.239420;0.047884;8.695.741
0.258574;0.057461;8.906.430
0.239420;0.019154;9.222.465
0.268151;-0.009577;10.093.954
0.268151;-0.028730;10.534.488
0.277727;-0.057461;10.898.406
0.277727;-0.057461;11.147.403
0.296881;-0.095768;11.243.171
0.277727;-0.076614;11.061.212
0.287304;-0.067038;10.764.331
0.268151;0.000000;9.931.149
0.258574;0.009577;9.528.923
0.239420;0.009577;9.155.427
0.248997;0.057461;8.734.048
0.239420;0.057461;8.724.471
0.248997;0.047884;8.887.277
0.248997;0.038307;9.136.273
0.277727;0.000000;9.892.841
0.277727;-0.028730;10.314.221
0.287304;-0.047884;10.706.870
0.296881;-0.076614;11.156.980
0.296881;-0.076614;11.214.440
0.277727;-0.086191;11.109.096
0.258574;-0.038307;10.544.065
0.268151;-0.047884;10.151.415
0.239420;-0.019154;9.710.882
0.277727;0.000000;9.356.541
0.258574;0.047884;8.848.969
0.268151;0.047884;8.801.085
0.248997;0.047884;8.858.546
0.258574;0.009577;9.366.117
0.248997;0.000000;9.730.036
0.277727;0.000000;10.113.108
0.277727;-0.038307;10.812.215
0.287304;-0.057461;11.032.481
0.296881;-0.067038;11.137.826
0.287304;-0.057461;10.936.713
0.268151;-0.047884;10.630.256
0.248997;-0.028730;10.295.067
0.277727;-0.028730;9.921.572
0.268151;0.019154;9.222.465
0.239420;0.038307;8.992.621
0.258574;0.057461;8.887.277
0.268151;0.028730;8.877.700
0.248997;0.019154;9.289.502
0.248997;0.009577;9.605.537
0.268151;-0.028730;9.969.456
0.268151;-0.028730;10.649.409
0.277727;-0.076614;10.879.252
0.277727;-0.057461;11.013.328
0.268151;-0.047884;10.927.136
0.268151;-0.038307;10.697.293
0.268151;-0.047884;10.400.413
0.258574;0.009577;9.710.882
0.239420;0.009577;9.375.694
0.239420;0.028730;9.174.581
0.248997;0.038307;9.021.352
0.258574;0.057461;9.059.659
0.248997;0.038307;9.279.925
0.268151;0.019154;9.538.500
0.258574;0.000000;9.854.534
0.277727;-0.028730;10.448.297
0.277727;-0.028730;10.716.447
0.296881;-0.057461;10.869.676
0.277727;-0.047884;10.888.829
0.277727;-0.047884;10.706.870
0.277727;-0.019154;10.438.720
0.258574;-0.009577;9.825.804
0.268151;0.000000;9.557.653
0.229843;0.000000;9.327.810
0.239420;0.019154;9.145.850
0.239420;0.047884;9.145.850
0.258574;0.028730;9.270.349
0.258574;0.009577;9.500.193
0.258574;0.000000;10.055.647
0.268151;-0.009577;10.304.645
0.277727;-0.047884;10.553.641
0.268151;-0.067038;10.821.792
0.277727;-0.057461;10.783.484
0.268151;-0.038307;10.697.293
0.287304;-0.009577;10.486.604
0.268151;-0.028730;9.931.149
0.277727;-0.019154;9.682.152
0.258574;0.019154;9.433.155
0.248997;0.000000;9.193.734
0.268151;0.028730;9.212.888
0.248997;0.028730;9.299.079
0.248997;0.028730;9.509.769
0.277727;0.000000;9.950.302
0.248997;0.000000;10.199.299
0.268151;-0.019154;10.419.566
0.277727;-0.038307;10.697.293
0.296881;-0.047884;10.687.716
0.277727;-0.057461;10.611.102
0.277727;-0.038307;10.256.760
0.277727;-0.019154;9.998.186
0.277727;-0.009577;9.768.343
0.277727;0.000000;9.567.230
0.258574;0.000000;9.327.810
0.268151;0.000000;9.308.656
0.258574;0.009577;9.385.271
0.258574;0.009577;9.701.305
0.258574;0.000000;9.911.995
0.268151;0.000000;10.132.261
0.287304;-0.038307;10.467.450
0.248997;-0.047884;10.582.372
0.258574;-0.038307;10.572.795
0.277727;-0.028730;10.515.334
0.268151;-0.019154;10.208.876
0.268151;-0.028730;10.055.647
0.268151;-0.009577;9.816.227
0.258574;0.000000;9.567.230
0.258574;0.009577;9.452.309
0.268151;0.009577;9.423.578
0.248997;0.009577;9.481.039
0.248997;0.009577;9.730.036
0.268151;0.009577;9.911.995
0.268151;0.000000;10.093.954
0.258574;-0.009577;10.390.836
0.287304;-0.028730;10.448.297
0.268151;-0.038307;10.505.757
0.287304;-0.028730;10.323.798
0.277727;-0.028730;10.199.299
0.258574;0.000000;10.017.340
0.277727;0.000000;9.883.265
0.258574;-0.028730;9.615.114
0.268151;-0.009577;9.519.346
0.239420;0.000000;9.528.923
0.268151;0.000000;9.672.575
0.268151;0.000000;9.825.804
0.258574;0.009577;9.969.456
0.268151;0.000000;10.103.531
0.268151;0.000000;10.342.952
0.258574;-0.009577;10.390.836
0.248997;-0.028730;10.371.682
0.268151;-0.057461;10.228.029
0.268151;0.000000;10.103.531
0.268151;-0.019154;9.950.302
0.287304;0.000000;9.730.036
0.258574;-0.009577;9.643.845
0.248997;0.000000;9.605.537
0.268151;0.000000;9.586.384
0.239420;0.000000;9.749.189
0.258574;0.000000;9.892.841
0.268151;-0.019154;10.036.493
0.287304;-0.019154;10.237.606
0.268151;-0.009577;10.295.067
0.268151;-0.019154;10.352.529
0.277727;-0.009577;10.256.760
0.268151;0.000000;10.151.415
0.277727;0.000000;10.026.917
0.258574;0.000000;9.892.841
0.277727;0.000000;9.672.575
0.277727;0.000000;9.634.268
0.239420;-0.009577;9.615.114
0.268151;-0.009577;9.730.036
0.296881;0.000000;9.835.381
0.268151;0.000000;9.959.879
0.268151;-0.009577;10.113.108
0.268151;-0.019154;10.285.490
0.277727;-0.009577;10.342.952
0.268151;0.000000;10.304.645
0.268151;-0.019154;10.189.722
0.277727;-0.019154;10.074.800
0.258574;-0.019154;9.959.879
0.258574;0.000000;9.710.882
0.229843;0.000000;9.624.691
0.258574;0.000000;9.586.384
0.248997;0.009577;9.624.691
0.287304;-0.028730;9.777.920
0.268151;-0.009577;9.902.418
0.268151;-0.009577;10.026.917
0.268151;-0.009577;10.314.221
0.277727;-0.009577;10.371.682
0.277727;-0.019154;10.381.259
0.248997;-0.019154;10.362.105
0.277727;0.000000;10.208.876
0.248997;-0.009577;10.046.070
0.268151;0.000000;9.739.613
0.258574;0.009577;9.634.268
0.268151;0.009577;9.509.769
0.287304;0.000000;9.538.500
0.268151;0.000000;9.662.998
0.268151;0.000000;9.768.343
0.268151;-0.019154;9.931.149
0.268151;-0.019154;10.084.377
0.258574;-0.009577;10.371.682
0.268151;-0.019154;10.486.604
0.277727;-0.009577;10.438.720
0.287304;-0.038307;10.333.375
0.277727;-0.019154;10.199.299
0.268151;0.000000;10.017.340
0.258574;-0.009577;9.825.804
0.268151;0.009577;9.548.077
0.248997;0.000000;9.452.309
0.268151;0.009577;9.490.616
0.258574;0.000000;9.567.230
0.277727;0.019154;9.739.613
0.258574;-0.009577;9.921.572
0.277727;-0.038307;10.295.067
0.268151;-0.057461;10.438.720
0.287304;-0.038307;10.563.218
0.277727;-0.038307;10.563.218
0.258574;-0.038307;10.409.989
0.248997;-0.019154;10.266.336
0.248997;0.009577;9.835.381
0.268151;0.009577;9.624.691
0.258574;0.009577;9.471.462
0.239420;0.009577;9.385.271
0.258574;0.019154;9.366.117
0.248997;0.000000;9.481.039
0.277727;0.000000;9.653.421
0.268151;-0.009577;9.883.265
0.268151;-0.047884;10.333.375
0.277727;-0.028730;10.534.488
0.268151;-0.047884;10.649.409
0.306458;-0.028730;10.630.256
0.287304;-0.047884;10.553.641
0.248997;-0.009577;10.323.798
0.277727;0.000000;10.113.108
0.258574;0.019154;9.634.268
0.268151;0.009577;9.414.001
0.239420;0.000000;9.279.925
0.248997;0.019154;9.251.195
0.258574;0.000000;9.356.541
0.258574;0.009577;9.567.230
0.277727;-0.047884;10.055.647
0.277727;-0.038307;10.333.375
0.287304;-0.038307;10.582.372
0.277727;-0.047884;10.726.024
0.287304;-0.047884;10.783.484
0.296881;-0.047884;10.668.563
0.277727;-0.028730;10.486.604
0.248997;0.028730;9.921.572
0.258574;0.000000;9.634.268
0.248997;0.038307;9.414.001
0.268151;0.028730;9.126.697
0.258574;0.019154;9.117.120
0.258574;0.000000;9.241.618
0.239420;0.019154;9.433.155
0.287304;-0.009577;9.969.456
0.268151;-0.028730;10.275.913
0.287304;-0.038307;10.515.334
0.287304;-0.057461;10.869.676
0.268151;-0.038307;10.860.099
0.277727;-0.076614;10.793.061
0.258574;-0.047884;10.601.525
0.248997;-0.009577;10.017.340
0.258574;0.000000;9.749.189
0.258574;0.028730;9.452.309
0.258574;0.047884;9.050.082
0.248997;0.047884;9.021.352
0.239420;0.028730;9.117.120
0.258574;0.000000;9.519.346
0.268151;-0.038307;9.844.957
0.268151;-0.028730;10.189.722
0.268151;-0.057461;10.505.757
0.287304;-0.057461;10.907.983
0.277727;-0.057461;10.984.597
0.287304;-0.047884;10.917.560
0.268151;-0.009577;10.515.334
0.268151;0.000000;10.180.145
0.258574;-0.009577;9.864.111
0.248997;0.019154;9.241.618
0.248997;0.028730;9.040.505
0.258574;0.038307;8.963.891
0.258574;0.038307;8.983.045
0.258574;0.000000;9.385.271
0.248997;0.000000;9.682.152
0.268151;0.000000;10.065.224
0.287304;-0.028730;10.745.177
0.316035;-0.067038;10.946.290
0.277727;-0.076614;11.051.635
0.268151;-0.067038;10.907.983
0.277727;-0.047884;10.687.716
0.258574;-0.038307;10.381.259
0.277727;0.000000;9.605.537
0.268151;0.028730;9.299.079
0.239420;0.038307;9.030.929
0.248997;0.047884;8.896.853
0.239420;0.028730;8.963.891
0.268151;0.038307;9.232.041
0.239420;0.000000;9.557.653
0.248997;0.000000;9.921.572
0.296881;-0.057461;10.658.986
0.287304;-0.057461;10.898.406
0.287304;-0.057461;11.080.365
0.287304;-0.067038;11.042.058
0.258574;-0.028730;10.821.792
0.277727;-0.009577;10.515.334
0.239420;0.000000;9.758.766
0.239420;0.000000;9.385.271
0.258574;0.047884;9.069.236
0.248997;0.067038;8.868.123
0.229843;0.047884;8.858.546
0.268151;0.009577;9.030.929
0.258574;0.019154;9.356.541
0.268151;-0.028730;10.132.261
0.277727;-0.038307;10.544.065
0.306458;-0.076614;10.850.522
0.287304;-0.067038;11.061.212
0.287304;-0.076614;11.156.980
0.277727;-0.067038;10.955.867
0.296881;-0.028730;10.687.716
0.268151;0.000000;9.911.995
0.268151;0.019154;9.528.923
0.258574;0.038307;9.184.157
0.258574;0.047884;8.772.355
0.248997;0.067038;8.781.932
0.258574;0.067038;8.916.007
0.248997;0.028730;9.145.850
0.287304;-0.009577;9.931.149
0.277727;-0.028730;10.333.375
0.277727;-0.057461;10.706.870
0.287304;-0.086191;11.195.287
0.268151;-0.076614;11.204.864
0.277727;-0.067038;11.118.672
0.287304;-0.038307;10.515.334
0.268151;-0.019154;10.103.531
0.268151;0.000000;9.710.882
0.248997;0.028730;9.308.656
0.239420;0.047884;8.801.085
0.248997;0.057461;8.714.894
0.258574;0.047884;8.772.355
0.239420;0.038307;9.366.117
0.258574;0.000000;9.730.036
0.277727;-0.019154;10.170.568
0.287304;-0.057461;10.572.795
0.287304;-0.086191;11.147.403
0.296881;-0.076614;11.243.171
0.287304;-0.086191;11.185.710
0.277727;-0.038307;10.706.870
0.277727;-0.019154;10.304.645
0.248997;0.000000;9.883.265
0.248997;0.047884;9.126.697
0.248997;0.038307;8.858.546
0.220267;0.057461;8.743.625
0.239420;0.047884;8.743.625
0.248997;0.038307;9.184.157
0.258574;0.019154;9.576.807
0.248997;0.000000;9.988.609
0.296881;-0.047884;10.773.908
0.306458;-0.086191;11.080.365
0.287304;-0.076614;11.224.017
0.268151;-0.076614;11.118.672
0.268151;-0.038307;10.860.099
0.277727;-0.028730;10.515.334
0.268151;-0.009577;10.084.377
0.248997;0.028730;9.279.925
0.248997;0.047884;8.954.314
0.248997;0.038307;8.753.201
0.239420;0.047884;8.801.085
0.239420;0.038307;9.040.505
0.248997;0.038307;9.394.848
0.258574;0.019154;9.787.497
0.268151;-0.057461;10.601.525
0.287304;-0.038307;10.936.713
0.277727;-0.086191;11.156.980
0.277727;-0.086191;11.195.287
0.287304;-0.076614;10.984.597
0.277727;-0.076614;10.678.140
0.268151;0.000000;9.835.381
0.268151;0.000000;9.452.309
0.248997;0.038307;9.107.543
0.239420;0.047884;8.858.546
0.229843;0.038307;8.916.007
0.248997;0.028730;9.212.888
0.258574;0.000000;10.007.763
0.277727;-0.019154;10.438.720
0.277727;-0.038307;10.793.061
0.277727;-0.047884;11.195.287
0.296881;-0.095768;11.195.287
0.296881;-0.095768;11.099.519
0.268151;-0.057461;10.812.215
0.258574;0.000000;9.634.268
0.258574;0.019154;9.251.195
0.239420;0.047884;8.791.509
0.239420;0.057461;8.724.471
0.258574;0.057461;8.868.123
0.258574;0.028730;9.078.813
0.248997;-0.009577;9.787.497
0.268151;-0.028730;10.208.876
0.306458;-0.047884;10.620.679
0.287304;-0.076614;11.118.672
0.277727;-0.086191;11.176.133
0.296881;-0.086191;11.109.096
0.268151;-0.047884;10.591.949
0.268151;-0.019154;10.218.452
0.258574;0.000000;9.816.227
0.258574;0.000000;9.414.001
0.258574;0.019154;8.916.007
0.248997;0.047884;8.839.393
0.239420;0.057461;8.839.393
0.277727;0.028730;9.299.079
0.248997;0.000000;9.653.421
0.258574;-0.038307;10.046.070
0.287304;-0.028730;10.735.600
0.277727;-0.067038;10.994.174
0.287304;-0.086191;11.128.249
0.277727;-0.047884;11.109.096
0.277727;-0.057461;10.735.600
0.287304;-0.028730;10.390.836
0.268151;0.009577;9.979.033
0.258574;0.028730;9.021.352
0.258574;0.028730;9.021.352
0.258574;0.047884;8.877.700
0.229843;0.047884;8.848.969
0.258574;0.038307;9.203.311
0.268151;0.019154;9.471.462
0.258574;0.000000;9.873.688
0.268151;-0.057461;10.582.372
0.287304;-0.038307;10.840.945
0.306458;-0.057461;11.003.751
0.287304;-0.067038;10.975.020
0.287304;-0.047884;10.783.484
0.296881;-0.009577;10.505.757
0.277727;-0.028730;10.160.992
0.268151;0.000000;9.442.732
0.239420;0.038307;9.193.734
0.239420;0.047884;9.002.198
0.258574;0.019154;9.002.198
0.248997;0.047884;9.136.273
0.258574;0.028730;9.414.001
0.268151;-0.019154;10.084.377
0.268151;-0.019154;10.409.989
0.277727;-0.057461;10.697.293
0.277727;-0.038307;10.888.829
0.277727;-0.067038;10.975.020
0.296881;-0.047884;10.821.792
0.287304;-0.057461;10.601.525
0.277727;-0.028730;9.979.033
0.287304;-0.009577;9.615.114
0.258574;0.000000;9.318.233
0.277727;0.028730;9.126.697
0.248997;0.028730;9.011.775
0.248997;0.028730;9.126.697
0.248997;0.019154;9.346.964
0.258574;0.009577;9.940.725
0.277727;-0.019154;10.256.760
0.287304;-0.019154;10.544.065
0.287304;-0.057461;10.898.406
0.277727;-0.067038;10.917.560
0.287304;-0.057461;10.802.638
0.287304;-0.038307;10.582.372
0.268151;-0.009577;10.074.800
0.229843;0.000000;9.777.920
0.268151;0.019154;9.509.769
0.239420;0.028730;9.136.273
0.248997;0.028730;9.126.697
0.268151;0.028730;9.155.427
0.258574;0.019154;9.318.233
0.258574;0.019154;9.835.381
0.277727;-0.009577;10.122.684
0.248997;0.000000;10.381.259
0.268151;-0.067038;10.735.600
0.287304;-0.047884;10.821.792
0.287304;-0.067038;10.745.177
0.277727;-0.038307;10.419.566
0.268151;-0.047884;10.170.568
0.248997;0.000000;9.883.265
0.248997;0.000000;9.615.114
0.248997;0.000000;9.279.925
0.239420;0.009577;9.184.157
0.239420;0.038307;9.212.888
0.239420;0.019154;9.538.500
0.277727;0.009577;9.758.766
0.258574;0.000000;10.036.493
0.287304;-0.019154;10.486.604
0.277727;-0.038307;10.630.256
0.268151;-0.057461;10.706.870
0.277727;-0.047884;10.697.293
0.277727;-0.038307;10.218.452
0.277727;-0.038307;9.959.879
0.258574;0.000000;9.548.077
0.277727;0.009577;9.375.694
0.268151;0.019154;9.289.502
0.268151;0.009577;9.385.271
0.258574;0.028730;9.557.653
0.268151;0.019154;9.758.766
0.287304;0.000000;9.959.879
0.277727;-0.009577;10.371.682
0.296881;-0.028730;10.505.757
0.277727;-0.038307;10.591.949
0.258574;-0.028730;10.534.488
0.287304;-0.047884;10.400.413
0.277727;-0.038307;10.218.452
0.277727;-0.028730;10.026.917
0.277727;-0.019154;9.634.268
0.258574;0.000000;9.519.346
0.268151;0.019154;9.433.155
0.277727;0.019154;9.442.732
0.258574;0.000000;9.567.230
0.258574;0.009577;9.749.189
0.268151;0.000000;10.103.531
0.268151;-0.019154;10.285.490
0.248997;-0.028730;10.400.413
0.287304;-0.047884;10.486.604
0.277727;-0.028730;10.477.027
0.277727;-0.047884;10.352.529
0.287304;0.000000;10.180.145
0.277727;0.000000;9.854.534
0.248997;-0.009577;9.701.305
0.248997;0.000000;9.595.961
0.258574;0.009577;9.519.346
0.277727;0.000000;9.538.500
0.277727;0.000000;9.643.845
0.277727;0.000000;9.787.497
0.287304;-0.009577;10.074.800
0.287304;-0.009577;10.237.606
0.268151;-0.028730;10.333.375
0.277727;-0.019154;10.400.413
0.287304;-0.019154;10.362.105
0.258574;-0.019154;10.275.913
0.277727;-0.028730;10.151.415
0.296881;-0.019154;9.873.688
0.258574;0.009577;9.739.613
0.268151;0.000000;9.643.845
0.258574;0.009577;9.567.230
0.268151;0.000000;9.662.998
0.277727;0.000000;9.739.613
0.268151;0.000000;9.979.033
0.268151;-0.019154;10.093.954
0.277727;0.000000;10.180.145
0.277727;0.000000;10.256.760
0.277727;-0.009577;10.333.375
0.248997;-0.028730;10.275.913
0.268151;-0.028730;10.208.876
0.258574;-0.019154;9.931.149
0.268151;0.000000;9.835.381
0.268151;0.000000;9.739.613
0.268151;-0.019154;9.653.421
0.268151;0.009577;9.643.845
0.258574;-0.009577;9.682.152
0.287304;-0.009577;9.787.497
0.268151;0.000000;10.007.763
0.277727;0.000000;10.141.838
0.277727;-0.019154;10.256.760
0.277727;0.000000;10.275.913
0.277727;-0.019154;10.275.913
0.258574;0.000000;10.208.876
0.268151;-0.009577;10.151.415
0.268151;-0.009577;9.873.688
0.258574;0.000000;9.777.920
0.268151;-0.019154;9.730.036
0.258574;-0.009577;9.653.421
0.268151;0.000000;9.701.305
0.258574;0.000000;9.739.613
0.268151;-0.009577;9.959.879
0.277727;0.000000;10.093.954
0.268151;-0.009577;10.218.452
0.248997;-0.019154;10.275.913
0.277727;-0.019154;10.295.067
0.287304;0.000000;10.266.336
0.258574;-0.019154;10.180.145
0.277727;0.000000;9.940.725
0.258574;-0.009577;9.844.957
0.248997;0.000000;9.730.036
0.248997;-0.009577;9.634.268
0.258574;0.000000;9.643.845
0.239420;0.000000;9.682.152
0.248997;-0.009577;9.797.073
0.277727;0.000000;10.036.493
0.258574;-0.028730;10.180.145
0.268151;-0.028730;10.275.913
0.268151;-0.019154;10.333.375
0.287304;-0.009577;10.333.375
0.277727;0.000000;10.247.183
0.248997;-0.009577;10.065.224
0.258574;0.009577;9.902.418
0.268151;0.028730;9.730.036
0.268151;0.000000;9.643.845
0.268151;0.009577;9.519.346
0.277727;-0.009577;9.586.384
0.268151;0.000000;9.672.575
0.268151;-0.009577;9.768.343
0.268151;-0.028730;10.065.224
0.287304;-0.028730;10.275.913
0.287304;-0.038307;10.352.529
0.277727;-0.019154;10.477.027
0.268151;-0.019154;10.409.989
0.268151;-0.009577;10.314.221
0.258574;0.000000;9.998.186
0.258574;0.000000;9.864.111
0.268151;0.019154;9.691.729
0.268151;0.009577;9.567.230
0.248997;0.000000;9.442.732
0.258574;0.009577;9.509.769
0.268151;0.000000;9.615.114
0.258574;-0.009577;9.911.995
0.268151;0.000000;10.084.377
0.258574;-0.028730;10.295.067
0.306458;-0.019154;10.496.181
0.277727;-0.038307;10.544.065
0.268151;-0.028730;10.505.757
0.268151;-0.019154;10.400.413
0.248997;0.000000;10.036.493
0.277727;0.000000;9.892.841
0.258574;0.000000;9.662.998
0.239420;0.009577;9.414.001
0.258574;0.019154;9.394.848
0.268151;0.019154;9.404.425
0.268151;0.000000;9.490.616
0.258574;0.000000;9.864.111
0.277727;-0.047884;10.084.377
0.277727;-0.038307;10.295.067
0.258574;-0.057461;10.582.372
0.277727;-0.028730;10.630.256
0.277727;-0.038307;10.601.525
0.258574;-0.028730;10.314.221
0.258574;0.000000;10.093.954
0.268151;0.000000;9.883.265
0.248997;0.000000;9.634.268
0.248997;0.019154;9.346.964
0.248997;0.000000;9.270.349
0.258574;0.009577;9.308.656
0.277727;-0.019154;9.576.807
0.268151;-0.009577;9.797.073
0.277727;-0.009577;10.046.070
0.268151;-0.057461;10.486.604
0.277727;-0.028730;10.658.986
0.248997;-0.047884;10.726.024
0.296881;-0.047884;10.726.024
0.277727;-0.028730;10.448.297
0.268151;0.000000;10.199.299
0.258574;0.000000;9.950.302
0.248997;0.009577;9.471.462
0.268151;0.028730;9.279.925
0.268151;0.028730;9.193.734
0.248997;0.038307;9.203.311
0.258574;0.000000;9.452.309
0.268151;0.009577;9.662.998
0.258574;-0.019154;9.940.725
0.277727;-0.047884;10.486.604
0.296881;-0.047884;10.668.563
0.277727;-0.057461;10.783.484
0.296881;-0.047884;10.735.600
0.277727;-0.028730;10.582.372
0.248997;-0.038307;10.314.221
0.268151;-0.019154;10.074.800
0.248997;0.009577;9.500.193
0.248997;0.028730;9.260.772
0.239420;0.038307;9.126.697
0.268151;0.019154;9.145.850
0.258574;0.009577;9.318.233
0.277727;0.019154;9.519.346
0.277727;-0.009577;10.122.684
0.268151;-0.047884;10.429.143
0.268151;-0.038307;10.658.986
0.268151;-0.038307;10.831.368
0.287304;-0.067038;10.850.522
0.277727;-0.047884;10.697.293
0.277727;-0.047884;10.486.604
0.277727;0.000000;9.902.418
0.268151;0.000000;9.567.230
0.258574;0.019154;9.299.079
0.248997;0.028730;9.145.850
0.248997;0.038307;9.059.659
0.248997;0.028730;9.184.157
0.268151;0.009577;9.404.425
0.268151;-0.028730;10.007.763
0.268151;-0.047884;10.314.221
0.287304;-0.047884;10.611.102
0.287304;-0.038307;10.936.713
0.296881;-0.057461;10.946.290
0.268151;-0.067038;10.831.368
0.268151;-0.028730;10.620.679
0.258574;-0.009577;10.007.763
0.258574;0.009577;9.691.729
0.248997;0.028730;9.366.117
0.239420;0.047884;8.983.045
0.258574;0.038307;8.954.314
0.248997;0.028730;9.088.389
0.248997;0.028730;9.279.925
0.258574;-0.009577;9.873.688
0.268151;-0.019154;10.218.452
0.277727;-0.047884;10.534.488
0.277727;-0.067038;10.955.867
0.268151;-0.057461;11.032.481
0.296881;-0.047884;10.955.867
0.268151;-0.028730;10.486.604
0.268151;-0.038307;10.180.145
0.268151;0.000000;9.835.381
0.268151;0.028730;9.471.462
0.258574;0.038307;8.973.468
0.248997;0.038307;8.906.430
0.239420;0.038307;8.954.314
0.258574;0.028730;9.375.694
0.268151;0.000000;9.691.729
0.277727;-0.028730;10.026.917
0.287304;-0.067038;10.697.293
0.306458;-0.047884;10.965.444
0.306458;-0.067038;11.042.058
0.287304;-0.067038;11.013.328
0.258574;-0.057461;10.658.986
0.287304;-0.019154;10.333.375
0.268151;0.000000;9.979.033
0.239420;0.038307;9.289.502
0.248997;0.047884;9.040.505
0.248997;0.028730;8.896.853
0.258574;0.047884;8.877.700
0.248997;0.019154;9.203.311
0.239420;0.028730;9.548.077
0.296881;-0.009577;9.911.995
0.287304;-0.057461;10.630.256
0.296881;-0.067038;10.860.099
0.277727;-0.067038;11.080.365
0.296881;-0.057461;11.013.328
0.296881;-0.038307;10.812.215
0.268151;-0.038307;10.524.911
0.258574;-0.028730;10.132.261
0.248997;0.019154;9.404.425
0.239420;0.009577;9.117.120
0.229843;0.047884;8.916.007
0.258574;0.028730;8.896.853
0.248997;0.019154;9.069.236
0.248997;0.028730;9.375.694
0.277727;-0.009577;10.103.531
0.258574;-0.028730;10.457.873
0.287304;-0.038307;10.793.061
0.287304;-0.067038;11.128.249
0.277727;-0.057461;11.080.365
0.277727;-0.057461;10.917.560
0.268151;-0.057461;10.649.409
0.268151;0.009577;9.940.725
0.268151;0.038307;9.567.230
0.258574;0.009577;9.212.888
0.248997;0.047884;8.973.468
0.248997;0.067038;8.848.969
0.248997;0.038307;8.963.891
0.268151;0.047884;9.222.465
0.277727;0.000000;9.911.995
0.268151;-0.038307;10.266.336
0.277727;-0.057461;10.658.986
0.296881;-0.057461;11.080.365
0.287304;-0.105345;11.118.672
0.268151;-0.067038;11.032.481
0.287304;-0.009577;10.486.604
0.287304;-0.019154;10.103.531
0.268151;0.000000;9.739.613
0.258574;0.009577;9.375.694
0.268151;0.028730;8.906.430
0.239420;0.038307;8.820.239
0.258574;0.038307;8.906.430
0.258574;0.009577;9.385.271
0.268151;0.009577;9.758.766
0.268151;-0.028730;10.132.261
0.268151;-0.038307;10.505.757
0.277727;-0.086191;11.032.481
0.287304;-0.057461;11.099.519
0.277727;-0.038307;10.601.525
0.268151;-0.019154;10.266.336
0.268151;-0.028730;9.902.418
0.268151;0.009577;9.538.500
0.248997;0.047884;8.992.621
0.268151;0.047884;8.877.700
0.229843;0.038307;8.858.546
0.248997;0.038307;9.270.349
0.268151;-0.009577;9.969.456
0.296881;-0.047884;10.678.140
0.277727;-0.038307;10.917.560
0.277727;-0.067038;11.070.788
0.277727;-0.047884;11.080.365
0.277727;-0.047884;10.735.600
0.277727;-0.047884;10.438.720
0.277727;-0.038307;10.055.647
0.239420;0.047884;9.366.117
0.268151;0.019154;9.107.543
0.248997;0.038307;8.935.161
0.229843;0.028730;8.944.737
0.248997;0.019154;9.126.697
0.248997;0.009577;9.433.155
0.268151;0.028730;9.806.650
0.258574;-0.009577;10.505.757
0.268151;-0.067038;10.764.331
0.287304;-0.057461;10.984.597
0.277727;-0.067038;11.013.328
0.268151;-0.047884;10.850.522
0.277727;-0.047884;10.572.795
0.277727;-0.028730;10.237.606
0.268151;0.000000;9.509.769
0.258574;0.009577;9.222.465
0.258574;0.038307;9.030.929
0.239420;0.047884;8.963.891
0.268151;0.038307;9.097.966
0.248997;0.028730;9.356.541
0.268151;-0.019154;9.998.186
0.258574;-0.028730;10.333.375
0.268151;-0.067038;10.630.256
0.287304;-0.076614;10.869.676
0.277727;-0.038307;10.994.174
0.296881;-0.057461;10.898.406
0.277727;-0.047884;10.658.986
0.268151;0.000000;10.036.493
0.277727;0.000000;9.682.152
0.239420;0.009577;9.385.271
0.248997;0.047884;9.011.775
0.248997;0.047884;8.954.314
0.248997;0.028730;9.069.236
0.248997;0.028730;9.260.772
0.248997;-0.009577;9.825.804
0.287304;-0.009577;10.180.145
0.287304;-0.019154;10.457.873
0.287304;-0.047884;10.879.252
0.287304;-0.095768;10.936.713
0.287304;-0.057461;10.898.406
0.287304;-0.009577;10.496.181
0.239420;-0.028730;10.180.145
0.258574;0.000000;9.864.111
0.258574;0.009577;9.519.346
0.239420;0.038307;9.126.697
0.239420;0.038307;9.021.352
0.229843;0.028730;9.088.389
0.258574;0.047884;9.433.155
0.268151;0.000000;9.710.882
0.248997;-0.009577;10.036.493
0.268151;-0.019154;10.342.952
0.277727;-0.067038;10.793.061
0.258574;-0.067038;10.831.368
0.277727;-0.057461;10.831.368
0.277727;-0.047884;10.544.065
0.277727;0.000000;10.275.913
0.258574;0.000000;9.988.609
0.248997;0.000000;9.701.305
0.239420;0.019154;9.232.041
0.258574;0.038307;9.136.273
0.258574;0.028730;9.117.120
0.258574;0.047884;9.366.117
0.258574;0.019154;9.653.421
0.248997;0.000000;9.911.995
0.258574;-0.028730;10.486.604
0.258574;-0.047884;10.630.256
0.277727;-0.076614;10.764.331
0.277727;-0.067038;10.793.061
0.268151;-0.028730;10.582.372
0.287304;-0.038307;10.352.529
0.268151;0.000000;9.806.650
0.248997;0.000000;9.567.230
0.268151;0.000000;9.346.964
0.248997;0.009577;9.241.618
0.258574;0.038307;9.251.195
0.248997;0.028730;9.404.425
0.268151;0.009577;9.567.230
0.287304;-0.009577;10.065.224
0.268151;0.000000;10.323.798
0.268151;-0.047884;10.544.065
0.287304;-0.028730;10.649.409
0.248997;-0.028730;10.668.563
0.268151;-0.038307;10.563.218
0.306458;-0.009577;10.371.682
0.268151;-0.047884;10.141.838
0.248997;-0.009577;9.710.882
0.258574;0.000000;9.500.193
0.248997;0.000000;9.366.117
0.268151;0.028730;9.327.810
0.258574;0.028730;9.394.848
0.268151;0.028730;9.567.230
0.268151;0.000000;10.026.917
0.268151;0.000000;10.208.876
0.277727;-0.019154;10.400.413
0.268151;-0.028730;10.534.488
0.287304;-0.067038;10.601.525
0.277727;-0.038307;10.524.911
0.258574;-0.028730;10.208.876
0.258574;0.000000;9.979.033
0.258574;0.000000;9.758.766
0.277727;0.000000;9.595.961
0.268151;0.019154;9.404.425
0.258574;0.019154;9.394.848
0.258574;0.019154;9.442.732
0.258574;0.019154;9.595.961
0.239420;0.019154;9.921.572
0.268151;-0.028730;10.141.838
0.258574;0.000000;10.304.645
0.258574;-0.019154;10.515.334
0.258574;-0.019154;10.505.757
0.287304;-0.047884;10.429.143
0.287304;-0.019154;10.208.876
0.287304;0.000000;10.026.917
0.258574;-0.009577;9.854.534
0.268151;0.009577;9.682.152
0.248997;0.000000;9.490.616
0.268151;0.019154;9.471.462
0.258574;0.009577;9.528.923
0.268151;-0.009577;9.768.343
0.258574;-0.009577;9.921.572
0.268151;-0.019154;10.093.954
0.268151;-0.019154;10.218.452
0.277727;-0.038307;10.409.989
0.277727;-0.028730;10.409.989
0.268151;-0.028730;10.400.413
0.268151;-0.009577;10.180.145
0.258574;-0.019154;10.036.493
0.268151;0.000000;9.873.688
0.248997;0.000000;9.634.268
0.268151;0.009577;9.586.384
0.268151;-0.009577;9.567.230
0.258574;0.000000;9.624.691
0.258574;-0.009577;9.787.497
0.268151;-0.009577;9.911.995
0.268151;0.000000;10.055.647
0.268151;-0.019154;10.295.067
0.287304;-0.028730;10.352.529
0.268151;-0.009577;10.323.798
0.268151;-0.028730;10.314.221
0.268151;-0.028730;10.113.108
0.277727;-0.009577;9.998.186
0.268151;0.019154;9.902.418
0.268151;0.000000;9.682.152
0.258574;0.000000;9.653.421
0.258574;0.000000;9.653.421
0.239420;0.000000;9.739.613
0.258574;0.000000;9.835.381
0.268151;0.000000;9.969.456
0.268151;0.000000;10.093.954
0.277727;-0.009577;10.218.452
0.268151;-0.028730;10.295.067
0.268151;-0.019154;10.285.490
0.277727;-0.009577;10.170.568
0.277727;-0.009577;10.055.647
0.258574;-0.009577;9.959.879
0.268151;0.000000;9.768.343
0.268151;0.019154;9.701.305
0.258574;0.000000;9.672.575
0.268151;-0.019154;9.682.152
0.258574;0.009577;9.825.804
0.287304;-0.009577;9.940.725
0.258574;0.000000;10.007.763
0.268151;-0.047884;10.218.452
0.268151;-0.028730;10.237.606
0.277727;-0.019154;10.247.183
0.277727;0.000000;10.113.108
0.277727;-0.009577;9.998.186
0.277727;-0.009577;9.883.265
0.268151;0.000000;9.720.459
0.268151;-0.019154;9.682.152
0.258574;0.000000;9.672.575
0.258574;0.000000;9.806.650
0.277727;-0.028730;9.864.111
0.268151;-0.009577;9.979.033
0.268151;-0.009577;10.256.760
0.258574;-0.028730;10.275.913
0.268151;-0.028730;10.266.336
0.277727;-0.009577;10.170.568
0.268151;-0.009577;10.055.647
0.268151;0.009577;9.730.036
0.268151;-0.019154;9.653.421
0.258574;-0.009577;9.662.998
0.258574;0.000000;9.653.421
0.258574;-0.009577;9.816.227
0.268151;-0.009577;10.046.070
0.268151;-0.019154;10.046.070
0.268151;-0.028730;10.266.336
0.268151;-0.019154;10.304.645
0.258574;-0.009577;10.323.798
0.277727;-0.047884;10.304.645
0.258574;-0.009577;10.141.838
0.258574;0.000000;10.017.340
0.248997;0.000000;9.883.265
0.258574;0.000000;9.682.152
0.258574;0.000000;9.576.807
0.239420;0.000000;9.634.268
0.258574;0.000000;9.682.152
0.258574;0.000000;9.797.073
0.258574;-0.028730;9.931.149
0.258574;-0.009577;10.055.647
0.268151;-0.028730;10.342.952
0.258574;-0.028730;10.390.836
0.248997;-0.019154;10.390.836
0.287304;0.000000;10.285.490
0.287304;0.000000;10.180.145
0.277727;0.009577;9.998.186
0.258574;0.000000;9.873.688
0.248997;0.019154;9.595.961
0.229843;0.000000;9.519.346
0.258574;0.000000;9.481.039
0.258574;-0.019154;9.634.268
0.268151;-0.009577;9.768.343
0.277727;-0.019154;9.892.841
0.268151;-0.019154;10.247.183
0.277727;-0.028730;10.381.259
0.296881;-0.028730;10.467.450
0.277727;-0.009577;10.496.181
0.277727;-0.019154;10.371.682
0.268151;-0.019154;10.256.760
0.258574;0.000000;10.074.800
0.248997;0.000000;9.701.305
0.248997;0.019154;9.548.077
0.248997;0.000000;9.433.155
0.248997;-0.009577;9.433.155
0.258574;0.000000;9.538.500
0.268151;-0.019154;9.672.575
0.277727;0.000000;9.864.111
0.268151;-0.038307;10.266.336
0.277727;-0.038307;10.419.566
0.277727;-0.057461;10.544.065
0.287304;-0.047884;10.563.218
0.258574;-0.019154;10.486.604
0.287304;-0.009577;10.314.221
0.277727;0.019154;10.122.684
0.239420;-0.009577;9.710.882
0.268151;0.038307;9.509.769
0.268151;0.019154;9.414.001
0.258574;0.009577;9.327.810
0.248997;0.009577;9.461.885
0.248997;0.000000;9.576.807
0.268151;-0.019154;10.007.763
0.277727;-0.038307;10.228.029
0.296881;-0.028730;10.419.566
0.287304;-0.038307;10.649.409
0.277727;-0.038307;10.668.563
0.287304;-0.028730;10.572.795
0.277727;-0.009577;10.419.566
0.268151;0.009577;9.979.033
0.248997;0.009577;9.739.613
0.248997;0.000000;9.490.616
0.268151;0.019154;9.270.349
0.248997;0.000000;9.260.772
0.258574;0.009577;9.327.810
0.258574;0.009577;9.442.732
0.277727;-0.009577;9.911.995
0.277727;-0.038307;10.170.568
0.277727;-0.028730;10.400.413
0.277727;-0.038307;10.716.447
0.277727;-0.047884;10.754.754
0.287304;-0.047884;10.678.140
0.287304;-0.028730;10.534.488
0.268151;0.000000;10.074.800
0.268151;0.009577;9.797.073
0.258574;0.009577;9.557.653
0.268151;0.000000;9.232.041
0.248997;0.057461;9.165.004
0.258574;0.028730;9.212.888
0.268151;0.000000;9.576.807
0.258574;0.000000;9.806.650
0.277727;-0.028730;10.093.954
0.268151;-0.057461;10.342.952
0.296881;-0.038307;10.745.177
0.287304;-0.057461;10.812.215
0.296881;-0.047884;10.793.061
0.258574;0.000000;10.448.297
0.277727;-0.009577;10.218.452
0.277727;-0.009577;9.911.995
0.258574;0.028730;9.385.271
0.248997;0.009577;9.193.734
0.248997;0.028730;9.088.389
0.248997;0.019154;9.136.273
0.248997;0.019154;9.433.155
0.248997;-0.019154;9.672.575
0.268151;-0.028730;9.969.456
0.277727;-0.067038;10.534.488
0.296881;-0.047884;10.735.600
0.268151;-0.047884;10.869.676
0.277727;-0.038307;10.860.099
0.258574;-0.047884;10.620.679
0.296881;-0.028730;10.314.221
0.268151;-0.028730;10.055.647
0.258574;0.038307;9.433.155
0.248997;0.047884;9.212.888
0.268151;0.047884;9.097.966
0.248997;0.038307;9.126.697
0.277727;0.028730;9.318.233
0.248997;0.000000;9.528.923
0.268151;-0.009577;9.806.650
0.277727;-0.019154;10.438.720
0.287304;-0.047884;10.706.870
0.277727;-0.057461;10.879.252
0.287304;-0.038307;10.888.829
0.287304;-0.038307;10.716.447
0.268151;-0.038307;10.496.181
0.277727;0.000000;10.151.415
0.258574;0.000000;9.548.077
0.258574;0.047884;9.289.502
0.248997;0.009577;9.097.966
0.258574;0.038307;9.030.929
0.258574;0.038307;9.193.734
0.248997;0.009577;9.404.425
0.268151;0.000000;10.026.917
0.268151;-0.038307;10.352.529
0.248997;-0.047884;10.639.832
0.277727;-0.057461;10.850.522
0.287304;-0.067038;10.946.290
0.258574;-0.057461;10.831.368
0.277727;-0.028730;10.649.409
0.258574;0.000000;10.017.340
0.248997;0.009577;9.682.152
0.258574;0.038307;9.356.541
0.239420;0.047884;9.021.352
0.248997;0.047884;8.973.468
0.258574;0.028730;9.050.082
0.239420;0.019154;9.260.772
0.268151;0.000000;9.864.111
0.277727;-0.028730;10.237.606
0.258574;-0.038307;10.534.488
0.287304;-0.057461;10.955.867
0.296881;-0.067038;10.984.597
0.277727;-0.057461;10.907.983
0.268151;-0.038307;10.754.754
0.248997;-0.019154;10.189.722
0.277727;-0.009577;9.835.381
0.258574;0.009577;9.490.616
0.248997;0.028730;9.030.929
0.220267;0.038307;8.954.314
0.248997;0.028730;8.973.468
0.248997;0.019154;9.414.001
0.248997;0.000000;9.710.882
0.258574;0.000000;10.046.070
0.277727;-0.019154;10.381.259
0.296881;-0.028730;10.898.406
0.296881;-0.019154;10.994.174
0.287304;-0.057461;10.984.597
0.268151;-0.038307;10.620.679
0.287304;-0.038307;10.333.375
0.239420;0.000000;10.007.763
0.248997;0.000000;9.299.079
0.268151;0.028730;9.097.966
0.258574;0.047884;8.992.621
0.248997;0.038307;8.944.737
0.268151;0.019154;9.270.349
0.258574;0.000000;9.538.500
0.258574;0.000000;9.883.265
0.287304;-0.038307;10.563.218
0.306458;-0.057461;10.812.215
0.287304;-0.076614;10.955.867
0.287304;-0.067038;11.013.328
0.268151;-0.057461;10.716.447
0.268151;-0.057461;10.457.873
0.258574;-0.009577;10.132.261
0.268151;0.019154;9.471.462
0.258574;0.028730;9.212.888
0.258574;0.038307;9.011.775
0.248997;0.057461;9.011.775
0.248997;0.028730;9.136.273
0.239420;0.019154;9.423.578
0.268151;0.000000;9.768.343
0.268151;-0.028730;10.400.413
0.277727;-0.028730;10.697.293
0.277727;-0.067038;10.917.560
0.296881;-0.086191;10.994.174
0.277727;-0.057461;10.821.792
0.277727;-0.009577;10.611.102
0.248997;-0.009577;9.969.456
0.258574;0.009577;9.624.691
0.248997;0.019154;9.318.233
0.239420;0.038307;8.973.468
0.258574;0.028730;8.973.468
0.248997;0.047884;9.069.236
0.248997;0.019154;9.299.079
0.277727;0.000000;9.911.995
0.277727;-0.019154;10.275.913
0.277727;-0.047884;10.563.218
0.277727;-0.067038;10.917.560
0.296881;-0.076614;10.965.444
0.287304;-0.057461;10.888.829
0.268151;-0.057461;10.658.986
0.248997;-0.009577;10.103.531
0.248997;-0.009577;9.768.343
0.248997;0.028730;9.481.039
0.229843;0.038307;9.040.505
0.258574;0.047884;9.002.198
0.258574;0.028730;9.059.659
0.268151;0.028730;9.241.618
0.258574;0.000000;9.758.766
0.268151;-0.019154;10.065.224
0.268151;-0.047884;10.371.682
0.287304;-0.067038;10.860.099
0.306458;-0.057461;10.946.290
0.287304;-0.057461;10.907.983
0.296881;-0.038307;10.515.334
0.306458;-0.019154;10.247.183
0.268151;-0.009577;9.940.725
0.248997;0.000000;9.605.537
0.258574;0.028730;9.165.004
0.258574;0.038307;9.078.813
0.258574;0.047884;9.030.929
0.258574;0.019154;9.375.694
0.258574;0.019154;9.634.268
0.248997;0.009577;9.931.149
0.258574;-0.038307;10.256.760
0.277727;-0.067038;10.754.754
0.287304;-0.067038;10.850.522
0.277727;-0.057461;10.869.676
0.277727;-0.067038;10.601.525
0.287304;-0.038307;10.362.105
0.268151;-0.009577;10.074.800
0.268151;0.000000;9.481.039
0.258574;0.047884;9.260.772
0.248997;0.019154;9.126.697
0.248997;0.047884;9.097.966
0.258574;0.000000;9.318.233
0.268151;0.019154;9.509.769
0.248997;0.000000;9.835.381
0.268151;-0.009577;10.400.413
0.268151;-0.038307;10.649.409
0.277727;-0.028730;10.812.215
0.296881;-0.047884;10.840.945
0.287304;-0.047884;10.668.563
0.277727;-0.028730;10.448.297
0.268151;-0.028730;10.189.722
0.258574;-0.009577;9.624.691
0.248997;0.038307;9.366.117
0.258574;0.038307;9.212.888
0.248997;0.038307;9.155.427
0.248997;0.028730;9.279.925
0.248997;0.019154;9.490.616
0.268151;0.009577;9.730.036
0.277727;0.000000;10.275.913
0.277727;-0.028730;10.486.604
0.277727;-0.038307;10.678.140
0.277727;-0.067038;10.764.331
0.268151;-0.067038;10.658.986
0.268151;-0.038307;10.486.604
0.229843;-0.009577;9.969.456
0.248997;-0.009577;9.730.036
0.258574;0.000000;9.538.500
0.248997;0.009577;9.356.541
0.248997;0.028730;9.222.465
0.248997;0.038307;9.318.233
0.258574;0.000000;9.423.578
0.287304;-0.009577;10.151.415
0.287304;-0.009577;10.371.682
0.268151;-0.028730;10.678.140
0.258574;-0.047884;10.697.293
0.258574;-0.057461;10.678.140
0.258574;-0.038307;10.515.334
0.296881;-0.028730;10.084.377
0.239420;0.000000;9.883.265
0.268151;0.000000;9.643.845
0.239420;0.009577;9.346.964
0.258574;0.028730;9.318.233
0.258574;0.009577;9.337.387
0.268151;0.019154;9.442.732
0.277727;-0.009577;9.844.957
0.258574;-0.009577;10.026.917
0.268151;0.000000;10.256.760
0.287304;-0.038307;10.611.102
0.316035;-0.038307;10.582.372
0.268151;-0.038307;10.342.952
0.268151;-0.009577;10.160.992
0.268151;-0.019154;9.940.725
0.248997;0.000000;9.548.077
0.258574;0.028730;9.461.885
0.248997;0.009577;9.356.541
0.258574;0.019154;9.404.425
0.277727;0.019154;9.576.807
0.277727;0.009577;9.758.766
0.258574;-0.019154;9.959.879
0.268151;-0.009577;10.160.992
0.287304;-0.028730;10.457.873
0.268151;-0.028730;10.515.334
0.277727;-0.057461;10.563.218
0.287304;-0.009577;10.342.952
0.248997;0.000000;10.180.145
0.287304;-0.019154;10.007.763
0.268151;0.000000;9.643.845
0.258574;0.000000;9.557.653
0.277727;0.009577;9.461.885
0.258574;0.019154;9.481.039
0.258574;0.019154;9.595.961
0.258574;0.047884;9.787.497
0.229843;0.000000;9.940.725
0.268151;-0.019154;10.237.606
0.258574;-0.038307;10.381.259
0.268151;-0.028730;10.438.720
0.268151;-0.028730;10.419.566
0.258574;-0.057461;10.314.221
0.258574;-0.019154;10.189.722
0.277727;0.000000;10.026.917
0.268151;-0.009577;9.691.729
0.268151;0.000000;9.634.268
0.258574;0.000000;9.567.230
0.268151;0.009577;9.576.807
0.258574;-0.019154;9.662.998
0.248997;0.000000;9.787.497
0.258574;0.000000;9.931.149
0.287304;-0.019154;10.199.299
0.277727;-0.009577;10.323.798
0.277727;-0.028730;10.333.375
0.277727;0.000000;10.342.952
0.277727;-0.028730;10.266.336
0.268151;-0.009577;10.151.415
0.277727;-0.019154;9.854.534
0.277727;0.000000;9.758.766
0.268151;0.000000;9.643.845
0.248997;0.000000;9.615.114
0.258574;0.000000;9.643.845
0.258574;0.000000;9.730.036
0.248997;0.000000;9.825.804
0.248997;0.000000;10.065.224
0.258574;-0.009577;10.151.415
0.277727;0.000000;10.237.606
0.287304;-0.019154;10.304.645
0.277727;-0.009577;10.247.183
0.277727;-0.047884;10.208.876
0.277727;0.000000;10.007.763
0.268151;0.028730;9.883.265
0.258574;0.000000;9.768.343
0.277727;0.000000;9.749.189
0.287304;-0.009577;9.662.998
0.258574;0.009577;9.720.459
0.268151;0.009577;9.806.650
0.239420;0.000000;9.873.688
0.258574;0.000000;10.084.377
0.268151;0.000000;10.170.568
0.287304;-0.009577;10.237.606
0.268151;-0.009577;10.266.336
0.268151;0.000000;10.199.299
0.277727;-0.009577;10.132.261
0.277727;0.000000;9.940.725
0.287304;-0.028730;9.844.957
0.268151;0.000000;9.768.343
0.258574;-0.009577;9.730.036
0.277727;0.009577;9.730.036
0.277727;0.000000;9.787.497
0.277727;0.000000;9.969.456
0.258574;-0.009577;10.026.917
0.268151;0.000000;10.103.531
0.268151;0.000000;10.189.722
0.268151;0.000000;10.228.029
0.268151;0.000000;10.218.452
0.258574;-0.019154;10.160.992
0.248997;-0.019154;10.093.954
0.248997;-0.019154;9.883.265
0.258574;-0.009577;9.797.073
0.258574;-0.009577;9.749.189
0.258574;0.019154;9.701.305
0.268151;-0.019154;9.739.613
0.277727;0.000000;9.797.073
0.268151;0.000000;9.988.609
0.287304;-0.009577;10.074.800
0.268151;-0.009577;10.180.145
0.277727;0.000000;10.237.606
0.268151;0.000000;10.256.760
0.268151;-0.009577;10.208.876
0.277727;-0.009577;10.141.838
0.258574;0.009577;9.931.149
0.258574;0.019154;9.864.111
0.258574;0.009577;9.720.459
0.268151;0.009577;9.701.305
0.258574;0.000000;9.672.575
0.268151;-0.019154;9.720.459
0.258574;-0.028730;9.825.804
0.277727;-0.019154;10.026.917
0.277727;-0.009577;10.170.568
0.268151;-0.019154;10.247.183
0.277727;-0.009577;10.275.913
0.277727;-0.009577;10.266.336
0.277727;-0.019154;10.237.606
0.287304;-0.028730;10.122.684
0.268151;0.000000;9.892.841
0.258574;0.000000;9.758.766
0.248997;0.009577;9.662.998
0.268151;0.000000;9.634.268
0.258574;0.000000;9.624.691
0.277727;0.009577;9.682.152
0.258574;0.000000;9.959.879
0.248997;0.000000;10.084.377
0.287304;-0.019154;10.180.145
0.277727;-0.028730;10.304.645
0.268151;-0.028730;10.362.105
0.268151;-0.019154;10.342.952
0.268151;-0.019154;10.285.490
0.287304;0.000000;10.017.340
0.287304;0.000000;9.854.534
0.248997;0.019154;9.768.343
0.248997;0.009577;9.538.500
0.258574;0.009577;9.519.346
0.277727;0.009577;9.567.230
0.268151;0.000000;9.653.421
0.258574;-0.019154;9.902.418
0.268151;0.000000;10.074.800
0.277727;0.000000;10.218.452
0.268151;-0.047884;10.409.989
0.258574;-0.038307;10.477.027
0.277727;-0.038307;10.419.566
0.268151;-0.009577;10.352.529
0.268151;0.000000;10.055.647
0.258574;0.000000;9.921.572
0.239420;0.000000;9.519.346
0.258574;0.019154;9.433.155
0.248997;0.009577;9.471.462
0.258574;0.000000;9.557.653
0.268151;0.000000;9.864.111
0.268151;-0.009577;10.055.647
0.268151;-0.038307;10.199.299
0.277727;-0.028730;10.486.604
0.277727;-0.038307;10.524.911
0.268151;-0.019154;10.524.911
0.277727;-0.009577;10.304.645
0.268151;0.000000;10.122.684
0.268151;-0.009577;9.931.149
0.258574;0.019154;9.739.613
0.258574;0.028730;9.452.309
0.277727;0.019154;9.366.117
0.258574;0.009577;9.404.425
0.248997;-0.009577;9.605.537
0.248997;0.000000;9.797.073
0.258574;0.000000;10.017.340
0.277727;-0.019154;10.218.452
0.277727;-0.038307;10.534.488
0.277727;-0.019154;10.591.949
0.268151;-0.028730;10.601.525
0.277727;-0.019154;10.371.682
0.277727;-0.028730;10.180.145
0.258574;-0.009577;9.979.033
0.248997;0.009577;9.567.230
0.248997;0.028730;9.414.001
0.248997;0.028730;9.327.810
0.258574;0.019154;9.308.656
0.258574;0.000000;9.509.769
0.268151;0.000000;9.691.729
0.258574;0.000000;9.921.572
0.268151;-0.009577;10.352.529
0.248997;0.000000;10.534.488
0.258574;-0.057461;10.658.986
0.287304;-0.038307;10.630.256
0.268151;-0.019154;10.496.181
0.268151;-0.019154;10.314.221
0.229843;0.000000;9.825.804
0.268151;0.019154;9.605.537
0.258574;0.047884;9.423.578
0.268151;0.028730;9.270.349
0.258574;0.038307;9.270.349
0.248997;0.009577;9.356.541
0.248997;0.009577;9.586.384
0.268151;0.000000;9.816.227
0.268151;-0.038307;10.314.221
0.277727;-0.038307;10.524.911
0.287304;-0.057461;10.726.024
0.277727;-0.038307;10.735.600
0.277727;-0.057461;10.620.679
0.268151;-0.028730;10.419.566
0.268151;-0.009577;9.940.725
0.268151;0.009577;9.662.998
0.258574;0.009577;9.452.309
0.268151;0.028730;9.289.502
0.268151;0.038307;9.203.311
0.258574;0.028730;9.270.349
0.258574;0.028730;9.442.732
0.268151;-0.019154;9.969.456
0.268151;-0.047884;10.237.606
0.277727;-0.019154;10.486.604
0.268151;-0.057461;10.639.832
0.277727;-0.047884;10.812.215
0.287304;-0.038307;10.726.024
0.277727;-0.028730;10.553.641
0.277727;0.009577;10.055.647
0.248997;0.009577;9.777.920
0.258574;0.019154;9.509.769
0.258574;0.047884;9.184.157
0.248997;0.019154;9.117.120
0.268151;0.000000;9.174.581
0.268151;0.028730;9.346.964
0.268151;0.000000;9.825.804
0.287304;-0.009577;10.122.684
0.258574;-0.028730;10.419.566
0.287304;-0.038307;10.764.331
0.287304;-0.047884;10.802.638
0.277727;-0.038307;10.802.638
0.287304;-0.038307;10.457.873
0.287304;0.009577;10.180.145
0.268151;-0.019154;9.892.841
0.258574;0.019154;9.576.807
0.258574;0.028730;9.184.157
0.258574;0.028730;9.078.813
0.248997;0.028730;9.126.697
0.248997;0.000000;9.423.578
0.268151;0.009577;9.682.152
0.277727;0.000000;10.017.340
0.287304;-0.028730;10.295.067
0.287304;-0.028730;10.764.331
0.277727;-0.057461;10.850.522
0.287304;-0.038307;10.850.522
0.277727;-0.038307;10.601.525
0.258574;0.000000;10.342.952
0.258574;-0.028730;10.017.340
0.258574;0.009577;9.433.155
0.248997;0.028730;9.241.618
0.258574;0.009577;9.078.813
0.229843;0.038307;9.097.966
0.248997;0.028730;9.308.656
0.248997;0.009577;9.567.230
0.268151;0.000000;9.854.534
0.287304;-0.047884;10.448.297
0.287304;-0.047884;10.687.716
0.287304;-0.067038;10.840.945
0.287304;-0.038307;10.860.099
0.277727;-0.057461;10.639.832
0.268151;-0.038307;10.457.873
0.258574;0.000000;10.151.415
0.258574;0.019154;9.519.346
0.239420;0.019154;9.299.079
0.248997;0.028730;9.117.120
0.239420;0.038307;9.069.236
0.258574;0.038307;9.251.195
0.268151;0.009577;9.414.001
0.258574;0.000000;9.710.882
0.287304;-0.009577;10.323.798
0.268151;-0.057461;10.582.372
0.277727;-0.038307;10.793.061
0.296881;-0.047884;10.869.676
0.287304;-0.057461;10.802.638
0.277727;-0.038307;10.582.372
0.248997;-0.019154;10.007.763
0.268151;0.000000;9.701.305
0.248997;0.009577;9.385.271
0.239420;0.038307;9.212.888
0.248997;0.028730;9.030.929
0.258574;0.038307;9.136.273
0.248997;0.019154;9.337.387
0.277727;0.000000;9.892.841
0.277727;-0.019154;10.228.029
0.258574;-0.086191;10.745.177
0.296881;-0.028730;10.869.676
0.268151;-0.076614;10.888.829
0.268151;-0.028730;10.850.522
0.277727;-0.028730;10.438.720
0.268151;-0.009577;10.141.838
0.248997;0.009577;9.844.957
0.268151;0.009577;9.548.077
0.258574;0.038307;9.136.273
0.239420;0.028730;9.050.082
0.239420;0.047884;9.078.813
0.258574;0.028730;9.241.618
0.268151;0.000000;9.730.036
0.277727;0.000000;10.055.647
0.268151;-0.019154;10.352.529
0.296881;-0.038307;10.793.061
0.268151;-0.057461;10.907.983
0.277727;-0.067038;10.869.676
0.268151;-0.038307;10.544.065
0.287304;-0.038307;10.247.183
0.268151;-0.009577;9.969.456
0.239420;-0.009577;9.662.998
0.268151;0.038307;9.193.734
0.258574;0.047884;9.088.389
0.248997;0.057461;9.040.505
0.248997;0.038307;9.356.541
0.258574;0.000000;9.586.384
0.258574;-0.009577;9.911.995
0.287304;-0.038307;10.457.873
0.277727;-0.028730;10.687.716
0.287304;-0.047884;10.831.368
0.287304;-0.047884;10.879.252
0.277727;-0.057461;10.630.256
0.268151;-0.028730;10.400.413
0.277727;-0.009577;10.113.108
0.258574;0.000000;9.509.769
0.258574;0.019154;9.308.656
0.248997;0.019154;9.184.157
0.258574;0.019154;9.165.004
0.268151;0.028730;9.289.502
0.258574;0.009577;9.519.346
0.268151;0.000000;9.797.073
0.268151;-0.009577;10.352.529
0.268151;-0.019154;10.591.949
0.287304;-0.057461;10.754.754
0.287304;-0.067038;10.831.368
0.287304;-0.019154;10.706.870
0.277727;-0.038307;10.486.604
0.268151;-0.009577;10.199.299
0.248997;0.000000;9.662.998
0.248997;0.038307;9.423.578
0.277727;0.019154;9.232.041
0.258574;0.009577;9.251.195
0.248997;0.000000;9.950.302
0.268151;-0.028730;10.218.452
0.277727;-0.019154;10.448.297
0.268151;-0.038307;10.658.986
0.277727;-0.057461;10.812.215
0.277727;-0.047884;10.726.024
0.277727;-0.028730;10.553.641
0.268151;-0.009577;10.093.954
0.258574;0.000000;9.777.920
0.258574;0.019154;9.548.077
0.248997;0.009577;9.356.541
0.258574;0.028730;9.193.734
0.258574;0.047884;9.222.465
0.239420;0.019154;9.375.694
0.258574;0.000000;9.844.957
0.268151;-0.019154;10.103.531
0.258574;-0.019154;10.352.529
0.268151;-0.028730;10.697.293
0.296881;-0.038307;10.716.447
0.268151;-0.038307;10.716.447
0.277727;-0.067038;10.582.372
0.277727;0.000000;10.180.145
0.268151;0.000000;9.931.149
0.258574;0.009577;9.662.998
0.248997;0.019154;9.308.656
0.229843;0.038307;9.222.465
0.258574;0.028730;9.260.772
0.258574;0.009577;9.538.500
0.268151;0.009577;9.739.613
0.258574;0.000000;9.979.033
0.268151;-0.009577;10.256.760
0.268151;-0.028730;10.572.795
0.287304;-0.019154;10.678.140
0.268151;-0.038307;10.658.986
0.258574;-0.047884;10.429.143
0.277727;-0.009577;10.228.029
0.268151;-0.019154;10.017.340
0.277727;0.000000;9.758.766
0.258574;0.000000;9.404.425
0.258574;0.019154;9.318.233
0.248997;0.009577;9.308.656
0.258574;0.028730;9.528.923
0.268151;0.000000;9.672.575
0.268151;-0.009577;9.892.841
0.287304;-0.028730;10.314.221
0.258574;-0.028730;10.515.334
0.287304;-0.019154;10.563.218
0.287304;-0.038307;10.457.873
0.268151;-0.009577;10.295.067
0.268151;-0.019154;10.103.531
0.268151;0.009577;9.662.998
0.268151;0.009577;9.528.923
0.258574;0.009577;9.404.425
0.268151;0.028730;9.346.964
0.268151;0.019154;9.509.769
0.277727;0.009577;9.653.421
0.277727;0.000000;9.835.381
0.296881;-0.019154;10.237.606
0.258574;0.000000;10.371.682
0.268151;-0.009577;10.505.757
0.268151;-0.019154;10.544.065
0.258574;-0.019154;10.419.566
0.277727;-0.028730;10.285.490
0.248997;-0.009577;10.132.261
0.268151;0.000000;9.749.189
0.258574;-0.009577;9.615.114
0.248997;0.000000;9.500.193
0.258574;0.009577;9.442.732
0.248997;0.019154;9.548.077
0.268151;0.019154;9.672.575
0.258574;0.000000;9.969.456
0.268151;-0.028730;10.132.261
0.277727;-0.028730;10.304.645
0.287304;-0.019154;10.438.720
0.268151;-0.028730;10.438.720
0.268151;-0.028730;10.429.143
0.258574;-0.028730;10.170.568
0.268151;0.000000;9.998.186
0.277727;-0.009577;9.835.381
0.268151;0.000000;9.691.729
0.248997;0.028730;9.557.653
0.268151;0.000000;9.538.500
0.268151;0.028730;9.576.807
0.268151;0.000000;9.653.421
0.248997;0.009577;9.940.725
0.258574;-0.019154;10.093.954
0.277727;-0.009577;10.199.299
0.277727;-0.028730;10.371.682
0.268151;-0.028730;10.400.413
0.268151;-0.028730;10.342.952
0.268151;-0.028730;10.256.760
0.258574;0.000000;10.007.763
0.287304;-0.009577;9.873.688
0.277727;-0.019154;9.768.343
0.258574;0.009577;9.595.961
0.277727;0.000000;9.586.384
0.268151;0.009577;9.624.691
0.258574;0.009577;9.816.227
0.268151;0.000000;9.950.302
0.258574;0.000000;10.074.800
0.258574;0.000000;10.170.568
0.277727;-0.038307;10.314.221
0.268151;-0.057461;10.314.221
0.277727;-0.009577;10.285.490
0.268151;-0.009577;10.122.684
0.239420;0.000000;10.007.763
0.258574;-0.019154;9.892.841
0.258574;0.009577;9.758.766
0.258574;0.000000;9.643.845
0.248997;-0.009577;9.653.421
0.277727;0.019154;9.777.920
0.268151;-0.009577;9.873.688
0.248997;0.000000;9.950.302
0.268151;0.000000;10.036.493
0.268151;0.000000;10.247.183
0.287304;-0.009577;10.256.760
0.268151;-0.019154;10.266.336
0.268151;-0.038307;10.237.606
0.258574;0.000000;10.046.070
0.268151;0.000000;9.969.456
0.258574;0.000000;9.902.418
0.248997;-0.009577;9.768.343
0.277727;0.000000;9.720.459
0.258574;0.000000;9.739.613
0.268151;0.009577;9.921.572
0.268151;-0.009577;9.988.609
0.268151;0.000000;10.084.377
0.268151;0.000000;10.189.722
0.268151;0.000000;10.218.452
0.287304;-0.009577;10.228.029
0.287304;-0.009577;10.103.531
0.258574;-0.019154;10.036.493
0.258574;0.000000;9.940.725
0.248997;0.000000;9.873.688
0.277727;-0.019154;9.758.766
0.258574;-0.019154;9.710.882
0.268151;0.000000;9.749.189
0.258574;0.000000;9.883.265
0.277727;0.000000;9.950.302
0.277727;-0.019154;10.065.224
0.268151;0.000000;10.199.299
0.248997;-0.009577;10.199.299
0.268151;-0.009577;10.199.299
0.268151;0.009577;10.189.722
0.258574;0.000000;10.074.800
0.287304;0.009577;9.950.302
0.268151;0.000000;9.902.418
0.268151;0.000000;9.749.189
0.258574;0.000000;9.710.882
0.258574;0.000000;9.739.613
0.277727;0.019154;9.777.920
0.277727;-0.028730;9.921.572
0.268151;0.000000;9.998.186
0.277727;0.000000;10.093.954
0.287304;-0.009577;10.208.876
0.268151;-0.009577;10.228.029
0.277727;0.000000;10.218.452
0.268151;-0.019154;10.093.954
0.287304;-0.019154;10.026.917
0.248997;0.000000;9.931.149
0.268151;0.019154;9.816.227
0.268151;0.009577;9.701.305
0.268151;0.000000;9.691.729
0.239420;0.000000;9.730.036
0.248997;-0.019154;9.844.957
0.268151;-0.009577;9.950.302
0.277727;-0.009577;10.036.493
0.268151;-0.019154;10.228.029
0.268151;-0.019154;10.256.760
0.268151;-0.038307;10.295.067
0.268151;-0.009577;10.247.183
0.268151;0.000000;10.132.261
0.268151;-0.009577;10.017.340
0.268151;-0.028730;9.921.572
0.248997;0.019154;9.682.152
0.258574;0.000000;9.624.691
0.258574;-0.009577;9.615.114
0.248997;0.009577;9.653.421
0.268151;0.000000;9.816.227
0.268151;0.000000;9.931.149
0.277727;-0.019154;10.065.224
0.268151;-0.038307;10.304.645
0.268151;0.000000;10.314.221
0.277727;-0.028730;10.323.798
0.258574;-0.019154;10.237.606
0.268151;0.000000;10.132.261
0.277727;-0.009577;10.007.763
0.268151;0.000000;9.883.265
0.268151;0.019154;9.643.845
0.277727;0.009577;9.548.077
0.258574;0.009577;9.576.807
0.258574;0.000000;9.662.998
0.248997;0.000000;9.768.343
0.258574;-0.009577;9.892.841
0.277727;-0.028730;10.208.876
0.287304;-0.019154;10.323.798
0.268151;-0.028730;10.400.413
0.258574;-0.028730;10.409.989
0.277727;-0.019154;10.314.221
0.258574;0.000000;10.199.299
0.277727;0.019154;10.046.070
0.258574;0.019154;9.720.459
0.268151;0.009577;9.595.961
0.258574;0.019154;9.538.500
0.229843;0.000000;9.500.193
0.268151;0.000000;9.576.807
0.248997;0.000000;9.701.305
0.268151;-0.009577;9.844.957
0.268151;-0.038307;10.199.299
0.287304;-0.038307;10.342.952
0.277727;-0.038307;10.429.143
0.287304;0.000000;10.457.873
0.268151;0.000000;10.409.989
0.258574;-0.019154;10.275.913
0.258574;-0.009577;10.103.531
0.258574;0.000000;9.768.343
0.248997;0.009577;9.624.691
0.248997;0.009577;9.490.616
0.239420;0.019154;9.452.309
0.239420;0.000000;9.500.193
0.258574;0.000000;9.634.268
0.268151;-0.009577;10.160.992
0.268151;-0.019154;10.160.992
0.268151;-0.009577;10.352.529
0.277727;-0.028730;10.477.027
0.287304;-0.047884;10.553.641
0.258574;-0.009577;10.496.181
0.258574;-0.019154;10.342.952
0.268151;0.000000;9.998.186
0.258574;0.019154;9.806.650
0.248997;0.000000;9.595.961
0.258574;0.019154;9.375.694
0.258574;0.019154;9.366.117
0.268151;0.019154;9.414.001
0.277727;0.000000;9.538.500
0.268151;0.000000;9.911.995
0.277727;-0.009577;10.113.108
0.277727;-0.038307;10.323.798
0.268151;-0.038307;10.582.372
0.296881;-0.028730;10.630.256
0.287304;-0.038307;10.582.372
0.268151;-0.009577;10.477.027
0.268151;0.009577;10.055.647
0.268151;0.009577;9.864.111
0.277727;0.000000;9.624.691
0.248997;0.009577;9.337.387
0.258574;0.028730;9.308.656
0.258574;0.019154;9.299.079
0.287304;0.009577;9.423.578
0.258574;0.009577;9.825.804
0.268151;-0.019154;10.046.070
0.277727;-0.019154;10.256.760
0.258574;-0.057461;10.601.525
0.277727;-0.038307;10.697.293
0.268151;-0.057461;10.668.563
0.248997;-0.028730;10.390.836
0.268151;-0.019154;10.189.722
0.258574;-0.009577;9.950.302
0.268151;0.019154;9.720.459
0.248997;0.009577;9.327.810
0.248997;0.028730;9.270.349
0.268151;0.038307;9.241.618
0.268151;0.009577;9.481.039
0.268151;0.009577;9.701.305
0.268151;-0.009577;9.950.302
0.277727;-0.047884;10.419.566
0.268151;-0.028730;10.591.949
0.268151;-0.057461;10.716.447
0.287304;-0.038307;10.706.870
0.277727;-0.038307;10.505.757
0.268151;-0.019154;10.295.067
0.258574;-0.019154;10.036.493
0.258574;0.000000;9.576.807
0.248997;0.000000;9.385.271
0.248997;0.019154;9.241.618
0.258574;0.019154;9.241.618
0.258574;0.038307;9.385.271
0.258574;0.000000;9.557.653
0.268151;-0.028730;10.103.531
0.258574;-0.028730;10.314.221
0.296881;-0.028730;10.572.795
0.268151;-0.038307;10.706.870
0.296881;-0.038307;10.611.102
0.277727;-0.019154;10.400.413
0.287304;-0.009577;10.160.992
0.268151;0.000000;9.653.421
0.229843;0.019154;9.423.578
0.248997;0.000000;9.251.195
0.277727;0.047884;9.203.311
0.258574;0.009577;9.279.925
0.258574;0.019154;9.481.039
0.258574;-0.019154;9.998.186
0.296881;-0.019154;10.237.606
0.258574;-0.047884;10.496.181
0.268151;-0.057461;10.649.409
0.268151;-0.047884;10.773.908
0.306458;-0.038307;10.706.870
0.258574;0.000000;10.285.490
0.258574;-0.009577;10.026.917
0.268151;0.000000;9.768.343
0.258574;0.038307;9.490.616
0.239420;0.047884;9.184.157
0.258574;0.038307;9.165.004
0.248997;0.009577;9.212.888
0.248997;0.019154;9.346.964
0.268151;0.009577;9.844.957
0.268151;-0.028730;10.132.261
0.277727;-0.028730;10.390.836
0.287304;-0.038307;10.764.331
0.296881;-0.038307;10.802.638
0.277727;-0.047884;10.745.177
0.277727;-0.019154;10.419.566
0.277727;-0.009577;10.141.838
0.258574;0.000000;9.854.534
0.277727;0.009577;9.605.537
0.239420;0.038307;9.203.311
0.258574;0.038307;9.136.273
0.248997;0.028730;9.145.850
0.258574;0.028730;9.481.039
0.258574;0.000000;9.730.036
0.277727;-0.009577;10.007.763
0.277727;-0.028730;10.285.490
0.268151;-0.067038;10.735.600
0.277727;-0.057461;10.802.638
0.287304;-0.038307;10.812.215
0.268151;-0.047884;10.515.334
0.277727;-0.009577;10.256.760
0.268151;0.000000;9.988.609
0.268151;0.000000;9.691.729
0.239420;0.028730;9.260.772
0.258574;0.028730;9.145.850
0.258574;0.028730;9.126.697
0.258574;0.000000;9.375.694
0.287304;0.000000;9.605.537
0.268151;0.000000;9.873.688
0.268151;-0.009577;10.429.143
0.287304;-0.038307;10.630.256
0.287304;-0.028730;10.745.177
0.287304;-0.067038;10.793.061
0.268151;-0.057461;10.601.525
0.258574;-0.028730;10.400.413
0.268151;-0.019154;10.113.108
0.258574;0.009577;9.576.807
0.248997;0.019154;9.356.541
0.258574;0.028730;9.222.465
0.248997;0.047884;9.165.004
0.248997;0.028730;9.289.502
0.268151;0.019154;9.481.039
0.258574;0.009577;9.749.189
0.296881;-0.009577;10.323.798
0.258574;-0.038307;10.544.065
0.268151;-0.047884;10.726.024
0.277727;-0.047884;10.764.331
0.296881;-0.067038;10.678.140
0.268151;-0.028730;10.496.181
0.268151;-0.019154;9.959.879
0.258574;0.000000;9.691.729
0.258574;0.009577;9.481.039
0.229843;0.028730;9.270.349
0.258574;0.019154;9.174.581
0.239420;0.038307;9.260.772
0.248997;0.009577;9.404.425
0.277727;0.000000;9.902.418
0.277727;-0.009577;10.180.145
0.277727;-0.038307;10.409.989
0.277727;-0.047884;10.630.256
0.268151;-0.057461;10.773.908
0.287304;-0.047884;10.706.870
0.268151;-0.019154;10.582.372
0.258574;0.009577;10.084.377
0.268151;0.000000;9.825.804
0.258574;0.000000;9.567.230
0.239420;0.028730;9.222.465
0.248997;0.028730;9.193.734
0.239420;0.000000;9.212.888
0.248997;0.000000;9.346.964
0.277727;-0.019154;9.777.920
0.277727;-0.009577;10.065.224
0.287304;-0.028730;10.304.645
0.287304;-0.047884;10.678.140
0.287304;-0.067038;10.735.600
0.287304;-0.057461;10.735.600
0.287304;-0.057461;10.611.102
0.258574;-0.019154;10.170.568
0.277727;0.000000;9.950.302
0.277727;-0.019154;9.710.882
0.258574;0.038307;9.289.502
0.248997;0.038307;9.241.618
0.268151;0.019154;9.222.465
0.268151;0.057461;9.452.309
0.268151;0.000000;9.672.575
0.258574;0.000000;9.931.149
0.277727;-0.009577;10.160.992
0.277727;-0.067038;10.601.525
0.268151;-0.057461;10.678.140
0.296881;-0.028730;10.678.140
0.277727;-0.038307;10.505.757
0.277727;-0.047884;10.285.490
0.268151;-0.009577;10.036.493
0.248997;0.000000;9.586.384
0.248997;0.028730;9.414.001
0.248997;0.028730;9.299.079
0.258574;0.000000;9.327.810
0.239420;0.019154;9.452.309
0.258574;0.009577;9.605.537
0.268151;0.000000;9.844.957
0.287304;-0.019154;10.314.221
0.268151;-0.028730;10.505.757
0.277727;-0.038307;10.611.102
0.277727;-0.047884;10.658.986
0.268151;-0.047884;10.524.911
0.277727;-0.028730;10.342.952
0.268151;-0.019154;10.141.838
0.258574;0.000000;9.701.305
0.277727;0.000000;9.538.500
0.268151;0.038307;9.385.271
0.248997;0.047884;9.318.233
0.258574;0.028730;9.414.001
0.248997;0.009577;9.557.653
0.258574;-0.009577;9.777.920
0.277727;0.000000;10.199.299
0.277727;-0.019154;10.371.682
0.287304;-0.019154;10.524.911
0.277727;-0.047884;10.611.102
0.277727;0.000000;10.381.259
0.277727;0.000000;9.998.186
0.268151;0.000000;9.797.073
0.258574;0.000000;9.615.114
0.258574;0.009577;9.490.616
0.248997;0.009577;9.375.694
0.258574;0.009577;9.433.155
0.258574;0.009577;9.538.500
0.258574;0.000000;9.892.841
0.258574;0.000000;10.074.800
0.277727;-0.019154;10.266.336
0.277727;-0.028730;10.419.566
0.258574;-0.009577;10.534.488
0.287304;-0.047884;10.486.604
0.258574;-0.038307;10.371.682
0.248997;-0.019154;10.065.224
0.287304;-0.019154;9.902.418
0.258574;-0.009577;9.730.036
0.258574;0.019154;9.461.885
0.248997;0.009577;9.442.732
0.248997;0.028730;9.452.309
0.258574;0.000000;9.528.923
0.258574;0.000000;9.844.957
0.258574;0.000000;9.988.609
0.277727;-0.019154;10.409.989
0.277727;-0.028730;10.457.873
0.287304;-0.038307;10.429.143
0.277727;-0.028730;10.381.259
0.258574;0.000000;10.084.377
0.277727;-0.009577;9.979.033
0.258574;-0.009577;9.787.497
0.258574;0.028730;9.548.077
0.258574;0.009577;9.500.193
0.248997;0.009577;9.490.616
0.248997;0.000000;9.682.152
0.268151;-0.009577;9.806.650
0.268151;-0.028730;10.103.531
0.277727;-0.028730;10.400.413
0.287304;-0.047884;10.390.836
0.268151;-0.038307;10.237.606
0.258574;-0.028730;10.122.684
0.258574;-0.019154;9.979.033
0.248997;0.000000;9.720.459
0.248997;0.000000;9.634.268
0.258574;0.009577;9.576.807
0.258574;0.019154;9.643.845
0.258574;0.019154;9.701.305
0.258574;0.000000;9.806.650
0.258574;0.000000;10.055.647
0.258574;-0.009577;10.160.992
0.277727;-0.009577;10.266.336
0.277727;-0.028730;10.323.798
0.258574;-0.028730;10.352.529
0.258574;-0.019154;10.228.029
0.248997;-0.047884;10.122.684
0.277727;-0.009577;10.007.763
0.258574;0.000000;9.787.497
0.268151;0.000000;9.701.305
0.258574;0.000000;9.624.691
0.277727;0.000000;9.672.575
0.268151;0.009577;9.720.459
0.258574;0.009577;9.806.650
0.268151;0.000000;9.950.302
0.268151;-0.009577;10.113.108
0.258574;-0.009577;10.189.722
0.287304;-0.009577;10.247.183
0.258574;-0.019154;10.237.606
0.268151;-0.009577;10.170.568
0.258574;0.000000;10.132.261
0.268151;-0.009577;9.902.418
0.268151;-0.019154;9.797.073
0.258574;0.009577;9.730.036
0.268151;0.000000;9.701.305
0.258574;-0.019154;9.710.882
0.268151;0.009577;9.797.073
0.268151;0.000000;9.864.111
0.287304;0.000000;10.065.224
0.268151;0.000000;10.151.415
0.258574;-0.009577;10.199.299
0.268151;-0.019154;10.208.876
0.248997;-0.019154;10.199.299
0.248997;-0.009577;10.122.684
0.277727;0.000000;10.046.070
0.268151;0.009577;9.883.265
0.258574;-0.009577;9.806.650
0.248997;0.000000;9.777.920
0.258574;0.000000;9.749.189
0.277727;-0.009577;9.797.073
0.287304;0.000000;9.825.804
0.248997;0.000000;9.931.149
0.277727;0.000000;10.065.224
0.258574;-0.019154;10.122.684
0.268151;-0.009577;10.160.992
0.277727;-0.009577;10.189.722
0.287304;-0.019154;10.093.954
0.258574;0.000000;10.055.647
0.268151;-0.019154;9.959.879
0.248997;-0.019154;9.864.111
0.268151;0.000000;9.777.920
0.258574;0.009577;9.758.766
0.258574;-0.009577;9.758.766
0.268151;-0.009577;9.825.804
0.258574;0.000000;9.883.265
0.287304;0.000000;10.055.647
0.287304;0.000000;10.093.954
0.277727;-0.019154;10.160.992
0.258574;-0.019154;10.199.299
0.277727;0.000000;10.160.992
0.277727;-0.009577;10.113.108
0.268151;-0.009577;10.026.917
0.268151;0.000000;9.864.111
0.268151;0.000000;9.806.650
0.258574;-0.009577;9.768.343
0.268151;-0.019154;9.777.920
0.258574;0.000000;9.768.343
0.287304;0.000000;9.835.381
0.258574;0.000000;9.921.572
0.277727;-0.019154;10.074.800
0.268151;-0.009577;10.151.415
0.258574;-0.009577;10.208.876
0.287304;-0.019154;10.208.876
0.258574;-0.019154;10.151.415
0.258574;-0.009577;10.084.377
0.258574;0.000000;10.007.763
0.277727;-0.009577;9.835.381
0.248997;0.000000;9.768.343
0.258574;-0.009577;9.720.459
0.248997;0.000000;9.710.882
0.248997;-0.019154;9.768.343
0.268151;0.000000;9.854.534
0.268151;-0.009577;10.046.070
0.268151;-0.019154;10.141.838
0.277727;-0.009577;10.218.452
0.296881;-0.028730;10.256.760
0.277727;-0.009577;10.237.606
0.248997;-0.009577;10.180.145
0.277727;0.000000;10.093.954
0.287304;0.000000;9.873.688
0.268151;0.009577;9.768.343
0.248997;0.000000;9.701.305
0.248997;0.000000;9.643.845
0.268151;-0.009577;9.682.152
0.268151;-0.019154;9.739.613
0.258574;-0.028730;9.825.804
0.268151;-0.019154;10.065.224
0.268151;-0.009577;10.189.722
0.248997;-0.028730;10.247.183
0.277727;-0.028730;10.342.952
0.268151;-0.038307;10.285.490
0.268151;-0.009577;10.266.336
0.258574;0.000000;10.141.838
0.258574;0.000000;9.864.111
0.248997;0.000000;9.768.343
0.248997;0.000000;9.672.575
0.239420;0.009577;9.595.961
0.248997;0.009577;9.605.537
0.239420;0.000000;9.672.575
0.287304;-0.038307;9.921.572
0.258574;-0.009577;10.055.647
0.268151;-0.009577;10.218.452
0.277727;-0.028730;10.304.645
0.287304;-0.038307;10.362.105
0.287304;0.000000;10.371.682
0.258574;0.000000;10.285.490
0.268151;-0.009577;10.046.070
0.268151;0.000000;9.873.688
0.258574;-0.009577;9.739.613
0.277727;0.000000;9.538.500
0.248997;0.028730;9.538.500
0.258574;0.019154;9.519.346
0.268151;0.000000;9.615.114
0.268151;0.000000;9.873.688
0.296881;-0.019154;10.036.493
0.277727;-0.028730;10.189.722
0.268151;-0.019154;10.390.836
0.277727;-0.009577;10.467.450
0.287304;-0.047884;10.448.297
0.287304;-0.019154;10.362.105
0.258574;0.000000;10.093.954
0.268151;-0.009577;9.931.149
0.268151;0.000000;9.758.766
0.248997;0.019154;9.490.616
0.268151;0.028730;9.481.039
0.268151;0.019154;9.481.039
0.268151;-0.009577;9.634.268
0.287304;0.009577;9.797.073
0.287304;-0.009577;9.979.033
0.258574;0.000000;10.160.992
0.277727;-0.028730;10.429.143
0.277727;-0.047884;10.524.911
0.287304;-0.047884;10.505.757
0.268151;-0.009577;10.314.221
0.258574;0.000000;10.180.145
0.268151;0.000000;9.988.609
0.248997;0.019154;9.653.421
0.268151;0.028730;9.481.039
0.248997;0.009577;9.414.001
0.258574;0.000000;9.452.309
0.277727;0.028730;9.595.961
0.239420;0.000000;9.739.613
0.258574;-0.019154;9.931.149
0.287304;-0.009577;10.275.913
0.277727;-0.038307;10.438.720
0.287304;-0.028730;10.534.488
0.268151;-0.038307;10.572.795
0.277727;-0.028730;10.409.989
0.277727;-0.028730;10.266.336
0.248997;0.000000;10.074.800
0.248997;0.009577;9.691.729
0.258574;0.009577;9.481.039
0.248997;0.009577;9.385.271
0.258574;0.028730;9.375.694
0.258574;0.009577;9.461.885
0.268151;0.000000;9.615.114
0.268151;-0.009577;10.036.493
0.248997;-0.028730;10.256.760
0.287304;-0.009577;10.429.143
0.277727;-0.019154;10.620.679
0.277727;-0.028730;10.601.525
0.268151;-0.009577;10.515.334
0.277727;-0.019154;10.371.682
0.258574;0.000000;9.950.302
0.287304;0.038307;9.739.613
0.277727;0.009577;9.548.077
0.258574;0.009577;9.385.271
0.248997;0.019154;9.337.387
0.268151;0.000000;9.394.848
0.268151;0.028730;9.557.653
0.268151;-0.019154;9.931.149
0.287304;-0.009577;10.180.145
0.277727;-0.028730;10.390.836
0.277727;-0.057461;10.524.911
0.268151;-0.038307;10.639.832
0.277727;-0.028730;10.572.795
0.277727;-0.019154;10.477.027
0.258574;-0.019154;10.046.070
0.258574;-0.009577;9.825.804
0.287304;0.038307;9.605.537
0.248997;0.019154;9.299.079
0.268151;0.038307;9.260.772
0.239420;0.019154;9.318.233
0.258574;0.028730;9.423.578
0.248997;0.009577;9.844.957
0.277727;0.000000;10.084.377
0.287304;-0.028730;10.314.221
0.268151;-0.038307;10.639.832
0.287304;-0.047884;10.668.563
0.268151;-0.047884;10.678.140
0.287304;-0.019154;10.572.795
0.258574;-0.009577;10.160.992
0.258574;-0.009577;9.902.418
0.277727;0.009577;9.672.575
0.258574;0.028730;9.308.656
0.258574;0.028730;9.232.041
0.258574;0.009577;9.222.465
0.258574;0.000000;9.519.346
0.258574;0.000000;9.720.459
0.258574;-0.019154;9.969.456
0.268151;-0.028730;10.218.452
0.277727;-0.038307;10.601.525
0.268151;-0.067038;10.706.870
0.277727;-0.028730;10.706.870
0.287304;-0.038307;10.467.450
0.277727;-0.019154;10.304.645
0.258574;-0.028730;10.026.917
0.248997;0.019154;9.548.077
0.258574;0.038307;9.356.541
0.248997;0.028730;9.260.772
0.239420;0.009577;9.270.349
0.239420;0.019154;9.414.001
0.258574;0.000000;9.634.268
0.268151;0.000000;9.844.957
0.277727;-0.047884;10.371.682
0.296881;-0.028730;10.534.488
0.277727;-0.038307;10.678.140
0.277727;-0.038307;10.716.447
0.277727;-0.028730;10.563.218
0.277727;-0.019154;10.371.682
0.268151;-0.028730;10.141.838
0.239420;0.019154;9.624.691
0.258574;0.000000;9.442.732
0.258574;0.038307;9.270.349
0.239420;0.019154;9.251.195
0.248997;0.019154;9.346.964
0.248997;0.009577;9.528.923
0.258574;0.009577;9.749.189
0.268151;-0.028730;10.256.760
0.258574;-0.047884;10.467.450
0.287304;-0.047884;10.639.832
0.277727;-0.038307;10.716.447
0.287304;-0.047884;10.620.679
0.277727;-0.038307;10.467.450
0.287304;0.000000;9.998.186
0.248997;0.000000;9.749.189
0.248997;0.009577;9.528.923
0.239420;0.028730;9.318.233
0.239420;0.028730;9.212.888
0.248997;0.028730;9.279.925
0.258574;0.000000;9.452.309
0.268151;0.000000;9.864.111
0.258574;-0.009577;10.141.838
0.258574;-0.047884;10.381.259
0.296881;-0.028730;10.563.218
0.277727;-0.047884;10.697.293
0.296881;-0.047884;10.678.140
0.277727;-0.047884;10.563.218
0.248997;-0.009577;10.113.108
0.277727;0.000000;9.825.804
0.258574;0.000000;9.605.537
0.248997;0.019154;9.270.349
0.248997;0.028730;9.232.041
0.268151;0.019154;9.241.618
0.229843;0.028730;9.385.271
0.268151;0.000000;9.749.189
0.248997;0.000000;10.036.493
0.277727;-0.019154;10.256.760
0.277727;-0.038307;10.649.409
0.296881;-0.038307;10.697.293
0.287304;-0.038307;10.687.716
0.287304;-0.047884;10.639.832
0.258574;-0.009577;10.228.029
0.258574;-0.009577;9.979.033
0.248997;0.000000;9.701.305
0.258574;0.038307;9.356.541
0.258574;0.028730;9.260.772
0.258574;0.019154;9.222.465
0.239420;0.009577;9.481.039
0.268151;0.000000;9.643.845
0.268151;0.000000;9.921.572
0.277727;-0.019154;10.151.415
0.287304;-0.047884;10.563.218
0.277727;-0.057461;10.658.986
0.287304;-0.067038;10.678.140
0.268151;-0.038307;10.515.334
0.258574;-0.019154;10.295.067
0.277727;0.000000;10.084.377
0.277727;0.000000;9.624.691
0.248997;0.028730;9.433.155
0.248997;0.019154;9.299.079
0.268151;0.028730;9.260.772
0.248997;0.019154;9.404.425
0.248997;0.000000;9.605.537
0.268151;0.009577;9.806.650
0.258574;0.000000;10.304.645
0.277727;-0.028730;10.448.297
0.287304;-0.028730;10.620.679
0.287304;-0.038307;10.678.140
0.277727;-0.028730;10.534.488
0.258574;-0.028730;10.390.836
0.268151;-0.028730;10.170.568
0.258574;0.000000;9.710.882
0.248997;0.009577;9.528.923
0.258574;0.009577;9.404.425
0.268151;0.009577;9.308.656
0.248997;0.028730;9.404.425
0.287304;0.019154;9.528.923
0.277727;0.000000;9.730.036
0.258574;-0.019154;10.160.992
0.268151;-0.009577;10.381.259
0.268151;-0.038307;10.515.334
0.268151;-0.047884;10.620.679
0.296881;-0.038307;10.563.218
0.277727;-0.038307;10.448.297
0.277727;-0.009577;10.036.493
0.277727;0.009577;9.825.804
0.258574;0.000000;9.624.691
0.258574;0.019154;9.481.039
0.248997;0.038307;9.337.387
0.258574;0.028730;9.385.271
0.248997;0.009577;9.500.193
0.277727;0.000000;9.835.381
0.277727;0.000000;10.065.224
0.277727;-0.028730;10.266.336
0.268151;-0.028730;10.400.413
0.277727;-0.038307;10.591.949
0.268151;-0.047884;10.544.065
0.248997;-0.047884;10.505.757
0.258574;-0.019154;10.122.684
0.268151;-0.009577;9.911.995
0.258574;-0.009577;9.739.613
0.258574;0.038307;9.423.578
0.239420;0.009577;9.385.271
0.258574;0.028730;9.433.155
0.248997;0.019154;9.452.309
0.258574;-0.009577;9.787.497
0.268151;0.000000;9.979.033
0.268151;-0.009577;10.189.722
0.277727;-0.057461;10.477.027
0.268151;-0.047884;10.534.488
0.277727;-0.028730;10.515.334
0.277727;-0.038307;10.429.143
0.268151;-0.028730;10.208.876
0.258574;0.000000;10.007.763
0.277727;-0.009577;9.835.381
0.248997;0.000000;9.548.077
0.258574;0.009577;9.452.309
0.268151;0.038307;9.452.309
0.239420;0.019154;9.595.961
0.248997;0.009577;9.739.613
0.258574;-0.019154;9.883.265
0.268151;-0.019154;10.065.224
0.277727;-0.009577;10.362.105
0.287304;-0.057461;10.429.143
0.268151;-0.009577;10.467.450
0.277727;-0.019154;10.362.105
0.268151;-0.028730;10.218.452
0.268151;-0.009577;10.065.224
0.258574;0.000000;9.701.305
0.258574;-0.009577;9.615.114
0.268151;0.009577;9.528.923
0.258574;0.019154;9.519.346
0.229843;0.028730;9.615.114
0.277727;0.019154;9.710.882
0.277727;0.000000;9.854.534
0.268151;0.000000;10.208.876
0.277727;-0.019154;10.285.490
0.268151;0.000000;10.352.529
0.277727;-0.028730;10.390.836
0.268151;-0.057461;10.333.375
0.277727;-0.009577;10.208.876
0.287304;-0.019154;10.093.954
0.258574;0.009577;9.825.804
0.239420;0.000000;9.691.729
0.258574;0.019154;9.605.537
0.258574;0.000000;9.567.230
0.268151;0.019154;9.643.845
0.258574;0.000000;9.730.036
0.268151;0.009577;9.854.534
0.277727;-0.019154;10.103.531
0.258574;-0.019154;10.228.029
0.277727;-0.019154;10.323.798
0.258574;-0.019154;10.352.529
0.258574;-0.019154;10.304.645
0.277727;-0.019154;10.228.029
0.268151;0.000000;9.959.879
0.258574;-0.009577;9.844.957
0.248997;-0.019154;9.768.343
0.268151;0.000000;9.672.575
0.268151;-0.009577;9.615.114
0.248997;0.000000;9.672.575
0.248997;-0.009577;9.720.459
0.248997;-0.009577;9.950.302
0.258574;-0.028730;10.065.224
0.268151;0.000000;10.180.145
0.268151;-0.019154;10.275.913
0.268151;-0.028730;10.304.645
0.268151;-0.019154;10.247.183
0.248997;0.000000;10.093.954
0.277727;-0.009577;9.959.879
0.277727;-0.019154;9.892.841
0.258574;0.000000;9.806.650
0.268151;0.000000;9.701.305
0.268151;0.000000;9.672.575
0.277727;-0.019154;9.720.459
0.268151;0.009577;9.758.766
0.268151;-0.009577;9.950.302
0.258574;0.000000;10.074.800
0.287304;-0.009577;10.141.838
0.268151;-0.028730;10.247.183
0.277727;-0.028730;10.247.183
0.258574;0.000000;10.180.145
0.277727;0.000000;10.093.954
0.258574;-0.028730;9.979.033
0.277727;-0.009577;9.902.418
0.258574;0.000000;9.854.534
0.268151;-0.009577;9.730.036
0.258574;0.000000;9.739.613
0.248997;0.000000;9.787.497
0.248997;0.000000;9.883.265
0.258574;-0.009577;9.988.609
0.268151;0.000000;10.065.224
0.277727;-0.009577;10.113.108
0.277727;-0.028730;10.189.722
0.268151;-0.009577;10.170.568
0.277727;-0.009577;10.180.145
0.268151;-0.009577;10.046.070
0.277727;-0.028730;9.931.149
0.277727;0.000000;9.883.265
0.268151;0.000000;9.777.920
0.248997;0.000000;9.787.497
0.277727;0.000000;9.797.073
0.258574;0.000000;9.825.804
0.268151;-0.019154;9.950.302
0.277727;-0.028730;10.017.340
0.287304;0.000000;10.084.377
0.277727;-0.009577;10.170.568
0.277727;-0.019154;10.180.145
0.277727;-0.009577;10.132.261
0.258574;0.000000;10.055.647
0.258574;-0.019154;9.979.033
0.268151;0.000000;9.931.149
0.268151;-0.009577;9.854.534
0.258574;0.000000;9.768.343
0.277727;0.009577;9.777.920
0.268151;-0.009577;9.777.920
0.268151;-0.019154;9.921.572
0.258574;-0.028730;9.988.609
0.258574;-0.009577;10.055.647
0.258574;-0.019154;10.151.415
0.268151;-0.019154;10.180.145
0.268151;-0.028730;10.170.568
0.268151;-0.028730;10.141.838
0.277727;0.000000;10.007.763
0.258574;-0.009577;9.931.149
0.268151;0.009577;9.854.534
0.258574;0.000000;9.768.343
0.268151;0.000000;9.758.766
0.258574;0.000000;9.777.920
0.277727;-0.009577;9.806.650
0.277727;-0.009577;9.940.725
0.277727;0.000000;10.007.763
0.258574;-0.028730;10.103.531
0.268151;-0.009577;10.208.876
0.277727;0.000000;10.218.452
0.248997;-0.019154;10.199.299
0.268151;-0.009577;10.084.377
0.277727;-0.019154;9.988.609
0.258574;0.000000;9.921.572
0.258574;0.000000;9.825.804
0.248997;0.000000;9.739.613
0.248997;0.000000;9.720.459
0.258574;0.009577;9.768.343
0.268151;-0.019154;9.873.688
0.248997;-0.009577;9.959.879
0.287304;-0.009577;10.046.070
0.268151;0.000000;10.141.838
0.258574;-0.019154;10.266.336
0.258574;-0.028730;10.256.760
0.258574;-0.009577;10.228.029
0.268151;-0.009577;10.103.531
0.277727;0.009577;9.959.879
0.248997;0.000000;9.854.534
0.277727;0.009577;9.730.036
0.258574;0.000000;9.662.998
0.277727;0.000000;9.653.421
0.239420;0.000000;9.682.152
0.268151;0.000000;9.844.957
0.258574;-0.019154;9.950.302
0.277727;-0.009577;10.065.224
0.268151;-0.038307;10.266.336
0.268151;0.000000;10.295.067
0.268151;-0.028730;10.285.490
0.277727;-0.019154;10.256.760
0.277727;0.000000;10.122.684
0.239420;0.000000;9.988.609
0.277727;0.009577;9.873.688
0.248997;0.000000;9.672.575
0.268151;-0.009577;9.624.691
0.268151;-0.009577;9.634.268
0.268151;0.000000;9.720.459
0.258574;0.000000;9.806.650
0.258574;-0.009577;9.931.149
0.268151;-0.009577;10.046.070
0.277727;-0.009577;10.256.760
0.277727;-0.019154;10.333.375
0.277727;-0.028730;10.362.105
0.277727;-0.009577;10.266.336
0.258574;-0.019154;10.170.568
0.287304;0.000000;10.036.493
0.258574;0.009577;9.758.766
0.277727;0.009577;9.653.421
0.258574;0.000000;9.586.384
0.258574;0.019154;9.567.230
0.268151;0.019154;9.672.575
0.248997;0.000000;9.758.766
0.268151;-0.019154;9.873.688
0.277727;-0.009577;10.180.145
0.277727;-0.047884;10.295.067
0.268151;-0.038307;10.381.259
0.277727;0.000000;10.400.413
0.268151;-0.009577;10.314.221
0.268151;-0.009577;10.218.452
0.277727;-0.019154;10.103.531
0.268151;-0.009577;9.758.766
0.248997;0.009577;9.643.845
0.277727;0.009577;9.548.077
0.258574;0.000000;9.509.769
0.277727;0.009577;9.557.653
0.258574;0.000000;9.691.729
0.268151;0.000000;9.844.957
0.277727;-0.019154;10.160.992
0.287304;-0.038307;10.285.490
0.268151;-0.038307;10.429.143
0.277727;-0.028730;10.429.143
0.277727;0.000000;10.429.143
0.268151;-0.038307;10.266.336
0.258574;0.000000;9.979.033
0.268151;0.000000;9.806.650
0.268151;0.000000;9.653.421
0.258574;0.000000;9.548.077
0.248997;0.000000;9.433.155
0.258574;0.000000;9.509.769
0.258574;-0.019154;9.595.961
0.268151;0.000000;9.931.149
0.268151;-0.038307;10.103.531
0.258574;-0.028730;10.256.760
0.268151;-0.038307;10.409.989
0.277727;-0.028730;10.553.641
0.287304;0.000000;10.467.450
0.268151;-0.028730;10.390.836
0.268151;-0.028730;10.055.647
0.258574;0.009577;9.883.265
0.258574;0.000000;9.701.305
0.239420;0.000000;9.490.616
0.258574;0.009577;9.414.001
0.248997;0.000000;9.414.001
0.258574;0.000000;9.509.769
0.268151;0.000000;9.854.534
0.268151;-0.028730;10.036.493
0.287304;-0.038307;10.237.606
0.277727;-0.047884;10.496.181
0.277727;-0.067038;10.563.218
0.268151;-0.038307;10.572.795
0.268151;-0.028730;10.496.181
0.287304;0.000000;10.151.415
0.287304;-0.019154;9.931.149
0.277727;0.000000;9.749.189
0.248997;0.000000;9.442.732
0.258574;0.038307;9.385.271
0.248997;0.000000;9.375.694
0.258574;0.000000;9.576.807
0.268151;0.000000;9.758.766
0.258574;0.000000;9.950.302
0.287304;-0.019154;10.352.529
0.287304;-0.028730;10.515.334
0.277727;-0.047884;10.601.525
0.277727;-0.038307;10.544.065
0.268151;-0.019154;10.429.143
0.287304;-0.019154;10.237.606
0.287304;-0.019154;10.046.070
0.248997;0.000000;9.624.691
0.258574;0.028730;9.471.462
0.258574;0.009577;9.375.694
0.258574;0.009577;9.327.810
0.258574;0.000000;9.481.039
0.268151;0.000000;9.662.998
0.258574;-0.009577;9.883.265
0.268151;-0.038307;10.295.067
0.268151;-0.028730;10.467.450
0.287304;-0.047884;10.572.795
0.287304;-0.038307;10.639.832
0.258574;-0.028730;10.496.181
0.277727;-0.019154;10.342.952
0.268151;-0.009577;10.160.992
0.258574;0.000000;9.682.152
0.248997;0.038307;9.490.616
0.258574;0.019154;9.394.848
0.248997;0.019154;9.327.810
0.258574;0.028730;9.423.578
0.268151;0.009577;9.576.807
0.258574;-0.009577;9.768.343
0.258574;-0.028730;10.218.452
0.287304;-0.047884;10.438.720
0.296881;-0.057461;10.563.218
0.287304;-0.047884;10.639.832
0.287304;-0.047884;10.563.218
0.277727;-0.028730;10.438.720
0.277727;-0.019154;10.036.493
0.287304;0.000000;9.777.920
0.248997;0.009577;9.567.230
0.258574;0.019154;9.414.001
0.248997;0.028730;9.289.502
0.258574;0.009577;9.337.387
0.258574;0.028730;9.481.039
0.287304;0.009577;9.883.265
0.268151;-0.009577;10.093.954
0.258574;-0.038307;10.323.798
0.258574;-0.047884;10.477.027
0.277727;-0.047884;10.658.986
0.277727;-0.038307;10.639.832
0.277727;-0.047884;10.505.757
0.258574;-0.028730;10.132.261
0.277727;0.000000;9.902.418
0.258574;0.019154;9.662.998
0.248997;0.009577;9.318.233
0.268151;0.028730;9.279.925
0.258574;0.009577;9.299.079
0.258574;0.000000;9.375.694
0.287304;-0.009577;9.768.343
0.258574;-0.009577;10.007.763
0.268151;0.000000;10.228.029
0.287304;-0.038307;10.591.949
0.258574;-0.028730;10.649.409
0.277727;-0.057461;10.639.832
0.287304;-0.047884;10.429.143
0.268151;-0.019154;10.228.029
0.258574;0.000000;9.988.609
0.258574;0.009577;9.557.653
0.258574;0.019154;9.394.848
0.268151;0.038307;9.299.079
0.258574;0.019154;9.289.502
0.268151;0.009577;9.481.039
0.258574;0.000000;9.682.152
0.258574;-0.009577;9.911.995
0.277727;-0.038307;10.122.684
0.287304;-0.038307;10.515.334
0.277727;-0.038307;10.639.832
0.268151;-0.047884;10.658.986
0.277727;-0.019154;10.505.757
0.287304;-0.028730;10.295.067
0.258574;-0.009577;10.084.377
0.268151;0.009577;9.643.845
0.268151;0.019154;9.471.462
0.229843;0.028730;9.356.541
0.258574;0.028730;9.299.079
0.268151;0.028730;9.433.155
0.258574;0.000000;9.595.961
0.258574;0.000000;9.777.920
0.296881;-0.009577;10.247.183
0.258574;-0.028730;10.438.720
0.287304;-0.028730;10.572.795
0.296881;-0.067038;10.630.256
0.277727;-0.047884;10.553.641
0.229843;-0.028730;10.371.682
0.268151;-0.028730;10.180.145
0.248997;0.000000;9.749.189
0.258574;-0.009577;9.548.077
0.277727;0.000000;9.414.001
0.258574;0.009577;9.299.079
0.248997;0.000000;9.375.694
0.239420;0.009577;9.500.193
0.258574;-0.009577;9.701.305
0.268151;-0.019154;10.132.261
0.268151;-0.019154;10.323.798
0.277727;-0.028730;10.572.795
0.277727;-0.028730;10.630.256
0.268151;-0.047884;10.582.372
0.277727;-0.028730;10.438.720
0.268151;-0.028730;10.055.647
0.258574;0.000000;9.864.111
0.268151;0.009577;9.634.268
0.248997;0.000000;9.366.117
0.258574;0.028730;9.327.810
0.258574;0.019154;9.366.117
0.277727;0.009577;9.481.039
0.268151;-0.009577;9.854.534
0.277727;-0.009577;10.036.493
0.258574;-0.019154;10.247.183
0.277727;-0.047884;10.563.218
0.277727;-0.047884;10.591.949
0.277727;-0.038307;10.572.795
0.287304;-0.038307;10.496.181
0.268151;-0.009577;10.151.415
0.268151;0.000000;9.940.725
0.258574;0.000000;9.739.613
0.268151;0.000000;9.442.732
0.268151;0.019154;9.385.271
0.258574;0.000000;9.385.271
0.258574;0.019154;9.442.732
0.268151;0.009577;9.749.189
0.277727;-0.019154;9.921.572
0.258574;-0.019154;10.323.798
0.268151;-0.038307;10.457.873
0.268151;-0.038307;10.515.334
0.277727;-0.038307;10.544.065
0.268151;-0.047884;10.400.413
0.277727;-0.028730;10.208.876
0.287304;-0.019154;10.046.070
0.268151;-0.019154;9.835.381
0.248997;0.009577;9.519.346
0.258574;0.019154;9.414.001
0.258574;0.019154;9.414.001
0.258574;0.028730;9.538.500
0.258574;0.000000;9.691.729
0.268151;-0.009577;9.883.265
0.268151;0.000000;10.237.606
0.287304;-0.028730;10.362.105
0.268151;-0.028730;10.467.450
0.277727;-0.019154;10.496.181
0.277727;-0.028730;10.390.836
0.268151;-0.019154;10.228.029
0.277727;0.000000;10.122.684
0.258574;0.000000;9.720.459
0.268151;0.000000;9.586.384
0.258574;0.019154;9.509.769
0.248997;0.028730;9.442.732
0.258574;0.028730;9.548.077
0.268151;0.000000;9.643.845
0.258574;0.000000;9.797.073
0.287304;0.000000;10.141.838
0.277727;-0.019154;10.285.490
0.268151;-0.057461;10.381.259
0.258574;-0.009577;10.457.873
0.277727;-0.019154;10.409.989
0.248997;-0.009577;10.285.490
0.277727;-0.019154;10.132.261
0.268151;-0.009577;9.844.957
0.277727;0.000000;9.672.575
0.268151;0.009577;9.576.807
0.248997;0.019154;9.528.923
0.248997;0.009577;9.528.923
0.268151;0.009577;9.634.268
0.287304;0.000000;9.787.497
0.268151;-0.009577;10.065.224
0.277727;0.000000;10.208.876
0.287304;-0.028730;10.371.682
0.277727;-0.047884;10.409.989
0.268151;-0.028730;10.390.836
0.287304;-0.009577;10.285.490
0.268151;0.000000;10.017.340
0.248997;-0.028730;9.902.418
0.248997;0.000000;9.758.766
0.258574;0.028730;9.605.537
0.258574;0.009577;9.567.230
0.248997;0.019154;9.567.230
0.268151;0.009577;9.653.421
0.248997;0.019154;9.873.688
0.268151;0.000000;10.026.917
0.287304;-0.009577;10.132.261
0.268151;-0.028730;10.247.183
0.277727;0.000000;10.352.529
0.277727;-0.019154;10.333.375
0.277727;-0.028730;10.189.722
0.268151;-0.028730;10.055.647
0.268151;0.000000;9.921.572
0.248997;0.000000;9.825.804
0.268151;0.009577;9.615.114
0.268151;0.000000;9.586.384
0.239420;0.009577;9.586.384
0.248997;0.000000;9.730.036
0.258574;0.000000;9.854.534
0.268151;-0.019154;9.988.609
0.268151;0.000000;10.093.954
0.277727;-0.038307;10.256.760
0.277727;-0.028730;10.304.645
0.268151;-0.028730;10.304.645
0.268151;-0.019154;10.180.145
0.287304;-0.028730;10.084.377
0.268151;-0.028730;9.969.456
0.277727;0.000000;9.844.957
0.268151;0.000000;9.691.729
0.268151;0.000000;9.662.998
0.258574;0.000000;9.662.998
0.277727;-0.009577;9.758.766
0.268151;0.000000;9.864.111
0.268151;0.000000;9.979.033
0.277727;-0.019154;10.237.606
0.258574;-0.009577;10.256.760
0.287304;0.000000;10.266.336
0.277727;-0.019154;10.151.415
0.248997;-0.028730;10.055.647
0.258574;-0.028730;9.998.186
0.277727;0.000000;9.797.073
0.258574;-0.009577;9.720.459
0.258574;0.000000;9.730.036
0.248997;0.000000;9.710.882
0.268151;0.000000;9.816.227
0.258574;0.000000;9.911.995
0.268151;0.009577;9.969.456
0.248997;-0.028730;10.132.261
0.258574;0.000000;10.151.415
0.258574;0.000000;10.228.029
0.268151;0.000000;10.170.568
0.268151;-0.028730;10.103.531
0.268151;-0.019154;10.046.070
0.287304;0.000000;9.979.033
0.287304;0.000000;9.806.650
0.277727;0.000000;9.768.343
0.277727;-0.019154;9.768.343
0.258574;0.000000;9.797.073
0.268151;0.009577;9.873.688
0.268151;0.000000;9.902.418
0.268151;-0.019154;9.979.033
0.258574;-0.009577;10.122.684
0.277727;-0.009577;10.151.415
0.268151;-0.009577;10.122.684
0.277727;-0.019154;10.084.377
0.258574;-0.009577;9.998.186
0.277727;0.000000;9.864.111
0.268151;-0.009577;9.854.534
0.258574;-0.009577;9.806.650
0.258574;0.000000;9.806.650
0.277727;0.000000;9.854.534
0.277727;-0.009577;9.892.841
0.277727;-0.009577;9.969.456
0.258574;-0.009577;10.065.224
0.277727;-0.019154;10.141.838
0.287304;0.000000;10.122.684
0.277727;-0.009577;10.132.261
0.287304;0.000000;10.074.800
0.277727;0.000000;10.017.340
0.277727;-0.009577;9.969.456
0.239420;0.000000;9.844.957
0.277727;0.000000;9.816.227
0.248997;0.000000;9.787.497
0.258574;0.000000;9.816.227
0.268151;-0.009577;9.864.111
0.277727;0.000000;9.931.149
0.268151;-0.028730;9.959.879
0.277727;-0.019154;10.093.954
0.268151;-0.009577;10.141.838
0.277727;-0.009577;10.170.568
0.268151;-0.009577;10.113.108
0.268151;-0.009577;10.074.800
0.258574;0.000000;10.017.340
0.258574;0.009577;9.864.111
0.277727;0.000000;9.797.073
0.287304;0.000000;9.806.650
0.268151;0.000000;9.777.920
0.258574;-0.038307;9.835.381
0.277727;-0.009577;9.873.688
0.258574;-0.009577;9.969.456
0.296881;0.000000;10.093.954
0.268151;0.000000;10.160.992
0.258574;0.000000;10.199.299
0.268151;0.000000;10.170.568
0.277727;0.000000;10.122.684
0.258574;0.000000;10.026.917
0.277727;0.009577;9.892.841
0.239420;0.000000;9.816.227
0.248997;0.009577;9.787.497
0.268151;-0.019154;9.730.036
0.258574;-0.009577;9.758.766
0.268151;0.000000;9.825.804
0.268151;0.000000;9.892.841
0.268151;0.000000;9.969.456
0.258574;0.000000;10.141.838
0.268151;-0.009577;10.180.145
0.268151;-0.028730;10.199.299
0.268151;0.000000;10.199.299
0.287304;0.000000;10.141.838
0.268151;-0.009577;10.084.377
0.287304;0.000000;9.873.688
0.258574;0.009577;9.806.650
0.248997;0.000000;9.691.729
0.268151;0.000000;9.701.305
0.258574;0.000000;9.710.882
0.268151;0.000000;9.768.343
0.268151;0.000000;9.864.111
0.287304;-0.009577;10.065.224
0.268151;-0.019154;10.141.838
0.287304;-0.009577;10.228.029
0.258574;-0.019154;10.256.760
0.268151;-0.019154;10.237.606
0.268151;0.000000;10.199.299
0.258574;0.000000;10.074.800
0.268151;-0.009577;9.864.111
0.268151;0.000000;9.787.497
0.248997;0.000000;9.720.459
0.277727;0.000000;9.605.537
0.258574;0.000000;9.691.729
0.258574;0.000000;9.730.036
0.258574;0.000000;9.950.302
0.268151;-0.038307;10.074.800
0.268151;-0.028730;10.189.722
0.268151;0.000000;10.304.645
0.277727;-0.009577;10.323.798
0.287304;0.000000;10.295.067
0.287304;-0.009577;10.266.336
0.258574;-0.009577;10.026.917
0.258574;0.000000;9.883.265
0.268151;0.000000;9.758.766
0.258574;0.019154;9.643.845
0.258574;0.009577;9.576.807
0.268151;0.000000;9.595.961
0.248997;-0.009577;9.672.575
0.277727;0.000000;9.883.265
0.287304;-0.019154;10.026.917
0.277727;0.000000;10.180.145
0.287304;-0.009577;10.333.375
0.277727;-0.057461;10.371.682
0.277727;-0.019154;10.381.259
0.258574;-0.019154;10.285.490
0.248997;0.000000;10.084.377
0.268151;0.000000;9.931.149
0.258574;0.000000;9.777.920
0.258574;0.019154;9.567.230
0.239420;0.009577;9.548.077
0.258574;0.000000;9.548.077
0.258574;0.000000;9.586.384
0.258574;0.009577;9.825.804
0.277727;-0.019154;9.988.609
0.268151;-0.019154;10.141.838
0.277727;-0.019154;10.381.259
0.287304;-0.019154;10.438.720
0.287304;-0.009577;10.429.143
0.268151;-0.019154;10.256.760
0.277727;-0.009577;10.151.415
0.268151;-0.009577;9.979.033
0.268151;0.000000;9.806.650
0.248997;0.000000;9.557.653
0.229843;0.009577;9.471.462
0.277727;0.019154;9.519.346
0.268151;0.009577;9.615.114
0.239420;0.000000;9.777.920
0.277727;-0.009577;9.940.725
0.287304;-0.028730;10.103.531
0.277727;-0.038307;10.381.259
0.287304;-0.019154;10.448.297
0.277727;-0.009577;10.477.027
0.268151;-0.038307;10.333.375
0.277727;0.000000;10.237.606
0.277727;-0.009577;10.036.493
0.258574;0.000000;9.682.152
0.268151;0.009577;9.567.230
0.277727;0.000000;9.481.039
0.277727;0.000000;9.461.885
0.258574;0.009577;9.567.230
0.287304;0.000000;9.835.381
0.258574;-0.019154;10.199.299
0.277727;-0.028730;10.333.375
0.248997;-0.047884;10.429.143
0.277727;-0.019154;10.477.027
0.277727;-0.009577;10.409.989
0.268151;-0.019154;10.266.336
0.277727;-0.009577;10.141.838
0.268151;0.000000;9.777.920
0.258574;0.000000;9.586.384
0.239420;0.009577;9.471.462
0.248997;0.019154;9.414.001
0.277727;0.019154;9.471.462
0.277727;0.000000;9.605.537
0.258574;0.000000;9.979.033
0.248997;-0.009577;10.113.108
0.277727;0.000000;10.314.221
0.268151;-0.038307;10.448.297
0.287304;-0.067038;10.544.065
0.277727;-0.019154;10.505.757
0.268151;0.000000;10.036.493
0.268151;0.009577;9.825.804
0.277727;0.000000;9.662.998
0.239420;0.028730;9.528.923
0.277727;0.009577;9.356.541
0.277727;0.009577;9.433.155
0.258574;0.019154;9.509.769
0.277727;-0.009577;9.873.688
0.248997;-0.009577;10.093.954
0.268151;-0.028730;10.256.760
0.268151;-0.047884;10.419.566
0.268151;-0.028730;10.572.795
0.268151;-0.028730;10.524.911
0.268151;-0.038307;10.457.873
0.258574;0.000000;10.132.261
0.268151;0.000000;9.931.149
0.258574;0.019154;9.710.882
0.248997;0.019154;9.433.155
0.258574;0.038307;9.385.271
0.268151;0.028730;9.366.117
0.248997;0.009577;9.433.155
0.268151;-0.019154;9.787.497
0.268151;-0.028730;9.988.609
0.277727;-0.028730;10.189.722
0.277727;-0.028730;10.515.334
0.277727;-0.047884;10.572.795
0.268151;-0.019154;10.611.102
0.268151;-0.038307;10.390.836
0.258574;0.000000;10.228.029
0.248997;0.000000;9.998.186
0.277727;0.009577;9.787.497
0.248997;0.009577;9.452.309
0.248997;0.009577;9.385.271
0.258574;0.028730;9.346.964
0.268151;0.000000;9.519.346
0.248997;0.009577;9.710.882
0.268151;0.009577;9.902.418
0.258574;0.000000;10.093.954
0.277727;-0.028730;10.448.297
0.268151;-0.038307;10.553.641
0.277727;-0.028730;10.467.450
0.268151;-0.038307;10.304.645
0.258574;-0.009577;10.103.531
0.258574;0.000000;9.519.346
0.258574;0.028730;9.394.848
0.258574;0.019154;9.346.964
0.277727;0.019154;9.442.732
0.258574;0.000000;9.586.384
0.277727;-0.009577;9.787.497
0.287304;-0.009577;10.228.029
0.277727;-0.028730;10.400.413
0.268151;-0.047884;10.534.488
0.277727;-0.057461;10.582.372
0.287304;-0.038307;10.496.181
0.306458;-0.009577;10.400.413
0.268151;-0.038307;10.199.299
0.268151;0.000000;9.777.920
0.258574;0.000000;9.586.384
0.258574;0.009577;9.433.155
0.258574;0.000000;9.346.964
0.239420;0.009577;9.385.271
0.268151;0.028730;9.528.923
0.248997;0.000000;9.701.305
0.277727;-0.019154;10.122.684
0.248997;-0.038307;10.333.375
0.287304;-0.047884;10.457.873
0.268151;-0.038307;10.582.372
0.277727;-0.047884;10.553.641
0.287304;-0.038307;10.467.450
0.258574;-0.019154;10.074.800
0.258574;-0.028730;9.883.265
0.268151;0.000000;9.672.575
0.277727;0.038307;9.528.923
0.258574;0.009577;9.394.848
0.258574;0.028730;9.375.694
0.239420;-0.019154;9.471.462
0.258574;0.000000;9.787.497
0.268151;-0.019154;10.036.493
0.268151;-0.019154;10.228.029
0.296881;-0.047884;10.505.757
0.277727;-0.019154;10.611.102
0.268151;-0.057461;10.582.372
0.258574;-0.009577;10.486.604
0.258574;-0.009577;10.170.568
0.277727;-0.009577;9.979.033
0.258574;0.009577;9.758.766
0.258574;0.019154;9.471.462
0.268151;0.028730;9.394.848
0.258574;0.028730;9.346.964
0.258574;0.019154;9.442.732
0.248997;0.009577;9.730.036
0.258574;-0.009577;9.931.149
0.287304;0.000000;10.132.261
0.268151;-0.028730;10.457.873
0.268151;-0.038307;10.524.911
0.258574;-0.038307;10.515.334
0.277727;-0.028730;10.409.989
0.248997;-0.028730;10.247.183
0.277727;0.000000;10.065.224
0.248997;0.000000;9.873.688
0.268151;0.000000;9.509.769
0.268151;0.019154;9.433.155
0.258574;0.009577;9.394.848
0.258574;0.019154;9.519.346
0.258574;0.009577;9.672.575
0.258574;0.000000;9.844.957
0.287304;-0.009577;10.228.029
0.268151;-0.019154;10.381.259
0.277727;-0.028730;10.477.027
0.287304;-0.057461;10.524.911
0.268151;-0.057461;10.429.143
0.268151;-0.038307;10.314.221
0.287304;-0.019154;10.122.684
0.277727;0.000000;9.768.343
0.268151;0.000000;9.595.961
0.248997;0.009577;9.490.616
0.268151;0.019154;9.423.578
0.258574;0.000000;9.481.039
0.258574;0.000000;9.605.537
0.268151;0.000000;9.758.766
0.248997;0.000000;10.141.838
0.258574;-0.019154;10.295.067
0.268151;-0.038307;10.419.566
0.277727;-0.028730;10.486.604
0.258574;-0.019154;10.448.297
0.277727;-0.038307;10.333.375
0.277727;-0.019154;10.180.145
0.268151;-0.009577;9.844.957
0.287304;-0.009577;9.691.729
0.258574;0.009577;9.557.653
0.258574;0.019154;9.452.309
0.258574;0.009577;9.490.616
0.287304;0.019154;9.624.691
0.277727;-0.009577;9.883.265
0.258574;-0.028730;10.036.493
0.268151;0.000000;10.180.145
0.268151;-0.009577;10.314.221
0.268151;-0.028730;10.448.297
0.258574;-0.019154;10.419.566
0.287304;-0.028730;10.352.529
0.258574;-0.028730;10.113.108
0.268151;0.000000;9.940.725
0.268151;0.000000;9.777.920
0.268151;0.009577;9.538.500
0.268151;0.009577;9.481.039
0.248997;0.000000;9.528.923
0.287304;0.009577;9.595.961
0.258574;-0.009577;9.854.534
0.287304;-0.038307;9.969.456
0.268151;-0.009577;10.132.261
0.277727;-0.019154;10.342.952
0.277727;-0.038307;10.409.989
0.287304;-0.009577;10.409.989
0.287304;-0.038307;10.352.529
0.258574;-0.019154;10.103.531
0.277727;-0.028730;10.007.763
0.277727;0.009577;9.682.152
0.248997;0.009577;9.624.691
0.258574;0.000000;9.567.230
0.258574;0.000000;9.548.077
0.258574;0.000000;9.653.421
0.248997;0.000000;9.777.920
0.268151;0.009577;9.921.572
0.277727;-0.009577;10.074.800
0.268151;-0.009577;10.304.645
0.277727;-0.028730;10.342.952
0.248997;-0.047884;10.333.375
0.277727;-0.028730;10.256.760
0.287304;-0.028730;10.141.838
0.268151;-0.009577;10.036.493
0.268151;0.000000;9.768.343
0.248997;0.000000;9.682.152
0.248997;0.019154;9.605.537
0.258574;0.000000;9.615.114
0.258574;0.009577;9.701.305
0.258574;-0.009577;9.777.920
0.258574;0.000000;9.902.418
0.258574;-0.028730;10.122.684
0.277727;-0.019154;10.247.183
0.296881;-0.019154;10.285.490
0.268151;-0.009577;10.275.913
0.277727;-0.028730;10.237.606
0.277727;-0.019154;10.170.568
0.277727;-0.019154;10.036.493
0.277727;-0.009577;9.835.381
0.258574;0.000000;9.739.613
0.248997;-0.009577;9.691.729
0.248997;0.009577;9.643.845
0.268151;0.019154;9.720.459
0.258574;0.000000;9.768.343
0.268151;0.009577;9.873.688
0.248997;0.000000;10.074.800
0.277727;0.000000;10.170.568
0.268151;-0.028730;10.237.606
0.258574;-0.019154;10.256.760
0.277727;-0.019154;10.189.722
0.268151;0.000000;10.170.568
0.258574;0.000000;9.979.033
0.268151;0.000000;9.844.957
0.258574;-0.009577;9.797.073
0.258574;0.000000;9.720.459
0.277727;0.000000;9.720.459
0.268151;0.000000;9.730.036
0.277727;0.000000;9.787.497
0.268151;-0.019154;9.959.879
0.258574;-0.019154;10.065.224
0.258574;-0.009577;10.113.108
0.287304;0.000000;10.180.145
0.258574;-0.009577;10.208.876
0.268151;-0.009577;10.189.722
0.258574;0.000000;10.113.108
0.277727;-0.019154;9.950.302
0.258574;-0.009577;9.883.265
0.268151;0.000000;9.816.227
0.248997;0.000000;9.739.613
0.239420;0.000000;9.730.036
0.268151;0.009577;9.777.920
0.258574;0.000000;9.816.227
0.258574;-0.009577;9.988.609
0.268151;-0.009577;10.036.493
0.268151;0.000000;10.093.954
0.277727;-0.019154;10.180.145
0.258574;-0.019154;10.160.992
0.268151;0.000000;10.151.415
0.258574;-0.009577;10.103.531
0.277727;-0.009577;9.979.033
0.258574;-0.028730;9.911.995
0.268151;-0.009577;9.816.227
0.268151;0.000000;9.797.073
0.277727;-0.019154;9.768.343
0.258574;0.000000;9.844.957
0.268151;0.000000;9.902.418
0.268151;-0.028730;10.007.763
0.268151;-0.009577;10.036.493
0.277727;-0.009577;10.084.377
0.277727;-0.019154;10.132.261
0.258574;0.000000;10.113.108
0.287304;0.000000;10.084.377
0.258574;0.000000;10.007.763
0.268151;-0.019154;9.911.995
0.258574;0.000000;9.864.111
0.287304;0.000000;9.806.650
0.258574;-0.009577;9.806.650
0.277727;0.000000;9.825.804
0.248997;0.000000;9.864.111
0.268151;0.000000;9.979.033
0.258574;-0.009577;10.026.917
0.277727;0.000000;10.065.224
0.268151;-0.009577;10.113.108
0.258574;-0.009577;10.122.684
0.287304;-0.019154;10.084.377
0.258574;-0.028730;10.055.647
0.277727;0.000000;9.950.302
0.268151;0.000000;9.902.418
0.258574;-0.019154;9.825.804
0.258574;0.000000;9.816.227
0.268151;0.000000;9.797.073
0.277727;-0.009577;9.816.227
0.258574;0.000000;9.969.456
0.268151;-0.019154;10.017.340
0.239420;0.000000;10.065.224
0.277727;0.000000;10.122.684
0.277727;-0.009577;10.160.992
0.268151;0.000000;10.151.415
0.268151;-0.009577;10.113.108
0.258574;-0.009577;10.007.763
0.258574;-0.009577;9.931.149
0.277727;-0.019154;9.864.111
0.277727;0.000000;9.816.227
0.248997;-0.009577;9.797.073
0.277727;-0.019154;9.816.227
0.268151;0.000000;9.873.688
0.287304;0.000000;9.979.033
0.268151;-0.028730;10.026.917
0.277727;-0.019154;10.084.377
0.287304;-0.019154;10.180.145
0.268151;-0.019154;10.170.568
0.268151;0.000000;10.122.684
0.277727;0.000000;10.113.108
0.268151;0.009577;9.979.033
0.268151;0.000000;9.902.418
0.258574;0.000000;9.835.381
0.277727;-0.009577;9.749.189
0.248997;0.000000;9.758.766
0.258574;0.009577;9.777.920
0.258574;-0.009577;9.902.418
0.268151;0.000000;9.969.456
0.268151;-0.009577;10.055.647
0.268151;-0.019154;10.151.415
0.277727;-0.019154;10.218.452
0.258574;-0.009577;10.180.145
0.258574;-0.019154;10.065.224
0.277727;0.009577;9.959.879
0.277727;0.000000;9.883.265
0.268151;0.000000;9.787.497
0.258574;0.000000;9.710.882
0.258574;-0.009577;9.730.036
0.258574;0.000000;9.730.036
0.268151;-0.009577;9.892.841
0.287304;-0.019154;9.931.149
0.268151;-0.009577;10.065.224
0.277727;-0.019154;10.247.183
0.268151;0.000000;10.247.183
0.268151;-0.009577;10.275.913
0.268151;0.000000;10.228.029
0.258574;0.000000;10.065.224
0.268151;0.000000;9.959.879
0.268151;0.000000;9.883.265
0.258574;0.000000;9.710.882
0.268151;0.000000;9.672.575
0.277727;0.000000;9.672.575
0.258574;0.000000;9.739.613
0.258574;0.000000;9.835.381
0.287304;0.000000;9.950.302
0.268151;-0.009577;10.036.493
0.258574;0.000000;10.247.183
0.277727;-0.028730;10.275.913
0.277727;-0.019154;10.285.490
0.268151;-0.009577;10.218.452
0.268151;-0.009577;10.141.838
0.277727;-0.009577;9.988.609
0.268151;-0.019154;9.883.265
0.258574;0.000000;9.710.882
0.268151;0.000000;9.624.691
0.287304;0.009577;9.605.537
0.248997;0.000000;9.691.729
0.268151;0.000000;9.749.189
0.268151;0.000000;9.911.995
0.268151;0.000000;10.160.992
0.277727;-0.038307;10.266.336
0.268151;-0.038307;10.323.798
0.277727;-0.028730;10.333.375
0.277727;-0.028730;10.266.336
0.277727;-0.019154;10.189.722
0.277727;0.000000;10.074.800
0.277727;0.000000;9.806.650
0.258574;0.009577;9.682.152
0.258574;0.019154;9.586.384
0.258574;-0.009577;9.595.961
0.258574;0.000000;9.615.114
0.258574;0.000000;9.730.036
0.258574;-0.019154;9.835.381
0.277727;-0.019154;10.122.684
0.277727;-0.028730;10.275.913
0.277727;-0.019154;10.342.952
0.296881;-0.009577;10.371.682
0.277727;-0.028730;10.333.375
0.268151;0.000000;10.247.183
0.277727;0.000000;10.141.838
0.248997;0.000000;9.854.534
0.248997;0.019154;9.710.882
0.248997;0.000000;9.615.114
0.248997;0.009577;9.548.077
0.258574;0.000000;9.576.807
0.277727;0.009577;9.662.998
0.268151;-0.009577;9.940.725
0.268151;-0.009577;10.093.954
0.258574;-0.019154;10.247.183
0.277727;-0.028730;10.352.529
0.277727;-0.038307;10.438.720
0.277727;-0.009577;10.381.259
0.277727;-0.019154;10.285.490
0.258574;0.000000;10.046.070
0.239420;0.000000;9.883.265
0.268151;0.000000;9.701.305
0.258574;0.000000;9.605.537
0.258574;0.000000;9.471.462
0.248997;0.009577;9.500.193
0.258574;0.009577;9.586.384
0.287304;0.009577;9.883.265
0.248997;0.000000;10.026.917
0.248997;-0.019154;10.189.722
0.268151;-0.028730;10.438.720
0.258574;-0.009577;10.486.604
0.258574;-0.047884;10.457.873
0.277727;-0.009577;10.352.529
0.268151;-0.019154;10.103.531
0.277727;0.000000;9.931.149
0.258574;0.009577;9.730.036
0.248997;0.028730;9.519.346
0.258574;0.009577;9.442.732
0.248997;0.000000;9.471.462
0.248997;0.009577;9.653.421
0.277727;-0.009577;9.787.497
0.287304;0.000000;9.959.879
0.277727;0.000000;10.132.261
0.287304;-0.047884;10.409.989
0.277727;-0.057461;10.486.604
0.277727;-0.038307;10.342.952
0.268151;0.000000;10.218.452
0.277727;-0.028730;10.007.763
0.258574;0.000000;9.844.957
0.248997;0.000000;9.509.769
0.258574;0.019154;9.481.039
0.229843;0.000000;9.461.885
0.258574;0.009577;9.548.077
0.258574;-0.009577;9.701.305
0.248997;0.000000;9.883.265
0.268151;-0.019154;10.247.183
0.258574;-0.028730;10.352.529
0.268151;-0.038307;10.477.027
0.277727;-0.038307;10.534.488
0.287304;-0.019154;10.409.989
0.268151;-0.019154;10.275.913
0.268151;-0.009577;10.103.531
0.248997;-0.009577;9.730.036
0.268151;0.000000;9.576.807
0.248997;0.028730;9.471.462
0.268151;0.009577;9.404.425
0.258574;0.038307;9.500.193
0.258574;0.019154;9.615.114
0.268151;-0.009577;9.797.073
0.258574;-0.019154;10.189.722
0.277727;-0.038307;10.314.221
0.268151;-0.038307;10.467.450
0.287304;-0.028730;10.524.911
0.287304;-0.028730;10.457.873
0.258574;-0.019154;10.180.145
0.248997;0.000000;9.787.497
0.258574;0.009577;9.624.691
0.248997;0.009577;9.519.346
0.239420;0.009577;9.414.001
0.258574;0.038307;9.461.885
0.268151;0.019154;9.538.500
0.258574;-0.009577;9.892.841
0.277727;-0.019154;10.093.954
0.258574;-0.038307;10.266.336
0.277727;-0.057461;10.534.488
0.268151;-0.028730;10.524.911
0.258574;-0.019154;10.400.413
0.287304;-0.009577;10.093.954
0.229843;0.000000;9.911.995
0.287304;-0.009577;9.691.729
0.268151;0.000000;9.567.230
0.258574;0.000000;9.414.001
0.248997;0.000000;9.442.732
0.258574;0.009577;9.509.769
0.268151;0.000000;9.825.804
0.268151;-0.009577;9.988.609
0.277727;-0.019154;10.457.873
0.277727;-0.047884;10.524.911
0.268151;-0.028730;10.544.065
0.277727;-0.028730;10.438.720
0.287304;-0.019154;10.151.415
0.248997;-0.009577;9.998.186
0.277727;0.000000;9.787.497
0.248997;0.019154;9.500.193
0.239420;0.000000;9.414.001
0.248997;0.019154;9.394.848
0.268151;0.009577;9.567.230
0.268151;0.009577;9.730.036
0.277727;0.000000;9.921.572
0.268151;0.000000;10.074.800
0.277727;-0.028730;10.400.413
0.277727;-0.028730;10.524.911
0.287304;0.000000;10.409.989
0.277727;-0.038307;10.237.606
0.268151;-0.028730;10.074.800
0.268151;0.000000;9.902.418
0.258574;0.038307;9.471.462
0.258574;0.019154;9.423.578
0.268151;0.009577;9.519.346
0.258574;0.009577;9.835.381
0.277727;-0.028730;10.199.299
0.268151;-0.038307;10.352.529
0.287304;-0.009577;10.486.604
0.268151;-0.028730;10.505.757
0.277727;-0.009577;10.409.989
0.248997;-0.038307;10.151.415
0.268151;0.000000;9.758.766
0.258574;0.000000;9.595.961
0.258574;0.009577;9.509.769
0.258574;0.000000;9.452.309
0.268151;0.009577;9.471.462
0.268151;0.000000;9.624.691
0.268151;0.019154;9.806.650
0.268151;-0.028730;10.113.108
0.268151;-0.038307;10.275.913
0.268151;-0.038307;10.400.413
0.287304;-0.047884;10.477.027
0.258574;-0.028730;10.448.297
0.268151;-0.038307;10.371.682
0.268151;-0.028730;10.189.722
0.258574;0.000000;9.844.957
0.248997;0.009577;9.710.882
0.268151;0.000000;9.567.230
0.268151;0.038307;9.452.309
0.268151;0.028730;9.490.616
0.248997;0.000000;9.576.807
0.268151;0.000000;9.873.688
0.258574;0.009577;10.055.647
0.239420;-0.009577;10.189.722
0.268151;-0.028730;10.323.798
0.287304;-0.028730;10.438.720
0.277727;-0.009577;10.457.873
0.277727;-0.009577;10.093.954
0.268151;-0.028730;9.950.302
0.258574;0.000000;9.777.920
0.268151;0.000000;9.643.845
0.248997;0.038307;9.500.193
0.248997;0.019154;9.519.346
0.258574;0.000000;9.557.653
0.268151;0.000000;9.816.227
0.268151;0.009577;10.151.415
0.268151;-0.028730;10.381.259
0.287304;-0.028730;10.429.143
0.296881;-0.028730;10.409.989
0.277727;-0.028730;10.170.568
0.258574;0.000000;9.998.186
0.277727;0.000000;9.825.804
0.268151;0.000000;9.605.537
0.268151;0.009577;9.548.077
0.277727;0.009577;9.500.193
0.248997;0.019154;9.624.691
0.268151;0.000000;9.749.189
0.239420;0.000000;9.931.149
0.268151;0.000000;10.065.224
0.258574;-0.019154;10.362.105
0.277727;-0.019154;10.400.413
0.268151;-0.019154;10.295.067
0.287304;-0.028730;10.199.299
0.287304;-0.009577;10.065.224
0.258574;0.009577;9.672.575
0.248997;0.009577;9.567.230
0.258574;0.000000;9.548.077
0.296881;-0.009577;9.615.114
0.268151;0.000000;9.730.036
0.277727;0.009577;9.854.534
0.277727;0.000000;10.122.684
0.268151;-0.019154;10.228.029
0.296881;-0.009577;10.323.798
0.268151;-0.028730;10.352.529
0.277727;-0.019154;10.295.067
0.268151;-0.038307;10.199.299
0.248997;-0.019154;10.103.531
0.268151;-0.009577;9.844.957
0.287304;0.000000;9.730.036
0.258574;0.000000;9.634.268
0.258574;0.009577;9.595.961
0.258574;0.000000;9.653.421
0.277727;0.000000;9.749.189
0.258574;0.000000;10.065.224
0.239420;-0.028730;10.180.145
0.268151;0.000000;10.275.913
0.258574;-0.047884;10.323.798
0.277727;-0.009577;10.295.067
0.268151;-0.028730;10.208.876
0.268151;0.000000;10.113.108
0.268151;-0.009577;9.902.418
0.277727;0.000000;9.797.073
0.287304;0.009577;9.710.882
0.268151;0.000000;9.634.268
0.248997;0.000000;9.653.421
0.239420;0.019154;9.720.459
0.268151;0.000000;9.902.418
0.268151;-0.009577;10.036.493
0.268151;-0.009577;10.208.876
0.248997;-0.038307;10.247.183
0.277727;-0.028730;10.256.760
0.287304;-0.019154;10.218.452
0.277727;0.000000;10.026.917
0.268151;-0.009577;9.931.149
0.248997;0.009577;9.844.957
0.268151;0.000000;9.749.189
0.277727;0.000000;9.682.152
0.277727;0.000000;9.682.152
0.258574;0.000000;9.730.036
0.258574;0.000000;9.883.265
0.268151;-0.009577;9.998.186
0.277727;0.000000;10.113.108
0.258574;-0.038307;10.208.876
0.248997;-0.028730;10.228.029
0.248997;0.000000;10.199.299
0.248997;-0.038307;10.180.145
0.287304;-0.019154;10.046.070
0.296881;-0.019154;9.950.302
0.258574;0.000000;9.739.613
0.268151;0.000000;9.749.189
0.287304;0.000000;9.749.189
0.268151;0.000000;9.787.497
0.239420;0.000000;9.931.149
0.258574;-0.009577;9.969.456
0.248997;-0.019154;10.055.647
0.287304;-0.028730;10.180.145
0.287304;-0.009577;10.199.299
0.277727;0.000000;10.170.568
0.268151;-0.009577;10.113.108
0.277727;0.000000;10.017.340
0.287304;0.009577;9.921.572
0.296881;0.000000;9.902.418
0.258574;-0.009577;9.777.920
0.258574;0.009577;9.758.766
0.239420;-0.019154;9.777.920
0.239420;0.000000;9.854.534
0.277727;-0.019154;9.940.725
0.258574;-0.019154;9.959.879
0.248997;0.000000;10.103.531
0.258574;-0.009577;10.141.838
0.268151;0.000000;10.141.838
0.277727;0.009577;10.055.647
0.277727;-0.019154;9.950.302
0.277727;-0.009577;9.816.227
0.268151;-0.028730;9.787.497
0.239420;0.000000;9.825.804
0.268151;0.000000;9.883.265
0.287304;0.000000;9.940.725
0.287304;-0.019154;9.998.186
0.258574;0.000000;10.084.377
0.248997;-0.028730;10.113.108
0.258574;-0.009577;10.103.531
0.277727;0.000000;10.046.070
0.277727;-0.019154;10.017.340
0.277727;-0.009577;9.988.609
0.277727;0.000000;9.921.572
0.268151;-0.009577;9.854.534
0.268151;-0.019154;9.797.073
0.268151;-0.009577;9.816.227
0.258574;-0.009577;9.892.841
0.248997;-0.019154;9.921.572
0.258574;0.000000;10.007.763
0.277727;0.000000;10.065.224
0.277727;0.000000;10.113.108
0.268151;-0.009577;10.151.415
0.277727;-0.019154;10.103.531
0.268151;-0.009577;10.065.224
0.268151;0.000000;9.998.186
0.277727;-0.009577;9.959.879
0.268151;-0.009577;9.854.534
0.268151;0.000000;9.825.804
0.258574;0.000000;9.835.381
0.239420;-0.019154;9.844.957
0.268151;-0.009577;9.911.995
0.277727;-0.028730;9.931.149
0.277727;-0.019154;10.065.224
0.287304;-0.019154;10.122.684
0.268151;0.000000;10.141.838
0.277727;-0.009577;10.103.531
0.287304;0.000000;10.084.377
0.287304;0.009577;10.046.070
0.277727;0.000000;9.969.456
0.258574;0.000000;9.902.418
0.248997;-0.009577;9.806.650
0.268151;-0.009577;9.806.650
0.258574;0.009577;9.806.650
0.277727;-0.009577;9.854.534
0.248997;0.000000;9.931.149
0.239420;-0.019154;9.988.609
0.296881;0.000000;10.103.531
0.296881;-0.009577;10.141.838
0.287304;-0.019154;10.151.415
0.268151;0.000000;10.160.992
0.229843;0.000000;10.084.377
0.258574;0.000000;9.998.186
0.258574;0.000000;9.931.149
0.258574;0.000000;9.806.650
0.248997;0.009577;9.768.343
0.229843;0.000000;9.758.766
0.239420;0.000000;9.758.766
0.296881;-0.009577;9.873.688
0.306458;-0.019154;9.911.995
0.287304;-0.009577;9.979.033
0.268151;-0.019154;10.122.684
0.268151;-0.009577;10.160.992
0.287304;-0.019154;10.199.299
0.287304;-0.009577;10.160.992
0.258574;0.000000;10.122.684
0.258574;-0.019154;10.036.493
0.268151;-0.009577;9.864.111
0.258574;0.000000;9.797.073
0.277727;0.009577;9.758.766
0.277727;0.000000;9.720.459
0.220267;-0.009577;9.758.766
0.248997;0.000000;9.797.073
0.316035;-0.019154;10.065.224
0.306458;-0.028730;10.170.568
0.287304;-0.028730;10.199.299
0.268151;0.000000;10.237.606
0.277727;-0.009577;10.199.299
0.277727;-0.009577;10.132.261
0.277727;0.000000;10.065.224
0.248997;0.000000;9.864.111
0.258574;0.000000;9.777.920
0.248997;0.000000;9.710.882
0.277727;0.000000;9.682.152
0.287304;0.000000;9.720.459
0.268151;0.009577;9.797.073
0.239420;-0.019154;9.873.688
0.220267;-0.019154;10.103.531
0.258574;-0.038307;10.151.415
0.325611;-0.009577;10.228.029
0.287304;-0.019154;10.275.913
0.239420;-0.028730;10.256.760
0.239420;-0.019154;10.218.452
0.239420;-0.019154;10.113.108
0.296881;-0.009577;9.883.265
0.306458;0.000000;9.787.497
0.277727;0.000000;9.672.575
0.239420;0.000000;9.615.114
0.258574;0.000000;9.643.845
0.287304;0.000000;9.730.036
0.306458;-0.028730;9.921.572
0.268151;0.000000;10.065.224
0.248997;-0.038307;10.141.838
0.210690;-0.028730;10.237.606
0.258574;-0.028730;10.314.221
0.277727;-0.009577;10.314.221
0.306458;-0.009577;10.237.606
0.239420;0.000000;10.065.224
0.248997;0.000000;9.921.572
0.248997;0.000000;9.806.650
0.277727;0.000000;9.701.305
0.287304;0.019154;9.605.537
0.248997;0.009577;9.605.537
0.239420;0.000000;9.662.998
0.248997;0.009577;9.864.111
0.287304;-0.028730;10.007.763
0.316035;-0.028730;10.132.261
0.277727;-0.047884;10.304.645
0.239420;-0.028730;10.352.529
0.229843;-0.028730;10.352.529
0.277727;-0.009577;10.304.645
0.306458;-0.038307;10.084.377
0.296881;0.000000;9.969.456
0.277727;0.000000;9.835.381
0.229843;0.019154;9.605.537
0.258574;0.019154;9.557.653
0.268151;0.019154;9.557.653
0.277727;0.000000;9.682.152
0.248997;-0.009577;9.825.804
0.248997;-0.009577;9.940.725
0.268151;-0.009577;10.208.876
0.287304;-0.038307;10.323.798
0.306458;-0.009577;10.371.682
0.287304;-0.009577;10.390.836
0.248997;0.000000;10.266.336
0.258574;-0.019154;10.160.992
0.277727;0.000000;10.036.493
0.287304;0.000000;9.864.111
0.277727;0.009577;9.615.114
0.239420;0.009577;9.548.077
0.220267;0.000000;9.538.500
0.248997;-0.009577;9.624.691
0.277727;0.000000;9.739.613
0.258574;0.000000;9.902.418
0.268151;-0.028730;10.189.722
0.258574;-0.019154;10.295.067
0.258574;-0.009577;10.381.259
0.277727;-0.028730;10.400.413
0.296881;-0.019154;10.323.798
0.248997;-0.019154;10.218.452
0.248997;-0.028730;10.074.800
0.258574;0.000000;9.768.343
0.277727;0.000000;9.662.998
0.268151;0.009577;9.548.077
0.248997;0.000000;9.509.769
0.239420;0.009577;9.586.384
0.258574;0.000000;9.672.575
0.258574;0.000000;9.816.227
0.287304;-0.028730;10.122.684
0.277727;-0.038307;10.275.913
0.277727;-0.038307;10.371.682
0.268151;-0.019154;10.438.720
0.268151;-0.028730;10.390.836
0.277727;-0.019154;10.314.221
0.268151;-0.009577;10.007.763
0.248997;-0.019154;9.825.804
0.229843;0.019154;9.662.998
0.239420;0.000000;9.567.230
0.268151;0.028730;9.481.039
0.277727;0.019154;9.538.500
0.277727;0.000000;9.615.114
0.258574;0.000000;9.911.995
0.277727;-0.019154;10.065.224
0.287304;-0.038307;10.256.760
0.316035;-0.038307;10.371.682
0.277727;-0.019154;10.448.297
0.277727;-0.019154;10.438.720
0.248997;-0.028730;10.342.952
0.258574;-0.028730;10.074.800
0.277727;0.000000;9.883.265
0.248997;0.000000;9.730.036
0.229843;-0.009577;9.490.616
0.239420;0.009577;9.490.616
0.258574;0.000000;9.490.616
0.306458;0.000000;9.691.729
0.277727;0.000000;9.844.957
0.287304;0.000000;9.998.186
0.268151;-0.009577;10.189.722
0.277727;-0.019154;10.409.989
0.287304;-0.019154;10.486.604
0.268151;-0.057461;10.457.873
0.268151;-0.038307;10.400.413
0.268151;-0.028730;10.113.108
0.268151;-0.009577;9.950.302
0.277727;-0.009577;9.816.227
0.248997;0.019154;9.528.923
0.258574;0.038307;9.471.462
0.277727;0.009577;9.471.462
0.248997;0.019154;9.615.114
0.277727;0.000000;9.758.766
0.268151;0.000000;9.911.995
0.268151;0.000000;10.103.531
0.248997;-0.009577;10.362.105
0.258574;-0.009577;10.438.720
0.258574;-0.028730;10.496.181
0.268151;-0.038307;10.362.105
0.258574;-0.009577;10.228.029
0.258574;0.000000;10.055.647
0.258574;-0.009577;9.902.418
0.287304;0.000000;9.576.807
0.287304;0.000000;9.471.462
0.287304;0.000000;9.519.346
0.248997;0.009577;9.701.305
0.258574;0.009577;9.825.804
0.277727;0.000000;10.189.722
0.258574;-0.028730;10.342.952
0.277727;-0.028730;10.429.143
0.287304;-0.019154;10.477.027
0.277727;-0.019154;10.304.645
0.277727;-0.028730;10.151.415
0.268151;0.000000;9.787.497
0.239420;0.000000;9.615.114
0.239420;0.000000;9.538.500
0.258574;0.000000;9.461.885
0.258574;0.028730;9.509.769
0.268151;-0.009577;9.634.268
0.248997;0.000000;9.768.343
0.287304;-0.009577;10.122.684
0.277727;-0.009577;10.256.760
0.277727;0.000000;10.371.682
0.287304;-0.047884;10.467.450
0.277727;-0.047884;10.419.566
0.258574;-0.019154;10.323.798
0.268151;-0.009577;10.208.876
0.277727;-0.019154;9.854.534
0.277727;0.019154;9.701.305
0.248997;0.009577;9.481.039
0.248997;0.019154;9.481.039
0.258574;-0.009577;9.490.616
0.239420;0.000000;9.576.807
0.277727;-0.009577;9.864.111
0.277727;-0.009577;10.055.647
0.248997;-0.028730;10.189.722
0.268151;-0.038307;10.304.645
0.268151;-0.038307;10.467.450
0.277727;-0.047884;10.448.297
0.287304;-0.019154;10.371.682
0.268151;-0.028730;10.132.261
0.277727;-0.028730;9.950.302
0.277727;-0.019154;9.768.343
0.268151;0.000000;9.643.845
0.268151;0.000000;9.490.616
0.248997;0.009577;9.500.193
0.258574;0.000000;9.576.807
0.258574;0.019154;9.816.227
0.277727;-0.009577;9.921.572
0.268151;-0.009577;10.141.838
0.287304;-0.019154;10.362.105
0.268151;-0.028730;10.457.873
0.277727;-0.047884;10.448.297
0.287304;-0.019154;10.419.566
0.277727;-0.009577;10.180.145
0.277727;-0.009577;10.007.763
0.258574;0.000000;9.854.534
0.258574;0.009577;9.586.384
0.258574;0.009577;9.538.500
0.239420;0.028730;9.538.500
0.248997;0.009577;9.624.691
0.239420;0.000000;9.720.459
0.268151;-0.009577;9.883.265
0.287304;-0.009577;10.036.493
0.277727;-0.019154;10.314.221
0.277727;-0.028730;10.390.836
0.268151;-0.019154;10.419.566
0.277727;-0.028730;10.323.798
0.268151;-0.028730;10.084.377
0.287304;-0.009577;9.902.418
0.239420;0.000000;9.662.998
0.258574;0.009577;9.567.230
0.258574;0.009577;9.528.923
0.268151;0.019154;9.605.537
0.268151;0.000000;9.701.305
0.268151;-0.028730;10.151.415
0.258574;-0.028730;10.237.606
0.306458;-0.028730;10.333.375
0.268151;-0.009577;10.390.836
0.268151;-0.019154;10.333.375
0.287304;-0.028730;10.237.606
0.268151;-0.009577;10.113.108
0.277727;0.000000;9.854.534
0.277727;-0.009577;9.730.036
0.268151;0.000000;9.643.845
0.248997;0.028730;9.548.077
0.248997;0.019154;9.624.691
0.268151;0.009577;9.672.575
0.248997;0.000000;9.806.650
0.287304;0.000000;10.074.800
0.268151;-0.009577;10.208.876
0.277727;-0.009577;10.275.913
0.248997;-0.019154;10.352.529
0.268151;-0.028730;10.314.221
0.268151;-0.019154;10.237.606
0.239420;-0.047884;10.180.145
0.258574;0.000000;9.921.572
0.277727;0.009577;9.787.497
0.268151;-0.009577;9.672.575
0.268151;0.019154;9.595.961
0.258574;0.000000;9.615.114
0.258574;0.000000;9.672.575
0.248997;-0.028730;9.873.688
0.287304;-0.019154;9.979.033
0.268151;-0.019154;10.208.876
0.268151;-0.028730;10.333.375
0.258574;-0.009577;10.333.375
0.248997;-0.019154;10.275.913
0.268151;0.000000;10.055.647
0.258574;-0.009577;9.950.302
0.248997;0.000000;9.864.111
0.268151;0.000000;9.730.036
0.258574;0.000000;9.643.845
0.277727;0.000000;9.662.998
0.258574;0.009577;9.672.575
0.248997;-0.009577;9.873.688
0.258574;-0.028730;9.959.879
0.268151;0.000000;10.074.800
0.239420;-0.028730;10.218.452
0.258574;-0.019154;10.266.336
0.277727;-0.019154;10.266.336
0.268151;0.000000;10.237.606
0.296881;-0.019154;10.074.800
0.268151;0.000000;9.979.033
0.258574;0.000000;9.883.265
0.268151;0.009577;9.739.613
0.258574;0.000000;9.701.305
0.258574;-0.009577;9.682.152
0.268151;0.000000;9.749.189
0.248997;0.000000;9.864.111
0.258574;0.000000;9.940.725
0.268151;-0.009577;10.036.493
0.268151;-0.028730;10.180.145
0.268151;-0.019154;10.208.876
0.287304;-0.019154;10.228.029
0.258574;-0.009577;10.199.299
0.277727;0.000000;10.093.954
0.296881;0.000000;10.036.493
0.268151;-0.019154;9.931.149
0.258574;0.000000;9.768.343
0.277727;-0.019154;9.730.036
0.258574;0.000000;9.710.882
0.277727;-0.009577;9.768.343
0.258574;-0.009577;9.854.534
0.258574;0.000000;9.921.572
0.268151;0.000000;10.074.800
0.258574;0.000000;10.141.838
0.277727;-0.009577;10.180.145
0.268151;-0.028730;10.160.992
0.277727;-0.019154;10.084.377
0.258574;-0.009577;10.017.340
0.268151;0.000000;9.854.534
0.258574;0.000000;9.797.073
0.258574;0.019154;9.787.497
0.287304;0.009577;9.739.613
0.248997;0.000000;9.816.227
0.268151;0.000000;9.950.302
0.277727;-0.019154;10.074.800
0.268151;-0.038307;10.132.261
0.268151;-0.009577;10.141.838
0.268151;-0.009577;10.160.992
0.268151;-0.009577;10.093.954
0.268151;-0.019154;10.065.224
0.268151;0.000000;10.007.763
0.268151;0.000000;9.873.688
0.277727;0.000000;9.835.381
0.248997;0.000000;9.806.650
0.258574;-0.009577;9.806.650
0.248997;-0.009577;9.854.534
0.239420;0.000000;9.883.265
0.268151;-0.009577;10.007.763
0.268151;-0.019154;10.036.493
0.268151;-0.009577;10.103.531
0.277727;-0.019154;10.141.838
0.268151;-0.019154;10.113.108
0.277727;0.000000;10.093.954
0.277727;-0.009577;10.026.917
0.277727;0.000000;9.931.149
0.258574;0.000000;9.892.841
0.258574;0.000000;9.864.111
0.248997;-0.009577;9.825.804
0.258574;0.000000;9.835.381
0.268151;-0.019154;9.873.688
0.268151;0.000000;9.892.841
0.258574;0.000000;9.998.186
0.277727;0.000000;10.084.377
0.277727;-0.019154;10.084.377
0.277727;0.000000;10.084.377
0.268151;-0.028730;10.046.070
0.287304;-0.019154;10.017.340
0.258574;-0.019154;9.921.572
0.268151;-0.019154;9.883.265
0.258574;0.000000;9.854.534
0.268151;-0.019154;9.854.534
0.258574;-0.009577;9.873.688
0.258574;0.000000;9.911.995
0.268151;0.000000;9.969.456
0.277727;0.000000;10.026.917
0.277727;-0.009577;10.084.377
0.287304;0.000000;10.132.261
0.277727;-0.028730;10.084.377
0.268151;-0.009577;10.065.224
0.258574;-0.019154;10.007.763
0.277727;0.000000;9.911.995
0.258574;0.000000;9.892.841
0.258574;-0.009577;9.835.381
0.248997;-0.009577;9.844.957
0.248997;-0.019154;9.864.111
0.258574;0.000000;9.931.149
0.258574;-0.009577;10.026.917
0.287304;0.000000;10.093.954
0.268151;0.000000;10.084.377
0.258574;-0.009577;10.132.261
0.268151;0.009577;10.103.531
0.248997;0.000000;10.065.224
0.277727;0.000000;10.007.763
0.258574;-0.028730;9.921.572
0.258574;0.000000;9.854.534
0.277727;0.000000;9.825.804
0.268151;-0.019154;9.797.073
0.268151;-0.019154;9.883.265
0.277727;-0.009577;9.988.609
0.258574;-0.009577;10.036.493
0.277727;-0.009577;10.113.108
0.277727;0.000000;10.132.261
0.268151;-0.009577;10.160.992
0.268151;-0.009577;10.122.684
0.258574;-0.009577;10.084.377
0.277727;0.000000;9.940.725
0.258574;-0.009577;9.902.418
0.258574;0.000000;9.806.650
0.258574;-0.019154;9.768.343
0.277727;-0.009577;9.787.497
0.277727;0.000000;9.816.227
0.258574;-0.009577;9.854.534
0.277727;-0.019154;9.979.033
0.268151;0.000000;10.055.647
0.277727;0.000000;10.103.531
0.277727;-0.038307;10.199.299
0.258574;-0.019154;10.160.992
0.258574;0.000000;10.180.145
0.258574;0.000000;10.122.684
0.268151;0.009577;9.950.302
0.258574;-0.009577;9.864.111
0.258574;-0.009577;9.825.804
0.258574;0.000000;9.720.459
0.268151;0.009577;9.730.036
0.248997;-0.009577;9.768.343
0.258574;-0.019154;9.854.534
0.287304;-0.019154;9.988.609
0.287304;0.000000;10.084.377
0.268151;-0.009577;10.132.261
0.277727;0.000000;10.256.760
0.277727;-0.019154;10.228.029
0.277727;-0.009577;10.199.299
0.268151;-0.028730;10.046.070
0.258574;-0.009577;9.950.302
0.268151;0.000000;9.844.957
0.268151;0.000000;9.768.343
0.258574;0.000000;9.730.036
0.277727;0.000000;9.682.152
0.258574;0.000000;9.730.036
0.268151;0.000000;9.873.688
0.258574;-0.009577;9.950.302
0.268151;0.000000;10.055.647
0.287304;-0.019154;10.237.606
0.277727;-0.019154;10.266.336
0.277727;-0.019154;10.256.760
0.268151;-0.019154;10.208.876
0.268151;0.009577;10.103.531
0.258574;0.000000;9.969.456
0.268151;0.000000;9.883.265
0.268151;0.000000;9.710.882
0.277727;0.009577;9.701.305
0.258574;0.000000;9.682.152
0.277727;0.000000;9.672.575
0.268151;-0.009577;9.844.957
0.258574;-0.009577;9.940.725
0.248997;-0.009577;10.065.224
0.277727;-0.038307;10.218.452
0.277727;-0.019154;10.285.490
0.258574;-0.019154;10.304.645
0.258574;0.000000;10.247.183
0.277727;-0.019154;10.141.838
0.287304;-0.038307;10.007.763
0.277727;0.000000;9.864.111
0.258574;0.009577;9.720.459
0.258574;0.000000;9.634.268
0.258574;0.019154;9.615.114
0.268151;-0.009577;9.710.882
0.277727;-0.009577;9.777.920
0.268151;0.000000;9.873.688
0.287304;-0.009577;10.199.299
0.287304;-0.019154;10.333.375
0.268151;0.000000;10.256.760
0.277727;-0.047884;10.189.722
0.268151;0.000000;10.074.800
0.287304;0.000000;9.835.381
0.268151;0.000000;9.739.613
0.229843;-0.009577;9.624.691
0.258574;0.000000;9.586.384
0.277727;0.009577;9.634.268
0.268151;0.000000;9.710.882
0.268151;0.009577;9.844.957
0.277727;0.009577;10.122.684
0.268151;-0.009577;10.228.029
0.268151;-0.009577;10.285.490
0.287304;-0.009577;10.352.529
0.268151;-0.028730;10.323.798
0.277727;-0.019154;10.247.183
0.277727;-0.019154;10.122.684
0.258574;-0.019154;9.844.957
0.268151;0.009577;9.758.766
0.248997;0.000000;9.643.845
0.248997;-0.009577;9.557.653
0.248997;0.000000;9.595.961
0.268151;0.000000;9.662.998
0.258574;-0.009577;9.911.995
0.277727;-0.019154;10.055.647
0.277727;-0.019154;10.180.145
0.258574;-0.019154;10.266.336
0.268151;-0.019154;10.362.105
0.258574;-0.047884;10.390.836
0.277727;-0.009577;10.304.645
0.258574;-0.009577;10.065.224
0.268151;-0.009577;9.931.149
0.258574;-0.009577;9.758.766
0.277727;0.009577;9.672.575
0.258574;0.019154;9.538.500
0.258574;0.009577;9.538.500
0.268151;0.009577;9.605.537
0.268151;-0.019154;9.854.534
0.277727;-0.028730;9.988.609
0.287304;-0.009577;10.141.838
0.277727;-0.047884;10.342.952
0.268151;-0.009577;10.400.413
0.306458;-0.028730;10.400.413
0.277727;-0.019154;10.342.952
0.268151;0.000000;10.103.531
0.258574;-0.019154;9.969.456
0.258574;-0.009577;9.835.381
0.229843;0.000000;9.595.961
0.258574;0.009577;9.519.346
0.248997;0.000000;9.528.923
0.258574;0.009577;9.586.384
0.268151;0.000000;9.768.343
0.277727;0.000000;9.911.995
0.268151;0.000000;10.074.800
0.287304;-0.047884;10.323.798
0.268151;-0.028730;10.400.413
0.277727;-0.038307;10.400.413
0.296881;-0.019154;10.295.067
0.258574;-0.028730;10.199.299
0.268151;-0.028730;10.046.070
0.258574;0.000000;9.892.841
0.268151;0.000000;9.634.268
0.248997;0.000000;9.557.653
0.248997;0.000000;9.500.193
0.268151;0.009577;9.595.961
0.258574;0.009577;9.710.882
0.268151;-0.019154;9.892.841
0.258574;-0.019154;10.180.145
0.268151;-0.019154;10.295.067
0.268151;-0.019154;10.381.259
0.268151;-0.028730;10.448.297
0.287304;-0.028730;10.371.682
0.277727;0.000000;10.266.336
0.287304;-0.009577;10.122.684
0.268151;0.000000;9.787.497
0.268151;-0.009577;9.682.152
0.277727;0.009577;9.567.230
0.258574;0.000000;9.490.616
0.268151;0.000000;9.557.653
0.277727;0.000000;9.624.691
0.258574;-0.009577;9.797.073
0.268151;-0.009577;10.103.531
0.277727;-0.028730;10.228.029
0.258574;-0.009577;10.352.529
0.277727;-0.047884;10.467.450
0.277727;-0.038307;10.381.259
0.277727;-0.028730;10.314.221
0.258574;-0.019154;10.208.876
0.268151;-0.019154;9.864.111
0.258574;0.000000;9.730.036
0.268151;0.000000;9.595.961
0.258574;0.000000;9.500.193
0.248997;0.009577;9.500.193
0.258574;0.009577;9.624.691
0.287304;0.000000;9.883.265
0.277727;-0.028730;10.017.340
0.268151;-0.019154;10.170.568
0.277727;-0.028730;10.314.221
0.277727;-0.019154;10.438.720
0.268151;-0.028730;10.419.566
0.258574;-0.019154;10.371.682
0.268151;-0.028730;10.093.954
0.268151;-0.009577;9.950.302
0.258574;0.009577;9.653.421
0.268151;0.028730;9.528.923
0.258574;0.028730;9.538.500
0.248997;0.009577;9.567.230
0.258574;0.000000;9.787.497
0.239420;-0.028730;9.969.456
0.268151;-0.019154;10.084.377
0.277727;-0.047884;10.342.952
0.277727;-0.047884;10.438.720
0.287304;-0.009577;10.438.720
0.268151;-0.038307;10.390.836
0.268151;-0.009577;10.180.145
0.287304;-0.028730;10.026.917
0.268151;-0.009577;9.873.688
0.277727;0.000000;9.595.961
0.258574;0.009577;9.519.346
0.268151;0.028730;9.528.923
0.268151;0.000000;9.749.189
0.258574;0.000000;10.036.493
0.268151;-0.047884;10.285.490
0.296881;-0.038307;10.400.413
0.277727;-0.038307;10.419.566
0.287304;-0.019154;10.314.221
0.268151;-0.019154;10.228.029
0.296881;-0.019154;10.074.800
0.268151;0.028730;9.682.152
0.258574;0.009577;9.595.961
0.248997;0.019154;9.519.346
0.258574;0.019154;9.595.961
0.277727;0.000000;9.710.882
0.287304;0.000000;9.825.804
0.248997;0.000000;10.113.108
0.258574;-0.038307;10.256.760
0.268151;-0.019154;10.362.105
0.268151;-0.009577;10.419.566
0.277727;-0.038307;10.352.529
0.277727;-0.047884;10.247.183
0.248997;-0.009577;10.160.992
0.277727;0.000000;9.864.111
0.248997;0.000000;9.739.613
0.268151;0.028730;9.624.691
0.258574;0.019154;9.576.807
0.258574;0.000000;9.586.384
0.258574;0.000000;9.653.421
0.258574;0.028730;9.768.343
0.287304;-0.009577;10.046.070
0.268151;-0.028730;10.170.568
0.277727;-0.047884;10.314.221
0.277727;-0.038307;10.362.105
0.277727;-0.019154;10.180.145
0.268151;-0.019154;9.921.572
0.258574;-0.009577;9.816.227
0.268151;0.019154;9.691.729
0.248997;0.000000;9.595.961
0.239420;0.000000;9.576.807
0.248997;0.009577;9.643.845
0.277727;0.000000;9.883.265
0.277727;-0.019154;9.988.609
0.296881;-0.019154;10.113.108
0.277727;-0.019154;10.228.029
0.296881;-0.009577;10.323.798
0.277727;-0.019154;10.352.529
0.277727;-0.019154;10.304.645
0.268151;-0.019154;10.113.108
0.258574;-0.019154;9.969.456
0.258574;-0.009577;9.854.534
0.248997;-0.019154;9.730.036
0.277727;0.000000;9.615.114
0.258574;0.000000;9.624.691
0.248997;0.000000;9.634.268
0.258574;-0.019154;9.825.804
0.277727;-0.019154;9.940.725
0.268151;-0.009577;10.055.647
0.268151;-0.038307;10.256.760
0.277727;-0.019154;10.295.067
0.268151;-0.038307;10.295.067
0.248997;-0.038307;10.295.067
0.258574;-0.038307;10.103.531
0.248997;-0.019154;10.026.917
0.277727;0.000000;9.911.995
0.268151;0.000000;9.739.613
0.277727;-0.019154;9.653.421
0.258574;0.028730;9.615.114
0.277727;0.019154;9.739.613
0.287304;0.000000;9.835.381
0.268151;0.000000;9.931.149
0.268151;-0.019154;10.017.340
0.287304;-0.009577;10.228.029
0.258574;-0.028730;10.266.336
0.248997;0.000000;10.237.606
0.258574;-0.019154;10.151.415
0.268151;0.000000;10.046.070
0.258574;-0.009577;9.931.149
0.248997;0.000000;9.777.920
0.268151;0.009577;9.710.882
0.248997;0.000000;9.662.998
0.268151;0.009577;9.730.036
0.268151;0.000000;9.806.650
0.268151;0.000000;9.873.688
0.258574;-0.019154;10.084.377
0.277727;-0.028730;10.141.838
0.277727;-0.009577;10.228.029
0.287304;-0.028730;10.228.029
0.258574;-0.028730;10.160.992
0.277727;-0.019154;10.074.800
0.306458;0.000000;9.902.418
0.268151;0.000000;9.825.804
0.268151;0.009577;9.758.766
0.239420;0.000000;9.730.036
0.258574;0.009577;9.768.343
0.258574;0.000000;9.797.073
0.277727;0.000000;9.854.534
0.268151;-0.009577;10.026.917
0.268151;-0.009577;10.103.531
0.248997;-0.009577;10.160.992
0.258574;-0.009577;10.208.876
0.268151;0.000000;10.199.299
0.268151;-0.009577;10.151.415
0.258574;-0.009577;10.007.763
0.258574;0.000000;9.911.995
0.268151;0.000000;9.854.534
0.268151;0.009577;9.787.497
0.258574;0.000000;9.730.036
0.268151;-0.009577;9.768.343
0.277727;0.000000;9.806.650
0.248997;-0.019154;9.911.995
0.268151;0.009577;9.998.186
0.268151;0.000000;10.074.800
0.268151;-0.009577;10.132.261
0.258574;-0.009577;10.170.568
0.268151;-0.019154;10.151.415
0.258574;0.000000;10.113.108
0.268151;-0.009577;10.017.340
0.268151;-0.028730;9.931.149
0.287304;-0.019154;9.864.111
0.248997;0.000000;9.787.497
0.287304;-0.009577;9.797.073
0.268151;-0.009577;9.816.227
0.248997;-0.009577;9.854.534
0.277727;-0.009577;9.931.149
0.248997;0.000000;10.017.340
0.268151;0.000000;10.055.647
0.268151;-0.019154;10.132.261
0.268151;-0.038307;10.160.992
0.268151;-0.019154;10.093.954
0.268151;-0.028730;10.093.954
0.258574;-0.019154;9.998.186
0.258574;0.000000;9.892.841
0.277727;0.000000;9.816.227
0.258574;0.000000;9.835.381
0.258574;0.000000;9.835.381
0.268151;0.000000;9.892.841
0.248997;0.009577;9.950.302
0.268151;0.000000;9.988.609
0.277727;-0.028730;10.055.647
0.258574;-0.028730;10.113.108
0.277727;-0.019154;10.084.377
0.248997;-0.009577;10.026.917
0.258574;0.009577;9.979.033
0.248997;0.000000;9.911.995
0.268151;0.000000;9.911.995
0.268151;0.000000;9.825.804
0.268151;-0.028730;9.854.534
0.268151;-0.019154;9.844.957
0.268151;0.000000;9.911.995
0.258574;-0.019154;9.998.186
0.268151;0.000000;10.007.763
0.268151;-0.009577;10.093.954
0.239420;0.000000;10.084.377
0.268151;0.000000;10.084.377
0.268151;0.000000;10.103.531
0.268151;0.000000;9.969.456
0.277727;0.000000;9.931.149
0.248997;0.000000;9.931.149
0.277727;-0.019154;9.864.111
0.258574;-0.028730;9.883.265
0.268151;0.000000;9.883.265
0.277727;0.000000;9.921.572
0.268151;0.000000;9.969.456
0.268151;-0.028730;9.988.609
0.258574;0.000000;10.046.070
0.287304;-0.009577;10.084.377
0.258574;0.000000;10.122.684
0.248997;-0.009577;10.074.800
0.258574;-0.009577;9.998.186
0.258574;0.000000;9.979.033
0.268151;0.000000;9.921.572
0.277727;0.000000;9.825.804
0.258574;0.000000;9.825.804
0.268151;0.009577;9.825.804
0.258574;0.000000;9.854.534
0.258574;0.000000;9.931.149
0.268151;0.000000;9.998.186
0.258574;-0.019154;10.046.070
0.287304;-0.009577;10.093.954
0.268151;0.000000;10.122.684
0.258574;-0.009577;10.103.531
0.258574;-0.019154;10.065.224
0.268151;0.000000;9.988.609
0.277727;-0.019154;9.940.725
0.268151;0.000000;9.911.995
0.277727;-0.019154;9.806.650
0.258574;0.000000;9.816.227
0.277727;0.000000;9.835.381
0.258574;0.000000;9.873.688
0.268151;-0.019154;9.921.572
0.268151;-0.009577;10.065.224
0.248997;-0.038307;10.141.838
0.277727;0.000000;10.141.838
0.277727;-0.028730;10.122.684
0.258574;0.000000;10.074.800
0.268151;-0.009577;9.988.609
0.248997;-0.009577;9.921.572
0.268151;-0.009577;9.873.688
0.258574;0.000000;9.797.073
0.258574;0.000000;9.758.766
0.258574;-0.009577;9.797.073
0.287304;-0.009577;9.844.957
0.287304;-0.009577;9.950.302
0.248997;0.000000;10.007.763
0.277727;-0.019154;10.113.108
0.268151;-0.009577;10.170.568
0.258574;0.000000;10.189.722
0.258574;-0.019154;10.141.838
0.268151;-0.019154;10.065.224
0.248997;0.000000;9.979.033
0.277727;-0.009577;9.931.149
0.248997;-0.009577;9.816.227
0.248997;0.009577;9.768.343
0.258574;0.000000;9.739.613
0.277727;0.000000;9.768.343
0.277727;-0.009577;9.835.381
0.268151;-0.009577;9.931.149
0.268151;0.000000;9.998.186
0.287304;-0.009577;10.170.568
0.277727;-0.009577;10.189.722
0.287304;0.000000;10.180.145
0.258574;-0.009577;10.141.838
0.258574;-0.019154;10.132.261
0.268151;0.000000;10.026.917
0.287304;0.000000;9.950.302
0.268151;0.000000;9.787.497
0.258574;0.009577;9.730.036
0.268151;0.009577;9.701.305
0.258574;0.000000;9.739.613
0.258574;0.000000;9.797.073
0.277727;-0.019154;9.883.265
0.258574;-0.019154;10.065.224
0.268151;-0.019154;10.141.838
0.277727;-0.028730;10.218.452
0.268151;0.000000;10.208.876
0.277727;-0.019154;10.122.684
0.277727;-0.009577;10.065.224
0.258574;0.000000;9.883.265
0.277727;0.000000;9.797.073
0.258574;0.000000;9.730.036
0.258574;-0.009577;9.701.305
0.258574;0.000000;9.710.882
0.277727;0.000000;9.787.497
0.258574;-0.019154;9.844.957
0.277727;-0.009577;10.074.800
0.277727;-0.028730;10.151.415
0.268151;-0.009577;10.218.452
0.277727;-0.009577;10.256.760
0.277727;-0.009577;10.285.490
0.268151;-0.019154;10.189.722
0.287304;0.000000;10.113.108
0.277727;-0.028730;9.892.841
0.248997;0.000000;9.806.650
0.268151;0.000000;9.701.305
0.258574;0.009577;9.643.845
0.268151;0.009577;9.634.268
0.268151;0.000000;9.739.613
0.277727;0.000000;9.797.073
0.277727;-0.009577;10.026.917
0.258574;-0.019154;10.141.838
0.258574;-0.028730;10.228.029
0.258574;-0.038307;10.275.913
0.287304;-0.038307;10.275.913
0.277727;-0.028730;10.247.183
0.277727;-0.019154;10.055.647
0.258574;0.000000;9.911.995
0.268151;-0.009577;9.835.381
0.248997;0.009577;9.720.459
0.258574;0.000000;9.643.845
0.268151;-0.009577;9.643.845
0.277727;0.009577;9.691.729
0.258574;0.000000;9.873.688
0.268151;-0.028730;9.959.879
0.248997;-0.009577;10.103.531
0.287304;-0.028730;10.275.913
0.277727;-0.028730;10.295.067
0.287304;-0.038307;10.323.798
0.258574;-0.038307;10.295.067
0.287304;-0.028730;10.122.684
0.268151;0.000000;9.979.033
0.258574;0.000000;9.873.688
0.258574;0.000000;9.653.421
0.268151;0.000000;9.624.691
0.258574;0.000000;9.605.537
0.277727;0.009577;9.662.998
0.268151;0.000000;9.797.073
0.268151;-0.019154;9.931.149
0.268151;-0.019154;10.074.800
0.268151;-0.009577;10.295.067
0.287304;-0.047884;10.314.221
0.258574;-0.028730;10.333.375
0.268151;-0.028730;10.247.183
0.296881;-0.019154;10.170.568
0.248997;-0.028730;10.065.224
0.248997;0.009577;9.921.572
0.258574;0.000000;9.662.998
0.248997;0.000000;9.595.961
0.258574;0.009577;9.576.807
0.258574;0.000000;9.672.575
0.258574;0.009577;9.720.459
0.258574;0.000000;9.892.841
0.287304;-0.019154;10.122.684
0.277727;-0.019154;10.256.760
0.277727;0.000000;10.314.221
0.258574;-0.028730;10.323.798
0.277727;-0.009577;10.323.798
0.268151;-0.019154;10.228.029
0.268151;-0.009577;10.113.108
0.258574;0.009577;9.864.111
0.268151;0.019154;9.710.882
0.258574;-0.009577;9.643.845
0.258574;0.000000;9.557.653
0.248997;0.000000;9.605.537
0.268151;0.009577;9.672.575
0.277727;0.000000;9.931.149
0.258574;-0.009577;10.084.377
0.277727;-0.019154;10.208.876
0.248997;-0.028730;10.295.067
0.258574;-0.038307;10.400.413
0.296881;-0.019154;10.333.375
0.258574;-0.028730;10.256.760
0.277727;0.000000;10.180.145
0.277727;-0.009577;9.911.995
0.277727;0.000000;9.758.766
0.248997;0.019154;9.643.845
0.239420;0.009577;9.557.653
0.258574;0.000000;9.557.653
0.277727;0.000000;9.634.268
0.248997;-0.019154;9.864.111
0.268151;-0.019154;10.026.917
0.277727;-0.028730;10.180.145
0.258574;-0.028730;10.275.913
0.277727;-0.019154;10.390.836
0.268151;-0.028730;10.381.259
0.248997;-0.038307;10.333.375
0.277727;-0.028730;10.103.531
0.268151;-0.009577;9.921.572
0.258574;-0.009577;9.816.227
0.258574;0.019154;9.672.575
0.277727;0.000000;9.567.230
0.287304;0.028730;9.557.653
0.258574;0.009577;9.595.961
0.258574;0.000000;9.816.227
0.287304;-0.028730;9.931.149
0.277727;0.000000;10.103.531
0.258574;-0.047884;10.314.221
0.296881;-0.028730;10.371.682
0.268151;-0.038307;10.390.836
0.258574;-0.019154;10.342.952
0.248997;-0.028730;10.170.568
0.248997;-0.009577;10.017.340
0.277727;0.009577;9.854.534
0.239420;0.000000;9.624.691
0.268151;0.000000;9.548.077
0.258574;0.000000;9.548.077
0.277727;0.009577;9.586.384
0.248997;-0.019154;9.749.189
0.258574;-0.009577;9.902.418
0.248997;-0.019154;10.007.763
0.268151;-0.009577;10.256.760
0.277727;-0.028730;10.371.682
0.287304;-0.047884;10.390.836
0.268151;-0.047884;10.314.221
0.277727;-0.019154;10.228.029
0.268151;-0.028730;10.055.647
0.268151;0.009577;9.921.572
0.248997;0.000000;9.672.575
0.258574;0.009577;9.595.961
0.258574;0.000000;9.557.653
0.248997;0.000000;9.605.537
0.277727;-0.009577;9.701.305
0.277727;0.000000;9.835.381
0.277727;-0.019154;10.113.108
0.268151;-0.009577;10.237.606
0.268151;-0.047884;10.342.952
0.277727;-0.038307;10.381.259
0.287304;-0.038307;10.352.529
0.296881;-0.019154;10.237.606
0.287304;-0.019154;10.132.261
0.258574;0.000000;9.835.381
0.258574;0.000000;9.730.036
0.248997;0.009577;9.624.691
0.268151;0.019154;9.557.653
0.248997;0.019154;9.586.384
0.277727;0.000000;9.768.343
0.258574;0.000000;10.046.070
0.277727;0.000000;10.199.299
0.277727;-0.019154;10.275.913
0.277727;-0.028730;10.381.259
0.296881;-0.038307;10.352.529
0.268151;-0.028730;10.295.067
0.268151;-0.009577;10.199.299
0.268151;0.000000;9.911.995
0.239420;-0.009577;9.777.920
0.258574;0.019154;9.682.152
0.248997;0.009577;9.567.230
0.229843;0.000000;9.576.807
0.248997;0.009577;9.653.421
0.268151;-0.009577;9.825.804
0.287304;-0.019154;9.979.033
0.268151;-0.019154;10.132.261
0.268151;-0.028730;10.237.606
0.268151;-0.028730;10.352.529
0.258574;-0.038307;10.352.529
0.277727;-0.047884;10.314.221
0.268151;-0.019154;10.113.108
0.258574;0.000000;9.950.302
0.258574;-0.019154;9.873.688
0.248997;0.000000;9.682.152
0.258574;0.019154;9.605.537
0.258574;0.000000;9.586.384
0.258574;0.000000;9.615.114
0.248997;0.000000;9.825.804
0.268151;0.009577;9.921.572
0.268151;0.000000;10.065.224
0.258574;-0.028730;10.275.913
0.277727;-0.009577;10.314.221
0.268151;-0.009577;10.333.375
0.287304;-0.038307;10.323.798
0.258574;-0.009577;10.141.838
0.277727;-0.038307;10.046.070
0.248997;-0.028730;9.911.995
0.268151;0.000000;9.691.729
0.277727;0.000000;9.643.845
0.258574;0.009577;9.605.537
0.258574;0.000000;9.624.691
0.287304;0.000000;9.768.343
0.287304;-0.009577;9.902.418
0.248997;-0.019154;10.122.684
0.277727;0.000000;10.208.876
0.258574;-0.019154;10.266.336
0.277727;-0.028730;10.323.798
0.268151;-0.047884;10.256.760
0.277727;-0.009577;10.160.992
0.268151;-0.028730;10.084.377
0.258574;0.000000;9.940.725
0.268151;0.000000;9.758.766
0.268151;0.000000;9.682.152
0.248997;0.019154;9.643.845
0.287304;0.009577;9.682.152
0.277727;0.000000;9.758.766
0.268151;0.000000;9.844.957
0.248997;0.000000;10.065.224
0.277727;-0.009577;10.170.568
0.277727;-0.019154;10.228.029
0.268151;-0.009577;10.285.490
0.287304;-0.028730;10.247.183
0.277727;-0.009577;10.189.722
0.258574;-0.019154;10.103.531
0.258574;0.000000;9.892.841
0.258574;0.000000;9.816.227
0.258574;-0.009577;9.710.882
0.277727;-0.009577;9.672.575
0.268151;0.009577;9.682.152
0.258574;0.009577;9.739.613
0.277727;-0.009577;9.825.804
0.277727;0.000000;10.007.763
0.268151;-0.009577;10.113.108
0.258574;0.000000;10.180.145
0.287304;-0.028730;10.237.606
0.268151;-0.019154;10.247.183
0.268151;-0.019154;10.189.722
0.287304;-0.019154;10.132.261
0.268151;0.000000;9.950.302
0.287304;-0.009577;9.835.381
0.277727;0.009577;9.758.766
0.268151;0.000000;9.710.882
0.268151;0.000000;9.710.882
0.248997;0.000000;9.730.036
0.277727;0.000000;9.892.841
0.268151;0.000000;9.988.609
0.277727;-0.038307;10.093.954
0.268151;0.000000;10.122.684
0.268151;-0.028730;10.218.452
0.268151;-0.028730;10.199.299
0.258574;-0.009577;10.208.876
0.268151;-0.019154;10.065.224
0.248997;0.009577;9.979.033
0.268151;-0.019154;9.902.418
0.258574;-0.009577;9.787.497
0.248997;-0.009577;9.701.305
0.248997;-0.009577;9.739.613
0.268151;0.000000;9.768.343
0.248997;0.000000;9.892.841
0.258574;0.000000;9.950.302
0.268151;0.000000;10.017.340
0.296881;-0.009577;10.160.992
0.268151;-0.038307;10.199.299
0.258574;-0.038307;10.199.299
0.277727;-0.009577;10.141.838
0.258574;0.000000;10.084.377
0.268151;-0.038307;9.979.033
0.258574;-0.019154;9.835.381
0.268151;0.000000;9.816.227
0.268151;-0.019154;9.777.920
0.248997;0.009577;9.777.920
0.268151;0.009577;9.835.381
0.268151;0.000000;9.892.841
0.258574;0.000000;9.959.879
0.258574;-0.009577;10.007.763
0.248997;-0.019154;10.122.684
0.268151;-0.028730;10.132.261
0.268151;-0.009577;10.122.684
0.258574;-0.019154;10.074.800
0.248997;-0.009577;10.065.224
0.277727;-0.019154;9.988.609
0.268151;-0.019154;9.940.725
0.258574;-0.009577;9.825.804
0.248997;0.000000;9.816.227
0.277727;0.019154;9.816.227
0.258574;0.000000;9.844.957
0.287304;0.009577;9.892.841
0.268151;-0.009577;9.959.879
0.277727;0.000000;10.055.647
0.287304;0.000000;10.103.531
0.268151;-0.038307;10.103.531
0.287304;0.000000;10.093.954
0.258574;-0.028730;10.084.377
0.277727;-0.047884;10.026.917
0.287304;0.000000;9.988.609
0.277727;0.000000;9.883.265
0.277727;-0.009577;9.854.534
0.258574;-0.009577;9.816.227
0.268151;-0.009577;9.854.534
0.277727;-0.009577;9.864.111
0.268151;-0.019154;9.911.995
0.258574;-0.009577;9.959.879
0.268151;0.000000;10.074.800
0.268151;-0.009577;10.065.224
0.277727;0.000000;10.055.647
0.287304;0.000000;10.093.954
0.277727;-0.019154;10.026.917
0.268151;-0.019154;10.017.340
0.287304;-0.009577;9.959.879
0.258574;-0.009577;9.902.418
0.258574;-0.009577;9.892.841
0.277727;0.000000;9.854.534
0.277727;-0.009577;9.873.688
0.258574;-0.038307;9.940.725
0.258574;0.009577;9.940.725
0.258574;-0.019154;10.036.493
0.277727;-0.019154;10.026.917
0.268151;0.009577;10.074.800
0.277727;-0.009577;10.065.224
0.268151;-0.009577;10.046.070
0.268151;0.000000;10.026.917
0.277727;-0.009577;9.979.033
0.277727;-0.028730;9.931.149
0.287304;0.000000;9.892.841
0.277727;-0.028730;9.844.957
0.277727;0.000000;9.864.111
0.268151;0.000000;9.921.572
0.268151;-0.009577;9.911.995
0.277727;0.000000;9.969.456
0.268151;0.000000;10.065.224
0.268151;-0.038307;10.065.224
0.258574;-0.028730;10.103.531
0.287304;-0.009577;10.084.377
0.287304;-0.019154;10.036.493
0.258574;0.000000;9.988.609
0.258574;-0.009577;9.979.033
0.268151;0.000000;9.883.265
0.258574;-0.009577;9.844.957
0.268151;0.000000;9.825.804
0.277727;0.000000;9.873.688
0.268151;-0.028730;9.902.418
0.268151;-0.009577;9.969.456
0.296881;0.000000;10.036.493
0.287304;-0.028730;10.074.800
0.258574;-0.009577;10.093.954
0.268151;-0.009577;10.103.531
0.277727;0.000000;10.055.647
0.277727;0.000000;10.046.070
0.248997;0.000000;9.979.033
0.268151;0.000000;9.931.149
0.258574;0.000000;9.844.957
0.248997;0.000000;9.835.381
0.258574;0.000000;9.816.227
0.258574;0.000000;9.883.265
0.268151;-0.019154;9.921.572
0.268151;0.009577;9.940.725
0.248997;0.000000;10.055.647
0.248997;0.000000;10.113.108
0.268151;-0.028730;10.141.838
0.268151;-0.009577;10.113.108
0.277727;0.000000;10.113.108
0.248997;0.000000;10.065.224
0.258574;0.000000;9.979.033
0.268151;-0.009577;9.873.688
0.277727;-0.009577;9.825.804
0.258574;0.000000;9.806.650
0.277727;0.000000;9.825.804
0.268151;-0.009577;9.854.534
0.258574;-0.009577;9.873.688
0.277727;-0.028730;10.026.917
0.258574;-0.019154;10.055.647
0.268151;-0.019154;10.122.684
0.268151;-0.019154;10.151.415
0.287304;0.000000;10.160.992
0.248997;0.000000;10.093.954
0.258574;0.000000;10.055.647
0.268151;0.000000;9.921.572
0.268151;0.000000;9.854.534
0.268151;-0.019154;9.825.804
0.258574;-0.009577;9.768.343
0.248997;0.000000;9.739.613
0.248997;0.000000;9.806.650
0.248997;-0.019154;9.864.111
0.248997;-0.009577;9.988.609
0.277727;0.000000;10.074.800
0.277727;0.000000;10.151.415
0.268151;-0.009577;10.170.568
0.268151;-0.019154;10.160.992
0.287304;-0.009577;10.141.838
0.258574;0.000000;10.017.340
0.268151;0.000000;9.931.149
0.258574;0.000000;9.844.957
0.268151;-0.019154;9.806.650
0.268151;0.009577;9.720.459
0.258574;0.000000;9.749.189
0.258574;-0.019154;9.777.920
0.268151;0.000000;9.921.572
0.248997;-0.019154;9.998.186
0.248997;-0.009577;10.084.377
0.277727;0.000000;10.141.838
0.277727;-0.019154;10.228.029
0.258574;-0.019154;10.218.452
0.277727;-0.028730;10.180.145
0.268151;0.000000;10.046.070
0.277727;-0.019154;9.940.725
0.268151;0.019154;9.883.265
0.268151;-0.009577;9.710.882
0.258574;0.000000;9.691.729
0.277727;0.009577;9.739.613
0.268151;0.000000;9.730.036
0.258574;-0.028730;9.864.111
0.258574;-0.009577;9.969.456
0.268151;-0.009577;10.055.647
0.277727;-0.019154;10.189.722
0.268151;-0.009577;10.275.913
0.277727;-0.028730;10.247.183
0.268151;-0.028730;10.218.452
0.268151;-0.028730;10.084.377
0.258574;0.000000;10.007.763
0.268151;0.000000;9.892.841
0.239420;0.009577;9.739.613
0.248997;0.000000;9.701.305
0.248997;0.000000;9.682.152
0.277727;-0.028730;9.758.766
0.277727;-0.009577;9.816.227
0.277727;0.000000;9.931.149
0.287304;-0.019154;10.026.917
0.248997;-0.028730;10.208.876
0.268151;-0.019154;10.256.760
0.258574;0.000000;10.266.336
0.268151;0.000000;10.218.452
0.268151;0.000000;10.132.261
0.248997;0.000000;10.026.917
0.248997;0.000000;9.940.725
0.268151;-0.009577;9.739.613
0.248997;0.009577;9.691.729
0.268151;0.000000;9.634.268
0.258574;-0.009577;9.672.575
0.258574;0.000000;9.749.189
0.248997;-0.009577;9.864.111
0.268151;0.000000;10.084.377
0.268151;0.000000;10.189.722
0.277727;-0.028730;10.256.760
0.258574;-0.009577;10.304.645
0.287304;0.000000;10.275.913
0.277727;-0.019154;10.199.299
0.277727;0.000000;9.979.033
0.268151;-0.009577;9.883.265
0.287304;0.000000;9.749.189
0.277727;0.000000;9.653.421
0.258574;0.009577;9.624.691
0.258574;0.000000;9.653.421
0.268151;-0.009577;9.720.459
0.268151;0.000000;9.825.804
0.248997;-0.028730;10.065.224
0.248997;-0.019154;10.180.145
0.287304;-0.019154;10.247.183
0.277727;-0.028730;10.314.221
0.287304;-0.019154;10.295.067
0.287304;-0.019154;10.256.760
0.258574;0.000000;10.151.415
0.277727;0.000000;9.892.841
0.258574;-0.019154;9.777.920
0.268151;-0.009577;9.730.036
0.268151;0.009577;9.576.807
0.268151;0.019154;9.634.268
0.248997;-0.009577;9.682.152
0.268151;-0.019154;9.892.841
0.258574;0.000000;9.998.186
0.277727;-0.019154;10.132.261
0.268151;-0.028730;10.247.183
0.268151;-0.019154;10.352.529
0.268151;-0.028730;10.323.798
0.268151;-0.019154;10.275.913
0.287304;0.000000;10.084.377
0.277727;0.000000;9.959.879
0.268151;0.000000;9.835.381
0.268151;0.000000;9.749.189
0.248997;0.000000;9.615.114
0.248997;0.000000;9.595.961
0.268151;0.000000;9.634.268
0.277727;-0.019154;9.816.227
0.268151;-0.019154;9.950.302
0.287304;0.000000;10.113.108
0.277727;-0.019154;10.247.183
0.277727;-0.019154;10.333.375
0.287304;-0.038307;10.352.529
0.287304;-0.009577;10.295.067
0.268151;-0.028730;10.170.568
0.277727;-0.009577;9.998.186
0.258574;0.009577;9.883.265
0.258574;0.000000;9.624.691
0.239420;0.000000;9.615.114
0.248997;0.009577;9.576.807
0.277727;0.000000;9.662.998
0.268151;0.000000;9.787.497
0.258574;-0.009577;9.883.265
0.248997;-0.009577;10.017.340
0.277727;-0.028730;10.285.490
0.277727;-0.019154;10.333.375
0.258574;-0.028730;10.371.682
0.268151;-0.019154;10.285.490
0.268151;-0.019154;10.199.299
0.296881;-0.019154;10.084.377
0.239420;0.000000;9.921.572
0.258574;0.009577;9.691.729
0.268151;0.000000;9.595.961
0.277727;0.009577;9.567.230
0.277727;0.019154;9.653.421
0.239420;0.000000;9.749.189
0.258574;-0.019154;9.864.111
0.258574;0.000000;10.122.684
0.268151;-0.019154;10.237.606
0.258574;-0.028730;10.295.067
0.287304;-0.028730;10.352.529
0.248997;-0.028730;10.304.645
0.287304;-0.028730;10.228.029
0.277727;0.000000;10.132.261
0.268151;0.009577;9.873.688
0.268151;0.000000;9.730.036
0.268151;0.000000;9.595.961
0.268151;0.019154;9.605.537
0.268151;-0.009577;9.777.920
0.258574;-0.038307;10.026.917
0.306458;-0.009577;10.151.415
0.268151;-0.019154;10.256.760
0.277727;-0.028730;10.362.105
0.277727;-0.019154;10.314.221
0.277727;-0.019154;10.266.336
0.268151;-0.019154;10.180.145
0.248997;0.009577;9.931.149
0.268151;0.000000;9.758.766
0.268151;0.000000;9.710.882
0.268151;0.019154;9.595.961
0.268151;0.000000;9.586.384
0.248997;0.000000;9.624.691
0.248997;-0.009577;9.844.957
0.258574;-0.009577;9.988.609
0.287304;-0.009577;10.122.684
0.287304;-0.038307;10.208.876
0.268151;-0.019154;10.362.105
0.268151;0.000000;10.342.952
0.277727;-0.028730;10.256.760
0.277727;-0.019154;10.113.108
0.248997;-0.019154;9.979.033
0.268151;0.009577;9.825.804
0.258574;0.009577;9.595.961
0.248997;0.019154;9.595.961
0.268151;0.000000;9.643.845
0.258574;0.009577;9.797.073
0.258574;0.000000;9.931.149
0.268151;0.000000;10.026.917
0.277727;-0.047884;10.228.029
0.258574;-0.019154;10.333.375
0.277727;-0.028730;10.323.798
0.277727;-0.009577;10.160.992
0.268151;-0.009577;10.026.917
0.248997;0.000000;9.701.305
0.258574;0.019154;9.634.268
0.239420;0.009577;9.595.961
0.258574;0.000000;9.777.920
0.258574;0.000000;9.883.265
0.277727;0.009577;10.007.763
0.277727;-0.019154;10.228.029
0.268151;-0.038307;10.256.760
0.248997;-0.019154;10.256.760
0.287304;-0.009577;10.218.452
0.258574;-0.009577;10.065.224
0.277727;-0.028730;9.988.609
0.258574;-0.019154;9.749.189
0.268151;0.000000;9.691.729
0.248997;0.019154;9.643.845
0.248997;0.009577;9.682.152
0.268151;-0.019154;9.739.613
0.258574;0.000000;9.816.227
0.277727;-0.009577;10.065.224
0.268151;-0.028730;10.141.838
0.277727;-0.019154;10.237.606
0.277727;-0.028730;10.275.913
0.296881;-0.019154;10.180.145
0.277727;-0.019154;10.113.108
0.277727;-0.009577;9.892.841
0.277727;-0.019154;9.806.650
0.268151;0.009577;9.701.305
0.258574;0.019154;9.643.845
0.239420;0.000000;9.691.729
0.268151;0.000000;9.701.305
0.277727;0.000000;9.797.073
0.287304;0.000000;10.122.684
0.268151;-0.019154;10.180.145
0.268151;-0.047884;10.275.913
0.268151;-0.028730;10.228.029
0.258574;-0.009577;9.950.302
0.258574;0.000000;9.835.381
0.258574;0.000000;9.797.073
0.268151;0.009577;9.653.421
0.268151;0.009577;9.701.305
0.268151;0.009577;9.739.613
0.277727;0.009577;9.873.688
0.277727;-0.009577;9.959.879
0.268151;-0.009577;10.065.224
0.268151;-0.009577;10.160.992
0.277727;-0.028730;10.247.183
0.296881;-0.009577;10.266.336
0.287304;-0.019154;10.237.606
0.268151;0.000000;10.065.224
0.268151;-0.009577;9.979.033
0.248997;-0.009577;9.892.841
0.258574;-0.019154;9.806.650
0.239420;0.000000;9.701.305
0.248997;-0.009577;9.710.882
0.248997;0.009577;9.749.189
0.277727;0.000000;9.883.265
0.268151;0.000000;9.950.302
0.296881;-0.009577;10.026.917
0.287304;-0.019154;10.170.568
0.268151;-0.019154;10.199.299
0.268151;-0.009577;10.218.452
0.277727;-0.019154;10.180.145
0.248997;-0.038307;10.074.800
0.268151;-0.019154;10.017.340
0.258574;0.009577;9.921.572
0.277727;0.000000;9.797.073
0.268151;0.000000;9.739.613
0.258574;0.000000;9.749.189
0.258574;0.009577;9.758.766
0.277727;0.009577;9.854.534
0.277727;0.000000;9.921.572
0.258574;-0.009577;10.007.763
0.268151;-0.038307;10.151.415
0.277727;-0.009577;10.170.568
0.268151;-0.019154;10.189.722
0.268151;-0.009577;10.151.415
0.287304;-0.009577;10.093.954
0.268151;-0.009577;10.046.070
0.268151;-0.019154;9.959.879
0.268151;0.000000;9.806.650
0.268151;-0.009577;9.768.343
0.248997;0.000000;9.768.343
0.258574;0.000000;9.777.920
0.248997;0.000000;9.825.804
0.268151;-0.009577;9.911.995
0.277727;0.000000;10.065.224
0.258574;-0.019154;10.093.954
0.258574;-0.009577;10.122.684
0.268151;-0.009577;10.160.992
0.268151;0.000000;10.103.531
0.277727;-0.028730;10.093.954
0.277727;-0.009577;10.036.493
0.239420;0.000000;9.921.572
0.277727;0.000000;9.864.111
0.277727;0.000000;9.816.227
0.248997;0.000000;9.806.650
0.258574;0.000000;9.825.804
0.248997;0.000000;9.864.111
0.258574;-0.009577;9.902.418
0.268151;0.009577;10.046.070
0.268151;-0.009577;10.065.224
0.258574;0.000000;10.093.954
0.258574;-0.019154;10.141.838
0.268151;0.000000;10.065.224
0.268151;-0.038307;10.065.224
0.277727;-0.038307;10.026.917
0.287304;-0.009577;9.921.572
0.258574;-0.009577;9.854.534
0.258574;-0.019154;9.844.957
0.268151;0.000000;9.825.804
0.258574;0.000000;9.844.957
0.258574;0.000000;9.854.534
0.277727;0.000000;9.969.456
0.258574;-0.019154;10.017.340
0.258574;-0.009577;10.055.647
0.277727;0.000000;10.065.224
0.258574;-0.009577;10.113.108
0.277727;0.000000;10.084.377
0.268151;0.000000;10.026.917
0.248997;-0.028730;9.988.609
0.277727;-0.028730;9.931.149
0.258574;-0.019154;9.883.265
0.248997;-0.009577;9.883.265
0.258574;0.000000;9.825.804
0.277727;-0.009577;9.864.111
0.277727;-0.019154;9.921.572
0.258574;-0.019154;10.017.340
0.258574;0.000000;10.017.340
0.258574;0.000000;10.046.070
0.268151;-0.019154;10.074.800
0.277727;-0.009577;10.074.800
0.268151;-0.019154;10.074.800
0.268151;-0.019154;10.036.493
0.258574;0.000000;9.950.302
0.248997;0.000000;9.931.149
0.268151;0.000000;9.883.265
0.268151;0.000000;9.864.111
0.268151;0.000000;9.854.534
0.239420;-0.028730;9.911.995
0.258574;-0.019154;9.950.302
0.268151;0.000000;9.959.879
0.277727;-0.019154;10.036.493
0.258574;-0.019154;10.055.647
0.296881;-0.009577;10.065.224
0.268151;0.000000;10.017.340
0.248997;0.000000;9.988.609
0.268151;-0.009577;9.940.725
0.248997;0.000000;9.902.418
0.268151;0.000000;9.873.688
0.296881;0.000000;9.883.265
0.287304;-0.009577;9.892.841
0.258574;-0.009577;9.921.572
0.248997;0.000000;9.988.609
0.268151;-0.019154;10.017.340
0.277727;0.000000;10.084.377
0.258574;0.000000;10.055.647
0.248997;-0.009577;10.055.647
0.268151;0.000000;10.055.647
0.258574;0.000000;9.959.879
0.258574;-0.009577;9.902.418
0.268151;0.000000;9.883.265
0.268151;0.000000;9.825.804
0.277727;-0.009577;9.864.111
0.258574;-0.009577;9.892.841
0.268151;0.000000;9.921.572
0.258574;0.000000;10.017.340
0.277727;-0.009577;10.084.377
0.268151;0.000000;10.074.800
0.268151;0.000000;10.093.954
0.258574;0.000000;10.084.377
0.258574;0.000000;10.065.224
0.268151;-0.009577;9.979.033
0.277727;-0.009577;9.931.149
0.277727;0.000000;9.902.418
0.268151;-0.009577;9.844.957
0.258574;0.000000;9.825.804
0.258574;-0.019154;9.835.381
0.258574;0.000000;9.854.534
0.268151;0.000000;9.959.879
0.277727;0.000000;10.007.763
0.258574;-0.019154;10.084.377
0.268151;-0.019154;10.141.838
0.268151;-0.009577;10.084.377
0.277727;-0.019154;10.055.647
0.268151;-0.009577;9.969.456
0.268151;0.000000;9.921.572
0.248997;0.000000;9.844.957
0.268151;-0.019154;9.825.804
0.258574;0.009577;9.797.073
0.268151;0.009577;9.806.650
0.268151;0.000000;9.835.381
0.258574;0.000000;9.959.879
0.258574;-0.028730;10.026.917
0.277727;-0.009577;10.084.377
0.268151;-0.019154;10.141.838
0.268151;-0.019154;10.151.415
0.268151;-0.019154;10.132.261
0.287304;-0.028730;10.055.647
0.268151;0.000000;9.988.609
0.277727;0.000000;9.931.149
0.258574;-0.009577;9.873.688
0.258574;0.000000;9.787.497
0.277727;-0.009577;9.787.497
0.268151;0.000000;9.758.766
0.277727;0.009577;9.892.841
0.268151;0.000000;9.950.302
0.258574;0.000000;10.007.763
0.268151;-0.028730;10.103.531
0.287304;0.000000;10.170.568
0.258574;-0.019154;10.180.145
0.277727;-0.019154;10.141.838
0.258574;-0.009577;10.093.954
0.258574;-0.028730;10.007.763
0.268151;0.000000;9.940.725
0.268151;-0.009577;9.825.804
0.248997;0.009577;9.787.497
0.248997;0.000000;9.758.766
0.268151;0.000000;9.730.036
0.277727;-0.019154;9.825.804
0.268151;0.000000;9.911.995
0.268151;-0.028730;9.988.609
0.268151;-0.019154;10.151.415
0.268151;-0.009577;10.199.299
0.277727;-0.028730;10.228.029
0.258574;-0.009577;10.141.838
0.287304;-0.019154;10.103.531
0.268151;0.000000;10.046.070
0.277727;-0.019154;9.931.149
0.248997;-0.009577;9.806.650
0.268151;-0.009577;9.749.189
0.258574;0.009577;9.701.305
0.268151;0.000000;9.758.766
0.248997;0.000000;9.806.650
0.248997;-0.019154;9.873.688
0.268151;0.000000;10.007.763
0.268151;-0.009577;10.141.838
0.268151;-0.019154;10.208.876
0.277727;-0.019154;10.247.183
0.277727;-0.019154;10.199.299
0.268151;0.000000;10.141.838
0.268151;-0.009577;10.074.800
0.258574;-0.009577;9.873.688
0.268151;0.000000;9.787.497
0.277727;0.019154;9.758.766
0.258574;0.000000;9.682.152
0.277727;0.000000;9.730.036
0.277727;0.000000;9.777.920
0.248997;0.000000;9.854.534
0.258574;-0.019154;10.026.917
0.258574;0.000000;10.122.684
0.277727;-0.019154;10.237.606
0.277727;-0.019154;10.266.336
0.277727;-0.019154;10.256.760
0.277727;-0.028730;10.199.299
0.268151;-0.019154;10.132.261
0.268151;0.009577;9.921.572
0.258574;0.000000;9.854.534
0.258574;0.000000;9.720.459
0.258574;0.028730;9.662.998
0.258574;0.009577;9.682.152
0.248997;0.000000;9.720.459
0.277727;0.000000;9.797.073
0.258574;0.000000;10.017.340
0.268151;-0.009577;10.074.800
0.268151;-0.009577;10.199.299
0.268151;-0.019154;10.285.490
0.277727;-0.047884;10.266.336
0.258574;-0.019154;10.228.029
0.277727;-0.009577;10.065.224
0.268151;0.000000;9.959.879
0.268151;0.000000;9.835.381
0.268151;0.028730;9.768.343
0.239420;0.000000;9.662.998
0.277727;0.000000;9.653.421
0.268151;0.000000;9.701.305
0.268151;-0.009577;9.844.957
0.258574;0.000000;9.988.609
0.268151;-0.009577;10.065.224
0.277727;-0.019154;10.228.029
0.268151;-0.028730;10.285.490
0.277727;-0.028730;10.295.067
0.258574;-0.019154;10.266.336
0.277727;-0.009577;10.122.684
0.277727;0.009577;9.979.033
0.268151;-0.028730;9.902.418
0.268151;0.000000;9.701.305
0.277727;0.000000;9.624.691
0.268151;0.000000;9.624.691
0.268151;0.028730;9.634.268
0.268151;0.000000;9.797.073
0.277727;0.000000;9.940.725
0.248997;-0.019154;10.218.452
0.277727;-0.019154;10.266.336
0.268151;-0.019154;10.304.645
0.258574;0.009577;10.218.452
0.258574;-0.019154;10.141.838
0.268151;-0.028730;10.055.647
0.258574;-0.009577;9.940.725
0.277727;0.000000;9.720.459
0.268151;0.000000;9.653.421
0.268151;-0.009577;9.634.268
0.258574;0.000000;9.653.421
0.277727;0.000000;9.758.766
0.268151;-0.009577;9.844.957
0.258574;-0.028730;10.093.954
0.277727;-0.019154;10.189.722
0.268151;-0.009577;10.275.913
0.258574;-0.019154;10.304.645
0.268151;-0.009577;10.275.913
0.258574;-0.019154;10.199.299
0.287304;-0.009577;10.103.531
0.277727;0.009577;9.864.111
0.258574;0.009577;9.768.343
0.258574;0.000000;9.682.152
0.258574;0.019154;9.605.537
0.277727;0.019154;9.624.691
0.277727;0.000000;9.691.729
0.248997;-0.019154;9.806.650
0.287304;0.000000;10.036.493
0.268151;-0.019154;10.170.568
0.296881;-0.019154;10.256.760
0.277727;-0.019154;10.333.375
0.258574;-0.028730;10.285.490
0.277727;-0.028730;10.256.760
0.268151;-0.028730;10.160.992
0.268151;0.000000;9.931.149
0.268151;0.009577;9.816.227
0.277727;0.000000;9.730.036
0.258574;0.000000;9.595.961
0.258574;0.000000;9.634.268
0.268151;-0.009577;9.682.152
0.277727;0.000000;9.739.613
0.277727;-0.038307;9.988.609
0.277727;-0.028730;10.093.954
0.268151;-0.009577;10.208.876
0.268151;-0.047884;10.323.798
0.258574;-0.019154;10.314.221
0.258574;-0.028730;10.285.490
0.268151;-0.009577;10.093.954
0.277727;0.000000;9.998.186
0.258574;0.000000;9.854.534
0.268151;-0.009577;9.768.343
0.258574;0.019154;9.624.691
0.268151;0.000000;9.605.537
0.248997;0.000000;9.662.998
0.258574;0.000000;9.816.227
0.268151;-0.009577;9.950.302
0.268151;-0.009577;10.055.647
0.296881;-0.009577;10.247.183
0.258574;-0.028730;10.275.913
0.268151;-0.047884;10.295.067
0.248997;-0.009577;10.314.221
0.258574;0.000000;10.160.992
0.268151;-0.009577;10.026.917
0.268151;0.000000;9.892.841
0.248997;0.028730;9.730.036
0.268151;0.000000;9.653.421
0.258574;-0.019154;9.634.268
0.248997;0.019154;9.643.845
0.248997;0.000000;9.758.766
0.268151;0.009577;9.873.688
0.268151;-0.009577;9.988.609
0.248997;-0.009577;10.199.299
0.277727;-0.028730;10.275.913
0.287304;-0.047884;10.295.067
0.277727;-0.019154;10.247.183
0.268151;-0.028730;10.189.722
0.258574;-0.019154;10.093.954
0.248997;-0.009577;9.969.456
0.287304;0.000000;9.777.920
0.258574;0.000000;9.691.729
0.258574;0.000000;9.624.691
0.268151;0.000000;9.653.421
0.277727;0.000000;9.739.613
0.268151;0.000000;9.825.804
0.268151;-0.009577;10.065.224
0.287304;0.000000;10.180.145
0.268151;-0.009577;10.256.760
0.277727;-0.028730;10.285.490
0.268151;-0.028730;10.285.490
0.277727;-0.019154;10.228.029
0.248997;-0.019154;10.151.415
0.268151;0.000000;9.911.995
0.268151;-0.019154;9.816.227
0.268151;0.000000;9.730.036
0.258574;0.000000;9.643.845
0.248997;0.009577;9.662.998
0.258574;0.000000;9.710.882
0.277727;-0.009577;10.007.763
0.268151;-0.028730;10.132.261
0.258574;-0.028730;10.208.876
0.277727;-0.019154;10.285.490
0.277727;-0.009577;10.237.606
0.268151;-0.019154;10.160.992
0.268151;0.000000;9.959.879
0.268151;0.009577;9.864.111
0.248997;0.000000;9.758.766
0.277727;0.009577;9.691.729
0.248997;0.019154;9.653.421
0.268151;0.000000;9.730.036
0.248997;0.000000;9.883.265
0.258574;-0.019154;9.969.456
0.277727;0.000000;10.055.647
0.268151;-0.028730;10.160.992
0.268151;-0.028730;10.237.606
0.239420;-0.028730;10.285.490
0.287304;0.000000;10.228.029
0.277727;-0.009577;10.093.954
0.258574;0.000000;9.969.456
0.258574;-0.019154;9.921.572
0.258574;0.000000;9.797.073
0.268151;-0.009577;9.691.729
0.268151;0.028730;9.682.152
0.248997;0.000000;9.672.575
0.258574;0.009577;9.806.650
0.287304;-0.009577;9.911.995
0.258574;0.000000;10.007.763
0.258574;-0.019154;10.189.722
0.268151;-0.009577;10.218.452
0.277727;-0.009577;10.256.760
0.296881;-0.019154;10.256.760
0.296881;-0.028730;10.122.684
0.268151;-0.028730;10.046.070
0.277727;0.000000;9.931.149
0.277727;0.000000;9.768.343
0.268151;0.000000;9.739.613
0.258574;0.000000;9.701.305
0.258574;0.000000;9.710.882
0.258574;0.000000;9.806.650
0.277727;-0.009577;9.902.418
0.277727;-0.028730;9.969.456
0.258574;-0.009577;10.122.684
0.277727;-0.009577;10.189.722
0.277727;-0.019154;10.237.606
0.268151;-0.038307;10.199.299
0.258574;-0.019154;10.141.838
0.268151;-0.019154;10.065.224
0.277727;-0.019154;9.959.879
0.277727;0.000000;9.835.381
0.268151;0.000000;9.768.343
0.268151;0.009577;9.720.459
0.268151;0.009577;9.758.766
0.268151;0.009577;9.768.343
0.268151;0.000000;9.883.265
0.268151;-0.009577;10.017.340
0.277727;-0.009577;10.113.108
0.287304;-0.009577;10.180.145
0.268151;-0.009577;10.170.568
0.258574;0.000000;10.160.992
0.277727;-0.009577;10.093.954
0.258574;-0.009577;10.055.647
0.268151;0.000000;9.911.995
0.268151;0.000000;9.854.534
0.258574;-0.019154;9.797.073
0.277727;-0.009577;9.768.343
0.248997;0.000000;9.787.497
0.258574;-0.009577;9.816.227
0.258574;0.009577;9.873.688
0.277727;0.000000;9.998.186
0.258574;0.000000;10.055.647
0.287304;-0.038307;10.160.992
0.277727;-0.019154;10.151.415
0.287304;-0.019154;10.122.684
0.277727;-0.019154;10.046.070
0.277727;0.000000;9.950.302
0.268151;0.000000;9.873.688
0.268151;0.000000;9.825.804
0.287304;0.009577;9.758.766
0.277727;0.000000;9.806.650
0.258574;-0.019154;9.816.227
0.277727;0.000000;9.921.572
0.258574;-0.009577;9.988.609
0.277727;0.009577;10.036.493
0.268151;-0.019154;10.113.108
0.248997;-0.019154;10.160.992
0.268151;-0.009577;10.132.261
0.268151;0.000000;9.988.609
0.258574;0.000000;9.950.302
0.268151;-0.019154;9.911.995
0.277727;0.000000;9.825.804
0.268151;0.000000;9.825.804
0.268151;-0.009577;9.816.227
0.268151;0.019154;9.835.381
0.287304;0.000000;9.921.572
0.248997;-0.019154;9.998.186
0.277727;0.000000;10.007.763
0.287304;-0.019154;10.084.377
0.258574;-0.009577;10.122.684
0.268151;-0.019154;10.113.108
0.277727;-0.028730;10.084.377
0.258574;0.000000;10.017.340
0.268151;-0.019154;9.950.302
0.268151;0.000000;9.911.995
0.248997;-0.019154;9.844.957
0.268151;-0.009577;9.806.650
0.268151;0.000000;9.854.534
0.268151;0.019154;9.873.688
0.268151;0.000000;9.959.879
0.268151;0.000000;9.950.302
0.248997;-0.009577;10.026.917
0.277727;0.000000;10.074.800
0.258574;-0.019154;10.113.108
0.268151;0.000000;10.074.800
0.268151;0.000000;10.046.070
0.287304;-0.019154;10.017.340
0.287304;-0.009577;9.950.302
0.248997;-0.028730;9.902.418
0.258574;0.000000;9.883.265
0.248997;-0.009577;9.854.534
0.258574;0.009577;9.873.688
0.268151;0.009577;9.921.572
0.268151;-0.009577;9.940.725
0.258574;-0.009577;9.969.456
0.268151;-0.019154;10.065.224
0.258574;-0.019154;10.065.224
0.248997;-0.028730;10.055.647
0.287304;-0.028730;10.055.647
0.248997;-0.019154;10.007.763
0.248997;-0.019154;9.988.609
0.258574;0.000000;9.940.725
0.258574;0.009577;9.883.265
0.258574;-0.009577;9.844.957
0.268151;0.000000;9.883.265
0.268151;0.000000;9.873.688
0.277727;0.009577;9.969.456
0.248997;0.000000;9.979.033
0.268151;0.000000;10.007.763
0.268151;0.000000;10.055.647
0.248997;0.009577;10.055.647
0.258574;-0.009577;10.036.493
0.277727;0.009577;9.998.186
0.258574;-0.019154;9.950.302
0.248997;-0.009577;9.931.149
0.258574;-0.009577;9.892.841
0.239420;0.000000;9.873.688
0.248997;-0.009577;9.873.688
0.268151;0.000000;9.902.418
0.268151;0.000000;9.959.879
0.277727;-0.009577;9.998.186
0.277727;0.000000;10.046.070
0.258574;-0.019154;10.065.224
0.258574;-0.019154;10.084.377
0.277727;-0.009577;10.036.493
0.268151;0.000000;10.007.763
0.277727;0.000000;9.979.033
0.258574;0.000000;9.940.725
0.268151;0.009577;9.883.265
0.258574;0.000000;9.864.111
0.258574;0.000000;9.873.688
0.258574;0.000000;9.873.688
0.277727;0.000000;9.940.725
0.277727;-0.009577;9.940.725
0.258574;-0.038307;10.007.763
0.287304;0.000000;10.074.800
0.258574;0.000000;10.093.954
0.268151;0.000000;10.065.224
0.258574;0.000000;10.074.800
0.248997;-0.009577;10.017.340
0.258574;-0.009577;9.969.456
0.277727;-0.009577;9.940.725
0.268151;0.000000;9.864.111
0.268151;0.000000;9.835.381
0.268151;0.000000;9.844.957
0.248997;-0.009577;9.902.418
0.268151;0.000000;9.911.995
0.268151;-0.019154;9.959.879
0.258574;-0.028730;10.065.224
0.268151;-0.009577;10.074.800
0.258574;-0.019154;10.132.261
0.268151;-0.009577;10.132.261
0.268151;-0.028730;10.055.647
0.248997;0.000000;9.998.186
0.268151;0.009577;9.959.879
0.268151;-0.019154;9.844.957
0.277727;0.009577;9.854.534
0.277727;0.009577;9.816.227
0.248997;0.000000;9.816.227
0.258574;0.009577;9.883.265
0.268151;-0.019154;9.911.995
0.277727;0.000000;9.979.033
0.277727;0.000000;10.074.800
0.268151;0.000000;10.132.261
0.268151;-0.019154;10.160.992
0.277727;0.000000;10.103.531
0.268151;-0.009577;10.084.377
0.268151;-0.009577;10.017.340
0.268151;0.000000;9.959.879
0.248997;0.000000;9.825.804
0.287304;0.000000;9.825.804
0.287304;0.000000;9.787.497
0.277727;0.000000;9.816.227
0.258574;0.000000;9.825.804
0.268151;-0.019154;9.892.841
0.277727;-0.009577;9.988.609
0.258574;-0.009577;10.074.800
0.268151;0.000000;10.122.684
0.268151;-0.028730;10.160.992
0.268151;-0.019154;10.151.415
0.258574;-0.009577;10.084.377
0.248997;0.000000;10.046.070
0.258574;-0.028730;9.921.572
0.277727;-0.028730;9.844.957
0.258574;0.000000;9.797.073
0.268151;0.000000;9.749.189
0.258574;-0.009577;9.787.497
0.258574;0.000000;9.806.650
0.268151;0.000000;9.873.688
0.268151;0.000000;10.007.763
0.268151;-0.028730;10.065.224
0.277727;-0.019154;10.132.261
0.248997;-0.038307;10.189.722
0.277727;-0.019154;10.170.568
0.287304;-0.019154;10.180.145
0.248997;0.000000;10.122.684
0.277727;-0.009577;9.931.149
0.277727;0.000000;9.854.534
0.248997;0.019154;9.816.227
0.268151;0.000000;9.739.613
0.258574;-0.009577;9.768.343
0.258574;0.000000;9.911.995
0.268151;0.000000;9.979.033
0.277727;-0.009577;10.065.224
0.268151;-0.038307;10.141.838
0.287304;-0.009577;10.208.876
0.258574;-0.009577;10.189.722
0.268151;-0.019154;10.189.722
0.268151;-0.028730;10.046.070
0.268151;-0.009577;9.988.609
0.248997;0.009577;9.883.265
0.268151;0.009577;9.797.073
0.258574;0.019154;9.701.305
0.277727;0.009577;9.739.613
0.268151;0.009577;9.749.189
0.258574;-0.019154;9.873.688
0.258574;0.000000;9.979.033
0.277727;-0.009577;10.036.493
0.277727;-0.028730;10.199.299
0.268151;-0.019154;10.237.606
0.277727;-0.009577;10.237.606
0.277727;-0.009577;10.218.452
0.258574;0.000000;10.093.954
0.258574;0.009577;10.036.493
0.258574;0.000000;9.921.572
0.258574;0.000000;9.739.613
0.258574;0.000000;9.701.305
0.248997;-0.009577;9.682.152
0.268151;-0.009577;9.758.766
0.277727;0.019154;9.835.381
0.268151;0.000000;9.931.149
0.277727;0.000000;10.036.493
0.277727;-0.019154;10.132.261
0.268151;-0.028730;10.228.029
0.258574;-0.028730;10.247.183
0.268151;-0.009577;10.208.876
0.268151;0.000000;10.122.684
0.268151;-0.009577;10.036.493
0.248997;0.000000;9.940.725
0.258574;0.009577;9.758.766
0.258574;0.000000;9.691.729
0.258574;0.028730;9.662.998
0.268151;0.009577;9.701.305
0.258574;0.000000;9.768.343
0.287304;0.000000;9.864.111
0.258574;-0.009577;10.046.070
0.268151;-0.009577;10.151.415
0.287304;-0.019154;10.218.452
0.287304;-0.019154;10.285.490
0.277727;-0.028730;10.266.336
0.268151;-0.009577;10.132.261
0.277727;-0.009577;10.093.954
0.268151;0.000000;9.883.265
0.268151;0.000000;9.797.073
0.248997;0.009577;9.730.036
0.277727;0.009577;9.643.845
0.277727;0.000000;9.682.152
0.239420;0.000000;9.730.036
0.287304;0.000000;9.816.227
0.277727;-0.028730;10.036.493
0.296881;-0.028730;10.141.838
0.277727;-0.009577;10.218.452
0.277727;-0.019154;10.275.913
0.277727;-0.038307;10.295.067
0.268151;-0.009577;10.218.452
0.268151;-0.019154;10.141.838
0.268151;-0.009577;9.950.302
0.258574;0.000000;9.854.534
0.277727;0.000000;9.749.189
0.277727;-0.009577;9.634.268
0.258574;0.000000;9.662.998
0.277727;0.000000;9.710.882
0.258574;0.000000;9.864.111
0.248997;-0.009577;9.988.609
0.268151;0.000000;10.084.377
0.268151;-0.019154;10.189.722
0.268151;-0.019154;10.266.336
0.287304;0.000000;10.295.067
0.277727;-0.028730;10.170.568
0.268151;-0.009577;10.074.800
0.277727;0.000000;9.998.186
0.248997;0.000000;9.864.111
0.248997;0.009577;9.701.305
0.268151;0.000000;9.634.268
0.268151;0.000000;9.643.845
0.258574;0.000000;9.691.729
0.258574;0.000000;9.825.804
0.248997;0.009577;9.940.725
0.258574;0.000000;10.036.493
0.268151;-0.019154;10.228.029
0.248997;-0.028730;10.295.067
0.277727;-0.038307;10.314.221
0.287304;-0.019154;10.285.490
0.287304;-0.019154;10.160.992
0.287304;0.000000;10.017.340
0.287304;0.000000;9.931.149
0.277727;0.000000;9.710.882
0.268151;0.000000;9.672.575
0.268151;0.009577;9.624.691
0.258574;0.000000;9.682.152
0.258574;0.000000;9.777.920
0.277727;-0.009577;9.911.995
0.248997;0.000000;9.998.186
0.277727;-0.028730;10.189.722
0.268151;0.000000;10.266.336
0.287304;-0.028730;10.275.913
0.277727;-0.009577;10.228.029
0.268151;-0.009577;10.189.722
0.296881;-0.009577;10.093.954
0.277727;0.000000;9.969.456
0.229843;0.000000;9.777.920
0.258574;0.009577;9.710.882
0.258574;0.028730;9.653.421
0.248997;0.009577;9.691.729
0.258574;0.000000;9.739.613
0.277727;0.000000;9.835.381
0.258574;-0.019154;10.141.838
0.268151;-0.019154;10.208.876
0.287304;-0.028730;10.266.336
0.268151;-0.028730;10.256.760
0.268151;-0.038307;10.199.299
0.258574;0.000000;10.017.340
0.229843;0.009577;9.921.572
0.268151;0.009577;9.816.227
0.277727;0.000000;9.749.189
0.268151;0.009577;9.643.845
0.258574;0.000000;9.672.575
0.258574;0.009577;9.749.189
0.268151;0.009577;9.768.343
0.268151;0.000000;10.007.763
0.277727;-0.009577;10.065.224
0.248997;-0.019154;10.285.490
0.258574;-0.019154;10.275.913
0.287304;-0.009577;10.266.336
0.268151;-0.028730;10.228.029
0.258574;0.000000;10.055.647
0.258574;-0.009577;9.969.456
0.268151;-0.009577;9.825.804
0.258574;0.028730;9.758.766
0.268151;0.000000;9.662.998
0.277727;0.009577;9.662.998
0.268151;0.009577;9.701.305
0.248997;0.000000;9.806.650
0.268151;0.000000;9.979.033
0.258574;0.000000;10.055.647
0.277727;-0.019154;10.141.838
0.277727;-0.019154;10.237.606
0.268151;0.000000;10.256.760
0.277727;-0.019154;10.237.606
0.268151;-0.019154;10.113.108
0.248997;-0.009577;10.007.763
0.268151;0.000000;9.911.995
0.268151;0.000000;9.739.613
0.258574;0.000000;9.682.152
0.268151;0.000000;9.682.152
0.258574;0.009577;9.691.729
0.268151;-0.009577;9.806.650
0.277727;-0.009577;9.883.265
0.277727;-0.009577;10.007.763
0.268151;-0.019154;10.199.299
0.277727;-0.009577;10.228.029
0.277727;-0.019154;10.237.606
0.268151;0.000000;10.256.760
0.287304;-0.009577;10.141.838
0.268151;0.000000;10.055.647
0.268151;-0.009577;9.950.302
0.258574;0.000000;9.777.920
0.277727;0.009577;9.720.459
0.258574;0.000000;9.701.305
0.268151;0.000000;9.739.613
0.296881;0.000000;9.806.650
0.277727;0.000000;9.883.265
0.258574;0.009577;9.940.725
0.277727;0.000000;10.151.415
0.277727;-0.028730;10.189.722
0.268151;-0.028730;10.237.606
0.268151;-0.019154;10.199.299
0.268151;-0.019154;10.132.261
0.277727;-0.019154;10.084.377
0.268151;-0.009577;9.902.418
0.239420;0.000000;9.806.650
0.277727;0.000000;9.739.613
0.268151;0.009577;9.720.459
0.258574;-0.009577;9.720.459
0.268151;-0.009577;9.787.497
0.239420;0.000000;9.854.534
0.277727;0.000000;10.017.340
0.268151;-0.028730;10.074.800
0.268151;-0.019154;10.180.145
0.258574;-0.009577;10.218.452
0.248997;-0.019154;10.208.876
0.258574;-0.009577;10.170.568
0.287304;-0.028730;10.084.377
0.277727;-0.019154;9.931.149
0.258574;-0.009577;9.844.957
0.287304;-0.009577;9.806.650
0.258574;-0.019154;9.720.459
0.277727;0.000000;9.730.036
0.268151;0.000000;9.749.189
0.268151;-0.009577;9.835.381
0.268151;0.000000;10.074.800
0.277727;-0.009577;10.180.145
0.277727;-0.019154;10.180.145
0.258574;-0.038307;10.103.531
0.248997;-0.019154;9.950.302
0.268151;0.000000;9.892.841
0.268151;0.009577;9.768.343
0.248997;0.000000;9.768.343
0.258574;0.000000;9.816.227
0.287304;0.000000;9.921.572
0.277727;-0.019154;10.055.647
0.268151;-0.009577;10.113.108
0.277727;-0.009577;10.151.415
0.277727;0.000000;10.180.145
0.258574;-0.028730;10.036.493
0.248997;0.000000;9.931.149
0.268151;0.000000;9.777.920
0.258574;0.019154;9.787.497
0.268151;0.000000;9.797.073
0.258574;0.000000;9.873.688
0.268151;0.000000;9.950.302
0.268151;-0.019154;10.007.763
0.268151;0.000000;10.113.108
0.296881;0.000000;10.151.415
0.248997;0.000000;10.160.992
0.268151;-0.028730;10.132.261
0.268151;-0.009577;10.074.800
0.258574;-0.009577;10.017.340
0.258574;0.000000;9.950.302
0.268151;0.000000;9.844.957
0.268151;0.000000;9.816.227
0.248997;-0.028730;9.797.073
0.277727;0.000000;9.835.381
0.277727;0.000000;9.902.418
0.287304;-0.009577;9.940.725
0.258574;-0.009577;9.969.456
0.277727;-0.009577;10.093.954
0.268151;0.000000;10.103.531
0.258574;-0.028730;10.141.838
0.268151;-0.009577;10.093.954
0.287304;-0.009577;10.036.493
0.258574;0.000000;10.026.917
0.248997;0.000000;9.911.995
0.258574;0.000000;9.873.688
0.268151;0.000000;9.825.804
0.277727;0.019154;9.844.957
0.258574;-0.009577;9.873.688
0.268151;0.009577;9.902.418
0.258574;0.000000;9.940.725
0.268151;-0.009577;9.998.186
0.258574;-0.019154;10.055.647
0.258574;-0.028730;10.084.377
0.268151;-0.028730;10.113.108
0.268151;-0.019154;10.046.070
0.258574;-0.019154;10.036.493
0.268151;-0.009577;10.017.340
0.287304;0.000000;9.902.418
0.277727;0.000000;9.902.418
0.268151;-0.009577;9.883.265
0.258574;0.000000;9.873.688
0.268151;0.000000;9.864.111
0.258574;0.000000;9.892.841
0.268151;0.000000;9.931.149
0.287304;-0.019154;10.017.340
0.268151;0.000000;10.026.917
0.268151;0.000000;10.065.224
0.277727;-0.009577;10.065.224
0.277727;0.000000;10.065.224
0.258574;0.000000;10.026.917
0.258574;-0.009577;9.959.879
0.248997;-0.019154;9.921.572
0.268151;0.000000;9.911.995
0.268151;0.000000;9.854.534
0.268151;0.009577;9.892.841
0.268151;0.000000;9.902.418
0.268151;-0.009577;9.902.418
0.268151;-0.028730;9.959.879
0.277727;-0.019154;10.017.340
0.268151;0.009577;10.065.224
0.248997;-0.019154;10.065.224
0.277727;0.000000;10.055.647
0.258574;-0.009577;10.046.070
0.268151;-0.019154;9.979.033
0.268151;0.000000;9.959.879
0.258574;-0.009577;9.902.418
0.258574;0.000000;9.902.418
0.268151;0.000000;9.892.841
0.268151;-0.019154;9.902.418
0.277727;0.000000;9.883.265
0.268151;-0.009577;9.931.149
0.277727;0.000000;10.017.340
0.258574;-0.009577;10.026.917
0.277727;0.000000;10.065.224
0.268151;-0.028730;10.046.070
0.258574;0.000000;10.036.493
0.277727;-0.009577;10.036.493
0.258574;-0.009577;9.950.302
0.287304;0.000000;9.940.725
0.248997;0.009577;9.892.841
0.268151;0.000000;9.854.534
0.268151;0.000000;9.892.841
0.268151;-0.019154;9.931.149
0.277727;-0.019154;9.931.149
0.277727;0.000000;9.969.456
0.258574;-0.009577;10.026.917
0.277727;-0.028730;10.074.800
0.258574;-0.019154;10.065.224
0.268151;-0.009577;10.046.070
0.268151;0.000000;10.036.493
0.268151;0.000000;10.017.340
0.287304;0.000000;9.940.725
0.277727;0.000000;9.911.995
0.248997;-0.009577;9.883.265
0.248997;0.000000;9.854.534
0.248997;-0.019154;9.911.995
0.258574;0.000000;9.931.149
0.268151;-0.009577;9.969.456
0.248997;-0.019154;10.017.340
0.258574;0.000000;10.055.647
0.258574;0.000000;10.065.224
0.268151;0.000000;10.093.954
0.277727;0.000000;10.074.800
0.258574;0.000000;10.026.917
0.268151;0.000000;9.979.033
0.277727;0.000000;9.921.572
0.277727;0.000000;9.883.265
0.277727;0.009577;9.854.534
0.268151;0.000000;9.835.381
0.258574;0.009577;9.892.841
0.268151;0.000000;9.883.265
0.268151;0.000000;9.998.186
0.277727;-0.009577;10.036.493
0.258574;-0.019154;10.074.800
0.296881;-0.009577;10.074.800
0.277727;-0.009577;10.084.377
0.248997;0.000000;10.055.647
0.248997;0.000000;10.065.224
0.287304;0.000000;9.959.879
0.258574;0.000000;9.911.995
0.268151;0.000000;9.873.688
0.268151;0.000000;9.835.381
0.277727;0.000000;9.825.804
0.258574;0.000000;9.844.957
0.248997;0.000000;9.883.265
0.268151;-0.038307;9.969.456
0.277727;0.000000;10.017.340
0.277727;0.000000;10.084.377
0.277727;-0.009577;10.132.261
0.268151;-0.019154;10.113.108
0.258574;-0.009577;10.113.108
0.248997;-0.009577;10.046.070
0.277727;0.009577;9.979.033
0.287304;-0.009577;9.931.149
0.268151;0.000000;9.873.688
0.258574;0.019154;9.835.381
0.248997;0.000000;9.806.650
0.248997;-0.009577;9.816.227
0.287304;0.000000;9.902.418
0.268151;0.000000;9.969.456
0.268151;0.000000;10.055.647
0.268151;-0.019154;10.084.377
0.268151;-0.028730;10.151.415
0.258574;-0.009577;10.160.992
0.277727;-0.009577;10.151.415
0.268151;0.000000;10.036.493
0.268151;-0.009577;9.959.879
0.248997;0.000000;9.921.572
0.287304;0.000000;9.816.227
0.258574;-0.009577;9.797.073
0.277727;0.000000;9.777.920
0.268151;0.000000;9.797.073
0.277727;-0.009577;9.883.265
0.268151;0.000000;9.940.725
0.268151;-0.019154;10.103.531
0.258574;0.000000;10.122.684
0.258574;0.000000;10.151.415
0.287304;0.000000;10.180.145
0.268151;-0.009577;10.160.992
0.287304;-0.009577;10.074.800
0.268151;-0.009577;10.026.917
0.277727;-0.009577;9.959.879
0.248997;0.000000;9.806.650
0.258574;0.000000;9.777.920
0.287304;0.019154;9.768.343
0.258574;0.009577;9.797.073
0.268151;0.000000;9.835.381
0.268151;0.019154;9.931.149
0.268151;-0.009577;10.007.763
0.258574;-0.019154;10.113.108
0.287304;-0.009577;10.151.415
0.268151;0.000000;10.180.145
0.258574;0.000000;10.151.415
0.277727;-0.009577;10.103.531
0.248997;-0.019154;10.036.493
0.277727;0.000000;9.902.418
0.268151;0.000000;9.835.381
0.306458;0.000000;9.768.343
0.268151;0.009577;9.749.189
0.258574;0.000000;9.787.497
0.258574;0.000000;9.816.227
0.277727;0.000000;9.883.265
0.258574;0.000000;10.065.224
0.258574;-0.009577;10.132.261
0.268151;-0.028730;10.180.145
0.268151;-0.019154;10.189.722
0.277727;-0.009577;10.208.876
0.277727;-0.019154;10.141.838
0.248997;-0.009577;9.959.879
0.277727;0.000000;9.902.418
0.268151;0.000000;9.844.957
0.258574;0.009577;9.777.920
0.258574;0.019154;9.739.613
0.258574;0.000000;9.739.613
0.268151;0.000000;9.749.189
0.258574;-0.009577;9.844.957
0.268151;-0.009577;10.036.493
0.258574;-0.019154;10.113.108
0.277727;-0.019154;10.170.568
0.277727;0.000000;10.237.606
0.268151;-0.038307;10.237.606
0.268151;-0.028730;10.180.145
0.277727;0.000000;10.036.493
0.287304;0.000000;9.959.879
0.258574;-0.019154;9.854.534
0.248997;0.000000;9.787.497
0.268151;-0.009577;9.710.882
0.248997;0.000000;9.720.459
0.277727;0.009577;9.758.766
0.258574;0.000000;9.902.418
0.248997;0.000000;9.969.456
0.277727;0.000000;10.093.954
0.277727;-0.019154;10.132.261
0.277727;-0.009577;10.247.183
0.277727;-0.019154;10.247.183
0.268151;-0.028730;10.208.876
0.268151;-0.019154;10.065.224
0.248997;0.000000;9.988.609
0.277727;0.000000;9.892.841
0.258574;0.019154;9.749.189
0.268151;0.000000;9.720.459
0.258574;0.009577;9.691.729
0.258574;0.009577;9.720.459
0.268151;0.000000;9.844.957
0.277727;0.000000;9.940.725
0.287304;0.000000;10.055.647
0.268151;-0.028730;10.189.722
0.277727;-0.019154;10.228.029
0.287304;-0.038307;10.266.336
0.268151;-0.009577;10.199.299
0.258574;-0.019154;10.113.108
0.258574;0.000000;10.026.917
0.258574;-0.009577;9.931.149
0.277727;-0.019154;9.768.343
0.277727;0.009577;9.720.459
0.258574;0.009577;9.682.152
0.277727;0.000000;9.730.036
0.268151;-0.009577;9.825.804
0.268151;-0.009577;9.902.418
0.277727;-0.009577;9.998.186
0.258574;-0.019154;10.180.145
0.277727;-0.019154;10.247.183
0.268151;-0.009577;10.266.336
0.287304;-0.019154;10.218.452
0.277727;-0.009577;10.160.992
0.277727;-0.019154;10.055.647
0.258574;0.000000;9.873.688
0.258574;0.019154;9.797.073
0.277727;0.000000;9.720.459
0.268151;0.009577;9.672.575
0.258574;0.019154;9.720.459
0.287304;0.009577;9.768.343
0.248997;0.009577;9.835.381
0.268151;0.000000;10.074.800
0.277727;-0.019154;10.151.415
0.277727;0.000000;10.247.183
0.268151;-0.019154;10.266.336
0.248997;-0.019154;10.228.029
0.277727;-0.019154;10.180.145
0.258574;0.000000;10.122.684
0.268151;-0.019154;9.950.302
0.277727;0.000000;9.825.804
0.268151;0.019154;9.720.459
0.258574;0.009577;9.682.152
0.268151;0.000000;9.691.729
0.268151;0.019154;9.749.189
0.268151;0.000000;9.816.227
0.268151;-0.019154;10.017.340
0.268151;-0.019154;10.093.954
0.277727;-0.019154;10.189.722
0.277727;-0.028730;10.275.913
0.287304;-0.009577;10.247.183
0.277727;-0.009577;10.237.606
0.277727;-0.028730;10.074.800
0.268151;0.000000;9.959.879
0.268151;-0.009577;9.864.111
0.258574;-0.009577;9.749.189
0.268151;0.009577;9.662.998
0.258574;0.009577;9.691.729
0.277727;0.000000;9.701.305
0.277727;0.000000;9.864.111
0.268151;-0.009577;9.940.725
0.277727;-0.028730;10.074.800
0.277727;-0.019154;10.151.415
0.287304;-0.019154;10.256.760
0.258574;-0.009577;10.266.336
0.268151;-0.009577;10.256.760
0.258574;-0.028730;10.103.531
0.277727;-0.009577;10.007.763
0.258574;0.000000;9.911.995
0.258574;0.009577;9.730.036
0.277727;0.000000;9.720.459
0.248997;0.000000;9.672.575
0.258574;0.000000;9.691.729
0.258574;0.000000;9.825.804
0.258574;-0.019154;9.902.418
0.268151;-0.019154;9.998.186
0.268151;-0.009577;10.189.722
0.268151;-0.009577;10.237.606
0.277727;-0.009577;10.256.760
0.277727;-0.028730;10.208.876
0.268151;-0.009577;10.141.838
0.258574;-0.009577;10.036.493
0.277727;-0.009577;9.950.302
0.258574;-0.019154;9.777.920
0.258574;0.000000;9.691.729
0.258574;0.009577;9.701.305
0.239420;0.009577;9.797.073
0.268151;0.000000;9.864.111
0.268151;0.000000;10.065.224
0.258574;-0.028730;10.141.838
0.268151;-0.019154;10.208.876
0.277727;-0.028730;10.256.760
0.248997;-0.019154;10.208.876
0.268151;0.000000;10.065.224
0.258574;0.009577;9.902.418
0.258574;0.000000;9.797.073
0.277727;0.000000;9.758.766
0.268151;-0.009577;9.682.152
0.268151;0.019154;9.730.036
0.248997;0.000000;9.777.920
0.277727;0.009577;9.835.381
0.268151;0.000000;10.007.763
0.268151;-0.019154;10.122.684
0.277727;-0.009577;10.170.568
0.277727;0.000000;10.199.299
0.287304;-0.019154;10.103.531
0.277727;0.000000;9.940.725
0.258574;-0.009577;9.864.111
0.258574;0.000000;9.777.920
0.268151;0.009577;9.701.305
0.258574;0.009577;9.730.036
0.268151;0.000000;9.758.766
0.268151;0.000000;9.816.227
0.277727;-0.019154;9.969.456
0.277727;-0.019154;10.046.070
0.287304;0.000000;10.151.415
0.277727;0.000000;10.208.876
0.268151;-0.019154;10.199.299
0.268151;-0.019154;10.151.415
0.268151;-0.019154;10.065.224
0.277727;-0.028730;9.950.302
0.268151;0.000000;9.902.418
0.268151;0.000000;9.835.381
0.258574;0.019154;9.720.459
0.277727;0.000000;9.710.882
0.268151;0.000000;9.854.534
0.268151;-0.019154;9.950.302
0.268151;-0.009577;10.026.917
0.277727;0.000000;10.074.800
0.268151;-0.028730;10.199.299
0.268151;-0.028730;10.218.452
0.248997;0.000000;10.180.145
0.268151;-0.009577;10.074.800
0.268151;0.000000;10.007.763
0.258574;-0.009577;9.931.149
0.268151;0.009577;9.797.073
0.248997;0.000000;9.758.766
0.248997;0.000000;9.749.189
0.268151;0.000000;9.739.613
0.258574;-0.009577;9.844.957
0.258574;0.000000;9.950.302
0.258574;-0.019154;9.998.186
0.268151;-0.009577;10.132.261
0.287304;-0.019154;10.141.838
0.287304;-0.019154;10.151.415
0.287304;-0.019154;10.141.838
0.277727;-0.009577;10.074.800
0.277727;0.000000;10.007.763
0.287304;-0.009577;9.969.456
0.277727;0.000000;9.844.957
0.258574;0.000000;9.777.920
0.239420;0.000000;9.787.497
0.258574;0.000000;9.806.650
0.248997;0.019154;9.873.688
0.258574;-0.009577;9.902.418
0.258574;0.000000;9.969.456
0.268151;-0.009577;10.065.224
0.277727;-0.009577;10.141.838
0.277727;-0.009577;10.151.415
0.268151;-0.019154;10.103.531
0.277727;-0.028730;10.074.800
0.277727;-0.009577;10.007.763
0.258574;0.000000;9.931.149
0.268151;-0.009577;9.864.111
0.277727;0.000000;9.825.804
0.268151;-0.009577;9.806.650
0.268151;0.000000;9.835.381
0.277727;0.019154;9.854.534
0.277727;0.000000;9.892.841
0.268151;-0.009577;9.998.186
0.268151;-0.019154;10.065.224
0.277727;0.000000;10.093.954
0.277727;0.000000;10.122.684
0.277727;-0.009577;10.113.108
0.287304;-0.009577;10.113.108
0.268151;0.000000;10.046.070
0.268151;0.000000;9.940.725
0.277727;0.000000;9.902.418
0.268151;-0.009577;9.825.804
0.248997;0.000000;9.816.227
0.258574;0.000000;9.844.957
0.277727;-0.009577;9.854.534
0.268151;0.000000;9.979.033
0.268151;0.009577;9.979.033
0.268151;0.000000;10.026.917
0.268151;0.000000;10.065.224
0.277727;-0.019154;10.093.954
0.258574;-0.028730;10.093.954
0.258574;-0.009577;10.084.377
0.248997;0.000000;9.998.186
0.268151;0.000000;9.950.302
0.277727;0.000000;9.902.418
0.277727;-0.009577;9.864.111
0.287304;-0.009577;9.835.381
0.277727;0.000000;9.892.841
0.268151;-0.009577;9.873.688
0.268151;0.000000;9.959.879
0.277727;0.000000;9.969.456
0.258574;-0.019154;10.007.763
0.258574;-0.019154;10.084.377
0.268151;-0.028730;10.065.224
0.258574;-0.028730;10.084.377
0.258574;-0.009577;10.036.493
0.268151;-0.019154;9.988.609
0.277727;0.000000;9.979.033
0.258574;-0.009577;9.921.572
0.248997;0.000000;9.844.957
0.268151;0.000000;9.864.111
0.258574;-0.009577;9.892.841
0.268151;0.000000;9.911.995
0.277727;-0.019154;9.940.725
0.287304;0.009577;9.988.609
0.277727;0.000000;10.026.917
0.277727;-0.009577;10.074.800
0.296881;-0.009577;10.055.647
0.287304;-0.009577;10.055.647
0.268151;-0.019154;10.017.340
0.277727;-0.009577;9.988.609
0.248997;0.000000;9.950.302
0.258574;0.000000;9.921.572
0.239420;0.000000;9.883.265
0.258574;-0.009577;9.883.265
0.277727;0.000000;9.902.418
0.258574;-0.009577;9.921.572
0.268151;-0.019154;9.950.302
0.258574;0.000000;9.998.186
0.277727;0.000000;10.036.493
0.258574;0.000000;10.046.070
0.268151;0.009577;10.046.070
0.268151;-0.009577;10.017.340
0.268151;0.000000;9.988.609
0.268151;0.000000;9.950.302
0.268151;0.000000;9.902.418
0.258574;-0.009577;9.854.534
0.258574;0.000000;9.892.841
0.268151;-0.019154;9.931.149
0.287304;0.000000;9.940.725
0.277727;0.000000;9.979.033
0.268151;0.000000;9.988.609
0.268151;0.000000;10.036.493
0.277727;-0.009577;10.046.070
0.268151;-0.009577;10.036.493
0.277727;-0.009577;9.998.186
0.268151;-0.009577;9.988.609
0.287304;0.009577;9.950.302
0.258574;0.009577;9.931.149
0.277727;-0.009577;9.864.111
0.248997;0.000000;9.864.111
0.258574;0.000000;9.892.841
0.258574;-0.009577;9.931.149
0.258574;-0.009577;9.969.456
0.268151;-0.009577;10.036.493
0.277727;-0.009577;10.055.647
0.258574;-0.019154;10.055.647
0.268151;0.000000;10.055.647
0.268151;0.000000;10.026.917
0.258574;-0.019154;10.007.763
0.258574;-0.009577;9.979.033
0.268151;0.000000;9.911.995
0.268151;0.000000;9.873.688
0.258574;0.000000;9.883.265
0.258574;0.000000;9.854.534
0.277727;-0.009577;9.873.688
0.268151;-0.009577;9.911.995
0.268151;-0.009577;9.998.186
0.268151;0.000000;10.026.917
0.277727;-0.009577;10.046.070
0.268151;0.000000;10.093.954
0.258574;-0.009577;10.065.224
0.268151;0.000000;10.036.493
0.268151;-0.019154;9.988.609
0.268151;0.000000;9.969.456
0.287304;-0.009577;9.911.995
0.248997;0.000000;9.864.111
0.268151;-0.009577;9.835.381
0.268151;0.019154;9.873.688
0.258574;-0.019154;9.902.418
0.258574;0.000000;9.940.725
0.268151;0.000000;9.998.186
0.268151;-0.028730;10.036.493
0.277727;-0.019154;10.084.377
0.258574;-0.009577;10.103.531
0.248997;0.000000;10.084.377
0.268151;-0.019154;10.026.917
0.268151;-0.009577;9.988.609
0.268151;0.000000;9.911.995
0.277727;0.000000;9.854.534
0.287304;0.000000;9.854.534
0.258574;0.000000;9.825.804
0.248997;0.009577;9.835.381
0.258574;-0.009577;9.902.418
0.287304;0.000000;9.931.149
0.268151;-0.019154;9.969.456
0.277727;0.000000;10.074.800
0.277727;-0.028730;10.103.531
0.239420;-0.009577;10.093.954
0.268151;-0.009577;10.103.531
0.277727;0.000000;10.065.224
0.268151;0.000000;10.007.763
0.277727;-0.009577;9.950.302
0.268151;0.000000;9.892.841
0.258574;-0.009577;9.844.957
0.268151;0.000000;9.825.804
0.277727;-0.009577;9.825.804
0.296881;-0.009577;9.883.265
0.296881;-0.009577;9.931.149
0.268151;0.000000;9.950.302
0.296881;-0.009577;10.065.224
0.277727;-0.019154;10.132.261
0.268151;-0.019154;10.132.261
0.287304;-0.019154;10.103.531
0.248997;-0.019154;10.074.800
0.287304;0.000000;10.026.917
0.239420;0.000000;9.911.995
0.277727;0.000000;9.873.688
0.239420;0.000000;9.835.381
0.277727;0.000000;9.768.343
0.258574;0.009577;9.768.343
0.268151;0.009577;9.844.957
0.277727;-0.019154;9.883.265
0.287304;0.000000;10.026.917
0.287304;0.000000;10.084.377
0.277727;-0.009577;10.141.838
0.268151;-0.028730;10.160.992
0.268151;-0.028730;10.151.415
0.277727;-0.009577;10.122.684
0.306458;-0.009577;10.065.224
0.268151;-0.009577;9.950.302
0.248997;-0.019154;9.864.111
0.277727;0.019154;9.825.804
0.248997;0.009577;9.768.343
0.268151;0.000000;9.749.189
0.268151;0.000000;9.806.650
0.268151;0.000000;9.940.725
0.258574;-0.009577;10.084.377
0.277727;-0.028730;10.113.108
0.277727;-0.028730;10.160.992
0.277727;-0.009577;10.180.145
0.277727;-0.009577;10.122.684
0.277727;-0.009577;10.026.917
0.287304;-0.009577;9.950.302
0.258574;0.000000;9.873.688
0.268151;0.000000;9.825.804
0.277727;0.009577;9.768.343
0.258574;0.000000;9.758.766
0.258574;0.000000;9.777.920
0.268151;0.000000;9.911.995
0.268151;-0.009577;9.979.033
0.296881;-0.009577;10.113.108
0.277727;-0.019154;10.160.992
0.268151;-0.009577;10.180.145
0.277727;-0.019154;10.180.145
0.287304;-0.009577;10.151.415
0.287304;-0.009577;10.046.070
0.277727;0.000000;9.988.609
0.248997;-0.009577;9.911.995
0.277727;0.009577;9.777.920
0.277727;0.019154;9.758.766
0.277727;0.000000;9.720.459
0.258574;0.000000;9.768.343
0.268151;0.000000;9.854.534
0.268151;-0.019154;9.921.572
0.248997;0.000000;10.026.917
0.268151;-0.009577;10.160.992
0.258574;-0.019154;10.189.722
0.268151;-0.028730;10.228.029
0.268151;-0.009577;10.141.838
0.277727;-0.009577;10.103.531
0.258574;0.000000;10.017.340
0.258574;0.000000;9.931.149
0.268151;0.000000;9.777.920
0.268151;0.000000;9.768.343
0.277727;0.000000;9.730.036
0.258574;-0.019154;9.777.920
0.258574;0.009577;9.806.650
0.258574;0.000000;9.892.841
0.268151;-0.009577;10.055.647
0.277727;0.000000;10.160.992
0.268151;0.000000;10.180.145
0.287304;-0.009577;10.208.876
0.287304;-0.009577;10.170.568
0.268151;-0.038307;10.151.415
0.287304;-0.028730;10.065.224
0.248997;0.000000;9.864.111
0.277727;0.009577;9.787.497
0.248997;-0.019154;9.749.189
0.258574;0.000000;9.701.305
0.277727;0.000000;9.739.613
0.277727;0.000000;9.873.688
0.277727;-0.009577;9.873.688
0.258574;-0.019154;10.065.224
0.287304;0.009577;10.122.684
0.258574;-0.019154;10.189.722
0.277727;-0.019154;10.228.029
0.277727;-0.019154;10.189.722
0.268151;-0.028730;10.151.415
0.258574;0.000000;10.103.531
0.277727;0.000000;9.931.149
0.258574;0.000000;9.854.534
0.277727;0.000000;9.749.189
0.268151;0.009577;9.710.882
0.258574;0.000000;9.720.459
0.287304;0.000000;9.730.036
0.268151;-0.009577;9.921.572
0.277727;0.000000;10.007.763
0.268151;-0.009577;10.074.800
0.277727;-0.019154;10.151.415
0.277727;-0.028730;10.237.606
0.268151;0.000000;10.237.606
0.277727;-0.019154;10.208.876
0.268151;0.019154;10.055.647
0.268151;0.000000;9.959.879
0.258574;0.000000;9.892.841
0.248997;0.000000;9.806.650
0.277727;-0.009577;9.672.575
0.258574;0.009577;9.682.152
0.277727;0.000000;9.730.036
0.268151;0.000000;9.883.265
0.287304;-0.009577;9.969.456
0.268151;-0.009577;10.036.493
0.268151;-0.009577;10.189.722
0.277727;-0.019154;10.228.029
0.258574;-0.019154;10.228.029
0.296881;-0.009577;10.218.452
0.268151;0.000000;10.074.800
0.277727;-0.009577;10.007.763
0.248997;-0.009577;9.911.995
0.248997;0.009577;9.749.189
0.258574;0.000000;9.710.882
0.268151;0.009577;9.710.882
0.268151;0.009577;9.777.920
0.277727;-0.019154;9.825.804
0.268151;-0.019154;9.911.995
0.287304;0.000000;10.017.340
0.287304;0.000000;10.170.568
0.277727;-0.009577;10.237.606
0.296881;-0.009577;10.208.876
0.258574;-0.019154;10.189.722
0.277727;-0.019154;10.103.531
0.268151;-0.038307;10.017.340
0.258574;-0.028730;9.950.302
0.239420;0.000000;9.787.497
0.258574;0.009577;9.710.882
0.258574;0.000000;9.730.036
0.268151;0.000000;9.777.920
0.258574;0.000000;9.873.688
0.287304;-0.009577;10.141.838
0.287304;-0.019154;10.199.299
0.268151;-0.038307;10.228.029
0.268151;0.000000;10.208.876
0.258574;-0.009577;10.074.800
0.287304;0.000000;9.902.418
0.287304;-0.009577;9.797.073
0.268151;0.009577;9.739.613
0.287304;0.019154;9.720.459
0.268151;0.009577;9.691.729
0.268151;-0.009577;9.768.343
0.258574;0.000000;9.835.381
0.268151;-0.009577;10.026.917
0.258574;-0.009577;10.084.377
0.248997;-0.009577;10.170.568
0.277727;-0.019154;10.237.606
0.258574;-0.019154;10.237.606
0.277727;-0.009577;10.151.415
0.268151;0.000000;10.093.954
0.277727;0.009577;9.950.302
0.258574;0.000000;9.883.265
0.268151;0.000000;9.797.073
0.268151;0.000000;9.730.036
0.268151;0.000000;9.730.036
0.258574;0.000000;9.758.766
0.248997;-0.009577;9.892.841
0.268151;0.000000;9.988.609
0.258574;-0.019154;10.046.070
0.268151;-0.019154;10.189.722
0.268151;-0.019154;10.218.452
0.268151;-0.019154;10.237.606
0.287304;0.000000;10.160.992
0.277727;-0.028730;10.065.224
0.268151;0.000000;9.988.609
0.258574;0.000000;9.892.841
0.277727;0.009577;9.777.920
0.258574;0.000000;9.730.036
0.268151;0.000000;9.730.036
0.268151;0.000000;9.749.189
0.258574;0.000000;9.854.534
0.258574;0.000000;9.911.995
0.258574;-0.019154;10.007.763
0.268151;-0.019154;10.151.415
0.277727;-0.028730;10.218.452
0.248997;-0.009577;10.208.876
0.296881;-0.028730;10.189.722
0.277727;-0.028730;10.093.954
0.268151;-0.009577;10.017.340
0.277727;0.000000;9.940.725
0.296881;0.000000;9.758.766
0.277727;0.000000;9.749.189
0.248997;0.000000;9.739.613
0.277727;0.009577;9.787.497
0.258574;-0.009577;9.825.804
0.277727;0.000000;9.902.418
0.268151;-0.009577;9.998.186
0.258574;-0.009577;10.160.992
0.268151;0.000000;10.189.722
0.268151;0.000000;10.160.992
0.287304;0.000000;10.103.531
0.268151;0.000000;10.074.800
0.277727;0.000000;9.873.688
0.268151;0.000000;9.844.957
0.258574;0.000000;9.777.920
0.248997;0.000000;9.758.766
0.287304;0.000000;9.758.766
0.258574;0.009577;9.825.804
0.268151;0.009577;9.883.265
0.296881;-0.019154;10.026.917
0.287304;-0.019154;10.093.954
0.248997;-0.019154;10.151.415
0.268151;-0.019154;10.160.992
0.268151;-0.019154;10.141.838
0.258574;-0.028730;10.122.684
0.277727;-0.009577;10.074.800
0.268151;0.000000;9.911.995
0.258574;0.000000;9.883.265
0.268151;0.000000;9.816.227
0.268151;0.000000;9.768.343
0.277727;0.000000;9.806.650
0.268151;0.000000;9.825.804
0.277727;0.009577;9.873.688
0.268151;0.000000;9.979.033
0.268151;0.000000;10.074.800
0.239420;-0.038307;10.093.954
0.277727;-0.009577;10.151.415
0.258574;-0.038307;10.113.108
0.248997;-0.009577;10.141.838
0.277727;-0.028730;10.065.224
0.277727;-0.019154;9.950.302
0.258574;0.000000;9.902.418
0.248997;0.000000;9.844.957
0.268151;-0.009577;9.787.497
0.268151;0.009577;9.816.227
0.268151;0.000000;9.835.381
0.268151;-0.009577;9.921.572
0.277727;0.009577;9.969.456
0.268151;-0.019154;10.046.070
0.248997;-0.009577;10.093.954
0.268151;0.000000;10.122.684
0.268151;-0.019154;10.132.261
0.268151;-0.019154;10.084.377
0.287304;-0.009577;10.017.340
0.258574;-0.009577;9.959.879
0.258574;-0.009577;9.921.572
0.268151;-0.019154;9.825.804
0.268151;-0.019154;9.816.227
0.248997;0.000000;9.835.381
0.268151;-0.009577;9.835.381
0.277727;0.000000;9.921.572
0.248997;-0.019154;9.969.456
0.258574;0.000000;10.026.917
0.277727;0.000000;10.113.108
0.277727;-0.009577;10.113.108
0.277727;-0.009577;10.093.954
0.258574;-0.009577;10.093.954
0.268151;-0.019154;10.036.493
0.268151;0.000000;9.979.033
0.268151;0.009577;9.902.418
0.268151;0.009577;9.844.957
0.248997;-0.019154;9.835.381
0.258574;-0.019154;9.835.381
0.248997;-0.009577;9.864.111
0.277727;0.000000;9.902.418
0.258574;0.000000;9.950.302
0.268151;-0.028730;9.998.186
0.277727;-0.019154;10.065.224
0.268151;0.000000;10.113.108
0.258574;-0.009577;10.084.377
0.277727;-0.019154;10.046.070
0.248997;-0.019154;9.998.186
0.277727;-0.019154;9.979.033
0.268151;-0.019154;9.911.995
0.277727;-0.009577;9.892.841
0.258574;-0.009577;9.854.534
0.258574;-0.009577;9.844.957
0.258574;0.000000;9.911.995
0.277727;0.009577;9.911.995
0.277727;0.000000;9.950.302
0.277727;-0.009577;10.007.763
0.277727;-0.028730;10.036.493
0.268151;-0.009577;10.074.800
0.287304;0.000000;10.093.954
0.277727;0.000000;10.017.340
0.248997;0.000000;9.998.186
0.268151;0.000000;9.950.302
0.277727;-0.009577;9.921.572
0.268151;-0.019154;9.911.995
0.258574;0.000000;9.892.841
0.268151;0.000000;9.902.418
0.258574;-0.009577;9.892.841
0.258574;-0.019154;9.902.418
0.258574;0.000000;9.969.456
0.258574;0.000000;10.017.340
0.268151;-0.009577;10.026.917
0.268151;-0.019154;10.046.070
0.268151;-0.009577;10.055.647
0.277727;-0.019154;10.017.340
0.277727;-0.019154;9.998.186
0.277727;0.000000;9.979.033
0.248997;0.000000;9.940.725
0.268151;0.000000;9.931.149
0.258574;-0.009577;9.883.265
0.248997;0.000000;9.902.418
0.258574;-0.019154;9.921.572
0.287304;-0.009577;9.921.572
0.268151;0.000000;10.007.763
0.268151;0.000000;10.007.763
0.277727;-0.009577;10.036.493
0.258574;-0.009577;10.036.493
0.277727;-0.009577;10.017.340
0.239420;-0.009577;10.007.763
0.258574;-0.009577;9.950.302
0.258574;0.000000;9.931.149
0.277727;-0.019154;9.921.572
0.258574;-0.009577;9.902.418
0.248997;-0.019154;9.911.995
0.268151;-0.028730;9.911.995
0.268151;0.000000;9.940.725
0.268151;-0.019154;9.950.302
0.268151;-0.009577;10.017.340
0.277727;-0.009577;10.017.340
0.268151;0.000000;10.026.917
0.277727;-0.028730;10.055.647
0.268151;-0.019154;10.007.763
0.268151;-0.019154;9.979.033
0.277727;0.000000;9.950.302
0.287304;0.000000;9.902.418
0.268151;-0.009577;9.911.995
0.277727;0.000000;9.883.265
0.277727;0.000000;9.911.995
0.258574;-0.019154;9.931.149
0.239420;0.000000;9.959.879
0.277727;-0.028730;10.007.763
0.258574;-0.009577;10.036.493
0.268151;-0.009577;10.046.070
0.268151;-0.009577;10.036.493
0.268151;-0.009577;10.046.070
0.268151;-0.019154;10.026.917
0.287304;-0.028730;9.940.725
0.248997;-0.019154;9.921.572
0.268151;0.000000;9.854.534
0.268151;0.000000;9.883.265
0.258574;0.000000;9.931.149
0.268151;-0.019154;9.921.572
0.268151;-0.009577;9.940.725
0.268151;0.000000;10.007.763
0.268151;-0.009577;10.017.340
0.277727;-0.038307;10.046.070
0.277727;-0.009577;10.046.070
0.277727;0.000000;10.046.070
0.277727;-0.009577;9.998.186
0.287304;0.000000;9.988.609
0.248997;0.000000;9.892.841
0.258574;0.000000;9.835.381
0.248997;0.000000;9.892.841
0.277727;-0.009577;9.873.688
0.287304;-0.009577;9.921.572
0.258574;0.000000;9.921.572
0.268151;-0.019154;9.998.186
0.268151;-0.028730;10.036.493
0.248997;-0.019154;10.065.224
0.287304;-0.009577;10.074.800
0.277727;0.000000;10.093.954
0.268151;0.000000;10.046.070
0.268151;-0.019154;10.017.340
0.258574;-0.019154;9.950.302
0.268151;0.000000;9.931.149
0.277727;0.000000;9.864.111
0.277727;0.000000;9.835.381
0.277727;0.000000;9.854.534
0.258574;-0.009577;9.883.265
0.258574;-0.009577;9.864.111
0.277727;-0.028730;9.998.186
0.248997;0.000000;10.036.493
0.268151;-0.019154;10.074.800
0.277727;0.000000;10.093.954
0.277727;-0.019154;10.103.531
0.268151;-0.009577;10.093.954
0.268151;-0.009577;10.046.070
0.268151;-0.019154;9.969.456
0.258574;0.009577;9.902.418
0.268151;0.000000;9.873.688
0.277727;-0.009577;9.816.227
0.258574;0.000000;9.825.804
0.296881;-0.009577;9.873.688
0.258574;-0.009577;9.921.572
0.268151;-0.019154;9.979.033
0.277727;0.000000;10.017.340
0.277727;-0.009577;10.065.224
0.277727;0.000000;10.122.684
0.268151;-0.019154;10.103.531
0.258574;0.000000;10.122.684
0.277727;0.000000;10.007.763
0.248997;-0.009577;9.979.033
0.248997;-0.009577;9.911.995
0.248997;-0.009577;9.825.804
0.268151;0.000000;9.806.650
0.258574;0.000000;9.806.650
0.287304;0.000000;9.854.534
0.277727;0.009577;9.921.572
0.268151;-0.019154;9.931.149
0.268151;-0.019154;10.026.917
0.277727;-0.028730;10.113.108
0.258574;-0.028730;10.151.415
0.258574;-0.028730;10.141.838
0.277727;-0.019154;10.122.684
0.277727;0.000000;10.055.647
0.277727;0.000000;9.998.186
0.287304;0.000000;9.940.725
0.258574;-0.009577;9.825.804
0.258574;0.009577;9.797.073
0.258574;0.000000;9.787.497
0.258574;0.000000;9.825.804
0.268151;0.000000;9.864.111
0.258574;-0.009577;10.017.340
0.258574;-0.019154;10.017.340
0.287304;-0.019154;10.113.108
0.287304;-0.019154;10.132.261
0.258574;-0.028730;10.170.568
0.277727;-0.038307;10.132.261
0.258574;-0.009577;10.084.377
0.258574;-0.019154;10.017.340
0.239420;0.000000;9.883.265
0.258574;0.000000;9.844.957
0.268151;0.000000;9.797.073
0.239420;0.000000;9.768.343
0.268151;0.000000;9.797.073
0.268151;0.000000;9.844.957
0.248997;0.000000;9.911.995
0.248997;-0.028730;10.036.493
0.268151;-0.019154;10.093.954
0.268151;-0.028730;10.160.992
0.258574;0.000000;10.170.568
0.268151;-0.057461;10.132.261
0.277727;-0.028730;10.084.377
0.277727;-0.019154;10.036.493
0.268151;0.000000;9.902.418
0.258574;0.000000;9.873.688
0.277727;0.009577;9.777.920
0.268151;0.000000;9.758.766
0.277727;0.000000;9.777.920
0.268151;0.000000;9.797.073
0.239420;0.000000;9.873.688
0.277727;-0.019154;10.055.647
0.248997;0.000000;10.084.377
0.268151;-0.019154;10.132.261
0.287304;-0.009577;10.180.145
0.277727;-0.009577;10.170.568
0.287304;-0.019154;10.151.415
0.268151;-0.019154;10.084.377
0.277727;0.009577;9.921.572
0.268151;0.000000;9.854.534
0.268151;-0.019154;9.797.073
0.248997;0.000000;9.739.613
0.277727;-0.009577;9.768.343
0.258574;0.000000;9.758.766
0.258574;0.000000;9.931.149
0.268151;-0.019154;9.959.879
0.268151;-0.019154;10.065.224
0.268151;-0.009577;10.180.145
0.277727;-0.009577;10.189.722
0.277727;-0.019154;10.237.606
0.268151;-0.019154;10.160.992
0.268151;-0.009577;10.046.070
0.287304;-0.028730;9.959.879
0.268151;-0.009577;9.902.418
0.268151;-0.019154;9.749.189
0.258574;0.000000;9.730.036
0.268151;0.000000;9.730.036
0.239420;0.000000;9.768.343
0.268151;-0.009577;9.873.688
0.287304;0.000000;9.969.456
0.268151;-0.019154;10.026.917
0.258574;-0.019154;10.170.568
0.239420;-0.009577;10.228.029
0.277727;-0.019154;10.218.452
0.268151;0.000000;10.180.145
0.258574;-0.009577;10.074.800
0.248997;0.000000;9.988.609
0.258574;-0.009577;9.921.572
0.239420;0.009577;9.777.920
0.258574;0.009577;9.739.613
0.268151;0.000000;9.730.036
0.268151;0.000000;9.787.497
0.277727;0.000000;9.854.534
0.258574;-0.009577;9.940.725
0.258574;0.000000;9.998.186
0.268151;-0.009577;10.189.722
0.268151;-0.009577;10.199.299
0.277727;-0.028730;10.228.029
0.258574;0.000000;10.160.992
0.258574;-0.009577;10.113.108
0.277727;-0.009577;10.046.070
0.277727;0.009577;9.873.688
0.248997;0.009577;9.806.650
0.277727;0.000000;9.758.766
0.258574;0.009577;9.730.036
0.268151;0.000000;9.758.766
0.239420;0.000000;9.816.227
0.258574;-0.009577;9.892.841
0.268151;-0.009577;10.055.647
0.268151;-0.019154;10.141.838
0.296881;-0.028730;10.170.568
0.268151;0.000000;10.199.299
0.268151;-0.028730;10.189.722
0.268151;0.000000;10.132.261
0.248997;-0.009577;10.084.377
0.268151;-0.019154;9.921.572
0.277727;-0.009577;9.749.189
0.258574;0.000000;9.720.459
0.268151;-0.009577;9.739.613
0.268151;0.000000;9.777.920
0.268151;0.009577;9.854.534
0.248997;-0.028730;10.036.493
0.258574;-0.009577;10.074.800
0.258574;-0.019154;10.160.992
0.258574;-0.009577;10.237.606
0.268151;-0.009577;10.218.452
0.277727;-0.009577;10.160.992
0.268151;-0.019154;10.007.763
0.258574;0.000000;9.950.302
0.287304;-0.019154;9.844.957
0.296881;0.000000;9.777.920
0.268151;0.000000;9.710.882
0.268151;0.009577;9.720.459
0.258574;-0.019154;9.749.189
0.268151;-0.028730;9.911.995
0.258574;-0.009577;9.979.033
0.268151;-0.009577;10.065.224
0.258574;-0.019154;10.151.415
0.258574;-0.019154;10.199.299
0.258574;-0.009577;10.208.876
0.258574;-0.009577;10.189.722
0.287304;0.000000;10.074.800
0.277727;0.000000;9.969.456
0.248997;-0.009577;9.911.995
0.258574;0.000000;9.758.766
0.277727;0.019154;9.749.189
0.268151;0.009577;9.720.459
0.268151;0.000000;9.758.766
0.277727;-0.009577;9.864.111
0.268151;-0.009577;9.921.572
0.277727;0.000000;10.026.917
0.287304;0.000000;10.141.838
0.268151;-0.019154;10.208.876
0.268151;-0.028730;10.218.452
0.258574;-0.028730;10.170.568
0.277727;0.000000;10.074.800
0.268151;0.000000;10.017.340
0.248997;0.000000;9.911.995
0.268151;-0.009577;9.787.497
0.277727;0.009577;9.758.766
0.268151;0.000000;9.730.036
0.268151;0.000000;9.777.920
0.268151;-0.009577;9.854.534
0.277727;0.000000;9.931.149
0.258574;0.000000;9.969.456
0.268151;-0.019154;10.132.261
0.258574;-0.028730;10.160.992
0.268151;-0.028730;10.218.452
0.258574;-0.019154;10.160.992
0.277727;-0.009577;10.036.493
0.268151;0.000000;9.902.418
0.268151;-0.009577;9.816.227
0.268151;0.000000;9.797.073
0.248997;0.000000;9.758.766
0.277727;0.000000;9.787.497
0.258574;0.009577;9.816.227
0.248997;0.000000;9.873.688
0.268151;0.000000;10.017.340
0.258574;-0.028730;10.093.954
0.287304;-0.038307;10.151.415
0.258574;-0.019154;10.170.568
0.268151;-0.009577;10.189.722
0.268151;-0.019154;10.141.838
0.268151;0.000000;10.065.224
0.268151;-0.019154;9.911.995
0.268151;-0.009577;9.883.265
0.277727;0.000000;9.825.804
0.268151;0.000000;9.758.766
0.258574;0.009577;9.777.920
0.258574;0.000000;9.787.497
0.268151;0.000000;9.864.111
0.268151;-0.019154;9.998.186
0.277727;-0.009577;10.065.224
0.277727;-0.009577;10.103.531
0.277727;-0.009577;10.170.568
0.277727;-0.019154;10.132.261
0.268151;-0.009577;10.141.838
0.287304;0.000000;10.036.493
0.248997;-0.009577;9.940.725
0.277727;0.000000;9.892.841
0.277727;0.000000;9.835.381
0.248997;0.009577;9.777.920
0.277727;0.009577;9.777.920
0.268151;0.000000;9.806.650
0.268151;0.000000;9.921.572
0.268151;0.000000;9.959.879
0.258574;0.000000;10.026.917
0.258574;-0.019154;10.103.531
0.277727;-0.009577;10.160.992
0.268151;-0.028730;10.151.415
0.258574;-0.019154;10.170.568
0.268151;-0.019154;10.046.070
0.268151;0.000000;9.988.609
0.287304;0.000000;9.921.572
0.258574;0.000000;9.816.227
0.268151;-0.028730;9.806.650
0.287304;0.000000;9.816.227
0.258574;0.009577;9.816.227
0.268151;0.009577;9.873.688
0.277727;0.000000;9.969.456
0.268151;-0.009577;10.007.763
0.277727;0.000000;10.084.377
0.268151;0.000000;10.113.108
0.277727;0.000000;10.151.415
0.287304;-0.009577;10.103.531
0.268151;-0.009577;10.055.647
0.277727;-0.019154;9.998.186
0.277727;-0.038307;9.931.149
0.277727;0.009577;9.835.381
0.277727;-0.019154;9.806.650
0.258574;0.009577;9.844.957
0.229843;0.000000;9.835.381
0.258574;0.000000;9.892.841
0.277727;-0.028730;9.911.995
0.277727;-0.009577;9.979.033
0.268151;-0.009577;10.113.108
0.277727;-0.019154;10.122.684
0.277727;-0.009577;10.093.954
0.277727;-0.019154;10.055.647
0.268151;0.009577;10.017.340
0.258574;0.000000;9.911.995
0.268151;-0.019154;9.873.688
0.296881;0.000000;9.854.534
0.268151;0.000000;9.825.804
0.258574;0.019154;9.854.534
0.268151;0.019154;9.911.995
0.258574;0.000000;9.940.725
0.277727;0.000000;10.007.763
0.268151;0.000000;10.065.224
0.258574;-0.019154;10.093.954
0.258574;0.000000;10.084.377
0.268151;-0.009577;10.103.531
0.277727;-0.009577;10.036.493
0.258574;-0.019154;10.017.340
0.268151;0.000000;9.940.725
0.277727;0.000000;9.873.688
0.268151;0.000000;9.864.111
0.268151;-0.019154;9.864.111
0.248997;0.000000;9.835.381
0.268151;0.000000;9.902.418
0.229843;-0.009577;9.911.995
0.258574;-0.009577;9.998.186
0.268151;-0.019154;10.036.493
0.258574;0.009577;10.055.647
0.277727;0.000000;10.093.954
0.268151;-0.009577;10.065.224
0.268151;-0.009577;10.036.493
0.258574;-0.019154;9.969.456
0.268151;0.000000;9.950.302
0.287304;0.009577;9.911.995
0.268151;0.000000;9.911.995
0.277727;0.000000;9.883.265
0.258574;-0.009577;9.883.265
0.277727;-0.019154;9.883.265
0.258574;-0.009577;9.959.879
0.268151;-0.009577;9.998.186
0.277727;-0.009577;10.017.340
0.268151;-0.009577;10.017.340
0.268151;-0.038307;10.055.647
0.287304;-0.019154;10.055.647
0.268151;-0.009577;10.017.340
0.268151;-0.009577;9.988.609
0.277727;-0.028730;9.969.456
0.248997;-0.009577;9.902.418
0.268151;0.000000;9.902.418
0.268151;0.000000;9.892.841
0.258574;-0.019154;9.931.149
0.258574;-0.009577;9.969.456
0.287304;-0.009577;9.959.879
0.287304;0.000000;9.979.033
0.258574;-0.009577;10.017.340
0.258574;0.000000;10.036.493
0.258574;-0.019154;10.036.493
0.248997;-0.009577;10.017.340
0.277727;-0.009577;9.998.186
0.277727;-0.019154;9.979.033
0.268151;0.000000;9.940.725
0.258574;0.000000;9.921.572
0.258574;-0.028730;9.911.995
0.287304;-0.009577;9.902.418
0.248997;0.000000;9.902.418
0.258574;0.000000;9.940.725
0.258574;-0.009577;9.959.879
0.268151;-0.009577;10.017.340
0.268151;0.000000;10.036.493
0.268151;-0.009577;10.026.917
0.296881;-0.028730;10.036.493
0.268151;-0.038307;9.998.186
0.277727;-0.028730;9.969.456
0.268151;0.000000;9.940.725
0.268151;0.000000;9.921.572
0.258574;-0.009577;9.902.418
0.277727;0.000000;9.902.418
0.268151;0.000000;9.902.418
0.268151;0.000000;9.950.302
0.268151;-0.009577;9.969.456
0.268151;-0.019154;9.998.186
0.258574;0.000000;9.969.456
0.268151;0.000000;10.065.224
0.258574;-0.009577;9.998.186
0.248997;0.000000;10.026.917
0.287304;-0.009577;9.998.186
0.258574;-0.009577;9.931.149
0.258574;-0.019154;9.931.149
0.268151;-0.009577;9.911.995
0.248997;-0.019154;9.902.418
0.268151;0.000000;9.911.995
0.277727;0.000000;9.950.302
0.258574;-0.009577;9.998.186
0.268151;-0.028730;10.036.493
0.258574;-0.009577;10.055.647
0.268151;0.000000;10.055.647
0.258574;0.000000;9.988.609
0.268151;-0.009577;9.979.033
0.277727;-0.009577;9.940.725
0.268151;0.009577;9.921.572
0.258574;0.000000;9.902.418
0.248997;0.000000;9.883.265
0.277727;-0.019154;9.892.841
0.268151;-0.009577;9.911.995
0.268151;-0.009577;9.959.879
0.268151;0.000000;9.979.033
0.277727;-0.009577;10.046.070
0.268151;0.000000;10.065.224
0.268151;0.009577;10.065.224
0.268151;-0.009577;9.998.186
0.268151;0.009577;9.969.456
0.258574;-0.019154;9.940.725
0.277727;-0.019154;9.921.572
0.287304;0.000000;9.844.957
0.258574;0.000000;9.911.995
0.268151;-0.009577;9.883.265
0.258574;-0.009577;9.931.149
0.277727;0.000000;9.940.725
0.258574;0.000000;9.988.609
0.258574;-0.009577;10.055.647
0.277727;-0.019154;10.084.377
0.287304;0.000000;10.074.800
0.287304;-0.009577;10.065.224
0.268151;-0.019154;10.017.340
0.277727;-0.009577;9.969.456
0.258574;-0.009577;9.931.149
0.248997;-0.009577;9.883.265
0.258574;0.000000;9.883.265
0.239420;-0.009577;9.864.111
0.258574;-0.009577;9.854.534
0.258574;-0.009577;9.902.418
0.277727;-0.009577;9.940.725
0.258574;-0.009577;10.007.763
0.258574;-0.009577;10.074.800
0.277727;0.000000;10.084.377
0.287304;-0.009577;10.084.377
0.277727;-0.009577;10.113.108
0.268151;-0.009577;10.046.070
0.258574;-0.019154;9.988.609
0.258574;0.000000;9.940.725
0.258574;0.000000;9.883.265
0.277727;-0.009577;9.864.111
0.258574;-0.009577;9.806.650
0.277727;0.000000;9.854.534
0.268151;0.000000;9.902.418
0.287304;0.000000;9.940.725
0.268151;-0.019154;9.969.456
0.258574;0.000000;10.046.070
0.258574;-0.009577;10.093.954
0.268151;0.000000;10.093.954
0.287304;-0.019154;10.084.377
0.277727;0.000000;10.065.224
0.277727;-0.019154;10.007.763
0.277727;-0.009577;9.911.995
0.248997;0.000000;9.902.418
0.268151;0.000000;9.825.804
0.258574;-0.009577;9.806.650
0.277727;0.000000;9.844.957
0.258574;0.000000;9.873.688
0.268151;-0.009577;9.902.418
0.258574;0.000000;9.998.186
0.277727;-0.019154;10.084.377
0.258574;-0.019154;10.103.531
0.258574;-0.019154;10.141.838
0.287304;-0.009577;10.132.261
0.258574;0.000000;10.093.954
0.258574;-0.038307;10.017.340
0.277727;0.000000;9.940.725
0.268151;0.000000;9.892.841
0.277727;-0.009577;9.835.381
0.248997;-0.009577;9.797.073
0.277727;0.000000;9.825.804
0.248997;0.000000;9.844.957
0.268151;0.000000;9.902.418
0.258574;-0.009577;10.017.340
0.277727;-0.019154;10.046.070
0.258574;-0.019154;10.065.224
0.277727;-0.028730;10.151.415
0.287304;-0.019154;10.151.415
0.268151;-0.019154;10.132.261
0.268151;-0.019154;10.007.763
0.268151;0.000000;9.959.879
0.268151;-0.009577;9.892.841
0.287304;0.000000;9.825.804
0.277727;0.000000;9.797.073
0.248997;-0.009577;9.806.650
0.268151;0.000000;9.806.650
0.258574;-0.019154;9.921.572
0.268151;-0.028730;9.998.186
0.287304;-0.009577;10.055.647
0.268151;-0.019154;10.103.531
0.258574;-0.019154;10.170.568
0.287304;0.000000;10.160.992
0.277727;0.000000;10.122.684
0.268151;0.000000;10.065.224
0.258574;0.000000;9.950.302
0.287304;-0.009577;9.911.995
0.277727;0.000000;9.797.073
0.258574;0.000000;9.787.497
0.239420;0.000000;9.777.920
0.248997;0.019154;9.787.497
0.268151;-0.009577;9.892.841
0.248997;0.000000;9.979.033
0.268151;-0.009577;10.026.917
0.268151;-0.038307;10.132.261
0.277727;-0.009577;10.189.722
0.258574;-0.009577;10.180.145
0.277727;0.000000;10.132.261
0.277727;0.000000;10.084.377
0.248997;-0.009577;10.007.763
0.258574;-0.009577;9.854.534
0.258574;-0.009577;9.825.804
0.258574;-0.009577;9.758.766
0.268151;0.000000;9.777.920
0.277727;0.000000;9.816.227
0.268151;-0.028730;9.864.111
0.248997;0.000000;9.921.572
0.268151;-0.009577;9.998.186
0.277727;-0.009577;10.141.838
0.268151;-0.028730;10.160.992
0.277727;-0.019154;10.180.145
0.287304;-0.038307;10.141.838
0.258574;-0.019154;10.113.108
0.277727;-0.019154;10.036.493
0.258574;0.000000;9.902.418
0.258574;0.009577;9.854.534
0.277727;0.000000;9.787.497
0.258574;-0.009577;9.749.189
0.287304;-0.009577;9.787.497
0.268151;0.000000;9.835.381
0.258574;-0.019154;9.921.572
0.268151;0.000000;10.046.070
0.268151;0.000000;10.113.108
0.268151;-0.028730;10.141.838
0.258574;-0.009577;10.208.876
0.248997;-0.019154;10.180.145
0.258574;-0.019154;10.122.684
0.248997;-0.019154;10.065.224
0.268151;-0.009577;9.931.149
0.268151;-0.019154;9.854.534
0.268151;0.000000;9.806.650
0.258574;0.009577;9.749.189
0.268151;0.009577;9.749.189
0.277727;0.000000;9.816.227
0.258574;-0.019154;9.902.418
0.268151;0.000000;10.017.340
0.268151;-0.009577;10.103.531
0.258574;-0.009577;10.141.838
0.277727;0.000000;10.199.299
0.277727;-0.028730;10.180.145
0.268151;-0.028730;10.170.568
0.258574;0.009577;10.007.763
0.248997;-0.019154;9.969.456
0.277727;0.000000;9.883.265
0.248997;0.019154;9.787.497
0.268151;0.000000;9.749.189
0.258574;0.009577;9.777.920
0.287304;0.000000;9.787.497
0.248997;-0.009577;9.892.841
0.268151;-0.009577;9.969.456
0.268151;-0.019154;10.046.070
0.277727;0.000000;10.113.108
0.258574;-0.009577;10.228.029
0.287304;-0.019154;10.228.029
0.258574;-0.028730;10.170.568
0.268151;0.000000;10.055.647
0.287304;-0.009577;9.969.456
0.258574;0.000000;9.864.111
0.258574;0.009577;9.777.920
0.268151;0.000000;9.777.920
0.268151;0.000000;9.768.343
0.258574;0.009577;9.806.650
0.258574;0.009577;9.911.995
0.258574;0.000000;9.940.725
0.258574;-0.047884;10.017.340
0.268151;-0.019154;10.151.415
0.268151;-0.028730;10.160.992
0.277727;-0.019154;10.189.722
0.258574;-0.019154;10.160.992
0.268151;-0.038307;10.103.531
0.248997;-0.028730;10.046.070
0.277727;-0.009577;9.931.149
0.239420;0.000000;9.825.804
0.268151;0.000000;9.768.343
0.258574;-0.009577;9.777.920
0.268151;-0.009577;9.758.766
0.268151;0.000000;9.844.957
0.258574;-0.009577;9.911.995
0.277727;0.000000;9.969.456
0.258574;0.000000;10.132.261
0.268151;-0.019154;10.170.568
0.258574;-0.019154;10.160.992
0.277727;-0.009577;10.151.415
0.268151;0.000000;10.103.531
0.277727;-0.009577;10.036.493
0.287304;-0.009577;9.921.572
0.268151;0.000000;9.825.804
0.277727;-0.019154;9.787.497
0.277727;0.009577;9.768.343
0.258574;0.009577;9.768.343
0.277727;-0.009577;9.825.804
0.258574;-0.019154;9.883.265
0.268151;-0.009577;10.007.763
0.277727;-0.047884;10.113.108
0.277727;0.000000;10.151.415
0.277727;-0.019154;10.160.992
0.248997;-0.009577;10.160.992
0.287304;0.000000;10.141.838
0.268151;-0.019154;10.074.800
0.258574;0.000000;9.940.725
0.277727;0.000000;9.873.688
0.258574;0.000000;9.797.073
0.277727;0.000000;9.797.073
0.248997;-0.019154;9.768.343
0.248997;0.000000;9.777.920
0.268151;0.000000;9.844.957
0.277727;-0.009577;9.969.456
0.268151;-0.019154;10.074.800
0.268151;-0.019154;10.103.531
0.268151;-0.009577;10.151.415
0.268151;0.000000;10.180.145
0.287304;-0.028730;10.141.838
0.268151;-0.019154;10.046.070
0.248997;0.000000;9.969.456
0.258574;0.000000;9.883.265
0.277727;-0.009577;9.825.804
0.287304;0.000000;9.768.343
0.277727;-0.019154;9.777.920
0.248997;0.000000;9.777.920
0.268151;0.000000;9.892.841
0.268151;0.000000;9.969.456
0.268151;-0.028730;10.036.493
0.268151;-0.009577;10.122.684
0.248997;-0.019154;10.180.145
0.268151;-0.019154;10.170.568
0.258574;-0.038307;10.122.684
0.268151;-0.028730;10.065.224
0.258574;0.000000;9.998.186
0.258574;0.000000;9.816.227
0.268151;-0.009577;9.806.650
0.268151;0.000000;9.768.343
0.258574;-0.009577;9.844.957
0.268151;0.000000;9.931.149
0.268151;-0.009577;9.998.186
0.268151;-0.028730;10.084.377
0.268151;-0.028730;10.122.684
0.268151;-0.038307;10.151.415
0.268151;-0.019154;10.093.954
0.277727;-0.009577;10.074.800
0.268151;-0.028730;9.959.879
0.248997;0.000000;9.844.957
0.268151;0.000000;9.825.804
0.248997;-0.028730;9.787.497
0.296881;0.000000;9.835.381
0.258574;0.009577;9.873.688
0.268151;-0.019154;9.902.418
0.268151;0.000000;10.084.377
0.258574;0.000000;10.122.684
0.287304;-0.028730;10.113.108
0.277727;-0.009577;10.122.684
0.287304;-0.038307;10.084.377
0.258574;-0.009577;9.911.995
0.268151;0.000000;9.883.265
0.258574;0.000000;9.816.227
0.268151;0.000000;9.825.804
0.258574;-0.009577;9.921.572
0.248997;-0.009577;10.017.340
0.287304;-0.009577;10.055.647
0.287304;-0.009577;10.093.954
0.268151;-0.019154;10.113.108
0.277727;-0.019154;10.122.684
0.268151;0.000000;10.084.377
0.258574;-0.019154;10.036.493
0.277727;-0.009577;9.854.534
0.258574;0.009577;9.883.265
0.277727;-0.009577;9.816.227
0.268151;0.009577;9.864.111
0.248997;-0.019154;9.931.149
0.248997;-0.009577;9.979.033
0.287304;-0.009577;10.036.493
0.268151;0.000000;10.084.377
0.268151;-0.019154;10.103.531
0.268151;-0.019154;10.113.108
0.258574;-0.019154;10.084.377
0.268151;-0.009577;10.007.763
0.268151;0.000000;9.931.149
0.277727;-0.038307;9.911.995
0.296881;0.000000;9.902.418
0.258574;0.000000;9.844.957
0.258574;0.000000;9.854.534
0.258574;0.000000;9.854.534
0.287304;0.000000;9.959.879
0.268151;-0.019154;9.950.302
0.258574;-0.019154;10.026.917
0.258574;0.000000;10.093.954
0.248997;-0.019154;10.093.954
0.277727;-0.019154;10.074.800
0.268151;-0.009577;10.074.800
0.268151;-0.019154;9.988.609
0.268151;0.000000;9.969.456
0.268151;0.009577;9.959.879
0.248997;-0.009577;9.902.418
0.248997;-0.019154;9.844.957
0.277727;-0.009577;9.873.688
0.258574;0.019154;9.883.265
0.268151;-0.009577;9.950.302
0.268151;-0.019154;9.969.456
0.277727;0.000000;9.979.033
0.287304;0.000000;10.074.800
0.287304;0.000000;10.055.647
0.268151;-0.019154;10.074.800
0.258574;-0.019154;10.026.917
0.268151;-0.009577;9.998.186
0.268151;-0.009577;9.969.456
0.248997;-0.009577;9.902.418
0.258574;-0.009577;9.873.688
0.268151;-0.019154;9.883.265
0.296881;0.009577;9.921.572
0.277727;0.000000;9.911.995
0.268151;0.000000;9.959.879
0.258574;0.000000;9.979.033
0.268151;-0.009577;10.026.917
0.268151;-0.019154;10.065.224
0.268151;-0.019154;10.046.070
0.268151;0.000000;10.055.647
0.277727;0.000000;10.036.493
0.258574;-0.019154;9.998.186
0.287304;-0.019154;9.979.033
0.258574;0.000000;9.921.572
0.277727;0.000000;9.911.995
0.287304;0.000000;9.931.149
0.277727;0.000000;9.911.995
0.248997;0.000000;9.921.572
0.248997;-0.009577;9.950.302
0.268151;0.000000;9.950.302
0.268151;-0.009577;10.007.763
0.277727;0.000000;10.046.070
0.258574;0.009577;10.055.647
0.248997;-0.009577;10.017.340
0.268151;-0.019154;9.988.609
0.268151;-0.009577;9.988.609
0.277727;0.000000;9.969.456
0.277727;0.000000;9.921.572
0.248997;-0.019154;9.911.995
0.268151;0.028730;9.892.841
0.268151;-0.028730;9.911.995
0.268151;0.000000;9.959.879
0.277727;0.000000;9.988.609
0.277727;-0.028730;9.969.456
0.287304;0.000000;10.017.340
0.268151;-0.028730;10.046.070
0.248997;0.000000;10.055.647
0.258574;-0.009577;9.988.609
0.258574;0.000000;9.988.609
0.268151;-0.009577;9.969.456
0.248997;-0.019154;9.921.572
0.268151;-0.028730;9.921.572
0.258574;0.000000;9.902.418
0.248997;-0.019154;9.911.995
0.277727;0.000000;9.950.302
0.277727;-0.028730;9.998.186
0.296881;0.000000;9.979.033
0.296881;0.000000;10.026.917
0.277727;-0.009577;10.026.917
0.277727;-0.009577;10.036.493
0.268151;0.000000;10.036.493
0.248997;-0.019154;9.988.609
0.258574;-0.019154;9.940.725
0.248997;0.000000;9.998.186
0.287304;0.000000;9.921.572
0.287304;0.009577;9.931.149
0.268151;-0.009577;9.892.841
0.248997;0.000000;9.892.841
0.258574;0.000000;9.959.879
0.258574;0.000000;9.950.302
0.277727;0.000000;10.026.917
0.258574;0.000000;9.998.186
0.239420;-0.009577;10.026.917
0.248997;0.000000;10.046.070
0.258574;-0.019154;10.017.340
0.258574;-0.009577;10.007.763
0.277727;-0.028730;9.969.456
0.268151;0.000000;9.931.149
0.258574;0.000000;9.902.418
0.258574;0.000000;9.911.995
0.287304;0.000000;9.921.572
0.296881;0.000000;9.931.149
0.296881;0.000000;9.959.879
0.268151;0.000000;9.969.456
0.248997;-0.019154;10.026.917
0.268151;0.000000;10.046.070
0.268151;0.000000;10.036.493
0.258574;-0.038307;10.055.647
0.239420;-0.038307;10.007.763
0.268151;-0.009577;10.026.917
0.248997;-0.009577;9.969.456
0.287304;0.000000;9.921.572
0.277727;0.000000;9.902.418
0.277727;-0.019154;9.864.111
0.277727;0.000000;9.883.265
0.268151;-0.009577;9.931.149
0.287304;-0.009577;9.931.149
0.287304;-0.009577;10.026.917
0.277727;-0.019154;10.017.340
0.248997;-0.009577;10.055.647
0.268151;-0.019154;10.074.800
0.268151;-0.009577;10.074.800
0.277727;0.009577;10.046.070
0.258574;-0.019154;9.988.609
0.277727;0.000000;9.940.725
0.277727;-0.009577;9.902.418
0.287304;-0.028730;9.864.111
0.268151;0.000000;9.864.111
0.239420;-0.019154;9.864.111
0.258574;-0.019154;9.883.265
0.248997;0.009577;9.950.302
0.268151;-0.019154;9.988.609
0.268151;-0.009577;10.026.917
0.258574;-0.028730;10.074.800
0.268151;-0.038307;10.074.800
0.277727;0.000000;10.084.377
0.277727;-0.009577;10.036.493
0.287304;-0.019154;10.007.763
0.287304;-0.009577;9.931.149
0.296881;0.000000;9.902.418
0.258574;0.000000;9.892.841
0.268151;0.000000;9.835.381
0.268151;0.000000;9.844.957
0.277727;-0.019154;9.864.111
0.258574;0.000000;9.931.149
0.239420;-0.019154;9.988.609
0.248997;-0.009577;10.036.493
0.277727;-0.028730;10.055.647
0.277727;-0.009577;10.122.684
0.258574;-0.019154;10.113.108
0.258574;-0.019154;10.084.377
0.268151;0.000000;10.017.340
0.287304;0.000000;9.950.302
0.287304;-0.019154;9.931.149
0.287304;0.000000;9.892.841
0.258574;0.000000;9.844.957
0.248997;-0.009577;9.825.804
0.258574;-0.019154;9.844.957
0.277727;0.000000;9.931.149
0.287304;-0.019154;9.969.456
0.258574;-0.009577;10.036.493
0.268151;-0.028730;10.093.954
0.277727;0.000000;10.132.261
0.277727;-0.019154;10.113.108
0.287304;-0.019154;10.103.531
0.287304;0.000000;10.007.763
0.268151;-0.019154;9.969.456
0.258574;0.000000;9.921.572
0.277727;0.019154;9.816.227
0.258574;0.000000;9.797.073
0.258574;0.000000;9.816.227
0.258574;0.000000;9.835.381
0.248997;0.000000;9.911.995
0.268151;0.009577;9.950.302
0.277727;-0.009577;10.017.340
0.277727;-0.019154;10.103.531
0.296881;-0.009577;10.122.684
0.287304;-0.028730;10.132.261
0.277727;-0.038307;10.103.531
0.287304;-0.028730;10.055.647
0.277727;0.000000;10.017.340
0.268151;-0.028730;9.940.725
0.268151;-0.009577;9.835.381
0.268151;-0.028730;9.797.073
0.258574;0.000000;9.787.497
0.258574;0.000000;9.844.957
0.258574;-0.009577;9.892.841
0.248997;-0.028730;9.921.572
0.277727;-0.019154;10.055.647
0.268151;-0.019154;10.093.954
0.296881;-0.019154;10.141.838
0.268151;-0.028730;10.151.415
0.258574;0.000000;10.103.531
0.258574;0.000000;10.065.224
0.268151;-0.009577;9.998.186
0.258574;-0.009577;9.892.841
0.248997;-0.009577;9.864.111
0.268151;0.000000;9.816.227
0.268151;-0.019154;9.825.804
0.268151;-0.009577;9.797.073
0.268151;-0.009577;9.844.957
0.268151;0.000000;10.036.493
0.248997;0.000000;10.103.531
0.287304;-0.019154;10.122.684
0.277727;0.000000;10.170.568
0.268151;-0.009577;10.141.838
0.248997;-0.009577;10.132.261
0.258574;-0.009577;10.036.493
0.258574;0.000000;9.902.418
0.258574;0.000000;9.902.418
0.287304;0.000000;9.806.650
0.258574;0.000000;9.777.920
0.268151;0.000000;9.787.497
0.268151;-0.019154;9.816.227
0.277727;-0.019154;9.854.534
0.296881;-0.028730;10.007.763
0.268151;0.000000;10.046.070
0.268151;-0.028730;10.160.992
0.277727;-0.009577;10.151.415
0.258574;-0.038307;10.141.838
0.268151;-0.019154;10.132.261
0.268151;-0.009577;10.017.340
0.258574;0.000000;9.959.879
0.258574;0.000000;9.892.841
0.268151;0.000000;9.825.804
0.277727;0.000000;9.797.073
0.268151;0.000000;9.816.227
0.268151;0.000000;9.816.227
0.248997;0.000000;9.902.418
0.258574;0.000000;9.969.456
0.268151;-0.009577;10.055.647
0.268151;-0.047884;10.122.684
0.277727;-0.009577;10.170.568
0.258574;-0.009577;10.151.415
0.268151;-0.028730;10.160.992
0.268151;-0.019154;10.026.917
0.287304;-0.009577;9.950.302
0.258574;-0.009577;9.902.418
0.277727;0.009577;9.816.227
0.248997;0.000000;9.768.343
0.268151;-0.009577;9.768.343
0.268151;0.000000;9.806.650
0.239420;0.000000;9.864.111
0.277727;0.000000;9.931.149
0.277727;-0.009577;10.007.763
0.258574;-0.028730;10.141.838
0.258574;-0.028730;10.160.992
0.248997;-0.009577;10.189.722
0.277727;-0.028730;10.122.684
0.277727;0.000000;10.074.800
0.248997;0.000000;10.007.763
0.258574;0.000000;9.921.572
0.277727;0.000000;9.806.650
0.268151;-0.009577;9.768.343
0.268151;-0.019154;9.768.343
0.268151;0.019154;9.777.920
0.277727;-0.009577;9.854.534
0.268151;0.000000;9.921.572
0.277727;-0.028730;10.026.917
0.258574;-0.038307;10.093.954
0.239420;-0.009577;10.151.415
0.268151;-0.038307;10.180.145
0.258574;-0.028730;10.141.838
0.258574;-0.009577;10.122.684
0.277727;-0.019154;10.017.340
0.268151;-0.009577;9.911.995
0.258574;0.000000;9.835.381
0.268151;0.000000;9.787.497
0.277727;0.000000;9.758.766
0.239420;0.000000;9.787.497
0.277727;0.000000;9.835.381
0.248997;0.000000;9.883.265
0.258574;-0.028730;10.026.917
0.268151;0.000000;10.074.800
0.287304;-0.009577;10.141.838
0.277727;-0.028730;10.180.145
0.258574;-0.019154;10.160.992
0.296881;-0.009577;10.113.108
0.296881;-0.009577;10.084.377
0.268151;-0.019154;9.940.725
0.248997;0.000000;9.883.265
0.268151;0.009577;9.797.073
0.248997;0.000000;9.739.613
0.248997;-0.009577;9.806.650
0.258574;0.000000;9.797.073
0.248997;0.000000;9.911.995
0.248997;0.000000;9.998.186
0.277727;-0.038307;10.065.224
0.268151;0.000000;10.103.531
0.287304;0.000000;10.160.992
0.277727;-0.038307;10.151.415
0.268151;-0.019154;10.160.992
0.296881;-0.009577;10.026.917
0.268151;0.000000;9.969.456
0.268151;-0.019154;9.892.841
0.277727;0.000000;9.854.534
0.258574;0.009577;9.768.343
0.258574;0.000000;9.787.497
0.258574;0.000000;9.777.920
0.268151;0.000000;9.873.688
0.268151;-0.009577;9.940.725
0.258574;0.000000;10.017.340
0.258574;-0.019154;10.151.415
0.277727;0.000000;10.208.876
0.258574;-0.019154;10.160.992
0.268151;0.009577;10.065.224
0.258574;-0.028730;9.979.033
0.248997;-0.019154;9.921.572
0.268151;-0.009577;9.835.381
0.239420;0.000000;9.797.073
0.258574;0.009577;9.768.343
0.268151;0.000000;9.777.920
0.277727;-0.009577;9.854.534
0.277727;-0.009577;9.921.572
0.277727;0.000000;9.998.186
0.287304;0.000000;10.093.954
0.277727;-0.028730;10.141.838
0.296881;-0.019154;10.151.415
0.277727;-0.009577;10.093.954
0.277727;-0.019154;10.093.954
0.268151;-0.028730;10.007.763
0.248997;-0.028730;9.940.725
0.268151;0.000000;9.816.227
0.258574;0.000000;9.777.920
0.268151;0.000000;9.777.920
0.239420;0.000000;9.816.227
0.248997;0.000000;9.835.381
0.258574;-0.009577;9.911.995
0.277727;-0.019154;9.998.186
0.287304;-0.009577;10.065.224
0.277727;-0.028730;10.122.684
0.268151;-0.009577;10.141.838
0.258574;-0.028730;10.122.684
0.268151;-0.028730;10.074.800
0.268151;-0.009577;10.055.647
0.277727;0.000000;9.911.995
0.268151;0.009577;9.844.957
0.258574;-0.009577;9.825.804
0.258574;0.000000;9.825.804
0.248997;0.000000;9.806.650
0.258574;0.000000;9.844.957
0.277727;-0.009577;9.873.688
0.268151;0.000000;10.017.340
0.248997;-0.028730;10.065.224
0.258574;-0.028730;10.084.377
0.258574;0.000000;10.132.261
0.268151;0.000000;10.113.108
0.268151;-0.019154;10.103.531
0.258574;0.000000;10.065.224
0.268151;0.000000;9.959.879
0.277727;0.000000;9.902.418
0.277727;0.000000;9.835.381
0.268151;0.009577;9.825.804
0.287304;0.000000;9.825.804
0.277727;-0.009577;9.816.227
0.258574;0.009577;9.959.879
0.277727;0.000000;9.969.456
0.258574;-0.009577;9.998.186
0.268151;0.000000;10.065.224
0.277727;-0.009577;10.103.531
0.268151;-0.019154;10.113.108
0.277727;-0.009577;10.113.108
0.258574;-0.009577;10.026.917
0.287304;0.000000;9.969.456
0.258574;0.000000;9.921.572
0.248997;0.000000;9.854.534
0.277727;0.009577;9.835.381
0.268151;-0.009577;9.825.804
0.268151;-0.009577;9.844.957
0.277727;0.000000;9.921.572
0.268151;-0.009577;9.950.302
0.268151;-0.009577;9.998.186
0.268151;-0.019154;10.065.224
0.258574;-0.009577;10.103.531
0.268151;-0.019154;10.036.493
0.306458;-0.019154;9.988.609
0.277727;-0.009577;9.940.725
0.268151;0.000000;9.902.418
0.268151;-0.028730;9.844.957
0.258574;0.000000;9.835.381
0.268151;0.000000;9.892.841
0.248997;0.000000;9.902.418
0.268151;0.000000;9.931.149
0.248997;-0.009577;9.988.609
0.268151;-0.019154;10.055.647
0.277727;-0.009577;10.074.800
0.277727;-0.009577;10.093.954
0.287304;0.000000;10.036.493
0.296881;-0.038307;10.017.340
0.287304;-0.009577;10.017.340
0.277727;-0.009577;9.959.879
0.277727;0.000000;9.883.265
0.268151;0.000000;9.864.111
0.239420;0.009577;9.864.111
0.258574;-0.028730;9.883.265
0.248997;-0.028730;9.959.879
0.277727;-0.009577;9.998.186
0.258574;-0.009577;10.055.647
0.268151;-0.019154;10.065.224
0.268151;-0.019154;10.055.647
0.277727;-0.028730;10.046.070
0.258574;0.000000;10.007.763
0.268151;0.000000;9.921.572
0.268151;0.000000;9.883.265
0.268151;-0.028730;9.873.688
0.268151;0.000000;9.902.418
0.287304;-0.009577;9.931.149
0.258574;-0.009577;9.911.995
0.248997;-0.028730;9.998.186
0.268151;-0.009577;10.055.647
0.268151;0.000000;10.065.224
0.268151;-0.028730;10.055.647
0.277727;-0.019154;10.046.070
0.258574;-0.009577;10.017.340
0.248997;0.000000;10.007.763
0.268151;0.000000;9.950.302
0.248997;0.000000;9.911.995
0.258574;0.000000;9.911.995
0.248997;0.000000;9.883.265
0.258574;0.000000;9.911.995
0.248997;0.000000;9.921.572
0.258574;0.000000;9.940.725
0.287304;-0.009577;9.959.879
0.287304;-0.009577;9.998.186
0.277727;0.000000;10.036.493
0.258574;-0.038307;10.036.493
0.277727;0.000000;10.007.763
0.277727;-0.019154;10.026.917
0.287304;-0.009577;9.988.609
0.258574;0.000000;9.950.302
0.268151;0.000000;9.931.149
0.277727;-0.009577;9.921.572
0.268151;0.000000;9.902.418
0.268151;0.000000;9.931.149
0.277727;0.000000;9.940.725
0.258574;0.000000;9.988.609
0.287304;-0.019154;9.969.456
0.277727;0.000000;9.998.186
0.287304;0.000000;10.046.070
0.277727;0.000000;10.017.340
0.258574;-0.019154;10.017.340
0.258574;-0.009577;10.007.763
0.277727;0.000000;9.959.879
0.248997;0.000000;9.959.879
0.258574;-0.009577;9.921.572
0.277727;-0.019154;9.931.149
0.296881;0.000000;9.911.995
0.248997;-0.019154;9.950.302
0.268151;-0.009577;9.969.456
0.277727;-0.009577;9.998.186
0.277727;0.000000;9.998.186
0.277727;-0.009577;9.988.609
0.258574;0.009577;10.026.917
0.268151;-0.009577;10.007.763
0.268151;-0.019154;9.969.456
0.268151;0.000000;9.969.456
0.248997;0.000000;9.950.302
0.258574;-0.009577;9.921.572
0.277727;-0.009577;9.931.149
0.268151;-0.009577;9.921.572
0.258574;0.000000;9.921.572
0.277727;-0.019154;9.911.995
0.268151;-0.009577;9.979.033
0.258574;-0.009577;9.988.609
0.277727;-0.019154;10.007.763
0.258574;0.000000;10.017.340
0.258574;-0.009577;10.017.340
0.268151;-0.009577;10.017.340
0.287304;0.000000;9.988.609
0.268151;-0.009577;9.950.302
0.277727;0.009577;9.931.149
0.268151;0.000000;9.902.418
0.277727;-0.009577;9.911.995
0.277727;0.009577;9.931.149
0.277727;0.000000;9.921.572
0.268151;-0.009577;9.950.302
0.248997;-0.019154;10.007.763
0.248997;-0.028730;9.998.186
0.268151;-0.009577;10.007.763
0.277727;0.000000;10.017.340
0.258574;-0.019154;10.026.917
0.258574;-0.019154;9.998.186
0.258574;0.000000;9.988.609
0.287304;-0.028730;9.969.456
0.268151;-0.009577;9.950.302
0.268151;-0.009577;9.902.418
0.277727;-0.019154;9.931.149
0.258574;-0.009577;9.940.725
0.277727;-0.019154;9.969.456
0.248997;0.000000;9.998.186
0.258574;-0.019154;10.036.493
0.268151;-0.047884;10.017.340
0.258574;-0.019154;10.055.647
0.248997;-0.009577;10.065.224
0.258574;-0.019154;10.017.340
0.248997;-0.028730;9.979.033
0.268151;0.000000;9.940.725
0.277727;0.000000;9.911.995
0.268151;0.000000;9.854.534
0.239420;0.009577;9.883.265
0.277727;-0.028730;9.883.265
0.277727;0.000000;9.902.418
0.258574;-0.009577;9.950.302
0.268151;-0.028730;10.007.763
0.248997;-0.028730;10.026.917
0.277727;0.000000;10.065.224
0.277727;-0.009577;10.093.954
0.287304;0.000000;10.055.647
0.268151;-0.019154;9.988.609
0.277727;-0.009577;9.969.456
0.258574;0.000000;9.931.149
0.287304;0.000000;9.902.418
0.258574;0.000000;9.883.265
0.258574;0.000000;9.873.688
0.258574;0.000000;9.892.841
0.248997;-0.019154;9.940.725
0.258574;-0.009577;9.998.186
0.258574;-0.019154;9.998.186
0.258574;-0.009577;10.036.493
0.277727;-0.019154;10.074.800
0.277727;0.000000;10.065.224
0.268151;0.000000;10.026.917
0.268151;-0.009577;9.979.033
0.277727;0.000000;9.931.149
0.268151;-0.009577;9.892.841
0.258574;-0.019154;9.864.111
0.248997;0.000000;9.854.534
0.268151;-0.019154;9.892.841
0.258574;-0.009577;9.911.995
0.248997;-0.009577;9.940.725
0.277727;0.000000;10.007.763
0.258574;0.000000;10.065.224
0.277727;0.000000;10.103.531
0.277727;-0.028730;10.084.377
0.296881;-0.009577;10.093.954
0.258574;0.000000;9.988.609
0.248997;-0.028730;9.940.725
0.287304;0.000000;9.892.841
0.268151;0.009577;9.835.381
0.277727;0.000000;9.844.957
0.258574;-0.009577;9.883.265
0.248997;-0.009577;9.902.418
0.268151;-0.019154;9.940.725
0.277727;0.000000;9.988.609
0.296881;-0.038307;10.055.647
0.258574;-0.019154;10.103.531
0.268151;-0.019154;10.093.954
0.268151;-0.009577;10.084.377
0.268151;-0.009577;10.046.070
0.268151;-0.009577;10.036.493
0.258574;0.000000;9.911.995
0.258574;0.009577;9.902.418
0.268151;-0.009577;9.844.957
0.268151;0.000000;9.797.073
0.268151;0.000000;9.806.650
0.258574;-0.019154;9.873.688
0.268151;-0.009577;9.902.418
0.287304;0.000000;10.007.763
0.268151;0.000000;10.084.377
0.277727;-0.009577;10.093.954
0.268151;-0.019154;10.122.684
0.277727;-0.009577;10.113.108
0.277727;-0.009577;10.084.377
0.248997;0.000000;10.036.493
0.277727;0.000000;9.940.725
0.268151;0.000000;9.892.841
0.258574;0.000000;9.844.957
0.248997;-0.019154;9.777.920
0.258574;0.000000;9.816.227
0.277727;0.000000;9.873.688
0.258574;-0.047884;9.911.995
0.268151;-0.019154;9.988.609
0.258574;-0.009577;10.055.647
0.248997;-0.028730;10.093.954
0.277727;-0.009577;10.160.992
0.268151;-0.038307;10.141.838
0.258574;-0.019154;10.113.108
0.258574;-0.028730;9.988.609
0.258574;0.000000;9.931.149
0.268151;0.000000;9.902.418
0.258574;-0.009577;9.864.111
0.258574;0.000000;9.806.650
0.268151;-0.019154;9.787.497
0.258574;0.000000;9.825.804
0.277727;-0.009577;9.921.572
0.277727;0.000000;9.959.879
0.287304;-0.009577;10.026.917
0.287304;-0.009577;10.113.108
0.268151;-0.028730;10.160.992
0.268151;-0.009577;10.160.992
0.268151;0.000000;10.113.108
0.268151;-0.038307;10.036.493
0.268151;-0.009577;9.979.033
0.258574;0.000000;9.921.572
0.277727;-0.009577;9.844.957
0.239420;0.000000;9.816.227
0.277727;0.000000;9.787.497
0.287304;0.000000;9.825.804
0.258574;-0.009577;9.921.572
0.268151;-0.009577;9.950.302
0.248997;-0.009577;9.998.186
0.296881;-0.028730;10.151.415
0.268151;-0.019154;10.160.992
0.258574;0.000000;10.160.992
0.268151;-0.019154;10.103.531
0.268151;-0.047884;10.093.954
0.248997;0.000000;10.026.917
0.277727;-0.019154;9.940.725
0.287304;0.019154;9.816.227
0.268151;0.009577;9.797.073
0.258574;-0.009577;9.806.650
0.268151;-0.028730;9.816.227
0.287304;0.000000;9.883.265
0.248997;-0.009577;9.921.572
0.287304;-0.009577;10.065.224
0.268151;-0.028730;10.122.684
0.277727;0.000000;10.132.261
0.268151;-0.009577;10.141.838
0.277727;-0.019154;10.132.261
0.268151;-0.019154;10.074.800
0.277727;-0.028730;10.007.763
0.258574;0.000000;9.921.572
0.268151;0.000000;9.844.957
0.277727;0.019154;9.816.227
0.268151;0.000000;9.797.073
0.268151;0.000000;9.806.650
0.268151;0.000000;9.825.804
0.268151;0.000000;9.921.572
0.258574;0.000000;10.007.763
0.268151;-0.009577;10.093.954
0.268151;-0.009577;10.113.108
0.268151;-0.028730;10.160.992
0.258574;0.000000;10.132.261
0.268151;-0.019154;10.113.108
0.268151;-0.009577;10.046.070
0.248997;-0.009577;9.921.572
0.268151;0.000000;9.864.111
0.287304;0.009577;9.816.227
0.258574;0.000000;9.797.073
0.258574;0.000000;9.797.073
0.258574;0.019154;9.825.804
0.277727;0.009577;9.854.534
0.268151;-0.009577;10.017.340
0.258574;-0.038307;10.017.340
0.268151;-0.019154;10.113.108
0.258574;-0.019154;10.141.838
0.268151;-0.009577;10.151.415
0.248997;-0.019154;10.132.261
0.268151;-0.019154;10.036.493
0.268151;-0.019154;9.979.033
0.258574;-0.038307;9.902.418
0.268151;0.000000;9.835.381
0.239420;0.000000;9.787.497
0.287304;0.000000;9.768.343
0.258574;0.000000;9.787.497
0.287304;-0.009577;9.902.418
0.268151;-0.009577;9.988.609
0.258574;-0.009577;10.046.070
0.277727;-0.009577;10.103.531
0.268151;-0.009577;10.151.415
0.277727;-0.019154;10.160.992
0.277727;-0.047884;10.180.145
0.287304;-0.028730;10.055.647
0.268151;-0.019154;9.979.033
0.277727;0.000000;9.911.995
0.277727;0.019154;9.816.227
0.268151;0.009577;9.797.073
0.268151;0.000000;9.777.920
0.248997;-0.019154;9.787.497
0.268151;-0.009577;9.883.265
0.268151;-0.009577;9.921.572
0.258574;-0.009577;9.988.609
0.287304;-0.028730;10.103.531
0.258574;-0.009577;10.160.992
0.258574;-0.019154;10.151.415
0.287304;-0.009577;10.113.108
0.277727;-0.009577;10.093.954
0.296881;-0.009577;10.017.340
0.277727;0.000000;9.969.456
0.277727;-0.009577;9.835.381
0.277727;0.009577;9.806.650
0.268151;-0.028730;9.787.497
0.277727;-0.009577;9.806.650
0.268151;-0.009577;9.902.418
0.258574;-0.009577;10.017.340
0.277727;0.000000;10.093.954
0.287304;-0.028730;10.141.838
0.277727;-0.019154;10.160.992
0.268151;-0.028730;10.151.415
0.277727;-0.019154;10.074.800
0.268151;0.000000;10.065.224
0.258574;-0.009577;9.902.418
0.248997;0.000000;9.864.111
0.258574;0.000000;9.825.804
0.277727;-0.009577;9.797.073
0.248997;0.000000;9.797.073
0.239420;-0.009577;9.854.534
0.277727;-0.009577;9.883.265
0.287304;0.000000;9.988.609
0.277727;-0.019154;10.046.070
0.258574;-0.019154;10.093.954
0.258574;-0.009577;10.160.992
0.258574;-0.009577;10.132.261
0.248997;-0.009577;10.093.954
0.277727;0.000000;10.055.647
0.248997;0.000000;9.940.725
0.258574;-0.009577;9.921.572
0.268151;0.009577;9.864.111
0.268151;0.000000;9.797.073
0.248997;-0.009577;9.806.650
0.268151;0.009577;9.825.804
0.258574;0.000000;9.844.957
0.277727;0.000000;9.969.456
0.277727;0.000000;10.046.070
0.268151;-0.019154;10.103.531
0.287304;-0.028730;10.141.838
0.268151;-0.009577;10.160.992
0.268151;-0.028730;10.093.954
0.248997;-0.019154;10.036.493
0.268151;0.000000;9.969.456
0.268151;-0.009577;9.931.149
0.258574;0.019154;9.883.265
0.268151;0.000000;9.806.650
0.258574;-0.009577;9.825.804
0.268151;0.000000;9.835.381
0.258574;0.000000;9.921.572
0.277727;-0.009577;9.969.456
0.258574;-0.009577;10.007.763
0.287304;-0.019154;10.084.377
0.268151;-0.009577;10.084.377
0.277727;-0.009577;10.084.377
0.258574;-0.028730;10.122.684
0.287304;-0.028730;10.036.493
0.268151;-0.009577;9.988.609
0.277727;0.000000;9.950.302
0.277727;0.000000;9.835.381
0.268151;-0.009577;9.825.804
0.277727;0.000000;9.854.534
0.268151;-0.009577;9.854.534
0.258574;-0.009577;9.902.418
0.268151;-0.019154;9.959.879
0.268151;-0.019154;9.969.456
0.277727;-0.019154;10.084.377
0.268151;0.000000;10.074.800
0.258574;-0.038307;10.132.261
0.287304;-0.019154;10.084.377
0.258574;-0.028730;10.055.647
0.258574;0.000000;10.017.340
0.277727;0.000000;9.979.033
0.258574;-0.009577;9.892.841
0.277727;0.000000;9.844.957
0.248997;0.000000;9.844.957
0.268151;-0.009577;9.873.688
0.268151;0.000000;9.902.418
0.258574;0.000000;9.940.725
0.287304;0.000000;9.998.186
0.268151;-0.009577;10.055.647
0.268151;-0.009577;10.046.070
0.258574;-0.028730;10.122.684
0.258574;-0.019154;10.084.377
0.277727;-0.028730;10.046.070
0.277727;0.000000;9.969.456
0.258574;-0.019154;9.950.302
0.258574;-0.009577;9.911.995
0.287304;0.000000;9.883.265
0.248997;0.000000;9.864.111
0.277727;-0.009577;9.864.111
0.277727;0.000000;9.892.841
0.258574;-0.009577;9.921.572
0.277727;-0.009577;9.998.186
0.268151;-0.019154;10.007.763
0.277727;-0.019154;10.055.647
0.277727;-0.019154;10.074.800
0.287304;-0.047884;10.074.800
0.287304;-0.019154;10.046.070
0.268151;-0.009577;10.007.763
0.287304;-0.009577;9.950.302
0.287304;-0.009577;9.911.995
0.268151;0.000000;9.911.995
0.287304;-0.009577;9.873.688
0.248997;-0.009577;9.883.265
0.268151;0.000000;9.902.418
0.268151;0.000000;9.940.725
0.268151;0.000000;9.979.033
0.277727;0.000000;9.998.186
0.258574;0.000000;10.036.493
0.268151;0.000000;10.074.800
0.277727;-0.009577;10.046.070
0.268151;-0.009577;10.007.763
0.277727;0.000000;10.007.763
0.258574;-0.019154;9.940.725
0.248997;0.000000;9.950.302
0.248997;0.000000;9.911.995
0.277727;0.000000;9.873.688
0.277727;0.000000;9.892.841
0.268151;0.000000;9.921.572
0.258574;0.000000;9.950.302
0.287304;-0.009577;10.017.340
0.258574;-0.019154;10.007.763
0.287304;-0.038307;10.055.647
0.258574;-0.009577;10.055.647
0.258574;0.000000;10.074.800
0.277727;0.000000;10.007.763
0.258574;0.000000;9.988.609
0.268151;0.000000;9.959.879
0.258574;-0.009577;9.950.302
0.258574;-0.019154;9.902.418
0.277727;-0.028730;9.883.265
0.258574;-0.009577;9.883.265
0.268151;-0.009577;9.921.572
0.268151;-0.019154;9.940.725
0.277727;-0.009577;9.998.186
0.258574;0.000000;9.988.609
0.268151;0.000000;10.017.340
0.277727;-0.019154;10.017.340
0.277727;-0.009577;10.036.493
0.258574;-0.009577;10.007.763
0.258574;-0.019154;9.979.033
0.277727;-0.009577;9.931.149
0.268151;-0.019154;9.931.149
0.248997;0.000000;9.902.418
0.277727;0.000000;9.931.149
0.268151;-0.019154;9.911.995
0.258574;-0.009577;9.950.302
0.248997;0.000000;9.950.302
0.258574;-0.019154;9.969.456
0.277727;0.019154;9.979.033
0.268151;0.000000;10.007.763
0.258574;0.000000;10.026.917
0.277727;-0.028730;10.007.763
0.258574;-0.009577;9.998.186
0.277727;-0.009577;9.979.033
0.268151;-0.009577;9.969.456
0.258574;-0.019154;9.931.149
0.258574;0.009577;9.921.572
0.248997;0.000000;9.911.995
0.268151;-0.019154;9.911.995
0.277727;-0.019154;9.998.186
0.258574;-0.019154;9.940.725
0.277727;0.009577;9.998.186
0.277727;-0.019154;10.017.340
0.277727;-0.019154;9.998.186
0.258574;-0.019154;10.007.763
0.277727;0.000000;9.979.033
0.258574;-0.009577;9.959.879
0.258574;0.000000;9.931.149
0.258574;0.000000;9.911.995
0.248997;-0.028730;9.892.841
0.268151;-0.028730;9.911.995
0.258574;0.000000;9.950.302
0.268151;-0.019154;9.969.456
0.277727;-0.009577;9.959.879
0.277727;0.000000;9.998.186
0.277727;-0.009577;10.017.340
0.258574;-0.019154;10.026.917
0.268151;-0.019154;10.007.763
0.268151;0.000000;10.007.763
0.287304;0.000000;9.959.879
0.268151;0.000000;9.950.302
0.268151;0.000000;9.911.995
0.277727;-0.009577;9.902.418
0.258574;-0.009577;9.911.995
0.277727;-0.009577;9.950.302
0.258574;-0.019154;9.969.456
0.268151;-0.009577;9.959.879
0.248997;-0.028730;10.007.763
0.268151;0.000000;10.017.340
0.258574;-0.009577;10.046.070
0.258574;-0.009577;10.036.493
0.277727;0.000000;10.007.763
0.268151;-0.019154;9.979.033
0.268151;0.000000;9.969.456
0.258574;0.000000;9.950.302
0.287304;-0.019154;9.911.995
0.268151;-0.009577;9.902.418
0.287304;0.000000;9.902.418
0.268151;0.000000;9.940.725
0.268151;0.000000;9.950.302
0.277727;-0.028730;9.988.609
0.258574;-0.019154;10.017.340
0.268151;-0.009577;10.055.647
0.277727;0.000000;10.036.493
0.268151;0.000000;10.007.763
0.287304;0.000000;10.026.917
0.258574;0.000000;9.988.609
0.258574;-0.019154;9.940.725
0.258574;-0.009577;9.892.841
0.268151;0.000000;9.931.149
0.268151;-0.009577;9.883.265
0.258574;0.000000;9.911.995
0.277727;0.000000;9.931.149
0.277727;-0.019154;9.959.879
0.268151;-0.009577;9.998.186
0.277727;-0.009577;10.046.070
0.268151;0.000000;10.026.917
0.268151;-0.019154;10.055.647
0.287304;0.000000;10.055.647
0.248997;-0.028730;10.007.763
0.268151;0.000000;9.979.033
0.268151;-0.009577;9.950.302
0.287304;-0.019154;9.902.418
0.248997;-0.019154;9.902.418
0.287304;-0.019154;9.892.841
0.268151;0.000000;9.883.265
0.268151;0.000000;9.892.841
0.258574;0.000000;9.931.149
0.277727;-0.019154;9.988.609
0.268151;-0.028730;10.055.647
0.258574;-0.028730;10.046.070
0.277727;-0.047884;10.084.377
0.277727;0.000000;10.065.224
0.268151;-0.019154;10.026.917
0.277727;0.000000;9.998.186
0.258574;0.000000;9.940.725
0.268151;-0.019154;9.892.841
0.248997;0.000000;9.892.841
0.258574;0.000000;9.854.534
0.248997;0.000000;9.892.841
0.258574;0.000000;9.883.265
0.248997;-0.019154;9.921.572
0.287304;-0.009577;10.036.493
0.268151;0.000000;10.074.800
0.268151;-0.028730;10.055.647
0.277727;-0.009577;10.093.954
0.268151;-0.009577;10.084.377
0.277727;-0.009577;10.065.224
0.258574;-0.019154;10.017.340
0.248997;-0.019154;9.921.572
0.248997;0.000000;9.902.418
0.268151;0.000000;9.854.534
0.268151;0.000000;9.883.265
0.268151;0.019154;9.854.534
0.258574;-0.028730;9.873.688
0.268151;-0.019154;9.911.995
0.258574;0.000000;9.988.609
0.268151;-0.019154;10.026.917
0.277727;-0.028730;10.084.377
0.287304;-0.009577;10.113.108
0.277727;-0.009577;10.132.261
0.268151;0.000000;10.055.647
0.277727;0.000000;10.017.340
0.277727;-0.028730;9.959.879
0.268151;-0.028730;9.921.572
0.268151;0.000000;9.844.957
0.248997;0.000000;9.797.073
0.258574;0.000000;9.816.227
0.268151;0.000000;9.873.688
0.268151;-0.019154;9.940.725
0.258574;-0.009577;9.959.879
0.258574;-0.028730;9.998.186
0.258574;0.000000;10.046.070
0.268151;0.000000;10.141.838
0.277727;-0.019154;10.113.108
0.268151;0.000000;10.055.647
0.287304;-0.019154;10.026.917
0.277727;-0.009577;9.969.456
0.258574;-0.009577;9.921.572
0.248997;0.000000;9.844.957
0.258574;0.000000;9.825.804
0.248997;-0.009577;9.835.381
0.268151;-0.019154;9.864.111
0.258574;-0.009577;9.902.418
0.258574;-0.019154;9.950.302
0.277727;0.009577;10.017.340
0.268151;0.000000;10.103.531
0.277727;-0.019154;10.113.108
0.277727;-0.038307;10.084.377
0.268151;-0.019154;10.074.800
0.258574;-0.019154;10.036.493
0.287304;-0.019154;9.979.033
0.268151;0.000000;9.931.149
0.277727;0.009577;9.864.111
0.268151;0.009577;9.816.227
0.277727;-0.009577;9.816.227
0.287304;0.000000;9.864.111
0.258574;-0.019154;9.911.995
0.258574;-0.009577;9.959.879
0.277727;-0.009577;9.988.609
0.268151;-0.009577;10.093.954
0.268151;-0.019154;10.113.108
0.258574;-0.009577;10.113.108
0.277727;-0.009577;10.093.954
0.268151;0.000000;10.074.800
0.268151;0.000000;10.007.763
0.268151;0.000000;9.902.418
0.258574;0.000000;9.864.111
0.258574;-0.019154;9.825.804
0.258574;-0.009577;9.825.804
0.268151;0.000000;9.835.381
0.268151;-0.009577;9.864.111
0.277727;-0.009577;9.959.879
0.277727;-0.019154;10.017.340
0.248997;-0.028730;10.036.493
0.287304;-0.009577;10.132.261
0.258574;-0.019154;10.122.684
0.258574;0.000000;10.103.531
0.287304;-0.009577;10.074.800
0.268151;-0.019154;10.046.070
0.277727;0.000000;9.921.572
0.268151;-0.009577;9.883.265
0.258574;-0.009577;9.844.957
0.258574;0.000000;9.816.227
0.277727;0.000000;9.806.650
0.268151;0.000000;9.816.227
0.268151;0.000000;9.883.265
0.248997;0.000000;10.007.763
0.258574;-0.009577;10.046.070
0.287304;0.000000;10.103.531
0.268151;-0.009577;10.132.261
0.277727;0.000000;10.141.838
0.258574;-0.028730;10.084.377
0.268151;-0.009577;9.998.186
0.268151;-0.028730;9.969.456
0.287304;0.000000;9.902.418
0.277727;-0.009577;9.844.957
0.258574;0.000000;9.787.497
0.268151;0.000000;9.797.073
0.239420;0.000000;9.816.227
0.268151;-0.009577;9.902.418
0.258574;-0.009577;9.940.725
0.268151;-0.028730;10.007.763
0.268151;-0.028730;10.093.954
0.268151;-0.009577;10.132.261
0.287304;-0.009577;10.151.415
0.277727;-0.009577;10.132.261
0.268151;-0.009577;10.055.647
0.258574;-0.019154;9.969.456
0.258574;0.000000;9.940.725
0.268151;0.009577;9.844.957
0.258574;-0.019154;9.777.920
0.277727;0.009577;9.787.497
0.268151;-0.009577;9.787.497
0.277727;0.000000;9.883.265
0.277727;0.000000;9.959.879
0.277727;0.009577;10.017.340
0.277727;-0.009577;10.103.531
0.258574;-0.009577;10.122.684
0.268151;-0.019154;10.132.261
0.296881;-0.028730;10.141.838
0.268151;-0.028730;10.046.070
0.268151;-0.009577;10.036.493
0.277727;-0.009577;9.931.149
0.268151;0.000000;9.825.804
0.258574;0.000000;9.806.650
0.268151;-0.009577;9.806.650
0.268151;-0.009577;9.816.227
0.258574;-0.019154;9.864.111
0.277727;0.000000;9.931.149
0.258574;-0.009577;9.940.725
0.258574;-0.019154;10.074.800
0.287304;-0.019154;10.141.838
0.258574;-0.038307;10.141.838
0.268151;-0.019154;10.113.108
0.277727;0.000000;10.084.377
0.268151;-0.047884;10.046.070
0.268151;0.000000;9.931.149
0.248997;0.000000;9.854.534
0.268151;0.000000;9.825.804
0.277727;0.000000;9.825.804
0.258574;-0.009577;9.835.381
0.258574;-0.009577;9.844.957
0.258574;-0.028730;9.911.995
0.248997;-0.009577;9.998.186
0.239420;-0.009577;10.036.493
0.287304;-0.009577;10.093.954
0.258574;-0.038307;10.122.684
0.258574;-0.028730;10.113.108
0.268151;-0.038307;10.084.377
0.287304;-0.009577;10.065.224
0.258574;0.000000;9.950.302
0.277727;-0.019154;9.892.841
0.287304;-0.009577;9.854.534
0.268151;-0.009577;9.797.073
0.268151;0.000000;9.816.227
0.258574;-0.009577;9.825.804
0.277727;0.000000;9.854.534
0.248997;-0.009577;9.940.725
0.277727;-0.009577;10.036.493
0.277727;0.000000;10.084.377
0.268151;-0.019154;10.141.838
0.268151;0.000000;10.132.261
0.258574;-0.028730;10.084.377
0.268151;-0.019154;10.007.763
0.277727;0.000000;9.959.879
0.287304;-0.028730;9.911.995
0.258574;-0.009577;9.873.688
0.258574;-0.009577;9.816.227
0.268151;-0.019154;9.806.650
0.239420;-0.009577;9.816.227
0.277727;0.000000;9.902.418
0.277727;-0.009577;9.940.725
0.277727;-0.019154;10.007.763
0.277727;-0.019154;10.065.224
0.268151;-0.028730;10.113.108
0.268151;-0.019154;10.122.684
0.268151;-0.019154;10.113.108
0.258574;-0.028730;10.036.493
0.258574;0.000000;9.998.186
0.277727;-0.028730;9.940.725
0.268151;0.000000;9.854.534
0.258574;0.009577;9.816.227
0.258574;0.000000;9.816.227
0.258574;-0.019154;9.835.381
0.268151;-0.009577;9.873.688
0.268151;-0.009577;9.940.725
0.287304;-0.019154;9.998.186
0.277727;-0.009577;10.055.647
0.277727;-0.019154;10.074.800
0.268151;-0.019154;10.141.838
0.258574;-0.009577;10.093.954
0.258574;-0.019154;10.074.800
0.239420;0.000000;10.017.340
0.268151;-0.009577;9.950.302
0.277727;0.019154;9.883.265
0.268151;-0.019154;9.854.534
0.258574;0.000000;9.854.534
0.277727;-0.009577;9.873.688
0.268151;0.000000;9.940.725
0.268151;-0.019154;9.940.725
0.258574;-0.019154;10.017.340
0.268151;-0.028730;10.065.224
0.258574;-0.009577;10.065.224
0.268151;-0.019154;10.093.954
0.277727;-0.009577;10.065.224
0.258574;-0.009577;10.026.917
0.268151;-0.009577;9.950.302
0.277727;0.000000;9.892.841
0.268151;0.000000;9.873.688
0.277727;0.000000;9.873.688
0.268151;-0.028730;9.835.381
0.268151;0.019154;9.873.688
0.248997;-0.009577;9.921.572
0.277727;-0.019154;9.979.033
0.258574;-0.019154;10.026.917
0.268151;-0.019154;10.093.954
0.277727;-0.009577;10.065.224
0.248997;-0.028730;10.093.954
0.239420;-0.009577;10.055.647
0.268151;-0.019154;10.036.493
0.277727;-0.009577;9.950.302
0.277727;-0.009577;9.921.572
0.268151;-0.009577;9.911.995
0.268151;-0.009577;9.835.381
0.258574;0.000000;9.844.957
0.248997;0.009577;9.873.688
0.277727;0.000000;9.902.418
0.258574;0.000000;9.979.033
0.258574;-0.019154;9.998.186
0.287304;0.000000;10.026.917
0.268151;-0.009577;10.084.377
0.268151;-0.028730;10.084.377
0.258574;0.000000;10.046.070
0.268151;-0.019154;10.007.763
0.268151;-0.019154;9.950.302
0.277727;0.000000;9.940.725
0.258574;-0.009577;9.892.841
0.277727;-0.009577;9.864.111
0.268151;-0.038307;9.864.111
0.258574;-0.019154;9.892.841
0.258574;0.000000;9.959.879
0.277727;-0.019154;9.988.609
0.258574;0.000000;10.007.763
0.258574;0.000000;10.065.224
0.268151;-0.009577;10.074.800
0.277727;-0.019154;10.065.224
0.277727;0.000000;10.007.763
0.258574;-0.009577;9.979.033
0.258574;0.000000;9.950.302
0.239420;0.000000;9.902.418
0.229843;0.000000;9.864.111
0.268151;0.000000;9.864.111
0.268151;-0.019154;9.883.265
0.258574;-0.028730;9.921.572
0.248997;0.000000;9.950.302
0.258574;-0.009577;10.007.763
0.277727;-0.009577;10.036.493
0.248997;-0.009577;10.046.070
0.277727;-0.019154;10.074.800
0.248997;-0.038307;10.046.070
0.258574;-0.019154;9.979.033
0.277727;0.000000;9.959.879
0.268151;0.000000;9.959.879
0.268151;0.000000;9.902.418
0.268151;-0.009577;9.911.995
0.258574;-0.009577;9.902.418
0.277727;-0.019154;9.921.572
0.277727;-0.028730;9.911.995
0.268151;-0.019154;9.950.302
0.268151;-0.009577;9.969.456
0.258574;0.009577;10.026.917
0.268151;-0.009577;10.017.340
0.258574;-0.019154;10.026.917
0.258574;-0.009577;10.017.340
0.277727;0.000000;10.007.763
0.248997;0.000000;9.988.609
0.268151;-0.019154;9.921.572
0.268151;-0.028730;9.911.995
0.258574;-0.009577;9.902.418
0.258574;0.000000;9.902.418
0.258574;-0.009577;9.931.149
0.268151;-0.009577;9.959.879
0.248997;-0.019154;9.979.033
0.268151;-0.019154;9.998.186
0.258574;-0.009577;10.007.763
0.268151;0.000000;10.007.763
0.287304;-0.019154;10.026.917
0.287304;-0.009577;9.998.186
0.258574;0.000000;9.988.609
0.268151;-0.019154;9.969.456
0.277727;0.000000;9.931.149
0.248997;-0.009577;9.911.995
0.258574;-0.009577;9.892.841
0.287304;-0.009577;9.950.302
0.258574;0.000000;9.931.149
0.268151;-0.019154;9.950.302
0.277727;0.000000;9.998.186
0.277727;-0.009577;9.988.609
0.287304;0.000000;9.998.186
0.268151;-0.009577;10.036.493
0.277727;-0.009577;10.007.763
0.268151;-0.019154;10.007.763
0.258574;-0.019154;9.969.456
0.258574;-0.028730;9.950.302
0.277727;0.000000;9.940.725
0.268151;0.009577;9.902.418
0.268151;-0.019154;9.921.572
0.277727;-0.019154;9.940.725
0.277727;0.000000;9.921.572
0.248997;-0.028730;9.950.302
0.268151;0.000000;9.998.186
0.268151;0.000000;9.998.186
0.268151;-0.009577;9.998.186
0.268151;-0.009577;10.026.917
0.268151;-0.009577;10.007.763
0.268151;-0.009577;9.959.879
0.277727;-0.028730;9.959.879
0.268151;0.000000;9.931.149
0.268151;-0.019154;9.921.572
0.277727;-0.009577;9.921.572
0.287304;-0.019154;9.931.149
0.268151;0.000000;9.931.149
0.268151;0.000000;9.979.033
0.258574;-0.009577;9.979.033
0.268151;-0.009577;10.007.763
0.277727;0.000000;10.036.493
0.258574;-0.009577;10.017.340
0.287304;-0.028730;9.998.186
0.268151;-0.019154;9.979.033
0.248997;0.000000;9.959.879
0.277727;0.000000;9.921.572
0.268151;-0.019154;9.921.572
0.268151;0.000000;9.911.995
0.258574;-0.019154;9.921.572
0.277727;-0.019154;9.940.725
0.268151;0.000000;9.969.456
0.258574;-0.019154;10.007.763
0.258574;0.000000;9.988.609
0.277727;-0.009577;10.017.340
0.268151;-0.009577;10.007.763
0.268151;-0.019154;10.007.763
0.268151;-0.028730;9.998.186
0.258574;-0.009577;9.969.456
0.258574;0.000000;9.940.725
0.258574;-0.028730;9.911.995
0.268151;-0.028730;9.921.572
0.258574;0.000000;9.911.995
0.258574;-0.009577;9.892.841
0.258574;0.000000;9.931.149
0.268151;-0.009577;9.979.033
0.258574;-0.009577;9.998.186
0.268151;-0.009577;10.036.493
0.268151;0.000000;10.017.340
0.268151;-0.009577;10.046.070
0.258574;-0.019154;10.065.224
0.258574;-0.009577;10.007.763
0.258574;-0.009577;9.959.879
0.258574;-0.028730;9.921.572
0.268151;-0.028730;9.921.572
0.268151;-0.009577;9.911.995
0.248997;-0.019154;9.892.841
0.268151;0.000000;9.902.418
0.258574;-0.028730;9.931.149
0.268151;-0.009577;9.998.186
0.277727;0.000000;10.017.340
0.277727;-0.009577;10.036.493
0.277727;-0.038307;10.046.070
0.277727;0.000000;10.026.917
0.258574;-0.019154;10.046.070
0.277727;-0.009577;10.007.763
0.277727;0.000000;9.969.456
0.277727;0.000000;9.940.725
0.258574;-0.019154;9.931.149
0.268151;-0.009577;9.864.111
0.248997;0.000000;9.883.265
0.277727;-0.009577;9.902.418
0.248997;-0.028730;9.921.572
0.287304;-0.019154;9.959.879
0.277727;0.000000;9.998.186
0.268151;0.000000;10.026.917
0.277727;-0.009577;10.046.070
0.277727;-0.019154;10.046.070
0.277727;0.009577;10.026.917
0.277727;0.000000;10.026.917
0.277727;-0.009577;9.959.879
0.268151;-0.019154;9.931.149
0.287304;0.009577;9.902.418
0.277727;0.000000;9.864.111
0.277727;0.000000;9.854.534
0.268151;-0.009577;9.931.149
0.268151;0.000000;9.921.572
0.287304;-0.019154;9.969.456
0.268151;0.000000;10.007.763
0.277727;-0.019154;10.026.917
0.277727;-0.028730;10.065.224
0.258574;-0.028730;10.074.800
0.248997;-0.009577;10.055.647
0.258574;0.000000;10.007.763
0.277727;0.000000;9.969.456
0.258574;0.009577;9.940.725
0.277727;0.009577;9.892.841
0.268151;0.009577;9.864.111
0.268151;-0.009577;9.873.688
0.277727;0.000000;9.873.688
0.277727;0.000000;9.921.572
0.258574;-0.019154;9.950.302
0.258574;-0.009577;9.998.186
0.277727;-0.028730;10.065.224
0.268151;-0.028730;10.103.531
0.277727;-0.038307;10.103.531
0.287304;-0.009577;10.065.224
0.258574;-0.009577;10.036.493
0.258574;-0.019154;10.026.917
0.258574;-0.009577;9.959.879
0.268151;0.000000;9.883.265
0.268151;-0.009577;9.844.957
0.268151;-0.009577;9.854.534
0.277727;-0.009577;9.854.534
0.248997;0.000000;9.892.841
0.268151;-0.019154;9.940.725
0.277727;0.000000;9.969.456
0.268151;0.000000;10.036.493
0.287304;-0.009577;10.074.800
0.296881;-0.009577;10.074.800
0.277727;0.000000;10.103.531
0.277727;0.000000;10.046.070
0.268151;-0.019154;9.998.186
0.258574;0.000000;9.931.149
0.268151;-0.019154;9.883.265
0.258574;-0.009577;9.854.534
0.258574;-0.009577;9.835.381
0.268151;-0.019154;9.844.957
0.268151;-0.009577;9.902.418
0.268151;-0.009577;9.911.995
0.258574;-0.028730;10.017.340
0.287304;-0.028730;10.065.224
0.277727;-0.028730;10.103.531
0.268151;0.000000;10.132.261
0.248997;-0.028730;10.122.684
0.258574;0.000000;10.084.377
0.268151;-0.019154;9.998.186
0.268151;-0.009577;9.931.149
0.268151;0.000000;9.883.265
0.258574;0.000000;9.835.381
0.287304;0.000000;9.835.381
0.277727;-0.009577;9.854.534
0.258574;0.000000;9.854.534
0.248997;-0.009577;9.921.572
0.277727;-0.028730;9.988.609
0.268151;0.000000;10.074.800
0.268151;-0.019154;10.103.531
0.268151;0.000000;10.132.261
0.268151;-0.009577;10.113.108
0.268151;-0.019154;10.084.377
0.268151;-0.019154;9.979.033
0.258574;-0.009577;9.950.302
0.239420;-0.009577;9.911.995
0.258574;-0.009577;9.835.381
0.268151;-0.009577;9.825.804
0.277727;0.019154;9.806.650
0.287304;0.000000;9.844.957
0.277727;-0.009577;9.902.418
0.287304;0.000000;9.969.456
0.268151;0.000000;10.007.763
0.287304;0.000000;10.065.224
0.258574;-0.009577;10.132.261
0.277727;-0.028730;10.132.261
0.268151;0.000000;10.113.108
0.287304;-0.009577;10.026.917
0.268151;-0.028730;9.969.456
0.287304;0.000000;9.902.418
0.268151;0.000000;9.854.534
0.248997;0.000000;9.825.804
0.258574;-0.019154;9.854.534
0.248997;0.000000;9.825.804
0.268151;0.019154;9.902.418
0.277727;0.000000;9.959.879
0.277727;0.000000;9.988.609
0.258574;-0.028730;10.084.377
0.268151;-0.028730;10.141.838
0.277727;-0.019154;10.122.684
0.268151;-0.009577;10.113.108
0.258574;-0.019154;10.046.070
0.277727;-0.009577;10.007.763
0.268151;-0.009577;9.902.418
0.277727;0.000000;9.873.688
0.248997;0.000000;9.825.804
0.268151;-0.019154;9.825.804
0.258574;0.000000;9.844.957
0.258574;0.000000;9.911.995
0.277727;0.000000;9.959.879
0.268151;0.000000;10.113.108
0.287304;-0.028730;10.093.954
0.258574;-0.028730;10.132.261
0.277727;0.000000;10.093.954
0.258574;-0.028730;10.084.377
0.277727;-0.009577;10.036.493
0.268151;0.000000;9.921.572
0.277727;0.009577;9.873.688
0.287304;0.000000;9.854.534
0.258574;-0.028730;9.806.650
0.268151;-0.009577;9.816.227
0.277727;-0.009577;9.892.841
0.258574;0.000000;9.902.418
0.268151;-0.019154;9.998.186
0.277727;-0.019154;10.046.070
0.268151;0.000000;10.113.108
0.268151;0.000000;10.132.261
0.258574;-0.009577;10.122.684
0.258574;-0.009577;10.093.954
0.268151;-0.019154;10.017.340
0.268151;-0.009577;9.931.149
0.248997;0.000000;9.892.841
0.258574;0.000000;9.835.381
0.277727;0.000000;9.816.227
0.258574;-0.009577;9.864.111
0.268151;0.000000;9.864.111
0.258574;-0.028730;9.883.265
0.268151;-0.038307;9.988.609
0.268151;0.000000;10.046.070
0.268151;-0.038307;10.141.838
0.277727;-0.019154;10.132.261
0.268151;-0.009577;10.132.261
0.287304;-0.028730;10.093.954
0.268151;-0.028730;10.007.763
0.248997;0.000000;9.969.456
0.258574;0.000000;9.902.418
0.248997;0.000000;9.873.688
0.239420;0.000000;9.797.073
0.268151;0.000000;9.825.804
0.277727;-0.009577;9.825.804
0.268151;0.000000;9.911.995
0.268151;-0.019154;9.969.456
0.258574;-0.019154;10.007.763
0.277727;-0.019154;10.055.647
0.277727;-0.019154;10.113.108
0.268151;-0.028730;10.132.261
0.277727;-0.028730;10.113.108
0.258574;-0.028730;10.046.070
0.268151;-0.019154;9.988.609
0.248997;0.000000;9.931.149
0.248997;-0.009577;9.854.534
0.258574;-0.009577;9.844.957
0.268151;0.000000;9.825.804
0.277727;0.000000;9.844.957
0.258574;-0.019154;9.883.265
0.268151;0.000000;9.940.725
0.268151;-0.028730;10.007.763
0.287304;-0.009577;10.074.800
0.268151;-0.019154;10.093.954
0.268151;-0.019154;10.141.838
0.268151;-0.028730;10.103.531
0.268151;0.000000;10.055.647
0.258574;-0.009577;9.988.609
0.268151;-0.009577;9.950.302
0.258574;-0.009577;9.883.265
0.268151;-0.009577;9.854.534
0.248997;0.000000;9.864.111
0.268151;0.000000;9.883.265
0.258574;-0.019154;9.921.572
0.268151;0.000000;10.026.917
0.287304;0.000000;10.065.224
0.268151;0.000000;10.084.377
0.277727;-0.028730;10.093.954
0.268151;-0.009577;10.103.531
0.258574;-0.019154;10.065.224
0.277727;0.000000;10.026.917
0.258574;-0.009577;9.950.302
0.258574;-0.019154;9.902.418
0.277727;-0.019154;9.864.111
0.287304;0.000000;9.854.534
0.268151;-0.009577;9.854.534
0.258574;0.000000;9.864.111
0.268151;0.009577;9.873.688
0.268151;-0.009577;10.007.763
0.239420;-0.009577;10.036.493
0.287304;0.000000;10.074.800
0.268151;-0.009577;10.093.954
0.268151;-0.009577;10.074.800
0.277727;-0.009577;10.065.224
0.258574;-0.009577;10.017.340
0.268151;-0.009577;9.969.456
0.258574;0.000000;9.931.149
0.277727;-0.019154;9.854.534
0.239420;-0.009577;9.873.688
0.277727;0.000000;9.835.381
0.277727;0.009577;9.873.688
0.268151;0.000000;9.883.265
0.268151;-0.019154;10.007.763
0.268151;-0.019154;9.998.186
0.277727;-0.019154;10.065.224
0.277727;-0.028730;10.103.531
0.258574;-0.019154;10.093.954
0.277727;-0.009577;10.084.377
0.287304;-0.028730;10.017.340
0.287304;0.000000;9.969.456
0.258574;-0.019154;9.950.302
0.268151;-0.009577;9.911.995
0.268151;0.000000;9.854.534
0.277727;0.000000;9.873.688
0.258574;0.000000;9.864.111
0.258574;-0.019154;9.921.572
0.277727;0.000000;9.950.302
0.248997;-0.009577;9.998.186
0.277727;-0.019154;10.065.224
0.268151;-0.009577;10.065.224
0.277727;-0.038307;10.093.954
0.277727;0.000000;10.084.377
0.268151;-0.019154;10.017.340
0.287304;0.000000;9.950.302
0.268151;-0.028730;9.959.879
0.268151;-0.009577;9.892.841
0.248997;-0.019154;9.892.841
0.268151;0.000000;9.883.265
0.268151;0.000000;9.854.534
0.277727;0.000000;9.931.149
0.287304;-0.009577;9.940.725
0.258574;-0.009577;9.969.456
0.268151;0.000000;10.026.917
0.268151;0.000000;10.074.800
0.287304;0.000000;10.065.224
0.268151;-0.019154;10.026.917
0.296881;-0.038307;9.998.186
0.268151;-0.019154;9.959.879
0.268151;-0.009577;9.902.418
0.239420;0.000000;9.892.841
0.258574;0.000000;9.873.688
0.268151;0.000000;9.902.418
0.268151;-0.009577;9.911.995
0.268151;-0.028730;9.950.302
0.277727;0.000000;9.998.186
0.258574;-0.019154;10.036.493
0.277727;-0.009577;10.065.224
0.258574;0.000000;10.065.224
0.277727;0.000000;10.036.493
0.258574;0.000000;9.979.033
0.277727;-0.009577;9.921.572
0.268151;-0.019154;9.921.572
0.248997;-0.009577;9.902.418
0.258574;0.019154;9.892.841
0.268151;-0.009577;9.873.688
0.258574;0.009577;9.911.995
0.268151;-0.009577;9.931.149
0.248997;0.000000;9.979.033
0.277727;-0.009577;9.998.186
0.258574;0.000000;10.026.917
0.287304;-0.009577;10.026.917
0.258574;-0.019154;10.036.493
0.268151;-0.028730;9.988.609
0.258574;0.000000;9.931.149
0.268151;0.000000;9.950.302
0.277727;0.000000;9.921.572
0.258574;0.009577;9.883.265
0.277727;-0.009577;9.921.572
0.268151;-0.009577;9.931.149
0.258574;0.009577;9.950.302
0.268151;0.000000;9.988.609
0.258574;-0.019154;10.007.763
0.268151;-0.019154;9.998.186
0.277727;0.000000;10.026.917
0.268151;-0.038307;10.026.917
0.277727;-0.009577;10.007.763
0.258574;0.000000;9.979.033
0.268151;0.000000;9.950.302
0.258574;-0.009577;9.911.995
0.248997;0.000000;9.931.149
0.268151;-0.038307;9.921.572
0.287304;0.000000;9.921.572
0.258574;-0.009577;9.940.725
0.268151;-0.009577;9.950.302
0.287304;-0.009577;10.007.763
0.287304;0.009577;10.007.763
0.287304;-0.009577;10.007.763
0.239420;0.000000;9.979.033
0.287304;-0.009577;9.959.879
0.287304;-0.009577;9.940.725
0.268151;-0.028730;9.931.149
0.277727;-0.009577;9.921.572
0.268151;0.000000;9.921.572
0.268151;-0.019154;9.911.995
0.277727;-0.009577;9.931.149
0.268151;-0.028730;9.979.033
0.277727;0.000000;9.998.186
0.248997;0.000000;9.998.186
0.277727;0.000000;10.007.763
0.258574;-0.009577;10.007.763
0.268151;-0.019154;9.998.186
0.248997;-0.009577;9.988.609
0.268151;0.000000;9.969.456
0.287304;-0.009577;9.940.725
0.277727;-0.019154;9.921.572
0.258574;0.000000;9.921.572
0.258574;-0.019154;9.940.725
0.268151;-0.009577;9.940.725
0.258574;0.000000;9.969.456
0.268151;-0.019154;9.979.033
0.268151;-0.028730;9.998.186
0.287304;-0.009577;9.988.609
0.277727;-0.009577;9.979.033
0.258574;0.000000;10.007.763
0.258574;0.000000;9.998.186
0.277727;0.000000;9.979.033
0.277727;-0.019154;9.950.302
0.248997;0.000000;9.931.149
0.277727;-0.028730;9.940.725
0.268151;-0.009577;9.931.149
0.268151;0.000000;9.950.302
0.268151;0.000000;9.950.302
0.258574;0.000000;9.950.302
0.277727;-0.009577;9.988.609
0.268151;-0.009577;9.998.186
0.258574;-0.009577;10.017.340
0.258574;-0.019154;10.017.340
0.268151;-0.009577;9.998.186
0.258574;0.000000;9.979.033
0.258574;0.000000;9.950.302
0.277727;-0.009577;9.950.302
0.268151;-0.019154;9.950.302
0.277727;0.000000;9.940.725
0.287304;0.000000;9.911.995
0.287304;0.000000;9.979.033
0.248997;0.000000;9.979.033
0.287304;0.000000;10.017.340
0.277727;0.000000;9.988.609
0.277727;-0.009577;10.026.917
0.277727;-0.019154;10.026.917
0.268151;0.000000;10.036.493
0.258574;0.000000;10.007.763
0.287304;-0.009577;9.979.033
0.277727;0.000000;9.959.879
0.268151;0.000000;9.950.302
0.258574;0.000000;9.931.149
0.248997;-0.009577;9.931.149
0.287304;0.000000;9.940.725
0.277727;-0.028730;9.940.725
0.277727;-0.009577;9.950.302
0.268151;-0.019154;9.979.033
0.258574;-0.009577;10.026.917
0.268151;-0.009577;10.046.070
0.277727;-0.028730;10.055.647
0.268151;-0.019154;10.017.340
0.258574;0.000000;10.007.763
0.268151;-0.009577;9.988.609
0.277727;-0.019154;9.959.879
0.268151;-0.009577;9.940.725
0.258574;-0.009577;9.892.841
0.268151;-0.009577;9.854.534
0.268151;-0.019154;9.921.572
0.277727;-0.009577;9.969.456
0.287304;0.000000;9.988.609
0.258574;-0.028730;9.988.609
0.258574;-0.009577;10.017.340
0.268151;-0.009577;10.055.647
0.268151;0.000000;10.065.224
0.248997;-0.009577;10.046.070
0.277727;0.000000;10.017.340
0.277727;-0.009577;9.959.879
0.248997;-0.019154;9.979.033
0.268151;0.000000;9.892.841
0.277727;0.000000;9.892.841
0.268151;-0.019154;9.873.688
0.258574;-0.009577;9.873.688
0.268151;-0.009577;9.921.572
0.268151;-0.019154;9.969.456
0.258574;0.000000;9.969.456
0.258574;-0.019154;10.026.917
0.287304;0.000000;10.065.224
0.268151;-0.028730;10.084.377
0.268151;-0.009577;10.036.493
0.258574;-0.028730;10.036.493
0.248997;-0.009577;10.017.340
0.268151;-0.009577;9.950.302
0.258574;0.000000;9.911.995
0.258574;-0.019154;9.883.265
0.258574;0.000000;9.864.111
0.258574;-0.019154;9.902.418
0.277727;-0.009577;9.921.572
0.277727;-0.028730;9.940.725
0.258574;0.000000;9.969.456
0.268151;0.000000;10.055.647
0.268151;-0.009577;10.074.800
0.287304;0.000000;10.074.800
0.248997;0.009577;10.084.377
0.268151;-0.019154;10.026.917
0.277727;-0.028730;10.026.917
0.258574;-0.019154;9.921.572
0.277727;-0.009577;9.892.841
0.268151;-0.009577;9.883.265
0.268151;0.000000;9.892.841
0.258574;-0.009577;9.883.265
0.268151;0.000000;9.892.841
0.248997;-0.028730;9.931.149
0.268151;0.000000;9.998.186
0.277727;-0.019154;10.046.070
0.277727;-0.019154;10.065.224
0.268151;0.000000;10.084.377
0.268151;-0.019154;10.055.647
0.287304;-0.019154;10.065.224
0.268151;-0.019154;10.007.763
0.277727;0.000000;9.959.879
0.258574;-0.009577;9.921.572
0.239420;0.000000;9.892.841
0.268151;0.000000;9.864.111
0.258574;-0.019154;9.873.688
0.258574;0.000000;9.873.688
0.277727;-0.009577;9.902.418
0.277727;0.000000;9.988.609
0.277727;-0.019154;10.026.917
0.277727;-0.028730;10.065.224
0.268151;0.000000;10.122.684
0.287304;0.000000;10.074.800
0.268151;-0.019154;10.065.224
0.268151;0.000000;10.007.763
0.258574;0.000000;9.988.609
0.277727;0.000000;9.940.725
0.268151;-0.038307;9.873.688
0.248997;0.000000;9.835.381
0.287304;0.000000;9.825.804
0.268151;-0.019154;9.854.534
0.258574;0.000000;9.931.149
0.258574;0.000000;9.988.609
0.277727;-0.009577;10.017.340
0.268151;0.000000;10.065.224
0.268151;-0.019154;10.055.647
0.268151;-0.009577;10.084.377
0.268151;-0.028730;10.074.800
0.277727;0.000000;10.026.917
0.268151;0.000000;9.979.033
0.268151;0.000000;9.940.725
0.287304;0.000000;9.835.381
0.248997;0.000000;9.864.111
0.268151;0.000000;9.835.381
0.277727;0.000000;9.854.534
0.248997;-0.038307;9.911.995
0.277727;-0.009577;9.979.033
0.248997;0.009577;10.026.917
0.268151;-0.019154;10.074.800
0.287304;0.000000;10.113.108
0.268151;-0.009577;10.103.531
0.287304;-0.028730;10.074.800
0.268151;-0.019154;10.026.917
0.268151;-0.009577;9.959.879
0.277727;0.000000;9.959.879
0.239420;0.000000;9.892.841
0.239420;0.000000;9.844.957
0.277727;0.000000;9.844.957
0.277727;0.000000;9.864.111
0.268151;0.000000;9.921.572
0.268151;0.000000;9.988.609
0.248997;-0.019154;10.055.647
0.268151;-0.019154;10.093.954
0.277727;0.000000;10.113.108
0.268151;-0.009577;10.103.531
0.277727;0.000000;10.084.377
0.258574;-0.009577;10.017.340
0.277727;0.000000;9.902.418
0.277727;-0.009577;9.854.534
0.248997;-0.019154;9.854.534
0.268151;0.009577;9.825.804
0.258574;0.000000;9.873.688
0.248997;-0.019154;9.940.725
0.268151;-0.009577;10.017.340
0.258574;-0.009577;10.055.647
0.277727;-0.009577;10.074.800
0.277727;-0.009577;10.103.531
0.268151;-0.019154;10.046.070
0.268151;0.000000;9.950.302
0.258574;0.000000;9.892.841
0.287304;0.000000;9.873.688
0.287304;0.000000;9.835.381
0.277727;-0.009577;9.844.957
0.277727;-0.028730;9.902.418
0.248997;-0.009577;9.998.186
0.268151;-0.019154;10.007.763
0.277727;-0.009577;10.103.531
0.277727;-0.009577;10.113.108
0.268151;0.000000;10.122.684
0.268151;-0.038307;10.084.377
0.277727;-0.009577;10.017.340
0.268151;0.000000;9.969.456
0.268151;-0.019154;9.940.725
0.258574;0.000000;9.873.688
0.248997;0.000000;9.864.111
0.248997;0.000000;9.835.381
0.248997;0.000000;9.835.381
0.258574;0.000000;9.883.265
0.248997;-0.019154;9.969.456
0.268151;-0.019154;10.007.763
0.268151;-0.019154;10.065.224
0.258574;-0.009577;10.113.108
0.258574;-0.019154;10.151.415
0.268151;-0.019154;10.103.531
0.268151;-0.009577;10.046.070
0.277727;0.000000;9.969.456
0.258574;-0.009577;9.931.149
0.268151;-0.009577;9.873.688
0.287304;-0.009577;9.844.957
0.277727;0.000000;9.825.804
0.277727;-0.009577;9.825.804
0.258574;0.009577;9.892.841
0.258574;0.000000;9.931.149
0.268151;0.000000;9.988.609
0.287304;-0.009577;10.084.377
0.268151;0.000000;10.113.108
0.268151;0.000000;10.132.261
0.277727;0.000000;10.065.224
0.268151;-0.019154;10.055.647
0.258574;-0.038307;9.988.609
0.268151;0.000000;9.969.456
0.268151;-0.019154;9.873.688
0.268151;-0.019154;9.844.957
0.248997;0.000000;9.825.804
0.268151;0.000000;9.854.534
0.268151;-0.009577;9.892.841
0.268151;0.000000;9.921.572
0.277727;0.000000;9.940.725
0.258574;-0.019154;10.055.647
0.268151;-0.019154;10.065.224
0.287304;0.000000;10.113.108
0.258574;-0.038307;10.122.684
0.248997;-0.028730;10.074.800
0.268151;-0.009577;10.036.493
0.258574;-0.009577;9.940.725
0.248997;-0.009577;9.892.841
0.268151;0.000000;9.892.841
0.277727;0.000000;9.844.957
0.268151;-0.019154;9.854.534
0.258574;0.000000;9.873.688
0.268151;-0.019154;9.911.995
0.268151;0.000000;9.979.033
0.268151;-0.019154;10.046.070
0.277727;0.000000;10.084.377
0.268151;-0.028730;10.122.684
0.258574;0.000000;10.103.531
0.248997;-0.019154;10.093.954
0.258574;0.000000;10.046.070
0.248997;0.000000;9.969.456
0.277727;-0.019154;9.911.995
0.268151;-0.019154;9.883.265
0.287304;0.000000;9.816.227
0.277727;0.009577;9.844.957
0.277727;0.000000;9.864.111
0.268151;0.019154;9.883.265
0.287304;-0.009577;9.988.609
0.277727;-0.009577;10.036.493
0.296881;-0.009577;10.065.224
0.258574;-0.009577;10.074.800
0.258574;-0.028730;10.113.108
0.258574;-0.028730;10.065.224
0.277727;0.000000;10.026.917
0.268151;0.000000;10.007.763
0.277727;-0.019154;9.911.995
0.277727;0.000000;9.892.841
0.258574;0.000000;9.825.804
0.277727;-0.009577;9.854.534
0.258574;-0.009577;9.864.111
0.268151;0.000000;9.902.418
0.248997;0.000000;9.950.302
0.268151;-0.009577;9.998.186
0.277727;-0.019154;10.065.224
0.277727;-0.009577;10.065.224
0.268151;-0.009577;10.113.108
0.268151;-0.009577;10.055.647
0.268151;-0.009577;10.026.917
0.258574;-0.009577;10.007.763
0.277727;-0.019154;9.931.149
0.268151;0.000000;9.902.418
0.277727;0.009577;9.883.265
0.258574;-0.009577;9.844.957
0.248997;0.000000;9.883.265
0.268151;-0.019154;9.940.725
0.248997;0.000000;9.959.879
0.268151;-0.019154;9.969.456
0.258574;-0.009577;10.055.647
0.287304;-0.009577;10.074.800
0.268151;-0.009577;10.074.800
0.277727;-0.019154;10.065.224
0.258574;0.000000;10.036.493
0.268151;0.000000;9.988.609
0.258574;0.000000;9.979.033
0.268151;0.000000;9.902.418
0.268151;-0.009577;9.892.841
0.268151;-0.019154;9.864.111
0.277727;0.000000;9.883.265
0.296881;0.009577;9.902.418
0.268151;-0.009577;9.940.725
0.277727;0.000000;10.017.340
0.277727;-0.009577;10.017.340
0.268151;-0.009577;10.065.224
0.277727;-0.028730;10.065.224
0.277727;0.000000;10.055.647
0.277727;-0.019154;10.026.917
0.268151;-0.028730;9.988.609
0.277727;-0.009577;9.931.149
0.268151;-0.019154;9.931.149
0.268151;-0.019154;9.892.841
0.277727;0.000000;9.854.534
0.268151;-0.009577;9.873.688
0.248997;0.009577;9.873.688
0.258574;-0.019154;9.931.149
0.248997;0.000000;9.959.879
0.287304;0.000000;10.017.340
0.277727;0.000000;10.026.917
0.258574;0.009577;10.074.800
0.268151;0.000000;10.036.493
0.277727;0.000000;10.026.917
0.268151;-0.019154;10.026.917
0.277727;0.000000;9.911.995
0.277727;0.000000;9.931.149
0.248997;0.009577;9.911.995
0.268151;0.000000;9.892.841
0.268151;-0.009577;9.902.418
0.277727;0.000000;9.911.995
0.287304;-0.009577;9.931.149
0.277727;0.000000;9.979.033
0.277727;0.000000;10.007.763
0.268151;-0.009577;10.017.340
0.277727;-0.019154;10.017.340
0.268151;-0.009577;10.036.493
0.268151;-0.019154;10.036.493
0.277727;-0.009577;9.988.609
0.287304;-0.028730;9.969.456
0.277727;0.000000;9.959.879
0.268151;0.000000;9.921.572
0.268151;-0.009577;9.902.418
0.277727;-0.009577;9.892.841
0.258574;0.000000;9.921.572
0.268151;0.000000;9.950.302
0.258574;-0.009577;9.988.609
0.258574;0.000000;9.998.186
0.248997;-0.028730;10.017.340
0.268151;-0.019154;10.017.340
0.258574;-0.009577;10.026.917
0.258574;-0.019154;9.998.186
0.248997;0.000000;9.998.186
0.258574;-0.009577;9.969.456
0.268151;0.000000;9.950.302
0.287304;0.000000;9.902.418
0.268151;0.000000;9.892.841
0.258574;0.000000;9.921.572
0.268151;0.000000;9.911.995
0.277727;-0.019154;9.959.879
0.258574;0.000000;9.988.609
0.248997;-0.009577;9.988.609
0.268151;0.000000;10.007.763
0.277727;-0.009577;10.017.340
0.268151;-0.009577;10.026.917
0.277727;-0.009577;9.979.033
0.268151;-0.019154;9.959.879
0.248997;-0.019154;9.969.456
0.277727;-0.009577;9.950.302
0.268151;-0.009577;9.911.995
0.277727;0.000000;9.921.572
0.248997;-0.009577;9.911.995
0.268151;-0.019154;9.959.879
0.287304;-0.019154;9.988.609
0.258574;-0.009577;9.979.033
0.258574;-0.009577;9.988.609
0.268151;0.000000;10.017.340
0.268151;-0.019154;10.017.340
0.277727;0.000000;10.007.763
0.287304;0.000000;9.998.186
0.258574;-0.028730;9.988.609
0.248997;-0.009577;9.969.456
0.248997;-0.009577;9.931.149
0.258574;0.000000;9.950.302
0.268151;0.000000;9.950.302
0.258574;0.000000;9.959.879
0.287304;0.000000;9.940.725
0.258574;0.000000;9.959.879
0.248997;-0.009577;9.959.879
0.268151;-0.009577;10.007.763
0.277727;-0.019154;10.017.340
0.268151;-0.009577;9.998.186
0.277727;0.000000;10.007.763
0.268151;-0.009577;9.988.609
0.268151;-0.009577;9.998.186
0.268151;-0.019154;9.959.879
0.258574;0.000000;9.931.149
0.277727;0.000000;9.950.302
0.268151;-0.019154;9.940.725
0.277727;0.000000;9.950.302
0.277727;0.000000;9.969.456
0.287304;-0.009577;9.998.186
0.268151;0.019154;10.007.763
0.258574;0.000000;10.017.340
0.258574;-0.028730;9.988.609
0.277727;-0.019154;9.988.609
0.287304;-0.009577;10.007.763
0.248997;-0.009577;9.979.033
0.268151;-0.019154;9.950.302
0.277727;0.000000;9.940.725
0.248997;-0.009577;9.931.149
0.258574;-0.009577;9.921.572
0.277727;-0.009577;9.950.302
0.268151;0.000000;9.931.149
0.258574;0.000000;9.979.033
0.277727;-0.009577;9.969.456
0.248997;0.009577;9.998.186
0.268151;-0.009577;10.007.763
0.268151;-0.028730;10.007.763
0.277727;-0.028730;9.988.609
0.248997;0.000000;9.998.186
0.277727;0.000000;9.969.456
0.277727;-0.009577;9.969.456
0.258574;0.000000;9.940.725
0.258574;0.000000;9.921.572
0.248997;0.000000;9.940.725
0.258574;-0.009577;9.931.149
0.277727;-0.019154;9.940.725
0.268151;-0.009577;9.959.879
0.277727;-0.019154;10.007.763
0.277727;0.019154;9.998.186
0.258574;-0.009577;10.026.917
0.277727;-0.009577;10.026.917
0.268151;-0.009577;10.026.917
0.277727;0.000000;9.969.456
0.258574;0.000000;9.959.879
0.268151;0.000000;9.931.149
0.268151;-0.028730;9.902.418
0.258574;-0.009577;9.911.995
0.277727;0.000000;9.892.841
0.268151;-0.019154;9.931.149
0.277727;-0.009577;9.902.418
0.277727;-0.009577;9.969.456
0.258574;-0.019154;10.007.763
0.268151;-0.019154;10.026.917
0.268151;-0.019154;10.036.493
0.248997;0.009577;10.007.763
0.258574;0.000000;10.017.340
0.258574;0.000000;9.998.186
0.268151;-0.028730;9.969.456
0.277727;0.000000;9.911.995
0.248997;0.000000;9.911.995
0.277727;0.000000;9.921.572
0.268151;0.000000;9.902.418
0.277727;0.000000;9.911.995
0.268151;-0.009577;9.940.725
0.268151;-0.019154;10.017.340
0.258574;-0.028730;10.007.763
0.268151;-0.038307;10.007.763
0.277727;-0.009577;10.036.493
0.287304;-0.019154;10.046.070
0.287304;0.000000;10.017.340
0.258574;-0.009577;9.998.186
0.268151;0.000000;9.940.725
0.287304;-0.019154;9.921.572
0.258574;-0.009577;9.892.841
0.287304;-0.009577;9.892.841
0.268151;0.019154;9.902.418
0.258574;0.000000;9.931.149
0.258574;0.000000;9.950.302
0.277727;-0.028730;9.979.033
0.258574;-0.009577;10.007.763
0.268151;-0.038307;10.055.647
0.268151;-0.028730;10.046.070
0.268151;-0.019154;10.026.917
0.268151;-0.019154;10.017.340
0.277727;0.000000;9.998.186
0.268151;-0.019154;9.959.879
0.268151;0.019154;9.921.572
0.258574;-0.009577;9.911.995
0.268151;-0.009577;9.892.841
0.296881;0.000000;9.873.688
0.268151;0.000000;9.911.995
0.258574;-0.009577;9.931.149
0.268151;-0.009577;9.969.456
0.287304;0.000000;10.026.917
0.277727;-0.019154;10.036.493
0.268151;-0.019154;10.074.800
0.258574;-0.019154;10.065.224
0.268151;0.009577;10.055.647
0.268151;0.000000;10.007.763
0.268151;-0.019154;9.959.879
0.258574;0.000000;9.959.879
0.268151;-0.009577;9.911.995
0.287304;-0.009577;9.864.111
0.277727;-0.009577;9.892.841
0.248997;0.000000;9.892.841
0.268151;0.000000;9.931.149
0.248997;0.000000;9.988.609
0.268151;-0.028730;10.046.070
0.277727;-0.028730;10.093.954
0.268151;-0.028730;10.084.377
0.277727;0.000000;10.055.647
0.268151;-0.009577;10.046.070
0.268151;0.000000;9.979.033
0.268151;-0.009577;9.988.609
0.258574;-0.009577;9.950.302
0.268151;0.000000;9.892.841
0.287304;0.000000;9.892.841
0.277727;0.000000;9.873.688
0.258574;0.000000;9.883.265
0.248997;-0.019154;9.931.149
0.268151;-0.009577;9.950.302
0.277727;-0.009577;9.988.609
0.287304;0.000000;10.036.493
0.268151;0.000000;10.074.800
0.258574;-0.028730;10.093.954
0.258574;0.000000;10.074.800
0.268151;0.000000;10.026.917
0.258574;0.009577;10.017.340
0.258574;-0.009577;9.959.879
0.277727;-0.009577;9.902.418
0.287304;0.000000;9.892.841
0.268151;-0.019154;9.854.534
0.268151;0.000000;9.864.111
0.239420;0.000000;9.921.572
0.268151;-0.019154;9.940.725
0.258574;-0.009577;10.017.340
0.258574;0.000000;10.036.493
0.268151;-0.019154;10.084.377
0.268151;0.000000;10.122.684
0.248997;-0.019154;10.065.224
0.277727;0.000000;10.046.070
0.268151;0.000000;10.036.493
0.268151;0.000000;9.931.149
0.268151;0.000000;9.902.418
0.258574;0.000000;9.854.534
0.258574;0.009577;9.844.957
0.268151;0.000000;9.854.534
0.268151;-0.019154;9.883.265
0.268151;0.000000;9.940.725
0.277727;-0.019154;10.007.763
0.258574;0.000000;10.026.917
0.268151;-0.019154;10.074.800
0.258574;0.000000;10.103.531
0.277727;-0.019154;10.065.224
0.258574;-0.009577;10.074.800
0.268151;-0.009577;10.055.647
0.287304;0.000000;9.950.302
0.287304;-0.009577;9.921.572
0.258574;0.000000;9.883.265
0.248997;0.000000;9.835.381
0.258574;0.000000;9.854.534
0.258574;-0.019154;9.835.381
0.268151;0.000000;9.921.572
0.268151;0.000000;9.998.186
0.268151;0.000000;10.046.070
0.277727;-0.028730;10.074.800
0.258574;-0.028730;10.122.684
0.268151;-0.019154;10.084.377
0.258574;-0.038307;10.084.377
0.258574;0.000000;10.007.763
0.268151;-0.019154;9.979.033
0.277727;-0.009577;9.921.572
0.268151;0.000000;9.921.572
0.258574;0.000000;9.854.534
0.268151;0.000000;9.816.227
0.258574;-0.009577;9.844.957
0.258574;-0.019154;9.950.302
0.258574;-0.019154;9.998.186
0.277727;0.000000;10.026.917
0.268151;0.000000;10.084.377
0.287304;0.000000;10.113.108
0.248997;0.000000;10.103.531
0.268151;-0.009577;10.074.800
0.258574;-0.019154;10.017.340
0.258574;0.000000;9.979.033
0.268151;0.000000;9.931.149
0.277727;0.009577;9.854.534
0.268151;-0.009577;9.854.534
0.277727;0.000000;9.825.804
0.258574;-0.009577;9.873.688
0.268151;0.000000;9.911.995
0.248997;0.000000;9.950.302
0.268151;-0.009577;10.017.340
0.258574;-0.028730;10.065.224
0.277727;-0.019154;10.084.377
0.268151;0.000000;10.122.684
0.277727;-0.028730;10.065.224
0.277727;-0.019154;10.046.070
0.277727;0.000000;9.998.186
0.268151;0.000000;9.959.879
0.258574;0.009577;9.864.111
0.258574;0.000000;9.854.534
0.268151;0.000000;9.844.957
0.258574;0.000000;9.844.957
0.268151;0.000000;9.892.841
0.248997;0.000000;9.950.302
0.268151;-0.019154;10.017.340
0.268151;-0.009577;10.065.224
0.268151;-0.009577;10.103.531
0.268151;-0.028730;10.113.108
0.268151;-0.028730;10.084.377
0.268151;0.000000;10.046.070
0.268151;-0.009577;9.998.186
0.268151;0.000000;9.950.302
0.239420;-0.009577;9.902.418
0.268151;-0.009577;9.873.688
0.268151;0.000000;9.844.957
0.268151;0.009577;9.835.381
0.277727;-0.009577;9.883.265
0.277727;-0.019154;9.892.841
0.258574;-0.009577;9.988.609
0.258574;0.000000;10.026.917
0.287304;-0.028730;10.103.531
0.268151;0.009577;10.084.377
0.277727;-0.019154;10.084.377
0.258574;-0.009577;10.093.954
0.268151;-0.019154;10.026.917
0.277727;0.000000;9.950.302
0.287304;0.000000;9.902.418
0.268151;0.000000;9.892.841
0.268151;0.000000;9.844.957
0.268151;-0.009577;9.825.804
0.268151;-0.019154;9.844.957
0.258574;0.000000;9.931.149
0.258574;-0.019154;9.950.302
0.258574;-0.009577;9.998.186
0.258574;-0.009577;10.046.070
0.268151;-0.009577;10.103.531
0.258574;-0.038307;10.122.684
0.258574;-0.019154;10.074.800
0.277727;0.000000;10.026.917
0.248997;0.000000;9.979.033
0.268151;0.000000;9.931.149
0.277727;-0.009577;9.883.265
0.258574;0.009577;9.844.957
0.277727;0.000000;9.854.534
0.258574;0.000000;9.854.534
0.258574;0.000000;9.902.418
0.268151;0.000000;9.950.302
0.248997;-0.028730;9.988.609
0.258574;-0.009577;10.055.647
0.258574;-0.019154;10.103.531
0.268151;0.000000;10.103.531
0.258574;0.000000;10.046.070
0.296881;-0.019154;10.017.340
0.277727;-0.019154;10.007.763
0.277727;-0.009577;9.940.725
0.277727;-0.009577;9.873.688
0.258574;0.000000;9.854.534
0.248997;0.000000;9.844.957
0.268151;0.000000;9.873.688
0.268151;0.019154;9.892.841
0.268151;0.000000;9.911.995
0.268151;-0.009577;10.007.763
0.277727;-0.028730;10.046.070
0.268151;-0.009577;10.055.647
0.268151;-0.009577;10.093.954
0.277727;0.000000;10.084.377
0.268151;-0.019154;10.046.070
0.258574;0.000000;10.017.340
0.268151;-0.019154;9.940.725
0.258574;0.000000;9.873.688
0.239420;-0.028730;9.892.841
0.268151;-0.009577;9.883.265
0.248997;-0.009577;9.854.534
0.248997;0.000000;9.883.265
0.239420;0.000000;9.902.418
0.248997;0.000000;9.969.456
0.268151;-0.009577;10.007.763
0.268151;-0.019154;10.065.224
0.268151;-0.028730;10.065.224
0.268151;-0.009577;10.055.647
0.268151;-0.009577;10.065.224
0.248997;-0.009577;10.026.917
0.239420;-0.009577;9.940.725
0.268151;0.000000;9.921.572
0.268151;-0.009577;9.902.418
0.277727;0.000000;9.873.688
0.268151;0.000000;9.864.111
0.258574;-0.019154;9.873.688
0.277727;0.000000;9.950.302
0.258574;-0.009577;9.969.456
0.287304;0.000000;9.988.609
0.268151;-0.019154;10.065.224
0.268151;-0.028730;10.055.647
0.248997;-0.009577;10.055.647
0.268151;-0.019154;10.036.493
0.268151;-0.009577;9.969.456
0.277727;0.000000;9.921.572
0.248997;0.000000;9.911.995
0.248997;-0.019154;9.864.111
0.268151;0.000000;9.892.841
0.268151;0.000000;9.902.418
0.277727;-0.009577;9.911.995
0.268151;0.000000;9.979.033
0.277727;-0.009577;10.007.763
0.287304;0.000000;10.026.917
0.277727;-0.028730;10.026.917
0.268151;-0.009577;10.074.800
0.258574;-0.009577;10.046.070
0.277727;0.000000;10.017.340
0.277727;-0.019154;9.979.033
0.277727;0.000000;9.950.302
0.268151;0.009577;9.864.111
0.277727;0.009577;9.892.841
0.258574;-0.019154;9.883.265
0.268151;0.000000;9.883.265
0.277727;-0.019154;9.921.572
0.287304;-0.009577;9.959.879
0.258574;0.000000;10.007.763
0.268151;0.000000;10.026.917
0.277727;0.000000;10.065.224
0.268151;-0.009577;10.007.763
0.268151;0.000000;10.007.763
0.268151;0.009577;9.959.879
0.258574;-0.019154;9.911.995
0.268151;-0.019154;9.892.841
0.258574;-0.009577;9.921.572
0.277727;-0.009577;9.921.572
0.268151;-0.009577;9.959.879
0.287304;0.000000;9.959.879
0.277727;-0.009577;10.026.917
0.258574;0.000000;10.046.070
0.258574;-0.009577;10.046.070
0.296881;-0.009577;10.046.070
0.258574;0.000000;10.017.340
0.248997;-0.009577;9.988.609
0.277727;-0.028730;9.959.879
0.268151;-0.019154;9.921.572
0.258574;0.000000;9.892.841
0.268151;0.000000;9.911.995
0.287304;0.000000;9.921.572
0.277727;-0.009577;9.921.572
0.277727;-0.028730;9.940.725
0.268151;0.000000;9.988.609
0.258574;-0.028730;10.017.340
0.277727;-0.019154;10.026.917
0.287304;-0.019154;10.046.070
0.268151;0.000000;9.998.186
0.258574;0.000000;10.017.340
0.248997;0.000000;9.969.456
0.248997;-0.009577;9.950.302
0.248997;-0.009577;9.921.572
0.258574;-0.009577;9.931.149
0.277727;0.000000;9.902.418
0.277727;0.000000;9.921.572
0.277727;-0.028730;9.940.725
0.268151;-0.009577;9.959.879
0.258574;0.000000;10.007.763
0.258574;-0.009577;10.026.917
0.277727;-0.009577;9.988.609
0.248997;-0.019154;10.026.917
0.277727;-0.019154;10.007.763
0.248997;-0.009577;10.026.917
0.258574;-0.009577;9.979.033
0.277727;0.000000;9.950.302
0.277727;-0.009577;9.940.725
0.277727;0.000000;9.931.149
0.277727;-0.009577;9.921.572
0.268151;0.000000;9.911.995
0.239420;0.000000;9.950.302
0.258574;0.000000;9.969.456
0.268151;0.000000;9.988.609
0.258574;0.000000;9.979.033
0.258574;-0.019154;10.007.763
0.268151;0.000000;10.017.340
0.277727;-0.019154;9.988.609
0.268151;-0.009577;9.998.186
0.258574;-0.009577;9.950.302
0.248997;-0.009577;9.940.725
0.239420;-0.009577;9.950.302
0.258574;-0.009577;9.921.572
0.277727;0.009577;9.931.149
0.268151;0.000000;9.940.725
0.268151;-0.019154;9.959.879
0.277727;-0.009577;9.959.879
0.277727;0.000000;9.988.609
0.277727;-0.009577;10.026.917
0.248997;-0.009577;10.007.763
0.268151;-0.009577;9.988.609
0.258574;-0.019154;9.988.609
0.258574;-0.009577;9.979.033
0.239420;0.000000;9.940.725
0.268151;0.000000;9.950.302
0.268151;0.000000;9.959.879
0.277727;0.000000;9.931.149
0.258574;-0.009577;9.931.149
0.277727;0.000000;9.940.725
0.277727;-0.009577;9.969.456
0.277727;0.009577;9.998.186
0.277727;-0.009577;9.969.456
0.296881;0.000000;10.007.763
0.268151;-0.009577;9.998.186
0.277727;-0.009577;10.017.340
0.268151;0.000000;9.988.609
0.258574;-0.028730;9.998.186
0.248997;0.000000;9.959.879
0.258574;0.000000;9.931.149
0.277727;0.000000;9.921.572
0.258574;-0.028730;9.950.302
0.268151;-0.019154;9.940.725
0.248997;-0.028730;9.950.302
0.258574;-0.009577;9.969.456
0.287304;0.000000;9.988.609
0.277727;-0.019154;10.017.340
0.248997;0.000000;10.036.493
0.258574;-0.009577;9.998.186
0.248997;-0.019154;9.988.609
0.268151;-0.019154;9.979.033
0.258574;-0.028730;9.931.149
0.258574;-0.009577;9.931.149
0.248997;0.000000;9.921.572
0.268151;-0.009577;9.921.572
0.277727;0.000000;9.931.149
0.277727;0.000000;9.940.725
0.258574;-0.028730;9.979.033
0.277727;0.000000;9.979.033
0.277727;0.000000;10.017.340
0.296881;-0.009577;10.007.763
0.277727;0.000000;10.026.917
0.268151;0.000000;10.036.493
0.277727;0.000000;9.979.033
0.248997;0.000000;9.931.149
0.248997;0.000000;9.959.879
0.248997;-0.009577;9.931.149
0.239420;-0.028730;9.921.572
0.239420;0.000000;9.892.841
0.258574;-0.028730;9.940.725
0.258574;0.000000;9.959.879
0.277727;-0.009577;9.988.609
0.287304;0.000000;9.969.456
0.268151;0.000000;10.017.340
0.296881;-0.009577;10.036.493
0.287304;-0.019154;10.017.340
0.287304;0.000000;10.007.763
0.277727;-0.009577;9.998.186
0.268151;-0.019154;9.950.302
0.277727;-0.028730;9.950.302
0.277727;0.009577;9.911.995
0.268151;0.000000;9.892.841
0.258574;-0.019154;9.931.149
0.248997;0.000000;9.931.149
0.258574;0.000000;9.950.302
0.268151;0.019154;9.959.879
0.258574;0.000000;9.998.186
0.258574;0.000000;10.007.763
0.268151;0.000000;9.988.609
0.258574;0.000000;10.036.493
0.277727;-0.009577;10.036.493
0.258574;-0.009577;9.979.033
0.258574;-0.019154;9.940.725
0.239420;0.000000;9.950.302
0.248997;-0.028730;9.902.418
0.258574;0.000000;9.911.995
0.258574;0.000000;9.892.841
0.258574;0.000000;9.921.572
0.287304;0.000000;9.940.725
0.306458;0.000000;9.969.456
0.287304;0.000000;9.979.033
0.277727;-0.019154;10.026.917
0.268151;-0.009577;10.046.070
0.268151;-0.019154;10.046.070
0.248997;0.000000;10.046.070
0.248997;-0.028730;10.007.763
0.239420;-0.009577;9.979.033
0.248997;0.000000;9.969.456
0.239420;-0.009577;9.902.418
0.258574;0.009577;9.911.995
0.277727;0.000000;9.902.418
0.296881;0.000000;9.931.149
0.306458;0.009577;9.940.725
0.277727;-0.019154;9.940.725
0.268151;0.000000;9.988.609
0.268151;-0.019154;10.026.917
0.248997;-0.038307;10.036.493
0.239420;0.000000;10.055.647
0.258574;0.000000;10.026.917
0.277727;0.000000;10.007.763
0.277727;-0.009577;9.979.033
0.287304;-0.009577;9.940.725
0.306458;0.009577;9.902.418
0.277727;0.009577;9.892.841
0.287304;0.000000;9.911.995
0.268151;0.009577;9.902.418
0.268151;-0.028730;9.921.572
0.239420;0.000000;9.950.302
0.210690;-0.009577;10.007.763
0.201113;-0.009577;10.084.377
0.201113;0.000000;10.074.800
0.210690;-0.009577;10.074.800
0.258574;-0.019154;10.036.493
0.296881;0.000000;10.046.070
0.316035;-0.028730;9.998.186
0.335188;0.019154;9.940.725
0.335188;0.000000;9.921.572
0.344765;0.009577;9.911.995
0.287304;-0.009577;9.892.841
0.268151;-0.028730;9.883.265
0.248997;0.009577;9.911.995
0.229843;0.000000;9.940.725
0.229843;-0.028730;9.979.033
0.201113;-0.019154;10.026.917
0.229843;0.000000;10.065.224
0.248997;-0.019154;10.084.377
0.287304;-0.019154;10.084.377
0.277727;0.000000;10.055.647
0.296881;0.000000;10.017.340
0.316035;0.000000;9.959.879
0.296881;-0.009577;9.911.995
0.287304;0.009577;9.902.418
0.258574;-0.028730;9.873.688
0.239420;-0.009577;9.873.688
0.220267;-0.009577;9.844.957
0.229843;-0.019154;9.950.302
0.239420;0.000000;9.969.456
0.248997;-0.009577;10.017.340
0.287304;0.000000;10.026.917
0.316035;-0.019154;10.074.800
0.344765;0.000000;10.065.224
0.325611;0.019154;10.065.224
0.287304;0.009577;10.007.763
0.287304;0.000000;9.979.033
0.268151;0.000000;9.931.149
0.220267;-0.009577;9.873.688
0.210690;0.000000;9.864.111
0.172383;-0.028730;9.844.957
0.181959;-0.019154;9.883.265
0.229843;-0.019154;9.911.995
0.248997;-0.019154;9.998.186
0.268151;-0.028730;10.026.917
0.287304;0.009577;10.093.954
0.325611;-0.009577;10.103.531
0.335188;-0.009577;10.074.800
0.344765;0.000000;10.026.917
0.316035;-0.019154;10.007.763
0.287304;-0.009577;9.979.033
0.268151;-0.038307;9.902.418
0.239420;-0.038307;9.864.111
0.210690;0.000000;9.844.957
0.220267;-0.009577;9.864.111
0.220267;-0.009577;9.844.957
0.239420;-0.009577;9.911.995
0.248997;-0.009577;9.959.879
0.296881;0.009577;9.988.609
0.306458;0.000000;10.093.954
0.306458;0.000000;10.093.954
0.287304;-0.019154;10.113.108
0.248997;-0.028730;10.074.800
0.248997;-0.009577;10.046.070
0.248997;-0.009577;9.998.186
0.210690;-0.019154;9.911.995
0.220267;0.000000;9.892.841
0.210690;-0.009577;9.835.381
0.248997;0.000000;9.864.111
0.316035;0.000000;9.873.688
0.325611;-0.009577;9.902.418
0.306458;0.000000;9.950.302
0.335188;0.000000;10.036.493
0.306458;0.000000;10.055.647
0.306458;0.000000;10.074.800
0.277727;0.000000;10.084.377
0.210690;-0.019154;10.065.224
0.201113;-0.009577;10.036.493
0.181959;-0.019154;9.998.186
0.191536;0.000000;9.902.418
0.220267;-0.009577;9.873.688
0.210690;-0.028730;9.883.265
0.268151;-0.009577;9.854.534
0.296881;-0.038307;9.864.111
0.325611;0.000000;9.892.841
0.325611;0.000000;9.950.302
0.344765;-0.038307;9.998.186
0.325611;-0.009577;10.036.493
0.268151;-0.028730;10.055.647
0.268151;-0.019154;10.084.377
0.239420;-0.009577;10.084.377
0.220267;-0.009577;10.055.647
0.229843;0.000000;9.998.186
0.229843;0.000000;9.921.572
0.258574;-0.009577;9.931.149
0.268151;0.000000;9.902.418
0.287304;0.000000;9.864.111
0.296881;0.009577;9.873.688
0.306458;0.009577;9.921.572
0.258574;0.000000;9.931.149
0.277727;-0.009577;9.988.609
0.258574;-0.019154;10.026.917
0.220267;-0.028730;10.036.493
0.201113;-0.019154;10.093.954
0.220267;-0.038307;10.084.377
0.220267;-0.028730;10.065.224
0.248997;0.000000;9.988.609
0.277727;-0.009577;9.950.302
0.316035;0.009577;9.931.149
0.335188;0.000000;9.864.111
0.325611;-0.009577;9.854.534
0.335188;0.009577;9.854.534
0.325611;0.000000;9.883.265
0.277727;-0.009577;9.911.995
0.239420;-0.019154;9.979.033
0.229843;-0.019154;10.007.763
0.210690;-0.047884;10.074.800
0.201113;-0.009577;10.093.954
0.201113;-0.019154;10.103.531
0.248997;0.000000;10.055.647
0.268151;0.000000;10.046.070
0.268151;0.000000;9.988.609
0.306458;0.000000;9.959.879
0.325611;0.009577;9.902.418
0.316035;0.019154;9.864.111
0.306458;-0.009577;9.883.265
0.287304;0.009577;9.883.265
0.268151;-0.019154;9.921.572
0.258574;-0.009577;9.940.725
0.229843;0.000000;9.969.456
0.258574;0.000000;10.046.070
0.229843;-0.009577;10.084.377
0.258574;0.000000;10.084.377
0.287304;-0.009577;10.074.800
0.287304;0.000000;10.036.493
0.306458;0.000000;9.998.186
0.268151;0.000000;9.940.725
0.287304;0.000000;9.892.841
0.268151;0.000000;9.873.688
0.239420;-0.019154;9.844.957
0.220267;-0.009577;9.864.111
0.201113;-0.009577;9.864.111
0.220267;-0.019154;9.931.149
0.229843;-0.009577;9.998.186
0.248997;-0.019154;10.026.917
0.296881;-0.019154;10.036.493
0.296881;0.000000;10.074.800
0.306458;0.000000;10.074.800
0.325611;-0.019154;10.055.647
0.335188;0.000000;10.055.647
0.296881;0.000000;9.950.302
0.287304;-0.009577;9.911.995
0.268151;-0.009577;9.892.841
0.220267;-0.028730;9.873.688
0.210690;-0.009577;9.854.534
0.210690;-0.028730;9.864.111
0.220267;-0.019154;9.931.149
0.229843;-0.009577;10.007.763
0.268151;-0.019154;10.007.763
0.258574;0.000000;10.055.647
0.316035;0.000000;10.093.954
0.296881;-0.019154;10.093.954
0.325611;0.000000;10.065.224
0.306458;-0.019154;9.998.186
0.268151;-0.009577;9.959.879
0.277727;0.000000;9.911.995
0.258574;-0.019154;9.892.841
0.229843;-0.019154;9.864.111
0.268151;0.000000;9.864.111
0.268151;0.000000;9.892.841
0.258574;0.000000;9.940.725
0.306458;0.000000;9.950.302
0.277727;-0.009577;10.017.340
0.306458;-0.009577;10.036.493
0.325611;-0.009577;10.046.070
0.296881;0.000000;10.055.647
0.287304;0.000000;10.036.493
0.210690;-0.009577;9.998.186
0.229843;0.000000;9.969.456
0.210690;-0.028730;9.931.149
0.220267;-0.038307;9.883.265
0.210690;-0.009577;9.864.111
0.210690;-0.019154;9.854.534
0.277727;0.009577;9.911.995
0.287304;0.000000;9.931.149
0.335188;-0.009577;9.959.879
0.335188;-0.019154;9.988.609
0.316035;0.000000;10.046.070
0.316035;-0.019154;10.065.224
0.287304;-0.019154;10.093.954
0.248997;-0.019154;10.046.070
0.239420;-0.009577;10.017.340
0.210690;-0.028730;9.988.609
0.201113;-0.028730;9.950.302
0.239420;-0.009577;9.892.841
0.239420;0.000000;9.883.265
0.248997;-0.019154;9.864.111
0.258574;0.000000;9.892.841
0.258574;0.000000;9.911.995
0.306458;0.000000;9.969.456
0.296881;0.000000;10.007.763
0.287304;0.000000;10.026.917
0.287304;-0.019154;10.065.224
0.268151;-0.019154;10.036.493
0.248997;-0.019154;10.026.917
0.258574;-0.028730;10.026.917
0.239420;-0.028730;9.969.456
0.268151;-0.009577;9.959.879
0.277727;-0.019154;9.921.572
0.287304;0.000000;9.902.418
0.306458;0.000000;9.902.418
0.306458;-0.009577;9.902.418
0.316035;0.000000;9.921.572
0.306458;-0.009577;9.950.302
0.287304;-0.009577;9.979.033
0.258574;-0.019154;10.017.340
0.229843;0.000000;10.046.070
0.220267;-0.009577;10.036.493
0.201113;-0.009577;9.998.186
0.229843;-0.019154;10.036.493
0.239420;-0.009577;9.979.033
0.277727;0.000000;9.959.879
0.287304;-0.009577;9.931.149
0.296881;0.000000;9.921.572
0.306458;0.000000;9.921.572
0.335188;0.000000;9.883.265
0.316035;0.009577;9.931.149
0.316035;-0.009577;9.921.572
0.277727;0.000000;10.007.763
0.258574;-0.019154;9.998.186
0.239420;-0.009577;9.998.186
0.248997;-0.009577;10.036.493
0.239420;0.000000;10.007.763
0.239420;-0.009577;10.026.917
0.248997;0.000000;9.979.033
0.258574;-0.019154;9.979.033
0.268151;-0.019154;9.911.995
0.268151;0.000000;9.931.149
0.296881;-0.009577;9.911.995
0.277727;0.000000;9.921.572
0.258574;0.000000;9.931.149
0.268151;-0.028730;9.950.302
0.258574;-0.009577;9.979.033
0.220267;-0.038307;9.998.186
0.268151;0.000000;10.007.763
0.248997;-0.028730;9.988.609
0.268151;-0.009577;9.998.186
0.287304;0.000000;9.998.186
0.316035;0.000000;9.988.609
0.287304;0.000000;9.979.033
0.316035;0.009577;9.950.302
0.296881;0.000000;9.940.725
0.258574;0.009577;9.931.149
0.258574;0.000000;9.931.149
0.229843;0.000000;9.940.725
0.220267;-0.038307;9.959.879
0.239420;-0.019154;9.959.879
0.210690;0.000000;9.988.609
0.248997;0.000000;9.998.186
0.248997;-0.009577;9.988.609
0.258574;-0.009577;9.998.186
0.296881;-0.009577;9.998.186
0.306458;-0.009577;10.017.340
0.287304;0.000000;9.969.456
0.316035;0.000000;9.931.149
0.306458;0.009577;9.959.879
0.287304;0.009577;9.950.302
0.239420;-0.028730;9.921.572
0.239420;-0.019154;9.969.456
0.239420;-0.009577;9.940.725
0.258574;-0.019154;9.988.609
0.239420;-0.038307;9.979.033
0.248997;0.000000;10.007.763
0.277727;-0.009577;10.007.763
0.277727;0.000000;10.017.340
0.287304;-0.009577;10.007.763
0.258574;0.009577;9.998.186
0.268151;0.000000;9.959.879
0.248997;-0.019154;9.950.302
0.239420;0.000000;9.921.572
0.248997;-0.009577;9.940.725
0.258574;-0.009577;9.940.725
0.258574;-0.009577;9.979.033
0.239420;-0.009577;9.959.879
0.287304;-0.028730;10.017.340
0.287304;-0.009577;10.017.340
0.316035;0.000000;9.988.609
0.296881;0.009577;9.998.186
0.306458;0.000000;9.998.186
0.296881;-0.009577;9.988.609
0.287304;0.000000;9.979.033
0.258574;-0.009577;9.940.725
0.248997;0.000000;9.940.725
0.239420;-0.009577;9.940.725
0.220267;-0.019154;9.940.725
0.229843;-0.038307;9.969.456
0.210690;0.000000;9.959.879
0.229843;0.000000;9.979.033
0.268151;-0.009577;9.998.186
0.287304;-0.019154;9.979.033
0.296881;0.000000;9.959.879
0.296881;-0.009577;10.026.917
0.296881;-0.028730;9.940.725
0.296881;0.000000;9.950.302
0.277727;-0.009577;9.950.302
0.239420;-0.019154;9.921.572
0.248997;-0.019154;9.921.572
0.248997;-0.019154;9.931.149
0.258574;0.000000;9.959.879
0.268151;-0.028730;9.979.033
0.287304;0.009577;9.979.033
0.287304;0.000000;10.017.340
0.268151;0.000000;9.998.186
0.268151;-0.019154;10.007.763
0.258574;-0.009577;10.007.763
0.248997;0.000000;9.969.456
0.258574;-0.009577;9.940.725
0.239420;-0.009577;9.969.456
0.239420;0.000000;9.940.725
0.229843;-0.019154;9.940.725
0.239420;0.000000;9.921.572
0.277727;0.000000;9.969.456
0.306458;0.000000;9.959.879
0.316035;0.000000;9.950.302
0.296881;0.000000;10.017.340
0.316035;0.000000;10.017.340
0.316035;-0.028730;10.017.340
0.306458;-0.009577;10.017.340
0.268151;-0.028730;9.969.456
0.248997;-0.009577;9.979.033
0.239420;-0.009577;9.950.302
0.239420;-0.019154;9.883.265
0.239420;-0.009577;9.921.572
0.248997;0.000000;9.931.149
0.239420;0.000000;9.950.302
0.296881;-0.019154;9.969.456
0.287304;-0.019154;9.979.033
0.287304;-0.009577;10.026.917
0.277727;0.000000;10.026.917
0.296881;-0.019154;10.026.917
0.268151;0.009577;9.969.456
0.248997;0.000000;9.979.033
0.268151;0.000000;9.959.879
0.239420;-0.009577;9.931.149
0.248997;-0.009577;9.921.572
0.258574;0.000000;9.931.149
0.277727;0.000000;9.921.572
0.268151;0.009577;9.959.879
0.287304;0.000000;9.959.879
0.287304;-0.009577;9.988.609
0.258574;-0.009577;10.017.340
0.258574;-0.028730;10.026.917
0.239420;-0.009577;10.036.493
0.239420;-0.019154;10.017.340
0.229843;0.000000;10.007.763
0.229843;-0.009577;9.969.456
0.268151;-0.028730;9.940.725
0.239420;-0.009577;9.902.418
0.277727;-0.009577;9.940.725
0.287304;0.009577;9.883.265
0.306458;0.000000;9.921.572
0.306458;0.000000;9.940.725
0.316035;-0.009577;9.959.879
0.277727;-0.019154;10.007.763
0.277727;0.000000;9.998.186
0.268151;-0.009577;10.007.763
0.258574;-0.009577;10.046.070
0.258574;0.000000;10.026.917
0.229843;-0.019154;10.017.340
0.220267;0.000000;9.998.186
0.268151;0.009577;9.969.456
0.248997;0.000000;9.931.149
0.248997;-0.009577;9.883.265
0.277727;0.000000;9.902.418
0.287304;0.000000;9.892.841
0.277727;0.009577;9.921.572
0.287304;0.000000;9.969.456
0.268151;-0.019154;9.988.609
0.258574;0.000000;10.036.493
0.239420;-0.028730;10.026.917
0.248997;0.000000;10.065.224
0.268151;0.000000;10.026.917
0.268151;0.000000;10.017.340
0.296881;0.000000;9.988.609
0.277727;-0.019154;9.950.302
0.287304;0.000000;9.940.725
0.287304;-0.009577;9.902.418
0.277727;0.000000;9.873.688
0.268151;0.000000;9.902.418
0.268151;-0.009577;9.902.418
0.239420;-0.028730;9.959.879
0.229843;-0.028730;9.988.609
0.229843;-0.028730;10.026.917
0.248997;-0.019154;10.026.917
0.239420;-0.009577;10.036.493
0.248997;-0.019154;10.046.070
0.277727;-0.028730;10.036.493
0.268151;0.000000;10.007.763
0.296881;-0.019154;9.979.033
0.296881;-0.019154;9.921.572
0.287304;-0.019154;9.911.995
0.277727;0.000000;9.854.534
0.277727;0.000000;9.892.841
0.268151;0.009577;9.902.418
0.268151;0.000000;9.931.149
0.239420;0.000000;9.969.456
0.248997;-0.019154;10.026.917
0.239420;0.000000;10.046.070
0.239420;0.000000;10.055.647
0.239420;0.000000;10.055.647
0.268151;0.000000;10.036.493
0.277727;-0.009577;9.998.186
0.268151;0.000000;9.969.456
0.258574;0.000000;9.950.302
0.268151;-0.009577;9.883.265
0.258574;0.000000;9.883.265
0.306458;0.000000;9.854.534
0.258574;-0.009577;9.892.841
0.258574;-0.009577;9.921.572
0.258574;-0.019154;9.950.302
0.268151;0.009577;9.998.186
0.258574;0.000000;10.036.493
0.287304;0.000000;10.084.377
0.296881;0.000000;10.074.800
0.277727;-0.009577;10.046.070
0.277727;0.000000;10.007.763
0.287304;-0.009577;9.979.033
0.248997;0.000000;9.902.418
0.268151;-0.009577;9.864.111
0.229843;0.000000;9.883.265
0.239420;0.000000;9.883.265
0.229843;0.000000;9.892.841
0.258574;-0.028730;9.892.841
0.239420;-0.009577;9.931.149
0.287304;0.000000;10.036.493
0.306458;0.000000;10.007.763
0.296881;-0.009577;10.036.493
0.296881;-0.009577;10.074.800
0.296881;0.000000;10.046.070
0.287304;0.000000;10.017.340
0.287304;0.000000;10.007.763
0.268151;-0.009577;9.911.995
0.258574;-0.009577;9.902.418
0.248997;0.009577;9.873.688
0.258574;-0.019154;9.864.111
0.239420;-0.019154;9.854.534
0.229843;0.000000;9.902.418
0.258574;0.000000;9.902.418
0.277727;-0.009577;9.998.186
0.268151;-0.019154;10.017.340
0.296881;-0.019154;10.065.224
0.277727;-0.009577;10.074.800
0.268151;-0.019154;10.074.800
0.268151;-0.009577;10.026.917
0.258574;0.009577;9.959.879
0.248997;-0.009577;9.931.149
0.239420;0.000000;9.892.841
0.268151;0.000000;9.864.111
0.258574;0.000000;9.854.534
0.296881;0.000000;9.854.534
0.268151;0.000000;9.892.841
0.277727;-0.009577;9.950.302
0.296881;-0.009577;9.988.609
0.287304;0.000000;10.007.763
0.277727;-0.009577;10.046.070
0.268151;-0.038307;10.055.647
0.248997;-0.019154;10.065.224
0.248997;-0.019154;10.055.647
0.248997;-0.028730;9.998.186
0.248997;0.000000;9.988.609
0.239420;-0.019154;9.931.149
0.248997;-0.028730;9.864.111
0.258574;0.000000;9.873.688
0.268151;0.000000;9.864.111
0.287304;0.000000;9.883.265
0.296881;0.000000;9.921.572
0.287304;-0.009577;9.950.302
0.277727;0.000000;10.017.340
0.268151;0.000000;10.036.493
0.277727;-0.028730;10.084.377
0.258574;-0.009577;10.065.224
0.268151;-0.009577;10.055.647
0.258574;-0.009577;10.007.763
0.248997;0.000000;9.969.456
0.287304;-0.009577;9.950.302
0.268151;0.000000;9.883.265
0.277727;-0.009577;9.864.111
0.277727;0.000000;9.883.265
0.268151;0.009577;9.892.841
0.268151;0.000000;9.950.302
0.268151;0.000000;9.950.302
0.268151;0.000000;9.979.033
0.248997;-0.038307;10.017.340
0.258574;-0.019154;10.046.070
0.248997;-0.009577;10.055.647
0.268151;-0.028730;10.065.224
0.296881;-0.009577;10.046.070
0.268151;-0.009577;9.998.186
0.287304;-0.009577;9.931.149
0.287304;0.000000;9.902.418
0.296881;-0.009577;9.883.265
0.287304;-0.019154;9.864.111
0.268151;0.000000;9.873.688
0.287304;-0.009577;9.892.841
0.277727;0.000000;9.931.149
0.258574;-0.019154;10.007.763
0.248997;-0.019154;10.046.070
0.239420;-0.009577;10.065.224
0.220267;-0.019154;10.084.377
0.258574;-0.019154;10.084.377
0.277727;-0.009577;10.046.070
0.268151;-0.019154;10.007.763
0.296881;-0.019154;9.950.302
0.277727;0.000000;9.921.572
0.287304;0.000000;9.902.418
0.287304;-0.019154;9.854.534
0.287304;-0.019154;9.892.841
0.277727;-0.028730;9.950.302
0.258574;0.000000;9.979.033
0.268151;-0.009577;10.017.340
0.277727;0.000000;10.065.224
0.277727;-0.009577;10.074.800
0.277727;0.000000;10.055.647
0.258574;0.000000;10.074.800
0.287304;-0.009577;10.017.340
0.277727;0.000000;9.959.879
0.258574;0.000000;9.931.149
0.258574;-0.009577;9.883.265
0.248997;0.000000;9.873.688
0.258574;-0.009577;9.864.111
0.248997;-0.009577;9.873.688
0.248997;0.000000;9.911.995
0.277727;0.000000;9.959.879
0.258574;-0.019154;9.998.186
0.258574;-0.028730;10.036.493
0.287304;0.000000;10.065.224
0.296881;0.000000;10.055.647
0.287304;0.000000;10.026.917
0.277727;-0.019154;9.969.456
0.258574;-0.028730;9.950.302
0.248997;0.009577;9.873.688
0.248997;-0.009577;9.854.534
0.258574;0.000000;9.864.111
0.248997;0.009577;9.902.418
0.248997;0.000000;9.950.302
0.268151;0.009577;10.026.917
0.268151;-0.019154;10.046.070
0.277727;-0.009577;10.074.800
0.287304;0.000000;10.036.493
0.287304;0.000000;10.026.917
0.239420;-0.028730;9.979.033
0.277727;-0.009577;9.940.725
0.268151;0.000000;9.892.841
0.277727;-0.009577;9.892.841
0.239420;-0.009577;9.892.841
0.248997;-0.009577;9.902.418
0.268151;-0.009577;9.940.725
0.268151;-0.019154;9.969.456
0.268151;-0.019154;9.988.609
0.277727;-0.019154;10.017.340
0.268151;-0.019154;10.055.647
0.277727;-0.009577;10.036.493
0.248997;-0.028730;10.026.917
0.258574;0.000000;10.017.340
0.248997;-0.009577;10.007.763
0.248997;0.000000;9.940.725
0.239420;0.000000;9.921.572
0.248997;0.009577;9.892.841
0.258574;0.000000;9.873.688
0.277727;-0.009577;9.873.688
0.277727;-0.009577;9.931.149
0.296881;-0.009577;9.911.995
0.277727;0.000000;10.007.763
0.287304;-0.028730;10.017.340
0.258574;0.000000;10.036.493
0.268151;-0.009577;10.055.647
0.258574;-0.038307;10.026.917
0.268151;-0.019154;10.007.763
0.258574;-0.009577;9.988.609
0.258574;-0.009577;9.959.879
0.258574;-0.019154;9.921.572
0.268151;-0.009577;9.921.572
0.268151;0.000000;9.902.418
0.248997;0.000000;9.902.418
0.248997;0.000000;9.931.149
0.287304;-0.019154;9.940.725
0.287304;-0.009577;9.969.456
0.268151;-0.009577;10.017.340
0.277727;0.000000;10.026.917
0.268151;-0.009577;10.026.917
0.268151;-0.009577;10.046.070
0.268151;-0.019154;9.998.186
0.268151;-0.009577;9.988.609
0.296881;0.000000;9.950.302
0.277727;-0.009577;9.931.149
0.296881;-0.019154;9.931.149
0.277727;-0.009577;9.902.418
0.277727;0.000000;9.921.572
0.277727;0.000000;9.921.572
0.258574;-0.009577;9.950.302
0.258574;-0.009577;9.959.879
0.258574;-0.009577;9.969.456
0.239420;-0.009577;10.017.340
0.239420;-0.009577;10.036.493
0.248997;-0.009577;10.055.647
0.239420;0.000000;9.998.186
0.248997;-0.009577;9.988.609
0.258574;0.000000;9.979.033
0.248997;0.009577;9.950.302
0.287304;0.009577;9.902.418
0.296881;-0.009577;9.931.149
0.296881;-0.038307;9.940.725
0.287304;0.000000;9.940.725
0.287304;0.000000;9.911.995
0.268151;-0.019154;9.959.879
0.268151;0.000000;9.988.609
0.268151;-0.019154;9.988.609
0.277727;0.000000;10.026.917
0.239420;0.000000;9.998.186
0.258574;0.000000;9.998.186
0.268151;-0.009577;10.007.763
0.258574;-0.028730;9.959.879
0.268151;-0.009577;9.969.456
0.277727;0.000000;9.950.302
0.248997;0.000000;9.931.149
0.268151;0.009577;9.969.456
0.258574;-0.009577;9.921.572
0.258574;-0.009577;9.950.302
0.277727;0.000000;9.940.725
0.268151;-0.009577;9.979.033
0.248997;-0.009577;9.988.609
0.258574;-0.019154;9.998.186
0.277727;-0.019154;9.998.186
0.287304;0.000000;9.988.609
0.258574;-0.009577;10.017.340
0.287304;-0.009577;9.988.609
0.277727;-0.009577;9.959.879
0.268151;-0.009577;9.940.725
0.277727;0.019154;9.921.572
0.258574;-0.019154;9.940.725
0.239420;0.000000;9.902.418
0.239420;0.000000;9.959.879
0.248997;-0.019154;9.979.033
0.258574;-0.009577;9.988.609
0.258574;-0.028730;9.998.186
0.258574;0.000000;9.979.033
0.277727;-0.009577;9.998.186
0.268151;-0.009577;9.988.609
0.287304;0.000000;9.988.609
0.287304;-0.028730;9.950.302
0.296881;0.000000;9.959.879
0.277727;0.000000;9.940.725
0.268151;-0.019154;9.950.302
0.268151;-0.009577;9.931.149
0.258574;-0.019154;9.921.572
0.277727;-0.009577;9.940.725
0.258574;0.000000;9.988.609
0.268151;-0.009577;9.959.879
0.258574;0.000000;10.017.340
0.268151;0.000000;10.007.763
0.268151;0.000000;9.979.033
0.287304;0.000000;9.959.879
0.258574;0.000000;9.979.033
0.248997;-0.009577;9.950.302
0.268151;0.000000;9.940.725
0.258574;-0.009577;9.931.149
0.248997;-0.009577;9.950.302
0.258574;0.000000;9.921.572
0.268151;-0.009577;9.959.879
0.258574;0.000000;9.950.302
0.277727;0.000000;9.988.609
0.258574;0.000000;9.979.033
0.277727;0.000000;9.979.033
0.287304;-0.009577;9.988.609
0.306458;0.000000;9.998.186
0.296881;-0.009577;9.969.456
0.268151;0.000000;9.998.186
0.258574;0.000000;9.959.879
0.268151;0.000000;9.940.725
0.248997;0.000000;9.940.725
0.248997;0.000000;9.959.879
0.268151;-0.019154;9.940.725
0.248997;0.000000;9.979.033
0.268151;0.000000;9.969.456
0.239420;0.000000;9.969.456
0.268151;0.000000;9.979.033
0.258574;0.000000;9.998.186
0.287304;-0.009577;9.969.456
0.277727;0.000000;9.969.456
0.287304;0.000000;9.969.456
0.287304;-0.038307;9.950.302
0.258574;-0.009577;9.931.149
0.287304;0.000000;9.921.572
0.268151;0.000000;9.950.302
0.258574;0.000000;9.950.302
0.268151;-0.028730;9.940.725
0.277727;-0.019154;9.979.033
0.287304;0.000000;9.988.609
0.258574;0.000000;9.998.186
0.268151;0.009577;10.017.340
0.258574;0.000000;10.026.917
0.287304;0.000000;10.007.763
0.248997;-0.019154;9.969.456
0.258574;0.000000;9.969.456
0.229843;-0.009577;9.959.879
0.248997;-0.009577;9.950.302
0.258574;0.000000;9.940.725
0.268151;-0.019154;9.902.418
0.277727;-0.009577;9.950.302
0.296881;-0.019154;9.959.879
0.277727;0.000000;9.959.879
0.277727;-0.009577;9.998.186
0.296881;0.000000;9.988.609
0.287304;-0.009577;10.017.340
0.277727;-0.028730;10.007.763
0.258574;0.000000;9.998.186
0.258574;-0.009577;9.969.456
0.258574;0.000000;9.921.572
0.248997;0.000000;9.931.149
0.239420;0.000000;9.931.149
0.268151;-0.009577;9.931.149
0.258574;0.000000;9.940.725
0.268151;0.000000;9.940.725
0.268151;0.000000;9.988.609
0.277727;0.000000;9.988.609
0.287304;0.000000;9.988.609
0.287304;-0.019154;9.998.186
0.277727;0.000000;10.026.917
0.268151;-0.019154;10.007.763
0.268151;-0.009577;9.959.879
0.268151;-0.019154;9.931.149
0.277727;-0.019154;9.950.302
0.268151;0.000000;9.902.418
0.277727;-0.019154;9.931.149
0.268151;0.000000;9.950.302
0.277727;-0.009577;9.931.149
0.258574;-0.009577;9.931.149
0.258574;0.000000;9.988.609
0.268151;-0.009577;9.998.186
0.268151;0.000000;10.007.763
0.248997;0.000000;10.007.763
0.258574;0.000000;10.026.917
0.268151;0.000000;9.998.186
0.268151;0.000000;9.988.609
0.258574;-0.019154;9.940.725
0.268151;-0.009577;9.892.841
0.258574;0.000000;9.921.572
0.287304;0.000000;9.902.418
0.277727;-0.019154;9.911.995
0.268151;0.000000;9.911.995
0.287304;0.000000;9.940.725
0.268151;-0.009577;9.988.609
0.296881;-0.009577;10.007.763
0.248997;-0.019154;10.017.340
0.277727;-0.019154;10.017.340
0.239420;-0.009577;10.017.340
0.239420;-0.009577;10.046.070
0.229843;-0.009577;9.988.609
0.239420;0.009577;9.950.302
0.258574;0.000000;9.940.725
0.277727;0.000000;9.921.572
0.258574;-0.019154;9.911.995
0.277727;0.000000;9.902.418
0.258574;0.000000;9.902.418
0.287304;0.000000;9.969.456
0.287304;-0.009577;9.959.879
0.248997;-0.028730;9.959.879
0.258574;-0.019154;10.036.493
0.248997;0.000000;10.026.917
0.287304;0.000000;10.055.647
0.268151;0.000000;10.036.493
0.268151;0.000000;10.007.763
0.258574;-0.009577;9.959.879
0.287304;0.000000;9.864.111
0.268151;-0.019154;9.911.995
0.258574;-0.009577;9.911.995
0.258574;0.000000;9.940.725
0.248997;-0.019154;9.950.302
0.229843;-0.028730;10.017.340
0.258574;0.000000;10.046.070
0.277727;-0.009577;10.065.224
0.277727;-0.009577;10.036.493
0.296881;-0.028730;10.007.763
0.268151;-0.009577;9.998.186
0.277727;0.000000;9.931.149
0.268151;-0.019154;9.911.995
0.277727;0.000000;9.892.841
0.268151;-0.019154;9.883.265
0.277727;0.000000;9.911.995
0.239420;0.000000;9.911.995
0.258574;0.000000;9.940.725
0.258574;0.000000;9.998.186
0.268151;-0.009577;10.055.647
0.268151;-0.009577;10.046.070
0.277727;-0.019154;10.046.070
0.248997;0.000000;10.046.070
0.258574;-0.009577;10.007.763
0.258574;0.000000;10.017.340
0.277727;0.000000;9.940.725
0.258574;0.000000;9.902.418
0.268151;0.000000;9.892.841
0.268151;-0.019154;9.864.111
0.277727;0.000000;9.940.725
0.248997;-0.009577;9.911.995
0.268151;-0.019154;9.950.302
0.258574;-0.028730;10.007.763
0.287304;-0.009577;9.988.609
0.287304;-0.009577;10.026.917
0.258574;0.000000;10.065.224
0.268151;-0.009577;10.046.070
0.268151;-0.009577;10.026.917
0.258574;-0.019154;9.969.456
0.268151;-0.019154;9.931.149
0.248997;-0.028730;9.921.572
0.258574;0.000000;9.892.841
0.248997;-0.019154;9.864.111
0.258574;0.000000;9.892.841
0.248997;0.000000;9.911.995
0.268151;-0.009577;9.940.725
0.258574;-0.009577;9.969.456
0.277727;-0.019154;9.998.186
0.287304;-0.009577;10.017.340
0.277727;0.000000;10.074.800
0.287304;-0.009577;10.055.647
0.287304;0.000000;10.065.224
0.248997;-0.028730;9.998.186
0.268151;-0.019154;9.950.302
0.268151;0.019154;9.902.418
0.248997;0.000000;9.892.841
0.268151;0.019154;9.892.841
0.248997;-0.019154;9.864.111
0.268151;0.000000;9.902.418
0.258574;-0.009577;9.931.149
0.277727;-0.028730;9.969.456
0.268151;0.000000;9.988.609
0.277727;-0.009577;10.046.070
0.277727;-0.019154;10.093.954
0.268151;-0.009577;10.074.800
0.258574;-0.009577;10.046.070
0.248997;-0.019154;10.036.493
0.277727;-0.009577;9.988.609
0.258574;-0.009577;9.940.725
0.258574;-0.009577;9.902.418
0.268151;0.000000;9.892.841
0.248997;0.000000;9.873.688
0.277727;0.000000;9.883.265
0.277727;-0.009577;9.911.995
0.296881;-0.009577;9.969.456
0.268151;0.000000;10.017.340
0.268151;-0.019154;10.084.377
0.277727;-0.028730;10.084.377
0.268151;-0.009577;10.046.070
0.258574;-0.038307;10.017.340
0.258574;0.000000;9.988.609
0.258574;-0.009577;9.911.995
0.277727;0.000000;9.902.418
0.239420;-0.009577;9.883.265
0.268151;0.000000;9.892.841
0.277727;0.000000;9.873.688
0.268151;0.000000;9.921.572
0.287304;0.000000;9.950.302
0.277727;-0.009577;10.007.763
0.268151;0.000000;10.046.070
0.268151;-0.009577;10.055.647
0.277727;0.000000;10.074.800
0.277727;0.000000;10.036.493
0.268151;-0.009577;10.036.493
0.268151;-0.009577;9.988.609
0.268151;0.000000;9.931.149
0.277727;-0.009577;9.911.995
0.277727;0.000000;9.864.111
0.268151;0.000000;9.864.111
0.248997;-0.009577;9.902.418
0.268151;-0.019154;9.902.418
0.277727;-0.009577;9.931.149
0.268151;0.000000;9.988.609
0.268151;-0.009577;10.007.763
0.258574;-0.009577;10.026.917
0.268151;-0.009577;10.074.800
0.258574;-0.019154;10.055.647
0.277727;-0.028730;10.046.070
0.268151;0.000000;9.959.879
0.277727;0.000000;9.959.879
0.277727;0.000000;9.921.572
0.277727;0.000000;9.911.995
0.277727;0.000000;9.844.957
0.287304;0.000000;9.854.534
0.277727;0.000000;9.873.688
0.268151;-0.009577;9.950.302
0.277727;0.000000;9.979.033
0.248997;-0.009577;9.998.186
0.258574;-0.019154;10.046.070
0.248997;0.000000;10.074.800
0.248997;-0.028730;10.084.377
0.258574;-0.009577;10.065.224
0.268151;-0.009577;10.007.763
0.287304;0.000000;9.969.456
0.258574;0.000000;9.940.725
0.287304;0.019154;9.902.418
0.268151;-0.009577;9.883.265
0.268151;0.000000;9.883.265
0.277727;-0.009577;9.892.841
0.268151;0.009577;9.931.149
0.277727;0.000000;9.950.302
0.268151;0.000000;9.988.609
0.258574;0.000000;10.026.917
0.268151;-0.009577;10.093.954
0.277727;-0.019154;10.055.647
0.268151;-0.009577;10.055.647
0.258574;-0.028730;10.007.763
0.268151;0.000000;9.979.033
0.258574;0.009577;9.950.302
0.258574;-0.009577;9.902.418
0.258574;0.009577;9.883.265
0.258574;-0.019154;9.883.265
0.258574;-0.019154;9.892.841
0.268151;0.009577;9.921.572
0.248997;-0.038307;9.940.725
0.258574;-0.019154;9.979.033
0.258574;-0.019154;10.026.917
0.287304;-0.009577;10.026.917
0.277727;-0.009577;10.055.647
0.268151;0.000000;10.065.224
0.277727;0.009577;10.017.340
0.287304;-0.009577;10.007.763
0.268151;0.000000;9.931.149
0.258574;-0.009577;9.902.418
0.258574;-0.009577;9.921.572
0.258574;-0.009577;9.892.841
0.258574;-0.028730;9.883.265
0.239420;-0.019154;9.911.995
0.287304;-0.019154;9.950.302
0.268151;0.019154;9.988.609
0.248997;0.000000;10.036.493
0.268151;-0.009577;10.036.493
0.268151;-0.019154;10.065.224
0.277727;-0.019154;10.084.377
0.268151;0.000000;10.046.070
0.268151;-0.019154;9.988.609
0.268151;0.000000;9.931.149
0.277727;0.000000;9.931.149
0.248997;0.000000;9.911.995
0.277727;0.009577;9.883.265
0.268151;0.000000;9.911.995
0.268151;0.000000;9.931.149
0.248997;-0.009577;9.931.149
0.277727;-0.009577;9.988.609
0.277727;0.000000;10.007.763
0.268151;0.009577;10.026.917
0.258574;-0.009577;10.065.224
0.268151;-0.009577;10.036.493
0.277727;-0.009577;10.026.917
0.248997;-0.009577;9.988.609
0.258574;-0.009577;9.959.879
0.268151;-0.009577;9.931.149
0.258574;0.000000;9.902.418
0.277727;0.000000;9.911.995
0.306458;0.000000;9.892.841
0.268151;0.000000;9.911.995
0.277727;-0.019154;9.950.302
0.258574;0.000000;9.959.879
0.277727;-0.028730;9.988.609
0.287304;-0.019154;10.017.340
0.277727;-0.038307;10.055.647
0.277727;-0.028730;10.046.070
0.258574;-0.009577;10.026.917
0.258574;0.000000;9.998.186
0.258574;-0.009577;9.969.456
0.277727;-0.019154;9.940.725
0.258574;-0.019154;9.911.995
0.258574;0.000000;9.883.265
0.248997;0.000000;9.911.995
0.248997;0.000000;9.911.995
0.258574;-0.019154;9.902.418
0.258574;0.000000;9.931.149
0.268151;-0.009577;9.979.033
0.277727;-0.009577;10.036.493
0.268151;-0.038307;10.036.493
0.258574;-0.028730;10.046.070
0.258574;-0.019154;10.036.493
0.258574;-0.019154;9.998.186
0.258574;-0.019154;9.979.033
0.277727;-0.019154;9.979.033
0.277727;-0.019154;9.940.725
0.277727;0.000000;9.883.265
0.268151;-0.009577;9.902.418
0.258574;-0.009577;9.902.418
0.287304;0.000000;9.921.572
0.268151;-0.009577;9.950.302
0.248997;-0.019154;9.988.609
0.268151;-0.009577;10.007.763
0.258574;0.000000;10.017.340
0.248997;-0.019154;10.017.340
0.248997;-0.009577;10.026.917
0.268151;-0.019154;10.017.340
0.277727;0.000000;9.988.609
0.277727;-0.009577;9.959.879
0.268151;-0.009577;9.959.879
0.287304;0.000000;9.921.572
0.268151;0.009577;9.902.418
0.258574;0.000000;9.940.725
0.258574;-0.019154;9.940.725
0.268151;0.000000;10.007.763
0.239420;0.000000;9.988.609
0.268151;-0.009577;10.017.340
0.277727;0.000000;10.026.917
0.258574;0.000000;10.007.763
0.268151;0.000000;9.979.033
0.268151;-0.009577;9.959.879
0.277727;-0.019154;9.940.725
0.258574;-0.028730;9.931.149
0.258574;-0.009577;9.931.149
0.268151;0.000000;9.921.572
0.277727;-0.009577;9.931.149
0.277727;-0.009577;9.969.456
0.268151;0.000000;9.969.456
0.248997;-0.009577;9.988.609
0.248997;-0.019154;10.007.763
0.268151;0.000000;10.017.340
0.268151;-0.019154;10.017.340
0.277727;-0.009577;9.998.186
0.277727;0.000000;9.988.609
0.287304;0.000000;9.950.302
0.277727;-0.019154;9.979.033
0.258574;-0.019154;9.931.149
0.268151;0.000000;9.921.572
0.258574;-0.038307;9.959.879
0.258574;-0.009577;9.940.725
0.248997;-0.019154;9.969.456
0.258574;0.000000;9.998.186
0.248997;0.000000;9.979.033
0.268151;-0.019154;9.998.186
0.296881;-0.019154;10.017.340
0.258574;-0.009577;9.988.609
0.258574;0.000000;9.979.033
0.268151;-0.028730;9.979.033
0.258574;-0.009577;9.979.033
0.258574;-0.019154;9.959.879
0.268151;-0.009577;9.950.302
0.277727;-0.009577;9.950.302
0.248997;0.000000;9.950.302
0.268151;-0.009577;9.979.033
0.268151;0.000000;9.950.302
0.258574;-0.009577;9.998.186
0.268151;-0.009577;9.979.033
0.287304;-0.009577;10.017.340
0.287304;0.000000;10.007.763
0.287304;0.000000;9.998.186
0.258574;-0.009577;9.959.879
0.277727;0.009577;9.940.725
0.258574;0.000000;9.940.725
0.268151;0.000000;9.931.149
0.258574;0.000000;9.950.302
0.277727;-0.019154;9.959.879
0.277727;-0.028730;9.969.456
0.268151;-0.019154;10.017.340
0.277727;-0.009577;9.979.033
0.277727;0.000000;10.007.763
0.268151;-0.009577;9.979.033
0.287304;-0.019154;9.969.456
0.268151;-0.009577;9.998.186
0.248997;-0.009577;9.988.609
0.248997;0.000000;9.959.879
0.287304;0.000000;9.959.879
0.248997;0.000000;9.959.879
0.258574;-0.009577;9.940.725
0.248997;-0.009577;9.979.033
0.258574;0.000000;9.950.302
0.268151;0.000000;9.979.033
0.287304;0.000000;9.988.609
0.277727;-0.009577;9.998.186
0.258574;-0.009577;10.007.763
0.287304;0.000000;9.998.186
0.268151;0.000000;9.998.186
0.268151;0.000000;9.969.456
0.268151;0.000000;9.969.456
0.268151;-0.028730;9.950.302
0.258574;0.000000;9.959.879
0.258574;-0.009577;9.969.456
0.258574;-0.009577;9.931.149
0.277727;0.000000;9.959.879
0.268151;0.000000;9.979.033
0.239420;-0.009577;10.026.917
0.277727;0.009577;9.998.186
0.277727;0.000000;9.998.186
0.277727;0.000000;10.007.763
0.268151;-0.009577;9.988.609
0.268151;0.000000;9.979.033
0.268151;0.000000;9.969.456
0.258574;0.000000;9.950.302
0.239420;-0.028730;9.931.149
0.248997;-0.009577;9.940.725
0.268151;0.000000;9.950.302
0.296881;-0.009577;9.940.725
0.268151;-0.019154;9.959.879
0.277727;-0.009577;10.026.917
0.268151;-0.019154;9.969.456
0.258574;-0.009577;10.007.763
0.268151;0.000000;9.998.186
0.268151;-0.019154;10.007.763
0.268151;0.000000;9.988.609
0.277727;-0.028730;9.998.186
0.258574;0.000000;9.959.879
0.258574;-0.009577;9.940.725
0.268151;0.000000;9.940.725
0.268151;-0.009577;9.931.149
0.268151;0.009577;9.950.302
0.277727;-0.009577;9.950.302
0.258574;0.000000;9.959.879
0.287304;0.000000;9.969.456
0.258574;0.000000;9.979.033
0.287304;-0.009577;10.007.763
0.248997;-0.028730;10.007.763
0.248997;-0.038307;9.988.609
0.268151;-0.019154;9.979.033
0.258574;0.000000;9.950.302
0.258574;-0.009577;9.940.725
0.268151;-0.009577;9.921.572
0.287304;-0.009577;9.911.995
0.277727;0.019154;9.921.572
0.268151;0.000000;9.940.725
0.277727;-0.009577;9.998.186
0.248997;0.000000;9.998.186
0.258574;-0.038307;10.017.340
0.258574;-0.019154;9.988.609
0.248997;0.000000;10.036.493
0.258574;-0.038307;9.998.186
0.258574;0.000000;9.979.033
0.268151;0.000000;9.979.033
0.258574;0.000000;9.931.149
0.277727;0.000000;9.931.149
0.268151;0.000000;9.902.418
0.268151;0.000000;9.921.572
0.268151;0.000000;9.940.725
0.296881;-0.009577;9.950.302
0.258574;0.000000;9.940.725
0.268151;-0.009577;9.979.033
0.287304;-0.028730;10.026.917
0.277727;-0.009577;10.017.340
0.277727;0.000000;10.036.493
0.258574;-0.028730;10.026.917
0.268151;-0.009577;9.998.186
0.268151;0.000000;9.988.609
0.258574;0.000000;9.931.149
0.268151;0.000000;9.921.572
0.268151;0.000000;9.911.995
0.277727;0.000000;9.892.841
0.287304;0.000000;9.911.995
0.258574;-0.009577;9.950.302
0.268151;-0.009577;10.017.340
0.248997;-0.019154;10.007.763
0.268151;-0.019154;10.017.340
0.277727;-0.009577;10.046.070
0.277727;-0.038307;10.007.763
0.277727;-0.009577;10.007.763
0.277727;-0.009577;9.988.609
0.287304;0.000000;9.950.302
0.268151;0.000000;9.921.572
0.258574;0.009577;9.911.995
0.248997;0.000000;9.892.841
0.277727;-0.009577;9.902.418
0.258574;0.000000;9.931.149
0.268151;-0.009577;9.940.725
0.268151;0.000000;10.017.340
0.268151;-0.009577;10.017.340
0.287304;0.000000;10.017.340
0.248997;0.009577;10.026.917
0.277727;-0.019154;10.036.493
0.277727;-0.038307;10.026.917
0.258574;-0.019154;9.979.033
0.277727;-0.009577;9.950.302
0.268151;-0.019154;9.921.572
0.287304;0.000000;9.931.149
0.277727;-0.009577;9.883.265
0.258574;-0.009577;9.883.265
0.268151;-0.019154;9.911.995
0.248997;-0.028730;9.940.725
0.258574;-0.009577;9.969.456
0.277727;0.000000;10.007.763
0.248997;-0.019154;10.026.917
0.268151;0.000000;10.036.493
0.268151;-0.009577;10.065.224
0.258574;0.000000;10.055.647
0.258574;-0.019154;9.979.033
0.258574;0.009577;9.959.879
0.258574;-0.009577;9.921.572
0.268151;0.000000;9.873.688
0.268151;-0.019154;9.854.534
0.268151;0.000000;9.864.111
0.277727;-0.009577;9.911.995
0.277727;-0.028730;9.950.302
0.277727;-0.009577;9.979.033
0.277727;0.000000;9.998.186
0.277727;-0.019154;10.026.917
0.268151;-0.009577;10.007.763
0.268151;-0.019154;10.036.493
0.268151;0.000000;10.036.493
0.248997;-0.009577;10.007.763
0.258574;-0.009577;9.969.456
0.268151;-0.019154;9.902.418
0.258574;0.000000;9.902.418
0.268151;0.000000;9.892.841
0.268151;-0.028730;9.883.265
0.258574;0.009577;9.911.995
0.268151;0.000000;9.911.995
0.248997;0.000000;9.959.879
0.277727;-0.028730;10.007.763
0.277727;0.000000;10.026.917
0.287304;-0.009577;10.065.224
0.258574;-0.038307;10.065.224
0.258574;0.000000;10.036.493
0.258574;0.000000;10.017.340
0.248997;-0.019154;9.959.879
0.277727;-0.009577;9.940.725
0.268151;-0.009577;9.902.418
0.258574;0.000000;9.902.418
0.258574;-0.019154;9.892.841
0.268151;0.000000;9.873.688
0.277727;0.000000;9.911.995
0.268151;-0.019154;9.950.302
0.248997;-0.009577;10.017.340
0.277727;-0.019154;10.017.340
0.258574;-0.019154;10.065.224
0.258574;-0.009577;10.055.647
0.248997;0.000000;10.046.070
0.277727;-0.028730;10.036.493
0.268151;0.000000;9.988.609
0.268151;-0.009577;9.931.149
0.277727;0.000000;9.921.572
0.287304;0.000000;9.873.688
0.277727;0.000000;9.864.111
0.296881;0.000000;9.883.265
0.296881;-0.019154;9.892.841
0.248997;0.000000;9.969.456
0.268151;-0.019154;10.007.763
0.277727;-0.009577;9.988.609
0.296881;0.000000;10.007.763
0.268151;-0.028730;10.046.070
0.268151;0.000000;10.055.647
0.248997;-0.019154;10.026.917
0.239420;0.000000;9.979.033
0.268151;0.000000;9.979.033
0.239420;-0.028730;9.911.995
0.277727;-0.009577;9.873.688
0.258574;0.000000;9.864.111
0.268151;0.000000;9.883.265
0.268151;0.000000;9.902.418
0.277727;-0.009577;9.931.149
0.268151;0.000000;9.988.609
0.268151;-0.009577;10.036.493
0.268151;-0.009577;10.055.647
0.268151;-0.019154;10.055.647
0.248997;-0.019154;10.055.647
0.277727;0.000000;10.065.224
0.268151;-0.019154;9.998.186
0.268151;0.000000;9.979.033
0.277727;-0.009577;9.940.725
0.268151;0.000000;9.873.688
0.268151;0.000000;9.902.418
0.248997;0.000000;9.883.265
0.268151;-0.009577;9.892.841
0.296881;0.000000;9.950.302
0.268151;-0.009577;9.959.879
0.268151;0.000000;9.998.186
0.258574;-0.009577;10.046.070
0.268151;-0.028730;10.074.800
0.248997;-0.019154;10.065.224
0.258574;-0.019154;10.036.493
0.277727;-0.019154;9.998.186
0.268151;0.000000;9.988.609
0.268151;-0.009577;9.979.033
0.268151;0.000000;9.902.418
0.268151;-0.009577;9.873.688
0.277727;-0.009577;9.911.995
0.268151;0.000000;9.931.149
0.268151;-0.009577;9.950.302
0.248997;-0.028730;9.988.609
0.248997;-0.019154;10.017.340
0.287304;-0.047884;10.065.224
0.277727;-0.019154;10.084.377
0.268151;0.000000;10.055.647
0.268151;0.000000;10.036.493
0.268151;0.000000;9.979.033
0.258574;-0.019154;9.931.149
0.277727;-0.009577;9.892.841
0.268151;0.000000;9.911.995
0.268151;-0.009577;9.864.111
0.258574;0.000000;9.892.841
0.287304;0.000000;9.911.995
0.287304;0.000000;9.931.149
0.268151;-0.009577;10.007.763
0.287304;-0.019154;10.046.070
0.277727;-0.009577;10.065.224
0.268151;-0.009577;10.055.647
0.287304;-0.038307;10.036.493
0.268151;-0.009577;10.036.493
0.277727;0.000000;9.998.186
0.258574;-0.009577;9.950.302
0.268151;-0.009577;9.921.572
0.287304;-0.009577;9.883.265
0.248997;-0.028730;9.911.995
0.268151;0.000000;9.902.418
0.268151;-0.009577;9.969.456
0.277727;-0.009577;9.988.609
0.277727;0.000000;10.007.763
0.268151;0.000000;10.055.647
0.287304;-0.028730;10.065.224
0.277727;-0.019154;10.026.917
0.287304;0.000000;10.046.070
0.268151;0.000000;10.007.763
0.277727;-0.009577;9.969.456
0.268151;0.000000;9.931.149
0.268151;-0.028730;9.892.841
0.258574;-0.009577;9.892.841
0.258574;-0.019154;9.902.418
0.248997;0.009577;9.921.572
0.277727;-0.009577;9.940.725
0.258574;0.000000;9.979.033
0.277727;-0.009577;9.979.033
0.268151;-0.009577;10.036.493
0.287304;0.000000;10.007.763
0.268151;-0.019154;10.036.493
0.277727;-0.019154;10.065.224
0.258574;0.000000;9.988.609
0.277727;0.000000;9.969.456
0.248997;-0.009577;9.969.456
0.268151;-0.019154;9.921.572
0.277727;-0.009577;9.892.841
0.258574;-0.009577;9.921.572
0.277727;0.000000;9.892.841
0.258574;0.000000;9.921.572
0.268151;0.000000;9.969.456
0.268151;-0.009577;9.998.186
0.268151;0.000000;10.026.917
0.287304;-0.019154;10.017.340
0.258574;-0.009577;10.036.493
0.268151;-0.009577;10.026.917
0.277727;0.000000;10.007.763
0.268151;-0.009577;9.979.033
0.268151;0.000000;9.969.456
0.268151;0.000000;9.921.572
0.277727;0.000000;9.921.572
0.258574;0.000000;9.892.841
0.287304;0.000000;9.902.418
0.277727;-0.028730;9.950.302
0.268151;-0.009577;9.959.879
0.277727;0.000000;9.979.033
0.268151;-0.019154;10.036.493
0.268151;0.000000;10.046.070
0.277727;-0.009577;10.026.917
0.268151;-0.028730;10.026.917
0.277727;-0.028730;9.988.609
0.268151;-0.019154;9.940.725
0.268151;0.000000;9.921.572
0.268151;0.000000;9.911.995
0.258574;0.000000;9.921.572
0.258574;0.000000;9.940.725
0.258574;0.000000;9.950.302
0.258574;-0.009577;9.988.609
0.268151;0.000000;9.998.186
0.268151;-0.019154;10.026.917
0.277727;-0.028730;10.036.493
0.287304;0.000000;10.017.340
0.287304;0.000000;10.007.763
0.268151;-0.009577;9.979.033
0.277727;-0.019154;9.950.302
0.277727;0.000000;9.940.725
0.277727;0.000000;9.931.149
0.248997;-0.019154;9.911.995
0.248997;-0.009577;9.911.995
0.268151;-0.009577;9.931.149
0.239420;-0.009577;9.969.456
0.268151;0.000000;9.969.456
0.277727;-0.019154;9.988.609
0.258574;-0.019154;9.998.186
0.258574;0.000000;10.007.763
0.277727;-0.019154;10.036.493
0.268151;0.000000;9.959.879
0.268151;0.000000;9.969.456
0.277727;0.009577;9.950.302
0.248997;0.000000;9.959.879
0.268151;-0.009577;9.931.149
0.277727;0.000000;9.911.995
0.258574;0.009577;9.931.149
0.268151;-0.009577;9.911.995
0.287304;0.000000;9.940.725
0.287304;0.000000;9.988.609
0.268151;0.000000;10.007.763
0.277727;-0.019154;9.998.186
0.268151;-0.019154;10.017.340
0.258574;0.000000;10.007.763
0.258574;-0.009577;10.007.763
0.287304;0.000000;9.959.879
0.258574;0.000000;9.959.879
0.258574;-0.019154;9.950.302
0.248997;-0.009577;9.940.725
0.268151;-0.019154;9.921.572
0.268151;-0.009577;9.931.149
0.277727;-0.009577;9.940.725
0.268151;-0.009577;9.940.725
0.248997;-0.019154;9.969.456
0.268151;-0.019154;10.017.340
0.258574;0.000000;9.969.456
0.268151;-0.028730;10.007.763
0.268151;-0.009577;10.007.763
0.268151;-0.028730;9.988.609
0.287304;-0.009577;9.998.186
0.248997;0.000000;9.979.033
0.277727;0.000000;9.979.033
0.268151;0.000000;9.950.302
0.268151;-0.019154;9.950.302
0.258574;0.000000;9.959.879
0.268151;-0.009577;9.931.149
0.268151;0.000000;9.988.609
0.268151;0.000000;9.979.033
0.258574;-0.009577;9.979.033
0.229843;0.000000;10.017.340
0.287304;-0.019154;10.007.763
0.287304;0.000000;10.017.340
0.258574;0.000000;9.998.186
0.268151;-0.009577;9.988.609
0.258574;0.000000;9.979.033
0.268151;0.000000;9.940.725
0.277727;-0.009577;9.931.149
0.258574;0.000000;9.959.879
0.277727;0.000000;9.950.302
0.268151;-0.019154;9.969.456
0.277727;-0.009577;9.959.879
0.268151;0.000000;9.988.609
0.248997;0.000000;9.979.033
0.248997;-0.019154;9.979.033
0.258574;-0.009577;9.998.186
0.277727;-0.009577;9.979.033
0.287304;-0.009577;9.988.609
0.258574;-0.019154;9.979.033
0.268151;-0.038307;9.969.456
0.248997;-0.038307;9.950.302
0.258574;-0.019154;9.959.879
0.268151;-0.019154;9.959.879
0.268151;0.000000;9.921.572
0.277727;-0.028730;9.959.879
0.268151;-0.009577;9.979.033
0.287304;0.000000;9.988.609
0.277727;-0.009577;9.988.609
0.268151;-0.019154;9.998.186
0.268151;-0.019154;10.026.917
0.287304;0.000000;9.959.879
0.268151;-0.009577;9.940.725
0.248997;-0.028730;9.940.725
0.258574;-0.009577;9.950.302
0.268151;-0.019154;9.950.302
0.258574;-0.009577;9.969.456
0.268151;0.000000;9.959.879
0.277727;0.000000;9.950.302
0.258574;0.000000;9.988.609
0.277727;-0.028730;9.979.033
0.277727;-0.019154;9.998.186
0.277727;-0.009577;10.007.763
0.277727;-0.019154;9.988.609
0.287304;-0.019154;9.998.186
0.287304;-0.009577;10.007.763
0.277727;-0.009577;9.969.456
0.277727;-0.019154;9.959.879
0.287304;-0.009577;9.950.302
0.277727;-0.019154;9.950.302
0.268151;0.000000;9.959.879
0.277727;0.000000;9.969.456
0.268151;0.000000;9.979.033
0.268151;-0.019154;9.969.456
0.258574;0.000000;9.979.033
0.258574;0.000000;10.007.763
0.268151;-0.009577;9.998.186
0.268151;-0.009577;10.007.763
0.268151;-0.009577;9.969.456
0.258574;0.000000;9.969.456
0.248997;-0.009577;9.950.302
0.258574;0.000000;9.950.302
0.268151;-0.009577;9.940.725
0.258574;0.019154;9.940.725
0.268151;-0.009577;9.950.302
0.268151;-0.019154;9.950.302
0.258574;-0.009577;9.950.302
0.296881;-0.019154;9.998.186
0.258574;-0.019154;9.998.186
0.258574;-0.009577;10.026.917
0.258574;-0.019154;9.998.186
0.268151;-0.019154;9.979.033
0.258574;0.000000;9.950.302
0.277727;-0.009577;9.979.033
0.258574;-0.019154;9.931.149
0.258574;0.019154;9.940.725
0.258574;0.000000;9.931.149
0.258574;-0.009577;9.950.302
0.268151;0.000000;9.959.879
0.258574;0.000000;9.959.879
0.268151;-0.019154;9.988.609
0.258574;-0.009577;9.988.609
0.268151;-0.028730;9.998.186
0.258574;-0.019154;10.007.763
0.248997;-0.009577;10.007.763
0.258574;0.000000;9.988.609
0.277727;-0.009577;9.969.456
0.268151;0.000000;9.931.149
0.277727;0.000000;9.931.149
0.277727;0.000000;9.911.995
0.277727;-0.009577;9.921.572
0.287304;-0.009577;9.902.418
0.258574;0.000000;9.940.725
0.268151;-0.009577;9.959.879
0.268151;-0.009577;10.007.763
0.268151;0.000000;10.017.340
0.268151;-0.009577;10.017.340
0.248997;-0.019154;10.017.340
0.268151;0.000000;9.998.186
0.287304;-0.028730;10.007.763
0.277727;-0.009577;9.940.725
0.248997;0.000000;9.969.456
0.258574;-0.019154;9.940.725
0.258574;0.000000;9.921.572
0.268151;-0.009577;9.931.149
0.258574;0.000000;9.950.302
0.268151;0.000000;9.940.725
0.287304;0.000000;9.969.456
0.268151;0.000000;9.969.456
0.258574;-0.009577;10.017.340
0.258574;-0.009577;10.007.763
0.277727;-0.019154;10.036.493
0.277727;-0.009577;10.046.070
0.258574;0.000000;10.036.493
0.268151;0.000000;9.988.609
0.248997;-0.019154;9.950.302
0.248997;0.000000;9.931.149
0.268151;-0.009577;9.892.841
0.268151;-0.009577;9.902.418
0.268151;-0.019154;9.902.418
0.258574;-0.009577;9.931.149
0.258574;0.000000;9.959.879
0.258574;-0.028730;9.988.609
0.277727;-0.028730;9.988.609
0.258574;-0.019154;10.017.340
0.258574;0.000000;9.979.033
0.277727;0.000000;10.026.917
0.277727;-0.019154;10.017.340
0.287304;0.000000;9.988.609
0.258574;-0.019154;9.950.302
0.277727;-0.009577;9.911.995
0.248997;0.000000;9.940.725
0.248997;0.000000;9.921.572
0.277727;0.000000;9.931.149
0.248997;0.009577;9.940.725
0.248997;0.000000;9.979.033
0.268151;-0.009577;9.969.456
0.277727;-0.028730;9.979.033
0.268151;-0.028730;10.046.070
0.277727;-0.019154;10.036.493
0.258574;-0.019154;10.036.493
0.268151;-0.009577;10.036.493
0.268151;0.000000;9.979.033
0.268151;0.000000;9.969.456
0.277727;-0.009577;9.931.149
0.277727;0.000000;9.902.418
0.277727;0.000000;9.892.841
0.268151;-0.009577;9.902.418
0.258574;-0.009577;9.931.149
0.258574;-0.009577;9.940.725
0.287304;-0.009577;9.959.879
0.268151;-0.009577;10.036.493
0.258574;-0.038307;10.026.917
0.268151;0.000000;10.036.493
0.248997;-0.019154;10.046.070
0.287304;-0.019154;10.007.763
0.258574;-0.019154;10.017.340
0.258574;-0.009577;9.959.879
0.248997;0.000000;9.931.149
0.258574;0.000000;9.902.418
0.258574;-0.009577;9.883.265
0.258574;0.000000;9.921.572
0.277727;0.000000;9.902.418
0.268151;0.000000;9.940.725
0.258574;0.000000;10.017.340
0.268151;-0.019154;10.007.763
0.258574;-0.009577;10.017.340
0.248997;-0.019154;10.055.647
0.268151;0.009577;10.017.340
0.268151;-0.019154;9.998.186
0.258574;0.000000;9.979.033
0.287304;0.000000;9.940.725
0.268151;-0.038307;9.931.149
0.268151;-0.009577;9.892.841
0.258574;-0.009577;9.873.688
0.258574;0.000000;9.921.572
0.268151;-0.009577;9.940.725
0.277727;0.000000;9.979.033
0.268151;0.000000;9.988.609
0.287304;-0.009577;9.988.609
0.258574;-0.019154;10.026.917
0.268151;-0.028730;10.055.647
0.277727;-0.009577;10.065.224
0.296881;-0.019154;10.036.493
0.268151;-0.028730;9.979.033
0.258574;-0.009577;9.950.302
0.277727;0.000000;9.921.572
0.277727;-0.009577;9.911.995
0.268151;0.009577;9.873.688
0.277727;0.000000;9.892.841
0.277727;-0.009577;9.902.418
0.268151;0.000000;9.950.302
0.268151;-0.009577;9.959.879
0.258574;-0.019154;9.988.609
0.258574;0.000000;10.026.917
0.268151;0.000000;10.055.647
0.277727;-0.019154;10.036.493
0.258574;0.000000;10.026.917
0.277727;-0.009577;9.988.609
0.258574;-0.028730;9.979.033
0.258574;0.000000;9.950.302
0.268151;-0.019154;9.902.418
0.287304;0.000000;9.902.418
0.268151;0.009577;9.883.265
0.287304;-0.009577;9.902.418
0.268151;0.000000;9.931.149
0.258574;-0.009577;9.950.302
0.268151;-0.028730;9.979.033
0.268151;-0.019154;10.026.917
0.277727;-0.009577;10.026.917
0.268151;-0.009577;10.055.647
0.287304;-0.009577;10.036.493
0.248997;-0.009577;9.998.186
0.277727;-0.009577;9.998.186
0.268151;-0.019154;9.931.149
0.277727;0.000000;9.911.995
0.277727;0.000000;9.892.841
0.268151;0.000000;9.883.265
0.277727;-0.009577;9.892.841
0.258574;0.000000;9.921.572
0.277727;-0.019154;9.950.302
0.239420;-0.019154;10.017.340
0.258574;-0.019154;10.017.340
0.268151;0.000000;10.036.493
0.268151;-0.028730;10.046.070
0.268151;-0.019154;10.017.340
0.287304;0.000000;10.026.917
0.268151;0.000000;9.998.186
0.277727;0.000000;9.940.725
0.277727;0.000000;9.883.265
0.258574;0.000000;9.902.418
0.258574;0.000000;9.892.841
0.268151;-0.019154;9.902.418
0.258574;-0.009577;9.931.149
0.277727;0.000000;9.959.879
0.268151;-0.009577;10.017.340
0.287304;0.009577;10.046.070
0.268151;-0.038307;10.065.224
0.258574;-0.019154;10.026.917
0.277727;0.000000;10.017.340
0.258574;-0.019154;10.017.340
0.296881;0.000000;9.979.033
0.248997;0.000000;9.931.149
0.287304;-0.009577;9.950.302
0.296881;0.009577;9.911.995
0.258574;-0.009577;9.883.265
0.277727;0.000000;9.902.418
0.268151;0.000000;9.902.418
0.258574;0.000000;9.959.879
0.277727;-0.028730;9.979.033
0.268151;0.000000;9.998.186
0.248997;-0.019154;10.065.224
0.268151;-0.019154;10.046.070
0.268151;0.000000;10.026.917
0.258574;-0.028730;10.026.917
0.268151;-0.028730;9.979.033
0.268151;0.000000;9.921.572
0.268151;-0.009577;9.940.725
0.268151;0.000000;9.931.149
0.248997;0.000000;9.883.265
0.258574;-0.019154;9.892.841
0.277727;-0.019154;9.911.995
0.268151;-0.009577;9.940.725
0.277727;0.000000;9.969.456
0.268151;-0.009577;9.998.186
0.277727;0.000000;10.017.340
0.277727;-0.009577;10.055.647
0.268151;-0.009577;10.046.070
0.258574;-0.009577;10.065.224
0.268151;-0.028730;10.017.340
0.268151;-0.009577;9.988.609
0.277727;-0.009577;9.959.879
0.268151;-0.019154;9.892.841
0.268151;-0.009577;9.911.995
0.268151;-0.019154;9.864.111
0.248997;0.000000;9.911.995
0.268151;0.000000;9.921.572
0.258574;-0.009577;9.959.879
0.277727;0.000000;9.988.609
0.258574;-0.009577;10.017.340
0.268151;0.000000;10.055.647
0.268151;-0.009577;10.036.493
0.277727;0.000000;10.036.493
0.277727;-0.009577;9.998.186
0.296881;-0.009577;9.998.186
0.268151;0.000000;9.940.725
0.277727;-0.028730;9.902.418
0.258574;0.000000;9.902.418
0.258574;-0.009577;9.883.265
0.268151;-0.019154;9.911.995
0.258574;-0.009577;9.921.572
0.268151;-0.009577;9.969.456
0.277727;-0.009577;10.026.917
0.248997;0.000000;10.017.340
0.268151;-0.009577;10.036.493
0.258574;-0.019154;10.055.647
0.287304;-0.009577;10.017.340
0.268151;-0.009577;9.969.456
0.268151;-0.028730;9.979.033
0.268151;-0.009577;9.959.879
0.268151;0.000000;9.921.572
0.258574;-0.019154;9.902.418
0.277727;0.000000;9.911.995
0.258574;-0.019154;9.911.995
0.239420;0.000000;9.902.418
0.277727;-0.009577;9.931.149
0.268151;-0.009577;9.959.879
0.268151;0.000000;9.979.033
0.248997;0.000000;10.055.647
0.258574;-0.038307;10.036.493
0.248997;-0.019154;10.036.493
0.268151;-0.009577;10.026.917
0.277727;0.000000;10.007.763
0.287304;0.000000;9.940.725
0.268151;-0.019154;9.931.149
0.287304;-0.009577;9.892.841
0.277727;-0.009577;9.892.841
0.258574;0.000000;9.911.995
0.248997;0.000000;9.911.995
0.248997;-0.009577;9.959.879
0.268151;-0.009577;9.998.186
0.258574;-0.009577;10.007.763
0.268151;-0.019154;10.026.917
0.258574;-0.009577;10.007.763
0.277727;0.000000;10.017.340
0.268151;0.000000;9.969.456
0.277727;-0.009577;9.979.033
0.268151;-0.009577;9.950.302
0.268151;0.000000;9.921.572
0.248997;0.009577;9.892.841
0.258574;0.009577;9.931.149
0.268151;0.000000;9.921.572
0.268151;-0.009577;9.959.879
0.258574;-0.009577;9.988.609
0.258574;-0.028730;10.007.763
0.258574;-0.019154;9.998.186
0.268151;0.000000;9.998.186
0.258574;0.000000;10.017.340
0.248997;-0.009577;10.026.917
0.287304;-0.019154;10.007.763
0.277727;0.000000;9.950.302
0.258574;0.000000;9.940.725
0.258574;-0.009577;9.902.418
0.268151;0.000000;9.902.418
0.258574;-0.028730;9.911.995
0.268151;0.000000;9.902.418
0.239420;-0.009577;9.931.149
0.258574;-0.009577;9.969.456
0.268151;0.000000;9.988.609
0.268151;-0.009577;9.988.609
0.258574;-0.019154;10.007.763
0.277727;0.000000;10.007.763
0.268151;-0.009577;9.988.609
0.277727;-0.009577;9.998.186
0.277727;0.000000;9.988.609
0.268151;0.000000;9.940.725
0.258574;0.000000;9.940.725
0.277727;0.000000;9.940.725
0.258574;-0.009577;9.921.572
0.258574;-0.009577;9.959.879
0.268151;-0.009577;9.940.725
0.248997;-0.028730;9.969.456
0.277727;-0.019154;9.969.456
0.248997;0.000000;9.998.186
0.258574;0.000000;10.007.763
0.277727;-0.019154;10.007.763
0.287304;-0.009577;10.007.763
0.258574;-0.028730;9.969.456
0.277727;-0.009577;9.979.033
0.239420;0.000000;9.959.879
0.258574;0.000000;9.931.149
0.268151;-0.009577;9.921.572
0.277727;-0.019154;9.921.572
0.277727;-0.038307;9.950.302
0.277727;-0.019154;9.959.879
0.258574;0.000000;9.979.033
0.268151;0.000000;9.979.033
0.287304;-0.009577;9.998.186
0.277727;-0.019154;9.998.186
0.258574;0.000000;10.007.763
0.258574;0.000000;9.998.186
0.277727;0.000000;9.959.879
0.296881;0.000000;9.969.456
0.268151;-0.009577;9.931.149
0.277727;0.000000;9.959.879
0.258574;0.009577;9.940.725
0.258574;-0.019154;9.940.725
0.258574;-0.038307;9.950.302
0.277727;0.009577;9.959.879
0.268151;0.000000;9.959.879
0.258574;-0.009577;9.998.186
0.268151;-0.019154;9.988.609
0.268151;0.000000;9.969.456
0.248997;-0.009577;9.979.033
0.258574;-0.009577;9.979.033
0.258574;-0.019154;9.979.033
0.268151;-0.009577;9.959.879
0.287304;0.000000;9.950.302
0.258574;-0.019154;9.950.302
0.268151;0.000000;9.950.302
0.277727;-0.009577;9.940.725
0.277727;0.000000;9.931.149
0.248997;0.000000;9.959.879
0.277727;0.000000;9.969.456
0.248997;0.000000;9.979.033
0.258574;0.000000;10.007.763
0.268151;-0.019154;9.998.186
0.258574;-0.019154;9.969.456
0.258574;0.009577;9.950.302
0.287304;0.000000;9.979.033
0.268151;0.000000;9.969.456
0.277727;-0.009577;9.959.879
0.277727;-0.019154;9.969.456
0.268151;-0.019154;9.979.033
0.239420;-0.009577;9.988.609
0.277727;-0.019154;9.979.033
0.268151;0.000000;9.998.186
0.268151;-0.009577;9.988.609
0.287304;-0.019154;9.969.456
0.248997;0.000000;9.988.609
0.277727;0.000000;9.950.302
0.248997;-0.009577;9.931.149
0.268151;-0.009577;9.950.302
0.248997;0.000000;9.979.033
0.248997;-0.019154;9.979.033
0.258574;-0.009577;9.940.725
0.258574;0.000000;9.931.149
0.268151;-0.009577;9.959.879
0.277727;-0.019154;9.988.609
0.248997;0.000000;9.979.033
0.258574;-0.009577;9.998.186
0.258574;-0.009577;9.979.033
0.268151;-0.009577;9.969.456
0.248997;0.000000;9.988.609
0.268151;-0.009577;9.931.149
0.277727;-0.009577;9.969.456
0.277727;0.000000;9.940.725
0.277727;-0.019154;9.950.302
0.268151;-0.009577;9.959.879
0.287304;-0.019154;9.950.302
0.248997;-0.009577;9.969.456
0.268151;-0.009577;9.979.033
0.258574;-0.019154;9.988.609
0.258574;-0.009577;9.998.186
0.268151;0.000000;9.988.609
0.258574;-0.019154;9.988.609
0.248997;0.000000;9.979.033
0.258574;-0.019154;9.950.302
0.268151;0.000000;9.959.879
0.258574;-0.009577;9.931.149
0.268151;0.009577;9.950.302
0.277727;0.000000;9.940.725
0.258574;0.000000;9.969.456
0.258574;-0.028730;9.959.879
0.277727;-0.009577;9.969.456
0.268151;0.000000;9.959.879
0.268151;-0.028730;9.969.456
0.277727;-0.019154;10.007.763
0.277727;-0.019154;9.979.033
0.268151;-0.028730;9.998.186
0.258574;-0.009577;9.959.879
0.277727;0.000000;9.931.149
0.268151;-0.009577;9.959.879
0.268151;-0.009577;9.969.456
0.277727;0.000000;9.931.149
0.258574;-0.019154;9.931.149
0.258574;-0.038307;9.959.879
0.277727;-0.028730;9.950.302
0.277727;0.000000;9.979.033
0.248997;-0.009577;10.017.340
0.268151;-0.019154;9.998.186
0.268151;-0.019154;10.007.763
0.248997;-0.028730;10.007.763
0.258574;-0.019154;9.988.609
0.277727;-0.019154;9.988.609
0.277727;0.000000;9.969.456
0.258574;0.000000;9.940.725
0.258574;-0.009577;9.931.149
0.239420;-0.009577;9.931.149
0.268151;-0.009577;9.959.879
0.258574;-0.028730;9.959.879
0.258574;-0.009577;9.979.033
0.277727;-0.009577;10.007.763
0.258574;-0.009577;10.007.763
0.277727;-0.009577;9.988.609
0.277727;-0.019154;10.007.763
0.268151;-0.009577;10.007.763
0.258574;-0.028730;9.998.186
0.277727;-0.009577;9.959.879
0.258574;-0.019154;9.969.456
0.268151;0.000000;9.921.572
0.277727;0.000000;9.931.149
0.268151;-0.009577;9.911.995
0.268151;0.000000;9.950.302
0.268151;-0.028730;9.959.879
0.258574;-0.019154;9.998.186
0.277727;-0.019154;10.007.763
0.258574;-0.009577;9.998.186
0.277727;-0.009577;10.017.340
0.248997;-0.009577;9.979.033
0.268151;0.000000;9.969.456
0.239420;0.000000;9.911.995
0.258574;0.009577;9.844.957
0.258574;0.000000;9.787.497
0.277727;-0.009577;9.787.497