-5.90918995285083,2.95736412481606,-8.77080741309209
-4.93308383570968,-3.82756032807416,-7.70783086891025
-4.96487437842972,-11.803375426815,-4.21448509937046
-11.3267475386843,-23.3009153068747,2.7694857547302
-18.0516485926042,-33.0739127905261,21.8660679787027
-23.8876780468412,-25.1125334895639,50.6557538256812
-18.1488561705755,4.62884060138595,55.0908295720139
-4.284864773374,14.8960143191944,42.8523902073424
3.40656927331108,14.3322478565114,34.650549128647
5.8284938007361,14.0107108980239,33.0546943828257
8.58775007561727,10.2195180493818,34.7467868576211
8.14197182907424,6.03731533201698,34.7151271355594
7.1944314845144,6.69920376307211,33.6289997388871
6.56790689282399,5.64535026626652,30.5264100986394
6.8966111315386,3.8774677557316,28.6670662060224
5.51550394268178,5.80049466479628,27.5193534860306
5.36253668175504,6.63580516469343,25.7192647838221
7.15062721983337,6.51171008128999,22.4358628366159
8.48990224797175,7.02398926409859,22.6224752734523
8.69490026884463,12.8224028808109,24.3970019893385
8.84984721004181,10.9315516455385,25.4777191444862
12.0846907184835,12.2226045600489,30.3211143750729
10.8497768648475,13.0869629430057,32.7050558835187
12.1766153543301,9.11314910417586,34.2870302570902
8.60365753403637,4.04159031194129,33.7078850656929
5.71925262010476,4.38706637816847,31.1224430090965
7.77431583008034,2.95711922793253,29.3078091954497
5.61233281944849,5.57141598856968,25.5831287321949
6.97768092348349,5.3680343320031,23.6226251777182
5.49006918522596,6.8792724980367,22.9434615283869
7.17287301491592,10.2625800679063,23.067471569481
8.64857473661236,11.5515226697122,23.4320097657463
8.72877980532871,11.284119093953,24.757913333703
12.3105315370009,14.2032709373838,29.3487827159491
10.480995641437,13.122682897499,30.2094006594774
11.9885206544741,10.5197187377007,36.497266968953
10.0388315059572,7.21797652081375,33.1780173134714
8.33675608907165,5.00857320610752,32.5368922664167
6.16379389502278,3.79141367168009,30.6004235376045
6.67884070803965,6.07192498117737,28.3100260692395
5.71890709615077,4.21765575513793,25.7901833065312
4.91812378571813,6.90495372027221,23.9646230173994
7.48831470435871,7.87797471523468,22.2639284471291
6.12061932664189,10.8165992216159,22.6862943563303
7.1045374273263,12.819659167417,23.4480053316238
10.783351679433,15.194423336517,26.1572006257787
11.5414525498134,12.2912878397295,31.1174106573684
11.6308355165105,12.2146181595797,34.9657538635845
12.6996808439102,7.95960855603663,34.8062162235594
8.63215076290937,6.17089873455784,34.3251030053267
7.9963991129625,4.22583428010859,31.0288684397808
6.54954846912992,5.34192626807144,30.279906119822
7.36563808856718,2.61370778552423,25.3095331521584
3.94767264276451,5.13980172955892,24.9920633109718
6.45662521689725,6.46316268990972,22.4495894984284
4.21530227646462,8.80692503488971,20.9292932065193
5.69411749904883,10.5547326418755,21.7281556886764
10.401601003028,12.2541072418043,21.9773848020761
11.9773235048698,13.6161944140889,28.4540375658636
13.4323352687637,15.4510074274046,31.1095055987638
12.6653043784564,10.3494640407464,34.5217468999295
11.1692244204012,7.7303498814474,36.4261787465065
9.19966331700074,4.85671900987766,34.8923574977511
6.9291715249384,3.85431785718793,31.457988025314
4.39158571213274,1.41090177781114,28.2874886500977
2.55319202966262,3.00007106026683,24.4152644919305
4.53870350120985,5.40420535032455,21.8298910445831
3.71332478720336,5.6284348135341,20.3850191810471
5.24261888589259,8.98236480190429,18.510601553198
5.56879302045371,9.56374234453284,21.1522992347474
8.32768963213261,15.2769441974166,22.9869671025578
12.377344941308,13.5327528349765,25.1646843691218
13.6292668543757,14.6023744909771,31.753781051718
12.7226571832806,8.44796750921685,37.9881040989478
10.3770843427504,7.17396132332527,36.8284491824118
8.56299928307336,5.08451234508796,34.6878967943838
5.76402430416676,0.244576257265456,31.8924617014145
4.94187494958613,1.43360278470965,29.1519941420217
2.1706872380625,1.44286054008117,23.6234637510147
5.75121416593077,4.98123065217594,21.9602151504854
2.24712294422271,3.91016217522577,20.3769286891872
4.57961569214537,8.50707672243043,18.9048598967907
4.87009899421157,11.0592924131096,18.4562353705231
6.89649274523581,12.7644280806391,20.0186598554335
10.8660156019887,15.5110731892533,24.6785308506659
11.985332861232,17.9810386024203,29.1528567338575
11.9824046758192,13.1970763399099,35.7493718090914
12.6038531425843,8.13077758752397,39.8669086331176
8.89824333863492,4.40535996351852,36.4013601041588
6.82851659553671,1.2292019865031,33.4486793759299
5.26623566442984,-0.320821669083156,28.9551017018903
2.81817806658731,0.342598995002048,25.8006532887315
2.21768164722252,2.1728560189464,21.1235586575523
2.74923040239102,2.66186753947017,19.3261992350398
3.70537590752903,4.01388628792044,16.8698221246105
2.04089780249664,6.35887296802902,15.1125225117494
4.72184113407474,9.42843165888114,16.0643950985223
7.57268183651012,13.3297301616468,18.5223960766895
9.35909695005949,17.1399959341739,22.4747132859456
14.3687811922781,18.8913873151553,28.4665403835557
16.4515369924212,17.3211900129853,36.4286748021157
13.6403751617633,7.04449194593642,41.8895796648331
11.2002707107918,2.73836241522795,37.6916823346677
6.31249078586853,-0.324408501590084,34.9266913990358
2.38101290783263,-0.0199960757051874,29.5355133964825
2.764630690527,-0.783312268118463,25.7930192399397
0.310734952028691,0.0409916606897452,21.3942493732069
0.841820760855291,0.779307412964857,22.2965853542504
-0.397326162274956,-0.718886431872183,16.6689492905226
0.4474834785154,1.44700884795048,14.8882350320828
-0.754138249011874,-0.0500792567793177,11.7863749650523
0.477127768851335,-0.403575472367402,11.2343467069166
1.50555047070596,0.961665480710983,10.0789902110054
2.6706870848838,2.73674431412558,9.47629300018784
2.97802912256765,4.44043637978799,6.89310145232478
2.87389684495201,5.95475805867684,8.28159224903896
5.57940044284249,11.338033350885,8.79369022525067
11.2894945884569,16.7281155974167,11.5540099665222
13.7410206239887,25.8934214863964,23.3001865277566
17.9824086232073,21.7055762928832,38.1984356395081
15.3493768185609,9.16342538135958,46.0294605874439
12.038318029859,-2.62968050826643,43.4203974532141
3.03985341884843,-5.72065979953806,36.4104465111459
1.82579613392154,-3.74017957300848,31.2028484891589
-0.378566295249495,-6.76458036139576,29.0216985440372
-5.26607974864736,-6.22616500114676,22.9481682017857
-6.24719226834584,-6.87119785868608,22.1082769661755
-6.04002191438034,-7.22124143953085,22.2972948497105
-5.86978475337788,-9.70810652081769,22.9255730681821
-8.69333321813921,-14.170182534966,24.3322608860023
-9.07885655534917,-14.6991321206266,28.672953161534
-12.9050662995072,-13.1738559353065,31.0823887599998
-11.6801623211137,-10.4660142360506,32.8391203254723
-11.7504413583897,-6.7119155779281,36.0327542504652
-9.04710192246844,-5.14515177228334,32.4434111486414
-6.86709410535374,-2.30092598436407,29.8469955297772
-4.01286189591008,-3.49836566840114,26.9417481841766
-5.17882846188635,-3.41538967952562,24.8999628376393
-4.53349394555399,-5.02897298337735,22.3140292876394
-5.30854155140229,-6.83299811479006,21.6672715985896
-6.658343136897,-9.46086251464819,20.5607145603776
-9.27031909284152,-10.4928814645757,20.5667706954627
-10.8050674213831,-15.207080849755,24.1441847725233
-12.8893069454683,-15.0212198545656,29.5144485629179
-11.5117103253426,-14.0084309433707,34.3383003577814
-12.6284200003805,-10.5370723184164,36.0904599384941
-11.8450414617355,-7.46048707562345,35.7285439627221
-6.94611558694368,-2.83025882109899,32.2074387334671
-3.58747081279084,-1.72470210445536,29.4032750665948
-5.23573948369821,-3.93146017139634,25.6494714839688
-4.19190592131725,-4.89666123397063,23.6849413606868
-3.67294463915599,-3.5166166267696,21.7675817172628
-4.11412795794546,-6.62746288483292,20.0452956377838
-5.20772155706539,-8.60223159744931,19.49360525059
-7.19567776806226,-10.6011148046376,18.0914250609848
-10.2524555001644,-15.3674246685972,22.5238702259835
-10.6998219686385,-16.8040536089147,30.3270683666451
-11.6521480777854,-15.8712750201832,34.0966636358132
-14.9623063863531,-9.04651016625537,36.7480631846935
-10.5662472831189,-5.23298287422106,36.1772983211352
-7.03478988697454,-3.40501924360144,32.4609981593051
-6.46602163000426,-1.08648337294809,29.0493146007501
-2.71140684840309,-1.88967060561886,27.7788794665051
-2.66435009689341,-3.74921947153313,24.1253638413425
-2.85351468663978,-3.64898987957756,21.666964541439
-4.05544226705956,-4.02405382436818,16.9111810888719
-5.65508885935475,-6.66302044416048,17.001510193544
-6.09381675557927,-8.54583872467493,19.5732132478026
-6.6728558869321,-13.1649993519071,16.7646437800148
-10.1892834297418,-16.0540172494121,22.6730749327516
-12.7137128157685,-17.0257866954853,28.2939388110815
-14.461860867034,-14.5095968460496,36.8394509600484
-11.5994885989545,-8.34977838009364,39.1737282151599
-8.42353670563418,-1.32070242422146,37.14277333623
-5.66371487363085,-2.00215645621612,34.722614921216
-5.39831941334569,-0.120395498375385,28.7853600288336
-2.26060335869461,-0.999558208540023,23.524176852259
-0.443692101073054,-2.72832399367646,22.7891053311024
-0.6753821555621,0.571407783674657,19.20396473904
-0.124169737620438,-2.0155088500577,17.1465110744438
-1.51632355387518,-2.99775254371114,14.1071741732863
-1.98998744461873,-5.70790057715837,13.8868358787383
-5.9620332462511,-9.96716633469016,13.9860083161304
-8.29150882665934,-13.252714326613,16.4258425989382
-10.2327693837913,-17.5425716593501,20.1897242847418
-13.557693011152,-19.6841781584251,29.6435932545645
-15.6009693528274,-16.0253398150009,39.1254528650995
-13.801436991309,-7.11387341621151,41.1765326994031
-8.13884092711902,-0.650082407196774,38.5299372706083
-5.19144513190357,2.16168008207224,33.7791564099585
-1.53917698672996,2.67176251089596,28.6090811730911
0.623381232268639,2.0097477167145,23.8587242126724
0.32706402480657,0.30358786652714,20.5372812400923
-0.119308400301692,3.87660097762626,18.9739589368974
0.542852966414064,2.54446340082863,18.0678270017553
1.35298143504288,4.75700042161917,13.5389965610119
2.25398519342862,5.57464198630685,15.5201609477566
4.63798243155591,7.36496526792743,12.0290351782702
8.16702989316925,11.9022112698889,15.2642843578439
10.8657442119377,17.2956174191766,17.9945607525025
12.9393324196799,21.0103528859751,27.0108673486753
15.4426078556695,16.807961367837,37.5821683862343
15.5573803867415,7.74132141859751,42.6973130105535
11.9258732602735,-0.996208997295537,37.9199581723825
6.40464186541785,-0.433042792800481,36.2765082339004
0.763916282087859,-1.83617990643488,31.1883603845137
-0.470638966707408,-2.04913611997838,24.4438977212036
0.66643437375219,-0.852982914123597,21.6373296965692
-2.65529757291261,-4.14398508804504,20.4848976472642
-1.60595009953334,-3.89621252198673,17.3522020533504
-2.77314493719553,-5.13379791711437,14.3387256497966
-4.89989346933739,-7.64565052696195,14.9126445604742
-5.41673321087268,-11.6666610526205,16.9991493375603
-9.28351811988109,-14.5336660026581,16.5292598013759
-12.4138016962476,-18.7028507706642,22.1261460863772
-14.9760683042962,-19.9393574648618,33.8904785540348
-14.389227049658,-14.8482024241193,40.227308021604
-13.3994185569087,-3.26299199537037,39.7003539711516
-9.38746914987276,1.01842892504944,36.335405625465
-3.94205802142561,2.84942106188648,31.1776243864012
-1.84134065155921,2.07266504082859,26.9199998420287
1.10608835368157,-0.616809486467501,24.7140791101771
-0.190945927054508,1.01576524776752,21.5046594413275
0.205006191375983,1.60708084633247,19.2182228247037
0.41348827258826,1.02713974707605,16.821912866229
0.388315475095654,1.87056301242746,13.1509258286651
1.63515861788636,4.10803504107507,12.857199943872
2.58885196190107,4.77931084986374,12.8580895001597
5.90137246142648,7.7659960844409,10.2233326891719
4.74328649377127,12.0803889748065,12.0730889034423
8.87939184656465,18.24960493496,15.6818397657053
13.2397270339287,21.2189268785969,25.1636630015047
17.1929982036086,19.853121863381,38.527046956201
15.908382929415,8.49109243607679,44.5979934085636
11.1229731772204,-1.05146350337356,42.1254866441451
5.4691754540975,-2.01840015029089,36.5419653148841
1.31457338017447,-3.99238382626855,30.3048814115974
-0.148036444716675,-2.84991708207853,24.0169514899911
-1.03691879838219,-4.91315682328231,22.0352555741833
-3.51068184322105,-4.37618998846585,21.1280698006891
-3.4483140132805,-5.88553074900381,18.1592726782062
-4.34795048511684,-8.64870411167195,17.9765974730669
-6.94945456742149,-12.7548294506351,19.2244364105528
-9.72698248839271,-12.897464549728,23.5638627737919
-10.5193337719687,-15.3556379321528,26.3184720345472
-13.4224279614617,-14.9230497116894,34.312725454122
-14.5791552011666,-10.7514169063376,37.7335443512284
-12.0437673831629,-3.98561788142675,37.9112227461796
-7.22133042529617,-0.690034980588246,34.5344590899663
-5.99343288128932,0.784709170342342,29.444489077426
-2.87417692906929,-0.138199557259894,25.2008218102108
-2.06167656097769,-2.03398121323276,23.6044556773537
-1.79266002866764,-2.2221510408875,21.1437736218172
-1.76267067575287,-4.47604019223357,18.2788223561515
-3.11203943725933,-4.46675073612996,16.5871050582203
-4.95389479724951,-7.21208032396898,14.9277272386444
-7.58311869042189,-12.0311707144418,14.8547856825895
-8.96634369996869,-12.30226265571,17.7291749248663
-12.2169228393021,-17.5572396379149,24.822139382548
-12.6070499593808,-18.046334279901,32.4479379414489
-16.0806794880408,-12.9284503642866,40.4778440655106
-12.5274769406429,-4.67487853325638,40.7324135145511
-7.89275126867923,0.397690951612625,35.9879781801666
-6.50762511653878,0.820402350364994,32.2108777882917
-2.25087696989629,1.35974405849037,28.1402398373957
-0.56906869358485,-0.144038477753405,24.0610043087026
0.000800342466294013,0.0226963249532492,20.4773683218177
0.269090393457243,0.611427527864796,18.7520393594094
-0.995332976004857,-1.49011090442525,16.7981944895793
-1.33871602715641,0.708596022859357,14.3179723534647
1.48130900932048,0.819500681756807,12.2943256015211
2.33088904889474,-0.312025584025846,9.58264561867411
0.632332948977912,1.02043803193808,8.21964068712854
1.34018027526071,1.91921759136561,8.79962845931798
1.7280532468089,-0.545834088386615,7.57637041262575
0.458585817888313,1.3264792341182,4.92532254537125
0.11627142650228,2.69964274331404,5.44324432102079
0.94067735488416,5.29926422304058,4.64170363546227
3.11314638675602,6.24108205415612,5.48291128057242
5.44701119796214,11.1418255757253,6.24467240330266
6.43937173544934,19.3257691424066,11.589153831166
15.0764734948841,26.3275723912478,22.7449921002863
17.8930291054853,23.0442159988457,39.9719651466715
17.3862620481279,8.1809597908923,49.0492105666095
8.43913071907376,-6.02511838222268,44.0696746236118
3.93414703147265,-8.51564092486447,36.8170803828194
-1.93968147514428,-6.77665299093972,30.2810757394563
-5.45270535323876,-7.59865893490954,28.1076475473718
-4.98106831175946,-6.70512402906132,25.6755865224057
-6.80484369239282,-10.4017128981406,23.4083679665197
-8.06606990004821,-10.3337115157871,26.0030412384727
-7.57495644348819,-11.2233563898388,25.7762832610005
-11.5051383247948,-13.6141527083331,27.2757884731677
-11.331256234194,-12.1645961929142,29.502009869491
-12.1783033994976,-11.2989435966935,31.819731857812
-9.65843673882689,-8.84970191341245,34.171984831016
-8.20497552342944,-7.26590396036943,31.2652413954224
-6.73558793543018,-6.22811500030703,30.5004132770386
-7.40243580004386,-5.19741391297117,29.7059416136197
-6.48284514392417,-6.49326975951273,26.1483811842457
-6.68756436401207,-5.8575158812296,23.8904296374454
-5.60838178173933,-8.58444163720804,22.7618049498605
-6.86255449148309,-10.5735790853948,24.1240195975586
-10.3537236635159,-11.164092076597,23.5027932878169
-9.61431209459027,-12.2107165591686,25.6498247229488
-10.9809790365147,-13.4187368713388,29.9432805406945
-9.96111217404587,-9.49124571969599,32.3864961029872
-11.8348182982531,-8.69068455779234,33.5126561923942
-8.80436679830529,-6.73532349485657,33.3348126131764
-8.22226511753377,-6.99736738816114,31.6068276569804
-5.70392312090108,-4.0713061248928,28.6693861862129
-6.9488503749604,-5.30560594334438,26.7673282389478
-5.81769911248369,-5.00641057371462,22.6533102901356
-5.20710269739231,-6.16705781702301,22.5151965780993
-5.08686590363127,-8.88618073651431,21.893724393536
-8.08024672132801,-11.6317179492616,24.7236042833846
-7.97196901942869,-12.7681570597775,25.3297271570784
-9.47685139075985,-11.6532921759956,29.6468744190092
-12.313032644082,-13.4711172018755,32.3389864012974
-11.7155399001152,-9.98118946423783,33.055828346053
-9.58511904203202,-6.20163310793349,34.1294654921198
-8.99567480236323,-4.55188997317925,30.4246702471404
-7.67756918195347,-5.05406858019726,30.3102846156349
-4.63621509649158,-5.37711798567291,26.3693203693816
-4.07134026415788,-3.97845089774021,25.5624409259926
-4.91274603509804,-4.87490133827435,25.7608964433458
-6.1894823656429,-7.11648050019532,22.8020599895761
-7.08711954541316,-10.3174440247987,21.164502078399
-7.85454849716111,-11.3456393294854,22.7164754723024
-9.63853889441924,-13.3556067137464,26.1741026788192
-12.0220158775859,-12.7605458253251,28.9714749313069
-9.9614030544479,-10.4181787810484,32.5475427225956
-9.41073142782665,-9.36318316623298,34.7711644459069
-10.8834669490857,-5.86019956180916,35.9936202262858
-5.57776612593423,-4.55968696676738,32.4572317869414
-4.45560798410386,-4.26480542759533,28.791623629795
-6.09314704360123,-4.3276036740483,25.9977736112791
-5.84845976914639,-3.25079257578345,23.7332958300338
-5.39510068999228,-6.83608214056553,23.1596630633538
-6.15643173014598,-8.52252655448828,21.4447571977351
-8.35006819714113,-9.84214825371977,25.1509414645423
-9.12681958876451,-12.7423762317644,23.5217159515359
-11.2825538063163,-14.8914831770523,27.3007368547865
-11.7737140669336,-14.4997538870593,32.3200873819469
-10.9855571026195,-11.2046143352417,34.8691706461335
-10.6283091397897,-7.43207157723374,34.4073643495139
-9.37107199163029,-4.81589387334779,33.9831444802161
-6.72436240542932,-3.31521710974443,32.0260979260055
-6.47210112563214,-3.53248884442988,26.0546451752601
-3.41880611658375,-4.48574387223085,23.3374335670448
-5.54936150048142,-5.59656499326023,24.0346071923454
-6.05508126186872,-6.57978573452492,21.4280848442897
-6.54852020153055,-9.15007467933246,20.7322292156949
-7.89593475815016,-11.4775332202357,21.4899226682971
-9.4598655418965,-13.276829422352,24.4354157597807
-11.7152704612898,-14.7735655311615,26.3130308529637
-10.7618151438667,-13.7275258138048,32.8105745698719
-13.0285795744715,-9.91612441339654,36.7723572709065
-9.80990290323182,-3.57152567203394,36.8865123392815
-7.51290639749453,-3.41915228597628,31.936857968235
-5.40149629712995,-3.13268034884427,29.6067477754216
-4.10352652210157,-1.31723967863077,27.4431358396747
-3.65580452439867,-2.91118195090199,26.3309702732284
-5.10938162412146,-5.28393505792129,21.5729413789341
-4.58260346235564,-6.57173685328171,20.7119768018995
-3.5215780262688,-8.97134512900989,18.6123545578906
-8.62634544387989,-12.4480185256981,18.075138225682
-9.44276744146405,-14.1784914615992,22.4527474357199
-11.3840123483986,-15.8026288072186,28.1367623946428
-13.5968937370152,-14.3545694690453,33.1856866374882
-13.3450177286413,-10.0345471517503,37.7846055324048
-12.3139020320093,-5.68939883760579,36.99332368746
-7.96822922963352,-3.6639825184629,33.0917476526583
-5.91437952206297,-2.69656451881187,30.5702143802909
-5.05785632714599,-1.11616897961246,27.8996037952761
-2.42431977092579,-2.18476849917468,22.3407308717759
-4.15858821177337,-3.42829718306989,21.5285052452503
-4.63876240541529,-3.19782910299285,19.0144014283755
-4.37295273019938,-6.45563801447557,17.7498216463702
-5.52833604604884,-9.44911653928997,16.4742175805319
-7.28193033185792,-12.890240876238,19.2460172371291
-10.6945063636294,-16.569613747298,22.5909686123891
-13.3806421660072,-17.1512672550756,29.2782780209456
-14.2084345862261,-15.4269721270479,35.8848342852782
-14.0886420367148,-8.025123762824,38.1052337641585
-9.96462314435819,-2.31633073345089,36.8429767255118
-6.05369045462025,-0.64139554313615,31.9122398011691
-4.52252524939825,0.784396575306533,27.3069922447582
-3.13017948046719,0.719830426120189,25.4112166572431
-1.51664341242972,-1.26393481969674,22.0315582706338
-0.660470705320992,-0.125757390740552,19.6695145291763
-2.12074292898424,-3.98258991360755,15.9366730294509
-3.46477549167252,-3.83206594874432,15.6588536585084
-5.16514308566167,-6.94705239328688,13.2501062111614
-3.96466768325428,-7.43949940039638,13.6503791319526
-7.5521343943835,-11.2546112416939,15.3839321989781
-9.80827020598294,-18.6934642277477,18.253659757948
-15.8707314277292,-19.5048273422938,27.3028711302218
-14.9661367361567,-16.5810957581675,37.1897753365303
-15.1515531245487,-7.37257178514714,41.6314373207828
-11.3199065954191,-0.43498788991436,40.2999997985165
-4.93989658734241,0.40714820068725,32.5457560841474
-2.85418213167456,1.62719370980341,28.9769135837818
-0.401713637297185,1.54522647633042,28.0782975305968
0.941256482621938,1.44900837299,22.9238320213059
2.4573173492392,3.05332149586386,18.5116208549941
1.24025413383157,2.67223254682343,18.0322675248434
1.241819788873,2.78742998863271,16.2056683465711
3.82169238823343,5.63138867705939,14.5370210558467
5.3382169350304,7.95427266210727,12.6727744180581
6.22938491887337,10.6972840808825,12.3746785133076
8.89344584152113,16.9991173738779,19.0228012488595
15.01222387075,20.0764428150566,26.165122898505
16.3486324499135,18.4821109609059,33.6243900361499
14.6531313909609,10.1119090351465,43.0532951717546
11.442718253637,2.17407078463434,41.0011984828181
5.60916494091925,-2.69521116276423,34.1507898691243
2.92267060512226,-3.23840947294165,30.5212943207863
0.268181883557294,-3.23466097946966,28.0560623231384
-0.888810549895524,-0.388766015845935,23.9711761939236
-3.35942774170246,-2.83720714954414,19.3912032851039
-0.897106165322965,-2.7234484488925,18.4123201580753
-2.59360821362626,-4.34653534364871,16.2637476849339
-2.46219019031925,-6.87524308644681,14.722032954527
-5.44212308953581,-10.5212478452613,14.9463933173065
-7.48480285935765,-14.257207875957,14.0849808198046
-12.1666228478294,-17.2911308815097,22.2620852111801
-14.8032695173998,-16.8176228522428,31.3762333707812
-17.0571489449591,-14.6497804489637,38.8535494304691
-11.1215041178225,-4.63921428762243,40.619927913826
-8.95003841344099,0.0131404772537957,37.6504590120844
-5.21651100282666,1.42436846462087,32.2492751100345
-0.513057827832685,1.16230426439714,28.0731275437236
-0.272015804825856,2.92885244966599,23.727527294043
-1.15964387008577,0.962902293846794,22.9167265288881
2.07657074378219,1.55622408295916,18.7585023060263
1.54835451846617,1.37517930420356,15.7443550146522
-0.409986988070501,0.498304393125358,13.3062084896239
1.62977242388432,4.68737196301004,12.3957639058922
2.18168776987965,2.25873450131592,10.7276108863365
3.68954730233945,5.39393047536841,8.9791317470217
7.28221382284301,9.06208356385802,10.6973651265834
9.08767606530419,15.0355480888419,13.7329040475908
9.72345280883482,19.8454655537532,21.5068275990651
17.9874828563955,21.8555284028288,29.9321195560931
17.5695089334399,14.5063513621764,44.3039765263485
13.4650483580018,5.98244240108686,43.159975970752
8.11562241476529,-5.04167756231799,38.9370967062402
1.34016354638631,-4.90531177119589,31.7671160204091
0.831180967559473,-4.66185807792766,27.8765923552928
-0.931578771512848,-4.3755186075296,24.9278314221858
-2.64518903449291,-2.70176333262518,22.4265267042362
-5.17984183877294,-6.65546234307828,20.6949355024769
-6.84418014644261,-8.92983416294471,18.7076669449514
-6.32985537126368,-11.5228508906953,19.0908491365828
-6.90306118067817,-12.5497227241537,21.4383869462285
-11.5923949814547,-15.0029037128103,26.8375921785183
-13.0958512528594,-15.0301866785793,33.3957398082539
-13.8769283081161,-11.2642855365905,37.5576006826723
-10.1780449087577,-7.15028812556834,37.2207741790427
-9.02242780844272,-1.43018453712928,36.0659795795669
-5.62127562087981,-0.629224487724593,31.5121904381441
-4.61254477305906,-1.61096439872315,29.1335872414318
-3.21245903984906,-1.89025965707147,22.2777552119194
-2.9304957938214,-3.74695596419376,21.1927890123054
-3.87178242689515,-3.25223819415197,19.9357810201438
-2.72517667042487,-5.20401913897829,18.5857813568662
-4.23174316837295,-8.07974469125589,15.0846564980017
-4.66261545479672,-11.6717703544178,18.5067016950245
-8.51279814012265,-16.8727886832878,20.286602825787
-13.1629912370545,-17.3734584101964,25.623037743852
-15.6096410865033,-16.4555568120138,34.014785586469
-15.851413481949,-11.1399056185114,39.6154722416214
-11.9488614143698,-3.58230315889052,39.6537774351985
-8.01480314122454,1.01918543814991,32.7891222259323
-5.01678669600714,0.363580820511197,30.1711872044582
-2.67745022218099,-2.14642775325025,27.0468537406236
-1.88143195999164,-0.203388641857825,23.097557504589
-1.42041298603105,-0.781974239025083,20.2225851481093
-0.581432713104733,-0.248815941794999,16.9199170533674
0.133902067613897,-2.5806516964447,17.0776294468948
-1.8861083631106,-4.70519824998079,14.0831946662013
-4.45371352131849,-5.24223280029806,13.6479738215484
-1.73784282678559,-7.17036090844747,13.6545552549096
-8.06638718095959,-9.548843443993,11.446669590504
-9.79422708317968,-17.0086924332754,15.6599855812027
-12.4492259084346,-19.8120827086934,22.9221770540842
-16.2542220669972,-19.8634783935445,33.5093638333444
-15.2734133521691,-10.3744646759794,43.0748890034678
-12.2086649443177,-0.0190122068032461,42.4591423529518
-6.41918571055004,3.96644732439329,35.9362662362049
-2.66291086521415,4.12470708069742,32.0306933751882
-1.6024656696301,2.60574786999291,25.8709720139035
0.380878267000612,3.55562277175494,23.8573305014915
3.33733472972529,5.08915809081256,20.5657912488476
1.92435183772581,6.18700545257501,18.1166433425693
4.22084934363603,5.20413934940504,16.624337462983
4.81533521510212,9.7904636220712,15.6373932063521
6.39232779766664,12.5951406979704,17.0519099469548
8.492901617531,18.0436945716044,20.7779858015181
12.8499031724198,16.6722772157468,26.8590763835851
16.0122241736632,15.0804367470412,35.1688149443836
14.1712917978406,9.21395105165927,41.0685297722148
10.1771492382536,4.44897314931892,37.2856872776315
6.21602125210067,-0.516230980726892,33.9463551315377
3.38762872398865,-1.92602240334562,28.671818536085
2.47740589182589,-1.19916757878994,24.1536371644208
1.07350221760074,0.410669419001915,23.2480681979314
1.88948874706805,0.68833595233591,18.6394776274536
-0.235939329819421,0.783007967371919,17.2974799998394
1.33379749505086,0.833965212636754,13.810001947556
1.11316330720727,3.3589502396103,14.4794618244333
2.83136962536949,6.12708929726532,12.6003624388979
5.65509801271254,6.5502750926847,10.4085792014857
4.28894942592571,11.0454984502639,12.7340921482658
11.2859263912406,18.0280241932403,15.7106867872818
12.6725296663653,21.6360898913218,23.0548270283124
19.2653585254294,19.1883707998968,36.6092140311899
15.8456201349527,11.2005767190157,43.6986208443163
10.9939570867283,0.951111979855835,40.5487480627013
8.10799890674605,-2.46958370169619,34.1620546361674
2.25380089374793,-5.29314615339302,29.3854611088466
-2.84836849658045,-3.10451024216131,28.7039577027918
-1.20273840489156,-3.51691073967378,23.1422254060586
-0.113269680688943,-4.47902729321043,21.1199648155309
-2.15213672381594,-5.05777302453286,18.7797613184919
-4.37311001196896,-6.95779499484288,17.6449830586009
-6.02047666064599,-9.00588884384876,16.7721469229228
-8.88213590869996,-13.7380081738715,19.6419985889149
-10.343937073538,-18.3820426659556,23.1812255630376
-12.954281693124,-17.7500268516419,31.4360670337407
-15.665263324175,-12.8249981017296,36.6003573650663
-13.1565054709859,-7.73902205320688,40.2084065389375
-8.72750824840964,-2.17757771620224,35.687590172594
-4.65752041862543,-0.308615602238516,31.6247936515386
-1.7083532641861,-0.151925921260682,29.1440556839181
-1.57701968001124,-0.16339085937028,24.5790708848218
-0.925210557861595,-1.91595418930276,22.3484964243073
-4.47787315472198,-1.27555077281423,18.6370792680604
-0.777072652350703,-2.6786577916431,17.237403682932
-0.456753129487198,-3.95722134630031,15.8636307093356
-5.13726946265206,-5.64222472458881,13.9559620380414
-3.94016030640361,-10.5465258383846,13.5634696547525
-8.12427077631746,-14.3559928864041,15.8305664363259
-12.5217339642267,-19.5532012534018,22.0068598363091
-15.5042921518332,-19.1772720280772,31.2248076983188
-16.6031463006989,-13.8077271474457,41.0807418424441
-12.9864651420887,-5.7354717966082,43.5057161932664
-9.84263315429332,-0.22914467720609,36.6305738061208
-3.60722124120797,2.35527873313989,31.3467953307969
-3.40452068142664,1.78045704163665,27.7075604036304
0.095579048683856,1.51429021934046,23.566623290605
0.0237027470925157,1.86374203831255,22.7904758942314
0.235360563617647,1.16395183007466,18.5035931934618
1.50269290660739,2.876287642746,18.4120953770201
1.04968369216586,3.67561233691887,15.3856094713944
5.34872885653031,6.29930344827225,14.75921912688
5.88728271239424,8.05116934023121,14.4515618598722
5.97237607544434,14.8813882681643,16.4640955174516
10.2394965941369,18.3729364253572,20.0047839768449
16.3481642029557,21.267552168795,30.4407124895485
16.3524676820371,13.0604756845458,40.4824597239984
14.378086795786,4.11062790581216,42.0903059703156
10.7868887331932,-1.46469262726002,38.4652234384927
3.14259498188825,-2.92396309973899,34.2743617110181
3.13053574092749,-2.42289165114482,29.0738114970046
-0.438738658588909,0.0924214167995046,24.6985162709744
0.76571462839068,-2.06833994004885,21.427001475536
-1.52494279805169,-3.06360937877979,16.9116813282308
-2.5298017013815,-4.18664580769671,16.597034605257
-2.59619623603396,-3.61600876670244,16.060897597424
-4.22848297187819,-6.94761492153594,13.23787226469
-5.96517583711662,-11.4327669791467,13.2927562657103
-9.0555159594272,-14.4893063439094,16.7125502392221
-11.6461514346799,-19.2193018460547,22.3510865402209
-14.6949752780248,-19.4461826819355,33.9815256797514
-14.614621647179,-15.0590454413326,39.7470502155824
-12.8380904872571,-5.24847946381224,42.2360536108092
-8.74735894645099,0.818643660371163,36.691691285106
-3.49771290051993,1.94824594373729,31.9272038689767
-1.74286397286766,2.01589885438934,28.0195719510326
-1.97665425976801,0.80838121061654,26.0339702721825
-0.785890517257419,1.2061795513612,23.8062581587924
0.554174098264371,3.54689156111809,18.8418269474332
2.93952281822837,3.2487871744333,17.5865290518651
2.31865581690172,2.67671075733915,14.0622625396528
4.97871443875786,6.61956786588082,13.2579396984282
6.29881969146852,9.53241089051394,12.4353838175366
4.83408033436075,11.384441263322,14.6040967210226
10.1141549657168,16.2363548068015,20.2937815997858
13.8480945705564,21.277254924554,27.6676165394981
16.9533101569203,14.5055258093335,38.2409623114774
15.2635204948889,5.87857408374228,42.1059163009041
11.3439298752461,0.172910339927862,39.1706766426859
5.0638236968669,-2.73192750273077,32.655398339247
2.237995101858,-4.36950576328582,28.061927472444
0.751391796994361,-3.30480006907026,25.9528646495596
-2.31852262461867,-2.28574080160866,22.1576022283815
-1.83524988526117,-4.5212854213384,21.3559863200162
-3.19586505442121,-4.40885781102726,17.6137218325508
-3.66385512776794,-4.48445988797459,15.1119761631666
-4.66602351326553,-8.10616579956818,15.5094140235984
-7.8575951513511,-9.03442787603647,16.3172841548142
-8.15981081397761,-13.5225851690431,19.3995183691881
-12.6623860168161,-18.2344391996817,23.6736143055949
-13.5414202514662,-15.9317677417433,35.4014303812131
-15.6032836163627,-9.50806833867886,42.3453760203051
-10.8129135686344,-2.82339808182962,38.0608501154015
-9.10782107613444,0.0249838776922199,37.9351568500684
-1.96465254131559,2.29106900511791,29.5214221978449
-1.10855587965297,0.652761924377524,25.9545730324946
0.32921168736777,0.200683051157971,22.7050556328436
-1.35822674440088,-0.0333276688675085,20.0996141984383
-1.74083221696981,0.760894780783479,16.5596281041501
0.988758098082035,2.32390204388675,15.0678530860626
1.24265575501806,0.263201498474991,13.8411870717702
2.41425633728151,2.88074898936707,11.8376653813654
0.62011734578316,3.3836361626864,9.27268037769921
2.82786085960571,6.41637738291,8.93080150005822
4.99832309037546,7.87453954078103,9.46757937099067
6.90481586494646,12.592783023171,8.78206676866238
11.6090430618906,18.3729612828854,17.4632487963356
12.6702548389027,23.4773766301571,27.5941351053562
17.691733559193,18.0419812560023,40.2117459777161
16.4041150121151,5.87859910963499,43.9085501654966
8.98110069914468,-4.67132670042691,40.9583990153442
5.80996746698244,-6.0729661042641,35.0350274304839
-1.20444421178426,-4.46340458020858,28.3346310068586
-2.23073535397316,-3.69771906296506,26.368633253493
-3.63585766394886,-6.17838622416066,23.7653249042029
-5.63491123917634,-6.92364850068046,19.6433669627343
-6.59063272947697,-9.61751841672104,20.3526342384968
-6.03303287120202,-11.7757106685417,19.9697347474787
-10.8846363150704,-13.5182182821552,21.5150705760407
-11.8422650447611,-16.3367866862224,27.6041933739828
-13.106626335297,-14.0370333106888,33.9267188437725
-12.7036659561475,-13.3224576189363,35.0913086267242
-12.6080363899189,-9.42939329608005,36.5650849167549
-8.59785617531018,-4.56585120100721,34.2286766053701
-6.83923261433144,-1.64762717903845,31.0231509462778
-3.85574679228426,-2.39125227260603,25.6088815265969
-4.42112126903672,-2.80009765629406,25.3910225589637
-3.59876594329679,-5.01312048659566,23.8787215927867
-3.78111770727901,-5.74782001229996,18.5889073221101
-4.37081469127184,-7.2489606901545,20.2099806985928
-4.80133503069486,-9.32270099024749,19.5869500195186
-7.97616737861791,-13.3216366685075,20.2468942275973
-9.9277203055085,-16.234997523081,24.669572433508
-12.197734055392,-14.1710964637951,29.1978177755242
-15.3179889953877,-13.656074959029,36.7215977610205
-11.3928715102861,-7.69566657189573,36.8900800055143
-10.0862752777749,-2.6466657192201,36.3890767394367
-7.33858254289679,-2.60073319404514,31.8012652546335
-4.35019527794181,0.7436625562015,27.1203116223669
-3.49461664125792,-1.93365725264372,24.7367632735468
-2.86888225607922,-2.83408023961349,23.8083974259666
-3.38532824230968,-2.16459911636113,19.2037872565772
-2.9188796920786,-2.98444497473159,19.0543308072028
-4.03113526247546,-5.64227377634608,15.5020693976097
-4.41046984662253,-9.79903056788215,13.6498688195365
-7.87564759555117,-13.6860553177017,16.7831995535553
-11.3698848706271,-17.9804311660261,22.6531199254934
-13.8445527659153,-18.6924971723306,29.8424240476216
-14.2911257543827,-14.5167753843374,36.5143482699965
-11.4714157344304,-7.52907275466861,40.7918228230714
-10.1339665969403,-3.2624107841323,37.852961533913
-7.06626687928237,-0.590397400856812,34.3034860941794
-2.85664584919642,0.542650184924211,28.7628387319644
-2.52704762410728,1.8004866523428,25.5456819483934
-1.37462921228196,-0.381644389403256,23.0532931403203
-0.568518596812299,-0.482475533922172,18.6011955333542
-2.0427899439815,0.100131023633589,17.0087232506337
-1.03766033510668,-1.51109657035022,16.0970018778817
-1.29951773983889,-1.87074801950209,12.7433319807243
-0.361526416088346,-3.0030019742012,12.07205946143
-2.40388838964236,-3.72478380200915,10.4294465936246
-2.97707329638744,-7.78405425115421,8.81620653936623
-3.87462357106954,-11.3599944633232,10.2601451808937
-7.00420732240582,-14.5191278908087,11.7479487712357
-11.295484088239,-21.6246173148389,22.1574504483348
-16.6191283912874,-22.6474275849163,33.108228813036
-17.584204981084,-14.110012544627,46.3717809925544
-11.4741164446674,-1.39952383182307,44.4501691369708
-6.88220500874001,2.32662454724657,39.6405079323395
-1.38291668782461,4.69320141534535,31.7443152102989
0.750309460707118,5.02159309534853,26.6817414113683
1.14195676423091,4.5678315852239,24.5428466509907
3.0172719152933,6.46256786854734,24.1557924584875
4.73829161251517,6.65336067874054,20.210350604598
5.49651762631625,8.31918860849454,19.9989855167046
6.10276863501917,12.9658730075124,20.4095140573984
10.1474941636596,15.4253322772813,22.6402618339618
9.39748719404579,15.1477901960658,27.0263536081474
12.9404122941863,14.6291104178074,33.4288953345281
12.883856209023,10.7223178842667,37.284776175236
10.8250547900412,5.40010240840782,36.6017292326895
6.08246607623143,3.19274282163525,31.9892428159429
5.20505644428999,2.96673669841952,30.1923408025544
2.58180418439844,1.1315621066987,28.313489813512
4.64353954506346,2.30434943384139,24.0470667556709
3.88836409224908,4.12992565612414,22.192163356718
4.40406029798559,4.89866905292725,18.123983376303
5.7506936647842,6.5391491510448,18.0845175718856
7.99281942090625,12.3378884654806,19.5298683063665
7.07089494257922,14.4310017595012,20.2443386247299
12.8292437200763,15.9015631396086,24.5241324944002
13.0676013341703,16.5352432215694,31.3811226860092
13.4927871368941,10.4228599354146,36.4127721528496
12.0332368984862,5.44260034652381,39.4814654208888
11.0463201717334,2.81384402341725,36.0326920584656
6.47902543722633,0.492001311311225,31.1500249181738
3.3547547559784,0.646621007512269,27.6671195050416
2.08316624664151,1.28532098057748,23.1210680456102
2.02466312325333,1.28796613276422,20.9349280760783
1.83275922379635,2.40739521200938,20.1251713744064
2.37396186460896,3.79455861800803,16.2601704958253
2.89974764402422,6.38627473298393,16.2566783773825
3.85804561286051,8.64335779541818,14.9033173973875
7.68833003712688,14.1778357308083,16.4418561772847
10.4215757419656,16.3302910972081,20.7109679705877
11.5253288093101,19.4984566774924,28.3467694522279
16.2881102476664,13.6162913924776,36.2493915933194
13.4523004390676,6.37821271298548,39.4079067935199
10.3268541372649,2.47490404469658,39.1441235135514
6.57163152143401,-0.118092068258598,32.3018748130896
2.02134342703244,-2.20803918541048,30.1351322568813
3.13096846336627,-1.27626058324518,25.3054708027293
0.219323982096316,0.198929367377505,23.3613023569415
-0.535402726937438,-0.517606513608237,18.7646038393958
1.30033276711149,-1.19154220709466,16.454931446417
-0.357757194413849,-1.10429856475867,13.6823115594344
-1.83291867497593,-2.52276653262553,13.3570582378994
-1.32711371817184,-0.646828837587228,11.3626124394496
-0.104410230404317,0.647602504887893,10.6293151481827
-0.613080856785934,-3.21901650846606,8.8349197196407
-3.23082266461627,-2.78154637050875,8.76304959066274
-3.24877390511818,-8.88936116315764,7.0521620333954
-4.56028043881162,-9.76590248287994,7.79021278631617
-8.32069263801382,-15.6932227960433,10.4155817165978
-10.494478044762,-22.4440824022883,19.0536461237818
-16.850564638707,-24.1798988583833,34.4558563068521
-16.9497254425405,-12.4715463023012,46.0397121036544
-13.7232658762574,1.62674729360159,41.4671915750098
-5.86480838062587,5.9791502098038,38.4687414511535
-2.34893908885113,6.55437111974433,31.5640397371403
2.97560076086554,6.15222818560701,26.4618827733779
4.88330192788684,5.1966364313067,26.807237388186
3.9030097643156,7.7744718507822,23.7851557387006
6.8860053025282,7.12149587268982,20.7582135088788
8.06591832521409,10.0636861852117,22.9871506128881
10.0916860257104,12.0062674282649,23.7936040127369
11.9336576286247,14.4608556649237,28.3692413671724
12.8033044543505,14.6672808663213,28.8360194136195
13.2809464411757,10.0975925415968,36.481931670878
10.6155147228289,7.40814538210833,34.385694028757
7.84935915370848,3.18470935707609,32.7895470454649
8.21397062347271,3.59636253690915,31.2853741683846
5.36326638953595,3.93169071470767,28.3238859108746
3.75298785694868,2.95294741556092,25.7412051472492
5.15316191366939,4.42509902519155,23.0192301045883
5.17633050634867,5.41318077423874,19.8558456452991
5.5564832851107,10.3657880046312,21.8295488479178
7.3866989456383,10.7883483259443,22.2655979458935
10.1828291514353,15.1989655823917,23.8510339137525
11.1184152594369,14.4608691679005,26.8676919597485
11.5966142648004,13.8645841050557,32.0114400281777
11.7504629409096,9.62782613122686,36.5119880814542
9.97254422112828,7.27430946509411,36.6880762422042
9.31262189310517,3.11025069838466,33.1683188479428
4.87591404019845,3.1309093992498,31.4807747344242
5.65568972615171,1.70249339628308,28.2380191260507
3.21539199268227,3.45439843832013,23.6656338171674
2.71769690272251,2.82217301002379,21.1298451012018
4.36503487297128,7.70902651300043,19.1055374049993
3.52976313459491,7.87910137215161,19.0364884464754
5.79280072570088,12.5434828570791,19.2268721253059
9.50480506366644,15.0200815854008,22.6112924316493
10.9546784905283,15.144144512406,26.104538421095
11.3676596343271,14.0970592309992,34.514328978283
13.7120692285409,10.4425314660659,36.2893301166626
9.64742018004058,3.18273625985777,36.8038592582856
7.11369519741892,3.1143986594502,33.8669712512761
5.15332521313011,2.27869947985804,30.1111409294155
5.6593792139769,2.11659316504362,25.3316304761895
3.32877131846496,3.56808230330293,23.6027774791907
4.44731727462398,4.00205863161926,19.8521415087424
4.53722630923035,4.71583675359885,19.4466952354881
6.21375493712394,8.63282572289229,19.4450295184391
7.5510677964823,10.3818249413346,19.5960538745317
9.61258211173604,14.1045264488128,19.4372778031262
11.4627886128721,14.6965097954239,25.6440178309501
11.3528135939794,15.5642306590601,32.6751685707328
14.2831434680254,12.208248815676,37.786785428617
13.4579888808813,6.68439430789945,39.0806782588994
10.0824095504376,2.78729714740059,36.554851149918
3.98544934715586,1.90830423463801,31.8895581881995
4.55652561866498,1.08252408465251,29.373931290288
2.01651091040002,0.880351865297205,22.2577955995429
4.25740649733974,2.99063509833752,22.2045695880757
2.59685626453428,2.6732227527524,16.6865665567563
2.2435178190061,2.87645784092084,16.3654009363215
4.00665440575816,6.20677063891734,16.1390490841034
5.31083302703742,9.12809080562419,15.567963366586
9.24996910430284,11.1727775939274,17.7189641031076
10.2467016769687,18.1916457350538,24.9665233902803
13.6831070805881,19.0878102744726,30.8216055952171
14.9128916138235,14.1907151593599,38.2200163360914
11.9932279556474,6.9979529765804,40.1722070864735
10.3516703961254,1.30202995159137,36.2728506931025
5.45423534440061,-0.960008712924468,32.7945377864877
5.25981264237988,-0.331635586123028,26.3186861333325
1.60591600325684,2.42664864369112,24.2866583454488
2.2647713076004,0.490310159913747,21.3302252455193
1.1915142911987,-0.23406300122343,18.9548156141297
-0.552460459861447,-0.380366063604193,16.5485251056417
-0.789994750560731,0.672372620713143,17.0888404003502
0.171392460300526,1.61945509486531,13.3214652605987
-0.676235314425833,1.74004290476175,11.6573952793503
0.129051648903661,2.11091687463962,9.11350760935772
1.57530378569744,2.67536038317162,9.39952194589746
5.79808456012891,6.1660966037894,7.45305868023259
6.20577734318314,10.0019598034483,9.00706441968561
7.26011736575619,15.4381965699816,12.3520669183193
10.523493171428,21.6824579884584,19.4652129893023
16.9745589977554,24.0224010216036,30.4932843727755
16.3118740846456,14.5918885867086,44.3738273747866
14.2619731835403,1.50615478667795,44.3243798795617
8.65498182149476,-4.10846812464145,35.7523336756956
0.972366431787139,-6.91985080426141,32.7410803894804
-1.88768595874686,-5.26856005597903,29.0593051605349
-2.8236884564446,-4.70894165029628,23.4615189602038
-5.7222994007533,-7.46308991294566,22.2019676793947
-5.13018469186254,-7.30409801815351,21.8492502844096
-6.75683957043234,-8.68840179034637,19.2838482791258
-8.74440359479099,-10.4843475826676,26.3016089031572
-10.4985125461429,-13.8207396632679,24.4609712877308
-11.9511919084138,-16.6513957469182,30.4047808639302
-12.920828708931,-12.1592344670749,35.6058510422456
-11.411465117264,-9.35812825807711,35.6160791085835
-10.4026592664519,-4.33244736909333,35.3140444013624
-8.00152650503656,-2.79300448738884,32.5814389867134
-5.43389685650722,-1.01502904099843,27.8945142649845
-5.80937847020157,-2.73285307117852,25.5037061386501
-3.09754765420688,-3.83357885267429,22.2965571576095
-5.93096494247003,-6.04202214455829,22.6024689267687
-4.20111028407149,-7.93717272659091,20.4318420772441
-8.08245569865174,-9.24807204827478,19.2566308259888
-9.87328310963053,-11.7385774783802,22.895714135731
-9.52834852733093,-14.9867578302577,24.7139041878577
-13.9494364061749,-15.0402393237973,30.3786137670566
-12.3210957240542,-12.933185403942,36.932565609953
-12.5889479595894,-9.6010120386354,34.5868877596296
-9.0384801945198,-3.33138097102605,34.5783175996667
-5.70965115147488,-5.33898282977079,30.8426584103347
-4.38273063106053,-3.45953856452142,26.9909600163422
-0.231146163552648,-2.33749087288198,25.7982790752816
-4.20171249759233,-4.69328645680448,20.4236036522015
-5.84803254760424,-3.36519962147312,21.0067789564371
-5.32263570724125,-7.66644979900323,19.3919932260422
-7.06677443953471,-9.99967630479357,17.9267498128708
-7.01702459384217,-11.6896933103245,19.0034619688806
-8.87204345541043,-16.7029002847634,22.3739100067006
-13.1000396418531,-16.7288393929866,30.3011106428292
-14.3602825317166,-13.6146208885638,36.5003085706913
-11.4207023340499,-8.64807504194018,37.491134277568
-10.8302100646679,-3.59081601903379,36.9838259750831
-6.01595455530607,0.557482884894984,34.5042945926673
-3.29607301353235,0.525864572149761,27.3446170488954
-3.26453193731611,0.0811414411355278,26.1895201359887
-3.92894207040904,-1.992384026183,21.553136558673
-2.69319256608626,-3.08515615717802,20.0527757978315
-1.95413293829304,-3.97982678301914,18.5136522005361
-4.60149510724062,-5.77107545753674,16.0457635956886
-4.0641498550868,-8.81137839508482,17.292133535444
-7.05618228749972,-12.2985218401224,17.9532556848275
-14.0410158120232,-15.9098686229003,21.2208638079681
-12.1559152693967,-18.2893275635178,28.9825284067075
-14.2618412523517,-13.4327321495398,37.7519301845422
-13.2746324452991,-6.95041199330084,39.7462114102276
-9.50989288151507,-3.09718556802877,36.9180168153246
-3.70620509123482,1.02647489870781,32.4009311594391
-4.5773439850067,0.598397462554525,30.825778544875
-3.23032536371338,-1.54729448416841,24.9438262496428
0.919970233793778,-1.0568760257981,22.6885322359911
-1.33079338847394,-1.38877626302452,19.353321454276
-1.61555852213933,-0.613863688578892,15.6144716913398
-0.754960066532411,-1.29298479991027,14.7076403115619
-0.811560804239652,-3.66379695219545,13.3632895748227
-2.77785198169966,-5.1093587482845,11.0317078974691
-4.376021598819,-8.51945816513757,12.3810466733216
-5.60329698561149,-12.7505481597889,12.8178829973151
-10.4396804648321,-18.6090643280619,16.5007735854986
-13.9234622762776,-21.3813138192507,26.7172575244023
-17.664200545572,-18.0763819168275,38.7747930817542
-15.6693799581018,-7.30976541517135,42.3021651651696
-10.2440348000082,0.781100709890084,40.9312388796356
-4.34469370048749,5.16250045548118,34.3125302582644
-0.601212559384481,3.04293197082287,28.1536286809649
0.237597521687364,3.07555405987645,24.996691879831
1.48933489566541,2.5311712958783,21.3360829365849
2.43647059096036,4.45459858633669,19.4215741116243
4.17328585692722,4.90544710560452,18.2312726142732
3.34070202459763,8.30536677993987,16.4598266082083
7.41965985558437,11.8790585152605,18.354056605202
8.52675591824479,14.5081301448308,20.7695962213636
11.8925888698759,17.046312954286,25.8394877047695
14.8537684045424,17.9251376829704,32.0440581719203
14.2987525916119,13.0878316838621,38.5784892622857
12.7195883478661,4.64093586419783,37.7474944248675
9.04575236961537,0.393318379498388,36.6330852451065
6.81094749428005,-0.925633222747288,32.0515879080075
2.49561917998287,1.86087552186903,26.6696557974534
0.829192544293858,2.07815548292305,24.2823546162146
0.624960247154336,2.63706815449551,21.48568141102
2.16029736920277,1.18487817553222,18.8298113512386
1.45711692490091,1.6958690443942,15.8428859150449
4.19180140253883,4.51832034938941,14.4586214539832
3.91664997121819,5.30534045026922,12.8873549047228
8.2787799698137,9.25017136998321,12.462470156782
7.76001203472635,13.6093084466377,14.0938553364035
9.54012833185051,18.5583289237073,19.0000155193052
13.7041658137802,19.7518818460476,27.4984623569779
16.1747412040735,17.5178198919811,40.1649364866758
13.8067715588924,7.67171748841276,42.3264638109294
10.0407793405917,0.179947446062208,39.1041427281902
6.97549998706805,-2.68688862557537,33.3708925180791
1.44785506840058,-3.8805145016984,28.9567915158528
-0.334452701741192,-2.63093709964022,25.7565703289813
-1.64298350370331,-2.93403229945509,23.0522606653406
-0.461401992790738,-1.33944960855007,18.7243465878432
-1.90428740330339,-4.66958370036857,16.0617791306862
-3.77777240961231,-5.0995866114955,15.2053774308815
-5.31626945567538,-8.06765950611824,15.5812796867978
-7.07418366780119,-12.4191834397064,13.9126243992497
-10.0008508343847,-16.2112851397924,17.0566549178089
-12.2339859955444,-18.3100595731577,26.0967502575031
-15.1596201772964,-18.2280149939755,35.1053521277889
-14.9650074928651,-10.0123294258985,40.077412361009
-10.7955158103677,-2.69753301827629,39.1251851867429
-7.14668129596106,0.18444478021452,36.2193929786392
-3.1699895208069,2.22484494046348,30.7989892738227
-1.24784930394666,-0.433787336551422,26.0922841687937
0.172820861305973,1.25726462681198,22.5101580219438
-0.022939131318945,1.584423752831,20.5163971086343
0.46251892132171,0.951121951997462,18.0357408506773
1.10560324072227,0.438729291872251,13.8042040157441
2.03093995479018,1.02443304357752,14.6641308077519
3.00100237821094,3.0520233943591,12.1849607697974
2.10970273790703,4.82292167608531,12.3509965060485
2.85984724995471,5.60184345063489,8.84191035529842
6.5233521269629,8.51822216968114,9.83656861590038
7.90500553644277,15.3622451440483,14.3058697222996
13.7091469572832,21.6775752132945,21.4759734075911
15.4040237905022,20.9296204700369,33.5813402196625
16.5085159628612,12.8369540842799,43.2378798571102
12.9043139898021,1.36290828771464,45.6769328145776
8.07600914478057,-4.44292548785868,37.0457653032965
-0.331870648412348,-3.71815846244505,33.6381077636269
0.867495968982699,-5.84902824236859,27.513857912411
-1.7182323923477,-5.59553007885134,23.8084090253785
-3.89402913078262,-5.20004084120811,22.0455398615651
-5.30542900299352,-6.65319453582058,20.2199611959233
-5.02126358624682,-10.4651996762187,21.3470762932226
-8.15414995218498,-10.3512215601908,18.9022315836278
-7.45247747013193,-12.9834872898591,22.4463245291521
-13.5424140106193,-16.0565109004986,27.9565382015224
-11.2401645008268,-14.0836908758556,33.3288648731952
-12.7806783074455,-11.2192195447015,35.9689321131312
-10.1161045714547,-4.5236972577843,35.4696851021514
-10.177488043943,-0.421199095023185,32.4456078555139
-4.80666883704136,-2.80132340013225,31.6591091931156
-4.00268125107755,-2.11830101762526,26.3402236217365
-3.06544323153638,-4.13046136044867,25.1390865294263
-3.13226742259915,-4.37149646217954,22.8038971809861
-4.69326753898001,-3.21156401352952,18.6181728748158
-4.15583869235743,-5.05440616981383,17.743390007668
-4.70173292362559,-9.78495335273519,17.8027493203179
-7.79144592899857,-12.4900424753397,18.4074226545163
-9.91305744616265,-16.4855408754855,22.8520219683207
-12.2956377846386,-18.056314866774,30.9316529218941
-14.7611247001673,-13.737859369715,35.0496079717103
-13.0270560875072,-7.56252595574248,39.3274173327221
-9.88859819845726,-3.36812106684736,38.1617976145543
-7.5175505701597,0.0619170808624964,31.2801458882444
-5.1910203898192,0.353923347461521,27.8370369863881
-1.07582612937484,-1.82074114914646,25.7359815344733
-2.1364624711263,-0.755740347983453,22.3547745453534
-1.68466187692295,-0.894415966356173,20.5234284513739
-2.66881396064497,-3.61368797716629,18.2109549785155
-2.06996761176457,-3.78458948937045,14.7737076130525
-3.80873759249191,-6.8394680906517,12.8336563071271
-5.4297133993835,-6.92024069071446,13.5448582820003
-6.45079903568804,-15.1385863250056,15.3629312564043
-8.77442262909659,-19.0221384868548,19.9612011577457
-16.0227744018626,-19.3487675467005,30.3236688521408
-15.9337197490616,-17.3478419599429,36.3150649801483
-14.7715173883126,-7.22371014931386,40.5621639885575
-10.1314973256599,-0.784637219886906,38.6324362492358
-4.42722327936655,2.08910960948672,34.4892758882891
-0.667468802377983,1.69984496192907,31.6561875977708
-1.13560679356182,3.39496906424161,24.2126744888073
-0.746044768381866,1.68531612829015,18.860406069119
0.696424267694915,1.47121581387231,18.9725527942621
0.79377695943531,4.00956439911395,16.2298930116198
3.49747685486068,3.84479258870678,15.07432256934
2.42522731790015,6.45393419257071,13.6020981016883
3.18646698985926,9.01183049341321,12.2838757006024
7.95366403825585,12.0634255837164,13.3545624871383
9.27128576191802,18.2848363453741,18.8444973106922
13.119822375838,20.7726068571782,26.6357118219927
19.5587892313712,19.4360642103765,37.5727120234437
15.2241322057959,8.91845673699118,43.8115020874996
10.5099838035455,-1.64871192480562,38.8117372572665
6.86441138665306,-1.95604268631312,31.4366723756411
1.7680748009441,-1.52896905560027,29.724881610603
0.445311604518963,-1.74312194590178,23.5621314309414
-2.16315113645461,-0.432638213621345,25.5697808248904
-2.77216736439269,-2.15024484969898,20.8441883873572
-1.64211786270801,-3.92922051174256,15.8900354337949
-2.342031865923,-2.92409897235351,16.1444804432007
-2.96384833061337,-5.24126383058805,14.7818931181907
-6.43827937776635,-10.2826661626642,13.8291301700267
-7.78593785912924,-13.1735689344265,16.0075973812577
-11.9306900928983,-18.1913936466692,23.1550578748532
-15.1457948295758,-20.5744013210548,30.843238676442
-16.2324830923843,-15.4614479283202,39.5770153566324
-11.0731118583894,-6.13653224516455,41.4624735220194
-9.28988458377316,-0.890456462276313,35.9704546640749
-4.5816683329857,3.02314048345076,32.627940820974
-2.57217208455833,2.21375794175568,28.0936682100055
-1.63341342625961,1.43796999053744,26.5463929379313
0.493553523299336,1.89177370751904,20.560889624499
1.2492216099857,2.37852758839415,19.2850243110316
1.05225032778388,1.31481220734837,16.2868210772061
0.628507961129735,4.02008269680387,14.3120640961296
3.00160145073375,6.63253159104316,11.2566505177326
4.80943561013249,7.50715629100785,12.6579065662098
4.79479436262745,8.91565153325402,12.1069307816258
7.85966074837143,14.2445183073091,16.1265211450157
10.8128382129666,20.2719928934788,19.0673966059755
15.3667554642357,21.4819878853095,31.8496020058882
16.0527656746053,16.4521288187166,42.2234967211565
12.6289417328849,3.73897492254274,41.9394817639155
7.65151503074848,-3.1367959520289,37.8499630871977
4.8512145871079,-3.05209353868116,30.8109033222355
-1.60262161196534,-2.49941651685321,28.3990814803571
-0.683624602079625,-1.84437241149001,25.177683454788
-1.11227424819006,-3.58659186192871,20.6276419383784
-2.694481057267,-2.48083196172891,18.3715892208882
-3.97869529258558,-5.79524856235636,17.8788181755511
-7.54557313090029,-7.22532058368679,17.4611637353153
-7.55119447811063,-11.8901771232886,17.4237895777151
-10.8204108434861,-16.4349292979072,19.9123583211268
-13.0430494044202,-16.7931978977738,26.9091733342467
-13.6919384130911,-15.5003506493194,33.3350437205909
-16.5047323736394,-8.43564225747699,38.2157557635288
-10.0790869783952,-1.66303315262175,38.255545161956
-7.14990911222752,-0.715091256962365,33.4957322088414
-4.19483457191397,-0.11606146730558,31.6945927529471
-3.14623652698141,-0.0528915197558491,26.7476425234052
-3.72239194725779,-1.76221647625877,21.9358833175156
-2.13046272882577,-0.945414401993966,20.8429271180777
-1.51904514437118,-3.19795253661302,16.9528081087611
-2.75020289372805,-3.27037725836584,14.4530944424804
-1.95739431827849,-5.14365816557454,15.1787377606536
-4.03062262386827,-7.94676854048392,14.0002624849501
-5.74440709445245,-7.93265566244912,13.9736804312413
-7.80861811609636,-14.9368690368395,14.9215926750703
-10.5383810229216,-18.33772144484,20.5667238792882
-14.1125991354005,-21.3901525848786,30.0162135759789
-14.922654057434,-14.3561850306782,41.2334692627447
-13.1131629059808,-5.48079821882859,43.5172666945898
-10.6083150029164,0.88998528075333,37.7466308227344
-5.16530899312976,3.73542739558197,33.1189767772201
-2.87104540429944,2.04223331082858,28.515905188093
-1.13903613787021,3.233470444514,23.2447165543997
1.95936093606021,2.82980505684783,19.7580753623522
1.32278530449701,3.75404912644257,19.1533711546943
3.09202628555736,5.12694120496223,17.9465212704277
4.28028545043414,6.72669673991944,14.9351295618396
5.82266499687053,10.9369861282661,14.2166431400733
6.52357731015726,10.5795406625655,16.2446946826724
10.3442617201566,18.1107296602064,21.4516974581561
12.9922334219476,19.548640762476,28.9510385863875
14.5787745767427,14.3757811351558,37.7857186435535
13.5379859482347,8.62076305972561,42.1521843009928
9.77663618368296,3.43583062019673,38.5566426922072
7.54404896165351,-2.17264161299632,32.4656211611558
4.28147123604676,-1.6296976851238,27.4041597919198
0.262307712328058,-0.668803114532677,24.7627660627566
1.08773253140011,-0.955340165665833,22.9976635133132
1.0576950498626,-0.742308492987471,19.4374325277686
0.359453247656624,-0.33069989166652,15.6244819957611
-0.78354932515903,-1.19620888094144,14.8336298594799
0.385472361315762,-0.684067495872604,12.9342353310829
-0.148440960974286,-1.62364591721631,10.6639903732263
-1.48936988942697,-1.21779934914088,10.8132787104228
-2.85779083761471,-1.98782231192214,10.4899665922098
-2.54183844302299,-4.74012834871065,6.99054749698182
-4.57042169930587,-8.58029998980713,6.72231415755224
-7.47569466438001,-14.3926978592749,11.1572039940946
-10.3889759053823,-19.2151642191267,17.9126985552014
-15.578280649246,-23.7088777458239,29.8701188453092
-18.0057405723841,-14.7203266832219,41.5610591580363
-15.068447433443,-4.63125565073619,46.9662822615398
-7.19551623416123,5.30509748062907,38.4783495546989
-2.97096218695546,6.01604312242763,32.4800661263958
0.415580845046459,4.72377561173169,29.6721195537872
2.84112271404782,6.68749701204205,23.2426094852561
3.83213200891417,5.73158917883259,24.8679797583368
4.94914565212488,6.64108617108279,21.8636662509405
6.63567477920741,10.348438403413,22.6276454267876
9.8246288163578,11.1542896086207,22.9562144257133
8.71745961649846,13.7184441596408,26.2518011087747
12.2401289472417,14.4389560291321,29.294406903275
12.1050821647581,11.7680612131211,33.1241467091551
12.5122041481644,8.74916899835922,34.8900368849264
9.95103334651854,5.53149285084741,33.9203765768632
8.26224347279908,4.02120278481124,32.6714240744212
7.22294317423795,1.16654513513444,29.2968124905741
6.40102705437989,3.28980996903075,28.0414193219472
4.75332420213758,4.41751500286161,23.9562202818282
5.92053173395648,5.32752376841767,21.2768867825499
4.4732153472296,7.2981577433412,21.4741380104866
7.76765380756024,9.26580338284092,18.7146729687677
7.98276586015644,11.9690933468534,21.7567107398217
11.413841628912,13.6128810986103,24.5353485169501
14.3744932766122,15.1922995203432,31.2138600102824
11.8793256814353,13.4554909305128,35.3259335230154
12.7055750950783,6.49905705731819,35.3941249069578
9.90818351463599,5.00152149303789,36.4029409677305
5.54794375564461,3.26765738233029,32.89363385187
5.11361738541069,2.24943017890492,27.6385260179624
5.09017925191633,1.66123719337657,25.8920090652202
2.49779173024992,4.3057557316989,24.1111568743712
1.89097636250544,5.63434404075702,21.9970347257452
5.21713085561811,7.15295069064694,21.2307914803565
4.37188116097594,8.83224860226857,19.8563889404016
7.27595047798335,11.6316970927874,20.0883952323645
9.14239210447826,16.7607243793515,21.0963568909227
13.6174547878654,16.6140928402435,28.9189613545015
13.8904889886321,13.9168204326678,34.5919156749929
12.624000460386,8.64264283691679,35.7856995662717
8.12452676591275,4.20512191459343,36.0105889289714
9.9760708858426,2.03051982984662,34.0877708046264
7.64775623222698,0.958239195377124,28.8939715336569
3.24604653474016,-0.585991375701485,25.254246955131
0.137966699608888,2.47163649063609,23.532075348611
3.98763965806806,1.8125994998367,19.9786836783461
2.97117688811039,4.63561048533091,18.8966887725137
5.11660077210426,7.93432576814901,16.3353238758043
6.07592122737635,9.95484490768783,16.2468241843225
8.41713749437421,12.727330105605,17.7520413875649
10.6678044352453,17.5580037956559,20.3451222789237
11.8127983657455,17.801783564297,26.5905605529348
12.7899578108615,12.7332752964169,35.9925783679551
13.4939450942226,8.92653878392002,38.6229308802634
11.1876499105135,0.520013360314308,37.491109171446
6.74053120894427,-1.07545558194236,32.9708112766191
4.35952418944935,-1.99052875949215,30.0828620189211
1.87594980485819,0.242770229329826,25.5120628680852
0.807270468221917,1.31194155413629,21.7449302169373
1.73595442710058,2.56855134960306,19.0672569751601
1.99970764142701,2.24532783133176,16.046800677659
-1.75967749057396,2.25594236620241,13.8954699467705
1.58457416164586,5.21622744211726,13.3528288119924
1.67660370115311,6.67474959523128,12.3573716100794
4.19595926191582,7.19750952443963,11.6487544452171
6.5168528583456,14.2267142741928,12.9768346569425
11.1315236848264,18.3838984602173,17.5513290059858
14.3264430068236,23.1103901909827,26.4183141091415
17.1726180360989,17.5696109142861,37.1495671033129
16.7065045767855,8.02869785482294,43.2013494035463
12.695132064442,-0.0793925127194711,41.3867890340642
5.84309194193413,-4.67907324455359,32.8841027267236
1.92305886594489,-4.36623856632841,29.0822994072989
-0.108215132074422,-3.47678275259428,26.3445133878562
0.111337128496869,-1.40150890818984,22.0622281766826
-3.33227668645692,-5.47781972428956,19.6833408404119
-3.00880351265307,-4.11399050637809,17.6911343091978
-5.86643909333025,-7.06056365125301,19.4418622175694
-5.59534816005429,-9.46571749491215,18.4368181936729
-9.34400420837202,-14.2306649715046,19.383671585638
-12.4620297403172,-17.9278406529929,23.9060346502789
-13.6956863566981,-19.1493515930107,31.5335165983329
-16.0555469800914,-11.1426645425048,38.0612098388331
-12.3436095648452,-7.28974471103234,39.6580497607327
-9.25710188677625,-1.54446050147124,35.4848500154738
-5.00667182629875,0.622512963694304,32.0298937523347
-2.78147350682212,-0.826426663325576,26.4153629729785
-2.25782908875836,-0.865216068810086,22.5970967711989
-2.30497047897371,-0.429779415762066,21.0964684290547
-2.5571375172229,-1.93031661992804,18.6215606636922
-3.5991350641023,-1.92066478508733,14.1926978157054
-0.369884496131969,-3.10527499302081,14.6955458463611
-1.79950574267029,-6.2267946614816,12.0300851287065
-4.12774245319549,-7.66382730182802,12.5412427575861
-7.03403399834307,-12.2508565166349,13.7464429532752
-8.94482413876071,-16.7455858994803,16.6029115123368
-14.6556141835753,-21.3721083704877,25.4624838622218
-15.4491730131095,-17.5710659489934,36.6496488683238
-14.2970532856532,-8.95667863912427,43.423725140896
-12.8246984563593,-2.10052983932279,40.5082163018353
-4.9815866561225,3.67819793094329,35.0747165729459
-2.19028022929727,3.56660969813732,31.00747958643
-1.62959607407113,3.23267903909982,26.6213196465346
-0.763728623289665,2.06262844624053,22.2854461205504
2.19684350892057,3.3423816367728,21.3094675483984
1.877565849882,3.91418840880452,19.5984542334059
3.03820438475474,3.43998876500539,15.3002177087936
6.51871469880413,6.27981011078462,15.5957758416625
4.45757995322232,11.0536742827408,15.7744494353588
10.0195863928463,15.1423708328956,18.7152650560512
11.6495063908804,18.5774705023575,26.549571999817
14.3763578097378,16.7025651521974,34.468267540692
13.8134992736638,11.2673170642209,39.7686392083764
10.365778221114,5.21790851688437,39.9038109506037
8.63267847846152,-0.853070383637504,36.9545386723243
3.13721105437305,-0.324414791526223,32.1458261564111
2.12908031640261,-1.65890356605884,24.5048985525035
2.75893574960506,-2.95695047110195,22.4326137769412
1.22886154015947,0.409141730860151,21.9781775068261
-0.41503000653372,-0.0154421942575078,16.603074471889
0.325295504711266,-0.481384834138609,14.8682230944353
-1.25695072373487,1.63850657171483,12.8124552361171
0.18445913397446,1.57692906395648,10.7219679941541
1.43374560782924,0.988587085675188,11.8593781939812
0.778031134715029,1.03865869154373,7.98474585872355
-0.330786423869593,1.08526626275754,7.98090597349395
1.78358602203433,5.3488407963016,5.80097327881908
2.46340159415467,7.95343777108389,6.41965476619741
4.88387007150159,10.2498201404751,7.71271140042606
9.0395546739439,17.9565601009119,11.2666910521916
12.4990406985586,24.6552072778134,21.1263973164427
17.5249175921488,23.2660123013701,36.3989967026461
15.4394585631796,9.50459879854167,46.6485260758176
10.5762868873481,-2.68883745986755,43.9019054272288
4.97008893517765,-5.74659379196919,35.1162664978019
1.93804322041748,-5.27843304138832,30.0400359363472
0.111880255957525,-4.35072235272857,28.3691497879706
-3.97732153709099,-4.94453891918386,24.662495857422
-3.09821655083821,-7.79790055710747,23.3041297381437
-6.32144304884054,-9.28282020347972,23.1852565297873
-6.9274618670981,-10.5291827049012,21.805017953248
-9.09009105270688,-10.7568808954193,24.6908778588119
-9.37713215871789,-12.7197669105432,28.0577040688556
-10.6702482023458,-12.2676251880917,31.0944743926981
-11.1629402056447,-9.57877938846783,35.3604359885344
-11.7367583065639,-5.04138069441433,34.3986407377396
-7.62517053297199,-3.6951687704233,32.5918017269017
-6.27312136884056,-4.79082396655439,29.9376739376812
-4.53111122209352,-4.9969855202519,27.8983385200531
-5.67139311019113,-4.06814481899648,24.2676764149193
-4.24772541257186,-6.32793118498529,22.5212729108669
-2.80079115665216,-6.02030617654046,21.301873970335
-5.1755013051084,-10.8712966268306,22.6759693539237
-9.27479364469803,-11.9065523679221,23.2420669313193
-9.57788384255791,-12.5889342444035,26.5324076505454
-11.3370414864171,-15.1524350608401,29.1903254996198
-13.5087308767729,-10.2422765300753,34.7254816267043
-11.3433564568596,-8.26301889783683,36.0053286661262
-9.36187741918711,-4.61905858113513,34.3081318512424
-7.59734075032466,-3.08076241963669,32.2628501603031
-6.07317982226238,-5.33867685311227,31.0070852631818
-4.6173889985264,-4.56462373947338,27.4789423807828
-6.26871461874976,-5.00691137037509,22.9463715757693
-5.76390413958797,-5.4787084774232,21.9667261357869
-5.29896554711418,-6.88334813140329,22.2741016685702
-7.12774249403894,-8.42816433136733,19.4151008622734
-8.49212224987195,-11.9617764888047,21.1424540421061
-11.5855287917,-16.1475608594745,25.3053021236543
-12.4417284724981,-12.9347153552201,30.4483368113277
-14.748592652283,-11.785097976145,34.6917667559067
-11.4793236724706,-7.33132484384718,36.8149659296197
-8.98237588398673,-4.28212664165427,35.1556234447942
-6.06390081560267,-2.80520907775262,30.3197835871173
-5.10216052590996,-3.74701524505135,29.9483790911559
-4.2451548148993,-3.85192063332344,26.867794500598
-5.01538634593485,-4.32260045693548,22.7294353140155
-1.01288644549745,-4.53705773481599,20.8423154912126
-4.56712537482289,-6.84055498593277,20.0409894264333
-5.84723386229228,-9.9730921140047,18.4163675079054
-9.36957830683051,-12.8996207176223,21.5229234804009
-11.4440366128803,-14.0319737678025,23.9096805848259
-12.4688828093175,-15.0895953261399,30.7680394387466
-13.203795500913,-13.4802660389038,36.913090965673
-11.4678278918411,-7.28662231823259,35.5969166488824
-9.00098370684092,-3.16243346258132,34.8378099913919
-7.47455847791188,-2.46992352058751,30.9787590666113
-3.73332552226,-0.890771670535931,28.1565829065147
-3.28217342718529,-0.99503023573423,27.0564302661483
-2.57011729432725,-4.09301320038535,22.2341753901487
-4.16934096550632,-4.57680473740223,19.5249817063163
-1.61409691520917,-5.74681360995614,19.0309011562865
-3.88819380867973,-7.816756740416,16.3404587726929
-8.36747067079902,-10.4565267430412,16.7250429448158
-10.5415251466663,-14.3783893200015,21.518101904154
-13.1428035646321,-17.0011094282034,25.7056702870379
-14.5395886824452,-15.1088598207928,34.6210178933386
-14.3975954072533,-9.87044431339981,38.8768741580437
-11.0475321999142,-4.70030619186686,36.989628667302
-8.84043963036794,-1.7572076477846,33.8432527450427
-4.77692667515054,-1.42044965655969,30.3212213750247
-3.37862143632926,-0.46011865753708,27.6115507236377
-0.281823702889659,-1.51287112850667,25.511412637669
-1.22219674808337,-1.65571504532728,20.2065811081363
-1.41045397249614,-3.88375112202077,17.8323233233639
-4.05314982214198,-4.17350576644917,16.7037038696816
-4.17529370822877,-6.34465089293636,13.7193120987032
-5.15678474873149,-5.45801680692927,14.2498183576246
-5.94807939127657,-11.6958643699228,15.309891851717
-9.93283798050139,-15.2480118059728,17.8272687642626
-12.7015684637343,-18.465590919173,23.4201320685627
-13.7506410222479,-17.7668789697465,34.9898859249647
-15.4056789064867,-11.8335628145463,42.0119365787554
-12.0821535749829,-2.28621533488079,38.6373452564373
-7.27082999154803,1.9814260566919,37.2464426079936
-5.35197038716918,2.11926552386394,30.2474487010532
-0.259986242480124,2.21624429698686,25.3230440713065
1.14002734099229,2.35122717266239,23.8764253244397
0.508217991628947,2.46008761518791,20.5344112860166
1.26363631292997,2.66181862817081,16.9051346528058
2.41137470949402,3.10815662614015,15.383386643111
2.88048208224854,5.67307304713618,15.0774338713137
3.40630053639699,7.03781315772773,13.5087659353733
4.99251311863806,11.3214161443933,13.3355225690811
7.88045479546522,15.5698751423938,17.211795573039
11.6388728438291,16.3895710816307,21.3474455810291
15.6400502289738,21.7545692627047,32.5596806897353
15.4577815156171,12.513297621843,40.3770927511991
12.8740424874644,7.31399387016686,41.7265720777234
10.125338097285,-1.97232219663241,38.0593732130949
4.96935882342672,-3.10907592314738,32.0155271747062
2.20705748595166,-1.56146649976446,27.5807064529131
-1.42808056450978,-2.51134008495178,23.9591312928131
-0.406475841935464,-4.91872532828827,22.5920527859611
-2.61207232579988,-3.73612731511748,19.3738355206683
-3.70158730991262,-4.19889238371369,17.4305355846977
-4.48903506217695,-4.68743680377647,15.3301131558407
-3.99818817415556,-8.45650636020023,14.9371359113384
-7.02063698267653,-13.6833832424095,16.6509866783628
-9.3558515773186,-15.3124290883464,20.3651017203718
-15.7242329206731,-18.9564245299357,27.5281378586964
-15.2199517319164,-17.6209784367109,35.8991952174717
-13.6411658179832,-7.27672310249206,40.2988436433917
-9.55124966731402,-1.04084105958583,38.029124612251
-5.83113597720499,1.02145980922356,32.2202555870074
-2.5805586334814,1.97405719351075,30.4706353698865
-3.47561338417186,-0.00317048878414106,24.8936195291411
-1.78398128670031,1.20408003857895,21.9557889367825
0.438807625648585,0.468898552700546,19.5452354733846
-2.1270054219121,2.46487568436608,15.4955787401198
-0.0452992576201658,1.08646915494023,14.0108667260373
-0.868138008368083,3.21626426134274,13.1251139693062
-0.703226801709562,2.99711139017316,9.58023968603387
4.06229575841911,2.49340369285527,10.2655359831194
0.449682765040634,4.67701845708324,10.3237798087514
3.18214337033307,7.67026072645975,8.27645957626434
6.72929044375701,11.462683165584,10.4184640902108
9.79623168934585,15.8789224432308,16.0086009621434
14.989060067413,23.501414725931,24.6135153861996
17.0609309030024,20.7810341183224,38.0334314545186
16.9239526668011,9.80230885070402,46.2175987938717
12.0293690725544,-0.760007838010924,41.5022900961316
5.39024906064301,-4.53764498862833,35.7556063173832
1.13271975352089,-5.63003691161011,30.9832214547246
-2.23079800659704,-6.20511871605017,26.6472402987853
-3.17858953200716,-5.47597417382831,24.8799369170883
-5.01126940726349,-6.58377649436765,21.6935816720791
-5.70440597229503,-8.84184099696158,21.7805031787922
-7.59441334236318,-11.8492436260863,20.0874414337862
-9.88364910389339,-10.7607582909405,21.5156615538934
-10.3621603720559,-14.3383544457023,25.1321310447983
-12.7601348177769,-14.0217206992129,32.6020907375208
-12.2131825108115,-10.2266345207322,33.9346155875718
-13.1937519902676,-8.12959903183728,35.8670562065989
-7.75852649681942,-2.83881197086082,32.9169840846829
-7.76898862159829,-2.59673252359272,31.5632652622656
-4.34263340832782,-3.28124752653294,27.7874996450269
-4.12939749665679,-1.84744627228587,24.5873252564115
-5.15145057050748,-3.34819676020701,22.7719124672357
-4.57839327945437,-6.29276309322858,19.8920153069717
-6.03462005946085,-7.89295924217593,18.0443058011749
-5.11270636240406,-10.7949358709565,20.2962772264924
-8.42507595356621,-12.2958993949563,21.2568056579066
-10.6767482301007,-15.5698880388468,23.9487896292412
-13.1901382874815,-17.2590421044004,30.5521701191572
-12.9419807906334,-11.2328711274994,37.4890213260584
-12.5369295854146,-7.13019384899182,38.0687024958058
-9.01246115838708,-3.63515601410844,36.3729370028308
-6.26460317105864,-1.1905663290642,32.5347258486931
-5.63650728482021,-1.07845615551938,27.2052281475476
-2.32508345406524,-1.51066240714874,23.8725947239253
-0.99434659230245,-3.89747402872037,20.6172855594698
-3.16201754424961,-3.83242521267308,20.7085094818807
-3.68643360535431,-6.76118759207036,17.3083337525973
-5.76299262077653,-7.29587080189118,17.3278935709764
-8.30441619248264,-12.3394741844181,16.9368846156388
-9.7972153321568,-14.6309480827162,21.5168903112631
-11.6623138515419,-17.9780512653033,26.3018086058603
-13.4740408802577,-14.1672713006483,32.8487836707821
-14.9012524110816,-10.1506598330087,39.6848585993466
-11.7442148779624,-4.52014487643844,37.8113999337388
-10.1217833406857,0.871273099797024,32.6688048043138
-6.71665411687092,0.483493220417943,30.9328545839119
-4.17015913389298,0.372815393422071,27.8033012618549
-1.10142956731098,-1.98130531397488,23.3879915922376
-0.79518358076963,-2.1313194645281,20.1161000911257
-0.952767102546374,-3.50581104357975,18.6868231516669
-2.31105772231783,-4.58757153682981,16.0625109538535
-3.26470434471376,-5.78845651098306,14.046057676207
-3.49186864511435,-8.83163275878304,14.123726282942
-4.58405258281995,-11.3122362412368,15.4606887916045
-10.4455873676054,-15.8438945183673,17.4520269540511
-13.0840102923989,-19.9515702662281,23.2049257489216
-14.8806521481141,-19.4314575545496,33.2559276065998
-16.180013166915,-12.0381638361569,43.5828048198263
-11.2017848142365,-1.64916102373895,40.4812230827297
-5.66908922511915,0.997049914944457,34.1422770717454
-4.2764287111849,4.41232448448858,29.5481651133351
-0.905187570752932,3.31100249199952,24.9646745602733
-0.474155637149719,0.67306047485451,23.4183443861403
0.362040374442901,0.715890296622945,18.6348662605481
1.3854769213555,1.18931546275734,17.8460615614436
3.10839268831914,4.68863915802657,16.1569568590481
0.985659569132815,4.78023701709411,15.197104873891
3.62966905897499,9.63685928727405,13.1964789249099
6.10743535097107,11.6631621263127,11.9628042075205
8.93109827387163,16.6494485703633,15.3245290857875
12.8471652825594,21.689179299871,23.1124662593781
16.5919743059928,20.3186461041596,33.2135494718894
14.3947927595517,11.8946200375748,40.3009629629616
12.2265408112214,2.55335167865522,40.6666790277336
7.51858126665472,-2.00985409799263,36.0195567856383
3.94647311930754,-3.78236324425865,31.9967872847836
1.63256329067134,-3.39429163360495,26.0657862194738
-0.394568255161896,-2.42690149363256,24.4143458188257
-2.05981539448984,-2.16096807499837,20.0847836064167
-2.03863648597425,-3.49795938289466,16.4084248301773
-2.13145846675906,-3.30891461954488,17.9407923672432
-2.69230098398624,-5.00729190511987,15.543212878547
-7.0615992921662,-8.9273265564965,13.2606942438277
-7.25076218624853,-11.7863761704135,16.7910022971521
-9.61533197738676,-15.3965119269261,18.6911499844623
-14.7743234011824,-20.7169796571248,27.6002659673208
-14.7434741299013,-17.8203316155242,38.199871390162
-13.9039334262035,-8.76732787220913,40.2437084616895
-10.1021924222439,-2.00278516525438,39.1808350729808
-4.96832961976188,0.939300398211166,34.0433135670773
-3.35442100751099,1.76180140008085,29.4900582860973
-2.37266855723866,1.15776380010838,25.6641746460064
0.246371879622842,1.25923513766722,20.748758044165
0.479613727762249,2.16408113582649,18.7050810346947
0.50353251698465,0.942722832989029,17.9551139606161
1.56706606969787,2.43581747715299,15.0245553468274
0.795536516086724,3.59032576179831,13.0874352953086
3.76442945591361,6.80061202148202,13.2989081602215
4.83059820155806,8.6347790131995,10.4151959715722
8.83330780900291,12.3134496596726,13.4036361252966
11.3109340455852,18.1440268627365,18.6069203872535
16.6267777128489,23.4919633134553,28.481804940263
17.3584101208348,17.462673462984,36.7736039486791
15.0577092784774,8.65772923186503,42.4621243620885
10.1943630767751,-1.31533871852955,39.8185687120687
5.99343668101969,-3.84665058533412,32.8214457851657
3.06649390351399,-3.28128645884038,26.5873245086225
-0.455440781751641,-4.00819833895673,26.0965591997796
-0.947988503015481,-2.40952921745163,22.1373279781292
-1.73534568915454,-1.94078855180837,20.3908542255264
-2.65298380262135,-4.53805433126083,18.0210980686811
-4.37233449754107,-9.3917780946431,17.0195176827471
-7.25224387353748,-11.7127694654298,15.1927695400977
-7.02371313656703,-12.8011012024628,19.3576583627376
-12.6304527823454,-17.1780390957167,24.2439043529094
-15.4341932213632,-16.9185865023366,30.9355994454286
-14.2970706462436,-12.8582042012651,37.8854064208305
-12.5568138721774,-5.19402724956473,38.0616378709729
-9.18344952979906,-1.26881339587645,34.5004851265934
-4.96685699486585,-0.422228900133703,30.7293674011804
-2.93181555300651,-1.1089151016066,27.2104325441628
-1.66284587378218,-2.44932605093774,26.6580651335501
-1.79097345050271,-0.14751162571732,21.5047381858793
-0.598178433020066,-1.51605968389873,17.5698601264548
-2.123943493515,-0.48599258646239,17.7687272907843
-1.1678103295065,-1.74391360621315,16.0515748654527
-2.82130327102588,-4.4516998949176,13.0864035714294
-3.42361290726995,-9.09851465104519,14.2359916463792
-5.11719225235349,-8.87001683417471,11.2265961691576
-8.70517588339661,-15.5451743185492,13.2944120609103
-12.2363816586015,-19.9526638552671,23.1261016840192
-16.8603631813295,-19.2180556329874,33.5616818279056
-16.4410383019093,-11.714215548639,42.7296450805626
-11.3791635485453,-3.30659738733805,41.9687381565602
-7.95185385128687,2.78335821155068,36.1180491957004
-2.6471193674016,3.82900695173053,31.8855820699508
-2.30207332043143,1.90923282704045,27.6726325158233
0.839508674772013,4.33487352655371,22.6800023304435
1.3287441680699,4.91079293657272,20.9715214702852
3.20745024908556,5.75261365970726,20.3964669307884
3.0859764121194,5.60974612968218,15.7524802996244
3.80541864706639,9.32995165897293,15.8602439585619
7.65743299045327,12.7973343832585,17.6738021410853
9.4848788491518,14.96934940977,20.0478879307417
11.3462671264728,17.7406493756054,24.3174378683085
14.4296113987535,17.5125096749524,35.007690361502
13.6028297018468,11.0406321876056,38.7668982289097
10.6575509951866,1.79177247449212,39.5118005966353
7.83653875782377,-0.619225824503699,33.9304520258809
4.15958783894742,-0.979103155403676,28.4836612273646
1.31775855213542,0.665803706783099,25.7452506202084
0.676879682156384,-0.40056915370721,24.773513297532
0.608829596719999,2.10009126787711,18.413863815216
0.46420905755818,-0.670605505779858,17.0083102883096
1.43160956768065,1.25108011781668,15.7711925490941
1.09669578192508,2.54633875096049,13.5061726518024
1.36701863821285,3.01082861698992,11.5021644988069
4.06337716298549,4.2949242376876,10.700370022595
3.40177130704182,8.27766471575537,10.0601255950178
7.3334190405427,13.3458361858869,9.37293595959979
9.73706243334508,19.3527332979624,15.3159723448622
14.275568168941,19.4134408665878,24.1234629094374
17.2787320471616,18.8678596606259,36.4123135738789
15.6771333459108,10.0034165857375,44.3117608057445
11.5442314502097,-0.494347313137505,41.3088498061176
4.71075900072026,-3.05407682502907,34.8469903440974
0.540282193229542,-3.55655228262193,29.8354941964483
-0.870631730144918,-4.03498886251035,24.7831756576859
-3.06848970762361,-1.35206669857776,22.2287696972749
-4.11297274972944,-1.47031077563014,21.2503546119285
-4.62322081735015,-6.70301202058609,18.5889379898053
-5.85550157193536,-9.05835094742577,18.6625531896337
-6.36158929916701,-13.8267690909173,21.1544058672108
-9.26886521670668,-14.1936884673654,25.1050359605384
-13.1327784483951,-15.8435965849861,28.5976553438758
-13.610990333826,-15.8227839749827,34.5805241122807
-12.7241007791176,-10.1426459374283,38.0599647099158
-8.86591187349377,-3.89126670092839,36.9429474226608
-8.50044736538439,0.647928691097911,33.1948269319146
-5.06016058723479,0.387131638761496,28.9535279646167
-4.89254231039376,-2.96612115209351,27.0918567437211
-4.10175250681947,-1.77304433810199,21.9606938151221
-1.30942849870395,-4.39887696740649,19.8020752025054
-2.13355090442916,-5.04685983020293,18.3450364621063
-2.29421529673812,-6.04726207000813,15.6812905106623
-4.54854295833555,-9.30972897205119,17.1915803886031
-7.15177244991098,-13.0875807276631,16.8428429559252
-9.50465175857092,-15.7811663314953,18.0889082453891
-12.9868546863571,-17.8215856706832,26.6837395425395
-14.9539311900275,-15.8126222498793,35.7243593354614
-12.9421250070909,-9.62987744189882,39.593865052621
-8.84945555175969,-2.08821228538412,37.868583854968
-6.84700276785789,0.842230892381366,35.079909547351
-4.65880568617624,0.639678339436272,30.1188229097141
-2.91338733403485,1.82239367180834,26.1878439630054
-0.436457557199742,-0.894182350731374,23.529216743738
-0.540343354668727,-0.296725609590319,19.4739236342291
-1.14004949149696,0.313572963825087,17.6462593660249
-0.401360836484277,-0.812744114046565,14.8355773984006
-0.883784351664446,-0.600673088425493,13.1975804841646
-0.960920509524691,-3.42411816274781,11.6800203617292
-0.936368804404238,-3.84937330462988,10.445695965961
-4.04045932988809,-7.01392779415192,9.5011511749536
-6.49668596503673,-9.22845472643547,10.7990911473055
-9.26424885110629,-16.1774329078034,15.0102281941162
-11.8004481262473,-21.9393997603619,20.3466005108337
-17.0843881247095,-22.8377031966643,33.6481174987562
-16.7671160487016,-10.4738010759445,43.7908420343899
-11.8540352402993,1.48063309695501,42.4967854465695
-5.82704025832344,3.90632123507363,34.7407428607518
-2.48826021076207,4.92037497862254,31.2802952827097
0.37872054258467,5.05087014969249,27.063773102384
2.66466112011818,5.72798336682646,22.6127517040702
1.10868162382842,3.92480138639688,21.318877852105
4.46351823871899,9.50142923813073,18.8366204281875
6.23388562944103,8.30799857003002,19.2537630076144
7.91324533331172,12.4061651359196,20.3859649297397
9.34783516119036,13.4778076226938,23.8157698644605
13.1471508778437,17.5356778474973,27.2812047565101
14.7588128940372,15.1465846131871,34.9251283344474
11.3065691838552,9.15275363819904,38.5263776374479
8.8398058362631,4.16867253567093,37.3364726712275
9.25767921024071,3.67934490620741,32.4402779663812
4.54367192568933,0.69513272860166,27.5259636836869
4.49027030081846,1.36151146406175,24.8319570159062
3.44092672188044,2.19267023542922,22.2488588903254
3.43322496266204,3.52285218234075,21.0731565582715
5.07763952397601,4.47476990380361,21.2288690547986
3.185040475823,5.31999296458357,17.4664656207704
6.94614262740786,9.1346526664852,16.8040653499176
6.52291310988303,13.1497456255796,18.8806293711814
9.59610043027214,15.8963052794918,23.055634238175
13.3883755245798,15.7574253542618,31.3925624538386
13.4707782361859,13.4269129246869,36.1521071122405
13.5557927777149,7.00875564701568,40.4808684632948
8.63974037608037,2.4684792833943,36.7241269689961
6.31375362316882,-0.412915515138408,32.7432482319266
2.9392667657297,-0.35453137367501,29.8033452286985
2.60806361593316,2.5035153128733,26.2430724359719
0.56251025125737,1.30284017989174,21.4010405990356
-0.0954505940741877,2.02194822950798,19.0009021178309
2.27305099257907,0.808032167804256,15.4846501286419
2.43036605135381,3.80411898052209,15.8801696960752
4.36693461939019,6.09953394240558,15.6123066725631
4.91871220235756,8.49399291696177,13.9048944506768
6.79488205457746,9.94979461385235,13.6547470836067
9.64836562265795,16.1126608588989,17.9728523706203
13.9553248377412,18.6492471044729,24.8814866704864
15.805505887669,19.5097630373768,35.942907653539
15.3032036216131,9.41558680925467,41.9703558346901
11.4810762783128,2.70874494361488,41.7012545721718
5.14284035406704,-3.28426587060317,34.0956770197047
4.72236673818078,-3.47291056077318,31.5932353951869
0.615618352250093,-2.56090872342366,26.9396307328641
1.26292395063183,-2.41680352188262,21.4558952133947
-0.35167810781364,-1.43765581264519,19.3453275255478
-1.34463849319446,-3.67181739049861,18.7903028480301
-2.26046657051932,-5.44861434316952,16.9469377657835
-5.2163478349901,-5.12764903392821,16.5604084900905
-4.2638275250088,-9.89723199442972,15.1784967868649
-7.69545906122524,-14.0967951096474,17.8135306259622
-11.6250403102962,-19.8823460085333,22.6378951901807
-13.4966524266286,-18.8924031494851,30.3249797514855
-15.3199750206126,-13.1411449166367,37.7484285842228
-13.7383482664573,-3.98531898214956,40.4638756549928
-7.61926637515845,-1.68014679059009,37.2849157685362
-6.22836418920493,2.25558071157745,31.2865131260578
-0.761051552947021,2.1159984803884,26.629898531854
-2.2999125445841,3.6762776396758,24.33043161463
0.646559257997255,1.69526743884554,19.480031462683
0.436691183519958,1.98497359950791,18.2103661796051
0.903603463901861,-0.142110673345522,16.5567545816085
0.586415172681684,1.64120206971481,15.231750529541
2.10817004901023,3.90807491319659,15.1294842291715
1.0680352539735,4.0316450602769,11.7815824727922
4.51816458764827,7.55990771881805,10.3492797213225
5.64893787692553,13.916336064727,11.9449948441895
8.03567267881844,16.2311086717314,14.1799304864791
13.5383988181625,22.2484323597498,23.8820065547155
16.201137273756,20.5966080041848,35.9052757536553
17.5562057747032,9.97927185663799,44.9703037187876
10.9201339559739,0.627407360933095,41.9822531341092
6.17992561790633,-4.03925619960605,35.7654659270449
3.54227167991599,-4.75755216567823,28.3337790762969
-0.19687865751032,-2.61870722548779,25.0817174544918
-3.2413300428163,-4.5713323521173,22.1755080175281
-3.04800060451308,-2.94600590085341,20.5784281073538
-2.76088755577298,-6.84304864590802,20.7056515426959
-3.7003807744097,-8.52621625246064,17.2945077434929
-6.80513195030178,-10.2824394568167,18.6827180496842
-9.53301453147267,-14.8899398232942,20.0496688514837
-11.0010401352886,-17.3636082713621,27.9957247836989
-14.2697552786435,-16.4020501639248,35.0209183800699
-13.7080377352035,-11.4111820878343,38.8899054944133
-11.8802871809938,-2.91360998514308,39.6178026356271
-6.98063185008992,-1.06548061598628,34.4044143555441
-5.3955537317214,-1.10460306942366,29.2059077084529
-3.48984009038772,-1.25990518756102,26.9885613052501
-2.11203439980856,-0.144492466543497,24.3981489145156
-1.11770082249617,-2.04744465713327,21.2107639615605
-4.68107956216888,-2.31987663042341,17.9775866942837
-4.87146794327204,-5.01504419424627,18.0148517560999
-2.8949158782799,-5.38966520051416,15.8700911464185
-4.79635433221161,-10.1514200577203,15.5072074738359
-7.61163228822172,-14.4600742085277,16.1395420653025
-11.5944195105639,-19.0964833367963,23.4017060498095
-12.4810507360363,-17.6677641620927,29.7349298756367
-13.8741751376032,-14.5264610963767,38.8860408662068
-12.9008107861349,-5.10350489210018,41.5828415091346
-8.04271312552084,0.0377830228168256,36.1250788925868
-5.43519781038808,-0.865949155440625,31.0147790728994
-1.28234758050025,2.75080625782997,26.3335153425629
-1.53248880626885,2.47048161728898,24.246226488981
-0.593353024876316,0.956236055639354,21.0065288519535
-0.997396032190144,0.719851628199619,18.502398170677
0.176579095340413,0.337149855366143,18.6830007801042
-1.10585381222846,0.100294294928741,14.817130358065
1.68122394215813,0.871493286596988,11.939424091708
2.01835511482575,1.69696200602329,10.8987759317546
0.0367143912449064,-0.70743230516582,10.529140044848
0.762871572604095,1.62374596663967,7.62544186931362
1.33742386793724,0.05220248447061,8.16735627345127
1.88570738103053,1.78067462853267,8.12088981924239
-0.196393019914054,0.0990029783990701,5.3637286951546
0.263924647184231,-0.0210696274296375,4.63127769599055
-1.19102355266175,2.26751022929618,5.09687533821148
0.702441362375206,2.52998086027129,3.95400374590386
2.04813464112919,5.29383775368273,3.88054871886778
4.93209026370043,7.20082674222145,4.82472613231419
8.67641951781829,12.9878010789988,7.27079743678271
10.1546063977911,20.3871161190866,12.5501018826987
15.1085245913908,25.6599806197329,23.4080322283918
18.5500126692819,20.8940957831203,43.7555599314472
16.538533917892,2.20709470627851,48.2606536924393
8.55274302039607,-7.51876584739032,40.2460860755302
0.530253015198684,-9.80412112104541,32.9981945149942
-2.06895278520725,-7.38460280501152,29.2786656810439
-5.26668088507164,-7.33146411869261,29.5017822994634
-7.01256570978947,-8.245291711034,24.2839235755415
-8.12990030046762,-7.62633998539605,24.1918070672879
-7.94241203556696,-10.3562031071372,25.9325105309062
-9.6510166869571,-10.8120322563229,28.1916537630693
-7.80500071090845,-12.34691788378,29.1138849997275
-10.1356496757648,-11.7640702227554,32.4867662326622
-8.96280057074552,-9.57106716891906,31.0643877202673
-12.1594343239477,-9.02138833458735,32.412958749765
-7.49026770722026,-8.8996264467886,31.3563925567103
-7.84882292734846,-4.74364055695525,27.855987631578
-7.04846797158511,-6.81480178304382,28.2533731442942
-7.10420389868819,-8.18040218333277,25.5962223987417
-7.77108659556973,-7.73587207775922,26.1086446200181
-6.26595385070185,-7.2533423184209,25.7428109683591
-7.56289955001059,-10.2727793395518,24.5280344517174
-7.20548314084548,-10.6029053499081,25.549810981995
-9.44013393677882,-12.7483182119445,27.2931733772521
-10.5899628931434,-12.1926718640094,31.0730128128346
-11.30707857757,-9.59266435006787,31.3756235359903
-10.4928971141046,-7.93952761107373,33.0471657346665
-9.3190923861223,-6.88421151591812,33.0533933850039
-8.17071403744025,-3.03578846863961,29.8205759898206
-8.23829950876532,-7.03979296932752,28.6306356706176
-6.65500396513553,-5.95669936707384,27.2327814282835
-6.01309446230199,-5.99366758986956,25.3875665846278
-7.85768188330579,-8.29566620552847,23.9811682881923
-7.43239095089372,-9.24894384490577,25.1338735679243
-8.54000291157478,-10.0322174241163,26.499251792376
-10.1450980015451,-12.7266100377589,28.0279263331272
-9.20799751829272,-12.6652185905701,30.5047186911875
-10.7075263331731,-9.37517356065112,32.9432546720716
-11.6782146180193,-8.03634442717598,34.5973957191644
-10.330418044968,-6.09857066928295,30.1473997552201
-8.95240879775072,-6.62602206618984,32.0696916450365
-6.17149646377662,-5.44322698640707,27.2105467761625
-7.45553928731552,-5.31979267902846,28.1857746858212
-6.80597459606751,-7.2313787305589,25.4552277359516
-6.55234299548501,-8.09126932921717,25.4080810924128
-8.08981656172435,-9.89969410324747,23.1654660648313
-9.14819759149558,-9.73527833285444,24.824266330421
-10.0949038411242,-14.5871313671414,27.6073798007725
-12.6101891555543,-12.9391621039755,28.3853375118974
-10.5546618395529,-11.6744424119327,33.1439060117216
-10.3538464094638,-8.8314707470675,32.396338594377
-7.86731051111777,-5.65722212246345,33.705921153165
-8.35563397279914,-4.05024891825577,31.9399683525114
-7.69822503546044,-6.15324584364696,29.3408159593121
-6.67612838580197,-6.54671955072537,26.5140473276982
-4.06877637599835,-7.25390071696084,26.8990990296476
-5.37289086546971,-7.72935962607439,23.3605255261629
-6.27236086168788,-9.22369172878004,22.8054625869862
-6.53079501339147,-10.5851116744702,25.7031122147902
-8.34101515190567,-12.9433300718148,26.5274074942801
-11.2186126434448,-13.2938596316701,27.6929820989001
-10.4572564440202,-12.5857069125634,32.5564879286691
-10.9895926441953,-10.2299440038621,31.4518678825739
-9.50737339167411,-6.32084156756192,33.4973375558958
-7.56039664007295,-4.30445694648106,32.4271811784035
-7.24304634886784,-2.3249472929014,28.8807175204252
-7.20100096105253,-6.24312221958391,27.4652815785589
-5.46340785225,-2.61556110954515,28.4969650968075
-6.12543470125609,-7.30376866075557,24.7096591996987
-6.43887260948049,-9.13915596907372,23.0009829404951
-9.82216177827564,-8.61886763438865,22.0624228549591
-9.50533440104321,-10.4737393400412,25.0415204392163
-9.1284614479911,-12.5186949203452,26.970513650238
-12.3182725803016,-14.1074858544644,30.6536816951741
-12.4474137039127,-12.0283983378834,34.0946005423675
-10.5513012253841,-7.66418054774441,32.4288809740487
-8.9075640489683,-6.04216241927438,33.5833048552571
-7.88140326647812,-5.63139178941252,29.9137554189163
-6.9783398007167,-4.91447459503322,28.211431589465
-4.81667722702775,-3.60787360002123,25.1796671575144
-7.61449577470563,-6.76905911492693,24.2760465994231
-6.32137002098318,-7.61241478795372,22.7660664506217
-6.54539662444529,-8.40879106689622,22.6562901863008
-8.14327696344001,-12.1564858480819,23.984886499318
-10.5525804660106,-11.6176131405,26.1951465118737
-12.1464408248106,-13.0949694795071,29.5842236902705
-12.8045362529637,-12.0517803490495,32.9359920071305
-11.2752460881602,-8.18719904411661,34.0355663112557
-7.24289483921834,-6.5527583275549,34.5513832687476
-7.93808195253962,-4.92703363232826,31.8657874436825
-6.64672560598476,-3.93190818389746,29.9736460583708
-4.1822590679523,-5.59520577240295,27.642396266177
-4.87761000862328,-4.50663782532452,25.4852978010271
-6.07770545241078,-6.66756169851448,23.2397144871858
-5.77976424419216,-10.0755260668214,22.0820240968095
-6.48698662917705,-9.95235210016967,21.728932316328
-8.8758989212309,-13.8311618687922,22.819136149486
-11.8834157247088,-13.4380307065747,27.4334160605908
-12.5506456158996,-15.103143507136,30.2881037597198
-9.87547282982239,-11.5392026685004,34.48574102433
-11.5960587545695,-8.24930163600032,35.861567525592
-8.23318998774165,-4.28073703244224,31.9148286247951
-8.75851694474497,-2.76122408056258,31.2890524932749
-5.68986283732168,-4.85357826615062,27.0631379768583
-4.27206002826578,-5.11118679320547,24.7786769390883
-4.14445880134433,-4.67935461303957,23.109975005469
-3.95477536485647,-6.89388541450429,21.3118562994699
-6.72949456318246,-8.56832061886423,21.9118885679015
-7.76754959597311,-11.1562603406215,20.6104999534584
-11.9078489314251,-12.4898785271939,23.1400305154108
-12.4598517712349,-13.909176163161,27.7631162850056
-12.2120320895675,-14.9201143632702,31.4672318301704
-11.6665619144069,-8.47999206240942,33.8139455632936
-10.7775820580596,-5.9125491385189,36.1918694567818
-8.04621313251099,-4.56730404358978,32.7025680544964
-6.46406659208801,-2.66771986615171,30.9239202638939
-4.7808346606569,-3.04689132735884,27.5829286294461
-5.90034797716864,-3.95691792679988,25.0443346295788
-4.26220321378051,-5.01265067833395,21.2198412674364
-4.97247502141612,-5.88765402007438,20.9992348372947
-4.68105237694084,-7.49639061770027,19.9207814265757
-5.70836984999841,-11.8776870952184,19.0078169049314
-9.89358514705467,-12.9447164834297,22.9024380220086
-12.5233138153769,-15.1738119033211,26.3955829088016
-12.7465741798418,-14.2386837626025,32.5128434558084
-11.6619090257263,-8.80336753922483,36.2718675547191
-11.2388125205696,-4.10541489944132,37.1715851545556
-8.47258772144864,-3.2040188808965,36.8122718168125
-5.5041443398901,-1.92932665287466,29.824599297625
-4.41805587519754,-1.43653900480921,30.1894502225894
-4.96183884045905,-3.55756566186625,23.480586712975
-3.12842480888897,-3.78267985788417,20.8057005442022
-3.54161086755913,-4.34751945591856,21.9653100023156
-4.24982463953433,-6.78496451199417,19.319152667733
-7.99702191558071,-8.50749934612237,19.6073070098128
-5.96736951943582,-13.2789960732605,19.5814792582686
-10.7959913011083,-16.2744313331628,24.1764779167073
-12.751065037838,-19.3130815097675,30.4042564913415
-14.1684834255074,-14.7666793619549,36.5010538205991
-17.4007773997923,-8.07055213580975,36.9142553424298
-9.6321302189727,-1.92840720648343,37.3798257933239
-7.58286720856074,-0.889533999292966,34.9872090803589
-3.61351765476667,1.84688092807099,30.1566217997479
-2.89927208922006,-1.27491211785141,24.6935729258363
0.433365775091819,-3.36292817235983,22.7909125778933
0.0321780797038909,-3.89409392717025,19.8927664872349
-2.6311565950728,-2.27529949357371,17.8324731598417
-2.97521402708624,-4.10768137105724,14.6404020685029
-5.17282908499418,-6.38627418365035,13.9663365466653
-4.3775649259181,-10.7090713395292,14.2883237740593
-6.88767863269001,-12.5473867775592,18.23831292755
-12.3351683725192,-19.4185964611071,21.3232907255009
-14.817515001567,-19.2336661945422,31.6423515381504
-14.876163002129,-15.5449999805114,37.8763659533672
-12.6812297475306,-5.20454047494322,40.2537109773084
-7.76641170812014,0.924719422125922,38.1914951027083
-6.10193598157213,3.91592106910189,30.8809542006418
-0.828133781403736,0.924971660842987,26.744206449976
-1.67912404994823,3.23987597836892,23.7957964779123
0.104149991829051,1.28231947317533,22.2491597463599
0.815293575521103,3.07196613451091,20.2025276578701
2.98000721730336,1.96531735639269,17.0641376531929
2.32776708839599,1.55808002924,14.5708901267043
0.306212437944459,3.03209372471779,14.6143919983297
3.30151817404192,6.76892031560967,11.8757738016867
3.99912859868927,8.78861280424971,12.1168403825689
9.21169138469242,15.5728919104234,11.6334221016365
11.3695764854457,18.4131411034151,18.849104921963
14.3596306549922,21.8117009282871,28.2118826036483
15.6198380002448,15.688510740273,37.2489844166169
15.2632046305061,5.28813877439881,44.1140122578007
9.3173478368395,0.434284186274191,38.0637324072744
4.33240696193851,-4.19863568296964,33.0098282864519
1.46539451716247,-2.41099349781545,29.7792042535992
-2.302211613687,-4.28889008807954,26.2163020242471
-2.90915282908591,-3.08880382994722,21.6547546240274
-3.74198723488536,-5.84056918777569,19.4507199399756
-2.87804329856281,-5.70320849147085,19.2770590749781
-5.18804012751827,-5.0869133989489,17.7536922306274
-5.01557132411265,-10.4790176250972,20.035337246813
-10.7313869659564,-15.0038949887482,21.1448007668812
-13.0871380871049,-15.9091037845722,27.8822636306536
-15.8278792849442,-14.7845031013738,33.8138729272405
-13.9673582694737,-8.79273893880856,39.9186993422266
-9.68268029755271,-4.61020671492729,35.8652488501438
-7.96940343015453,-2.28962792008297,34.2111075160787
-5.75363925174288,-0.602848462821654,28.2039628754946
-3.49770025580567,-0.301550418312529,25.8500064512689
-1.5961506058804,0.937063134177842,24.8308844808551
-3.01974817726553,0.55179649248736,20.9511406165054
-1.50027832217172,-2.31737065066548,16.0679607430692
-3.08325259577668,-4.92378589180645,15.9373722191973
-1.6312747042657,-3.89561479652687,14.3553015468515
-5.75684124906936,-9.98570298035007,13.7786044444344
-6.207699355329,-10.7316456129619,15.8705673685872
-10.5270084179945,-14.5270817934141,18.8330447743303
-12.6279236821794,-19.8436115836989,22.5799383082569
-16.9969481743961,-20.2671980203964,35.2522716453347
-14.6930782581172,-10.861151941866,40.8623501692896
-11.0096287526171,-2.8932323232112,39.4581137199145
-7.75399009664893,-0.937467683414248,36.306782693773
-4.48557279771622,0.981953768053843,29.9926244553993
-1.91279789549591,2.25308177012815,26.1518964602953
0.770669944961697,2.72718637616152,24.4535614130127
1.01845850182803,1.88666465078119,19.5338014693106
2.57422452161354,1.10167313668441,17.1560539833896
2.15703082892575,4.01399522469552,16.2166451610773
3.85154349154855,2.23151703136111,13.9115213647567
5.31628740936941,6.29952747810048,14.6524045654405
5.45845748422713,9.97581797453575,14.8241825104762
9.52334997664905,15.3214843249561,15.5270912538132
13.4029147238331,20.4984601630576,23.6121626745393
15.7129076823501,18.6834394914901,34.4765817377718
16.1028515909411,11.5890916291778,41.7968773322852
11.8992455871463,1.02517490842328,40.9423037892716
7.1188165249096,-2.36680604395325,35.6245593280964
3.04818883434234,-2.34139549038275,30.0745695825069
0.534788462805837,-3.2829255161316,27.1248420508079
0.722100018872014,-3.33631288508719,21.4106144831682
-0.0516446587844031,-2.68304240726568,19.3619277170515
-1.03973623117956,-4.06772984480107,18.4265475509932
-2.98924224614759,-3.71805514995262,16.985571333307
-2.28944791644102,-6.54743925317577,15.3535462931452
-6.06586143242543,-8.22863512554099,15.3922803637768
-8.43389962929727,-11.3137821062851,14.313446895474
-9.25870801280961,-16.4858778932093,20.0814211369473
-13.3944245784004,-18.3391417843806,29.5193036450375
-16.4166256666531,-18.0424810198217,36.2708555119153
-14.1124458789774,-8.45040799456378,42.2698181125679
-11.1572765857216,-1.51802606095167,40.2904720493901
-7.2251687783013,2.73115891459966,35.8622642471969
-4.90445594410744,2.12510979141204,29.058369808879
-0.594862199472566,0.940219878230577,26.0358443778969
-0.0963316521171799,0.998738237329968,22.2208325806787
0.0696582423776289,1.56107569294939,19.5035439414832
0.544361148954547,2.88750862863503,16.9092044221701
3.50429156600097,3.24116820009845,16.323471145611
2.95580345920577,5.63027790831102,11.19730747477
2.97859083064046,7.8875182387495,11.9421358534463
5.57281239087729,10.9571785213495,13.7094769245609
6.75506814071428,14.412020075371,16.5239914892011
11.5584637269557,20.2594668341563,20.8452860113511
15.616535194597,21.422182730104,31.6503209192565
14.5754154436582,14.7177211971506,42.3283594996192
13.6374427198105,4.48992666492759,42.0787304887929
7.70800380537857,0.221068124455632,36.8152121584584
3.83871147534694,-2.48791505576811,31.0222066055697
1.21670324751316,-2.69030116768181,27.2861479385305
-2.04093726073392,-3.96425262172914,24.7589932092013
-2.59593934388163,-0.583912923855409,22.1265513240166
-0.912939081344507,-3.10801948702996,16.5727737263058
-2.39879501760024,-4.19266568888096,18.1788445110865
-4.31660337799104,-5.49041762057314,16.0089631280482
-5.71214047296344,-12.0560956508337,16.039421662914
-7.11414576243109,-13.1233176092182,16.9042722737213
-10.718017035628,-16.3593323118637,22.3507550404296
-14.1175808693814,-17.8460066108369,31.2371010121543
-14.7729057880164,-13.4990135255657,37.7594151763649
-11.695650204777,-6.2223073586296,41.1345012338313
-9.16612555951341,-0.299346086975931,36.3864366327501
-5.53443640050364,0.662565951603566,32.9219547216875
-1.24383146583057,-0.21834992001176,27.6591864328497
-2.67380930548483,0.840755237464047,22.7115043585539
-0.0872190714828355,0.859900066856587,19.8477143094379
-1.19804291220031,0.0742284639613734,18.4849834764984
0.10267902597364,0.216291297309053,16.4342665703336
-1.4330440067975,-2.42135744673831,15.08033430413
-1.33628308984334,-0.415891993018182,12.119833745651
0.622458013412573,-0.940565777542146,12.7608752221934
-2.566621012583,-0.0728690322663774,10.6190323949431
-0.499162359362559,-1.36842034153127,8.40092905099791
-1.835451443455,-3.12140229726036,7.1702697114033
-1.69309341972351,-4.95072150070975,7.16299883063341
-3.86281403216826,-8.56197036923044,7.27325573157792
-6.87734138229198,-14.4487317403276,11.3216283367058
-12.246798496723,-20.9056669636687,15.6841864007833
-17.4151624128666,-27.4715821452161,31.8122768513462
-17.89561356929,-17.6608581899449,43.6794207988509
-15.8881947559698,-1.60513356918271,44.8638002950131
-8.3789397823702,5.05117534467647,40.4803147105832
-3.22723526151815,6.83281642397611,34.5105398091336
0.917686868866425,5.32733346603708,28.2289212945492
2.87153377049192,5.78132971410884,26.0117903339121
5.09088098898836,6.18362361590827,25.1717872613349
4.26917907061675,8.11727903250851,23.3081031144465
6.4067706031889,9.88739810946148,23.9015348551058
9.90668842256506,12.6445837293638,23.5241609555049
10.5821454781949,11.4333860197962,26.3745946178088
11.6409758030051,13.6588716800183,28.1355338724179
12.0856735723837,12.9284082514978,33.6584792503103
11.4129321199965,7.29715830304366,34.3069243930079
8.7748429414375,3.94817922278401,33.1316137186175
7.15341290310086,3.78749439659321,30.7726626126321
7.35084596493714,3.89762577930824,27.2820277721985
6.04256769505622,4.52821194752832,25.3716434188743
5.5132231486049,4.91323023544043,23.3412674302909
6.5227984884858,7.77944531417193,22.6347078506196
5.48592104445068,8.91752734442583,21.5015768185508
8.47925478203447,10.4169436517916,21.1023919020749
11.3290489983491,13.0990548185305,24.1785201179301
12.9578925587915,13.9153731876808,28.1794582156335
13.1284673103992,12.4507620562412,34.7067123004064
10.5297414086484,10.7037227161088,36.6035868500063
10.2263992152551,4.5452678252046,33.7869155595933
7.1222513197088,4.41857504058742,33.320488753864
5.46478949008518,2.63194626503738,29.7462873594627
5.51562375856143,2.6376271320079,26.9191166822127
6.48113491373875,4.33851973314862,24.4912838092323
5.06626617214616,5.13206025603204,22.3305282806056
5.35768008129337,6.53786033110831,20.6221744692252
6.46379410471111,8.08634341246638,19.3775902381701
7.12751518136874,10.9298564754441,23.0427481230674
11.1495037107077,13.7177951538273,24.8643947337733
11.3267245438332,14.7663478979018,26.6255824930189
12.212705905115,13.6438898653587,32.913503165522
13.4508713930567,9.35107753072123,36.37241234466
11.136677521913,5.61646629349347,35.7833829084565
5.88749778273686,3.13769024918589,32.1457007702935
6.64053481441969,2.60043044504617,29.528052103869
4.79138450372567,3.33827716034914,25.4188479709329
4.57098694364046,0.782794481837067,22.8289690707195
3.50053946538001,3.83047364745312,21.8653688729331
3.61539861830033,7.60009224145734,19.6596454730553
5.31081655075558,7.54545421479283,19.5221102327933
6.94774564134325,11.1333573891733,20.462203226492
8.38177358445484,16.4637689471059,25.3200352121292
13.1693876152531,15.037744867156,27.5428012571256
11.9772829015714,15.3608261448569,32.9298921986792
12.9921997341886,9.71547559452549,38.574700067939
8.83000034670436,5.63152692774516,34.8992077612181
7.1212797306618,2.43634686497947,35.1242924044847
5.61135313570238,0.0871422155549764,30.8636387435162
4.59092619442647,2.45185264202864,25.2967155068424
2.3582061645594,1.92280758162408,22.6557940004975
3.06074555861205,2.76730671554805,20.7590937241917
3.05068466212331,5.61743448750913,17.7742045041871
4.56796854379479,6.42577791007304,18.3377149693481
4.9390151600637,10.7383812471978,16.1656239318852
6.09419064104065,12.5496044698132,18.6158119892138
11.1619838363463,18.6315565655717,22.8492259999744
14.6591959974547,16.9929389570059,29.0912236946765
14.5616193181287,13.315149190159,36.9594656804875
13.7468821698734,8.6601981749397,38.2151053225511
11.9090542363392,2.19204110676019,36.0936151201965
5.9321814702764,-0.282584014890385,32.9824917657417
4.94284007088297,0.649554735108889,28.5602974790132
3.01544568073082,1.43582450510638,24.7960086331
2.5896545590065,0.745667082890173,21.4590846000843
1.82018070820094,1.80267906393774,17.8197090085389
2.1013154706966,2.27931443022432,15.0845306657804
1.77097257908988,5.96929804427416,14.8550473616739
5.0370036463849,5.89327593843805,15.8833155138022
5.51100979936059,7.35083517625962,12.4897088244031
9.31357550810604,13.5777151319721,15.2152158597104
11.1496474455837,15.903088208297,21.9849386702189
15.7292689885545,22.2559343464827,28.5320796269055
16.2272991297006,17.0266230956296,38.6609804809936
14.7422727490112,5.75192068624858,42.4315168855876
7.75545907728399,-0.539937685617935,37.1563172935574
6.09304490578858,-3.51128428384941,32.2460955402796
1.0137952793034,-2.42622113421996,27.1823752638791
0.525037288792795,-0.314374317063907,24.2997733347847
-1.74541961479361,-1.11293130263446,21.7363994380202
1.30438377113425,-3.68019877284323,18.1495217649196
-1.46036305041308,-1.88435195342632,18.5693332080799
-1.83135956363379,-3.28270630388629,15.33361888432
-2.48846214254681,-6.51702089494766,15.7457567944005
-4.99436738611015,-9.32515808413155,14.3728055970815
-8.98004585775835,-13.2079196652463,13.9435699422997
-11.255098602043,-16.8172307816942,18.1376260520468
-13.306349400229,-19.8929475568521,27.7450445685672
-17.2521883756779,-14.9821823959181,39.4578162350183
-13.6763564470623,-7.98875443258123,41.3805308714008
-9.83481374842538,-0.364703004644521,37.295857273397
-5.16714629904128,2.44241802862454,35.5696679674758
-4.47440406502952,2.51090880954491,29.288548232488
-0.239324801607005,1.17603478668659,27.4550444951284
1.02208635183693,2.71060939655651,22.1582212682925
1.92321545691307,1.32910268071276,17.7482923940702
2.83782112278111,4.17311878448831,17.6104662768498
1.30955235325781,4.49209732411196,15.350990860651
4.45957725958671,6.63643495921031,13.9537580364136
4.98004856232212,10.2168350344184,15.2196248176421
10.9934383298041,15.5304262696587,15.3808213414676
11.9936899025961,19.0036361079917,21.590009635512
13.900147947712,18.5706661403497,33.1464151383607
15.97041216264,14.1402971081686,39.8037634405509
13.1417807899606,7.26616228613998,40.5050583450006
7.50383762144683,1.25297208080544,37.1500825470284
4.67663390577231,-0.825229095682835,32.6659662355399
0.0972903550506232,-1.52067048927503,25.9652709136423
1.97646499792128,-1.92042292179653,23.775847186078
0.00202469780172854,-1.32176321967254,22.4659855107967
-1.73448732265682,-1.1954843876523,19.5654092960138
-1.10445073145812,-3.23660372465984,15.5205381419205
-1.18632699969051,-3.67536634814616,15.4287931423354
-2.58829418430928,-3.50446810314686,12.8780519679628
-4.23819325039103,-6.51577789176358,13.4543230098511
-5.39151123830035,-12.421158415872,12.05334291374
-11.024074530209,-15.0330667661786,14.3188893547072
-13.0508845105374,-20.4711104252224,23.9586289944266
-15.9522604176295,-17.6339865909079,36.0859810794184
-15.1193192390875,-9.66175721947504,43.8775381388144
-13.3416821448785,-0.581411429701745,40.683173467145
-7.1339365613229,3.68742672303653,36.0917061946026
-2.59082127652195,3.96557227726703,30.7635166693049
-0.548745661890246,2.60435167453642,25.6606048570225
1.23652017651107,1.77385300010481,24.9787295626683
0.724223200459552,3.11062460607847,19.7362376774555
3.0457961163563,4.34737748357062,17.0554850338371
5.67845754580801,4.50031374870703,14.9396886055722
4.09428806206829,8.54252882026605,16.0511561151665
5.21440817635195,11.747269631416,16.5501760668671
9.19452547402797,16.9733105881218,21.8479728704441
11.9697201075461,18.916858034596,25.8691908870949
16.8740407407659,16.721121962539,35.3111772593303
13.3900327805724,9.54995629475385,39.9906609072036
11.4389133530532,4.2055221797331,38.374479069692
7.66372918905808,1.37122911792445,33.7213434483976
4.11103527554482,-0.785066881029526,31.548713850554
1.55184799014702,-1.47650350544047,27.8011276160425
0.286362963296296,0.188032331963354,23.4365645256579
-0.223583740723461,-2.19082314098284,20.3461500754734
-0.999555548615499,0.768596544308977,16.598725415948
0.515258037349081,-1.46514113906259,15.1842032473431
1.88182436785437,0.590921475258745,13.3599187154226
1.76220178021691,2.34299269517243,10.4556696264075
1.03930644981,3.45559169711993,9.45226426855543
3.72877043814314,7.49325520099481,9.88493795846596
4.86830747678541,7.45049347146785,9.87803198591107
7.0478009261175,15.8102444628903,11.8656137387312
11.5209287850224,19.6327915048532,20.5369690029768
16.095050879162,23.1239354034362,31.5283915190254
17.5026525978193,14.6895372943213,43.054924503117
13.8216267263641,2.59927379804229,43.8446071960319
8.59356040981451,-3.71844840517726,37.1183631555931
0.55317127111651,-3.9263728055192,30.7522413685629
-1.29675749468169,-5.90627694301921,27.6586945169931
-2.52960854667287,-4.44353304089351,24.5959302314273
-3.64794839329937,-5.55287349151074,22.7704902815797
-4.72266773884285,-7.06805669510819,20.7223928751554
-3.27312426065672,-8.2961452212097,19.0279845543355
-7.43877144475519,-12.2149357271746,20.1073627963351
-8.56744592677251,-12.6500503060226,21.6277492714342
-13.5702699040036,-16.1073896309237,26.541761250717
-15.8547148953086,-14.5064356449548,34.0805299104041
-13.5211250006843,-10.5349848797136,37.5893377844739
-10.5736891108999,-5.38768105855738,37.4736225649745
-8.45584243819542,-0.813865198110089,33.2602839665337
-5.93417740252243,-3.19846930420442,32.2398889184508
-5.46383778175077,-2.38550181167303,25.6702797314685
-2.24716935423548,-2.09723097186303,23.7715957097701
-2.73180752803018,-3.50136649326251,20.0552724215499
-3.04108490278331,-3.73566039247017,20.1816555076904
-4.71513733347445,-6.87502394800761,18.1983798541181
-5.56777520029887,-8.68449929391872,17.0516114596108
-6.57720039851956,-13.1271205935412,20.490553406257
-9.44597785634969,-16.0726989185511,22.9190862113367
-13.6080176066178,-17.2997663020054,28.9517868917208
-13.7401207264192,-14.3369925877019,36.8137244851303
-12.2765337895978,-8.76118191398027,38.1438533877874
-9.45045988839757,-2.26549645609297,36.7752125462297
-7.56566770962691,-1.82010374159648,32.3686163125213
-4.60380819327949,-0.382513779111241,27.9762495429408
-3.84591688486037,-1.12712512508456,25.1670394065452
-2.79867595526791,-1.43778862777054,21.3996255458238
-0.754699727940822,-1.73279370278629,19.4679708576485
-0.00872750268205014,-1.83580745515081,18.8426304000107
-2.94013961266736,-7.44717636159701,15.4079773316147
-5.16089055192138,-6.12091403332527,15.0294198556581
-6.88815182183445,-10.0686720775511,14.5024406403592
-8.73198220632673,-15.670800017996,17.3126819035582
-11.765991426423,-20.7904230043594,22.8179145413984
-15.7578943959814,-18.994362998374,32.4076348320395
-16.3757620058779,-14.0255109154104,39.2646123076378
-12.721324957107,-4.47519862021841,40.2871380848698
-9.63145627469374,-0.486431516815015,36.1834605224127
-2.91276076694249,3.08564839432656,31.4327793059229
-1.76288495389827,0.56204363022651,27.9739103030812
-0.351321542855116,1.92604465300634,24.5815323827113
0.339509369223204,2.62579695281982,20.9072828145028
-0.808165730095083,2.95729609051316,18.8654834675878
2.16800592831299,2.38884034077885,17.8969167867383
0.0356682796490209,2.36507795089818,14.9093180409228
3.43047188160189,3.88264195932884,12.6618361443355
3.49489992069267,6.19581252800847,11.5762496735245
5.14520805730023,8.86710128078185,12.6462801609433
9.32058245085277,14.7798884864666,13.4139690527303
10.789726993603,17.8858013980558,17.8640843619995
15.2811713668844,21.7846500503313,31.0627392952257
15.8050379386185,17.0456843784277,40.2947568920633
12.9847970423369,5.53021778869722,43.6577677043221
9.2631361395098,-0.753126492426093,39.2238099980006
4.75462519548016,-4.32156768733987,34.1995136460117
1.54090100752854,-4.17801035047988,29.7382403344012
-0.456036626582564,-3.3583421791557,26.550023447862
-2.55041773198022,-2.30782447597023,21.9503588919206
-2.52383044670913,-4.09761740702649,21.1950866240792
-2.47123882478182,-5.6359292710991,18.9706793371953
-4.34036948898289,-9.60412350182815,16.679064967791
-8.02772918404567,-12.8246532718326,19.1319616729157
-9.52122352446938,-15.0352048537193,21.990653270907
-14.715381431778,-16.8851575729829,27.425411880041
-13.3207979530988,-15.8032548541435,35.261235311023
-15.5039086622259,-11.131911618008,39.3800426497288
-11.287568157661,-3.2823852936258,37.8428164960188
-8.81082359752849,-0.715075384919659,33.232341522906
-4.46769945926055,-0.161163773648332,29.9333436179418
-3.9465805807481,-0.570708442458209,26.4228104388401
-2.69344643901433,-2.37653501029072,23.9424312270813
-2.23766230678794,-1.52380361558418,19.6742167070339
-2.14841227695217,-3.53531730469534,17.3161589621971
-0.527780817254909,-2.19570826679767,15.5941028008324
-3.87214621839309,-6.43769318834406,13.423028847691
-4.38224644641631,-8.60904810195415,13.9679413794583
-7.25181460228504,-13.8919728576208,16.3872433206782
-11.330861463354,-17.5579270651683,19.3394144736581
-12.2480926692208,-19.8834048404639,27.8413511833972
-15.6241839179717,-15.7325608895313,37.7868099812293
-14.8002383109387,-8.08248854079673,42.3093545424865
-8.94131478813111,0.0152463812667981,38.9195649393104
-5.27572253476,1.43909416588762,35.6231231153063
-2.9645559399498,2.03105115743759,28.8165533054167
-2.93072007196937,2.06062612504519,26.5710167846588
1.48292425175475,0.9908981571104,20.3246946174502
0.276988302191696,2.66805409024913,18.9160992624287
-0.028901787760963,2.98387761010535,17.3316621962593
2.00322131634163,2.05441103109049,15.2051996057407
1.03930695326797,3.53345177035435,12.8395580232521
3.03496919613282,6.87653463967797,13.0328280272303
5.95809644013266,9.15789349861753,10.9432635082632
6.48619402496718,12.7458246813303,14.9097613745131
11.490301260287,20.0180816991376,20.8294105285692
16.5512236065701,19.9168867952459,29.6390469693917
16.3434473632053,15.3404278005753,40.8269277662391
13.6697639206564,5.20630851524176,44.0512537852453
9.99477222821114,-1.19697829549176,38.6793517768283
2.00542924478055,-4.14627723149603,32.5259100377338
0.430845268569423,-2.05246818608561,26.8302590057188
0.278235564635284,-4.99759324749081,25.574156776253
1.3724836123646,-2.29789558049468,23.3064169487862
-2.86771803362641,-3.97211218235157,18.836321143721
-4.53642236757185,-5.8051879119224,16.0378053047036
-4.58612914984662,-6.66140260010442,15.2619203039851
-6.37676274809886,-10.502968339788,15.5125947171777
-8.3909408845806,-14.5653039047035,20.3589555546066
-12.2045273488454,-18.576424669323,25.6002895162727
-14.7853244735741,-17.3754247169461,34.0111004907097
-13.8196392907216,-11.9847436175287,38.3035608441703
-11.3544803817545,-3.88693747680531,40.0172110850681
-7.77697609108855,-1.05296093862006,37.1406487108636
-5.5522689800644,1.37640643562929,32.5647989275618
-2.14401248709654,0.231812356233691,28.0224206406654
-1.47815644447524,0.733760481973459,22.1567393604
-2.73040706690204,-2.49097311490282,20.8657692359722
-1.57314892011615,-1.5654437713173,18.694848271973
-1.74942106314454,-1.2509662909871,15.2350132840177
-1.70109365625004,-1.74675788473764,13.0402913089269
-1.85704558512078,-1.55351066955762,13.9967598955598
-2.22802594186796,-4.97318432043315,11.9207008607948
-3.25248531236887,-7.5055792162244,8.56223241781683
-8.51639318747792,-10.9231672583758,13.7757802861238
-9.73880207257159,-19.4939098566118,16.6838540242342
-14.4021423317858,-21.6433367108251,26.4519476766431
-17.7180103986078,-18.2706793895791,39.7600526017357
-13.5572043317547,-5.94411640209815,43.9649267348881
-12.1726525327442,1.22501452804145,39.3081426351606
-5.88292667847659,1.98246905723682,35.4249127002744
-0.580352380832296,4.89659515990074,30.2558522570032
1.21217060759366,4.53520567536715,26.4875951225018
0.856160842088814,3.6904967808387,21.9330805201634
3.29155834228179,4.2675306836923,20.8185875744817
3.52458585348495,5.6810592090072,19.825655334504
4.57618118073531,8.27756243782844,15.553932058359
6.79263144790634,11.9927972250281,17.5805300263501
7.94810281686032,15.2931750468167,20.1587292525277
9.90708628629318,16.6924586513288,29.2042648855789
14.324692591795,16.8720569680334,34.1869534435953
13.8840493111149,9.37395543567835,38.3186955518051
11.5324331207179,4.12809185693845,39.1315806591742
7.72603150678289,1.18485947751746,36.3451166406615
5.9429688696922,0.420623835597318,28.9763483944332
3.45988144229683,1.14719510638294,28.2375543428604
3.4472585903653,1.29958847710193,21.4920877032774
-0.120395598475431,1.96439147298905,20.9483391932452
3.29774302185205,2.37422657599283,19.004222753781
3.05809717861943,5.39724470081092,17.0026909150841
4.73404997043009,6.95603667489972,15.3512505909985
6.93763050166163,11.1961010624031,15.3064991638479
8.06260773113164,11.4343828802262,17.6312349217461
12.4999972849286,18.0321049816257,21.8996894240377
16.0658647744094,18.3109263880146,32.5126082342303
15.0892470278683,13.1555519388177,40.9905789937468
12.5126507919774,5.26811582457882,39.6667538036338
8.69712007750111,1.34913286846347,36.9188212650441
4.70986034244938,0.858794757091883,32.2768455557586
2.97320726056015,-0.534369223054612,27.3273469895904
0.404006569678054,-1.15791433139953,23.6786867631314
-0.379637414084717,-1.55571168008306,21.0109877917269
0.289534448657127,-1.79065852899952,18.8427522671067
1.09067268386592,-0.0951064598334795,15.8453437553368
-1.51837738773929,-0.240033301587194,13.0065944327892
-0.180336111051478,-1.81093483698782,13.5040797527374
-1.43307141502008,-3.03663037603137,11.5695782987574
-0.8414410069289,-2.48673726988308,9.03693599953734
-3.57797410348248,-8.05106345167086,9.23364997200366
-6.24516702795867,-9.70792795966979,9.09360993798909
-8.01351785365792,-15.4636210757725,11.6157337067313
-11.7863161769305,-22.7162740362068,19.2734854157272
-15.3861277499464,-20.7382928440954,32.9456658827091
-17.8119513535564,-15.3315050343821,43.2351574537961
-13.2638888887997,-0.459203124416799,43.8786155730262
-9.09259660649527,4.0461979505896,39.1451191095645
-2.69338728924278,3.93821047960951,30.9362783397708
1.63525199226675,5.07553996217686,27.349087858767
1.9530653548439,4.43002718324738,25.1235544275241
3.12729899323664,5.61213489806051,23.0181765844984
4.25443474573573,6.78258069183376,21.274949169842
4.77305635820548,8.72854686002211,20.0370809189742
6.90945375091758,13.1068556116609,20.4200710549976
8.67252311888483,13.0516802934232,21.8452262869429
12.0272295826948,15.585149848946,26.9000431021567
13.7590102903949,13.4163054768607,34.0925105302712
11.5360434195215,9.60109102549158,35.953780795355
10.0879078199028,4.18062420598989,36.4191238264742
6.57840053375415,2.60924006835927,32.6838030851076
4.79093313606081,1.60669224743564,28.5885209712986
2.92982673906253,2.58794410523902,25.5960464761112
1.74205897270164,4.22855766522313,23.7958194772221
4.29909548312189,3.49732171804822,19.8842391745276
6.04192118163865,5.59173075120952,18.0596325462234
5.4958296162585,5.61788231248853,18.9293875615259
5.29101451881046,9.81621466446993,18.6969346918757
10.1068187830548,13.8750255887889,21.9858361756263
11.314525346276,18.152887381416,26.937739195957
13.0743470489194,14.5901644618523,33.8028585777643
14.1954522433181,10.3321743717772,38.3451861351848
9.52964462745748,3.86425454365499,36.2148851088646
6.49575377766473,-0.236086884511777,33.1430275021633
4.82949723582708,1.98519077796578,31.1249090944462
3.74278490884064,0.976609986728649,27.0629173258545
3.21137967253774,0.863505346700933,22.5666714426592
2.46411015971403,2.13514801165303,19.7977801350878
3.32030239787432,2.90736489314414,18.9313140554399
3.52718110841012,5.0639742473362,16.8790879901658
5.38822809146904,7.90878201892919,16.932088537752
7.43013314920234,12.6924758775336,17.2587942756921
10.5195187915239,13.9256137272204,21.1890257154856
11.7566879491184,19.3531893422347,26.2736220725115
14.0905985485886,15.695671989685,35.6631589666519
15.7056299692007,10.9907527056898,39.089612114075
12.7168431921253,4.51952609512941,37.0069545358091
7.53430406764299,-1.52944539851497,34.2500849219813
4.4582754943021,-0.865619476646397,30.4049907089886
1.64297862162157,0.25712722733164,26.9519731198301
1.65285887742007,-0.840488048044872,23.3278687131576
2.34451535716849,0.536852306331733,21.061617865087
2.08609011345606,1.19936042892491,18.2911439786406
1.704999057493,3.70633370148033,14.8641889834215
1.44610719848624,2.72464889271879,16.9533799649476
3.25363833052311,3.9928440248813,12.9936288249865
3.88386762257709,6.65106707413119,10.6016846148652
4.97186074388657,9.45561300327275,11.4133958851042
8.28893559525712,13.1837529734031,14.8654225802244
13.0779161168109,20.3343143917094,20.3198728978739
16.4180160361541,21.4084980677287,32.4255584006494
15.3532877475,13.0726152232456,42.2927013190849
12.8147214338148,4.31505351587903,41.3829715176027
7.06319779032141,-2.83629403465884,35.9136705356782
3.18729679790803,-3.33664799735061,30.8754402969848
-0.626422089353758,-2.06497312774245,25.9052129402267
-2.74094468162167,-4.5192061278284,25.7690373465317
-1.8849103774149,-4.00871466934424,22.1520001146134
-2.81272502080911,-5.64061065724173,18.537485905842
-5.16563223237928,-6.27980629447313,18.9092733316124
-4.5395575206625,-10.7965001429441,16.203604396922
-7.40175000797037,-11.6854241903159,20.0147939129161
-8.85741908543995,-16.4913262343992,22.0248507194136
-13.2279788092795,-17.4843834853528,29.8136270170599
-15.2961808724757,-15.5572727181226,37.6707095458848
-12.3573119670698,-8.941873808574,40.1304447423191
-9.27492015099747,-4.92049890501416,35.467331061522
-5.75713887265949,-1.00233572269248,31.7021256392576
-4.97732890576273,1.21876025612651,30.0601732983895
-2.1574985714125,-0.034738480462986,24.4666112107987
-2.95636469373693,-2.33184940456721,22.4899382261601
-1.33124896128641,-1.21874500454482,20.9252069430504
-1.34452309052889,-3.69688237186523,17.3979933985766
-3.92430899503385,-4.26288987779669,15.7884137280143
-3.00282797825961,-6.83758272075283,13.5172577877903
-4.06930974050561,-10.3563745530882,15.1470789353953
-7.02023994271958,-13.8776009950469,14.1858820998226
-11.6064603504198,-17.3717246406967,20.2888362729596
-15.0146907036269,-20.654827572447,27.4529757657562
-15.4362949557687,-16.7231279291744,38.091652226245
-15.942922829071,-8.14154941737969,41.7767349834598
-11.6384775724291,-0.961786425896514,38.6327782320712
-3.6568925106537,2.46039236837672,33.4363069858807
-3.23750440454382,3.97947445999092,28.6648711164648
-1.09148654436206,2.09072429308523,25.1055452852464
1.69212545575406,0.728022869744594,22.0847461381937
2.16839815100668,2.85929537840675,20.24510163807
1.71639067528518,2.96322903438369,14.8915367860449
1.59809193525723,5.47483951234045,15.2680519879609
3.32716520002668,4.24288400606745,12.8125094550521
7.81429474465548,7.79522051082388,12.9110009496649
8.17642687433001,12.8038866088652,14.6021439915158
9.55739638981396,17.0644769076511,18.5372845456408
13.8103785418294,20.4814601784626,25.8092440048524
13.8790821922685,15.7697808539256,36.7485594297708
14.2427945838357,7.40278779412238,41.5520747248031
9.6642178125409,0.0255319227126304,38.7537311160515
5.45058813246306,-2.30738313767581,33.3100363141794
4.15931866481029,-2.36681685734058,29.4657597574992
0.0520054667941062,-3.19812262754504,25.3321060067586
-0.228170432648518,-2.45666290867616,21.8947917970506
-1.937285020049,-1.73193944885388,19.8083569934639
-1.941722135402,-0.598198437003838,18.792141940811
-3.80741513820605,-3.39178414788788,16.3843775239843
-4.15523633692453,-4.69729457446067,17.1021490944851
-5.23331558408319,-9.94827056252642,15.9382448580286
-9.28221546118005,-14.3350264947881,15.4802512648565
-12.4444274365339,-18.3634305401988,20.3107873955573
-17.1201839908219,-19.6801924908215,30.2997273933675
-15.5438885976199,-14.220688252592,39.4423271445302
-13.3329491375086,-5.74009881338148,41.082228156988
-7.46435175232757,-0.0831569496435865,37.2632243674783
-4.09911064491333,2.4003166122294,32.9484277406309
-2.62918558553005,1.51084128697056,27.1929615897729
0.355269682517611,0.895290599757624,23.9475866643906
0.187082338595736,3.17643383262732,21.6912273806406
-1.47724455178352,2.70874220202474,19.8311820131005
0.770996717638069,3.25565857704021,16.7715784224802
1.9329662000734,3.16134704358817,13.8918337055458
3.18520197523923,4.72169241664973,10.7743263154241
3.43995161652898,6.69780921908936,12.133830049432
6.24351368128224,11.4477405625139,14.7111090092493
9.68982124538535,15.0843417707954,16.7777680805053
11.90059154782,19.8951984913603,22.7078286695636
16.4052782195351,18.4441769602373,34.3989090338807
14.221259968406,11.5531637378245,41.5292816300062
9.85745448294422,0.886158281879866,41.4856227255243
6.1470877602934,-2.35401260536314,37.1403616065515
2.69028641206367,-5.98650061676763,30.2198379197985
-0.00606797584619478,-3.01276798961466,26.3193345075575
0.0847928038746628,-4.09537686831284,24.4506287871139
-0.2275751038537,-2.39518577007023,20.0989350626496
-2.73803460389491,-3.51315494061023,17.4285934650132
-3.43299713452106,-3.21116197146844,18.3644718857697
-6.1862718142297,-9.255833459756,14.1942786511991
-5.72159985765247,-12.0749954433016,14.3239867290166
-8.77917224991687,-13.8093705357254,18.465054362669
-10.3351173043403,-18.092475138318,24.1206851857955
-14.5860420884446,-17.4385167913493,36.2565495670017
-14.6101877806213,-11.2513026583709,38.4628076717347
-12.4616648702791,-1.90780867860435,39.1169684914247
-7.67284119987128,-1.63334679334934,36.2312731516608
-5.6960536790598,0.189940755529525,29.3925106193991
-1.46038220702754,0.470100020003806,24.4529730105631
-0.760735908019613,-0.139281181203796,22.4233023718481
0.12721431893484,0.536816895565351,20.3669942027413
-0.84213919255579,-0.487107830950913,18.636045888936
-0.903536874474565,-0.993369987806693,15.2845528585785
-1.76898036894472,1.22712499016487,13.8392914512009
-0.32267522828148,-1.99133801363131,11.4439976675701
1.87397008934688,-2.30947366974684,12.0180060020351
-2.80702888328794,-4.01584999358177,10.0189503220978
-2.74766611060114,-4.05154643918222,8.34076745488811
-3.66612717720156,-7.74531875365628,8.46643652766839
-7.5807144202506,-13.8721582686009,8.93464186914813
-11.2425833418332,-20.5852521200365,18.1957026385569
-18.1411816122261,-23.1898665420906,30.8136384520581
-19.482062208152,-15.4080669277716,41.950035754952
-14.3729221501512,-3.97264878455151,47.5286944110415
-7.15297376341246,3.13613301052685,38.9158616753974
-0.817970902421124,4.60023849333565,34.6123923891949
0.572390983317637,4.52532974174579,26.9053991446544
2.4318902951418,3.73713917574828,25.1803353717626
2.96037896936424,3.31500636966056,22.4194479843758
5.19870216681874,6.71225866615888,20.1290706670254
6.16153761458131,9.57417505988827,21.9954752670836
6.55172746067018,11.4899481582345,23.2012996437654
9.58939784004854,13.9920241090999,22.9664390046671
11.1083062945482,14.388417220718,29.0472111232655
13.6189862976894,13.8176830246741,34.2699832672221
12.497249483469,8.49233801420403,34.8781939565916
10.4374506652593,5.93630706538498,33.2468704458374
6.32007282366055,3.3716405699886,33.4453819203126
5.38474957729588,2.68802851270962,29.7853598935726
5.10810233979348,5.82823715494673,25.8352067257196
3.44688874435708,2.61604934613745,24.5937406464917
3.60861934779425,6.11437966450115,21.8492083005654
6.62762494483897,6.59409223695554,20.4152391656575
5.81196302655503,9.87636786390762,18.7347784827135
6.43240532197112,11.0421060546546,19.9567992335848
10.6864561331625,13.8429295464255,22.7625132038311
12.2927929250151,17.9612089732431,26.2608105276286
15.3763638610433,14.3138609643759,35.0775836235641
13.3115966302747,9.6500342935966,36.2901109698966
10.3827660072768,3.72466856574252,35.2278697166465
7.98938940824423,2.79614526945847,31.6687703493495
4.55627363670805,1.27153155242041,28.5891308628119
4.79592862836267,2.37287814252703,26.6069322626411
3.66770033049027,5.26403314779258,25.2932506556738
5.47164401745618,4.23184584148769,20.6203104181364
5.8114199560307,7.24101821547986,19.7892316644513
1.67152320190517,7.39532817950795,18.4018663838073
7.94126496949586,9.21237016695497,18.6431912283735
8.3296760623837,14.256489599383,20.5928786915928
10.6689816256582,16.7864189852788,23.1888023729132
13.7767592297894,18.062905174878,32.5294815586585
13.4489315081102,11.5999904000189,35.8367170639507
11.2523116244693,8.16081697998516,38.8405488054869
9.14941001174282,0.54933255965026,36.2471084798517
5.56147596554561,-0.129125042439943,30.057458771968
3.92269393492693,-0.145484839365385,26.9386825935591
1.01532123223775,2.3478494204676,25.0801873936498
2.24803154092423,0.646572040454495,23.098891335563
3.54616281657562,1.938282427213,18.1815519837868
3.86798781315634,2.25315439720666,16.908473069415
2.2675833527063,5.24321752073064,14.8388519501091
4.35709996375656,7.50300752194235,14.5186352244162
8.65615334980012,12.7140075638891,15.4411848746292
9.57976783645637,16.4570796558188,17.3039184459876
12.3836041514422,18.3778960540155,25.2583856577325
14.243658314634,19.0913004719775,35.8005704749811
16.3181621067953,10.188548091617,41.0836777362738
10.0341974899535,2.04205233811523,39.8372267274664
6.42439336378544,-0.396870552988328,34.7547592835115
1.6852565638427,-0.596157603591136,30.8689314863502
0.669315650080171,-1.76634781717468,24.9122405963499
0.750566827373779,0.155606217771729,21.8178548983069
-3.31082844750666,-0.473453302364479,19.6469939023299
0.6705130574999,-1.09817035467681,17.60823702067
0.199554725164513,-0.296391772650045,15.2525813345125
-0.569634070781601,-3.98057894976721,12.7671072896079
-2.54191330218434,-2.53518538387999,12.4333543837057
-3.9779567084865,-4.14174377255193,11.3480556844589
-5.30026430533965,-8.74647129311303,9.32650662692041
-6.09232798803864,-12.398093160603,12.867208711475
-9.53424985875177,-18.4713081553899,16.3915195980095
-16.614745757533,-21.1716092435252,24.0389153412505
-16.0606195293833,-17.8988892208824,38.2955401176889
-16.0838040019861,-7.17935208620746,44.0213741576741
-10.6507340370231,2.33428658118269,42.3051943485687
-6.70752568539843,3.15723767348729,34.0583689829896
-0.925295649101714,2.61995579373911,30.4097937822403
1.0675878291923,4.32189728554626,27.5657601253525
2.33795697017516,4.23505006241561,22.0449394579938
2.81736685091416,3.88584605011488,19.7100668755829
5.20896840457288,6.46526370606369,18.3979326057553
6.19497417341637,9.24576163014413,19.9827524973345
7.73189691460174,12.5319026064357,18.9717063024505
10.666295381332,14.7519275721084,21.8744583644778
11.8252522210362,16.1524488063708,29.0890940863903
13.7680880714996,16.5891387927059,36.9354275380066
13.4196069929937,9.18036021901985,38.261115284359
9.48193802240734,2.26797599465999,34.5878376809543
7.15799737240717,1.83275797266396,33.500480377254
1.62908530022779,0.807363919854867,30.501951857349
6.08592906214325,0.363919032811245,25.4712087909516
3.15086966000645,2.83925924368615,23.9916575121022
3.88592283567749,1.69296693627953,20.5013467203625
3.15506948194619,4.14594913058321,16.9703894650605
2.23845481195744,5.57445818853407,16.1050677261642
4.61948434359911,10.8939042178146,16.2259799464861
6.76999423914299,13.7612765692946,19.221859635535
11.3452759766636,16.7961767838283,21.7074320273716
14.6386216816645,18.3424336566396,28.2457402988623
14.1431176476509,16.1316144350666,35.8769755363264
13.7532333138822,8.44356278614424,38.4403051994744
7.81569722465123,1.33361512130307,39.1470401283645
7.22711166587107,1.28722870207718,34.6290115245027
3.97488270450926,0.126380091925797,30.1261961894926
2.13727047989296,-1.52618744790408,24.5162211339949
-0.00931433561271766,0.217066324998827,23.3273902392949
3.06662569822751,0.545138114561558,20.0874564115632
-0.0331784399774095,0.162601047395888,16.9976196053476
1.49049927488884,0.940225039410749,14.0138319619838
1.69204392695395,2.31487741394532,14.4965758401428
1.93626936287541,4.22088725912579,10.9795972251552
2.12480615239531,5.73994719014202,10.1560947294896
3.11838994123796,9.91932976834016,9.95253908971589
7.90213213536167,11.9154460913264,11.7205588332357
10.7521878338298,19.6432999458238,18.5817917874012
15.680800635969,22.5442567223864,31.3867051124919
16.8751577447107,15.7041127424081,42.2901022802886
14.7819542176476,4.45751185716971,42.6272039816921
7.83041046249104,-3.33285132171181,39.1145963481072
2.85508845773301,-2.97951584930492,33.6281806225713
-0.558835396072475,-4.01895696250689,28.374182123879
0.703715888820722,-2.84133405992175,24.8355390137959
-0.357259855752709,-2.37985503225513,23.8638077345852
-2.6717918663834,-5.99568429543682,19.605808072781
-4.4935829360804,-8.06849415646498,18.235455352458
-5.95285622456257,-10.5359342703391,17.4800949999808
-9.35427411945829,-13.0210268155146,19.3632457162179
-9.71285156274332,-16.6420154734793,24.9663502210119
-13.7982134146353,-16.7534354290431,28.902690672127
-13.6921259519735,-14.7397091923041,35.4199474469174
-12.031649622815,-5.80580112798561,39.3962737452244
-9.53789498862452,-3.89181481264734,34.4752827560439
-6.37323417689389,-3.84052425082848,33.4227165493491
-4.73893654256774,-0.303104022351845,27.0637359688717
-4.23565797568319,-1.51786970801263,24.5831315625694
-3.01942576143734,-2.47714842717373,21.9726050154501
-2.24334742081258,-1.67853709382157,20.1885168301711
-2.69335054037602,-3.11030985813474,18.0805944528841
-4.31146119006474,-7.04604577659331,15.5714168626223
-5.32924998779046,-9.40362663664394,15.7170862400088
-8.1576476623234,-11.1021561003915,17.3776333549782
-10.3254969298899,-16.3738064664938,20.9400522134083
-12.8728183798832,-18.5682246360772,29.5625212597391
-13.0171066210952,-17.7187225494732,35.8642869425286
-13.873093089461,-6.73076471399619,41.5191716077578
-9.26940151477498,-2.68076669922671,37.8228159444106
-7.15091001283474,-0.467001137681053,32.8674751838877
-3.60083715874899,-0.0402658098162022,29.6665119704653
-2.91946886000616,0.486130162495852,25.6680319921408
-2.28058125830973,-0.262609461882964,22.143773978372
3.05392704571692,0.462446622773424,19.4238287447519
-0.170271847644882,-2.39676291880604,17.4831570932212
1.39512892204599,0.261902932927951,13.7303811268646
-0.0381759440436185,-2.6333594225682,13.1634187955425
-0.643983594115985,-2.07617740169941,11.8835164506994
-3.25428729495729,-0.831715167826411,10.750301083027
-1.09294406448261,-2.24290883046729,8.99365501119096
-2.05280445885976,-6.84379431181264,7.31609143082836
-5.30340912108082,-8.74564446699743,8.83124654123009
-4.57372872350042,-11.6675478788221,9.46079595304494
-10.3125974192405,-21.6886102699406,16.6282469609625
-15.8726242790996,-23.7093975502938,28.0235242774421
-17.3717097866632,-15.5809701703393,42.1692087045714
-13.8368474649022,-3.72763582259089,47.1078269763798
-8.80742653378758,3.33412348859985,38.9681997944133
-1.72203166670301,5.30273671621777,33.4348460684198
0.274376288716168,5.01887163115712,28.5790623725634
3.9537926407116,5.1633046736956,25.0123617629401
3.44368239415738,4.87213023626704,21.773769376759
5.77079240789308,6.83210766229833,20.4884582768403
4.54213776974977,8.58472841587247,21.4389793070845
8.69011746147109,11.8835625558375,23.3970902193245
10.7758535927003,14.1030209789284,25.8632829737747
11.3877469141928,13.267898593946,27.8931318306015
13.6979800800151,15.683121662552,32.2626726432692
10.5591567143506,9.97674917344413,34.6105886733958
11.3464737554291,3.19752378552136,34.1767226298367
6.85962308366012,4.05793256068245,32.2676330389691
5.94273754886155,4.54257161646908,29.8124648491669
4.65952020333702,3.8971797224702,26.317326768749
3.54928004312055,3.47361012825462,24.5963784882202
6.00980200996413,5.11489183794,22.200879065398
5.42057334436864,7.34564398362162,19.7702654383537
6.37571916694662,10.2165604741528,20.6581356717628
7.56433108560794,10.6614844159868,21.1715907615455
9.66526647681851,16.2933150344831,25.1116659239218
9.65414850419242,15.9457368655214,30.6251108855919
11.9914034836728,13.5293434545288,33.1124566178391
11.7504646693335,9.08759518791016,37.3420349435885
7.79582980455812,5.1748959260127,34.3956148475509
8.47226224552784,3.09665769110173,33.0760582821961
5.36496770045795,1.73706380691837,28.8214008563698
3.0538153361897,1.60331458163142,25.3056894987063
3.35021345533892,3.14668471032326,24.8212849920752
3.74844239634964,3.50649978413123,22.0421072381551
5.42393503573648,4.65333463461211,19.205897089426
6.34326074266902,9.41437567009289,18.7548597941616
8.37149346264256,12.3341323537125,19.0326144467611
9.8349529850954,15.0993026358826,22.5321154858908
11.6660151313696,16.4522270104962,26.1951878905157
12.9890376715451,14.8791387043069,32.9561369273829
13.030014726391,9.03612859123439,37.3884492083537
8.24133026922522,2.58599957314433,36.3157630990382
8.74169492531819,-0.155120480100104,32.5433909447302
5.1089159382272,0.613886289383982,29.1803035473211
3.4256655767458,-0.156309528479483,29.0546129084686
3.83733713815528,1.39990318779304,21.5088048394211
2.77615856211724,2.97221293285797,20.710015716588
2.42431641839641,3.21016266914657,18.5144075782249
3.57804407415264,6.03593092642898,16.9904972847707
5.70972730174364,6.65868206409183,17.9651877945667
7.77353331047974,11.4031540272771,18.0046928817552
8.97025001572803,14.6072016035362,18.7604355257604
12.3023362974123,18.2792492231955,27.0693915517281
14.2588290508081,16.997668192873,35.2642131684369
14.0117662733035,10.4667144490239,39.7859655128043
12.795700454596,4.0550777069891,39.0238351176425
6.834879612272,-1.0651237874599,33.1487720693611
4.40817990312289,-0.107407241163014,30.3289824175518
4.30099097916894,0.828414722431579,26.6668253899475
2.17534242772258,0.633465351108968,22.6023906723506
1.92437146018701,0.770819956813858,20.1962607386683
1.07919116330502,2.72575331330547,16.9344152798148
-0.0194071950155289,-0.0653861473882604,16.3965092232293
1.14557939434531,1.72820143189506,11.977328002213
3.43505277103138,4.48820546166566,11.3738768009242
1.370013008044,4.41215494887098,10.6366198410637
4.78600000864992,8.31851043633832,10.3196066894123
6.35171567092654,12.1654101520653,13.0732563276951
10.1221526060948,19.3368285514171,18.3048117467475
15.203249668903,22.6518156394086,27.423630183497
16.4961686823518,16.8928138128226,38.3699988662497
15.279569907285,5.9248141085084,44.4017095932232
9.93793181546008,-2.51419001036109,41.1637446422998
5.27037245644544,-4.95122301176542,33.949514220072
1.42954663469694,-2.58526408284983,30.509296386703
-0.598984235462855,-5.02561878292568,24.6714218125385
-1.34309291677627,-4.86469192273422,21.0810774909773
-1.61269622730043,-5.9936484907531,18.7535063530633
-5.6659374757583,-5.63664541997064,18.3763407035733
-4.24255023286934,-8.3413057696231,18.0401221893965
-6.9552813356418,-12.1758125041588,19.7362081898373
-11.4717088354083,-15.8350119574448,23.1733310607648
-11.8655065282939,-18.7927080507868,27.8416663420026
-12.7584863531567,-14.2750534738706,34.1612927409727
-13.3716037266713,-7.62859022822017,39.4883616362652
-10.0235219499501,-3.19291520388283,35.8195132149484
-9.13355021692247,-1.3105733123085,33.3203752009093
-4.37166585369408,0.588973273432628,30.140589590475
-3.20551425523209,-1.58658904242169,23.7086602555451
-2.45268929083875,-2.2142540442427,23.7045054510398
-1.31332946994167,-1.16157671481742,22.2933511544313
-4.50492317051131,-4.27031121538231,17.9318513992583
-2.90079930860364,-4.93014294522481,14.915046304952
-7.62078111978815,-7.48264623077212,15.092317737998
-8.16803771446726,-11.6063250213265,15.7185146708064
-10.7620459935694,-16.071479976124,19.7896773013432
-15.1959197867123,-19.7784879848292,25.272954642425
-15.1170903985108,-16.3884529343086,35.153141493489
-13.1254287207402,-6.6715485368267,39.2676981747598
-11.9128298142562,-3.34386588930455,39.1052359590008
-6.76483816141375,1.44970462324946,35.1591679702078
-3.54137516709402,1.17873686798693,30.302047755748
-0.554035819499227,1.02170778970445,26.0301018147624
-0.385952848077322,-1.5138831654727,22.3296641902934
-2.34347995429649,-1.13639476974018,19.9214042141539
1.51955449546187,-0.711254918406238,18.5934427253765
-2.15463569339161,0.866105253921495,15.046607016789
-0.923532577231245,-2.10313399941375,13.3835596872374
-2.11847880378772,-0.0807789737216562,11.6502727728823
1.54447697309374,-2.61593887928308,9.14720801077407
-1.37262447784219,-1.8551638757922,9.38678567313437
-2.5943642728881,-3.91662372801837,7.03959303763585
-3.38713230057509,-6.00492768738989,7.44935575079242
-5.29182466913336,-11.5997554854728,10.344139823182
-8.75951803149284,-17.5494133518119,14.1156197351648
-15.4188946957336,-23.7558891522725,25.5053957507222
-18.2214333331261,-22.8639669765269,38.3655913764573
-16.5687842482482,-7.35436983105999,44.7920185672904
-9.35584176981848,2.20612938249434,41.8729224194336
-5.09177236595513,5.57813338737253,35.3124956050106
-0.372013511084384,6.06030564731352,30.0364367315191
1.29286833990918,6.75847135170845,27.8327423918667
3.95146725942146,5.58469558918528,22.2276603366461
3.92545667532543,5.92041185374263,20.8559086940376
5.76005174268751,10.9101542484146,20.5880096089823
9.02945785201505,12.4931822832871,22.7622208322452
9.92954910523086,14.5820022382946,24.6685689018842
10.2504424634846,15.5659765481461,28.4520019812861
12.874688532079,13.3444381908912,32.9708865915737
11.0036054112689,9.79628621529966,35.6674913506762
7.6473824340612,6.4459612001203,35.1465986185485
7.21184107237333,2.78718368426104,32.9291215843349
5.91857103956738,3.4749580501698,30.6905083200785
2.96843777120621,3.91531685231427,27.4042257142032
4.03815138914225,4.58249905928792,24.5587739635026
3.58361762430053,5.74677073765026,22.3326130784636
5.91641804701096,6.49610314295885,21.4112961398357
5.88745901445175,8.51172557209132,20.5499112029276
8.15617421910519,11.0864116317216,22.4701724541756
9.39700909447322,14.0047118467086,23.5002107859412
11.1401672253138,14.8553243916648,28.3071439877003
12.7375814751437,14.0023017850737,33.3057898694798
12.8809998157216,10.2201623906347,35.8624843074351
9.86021140659559,6.10057430633821,36.4183186000545
5.83928070328134,4.08732231500233,31.4033883532727
4.8472229069311,1.9157489821148,29.0135862707564
2.84213993805989,2.50339670835487,25.932694406871
5.39801359384808,3.26407519988902,23.1154088404369
4.15143214310148,5.49939580523119,20.8923235669697
3.71194373837952,6.37100139991316,21.5016780490676
3.55211289108526,9.24942835260085,18.0500109753441
8.76678532845697,12.3949678539011,19.9926572848498
9.37164181816004,12.8123712267736,21.3563329414439
11.8950215878481,16.6362885769491,26.2408164848738
13.395201129141,17.1679545906856,32.9858390387074
12.5678411133703,11.8406608450424,36.8854066243205
12.7405045547635,4.4011033443056,37.8292331885467
8.98949278735161,1.63376202552258,33.7276228236061
5.40226504255219,-0.619673312723705,31.044107858359
4.04338256208306,1.27010422327123,26.8021215502807
2.82866593116638,1.70935640586899,24.9771673522537
3.12332809568096,2.05329440578331,21.8838532959136
2.85616947180709,1.65214451448315,19.1127981718094
2.20363134725187,5.34702384034227,17.2480852963157
7.24371633892576,8.50021496431753,17.2544384148407
7.17496855418119,10.7988582112557,18.7707222922802
9.6386389688056,13.3608143171017,20.38492291804
11.9593317975949,18.8386310786539,26.944921493789
13.740132865399,15.8903996746965,34.7957826270338
14.1287788059909,10.3052921322622,39.7218003567843
12.141929357276,4.09443857776867,39.5586333483283
5.14674410373004,1.17387887254348,35.8170968693879
4.37903468925044,-0.131836029356839,30.0624399350621
2.33672647963879,0.0886399786299315,25.5624774387752
2.44389478764059,-0.0809096901349535,23.8936509286092
1.58137688131147,1.05215446725071,20.0413602765214
1.39525264935299,1.52638452928931,17.1442590961331
0.423198081624955,0.845422295233168,17.7731744311467
1.86520859535868,2.45700699583596,13.6051578674263
2.55183289983254,4.44739890529684,12.7000409042305
4.08450761042129,7.7593057439615,12.9634856458548
5.67702718996006,11.8760983157443,11.6070746649884
8.27246853360993,16.6076312457069,16.7120905154603
13.2491950928493,20.9803314517229,24.1412650717105
15.055195793079,20.5533592450334,34.8507728379158
16.0679573524447,13.4898798340833,42.602883892044
11.4792771089435,1.21634183379868,41.2721767442856
7.41910751250232,-1.05422137828729,35.5964338832751
3.20884500670556,-3.73851219780289,33.3984180307757
-0.672781147623756,-2.61422946594582,27.1215677256908
-0.504406785239423,-2.68072228310388,23.6896387520612
-3.11429368674547,-4.98888117404043,20.1249310262244
-2.96517975236259,-4.5229954698165,18.4973503978667
-3.07448318057685,-8.13801395187323,17.6299536911855
-6.93113540426236,-7.92956892768959,18.3339572311753
-8.66421837244956,-14.327500920739,18.447627128716
-9.29017951499725,-14.3707318960255,23.1761150064639
-13.8297498306841,-19.0978015593257,28.8004554883484
-14.5806022537645,-15.8139613510017,35.6029387714098
-12.4278764252996,-8.85998146681384,37.8948784718829
-9.4163496897466,-1.96706517126961,35.3788708963624
-6.98666789075743,-0.290869102312369,33.3991458212872
-5.14311682324753,1.17668436408201,27.4948959794213
-2.72528803042026,0.234098851164769,25.9563427613601
-1.38567830881213,-0.114176085600914,23.8229766083114
0.12696083655927,-0.79986315350738,20.2166692804319
-1.41499776504853,-1.32894547045707,17.3089816078154
-2.73386337312648,-3.63806940802851,13.1585468248947
-2.65472099531583,-5.56617055509402,11.9675008643166
-4.4411204845066,-6.93288540976807,12.1718907906247
-5.60054700793502,-10.5413600968242,14.7705998312164
-9.50221472431762,-14.0279942888532,13.6095722488122
-12.0080125304518,-19.2495483508683,21.5060794529844
-15.9174206826988,-20.9787513856748,31.4860226274087
-15.5830486146697,-13.8221865748444,41.9046929170002
-11.4159181218398,-2.66704569718874,42.7450417789232
-6.7084972490025,2.21733669671629,37.7803853554294
-1.16024625957157,3.48211750376008,30.6692522516749
-1.56010438021051,3.79669114101279,27.0214427034426
0.265609710455456,2.31971518761122,23.0980651951923
1.00473476855537,2.08448296728489,19.4063259101186
2.90403420670626,3.14032686402939,19.8393473049547
1.85216720606388,3.77713097336413,17.6778451759421
4.50705699438026,8.43663987633199,15.5622230954873
5.33944479821457,10.147191711723,16.2908027193433
7.87331218404554,15.3298128038362,17.0488540784298
10.3818680993654,19.6414214219456,25.580503960193
12.9302963724056,20.1026287633841,30.5684281776924
14.0858996286005,11.5774982958832,37.5503625360036
10.2519377472402,3.97504108468473,40.279343646165
9.2258312839419,0.298303745571734,36.2571426396954
4.05997625120369,-0.7265545444087,30.7423341617083
3.19379044789473,-0.44368305375624,26.9116139022754
1.28525200372694,-0.497626559371178,25.5705902150973
0.165075446554357,1.18242565439235,21.6935887684366
0.111439619157735,-0.0504073678359711,18.8329389958629
1.27261113775537,1.00463398216846,14.6677238211407
0.803850444292746,-0.170485717280532,15.0267755614299
1.15842328142165,-1.1548608113601,12.5757216996799
1.19867591626921,2.31654239233736,10.2284670490428
3.4828281175772,0.975327244669091,9.94948461924137
1.64517676930109,4.8998609794207,7.65920781310982
3.54551111130784,3.89933172958506,7.32998823396962
4.11965828558832,10.0074595488118,9.46912343043495
7.7416920603158,14.7752796115407,10.034864813178
11.3945516029949,22.0775759677488,17.4159107144277
15.1165131205027,24.7182597802295,31.3871605672779
18.9026222100867,14.7670229974159,46.7567852309289
12.5665389236635,-0.0315682438861453,45.9811683234346
9.61558868692937,-5.40973257271157,36.7873306998166
0.928533336392831,-5.93999844198837,32.493291505215
0.89735639402433,-8.00575013252807,29.249407682756
-3.16753098469027,-7.83250423509972,24.0583063811557
-4.256076476922,-5.66195110123116,23.8994706108195
-4.72069965582118,-9.21077371457363,22.3160378889102
-7.32016321307182,-8.31389254263125,20.4819784218037
-8.15811878845791,-12.4821645433856,22.2979276058291
-11.0316282785004,-14.2962062671976,26.5166548996062
-12.3198908479035,-15.8532226403729,29.1246962776605
-12.6278276899697,-12.2480743945247,33.5698124191358
-12.3429435321125,-8.15094695909444,34.2944558678016
-8.80529813405443,-5.08184578724976,34.4774652843803
-5.40245748463691,-3.31662359049782,30.4643038700894
-6.3111581726948,-2.2002359648607,28.7641897730142
-3.21337442931635,-4.1963603792569,25.735521360826
-7.03340658199249,-7.18194158518655,23.2186523151428
-5.77219422233787,-4.79947637053354,21.8781108836247
-4.72440315190732,-7.09947977937834,20.3989529883188
-6.88170957556127,-8.44941417409215,20.6903517176162
-9.748521029053,-12.6048748922738,22.016459145628
-11.5770364923355,-15.2412611115371,26.0622457876359
-14.9958478956087,-13.2076351553462,31.8439446105853
-13.4447249404279,-9.55750812257799,35.2478252811642
-10.1764384657162,-7.37625903883604,35.1348999969828
-10.2583591088844,-3.56580755070786,33.7635329317282
-6.03090832582872,-0.259662838375302,30.7965961331924
-5.44340995028618,-2.72143181060921,28.9361647316666
-3.03784504051483,-3.84854867983705,22.8126144870538
-3.59142630257042,-3.31179969082501,22.6248818398894
-3.28092268654165,-6.02602740432969,19.7341384636528
-4.45886768463357,-5.92147466180728,19.8891359738169
-7.01245762947361,-9.71921314456581,19.9718626196732
-8.02645911186926,-13.0134604647948,21.3950314673053
-11.2119023102779,-15.281215824961,25.6371575494802
-12.6043730210069,-14.8446795516027,30.7708784419988
-13.7424887319867,-13.2469328647687,36.5691726773571
-10.8829680009799,-6.77715352109379,36.6678781542114
-9.69032999714944,-2.2179535528746,34.7631963945214
-5.0282966732009,-1.53916146609367,31.2954677586423
-4.01429470197082,-3.15049430237735,25.7033684854006
-5.19029794994952,-1.53118714416421,25.5955894268972
-2.15300990055511,-1.22097106702694,23.9527069756376
-2.17839714469796,-3.92387966920133,18.4224782645674
-4.83478530893152,-5.63989881584055,17.8259650683296
-3.52888497801267,-6.79322671248687,17.4049848046903
-4.92943243001074,-9.22387851405304,16.1588067377456
-8.54478551865461,-13.1422953340135,20.8067603668795
-11.4285197376215,-18.0897341925322,23.9646122748748
-11.0268223884967,-18.2816536386085,33.405037682763
-14.9625975918151,-11.290904421923,38.5367361634546
-12.1268510301249,-4.81169753744727,37.5993423245318
-6.35402318887366,-2.33918857553697,35.8116186281272
-5.72483667464633,2.20980298406325,31.7615725311639
-2.72186474273378,-0.153586004124249,28.951486860874
-1.27083447804233,0.985092806881153,24.6234919849501
-2.25244169429685,-2.5335826119054,22.1410062071664
-1.28510762523402,-3.26861178799782,17.3070373337552
-1.37116996079414,-1.90021454241012,15.486388390707
-0.403494107153777,-4.78544237959018,15.0067681420407
-3.5313733080435,-6.04361725711906,13.3637417323348
-6.84849840986996,-8.5854704781675,12.3675754212366
-8.10423111891912,-13.9012804101917,15.9274483405551
-10.6928110316155,-17.8085059842916,19.9580485307159
-14.068788886732,-20.5102900262442,28.0429444997961
-16.6028206362562,-14.7278348221133,37.2956814960639
-13.7959090683002,-5.24972242520234,43.586507559147
-9.11837140298521,0.749820336427937,39.4908121868802
-4.58783728306846,2.68543188840956,34.0902525890487
-0.965061833734865,4.35065150150929,30.5330739902297
-0.840088057282762,2.54513752601898,24.2907178211984
1.99837807890615,2.93579733445159,22.1226742123419
3.00636184541191,3.35780000997832,18.6025573519382
2.12551130045216,2.76732143493296,17.6752132268415
2.91346881995851,4.8756762989718,17.2041034470785
5.66419107657056,7.73809703674935,14.6487346621019
6.61444423572855,10.9207057777735,15.1332923149234
7.43824549930573,15.2864434228334,17.5972644453484
13.0147543656028,20.2632066641716,24.078702249351
13.2483890553063,18.3152774672611,36.1238645692171
14.8317485083423,11.1728009763027,39.9238356117982
10.5448090940296,2.09862240117383,39.4645198414973
6.8477409364663,-2.61973389403391,35.4547124652624
3.47336396979921,-1.68014963907986,30.2566404577534
2.19375498150332,-0.59333760884449,26.9337825776884
0.163651556777741,-2.4298520803773,21.9229983510416
0.180596005174954,-0.471791984549549,17.8938792399697
-2.03254219925081,-0.186621054101988,18.2011093886146
0.453969679134153,0.09434475806541,15.1522188583209
-1.11017994428547,-1.62659834413273,13.3148782104437
-2.32751301604196,-2.53206431487451,13.6573362190056
-3.30745346853087,-4.07740797005509,11.3821430615723
-3.36381068106503,-6.10525231911987,8.74408095843643
-6.2066290697756,-10.7653722369543,11.4768803448358
-9.27766784222739,-17.4673959421516,14.4021607022355
-11.2368453967342,-22.3937357602664,19.294022474501
-16.7751109428558,-22.0420198569622,32.3623807746082
-16.4861560802074,-15.2616671437163,45.3679544914631
-12.5397064504192,-1.68589039529871,43.3283383061683
-8.73071493974264,3.89388520034153,37.2939612721264
-4.82817347766111,4.37083845074069,32.373144683345
-0.0715660377837632,4.43135014538382,27.232490843076
0.921409842428311,3.85785745671013,23.1608968580905
3.57372106045647,3.88854003710884,20.4803642882839
4.83526024413241,7.55344260342208,20.3882323568738
7.24540880681826,10.5742505847818,19.459571649721
6.92620541106556,12.8042494945478,20.3761972306215
10.2183726793216,12.7546241763579,22.3897236841896
12.2983691983853,15.9269559280597,27.9674427986247
11.0873782400433,16.4243566639718,33.0409475545614
12.155483727413,10.473904254707,37.5006211193242
9.85492761715572,3.06297238144992,36.7297501020415
8.3346588228712,2.77168297415012,33.7370193506622
5.12911852758042,-0.377014707075558,30.8176188811193
4.69350819821228,0.94154121156111,27.052927528949
3.30313736795675,1.77269065075517,23.877188868438
3.09577705784611,2.28000164807429,23.5043437699107
3.6482340895767,4.04336618001998,18.4613810170097
3.83228169638977,5.16661666728616,16.9979400352621
4.63189502407422,9.18100446626265,18.8879261906025
7.00261437833016,12.3645733777769,18.7605025197456
10.7311995968402,14.8926762487772,22.0289626446566
13.7119480987085,18.0838092755613,30.9091884162876
14.2630903290102,13.074784032185,36.9173469592823
13.6453029013926,7.94607630208891,39.0923067276924
11.6223226237762,1.77064521524461,36.1612033592563
5.37380698819054,0.102189704849265,32.8806706065467
5.18969928372627,-0.788657675248335,27.3754608415925
2.40518800820173,0.582884053359445,26.8814233004346
2.95648005700698,0.714486547329873,20.1384857858303
2.45979653180981,2.19437713941043,20.2796472082689
3.0757155228809,3.25847441735574,17.0019883084921
1.2213983742066,1.88439687708306,14.4779938090792
3.90877164681813,6.14374148376999,13.1003271174596
5.81007813738534,9.87545883138666,13.493360543675
7.18630795488857,11.3352289536542,16.2521784747342
11.4123636242861,16.3818521839316,21.71870886385
14.909437865703,19.2306143029138,29.8166330160205
15.7027716452505,16.3348927344594,41.5538671179304
14.4701846533975,5.6457994493515,41.5861975273999
9.99039814023206,0.377400198193739,37.2915517904112
6.22086033372463,-2.20622409677822,32.6877700905397
1.03152534795602,-2.05602193352644,29.6394202161379
0.109376935440672,-0.779761078136707,24.6022353892042
0.751211450856325,-1.24820356688924,19.628156570398
0.0445477912398794,-1.17823621584509,19.8730921191867
-1.52306681110988,-2.90927096202629,15.9524199330215
-1.29882815311309,-2.95416978629559,13.2631128646398
-5.51206859754108,-5.43778799803752,13.7117879202872
-6.00415261013727,-7.51697282433788,15.2441900512171
-6.36801646600601,-12.5394733218742,16.3739671474456
-9.17727598857087,-15.194296409935,17.3090765062016
-12.837227005042,-18.5617178403891,25.1528230504493
-17.2548758306477,-16.7779405923594,35.3836235373664
-14.4835318807906,-7.59573294654352,39.8481473098852
-12.120214371093,-3.29659342170206,40.4772765218532
-6.5609244245475,1.37074877895697,33.018010495117
-2.25186581802196,0.129315530877233,30.7942321267803
0.512071093731012,1.41406990752988,25.4683872766343
-0.332192055266086,3.13056413844808,23.2981034852291
2.37078804149875,1.66685405136066,20.3605944588546
1.97991995870232,5.57413910988777,18.1363765933518
2.59440373311734,3.6636932683484,15.6828852082228
5.8248210050346,5.2772994476914,15.979529128618
6.39639976078745,8.9488078190858,14.9916721482142
10.6280694488241,14.4175065091133,18.2856745416784
12.1825865609351,17.315096656614,23.4747768761622
13.6869106911169,19.3290280470476,32.7838257108698
16.6068029968162,15.0970529216939,40.4192402257859
12.5909825511987,4.45911314944977,40.914821531019
8.15103785275536,-0.863195028902962,34.7735526599314
5.62148307081821,-1.726742350089,31.3069921592507
1.9347501088805,-2.33479165149966,26.6344524076449
1.26066193073617,-1.16397760964965,23.8757485043529
0.605749492022048,-1.45087845053662,21.0309396635388
0.134826147273887,1.02799632764354,16.8423923765392
-1.06455487205733,-0.966444174422282,16.3133585729626
-0.186019856831062,-1.68608430258896,12.6541424746186
-1.30755558458687,-3.48625432906318,11.2527039358494
0.331411398520538,-4.63482433523196,11.6967125408235
-4.60652589641952,-7.15115605557721,10.1372817822648
-7.53460737922704,-9.64334246437431,11.2720240807579
-8.41348049752391,-16.3842364276388,12.9656327789155
-13.672498725979,-22.6140504113163,23.7689058807668
-16.914444948619,-21.8490661951342,35.9245576551879
-15.2369061047199,-12.0734732254506,44.8090393322859
-11.9856327428566,-0.0230875991402943,42.0057437981097
-8.05238054627983,3.3845581320837,37.527809453177
-2.86855004723092,5.02664743813029,30.2450068221225
-0.594034402463799,2.74818606926868,25.7924415332623
2.09091172600457,5.98509606708838,22.7809541110262
2.54633618850363,4.00802805671484,21.3798759152025
2.75836334401343,5.76139926929064,20.5400540459548
6.14838483688219,8.30423347134342,19.4787630872708
6.4176079942553,12.1703842772775,21.4909768878716
9.78921200766104,13.3491112181905,20.5017075726714
11.7451366434935,17.1405761700609,26.1224771142256
11.7647700047663,15.8796257655396,33.574932558911
14.2372088180065,11.3131327148354,37.8589924844468
11.4610658236287,3.2688587212595,37.8487275901355
11.5915707238598,4.05672462390036,34.9944361581749
4.77437609103473,-0.106905884693199,32.5973676358063
2.35790711893267,1.30623992601351,27.7712658719372
1.03012756691965,0.290138707647972,23.4329641843394
1.49992265983055,1.31483415366196,23.0614430413475
3.52126284645288,2.88493184522196,18.2014373510839
4.4722965447126,4.72670495246104,17.5891057027707
2.37699985192677,9.94625898639782,16.7749027039396
7.06900392858645,10.8737703688504,15.5925901165805
9.08403609260203,14.6756702388942,17.6005331933172
12.0362116195573,16.2927516825392,24.4906141734368
14.5801317852437,17.7045945685792,32.1257690299037
14.9409078945544,12.3651910508738,38.0645501769342
12.5763574838183,3.42690648260816,39.1253516961352
7.16809168394242,-1.16249950978621,35.3085716409105
6.29134686313872,-1.45452972121809,29.4207541325603
3.68240304934377,-1.14177491186038,27.3590385702444
1.89706612503749,-0.193200924891829,25.1679570000125
0.449880402617348,0.0200569533634561,21.5067576207436
1.47703686439215,2.66360617985872,18.7137851034144
0.0882887918722636,-0.200498713204305,15.1384083716326
0.507794546437951,0.738585248799934,14.4040300428763
1.9273724345279,3.01167888026673,12.3361087020661
2.77191056656936,4.45240336394224,9.94685483305011
0.818644292160134,6.4350197366986,11.3283038127496
3.36159085664914,7.52483451177338,9.26443845445966
6.59732015889395,11.0838399056849,9.43202143577596
8.59782794666628,19.3424876399238,18.0440333936973
14.0022572619387,24.1343950784897,26.3104661881962
16.6429405804354,18.1438033489924,38.9733763492889
15.4001965224632,6.53483722671417,44.731507039496
10.6567057782013,-1.82927419146096,41.1735947426435
4.548127156406,-5.2999438958484,35.3760128421868
1.20523736680265,-3.39041536867013,29.8112928116966
-1.85020937039955,-5.89514131779458,27.3044605500869
-2.0386438724597,-6.35739500644896,24.8699304185649
-2.66440144333876,-6.37435412695996,20.8353205271345
-4.15340449562419,-8.98983317502337,21.0224823536901
-6.80429214656583,-11.9005850439373,19.8904978467469
-8.0347475641122,-13.6255541018692,22.392339326065
-12.6095648710012,-16.3773175442658,25.2252994177459
-13.7809524780421,-16.5330194840042,31.2392095585347
-12.2301319017727,-12.608877571917,34.8198604769241
-11.8819107907806,-7.86128978039191,36.8794490214027
-8.74749477894152,-3.79471520662737,33.1982785424756
-6.27312034931582,-1.56645632059755,29.9849246108182
-5.23033014073963,-1.31053035191666,28.3135204936851
-3.65955408398287,-1.69108152012484,26.3466234684239
-3.3043220281593,-3.4617129233432,22.0151636588148
-4.61504883616563,-3.99060250532031,21.6846586914083
-3.86437799012311,-5.52284331722882,17.8026613668741
-4.16114055219188,-10.311898003124,18.6702987029018
-7.32563013399164,-11.8195820523477,18.5875997237568
-10.5615801966253,-13.4982806516282,22.9467914306011
-11.7061310839883,-15.9451104871044,28.4914388129142
-14.6053074672302,-14.7601013194688,34.67059532447
-14.2064906389379,-11.0412659876895,38.9617916014807
-9.00965605823669,-4.76913115479009,37.1850140167274
-5.36566970348808,0.422760882898891,33.9703852808625
-2.71710547631829,0.667610955786518,30.475906625036
-3.48125558595192,-3.822367048505,25.7917032656375
-1.10518144156496,-0.637168826165537,23.8138383812706
-2.71652113909167,-2.82385994348065,19.7224908598931
-2.81051371015237,-4.21259491985198,15.9298872907419
-4.60985574155694,-5.59251308731924,16.3045648141571
-3.40081230243019,-7.88070808836079,14.0828033789774
-5.05977275002993,-9.93842870207853,16.4502434821858
-9.7945678801917,-12.9565919524036,18.0678279592692
-12.3725057391672,-18.4168651075025,23.2038050920084
-16.0714006447461,-18.1191355094465,33.1994280486505
-14.8944270694287,-15.0203363272657,39.214194412629
-14.2652834289567,-5.41743035346964,40.6567364274308
-6.81826120530893,-0.15804475581411,36.741494939234
-3.15616668991441,0.443670444159738,32.3834475222075
-1.96508944096524,1.29294626959117,26.8314285138696
0.0456612885327873,-0.773950362387984,23.3085172126281
0.730521912091193,-0.55328913532581,22.7349348060058
0.0519729388609696,-0.563862033830747,19.8106999461458
-0.461332094602869,2.3336745981079,17.8126746653172
-0.129713115297568,1.31494714938789,15.0060581539233
-1.01933878765135,1.88987529728129,12.1086396950578
1.40112805301634,1.92401878402674,10.2440663710959
0.546105721875231,3.67533623956431,10.2390405609416
3.0179826006797,5.80509425079839,9.62419250134808
5.03892136208117,10.2351121510946,10.4925681124807
6.43639194870289,14.6467672798073,12.4357902380923
12.8539761948639,20.9098689919599,20.864230908947
15.8671207490412,21.2699785359269,33.5434678941506
19.187208906365,12.2948827699808,44.6493747096457
13.3267949351672,2.0495868424123,42.5792130908919
6.26639912694515,-4.56688316646231,37.3612094202037
0.962828363984763,-3.81694275967498,32.3344519635292
-1.2581461371621,-4.03238276113416,27.0514667021973
-3.71667504568106,-2.87598573947145,24.4249830318563
-4.53748473138816,-5.01916770902352,22.4536580548122
-4.9299028678068,-6.62907123911979,19.9680909101149
-6.8856019805021,-11.1428508310255,21.9104957009251
-6.82734714934527,-12.6878665401071,20.8868347288698
-10.5627219105699,-14.1713400140714,24.2334065906954
-12.216682047394,-16.5381526802725,29.9524426929218
-13.0088886131748,-14.5840083628416,34.1037790000034
-12.8921409621949,-8.13832400763409,36.5332412102728
-11.3725386759093,-3.13188187004464,34.7747516211721
-9.58616980007662,-2.23263444256016,32.4237870577369
-5.73224157993628,-2.14270343893086,28.4046223756513
-3.64148682758266,-2.21262378526579,26.2261520865064
-4.84315538929594,-4.80962741404928,23.1254258387847
-4.22794230784721,-3.30700602363294,20.2402999850982
-4.35422487130734,-5.82538947327652,19.1797601836275
-3.81342997706976,-9.65601001963255,18.3133131411118
-5.52528005652976,-11.0345702302464,18.9440948134905
-9.40811528394891,-14.1450464810391,22.4336380047947
-11.5864530338062,-16.3686133095251,27.0442628330542
-13.9319654428237,-14.3383309356864,32.8179994560336
-13.6670316869939,-9.42129867071695,36.8357769834246
-10.6870094666315,-5.10134213622852,35.7085547336306
-6.90502016006166,-2.2252935610015,30.9313524040807
-4.97320128028993,-1.72543563670291,29.2428658565308
-4.7206813691256,-2.07809581498069,26.8440778396281
-3.15832784791907,-2.57013176104432,24.190175984649
-2.05867546208045,-2.18409661870477,20.6011081173834
-4.12138699868363,-2.80583684594597,18.9699196381709
-4.73052341769702,-6.32834794821807,17.2652636797368
-4.25878806130335,-8.88434764468359,17.2682410202809
-6.63649247407305,-12.6922191022689,16.3712451002976
-9.84142845966284,-17.074515117343,22.1531993795271
-15.2452210114544,-16.8549550451501,29.2014370716956
-14.2079650863891,-15.87054534482,34.6601313938327
-12.8904082579186,-8.18386704761211,43.0175267740039
-12.6851477197404,-3.93901039816986,38.018521813422
-7.0148538734587,-1.46647958492963,33.1152128666796
-3.07971491690972,-0.329643938589448,29.5353201525977
-2.44287723773637,0.652257751179149,24.4123173270542
-1.49212680916011,0.444682967348634,21.8295545453077
-2.0086019396514,-0.548850092350791,19.9863292767894
-0.93762070657685,-1.30318869129444,18.5689033490086
-1.51862266033813,-2.69196413224149,13.686353600694
-0.537853486763229,-4.2177947413162,15.0937671652671
-1.16305601692654,-5.31341676014541,12.0936858652582
-3.99546557730075,-5.75629780826938,11.8032561619653
-6.44701805143665,-11.891714341423,12.5647829720805
-10.0180724338969,-17.5367321704654,16.9429413934657
-13.4143657741229,-19.1620892658534,23.7344099865478
-14.9316880386978,-20.3181757211746,35.3065428717149
-14.8042063850861,-11.7812216097424,44.6314814504439
-12.6180681919484,-4.22642642257926,41.9665553170379
-7.14912239839713,3.02281121989107,36.2734816183258
-4.74451934864155,1.78828027283261,31.8921348737954
-1.0788029538155,4.02060880130098,26.3924125379224
2.16270201930278,3.70241317735578,23.1025367877934
0.850128366513031,3.31980161054991,20.094645205172
3.5944603416088,6.27646440089245,19.9137440093171
3.42711303220702,7.50316506135755,18.5755548099537
6.27434871945288,10.9535622844273,17.2286522979103
8.56201166519192,11.6898212018859,19.2082344801515
11.0361671751881,18.0675352419741,21.920497606371
11.9572464445525,18.9524537583252,31.1458079140466
13.4724405306297,12.6872159391979,37.6504022541498
12.6762696861981,7.75540504104336,40.1744950790602
9.80912243069513,2.29729536373179,37.7407473550745
6.44728273021511,0.233888251287622,32.1515549057732
3.34184903805637,-1.44159105898724,28.0053822214652
2.90603565754861,0.987531062368087,24.575481793275
1.51893755368731,2.46478447976335,21.6439781423666
-1.10723309866449,2.57284596132519,16.6043932362269
3.31511319974982,2.50523019347968,14.3261174312301
3.24013669725602,3.89951783966172,16.4385403300759
2.6952750702832,6.83309540132451,13.4943269380496
4.51634453076888,8.79262974454874,14.5830247377927
7.8808057621529,13.4415461613213,17.2700520793808
12.4579401433552,17.8656136844357,20.5121394393569
14.1312079920636,18.34476327068,27.8841513146236
17.7061145058317,15.247450600097,38.6989115485591
12.1199603656718,6.41522456090693,42.6291717977022
9.28939639354287,0.696753744613709,39.9081117942908
5.61807691582829,-2.13648324151045,32.7168071538105
2.77391430388404,-3.71247297930629,28.4077061338957
-0.0888564012033713,0.0216386627701719,24.4180299444715
-0.0798442680194383,-1.71928324300129,22.846149977539
-0.416354782887854,-2.31734740741082,19.7194397628041
-0.523188256437206,-3.33734132827725,16.3216865164957
-2.27981991853482,-4.42126665392027,14.5788832520269
-2.85228787365844,-5.0762125049471,13.8657669075939
-6.70625676069269,-11.1435364569844,12.3483246822101
-7.63476727865142,-13.4697169837916,15.739347714299
-12.2272177652538,-19.075774280503,20.4691309829521
-13.8561378784124,-18.7387254535398,29.4994352654194
-15.1636683662668,-16.0263394340801,39.3889406848362
-13.3100332273141,-5.20172864131516,41.5068082698199
-8.38929420121956,-1.49699569660002,39.0367242812902
-6.0456437950442,2.51880713885146,33.4043566538919
-1.23217856556885,3.87385748448559,29.4298657546511
-1.47050581716601,3.84337311670783,24.6736621811066
0.427083781750827,3.56381047756912,20.9905962696026
1.38848257436051,2.43988854159687,20.8697139699953
2.13683026100361,1.57120239347054,17.9067401059233
1.74409462191739,4.67579189301913,15.9726360350963
1.73360503506086,7.37780161477619,11.4147442270052
4.68461137611556,10.2234241055143,13.8063470175224
6.46621101103843,14.9775281737884,17.0269369619031
9.12954917160995,18.5667524858916,18.2260550073843
15.1807026978724,19.6487287291471,27.1529121396974
15.6092214640183,16.6382967667827,39.4665277963912
12.8362367020034,7.5666520226555,42.7686145021582
9.69154703652891,0.724004693703087,39.4770579558585
6.06963185780545,-2.57056706659106,34.2150220231445
1.43179792521088,-1.70410374308575,30.0420312048751
1.14798745073459,-2.36767288603726,24.0830146166983
-0.423448579095925,-2.89799731444147,23.1721675659575
-0.720866536171207,-1.55877082224147,19.5113275986942
-0.73944230395244,-2.71351260556379,16.5245079188863
-3.50486031398509,-5.02166607976175,15.2383152592739
-5.15231753715497,-6.43775215671927,14.4892126174093
-6.38402263567389,-9.38828126200103,14.4663145441551
-10.0783922603543,-14.0621365873804,17.0588997747987
-10.1760961310085,-19.180247125129,20.4733536775478
-13.666533005819,-19.1459210460881,30.4411709267822
-16.3013640432573,-12.1833019225024,39.6964726235732
-13.0931859580309,-3.33653615108287,42.8507618859697
-7.92806657940511,1.853176319188,37.7299568985723
-5.66034895801942,2.2741293383721,33.774027104144
-2.14321908893031,2.54885769213206,30.0272135806915
1.7129614234169,2.52972305573533,25.2098549143444
-0.605762894996854,1.68220025504373,21.4232031094709
1.70941333718023,1.97555391399032,16.9026160866373
0.823055350718155,3.04961267533256,17.8131682150774
3.24679126428183,5.00767529797642,15.283387624548
1.52309351506016,6.43583725327234,15.0413645168288
4.52061414474183,7.1401208886293,12.9175745695227
7.56957201454055,12.9272736448317,11.8601278943391
11.0799531496388,18.9433339891776,17.3260248231919
14.5439798928979,20.8578259878569,27.5256603570779
14.8205853915371,17.4159078109421,39.7852735701916
14.999998782249,7.6269566316012,42.9479666755839
11.4578765031747,-0.255740391208522,40.0927118732443
7.80485307597987,-1.32288349673236,34.9845673452061
2.9542908811072,-3.44806944950703,28.6332277710495
-0.402880361338451,-2.25017935561365,23.8579492725167
-2.25128718377793,-2.13870920246903,20.2336069300949
-0.776931539126661,-2.72497972765006,17.4127683268361
-2.20303504888305,-3.79455363936549,17.3898752805189
-4.76393266879308,-6.40685552124259,16.614019894563
-4.63735568520779,-7.76804690784033,15.0718201223069
-7.07729607414533,-10.50564931275,15.1804261206427
-9.29778649861321,-14.8490588931335,17.6292617185251
-14.0757642024556,-18.6305021473967,24.1502857615791
-14.4455529565023,-19.7470810787265,33.5782848992077
-15.7861707276911,-11.3898559629094,41.8005816793094
-13.0993605746906,-3.68160628226386,40.190762019062
-8.22014915327479,0.903756654854603,36.2086477563308
-2.35553645121699,2.21334767832158,31.1941136442682
-0.175865486528638,-0.284725430774735,26.1242055626343
-1.51824107323127,1.76042900233234,24.6518400748458
2.31846251688422,0.427249925896374,20.2333037415889
1.30315245904458,-0.274715883821193,19.3633701367083
1.05725999244287,0.0186420856164544,15.9060365481403
0.0758857212152203,0.718681631667387,13.9409998004549
1.12596589679512,4.14028101007209,12.5748101768977
3.48612544007309,4.73118160902554,11.710560833215
3.90910730376546,5.9600594392749,11.5666511342543
4.17800618963381,10.7532505409803,10.0434749975753
7.70934498248649,15.0645763308239,13.8644905289972
11.5387441881439,20.9224611606949,21.7106545927069
16.2059103022396,22.5807546579956,33.524113169968
16.3919703263488,11.7607434947662,42.5128347279559
12.5274078809343,4.1757298467924,43.2761586213779
6.94092658384328,-3.60529583064612,37.2301898720126
4.74044851637459,-2.94219742019592,31.5210241632398
0.655878449304431,-5.58359649132971,28.1158417220375
-1.02385640307014,-3.79219912299893,23.865726813745
-3.27441797949179,-4.4306111486784,21.7453744085148
-5.27816791462585,-6.11353370439373,20.7487565493223
-4.57490631937906,-9.23226129644557,18.6934162170556
-6.39958324161185,-11.7828981950245,18.6267757880159
-10.2877929368517,-13.7208416480173,21.6862547530819
-10.533335740286,-16.8891635625126,27.040408604278
-14.293347471702,-16.6232802916602,32.7349500950638
-12.7157289276091,-12.1392795920449,37.7561809118355
-9.45016099667068,-6.9876377111747,38.0768806492446
-8.27788723522116,-3.55455146137974,36.6200836841142
-3.173126736833,-3.08700486958983,30.9247020921039
-5.33894887438133,-3.18558146596391,27.0323030170394
-2.93824390044447,-1.73955082916316,23.5198944566973
-3.84672549867041,-2.9119931856859,22.1296954484248
-3.07207853641607,-4.75225582432365,19.883325996278
-3.60903874095204,-6.26757994794842,19.2505061909459
-4.98442846944332,-9.56766093847353,16.1766413406129
-7.59996657689128,-13.1864873795824,18.6466133165566
-10.7327881602703,-17.9751459784746,21.9983140776749
-12.7470368149787,-17.939492735595,27.0292530279177
-13.5543019524891,-17.0163845355767,36.2217689567432
-13.788975360315,-9.59571887587691,39.2308707603756
-11.3061986937038,-1.8292078039657,36.9349892292925
-8.02955126891968,0.924992697961193,32.6829027537701
-5.26646564580608,-0.608401666315663,30.1248559355957
-3.90746081763667,-0.392384878342894,24.7012365786679
-1.81757330068732,-1.17911774378598,21.5084521698233
-2.60647896935716,-2.73722183815675,18.4802464410283
-0.775235076390755,-4.26337806504059,18.9907397724053
-3.45111318938956,-4.37971086646423,14.804910967412
-2.31508374711477,-4.68984928742218,12.2804710223992
-5.17481810498019,-7.05757114791955,13.3256447105709
-5.57853924655008,-11.0417831736073,15.4036547007855
-9.64848633136902,-16.5980325721221,17.9466330156356
-15.4422780134005,-20.7020808338996,27.8318469429444
-15.9510037247358,-19.3644908051548,36.6095610950785
-15.891595538396,-8.21258667054165,42.8860175167643
-8.558811367133,-2.23718513911895,39.0900496348388
-5.16487249276631,2.59249338655126,35.406170582343
-4.63499079175924,3.70586486376101,29.9779473398494
-0.709067916412045,2.08259631278935,25.6685021469656
0.63346062635941,3.07603836780867,23.7395834925602
0.41779319593794,2.84506495124587,18.7983537262397
2.42145304596496,2.07891239645754,19.2493170659695
5.62425569615216,4.59512739361166,15.9842691234134
3.15541528647913,6.58242751496507,13.8860314182221
7.03640708972531,8.37263093180731,13.8564829003009
6.41903073698902,12.3881234907506,16.3905339724304
10.9784442441325,16.6724389538968,18.6110316926869
13.9175382294292,18.7834623485568,27.7712123289641
15.8758195225031,15.0897607591548,37.4491294080849
15.360397269981,8.71430000975497,41.729903163954
11.0793855630634,1.275601204049,38.5623546775481
6.29017548028639,-1.49304384902117,34.5640349184457
3.27511816059439,-2.85154324032215,28.7078867427986
-1.7432997428701,-2.46079091357089,25.680335613904
-0.59907720778929,-2.52906339338277,21.2463948564179
-0.184781811218052,-2.89268085454331,20.061876016527
-0.892551251385092,-2.44941991273125,15.7045429653086
-0.194493664144821,-3.24559455510157,15.6589115164422
-3.72460115309708,-5.16338421070998,12.7923068018096
-3.44938095199473,-8.34332360465078,12.7112412761928
-7.04941834414873,-11.5371415252386,15.2682011801843
-10.494888549303,-17.7740485471556,18.9201415869937
-13.0104751780444,-19.7405786880553,25.0290643464079
-16.4743239940754,-18.3885136234703,34.7920226778346
-15.4830673034916,-8.75344425328877,44.2635226064135
-10.8246680191847,-2.11826386191513,39.8448546875392
-6.01659212660515,1.55567511786622,34.1124005006376
-2.46233827164941,3.07973481457746,28.7086442997246
-0.933798444889507,2.94367090220472,27.6312371148029
1.41587718398458,2.21397518673164,23.4143742361732
1.18304723350066,3.08253830118783,20.5786287810635
1.45407921583684,2.82584590409643,19.1401579232271
2.01158232692685,5.08697477811987,16.5109372890947
4.11469183457676,7.64468379855659,16.4709266616289
5.1888380554162,9.36121571054826,13.8873607950521
7.14131824629784,13.1857110597559,16.8660739168045
11.5018281660937,17.9084416635383,24.424941957152
13.4074668959379,17.446083290656,29.7280254006243
16.2008669662467,12.0434906356575,39.113625448414
11.9783367101846,5.80012803154934,40.9875772072961
8.38008872544682,1.3563052008592,36.5618514901997
3.75262570202088,0.138410971108847,31.9638886186216
2.0215134324731,-3.12113446470358,25.8151152991938
0.728209912607007,-1.78805917427636,23.1857219495211
2.0280993892955,-2.48056492859812,21.4402234332678
0.621287277021271,-1.30764894937177,20.8307483351719
-1.12543740620882,-0.895862702255444,16.4580476959577
-1.62791926857391,-1.35780774199504,11.7368407469405
-0.945017913681278,-2.06687696086989,14.3668729718387
-2.2489685254262,-4.23219049665743,10.3722381405444
-1.9194505810755,-5.63065555423491,9.40231064318805
-5.00072648970075,-9.44508611809715,11.2911717164556
-7.58929345232148,-15.7756852281935,12.30688244231
-12.5968543404604,-20.0354477567582,20.8864549586044
-15.0818070629113,-22.0326477986396,31.291657109681
-17.1220342857691,-15.4778698210066,41.8874313281612
-13.0289418593443,-2.34741839935038,43.1442943469987
-7.0966696861235,2.25010135439425,38.6227831199053
-4.23335835541483,4.55967709680572,31.9213490368705
-0.347711603333554,3.05581215111179,28.3561394219723
1.38756165547675,6.60139809439631,24.93388386912
1.67531715521639,6.57359766850926,20.3694196505675
3.49567235305942,6.24200270765308,19.7580386314398
4.09814533304932,8.43465285290957,18.1075471498073
7.79313089116284,9.74802938921015,17.4977587324138
8.47129835277369,13.8986583804087,21.0081465643295
12.3869766796782,18.0335504097923,25.4929902785737
13.8653310782656,15.9811864592412,31.8383802883536
13.3149616214109,10.9710835597356,36.2953051570766
10.1671652937336,6.39073852677445,37.5857477447001
8.79691022006027,3.15005804559788,36.5354055412873
7.16595650256557,0.841353229011626,30.3059918254604
3.50754309101854,0.212646329859079,28.1340358314597
2.72011033226529,2.33459451567463,24.1519793143217
2.50627263907941,4.00767687314097,20.6828757590025
3.26310309811492,3.17257119193349,17.2322853039303
2.98663402892962,4.16550294578978,19.5316084438244
5.49611311234692,7.73059693510907,15.6066038623752
6.74471881640504,11.793786177672,16.1999376440971
10.0042972679867,14.0977520229899,19.1089395259747
11.8868638557526,18.042820148556,25.2697435902926
12.9480313334341,15.4947644955837,34.0807229060053
15.1495437043721,10.264969045536,37.5063261420923
10.6107916218094,5.10478209951128,37.7553675561287
7.47233917926001,-0.348956423037064,34.3732582727111
6.32282439016193,-1.3035464704634,30.1603445388281
2.91013121033272,0.574466767077096,28.2152589809289
2.28491789485151,-1.16049444523217,20.9704593317225
2.76831500366474,1.77038050544704,20.7938407468631
1.7039283544241,1.0424663976837,18.8856565612389
1.54460634862038,1.28271890955419,16.0647250838151
1.96135350134288,1.86028149164459,12.9021144537702
2.84231528953014,4.89005665493366,13.7214863405912
6.6050831272568,7.73473305974537,11.3406152083587
5.85933187534724,10.2691850302185,12.868542709755
8.98165354712567,15.9952032713452,15.4471922255062
13.7659578141763,20.0369424976542,24.1868023848554
16.3690297589162,20.1076719096043,35.7568060231941
15.2681396164914,10.5693787854638,43.1613619437704
11.885772018168,1.31745525629024,41.3472338793624
5.48299268271023,-1.40768294455455,35.2492647527482
3.10099310577293,-3.03197017825719,31.3162152692057
0.614151105148058,-3.46341299384404,26.7506688763223
-0.858948831128731,-1.93457417957811,23.7166132009951
-1.55716750811131,-2.40880891269126,22.277801959861
-2.97486483457704,-5.56785843594903,18.6709940486014
-1.88059681972186,-4.27013733978176,17.2030310187443
-7.38523342997776,-9.2771285505246,16.1148702387696
-4.39088814021003,-13.7801036391117,15.8086838967629
-10.1824207435279,-18.0640946484918,20.3261876330741
-13.0590051318945,-19.1772693505573,27.877391856653
-15.7701743407416,-14.3716081924198,37.7480508352291
-14.7457888532266,-8.39021086330671,38.1588847437416
-10.9317206462323,-2.10599779083563,36.8777917116028
-8.10489116495263,-0.131055466526215,33.5144011768498
-3.2776603065359,-0.518189302056121,28.4207026020973
-2.73130033349395,1.12858654307332,25.4528111968343
-0.265238727290812,-2.4633239690327,20.8151883081698
0.278403586597201,-0.634760953218725,20.2238123134331
-0.507449862698313,-2.0191499631221,16.6375512117259
-1.58174335971304,0.237713252972257,15.2414032474777
-0.518060723713708,-4.7368801674361,13.8755655835207
-4.01297327946608,-3.87071546637292,11.6791745166994
-2.97336271610805,-7.75408002780125,10.483629537322
-3.99602938301794,-7.75145557882788,12.6291487760673
-8.91925298323339,-15.3668679165832,12.0838380366295
-11.5699039918861,-19.4856211079513,22.1764615418605
-16.8596969627984,-21.6725279601396,34.1270319647537
-16.3189904740684,-13.2079140402899,42.5607537910417
-11.970697653442,-1.97534222567097,42.1821445889345
-6.78389993600278,3.27616387210324,35.686679779792
-2.9448997854201,2.78227330087253,31.6027934912688
-1.36409491647052,3.90555063519444,26.3017731123504
2.99840009289069,5.15491755495543,26.1229527288296
3.20889030601594,5.10832930010837,22.7024933970643
4.70108908626717,5.65285477813468,20.9790736508199
3.13091523150692,9.6296998480605,18.3131092980502
6.76543168965646,9.80233136801795,18.6364999951914
8.94900179562946,13.6310706544448,19.6800267486971
12.3690780824911,17.2996203405349,23.7889811201603
14.1106073421117,17.7922155286424,30.6626056007981
14.8642301238466,13.1462420676127,37.4744772701647
11.1973018774373,6.32389666119529,38.379781847767
8.28786527134495,1.60043531952759,34.2511796706029
6.97020096955859,0.299012466081351,33.4898379442291
2.76067390364603,0.419095293072158,27.4867775830433
3.00215643933274,1.56103479371818,22.715739396899
1.98958800876018,0.492475283809825,22.1941286992093
3.32146875653801,3.48626060169895,19.8603028542404
1.46096269953267,3.4535143371615,16.2104266326135
3.21601046533405,4.39903442579927,15.4331548690857
4.70272045739556,6.10199725417719,13.1965549474334
5.57957365121532,11.6387752185397,15.6881958290829
8.54257427354254,14.4526362002962,18.5806003967458
11.6597948016862,20.2039767306172,25.1290801866649
15.8014028727764,18.4990414723099,35.482044414603
16.3794813718372,10.2106902618104,40.8735068156247
11.2743333235048,2.78243070643422,40.0608719878655
4.7711175870323,0.273111352058426,36.7748542211914
3.39930451175286,-1.8635790102804,30.6824976142198
1.46683680607259,-2.5222131706807,26.7720563239266
3.29566662596138,-1.39856547814784,23.5186593938211
0.853242209715562,-1.56317142201626,19.2735567797868
-1.09650445000921,-1.83199259279857,16.6575837498022
0.419096449447524,0.44670880705119,14.7209524657915
-2.98984300353122,-2.06502310505239,14.1918032799971
-1.4299558696649,-3.58347918936369,11.3275204227112
-3.97542002580293,-7.55670177223057,11.6200441046155
-4.722728187365,-8.94942304184093,12.0590614604854
-5.84687147928713,-12.5876448174606,11.5638701021277
-9.92238967896384,-17.8259398613425,17.1217605249298
-14.8324022235718,-21.540173543837,28.6199641121886
-16.7356467664604,-16.0933250813615,41.324486353845
-12.8297958652276,-6.59601389289427,44.0961432225964
-10.3142364048426,2.38027403773223,40.4343687936609
-3.77097337166576,4.22212750759121,32.8709909957573
-0.33602702868861,3.23406637178948,29.0361360762244
0.211077141132708,3.91642581661341,24.4080937088662
3.47933342433903,5.51200102772579,21.549496860363
4.57575679596517,5.22432896938064,22.5334421935482
5.28027912077966,5.18857375516446,18.9571459176383
7.41826823124786,8.29536475799698,17.832438220281
8.49227217408345,12.3659720611732,19.139052223854
11.4698737350686,14.9353630176059,21.6586813227404
12.3637313832356,14.9361045811304,28.299677650609
15.1116776409347,14.2802985043871,35.8790474339877
13.8537605586653,8.307856371754,39.024505830389
9.65719624001234,3.72877958644741,36.8100740466645
7.31303559201851,1.27187892902243,32.2193355897056
3.90409324449121,0.76038812889673,31.4491088335005
3.80757715203349,-0.206612020486981,24.6008524455498
1.96324824192324,1.46437192146539,22.4566189275107
2.30892479732747,1.42372766099814,19.1140512125718
0.890923540898824,1.56968638254618,17.6626450364701
4.36119621312058,5.34641137309152,16.3669761287492
4.04619006883577,6.43893722074978,15.3491902527061
6.58025452557435,10.9812206900509,15.3771882414746
8.72910734534944,15.5506985028047,19.489874336997
11.0891167492795,19.0350270683349,24.7378112894501
15.5299101265653,19.1708480861845,33.3965065916847
16.2995498265571,11.44915978388,41.1237113056382
12.6745667742292,3.28485808969202,39.7408702433049
7.54962192301107,-0.70988806894352,35.4371463739009
5.09499047186314,-0.421419703319775,30.7143105886572
1.03230553384573,-0.186085881999317,26.050522078831
1.91098994160536,-1.93837768404318,21.0383011369949
0.042480679667226,-0.72236017749182,20.360316619655
-1.66380322695681,1.11607877508187,16.09047589714
0.465255852147424,0.37211207544662,14.7619992511484
-0.491475990539896,-1.40810915058751,12.6172183698328
0.862284326134954,-2.43738588190042,12.40158958739
-0.816685354933176,-2.14199378574168,7.73014763354689
-3.07859121026478,-0.980070577763839,8.50549179415888
-1.93032152245018,-4.34107267939083,6.53224766054682
-3.50802683233244,-3.35706994810995,6.38279814015248
-4.63763930126052,-6.18906748757916,5.91356838679708
-3.76377415972639,-12.4442042282812,10.065387695697
-9.42214528267566,-17.8986201926222,15.301853079177
-15.8215051318968,-24.7459842869015,25.5369040830219
-18.5864270953729,-21.173256416764,41.9177882260657
-16.0334069135281,-5.48386784476516,45.6608548631828
-11.5439140876344,2.96933883044915,40.8805375467479
-3.60260083558263,5.88810439180097,35.434891373641
1.40204053738742,7.19395032046791,30.3808792192481
0.868515872360952,7.88691493311521,29.4232594855099
5.45472157339564,5.69331084317681,24.7066783899153
4.36444218477991,9.22809917371342,23.1467903701597
5.84173390998281,10.08080735983,20.6930696596394
6.74249679635907,12.8669088587527,21.3448430843666
8.75230677972215,13.2683101303508,25.7266836815028
12.5634896048057,12.7135232623273,28.5495022278224
14.1687798630844,12.9826042211094,31.3085883413506
12.0355548399548,9.39723286531227,35.7998839133173
9.22090207234317,5.86696210569332,32.5778889177633
8.1648965040541,3.64486313454224,32.1543797066678
5.75659915414091,3.01431652200966,28.6544972465667
5.45764178071581,2.42066708540597,25.5218510217642
4.78118288594163,4.95703088636776,25.9412521823595
4.67429959436172,6.0070466766365,22.9859547195095
7.36611356309553,7.47678047148917,22.2263868705356
7.89495313308131,9.43010601253818,22.0386483200486
8.08181032532313,12.3073385616146,22.1759101325917
10.8542599926705,14.1924521751997,24.5734971468585
13.8727578429312,16.5440661813825,31.5872237741032
14.3664273644856,12.3085814041838,33.2439372083344
12.0487910395466,7.99761068114994,35.4433197581635
9.55041406798211,5.02458583412474,34.6833213546384
7.20121327184936,2.13523899135594,32.3969850678619
5.58152413574341,3.83795751250412,29.3678948545713
5.93945354248705,3.18081795337084,25.6779813123539
3.29539961046093,4.16188566027277,21.4198514945765
5.86217980463949,6.05965027512731,21.6764228891947
5.64847358798366,7.96995849959736,20.6574084542793
3.76071230931896,10.0371999946859,22.1015281488454
8.85738316290247,12.6332498672273,21.6710836398989
11.1455802418971,16.1970015624164,25.4321313172806
13.4764197423876,13.9959374727625,30.5073858556543
11.9215765509237,13.1841015554736,36.0482528760879
11.6505961207697,7.15500473531098,37.0202907748592
7.46533256728854,2.02359585931462,35.3287431249353
6.76014303962142,0.282379018667253,31.1377132269822
4.20513712267447,0.521538066798214,27.9626585410918
5.13772210530919,2.84119177209464,24.2375500606455
3.17384788672445,3.36526258693301,23.110305374923
4.09782154725744,3.37948406415313,22.2680823777178
3.92807636269186,6.06417881161129,18.9155701111084
7.28754930724164,10.2350103788915,17.5985968897729
9.26916863082804,12.2475683036449,20.3383578874557
10.4539405318916,15.1188307983399,22.9101579770335
13.1822799934207,16.804540857642,27.4896445664283
14.1055472253244,14.7667123456268,35.7568066466416
12.1148754078394,6.92642343018186,39.8222081820402
9.25004962651038,4.57818758271604,36.295869247696
5.78438648883775,-0.493070324592572,33.8110769421488
2.70541629557995,1.21627932438038,29.5338179345282
1.87995306487613,0.968960562517302,24.3042468085221
0.420870690229247,2.31222823587801,21.9103324741706
2.15357374687304,3.05653395596989,19.4911621146679
3.98729435024754,2.35044501845166,19.3827279389391
4.48046377347684,6.85018570764787,16.6000801189808
6.69335798205677,8.57719108661767,17.3577511863773
7.87043725516367,14.4800337288058,18.069908496684
11.4471037590196,14.9022837234214,22.559717893441
14.5057494349866,19.8526627791927,29.8395799350963
15.746903584371,13.3389469173846,34.982452296019
12.9440507939747,9.28286303948514,37.7576663995751
10.0601786899866,0.889918193124065,37.1175792059779
7.53581968356291,-0.672560975745004,32.5124658956274
3.79404458733357,-0.758314928278998,28.5344511364259
2.5869258335654,-1.25791122164896,24.1714093342608
0.704700719760851,0.355081567561611,21.7499161262715
-0.359842931396055,3.06689697684948,17.8879450027996
1.09116261102443,1.62962919162263,16.0889476038148
1.0426482714203,1.14903312942489,14.5156185661128
-0.153239360924327,2.46396798952313,13.319901390513
3.1081831330208,2.64811099392151,12.6408170236081
3.80757919636128,5.77166621701889,10.6329640443272
5.24518763807687,10.6827041156278,10.5311347593121
8.24968997613306,12.9617596712964,12.8282248475304
9.20438314959073,20.3934083115774,18.3010824133485
14.8839676853653,20.8836462638058,31.0287131302865
14.6001933792851,15.3136002885089,43.221021568882
13.3118328487724,4.58152218855246,42.7657297049033
9.06610370062174,-1.74852714817123,38.1776549771664
1.45144889170583,-4.32135443716926,33.2041905812899
0.125316113078042,-5.07181158733272,28.4573027290536
-2.18955279771582,-3.92895961422723,23.9468948412343
-2.18758318644415,-4.01953492294664,22.18490071601
-2.45389753272411,-5.17245142618786,19.3924249142231
-5.82307940896615,-8.85595635415082,18.0591921453282
-6.98248573383485,-9.00701460974537,17.4624806079185
-10.0272405025113,-11.7948903223953,21.0967734102427
-10.5825863083505,-15.7467945018146,23.8808570243111
-13.8429282801083,-17.5699310255484,31.2592397159666
-13.2299711714004,-12.3037032897002,38.1109788171183
-12.7999524861079,-7.72648192355414,38.3462172281199
-8.3921001830941,-3.64155358993337,37.2148044960741
-5.8966312297771,0.721503173872318,30.475176361512
-4.50710605844724,-0.877351825277704,28.7912752515183
-3.49369725417474,-1.96388203620457,24.7922951835103
-2.91748176478564,-2.76974825133504,22.0443225303333
-1.66380103730056,-3.05644970119656,19.697450697571
-3.80668125032771,-4.66304181094388,18.1134046946897
-4.43114653787396,-6.17369246394534,15.9303757487125
-5.59268727697579,-9.31010951270757,16.2472709562172
-6.30372711302782,-10.7047619397364,17.3005029260242
-12.4815390272477,-17.6620239362386,21.9976020245354
-15.4728286110875,-18.1899545134447,27.7918322146516
-13.7897555605657,-15.4866803192962,37.1549218787108
-15.1400097856496,-7.41250478340651,40.630113657366
-8.75281624589707,-2.15262058618955,37.8390979630908
-6.67183677487466,-1.49408742846731,33.8609148289618
-2.93491235550275,0.687395950372754,30.70008848025
-1.35070268213063,-0.0334451098373776,23.4702831669798
-0.458686311600784,-0.488602785312001,20.5690013705469
-0.152719208725499,-0.664096357263741,19.578941251181
-0.509527253642391,0.0536850307751675,15.8306759488176
0.147018081325565,0.00900219290632376,13.9383549504446
-0.0344378397294664,-0.897760320511042,12.3394395809389
-2.93665541159366,-1.05969569236534,12.0213512696091
-1.1283467795559,-2.2261066670422,9.92380363743654
-1.30552769461441,-2.53881502688059,8.9506597443781
-4.78659694993723,-5.61632018639134,9.08940775989282
-5.42866272503644,-9.12357978981988,9.16448768275567
-6.74942111060985,-14.4373706279964,11.0815693392165
-11.637507692903,-20.1328423497009,16.4589965749629
-15.9794114040307,-23.6744105303573,30.7036251966413
-19.3670312585326,-14.4517683912599,43.3519923438912
-15.9446178274843,-0.175562948204294,45.3051832968893
-6.41600735287763,5.26102246258751,37.3297252921376
-2.64916728315055,6.52218638984075,32.1351130079939
1.42645998445223,5.44643744044523,27.5055460867892
2.22374507060109,6.36493350471331,24.4457821049171
2.26650178581253,5.56605225424886,20.2945060320815
4.45992885323065,8.79819922435522,21.7173761818327
5.99556110565597,12.0192872990886,21.2672460595832
7.70891434435092,12.0257280418655,21.9603057825746
11.2843133985418,13.0824421522311,26.9581902400248
10.7603274973721,13.9689131384219,29.1944190030901
11.9238637789387,12.4124434910312,33.4625768942653
10.1580088348591,7.76784187942882,34.0983137831315
11.2081262618519,3.63404835002282,33.5747532427785
8.00505590886305,3.76289509242847,30.4807533535666
5.37010104575886,0.720179012872765,30.5919897892081
5.04545205107942,2.14709792144438,25.9759505752909
4.82469030275913,4.42530775543753,23.4032361934471
5.94991729116585,5.90498526807293,21.9217744495508
6.26841579278179,7.16577837080957,20.9717763172864
8.037258581933,9.31173501977815,21.9862502821183
8.9385563142208,13.073859047179,23.406243207781
9.45972762783054,14.5601973956993,25.7348325345688
13.0997724709646,16.2845432547631,30.616311906845
12.776260207395,13.0361313824929,34.3959405542636
11.6799658346415,9.46497447149328,36.9121447500337
9.96494008503659,3.21355561075927,35.8252013538054
7.34261031610832,1.16229433769149,32.0051107379192
5.54525092377657,1.93137161739866,29.5556535734023
3.57410986060344,2.35703294841875,26.4667401847977
2.30204727248945,4.17001163897115,23.3774239069073
5.27541427218916,5.37743414154095,20.4820951633098
5.80769812500523,6.44595635539836,18.3824306961545
4.17593874655327,8.13771336298074,19.0541357755584
6.68461584876693,12.7468574171331,19.7378877311005
9.55535854462175,15.4138582587789,22.2944826324518
12.584033494996,17.3654504129885,28.2109691589846
13.7562111040622,13.8657475545026,34.4461859726248
13.1662716826603,9.37117159597324,38.3270093136133
10.9829634908391,4.32082898920275,35.8851021845133
6.73613530071415,1.04727083523283,31.5916900412827
4.35432149911372,1.27816795236932,31.0940528683233
5.76288308460402,0.762074681541916,25.4934829519304
3.22611596818247,1.50295153445116,23.7338501598289
3.2596639428615,3.35491438758825,20.1604507571418
2.5696063192172,4.60803330441263,18.2710802492508
4.38183529768616,7.95886997077403,16.268314008405
6.06689222778932,7.91191886770282,15.5421605130476
4.61023778552316,11.6525938208053,16.414628026668
9.45872341008245,14.4826072130453,20.5358285137272
13.4556913576485,19.6229713972585,26.2893444549855
15.3104432603989,17.5489031481018,34.9584934502348
13.3970051520359,11.6584049581529,40.552077217831
12.364094875296,4.29897368613204,39.2349033921265
6.26753943845241,0.0715794359551137,34.8928228518469
5.20257458612671,-0.340336750293664,27.860014455883
2.82515818858818,-0.572254485850059,26.6255485210685
0.0597369679959423,0.72525688276548,22.3531310918339
1.68990539401696,0.714760256275698,21.291461315288
0.107641245272165,-0.810900245150724,20.1526761501006
0.773029498068792,0.461746920667095,17.0999508941453
2.03360997571931,2.1982628324197,12.3609376678121
1.2877110431151,1.65352266629357,10.809861373361
0.201710984980897,3.49461980685458,10.3922903290306
2.38558346592189,2.19307155342243,10.2882969140858
4.67689828069955,9.91908586420691,11.6619098908535
8.56524295474706,11.9729858495649,10.6046572915347
9.31557817862269,19.5211455369613,15.7719819790067
13.875112578316,22.452851332029,24.7948243352881
17.611273285422,21.0823047590593,40.6728398478895
14.7441316359669,7.43982518739902,43.9756163702064
11.7828673848591,-1.47564729393877,41.5010570212369
3.13187690767849,-4.18731460635771,34.4522321310701
-0.916372735840243,-4.7584693467482,31.0047596476613
0.196127934188364,-4.46407288761477,26.2732778501322
-2.09405512408067,-5.2648384887045,25.2183974541535
-4.18716005516082,-4.302431302807,20.5995700142086
-4.28524099970523,-7.47937096182487,21.5077328043828
-6.23553064949483,-9.78474579347948,19.4314064128371
-8.88371542892699,-14.1027438640746,21.2341971332479
-11.7622121085607,-13.5696828597836,26.6907175273688
-11.4298572199488,-14.3153060736404,30.8721149585111
-12.1649231468518,-12.4412333293244,33.9301123277839
-10.624356836098,-9.52563722371195,37.9090365622301
-8.07168420723453,-4.61037708926878,34.0995789025102
-7.83688000804558,-1.48680636583038,32.7143080489909
-4.02694479792493,0.162082263710909,27.2715934015202
-5.34936880895631,-2.29895463047555,25.4211373789512
-4.42212430445338,-3.04280638071402,22.3687340061708
-4.45437847581587,-5.80789506392875,22.4699079208887
-5.7486316402086,-7.76250236786165,19.2609693008486
-5.15404160673355,-9.29157547189146,18.2411632309795
-7.93870307982185,-10.5016967990935,18.7002795723332
-10.9553300197655,-17.6477766187524,22.7149362801712
-11.3776863413007,-17.072227061111,29.9727521384972
-14.3282400445776,-13.9932518497876,34.8179238688628
-13.5466066493567,-7.08989344287136,37.7110737483149
-9.46233936283482,-5.10434555419537,37.2352154504176
-7.54559185870427,-1.15655311683934,32.243140012188
-4.44541592312493,-2.49717214594434,28.1151520267194
-2.50073508465868,-0.346316766259063,24.2542737452464
-1.78419227261626,-1.98341413475965,22.3495901794224
-3.76232187851795,-1.25961771512809,19.717207762823
-4.09130060440947,-4.35657904120861,17.4396871176456
-3.27384464397337,-5.61175588256339,17.3761416092853
-6.43902517696072,-9.75304315921394,17.5785538871147
-7.67467343977378,-12.6415834096204,16.881220556707
-9.1856717268907,-18.120303006346,20.4013647231659
-13.0515600721172,-18.6925522466568,27.8973742558997
-13.464969235312,-15.9640331021319,36.5466913717861
-13.6748212971862,-8.13575914955868,39.3386986652548
-10.0824089119536,-3.43908354996664,37.8035451179645
-7.07561555736246,1.4457597535119,33.6038316942692
-2.83935558579007,1.65216352523427,28.8800670191977
-2.20340335739577,-1.24161715213711,25.9046960742253
0.191461732827749,-0.247143494165124,22.9613899607903
-1.2457989608886,-0.564406537916457,21.2461051947479
-0.423195167611237,-1.901554296603,17.6661600839876
1.17967530250441,-1.32623750902304,15.6928943313405
-1.80031266884347,-3.84823076881398,11.8899531345362
-2.26440396112712,-0.773953855912551,12.7505514907638
-2.38196218658704,-5.68376803396089,10.515971658751
-3.45585675264908,-7.04391874389641,11.0550577114913
-4.82189738346048,-10.0716865683321,12.3621698586165
-9.27658760598742,-14.5062090626293,13.7355416164265
-11.3055968257477,-21.4256535205582,19.3684690132782
-16.4125973331217,-21.7648571720717,35.2507360937664
-16.9918642108055,-14.1699401049536,42.6290120293979
-12.9343090672683,-3.1690479238362,45.0433459133607
-7.55275594544597,5.06682264672547,38.4316806871027
-1.93004448966241,3.3646106517181,31.4482368174476
1.04748315726489,4.02838542755839,27.7175216592572
1.49658771146163,3.38649080209086,24.8330247109691
3.40572426979113,5.72720141694103,21.9786858824048
4.98530501808304,6.24200400964611,19.2894885603404
6.60793219473358,6.70521612952364,18.2289271051928
8.45294206661737,12.100483616388,20.5512010517446
9.12129613886021,15.9978670423502,21.4428708416552
11.083871420269,16.415612061131,28.2793400906362
12.5802052842661,13.6670625604147,34.3076517088035
14.3916660704143,10.7511960062436,37.7477880937946
11.5640700288163,5.03390938812132,35.7136150759533
9.1750482976249,2.1024619177531,32.1741583262957
4.1263898069685,1.70187061619994,27.7594413571242
3.46231858575813,0.0399911943850284,26.7648522178477
3.4661940404568,3.14918613299287,24.1460323318234
3.39496775808005,3.2343662822284,20.796221889044
4.60582269809879,4.91715193286307,18.1562768036195
3.96715055463241,7.27283598799331,19.0163533045504
4.98152933855083,7.91778734578278,17.7550701471952
7.53610405234933,13.6319565312729,20.4467848527088
12.7097975979781,17.8647640956687,25.4660304399039
12.2262495194958,17.9218437067415,28.8935780330976
14.4216378692294,13.0059879761257,37.5153275928814
9.35933060202611,5.99243402041333,38.3940862455324
9.48904022848597,0.693042064345025,36.8832763307198
5.12311474114313,-1.40701147200748,32.2592710217761
4.3747034686848,0.198118048446107,27.9336474619594
2.42107469253728,1.669906435563,24.9377383955284
2.20858236553386,1.23170337591244,21.6495481759175
1.61251243241514,2.2640766523615,19.8419732760299
1.9608806624021,3.31924767732088,14.2593932083625
2.77951042559172,4.54514523093322,15.2550437656484
3.53401113172138,8.14579443044886,16.5714553090447
7.03754242984046,9.59212467117091,13.7864595762431
10.2407567335267,15.8067813086574,19.1144470844295
10.6062061217644,20.752487995985,26.2750348544562
13.7807301431232,17.5129804599096,33.398138800854
14.7520925958812,9.33438321751044,41.4565182006043
12.452538370594,3.03061139326526,39.7392974529835
6.99130105136537,-1.44142311889649,34.4251191339212
4.40353664035588,-2.12375834818567,30.3423269791612
1.6438044182816,-1.02915505701645,27.2945497384681
0.624163395448743,0.319681676715513,23.9304868755338
0.642676532771749,-2.28512187407989,20.8643364726913
-0.279793258814295,-1.20929880308782,18.1290809679959
-0.00113552914233117,-1.42679504688145,16.1471430062982
-1.27105654876646,-3.05301675623457,15.0464509707726
-1.32025737194323,-5.11832230049462,13.7887269673645
-0.914223275608526,-7.23621843183255,10.6971425644097
-5.14675153642772,-9.95024223445779,10.7542470883329
-6.7486451123574,-12.5980801484331,13.477403258292
-10.829428097335,-16.9889796395082,17.5388175600411
-14.9175339824229,-21.5111458287918,27.6507164107145
-18.5981642993297,-16.6501353701658,40.1782246325064
-15.0962542381401,-6.54197900547392,43.3498905065695
-9.9596160813007,2.41991170664483,39.5587668351585
-3.82449030657292,4.99209126255168,34.8421314444029
-0.214209852047166,4.60937219940876,26.8161831858384
0.236064319695588,3.89457608492465,25.3861229779447
2.67939260331397,2.71190765710507,21.4089685531432
3.50216791873184,4.65361105530474,20.6612464377911
3.67688526149417,4.14759585150849,17.6199640668376
6.72450254266966,9.11281427798742,15.4882076819637
7.19470685567821,12.0128848977291,18.970648376882
11.4038224973532,14.3982217724049,21.9737063120938
12.2987138010981,17.2376386351415,28.6875026857589
15.190754207503,14.6799593675887,35.685084814622
13.1150004719918,8.70602867466649,38.168700786921
9.56041267863126,4.1491929947407,35.6446719990155
5.41593462073407,0.517225997360216,33.6152488305223
4.63041230103889,-0.602443158113341,29.0453341315707
4.12135131380191,-0.237358048212146,25.7628234448974
2.58911746274575,2.8377122747676,22.2918566739997
1.98183471775226,1.2422255847364,19.1933665129572
1.33571896549685,3.96017701069063,18.3230340906945
3.99035015623843,5.54779056881938,15.6946960181829
4.8378147069059,8.26382163624137,15.9224529518474
5.92585821311068,12.319461475153,16.5620145758547
8.83335915885002,14.8705337021916,16.8697819441442
11.6325231977008,18.0445082698724,24.8018288570994
14.6581001328503,16.3036159329174,34.1150924113686
12.7339202184802,11.8376636789946,38.4817224238432
11.2730895836795,4.3548565804952,39.8055840074975
6.3994350578518,0.367699754329827,37.0384341369445
3.97667442186972,-0.566871791119437,32.844255858774
1.94041718915226,-0.951022272000151,27.2217775480071
1.68959628142069,-0.664781427107536,24.4224491433142
-1.39739302404196,-1.8178642662283,20.4628663090804
-1.56107970508476,-2.05433423101721,18.1978937527068
-1.24679497074472,-0.686000435210655,16.1190416929139
-1.30618615973856,-0.901933041436213,12.6846417629493
-1.29647689438764,-1.28310966650988,10.8455477219707
-1.62744662062729,-0.786596053772186,10.0069590155106
-0.363865223389571,-1.90164448260445,9.94780574760099
-0.732867880882846,-4.0415686012469,8.32445826523334
-1.29876072410729,-5.00141239099776,8.07371096477815
-2.35728304093832,-8.52422381672509,6.34936167199538
-6.93255238936758,-13.9034986033109,8.33122109938319
-10.0129861335815,-18.6148866336079,14.5291641471214
-16.9683800523573,-23.7702280593804,27.9748457572234
-18.9180105979645,-18.6725983796951,43.9402467789996
-13.8104703647111,-2.91489198695399,43.3226984946
-8.17586542384259,4.28530682306322,39.0302215843164
-2.8604475071143,6.01632837234869,33.8059624365605
-0.713157422076472,5.74814123682642,28.2846026620354
4.16886048447337,7.71415393805406,24.9053761020404
4.33468464553997,5.97796014063012,24.3694856941846
5.31291847116907,7.00859706774163,21.7351000582956
6.34562400597921,10.012435049208,22.5956967978262
9.20308391757585,11.8836600427634,23.4151338216275
10.55689109327,14.02989607865,24.5373199081692
10.9111673967127,13.3042564871981,30.9579160699816
12.3693929265511,10.0453090046256,34.1759181576791
10.7394959048041,7.61886170812374,36.7398529743698
9.24687963856384,6.3070961769262,32.8028966769202
6.51616251909095,4.15102387916337,31.8452980496216
6.10391858173317,2.10313152221868,29.6374375832659
4.86080288741441,4.31759482341889,27.3589206864245
4.00396201336582,4.27056373136912,23.9402795912523
3.89907224007253,6.28069458103199,21.1875930221559
4.79133738365927,7.55040692194305,20.6405487261085
8.22119599149181,10.6627540752318,20.0100210623456
7.48156651793842,11.2162305917131,21.3513194156773
10.4735961664161,12.5838384164194,26.0569130703489
14.3730468922289,13.9544077263441,28.5445603465582
13.5070334997694,11.02255286705,35.7469019200683
11.1731077381595,7.46696869539207,37.4529818841361
7.80554221862086,3.29296669027635,34.8071499232886
5.66568885371467,3.79625817540807,30.953707869592
4.16849219751261,2.5836481092849,27.910097810608
3.63375182161681,5.76733230303327,25.2667408758128
4.79295061313997,4.56261649183733,21.2051044990351
5.35802993232253,6.04860290724352,21.5384843992724
5.56188400408378,6.2256135231725,19.5970353298605
7.82876809429419,11.0327783967374,20.2230154450316
7.62443897977022,14.0270327621013,21.8901972258294
10.376324336391,15.1705311542942,27.458529169072
12.837179090391,14.6388818366374,32.0669558690153
13.6073392529674,10.4866943654869,35.7484222255526
12.3756798875448,9.04461387775167,36.5467529039467
10.6004564026016,3.2462237399219,36.2077349189016
5.29575228033672,2.24106370314745,32.6138032273454
4.71824979641602,2.30443412918817,28.6406240525708
3.74720852954769,3.10615967183668,25.090020951381
3.44214660154482,4.05032977723809,22.0237426964271
4.27994197822549,3.60085540046576,19.6409544624331
2.70459464773469,6.08867161891584,19.2673825530408
4.9550212823711,8.50730882899036,18.6568369795149
7.75481058846569,13.2191141712109,20.3786075801956
8.76894905864501,15.758997304899,21.286907045426
13.5420196568254,16.3510006979268,27.7795866636151
15.3081814877268,16.2439895126067,35.0438421939139
11.7432355500885,10.0521454479882,38.2029458735326
9.59302553068197,3.01948378379175,36.5179642103417
5.72641340872094,1.93211520145528,33.9174415647921
5.24358431005624,1.51132784124796,28.5125446196075
2.55955075233408,1.61940903139281,24.5760217043747
3.35562195278312,1.84910904183121,22.7318057984989
1.45574310327342,3.47531419538618,18.9734560234716
1.78443292521743,4.39341152258442,17.2429335381735
2.60997360214106,4.29917548623611,13.6295882658068
4.12559746363496,7.30536161389891,14.6038130773203
5.929347677132,13.1396331566277,15.7238114493433
10.1834166173157,14.6907892405386,16.3234753013972
12.8899143388032,19.3262648023269,24.3549964199491
14.2664961259027,18.0021035577385,34.7447441529346
14.4061365305815,11.545207160099,40.5195634978601
12.0898881291668,3.60114539951482,39.0296908591596
7.58902481862328,-1.04319571155277,35.7248382443103
5.88782791852897,0.248585775303954,32.5833512258243
1.43164745693253,-0.533480675827056,25.2008842007627
-0.0231004388570358,-0.164560117766467,22.7199271761468
-0.196106657808323,-0.585463550382647,20.3834834206102
-0.564256267735526,-1.07319312856349,18.7869362726528
-0.693756760540489,-0.106840117741602,15.450540466921
0.647134610346141,-0.116383428323431,14.2061128692011
0.466236466659957,-2.06345952281448,13.0013378692001
-1.02914178161712,-1.71983779575579,10.9310937420893
-2.66213304113479,-3.57629047839878,9.45581861546697
-4.42673803938251,-5.24885988107709,10.0010973969581
-2.6630546429078,-8.77049656604039,10.3925291793555
-5.60765242815524,-14.3073774995299,8.97641235039655
-8.86151088151121,-20.5671907229862,15.6756544807289
-16.2352808125569,-22.9815069053545,25.1435182924148
-17.7280189650894,-19.0470289921077,40.3120527622673
-15.5150273219848,-5.18018190107781,46.4863616280969
-10.2250081181444,5.0280157013395,40.8519497484063
-4.94586788627588,6.10824215069059,34.4263218856513
1.46165580409338,7.24557133253424,29.4841881923361
2.56597985973504,6.34885304012933,24.7153342870886
4.02495792229078,8.30357504098366,22.3112736948225
4.07341900757764,7.97600481906533,21.9977448875725
5.37572767329809,9.56113086380232,21.7279006927594
8.08050659974371,10.4898266749272,21.8044823323331
9.77000833204087,12.2124331409755,24.816107174343
11.7285058548877,14.9671588513122,28.4312082735803
11.8764864187725,13.9092882389507,32.186165288341
12.8956319954553,10.9580621881979,35.5896187605422
11.962042344365,6.70326490317231,35.8706762155611
6.39523986299343,3.88201300125937,32.9345834309178
7.13776474620367,2.02470235731936,29.8322534391117
5.92759689369568,3.97123653471393,25.8811321133976
5.20258939991636,3.43469709001075,24.8847607485744
4.38375457939982,4.18041211648408,21.1206862197686
6.45072427447926,5.08317228247275,20.3040413732145
4.68889439370852,9.086037315541,19.2750372761772
8.47735388365039,12.2555834589412,20.0555468291491
9.2769635311339,13.7068839631569,20.9509749681262
12.1366618272171,16.970455824944,28.6219709435485
11.2622604237167,12.4586867037722,34.0823876965736
12.0176086610399,9.46896568228701,36.3091725958708
10.3553349263095,4.29864071985399,36.5537640968542
8.43952950678707,3.65182384356943,33.8029439341744
4.83237626348425,0.428256514373403,29.3234339090619
3.04090285015625,2.21497294027785,27.0885324585386
3.20029008389807,2.53137007629077,24.022984047067
3.03210657352457,4.73181430335839,21.989058095171
5.39721093288825,5.58837688393499,17.7272792068093
4.3843616197805,6.01713743094996,18.6140089821656
5.32503889695613,9.99362506948889,18.9264404569666
7.21228661286702,15.0746610267464,19.6269989385405
10.0154798427553,16.6005665985097,23.8935433323317
12.7441842185996,16.1633209431146,31.266369027088
13.4679917428299,13.1244249691096,37.1580334835887
12.4457413118075,6.83393433959854,39.0834691833285
10.0290291392224,0.949205921608496,36.1687126517794
5.55624078938794,1.03715717804297,30.4080454525396
3.25598712932927,-0.750682395242734,26.2061091439581
2.7621902747102,1.69886715452319,24.6498423241076
1.21652662089633,4.34188606173108,21.1132838881769
1.75955020307521,3.13573906799843,17.8355859422231
3.14442872330054,5.1283514914274,17.9804319493499
3.71452851609011,4.11945841527027,14.2912548591362
6.6680014436937,8.57003341152959,14.8423208003441
7.43590250721843,11.7458288684672,18.3998515977851
10.115074874012,17.1458743553631,20.8387359190442
12.5914231243242,18.7404501594104,28.5769306874499
15.2526485618217,17.2387942209978,37.233124385822
14.6829351676235,8.86001589326822,41.4061029435952
9.75318515985362,2.17240884264423,37.1730996546846
5.61664982605553,0.301607854181795,35.2774543571432
3.70217098548709,-1.43292150534654,27.5353027811779
-0.404300140069515,0.0190000906137904,24.3187323968569
-0.108497079316719,-1.84835039208087,20.8787201699242
1.13615401024488,-0.644485507787986,19.1288629503354
-0.657942817022331,-2.21791663000805,18.327215528453
-0.18788177489309,-1.99604916066671,13.2588554332124
-1.4631086817956,-0.654622892406139,11.6723437411083
-1.09231829720228,-0.166519829187053,10.4012418879512
-0.0861251316463364,2.34203175310145,11.6767073893037
-0.185190722148589,-1.59500939559238,9.95417616495716
-1.20977010327106,-0.0163294871850455,8.79735127954413
-2.56494139048831,-5.97515650690205,6.02690744729597
-6.77671559186469,-10.3135792541198,7.81560227032297
-7.26726251799344,-15.6374017289217,11.1145693951309
-13.1403430802084,-20.9606109614875,17.2613488331826
-18.4207252482005,-25.0904779253709,32.9711544216766
-19.4490898882778,-14.6814158981819,45.6026545157989
-14.2020078583941,0.0193958306284121,45.0762404883681
-7.02993348773676,4.50409111894812,37.5529477920139
-2.72954017993036,6.73917500412417,32.6870078083331
0.958636807714226,5.90492403933454,28.8359948119031
3.20993856129192,4.33381057705449,27.4575194193295
4.87941976777594,7.37882189579601,24.2348239329245
4.6949069081217,9.43813041507845,22.044008155533
7.19359120141911,12.7968658285473,23.731598502439
7.49058228714083,11.1651961602794,21.6084255696467
10.82762596337,14.4334534842185,28.6262165734535
11.5470201798409,15.0457656769694,32.8267292649417
12.9332103021625,10.5981563526045,33.4758995081941
10.8061419717059,7.25327881405103,36.2329915911699
10.3752989709283,5.35089775270966,33.2999485590437
8.04049678145818,3.29866520924075,33.5007673213362
5.03560092652043,3.87509687644585,27.3032346568854
3.85634834756792,4.44059029736005,26.4072652764624
4.31349705203198,4.37009348856443,23.7118653286381
4.40859320548551,8.22451167575131,22.5939213176204
6.87438847673683,8.70342900273733,21.6890930365299
7.40250254457156,12.32816760273,19.6797697916517
10.0313532530632,14.3006227326436,22.9834426495601
12.5552965073427,13.2416735302016,28.9856557536585
11.3050044210739,13.0220744739711,34.0589031131798
12.748374825369,9.42048799809903,33.6439215355356
10.9475929159211,7.64054652450221,36.8295985930794
9.09747914245813,3.87444910146323,34.6829018793319
5.59702396176349,2.53704608137872,29.6725882332019
4.23199360906283,3.32817338099476,28.4041248325949
3.92089893655417,3.41257982138232,24.3881277162716
5.2372313638598,5.18079566523692,23.0524584161582
5.68125996966685,6.58257902774279,21.3130244162201
7.05765727191545,7.01648490825395,19.1907056089694
8.68752810929068,10.2064969208139,22.3966603600486
9.47454581455946,14.1797705413053,22.7869250456867
11.5797686548167,16.6155222195375,27.9235279161095
12.6637227350159,13.4926200291623,35.1133263984321
14.4451898324041,10.0612958955684,37.0684310142998
10.6887816529277,5.616197493458,35.7084757328352
6.94312278785123,4.0773323535602,32.9789784280685
4.9668848863032,3.09077234127457,31.9921071441772
3.13993978003195,2.6346979997659,28.2178833847213
4.28552724327003,2.00742652184692,26.5385281949375
2.46946571440414,0.988447520602059,21.6769836790434
3.68770749177283,5.68867432079587,19.5327716547568
5.7082493147445,6.02219016815212,20.1498472866076
5.52595648155084,10.3036174612855,17.12620875327
7.65225932240378,14.2173206441246,20.7015415314846
10.5162498621754,13.8240852107906,24.7269350775963
12.0573588860817,18.0207037931274,31.7016556178004
13.5790473099724,12.8502735975593,36.5486381044724
12.7368197296361,6.14563675752328,38.2996492396285
10.3419704090388,1.44036172431604,36.0317787396176
6.42237015290471,-1.07089014896364,31.3043158221233
3.17691637270908,-0.951907194316542,26.8464800905639
2.51267399391665,2.17384319166113,23.3542734241381
3.85561927345182,1.43792178275464,24.7619650500966
2.2991946848773,4.65818064684121,21.2192914940969
5.67943907123166,5.70667356784073,18.182657158552
4.24538930024474,7.98311137717347,15.8423358668691
7.95099028913047,10.0116948067991,14.3226051377548
9.36083345169174,12.4214402110168,17.6317743883511
12.6198175038865,17.2771195007844,23.5852158784889
13.4787411087912,20.0269341504996,31.9730664350457
17.7273158047064,14.419892966253,37.9328560235027
13.53339756974,6.36363358947812,40.7248596182458
8.39855058429701,1.56318428600644,36.5052790030369
6.25835547072863,-0.961493796232677,34.3136754108585
1.83736442648694,-1.06525028181976,27.0462121747581
2.0774891541226,-0.912019698679846,25.0396420634208
0.213510906387421,-0.502502661224135,21.7680192292742
0.277097737920965,-0.0796257361815013,19.0354561494333
0.301330580103885,0.548881519378102,15.8046476930791
-0.422180928901192,0.310141763442885,14.8338320609526
1.94598695519981,0.239855123025078,12.2646192358742
-0.465794843439448,-0.3009115248294,11.3921333837011
0.461617920905616,3.0935769972084,9.76804076929514
1.06701036261782,4.24769006209506,10.2822721282467
2.57069071633187,6.62455698010114,8.33051519854713
4.77939942315935,11.337816435085,9.07608164395371
6.51168414187648,16.5079879151072,11.562997825982
15.286270344114,20.8384923159045,20.016797284686
16.8202417534281,22.0286191130533,35.8453285506827
16.9433139298262,9.13698751587993,45.3435178147625
12.034138788539,-1.08063488913813,44.2650529135579
3.48407612738696,-4.94565550833713,37.2147953668951
2.26827479216416,-6.21101159046919,30.5622731510456
-1.25951263833364,-4.27170276217816,27.4286257362515
-4.41640480653951,-4.94154016915088,24.4128177853882
-3.3336890718846,-5.75687804033371,23.4187138058526
-5.75481242646443,-8.25919748684288,21.1521782570907
-5.59506850455818,-9.67680525802405,21.861168698577
-8.7091436786171,-14.2739914141983,23.2816219774085
-11.566051570088,-14.2669524932187,27.7061454234892
-12.6007619604084,-14.0517112528605,33.3668605596186
-12.3208087255633,-13.4499793423781,35.1818133671923
-11.8788513482672,-8.11665898654269,35.1409787102603
-8.59930825400151,-4.00167034159139,34.9274188990742
-5.47468904585362,-3.39266138451267,31.3420131999288
-5.33523708320962,-2.08168008736408,27.0965163203066
-7.46045037749767,-3.44031145778479,24.2541816388358
-4.0535126461741,-5.25083427276187,22.5651151289347
-2.7329633307385,-5.56773123718378,22.2555607714667
-6.43061378610092,-6.7233056824819,18.9741069569096
-6.77846670890009,-10.6132022694106,19.0472187569306
-10.4893842902695,-13.2032234293812,21.0181731955509
-9.91404351584833,-17.5647283475089,25.7621959609294
-13.731910303063,-16.0783112008513,31.9939085830792
-13.6551731524397,-12.2159631756489,35.882393583426
-12.7271289225949,-7.03528648333678,35.4627304990382
-8.67474163767494,-2.87530883044963,35.0545901690433
-7.25898513857876,-2.69029109817496,32.7299691296606
-3.97973227393299,-0.443398992431147,27.9427214089226
-4.34807391165713,-1.66765611371271,24.1278885255927
-3.16417228128283,-1.45564769728662,19.8496247543889
-3.16207329260114,-2.84507485581321,20.1649271969933
-6.02813934006478,-7.21873130926817,18.1390817042228
-6.1853941923647,-9.27213677042054,17.9304259238565
-9.45213011630851,-12.4672765987204,19.6973897107762
-11.8547668674279,-14.3110904716651,23.1629104930083
-11.5324262295454,-15.9519692706364,29.7556166049492
-15.121947103808,-11.7027449398196,36.1630484780393
-12.2359541260845,-8.55334220236901,38.8953984637612
-11.028483393494,-1.1931182300047,37.2802947055061
-6.49501788046824,-2.14368414716546,35.5174319380379
-3.9455910931539,-0.108303456556535,29.5822397946979
-2.54749675633471,-0.319380263663759,25.4721789845281
-3.05139207566502,-2.30534580920551,22.8977473182274
-1.73886551521271,-4.26493611171886,19.5193102300359
-1.62421220891923,-3.30106429284943,19.050813107218
-2.96826759948694,-4.25309245576983,15.9008780666248
-5.49656999452608,-8.04692391554974,16.7668296722804
-4.89732674045376,-11.1326462437062,18.2459766210562
-8.58135272923213,-16.489790876197,18.3580981202607
-14.2993059541657,-18.2619000913351,25.5261671715469
-14.5495648634963,-17.3573566747336,33.9657252383531
-17.2919775016909,-9.11085357219989,39.2367122997144
-10.7438760200032,-1.72685078316719,39.9876913388294
-5.71490167087527,-0.61359000676099,36.2025596049281
-4.38785840444088,0.912589590035994,29.8885122617901
-2.20464000077923,0.706260984625764,27.6853446675486
-0.186614081239376,0.0867959576625199,23.8518355403966
-1.01166249948609,0.236388439406085,19.9090038861255
-0.497999253053478,-0.41877040474074,17.6040642174083
-0.907257646556894,0.659737435597016,14.7610688499165
0.688403985610544,-1.39785929017065,14.4853619881878
0.640435844384525,1.03426643866542,12.631092541644
0.179263444829823,-1.02229632308885,8.98915535109373
-0.0547444677507014,-0.564079391404479,8.87909774838164
0.99248364098926,0.480595178911791,8.54494253582209
-0.651720401368936,-0.358197888159834,6.50796087765604
-0.185719506506579,0.495814061186184,7.12777608300771
0.0836269136141896,1.37300567899145,4.33763082970104
-1.75384051535324,1.63964841823293,4.31570150991094
2.593324289883,0.957135774079543,4.07066243118693
1.45185100963211,2.91400597329437,3.87569865656804
4.05558269590811,5.16097508252102,2.93184580085371
3.6282816471126,8.72496573558401,3.80393254436461
7.16570607995803,15.5012877291155,5.62659027144094
11.2905946871648,24.1237054786195,15.348914816129
15.8833328432765,25.5671820686283,32.8267487885301
21.021595257409,17.4907524112753,47.683916073339
14.6085140087249,-0.796733167981627,46.827001287567
4.95952082439566,-7.1116108629273,39.7145962296544
0.0620783171060009,-10.3243634248506,34.2190745731057
-2.93739524292498,-7.59625841334148,31.3743767611827
-3.55159888732946,-7.48503061342954,26.9340745594154
-5.82616737712326,-6.0665385008774,25.493403412174
-6.54892295277057,-10.8450875794386,26.3210428330954
-7.88920315251745,-10.3292385790358,27.2090470372923
-10.6975006432162,-10.9289055984487,27.1270137699545
-8.3891475446909,-11.5030192208319,30.0195537693677
-11.3760027751049,-11.365779982995,30.1980926393061
-9.62002250782922,-6.74698787570221,30.1871610214096
-8.22336562508434,-7.76644224687796,31.8405441000562
-9.53817424191793,-5.65497960672276,32.8055170959402
-7.15089690035958,-6.25424749763785,29.5264886995472
-6.75794069171682,-5.05819545130872,28.6830628031627
-5.1543586689118,-7.08355983925638,26.8351745263465
-6.6319849704371,-5.75778011758104,25.1074024031023
-6.38851130228073,-8.12807525298988,24.2167701141424
-8.01994224897109,-9.16860427776914,24.1893107000872
-9.46299928695311,-10.5585561446838,27.1246376391824
-9.91826763512925,-10.8866075290723,30.1430393934315
-10.2493091499085,-12.1202489669471,31.6608195938139
-10.8423950715059,-8.33938875320203,31.611130072072
-8.81986050440859,-6.8534770402524,29.753518206394
-7.77072350814422,-5.507780327152,30.462928060989
-9.1217452951661,-5.62358833567031,30.0600569900671
-6.92637122933507,-5.92387542785318,27.6957085899262
-6.21034044259239,-5.5369546076169,26.7186241334662
-6.43647585733201,-5.58693138622437,25.0106401702445
-5.94165845662767,-9.0809289945434,22.4235054623485
-7.20776274134015,-10.7749386310675,26.8303404837822
-8.22841178060882,-10.2284360368494,26.4379899492073
-11.2471546545119,-12.607732242798,25.9713207127054
-11.6593573087478,-12.4646557428458,31.5517065834623
-11.3233507141606,-10.4880105493057,31.045712820172
-10.8803506707327,-7.22997825387121,32.1132205878873
-9.61628670843148,-5.63046306217861,31.1340746610577
-6.24104787280577,-6.768263835055,29.5527793093293
-6.92111149440265,-5.52496437550717,28.3797923857396
-6.29370406374929,-5.32072921664896,24.8441233159491
-5.99377618987964,-5.53965231438932,25.6157764581368
-6.44982358197481,-8.3302194263845,23.8682561772606
-4.38249883470586,-8.17945553051905,24.143433026672
-8.07033193186663,-11.528409708007,26.0906909951658
-9.37243552846364,-12.3518956098821,27.4206480385256
-11.6662758045036,-11.7740682538599,30.6187269273326
-11.4281351469187,-10.478241648547,31.7291814207604
-12.5701190768711,-8.22780984774565,33.5550695411991
-6.47915423288246,-7.05566826733697,32.5707759617968
-7.92212916987667,-5.68452802916149,30.0856587336932
-6.95367600815107,-6.55493875658756,28.4268999221561
-5.17837670785658,-5.30842433444608,26.8214964080495
-6.80141353259558,-5.81752921976812,23.3412110057246
-5.73065212967025,-9.27942605112201,23.8216298454692
-6.17965021489645,-7.40174217141636,22.2295890158766
-9.24704386314493,-9.33742523316363,23.8130399240712
-11.4710229257936,-13.0869872576309,27.1425455512897
-11.8325751459861,-14.394720615536,30.9258697305315
-10.0999156373134,-11.0419247628285,33.4145808108976
-11.8438648543768,-7.0259394826042,32.1899294652941
-9.3989406490312,-5.21712362851581,31.5855266645968
-7.8412705137875,-5.50726799569171,31.6436402747234
-7.81907791931695,-4.92164811404765,29.0266739319066
-7.31480530419988,-5.74817125619087,27.1223620893567
-5.54376874557718,-4.64205332091076,24.7469269347645
-6.45642782922287,-8.13298446379646,21.9058413246102
-6.81282285333373,-9.08797527938761,21.9040753875807
-6.8988368161039,-10.3813428721854,24.6000727212587
-9.31254513035717,-12.0963203382006,25.5848807721905
-8.57387518814392,-12.2383197545557,30.6946512675069
-11.9458876298937,-12.3062692509343,30.5141513868402
-11.2730948236208,-10.1055242857575,33.6875706650761
-11.0048693489713,-5.96114112070936,35.0881367125067
-7.19857467653034,-5.30565051221555,32.0059196090851
-6.51145928295462,-6.69822451836952,30.3193992476365
-6.23372572687333,-5.03725246791175,25.8369671771524
-5.05109650490915,-4.86435819789362,25.4734829638181
-6.86504461339433,-6.85956162232945,22.4195958647167
-4.53076429539386,-7.27780415397774,22.3669685604959
-8.81660692457204,-9.56128975385631,20.097167995606
-8.0536766687042,-12.7809185357763,21.3138452398904
-10.2128726715687,-12.7365736910399,26.6306058528522
-10.8612870052459,-12.9910099673149,30.5388087838734
-10.8870179876045,-10.642672403062,33.0899165252311
-11.514278960688,-8.42124081631205,33.3189779545715
-8.97022131391383,-5.3937767088589,33.518443475872
-8.19097746161373,-4.38912251338806,30.9383942316251
-6.46256260155666,-4.66764167021057,27.2209905589202
-4.6813925018299,-2.50475384795889,26.7727989410522
-6.19629531801622,-5.73269723306395,23.8908241213729
-6.823454791611,-6.65531770198361,22.5905408593127
-6.20703188693325,-8.46257198380224,22.933529961165
-6.7088873435991,-11.3959437891751,22.9341537616674
-12.6340235951232,-12.8456786380971,24.867736946428
-10.5922095434106,-13.712263560727,27.7142367884577
-13.8189406751183,-13.9445716114941,32.8734455889677
-10.6804902588282,-10.7404140619832,35.0372876330565
-11.4068408636408,-5.31640690353445,34.2844352631869
-10.0078230936888,-5.06754717632802,34.0428769477333
-6.60316418666801,-4.1275272687407,28.6351735644332
-3.97494883859026,-2.34975194020781,27.2811660107648
-3.66342874591875,-3.8388501090043,23.1911969494977
-4.27377363421183,-5.59811969582718,23.5360471381688
-4.3560291673791,-5.86153215899415,20.432625294933
-7.39465250866999,-9.50313787889225,20.0353268166459
-7.8952063418337,-12.1732771458109,21.158584222994
-10.0924455408709,-13.1029227087501,26.1267362402626
-11.6760573753755,-13.6011621635376,28.1982601359055
-11.4953899592684,-13.4105176681223,35.4212393575497
-11.7410886012595,-7.92635832813776,35.7782244655011
-10.7807805557665,-4.28894102437611,34.8840933489606
-7.46934555836851,-2.68644375433616,32.8254772698498
-6.39379476971218,-2.08784412081235,31.0218439839515
-5.2358447936375,-4.37681221887556,26.3123298781948
-3.01748716430306,-3.24482815356862,21.8397298217771
-0.452682988681338,-3.700104491959,20.4844419120423
-4.76060859264223,-6.08760850024313,18.8556200903872
-7.12035713362787,-9.2876695951999,20.8701665691424
-7.86541379361096,-13.0124766959582,20.8481774318508
-10.6690646030018,-14.5173847669235,25.4493825315013
-12.1961966914691,-13.9723545960471,29.2811133843335
-13.6923740373754,-13.5799877307265,34.8175737386672
-12.7312583217951,-8.1049950733059,36.2500629611151
-10.2948346205558,-4.67741206670106,37.2579117922652
-8.67537066080645,-1.88809056424769,32.1246751479105
-3.79835316720423,-0.207606668815405,27.5091830587451
-4.95650725856406,-2.08152558957916,25.817951462288
-2.19715686367669,-2.30297177691611,22.7403305345372
-4.55915759825734,-5.3088104170385,20.8532780451084
-4.404947575555,-5.43601644890041,16.7927244695979
-4.76408979744486,-7.76699793904023,18.3104641086106
-5.90686647244492,-11.1624441008084,19.6939044096039
-9.39323401958915,-13.4368495748258,20.8275508020107
-10.5977008723027,-16.6099955984458,26.659978416868
-13.197047046653,-18.6187136302245,31.289418615956
-15.277946849711,-10.2087162249178,38.3199212060637
-12.2789197380927,-5.29356336124656,38.1880236804536
-7.86855285183842,-0.788259698822041,34.3265678335193
-5.53473611757398,-0.0137986402231968,30.9520387148015
-3.70626005313993,-1.70385963451798,27.874466863634
-2.39308126936034,-0.25784231596714,23.5961024257038
-3.54072051361592,-2.1007657920689,19.4472789203994
-2.61234622441168,-2.8054782839078,19.1726577556785
-2.8648627330395,-4.54785407000578,16.9963893468773
-3.98618817191313,-7.07044432384616,15.9033079567424
-5.75617058981779,-9.5339614573578,15.1146961115051
-6.79928060662565,-12.8960044123443,14.8591326888568
-10.3905552891778,-15.0794885801085,22.9578152502359
-13.5869708542618,-18.6513476347821,30.3520813266743
-15.9991517110919,-15.0311856668196,36.874379513191
-13.7186891421521,-8.12781784414347,39.0186831035308
-10.0718841787172,-2.08376207636464,37.8866369367814
-5.35432123000648,2.05579515038774,34.5543563794288
-4.75547353826241,0.508952855188716,28.7642749194605
-0.773993560431704,-0.175297692678643,24.7176693868547
-0.930195716011943,-0.885486896622089,20.8657539010549
0.00989506986445506,0.334057051269193,17.7288753548588
0.974079762807991,0.372916542049145,16.2785534222417
1.8246737183269,1.79714769457872,15.1996462510541
-0.588761910113632,0.767321166435601,13.6025150220992
0.172480772614797,2.52567131196246,11.8140174458759
1.67921358552991,1.07228187822588,8.76710102024843
1.32899192168908,4.41177035978867,9.06103078947888
3.32943404150451,5.28221011945431,8.11668225566216
3.30050511412844,8.56756129792164,9.51415298611165
9.017519722875,15.6610869732488,10.7813106928564
13.0406542479743,20.9503582079439,18.0738866803403
17.2515754464341,24.0136517836522,31.2083692011183
16.1352059138789,15.0163220125545,45.1031989006638
14.3433428477947,0.397254694446473,45.0572832837026
7.16181562893616,-4.70265266599379,37.9250017353772
2.40762893399137,-5.87914634344226,30.4081406725898
-1.02109575520169,-5.03447077975531,27.0360977758577
-3.13570795172642,-4.44833113015388,25.0516351156594
-3.55971898278944,-7.46028614565586,21.9887543208295
-3.92851083849404,-8.33370386973794,20.2459748046038
-6.84558136695066,-9.42934213751512,22.572402447005
-8.51673619946495,-12.899060992325,22.9493564237232
-10.5933833094429,-13.1428660025498,25.6669791570524
-12.4124083156966,-15.232399452626,29.9204955352774
-10.488012373081,-13.4212249192283,34.3353372041641
-12.1247110129511,-6.8529853063525,35.2999619543217
-8.4954203186065,-4.7734337986569,34.9316613088876
-8.7468411041798,-2.50047330630133,30.9777506930171
-4.23653500082842,-2.39951749563202,29.2830061460329
-4.08189307206759,-3.39280517031758,26.4682947575399
-5.03281837445094,-3.8822382992028,24.4538186676904
-5.08605191593153,-6.55937489925743,18.9614983821473
-6.42503051635403,-6.30793224638728,16.7924748660791
-6.42662554003291,-9.49126912441571,22.027150493794
-9.18196871200929,-11.6875481917291,21.3260122777015
-9.07654335543251,-15.6120792186493,25.9856615521926
-12.7799364516246,-13.5791624240176,29.8378107219824
-12.5639000379137,-13.4094164702097,35.5481332264206
-9.46891142129849,-8.27470002208462,36.2352813610919
-8.83392557001845,-4.04139553250028,34.5869274420496
-4.53801612922734,-2.26032737491996,31.5344094530238
-3.66891485672209,-3.6332240521122,30.3534119141527
-3.97982788891137,-2.30787183517546,24.9073073915283
-3.62247104446283,-3.19516439217617,22.9783068128552
-3.83210997627812,-4.94654083678749,20.8350292488839
-3.60626287263788,-5.51087869781298,20.3903292225782
-5.13719171830304,-9.99569914274135,18.117157044233
-9.30267362340259,-11.931040173739,19.5806385251816
-10.4038531694679,-15.0957637139882,22.4536865939345
-13.5769381405776,-17.6063526480124,29.6154218674315
-13.8913981301955,-12.6025357367095,33.9607155775015
-13.517328825887,-9.95742129384948,38.5253891521527
-8.87282144882251,-4.01258218727801,38.0502650627058
-6.00973649444449,-2.28700562314169,32.9093560926085
-5.73394858862651,-1.73828961348288,29.6927847518672
-3.97294002857088,0.188554378375162,24.8677978109032
-3.11044600879349,-1.53515360685709,20.8647563742997
-4.3973591784786,-3.32342047862196,22.1099037289986
-3.45581277410186,-3.41497807844032,17.2640445805744
-4.84160832183098,-4.76227280986038,16.6546101010635
-1.27072539640443,-8.57938634624264,15.2323056126477
-6.50315086007788,-12.0624241162534,18.8290043975884
-9.48200014494157,-15.4073570526876,20.6279855035384
-12.1330733575703,-19.8290025693216,27.1110375510302
-14.90118873988,-15.6536105870429,36.0693482689942
-14.401489205519,-9.67394431693679,39.0602508886682
-11.2359217816019,-3.05506868236331,40.2736325671319
-5.58153326318294,-0.282976628449154,32.9353581590167
-2.95434881627196,1.56824226253869,30.5492622299188
-1.27460877319894,0.28782187458262,25.9672362473899
-3.15880943453855,-0.077701672624759,23.7912066209891
0.136801371663255,-2.41424245869539,20.4970295984877
-1.45829280083666,-0.41493310193481,18.6217909165978
-0.882301472950553,-1.36623478482313,14.2198263982338
-0.498215093817755,-2.70303558979172,13.6395269034249
-3.06005846636649,-2.39017480733752,12.0243290340641
-3.21569701204951,-3.65955685353606,9.63925112950674
-3.58348363699251,-6.15661085805813,8.26533340836591
-5.79003737092514,-10.9496385356564,12.3874032437196
-8.11075111372926,-19.2271230988389,14.6942596037786
-11.6775961620399,-23.8108452708642,24.7186648560016
-17.093418018054,-21.1447883151477,36.8075126079624
-16.2916041945087,-7.9709659471669,43.6314933298581
-12.4711248213693,-1.53769139533796,41.4083570155432
-4.75905622058159,4.44107107063347,35.0438402728289
-2.33589075343791,7.28916345278767,32.2372143122212
2.29623740039851,4.2564964200866,26.5283205075102
2.25035995039162,5.88990032066958,23.3214906133082
1.8280759100629,5.53157406128179,21.9682223302578
3.94612128644326,6.47323289926358,18.2819377643476
4.55613768189623,7.5150001744995,19.8731524241371
7.30343850825152,12.4591449861435,18.4556645150749
8.91093441702605,15.6300257498967,22.7192625197151
11.6273920527341,17.3558831578539,27.5848163285609
16.0424826724985,15.3418758925064,35.5143845633369
12.7793238698256,8.46927239268902,38.0590258199156
11.2488808345208,5.37918937598135,35.7502186388476
7.70597183764076,1.18178262361016,34.8516526612037
5.28439922090814,3.51295605509345,28.5272116625804
4.12823586388442,1.29016936987445,23.4137974696203
2.70983421418793,1.40158174788134,22.8091722486424
2.55454582781957,1.42855143040171,20.7073876287112
3.88783262203841,5.73952080364791,18.3706042866223
3.06759823589066,6.57562246491804,18.5662906098919
6.48611510287976,10.0598835033802,16.4792641179953
7.48448950402539,12.4359899313005,20.3158351051588
11.9458685220702,16.4743217447684,22.1689137422185
13.9460538891632,18.0758649074421,29.7527946870528
15.1770233676235,15.3629774071716,38.0410323243123
12.8119280201046,7.67933108827035,38.9344462370628
10.3296356694876,2.16308199161175,37.606371773184
6.08739996778588,1.35321530705224,34.1490413049146
0.541619952068485,-0.744493737045486,27.2549792803268
1.21961460416371,0.0010381266074464,25.4009404699367
1.13814858313672,0.665146790699805,21.5793536225396
2.19379352385668,1.60150903664416,19.3615892237468
0.667538846385138,1.92099800674203,16.0389086577093
0.732237681715639,1.23437621465931,15.2040959210034
2.99053151845614,4.24530341932468,14.1576392829462
4.44741353784775,7.13355893648165,13.5538063966701
5.45803924148901,10.6954242664819,12.7743192077193
9.77287774838722,15.3345977634209,15.6920063569408
12.4780179352571,21.3020815685813,22.3189351983336
16.1232878943804,21.2992773217998,33.5176949823557
15.6602465222705,11.886001378331,41.4212410504044
12.913179589697,4.45253338083334,42.3253257251989
8.35095468848622,-1.48011647826226,38.5478519997508
3.40754441716762,-2.54942202787323,31.7040972924361
0.611083872720448,-2.53266725623622,27.4281665774575
-1.52119351420107,-2.13923445445419,22.9722722012221
-2.25737185318153,-1.90640086100528,20.1024404202093
-1.80760447789705,-3.14913865484188,18.1168468938826
-1.63068305449121,-4.04531513290995,16.6369495913087
-5.40586423223752,-5.607178885185,14.9285239616831
-7.02720660785783,-11.5414387553608,14.7263659195988
-9.38239303608663,-14.111385725305,15.7197297334164
-11.5567669811494,-19.7508291397513,23.6460574855002
-13.7912539359506,-19.0598761753321,33.9207364759583
-15.1023481505932,-13.8622523257047,38.2127282487508
-11.2937833756221,-5.27396555860528,39.2185115827265
-9.52315423902014,-0.497809291431254,36.2417908134505
-5.51477761337812,0.650405144408545,32.3813190465041
-3.54532226703803,-0.177915436418902,27.3218173984851
-0.216087437357541,0.858553582128496,24.7056059619453
-0.943470494108857,0.0972686659542004,19.6245752891213
-1.39444474766427,-0.0652162611143347,20.3430616894744
-0.949582254724778,-0.203956863433354,16.2108447689928
1.79227191637231,-0.247532126224764,14.2577340123396
-0.708931516419661,0.533988223807333,12.1903228583783
-0.180740583468147,-0.0382470051957541,10.8757364613683
0.735928065669137,-2.52568353012374,10.3240756444839
-1.45377013603752,-0.395641035097684,7.38303657087126
-2.68630894817021,-3.66362432751962,7.70439714411638
-3.61289806583654,-4.22633664656428,6.72457374887199
-2.98498141128871,-7.85441914289279,7.96641400269064
-5.92210111899233,-12.5198275308901,8.86278923787082
-11.1533880770029,-19.157306470102,12.6512968950958
-15.2247062699829,-27.0015708466182,26.6247965446059
-19.0281690842969,-18.4193409499457,42.8321850550373
-16.8889834908589,-4.02751556348282,46.4217865557696
-7.98171613866125,5.82037191963312,42.256686821588
-3.91320244384711,7.32330847301401,35.198251069631
0.981873232703931,6.3902313397998,29.5409642083634
4.16309526342264,6.83404930159441,26.2039824872828
3.16404815572835,8.55814376373546,27.0466027590934
3.30030136468081,7.38568386730243,23.3651525163485
8.32727839396359,10.5530076901524,20.9244756829006
9.02827081020944,10.7187427865977,24.4034591538731
9.97299025316979,13.9955994034309,24.5606982374478
11.2790560544248,12.4091374181215,30.5948956210732
8.80259014128161,11.4627401479335,32.5546959739481
10.6700002130472,9.05724743254469,34.4933065467032
9.97333381854953,6.11499940583977,34.4869414860322
7.08427472413068,2.72547043246122,32.1868625620433
6.23754654191104,4.8351522406024,28.3418527122459
5.7281215535499,4.95746761608964,26.1124715127478
4.07049916377686,4.74005483958172,25.1850976067354
5.03348932273137,5.80657849182759,23.759009626694
7.14819285467778,9.8671436176631,22.7982115359833
7.18650893721608,11.3038608825645,20.52365911641
9.11883600110889,10.5940537383388,24.2899890630427
10.3571598614574,13.8710207429255,28.2678537682912
13.374765194158,14.8912822832449,31.2453811664158
12.3819937711848,10.0710969062421,36.2303227760555
12.3524734395282,5.60552171615426,34.2768819640817
8.95261022387641,3.94281413942506,33.7263705309436
7.3870398357342,3.59304177093089,31.472857874435
7.07004532747892,3.90846261996836,26.8114604908779
5.66920400632691,3.28031659782366,25.1639699716954
4.82183738846207,5.07362578429031,21.8602030540722
5.79770424482684,9.01677523235185,21.1747643646302
6.5708887635069,8.1002682253178,20.1764267015148
8.48767908416177,12.8752225308771,23.2771246913256
9.68205955905904,13.2818478998861,24.4992373436287
12.4320487352257,11.9391242839418,29.0255364487234
14.241914576796,13.0039307713467,34.3200517208675
10.9589640619248,9.68997610952715,34.5507038709484
8.66490775837264,5.50455506472874,35.2992889115055
9.14440273063916,2.38022684660214,32.1096836415894
5.63472024835155,2.71845998794776,31.1397105117025
4.31753214778553,3.71670395465311,25.9683967683015
3.26290165351885,5.40329672193867,23.9992848924152
4.52151340926531,3.44776236333618,20.2887949026294
5.11440821459289,6.27217843113165,20.720853229083
5.07772630450649,8.19254004869062,20.8972053562174
8.11960254923605,13.5289210321234,19.9691709677577
9.98999857539361,13.9927343646834,23.4707106163857
12.2795222629381,15.2917762270605,28.2681230073192
12.3090385231125,14.6411785247401,33.8114114774732
13.0528001276345,10.3291071108407,38.1612210480899
10.847802693553,4.68659096153186,35.1337964870061
5.25739116347977,2.26428123371358,32.592381182383
4.82169268165858,-1.87728476075079,28.0069537587423
6.21217537865353,3.62475139937236,25.4741503137054
2.06505998173662,2.02877099070342,22.1687748076919
3.41379056405201,3.16776379151697,21.898260252392
5.39170621985278,7.16519391478355,19.0915136573675
6.65192125314341,8.55650882731353,17.882697475317
6.82745350525244,9.70918579987908,17.7689283297858
8.20655499064747,16.2540228095713,21.8667414868472
12.3631087966108,16.9920654471052,25.7850961357006
13.6504212004858,14.9030495065022,31.6682996473052
13.4205717609959,9.53372219722475,38.4594657254325
11.4546944273976,7.24851050637258,37.649800064071
8.71077351275764,2.44679113318916,36.6199110659274
5.74028696169014,0.601605897298757,30.2394262902475
4.38322122403239,0.35810301317032,27.3225964127307
1.93220794505052,0.0373102339592997,23.6070427962624
1.53269814471327,2.43418774536495,19.931699850734
4.04312149526245,4.37204232929326,16.8508053306499
2.3161681259387,4.55363284746698,17.3416060386563
4.09788005007778,6.13835755595937,16.3602725649494
7.29467848866937,9.89260077711133,16.3511464132197
8.86817883975387,14.0603470902411,18.2297476263835
10.9349093096392,18.6163210093994,23.2392294751255
13.7133962618974,18.4867469645615,33.1140757294832
15.1396911271808,10.5588965023442,39.5355868396057
11.8332755876249,5.49757730781009,40.0564204226862
10.6063492205039,0.640366395603086,34.9239920786328
4.74039218492345,-1.78314898889799,30.7201793078559
2.85787204725604,-0.778591019171131,28.5853839546806
0.057953311941646,-0.299997862353364,23.625177933084
1.68912202788785,-1.72963844392808,21.2829395090246
0.604866500148707,0.700914393032806,16.6593238947765
-0.874191467465018,-0.299500550225948,15.3454510578514
-1.20640578033049,1.37382965748563,12.8480116524346
0.661038269268239,3.36277942703565,12.3901849323107
2.4156301802343,4.24482982242028,9.97399284497283
2.32480361084289,4.63639329195198,11.5724623570437
1.99369421036074,6.98597161231333,8.35998904753024
5.8543425007723,8.63675542114241,9.65014594077075
8.19508313324408,16.2961979923104,12.7149896796305
13.315541744686,21.8268489668613,19.6010207237789
17.8256801276064,23.3249089562186,34.2685330431064
16.3964459804734,15.1560678029968,43.3000582779468
12.5524956139969,-0.151803518623487,45.6143339273832
7.43842143254032,-5.01238824193118,37.8710735759851
2.51275346023239,-6.25454586585784,31.8470107674519
-0.826017722984459,-4.04240768757875,28.3407576554665
-1.54068240622239,-5.82716980987553,23.7233277205385
-4.69373337923232,-6.01446291845567,23.486836444422
-3.6528553661117,-6.55295435594434,21.9278118985232
-5.00089371420514,-8.81460880087443,20.6152924159843
-7.24461031921289,-13.9238273013064,22.5526329496572
-10.6714290832932,-16.719708167312,24.6554424268356
-11.4673012116567,-15.0003392519822,29.5112281202105
-11.556350481922,-14.0273902161604,33.4294450517632
-14.2346271285831,-8.7936337746475,36.6919456750408
-9.67284237295772,-3.98173268755447,33.7996666847483
-7.62263627816382,-2.09181945932208,33.9312399565276
-3.71685970379104,-2.65085289539275,29.5735848920696
-4.03420839349663,-3.62355472407295,26.835566001109
-3.28060257555514,-3.1546198106827,23.5356581920558
-6.50823195085358,-4.54881646741183,20.6871186192559
-4.95304977441977,-8.00400715013989,19.7971091297721
-5.6624680461416,-8.29681843109666,17.8739224866504
-7.27535913421323,-12.7042611054984,18.7702353445109
-10.5480927043519,-13.8581007409351,23.3515092967084
-13.3196851043271,-15.9351626392364,27.0786366892002
-15.8083951207357,-14.1909379660277,33.2534230725254
-14.3418235330707,-10.7871781413358,38.1805267615502
-9.44811816306029,-2.88894116021395,35.6434603078883
-6.69948834362396,-1.42223683890921,32.4877232818068
-5.48129883218238,-2.14971579798472,29.5462062099746
-4.4012118453831,-0.341279530695406,27.2877950260564
-4.15104734537901,-2.21145403252934,22.0968747496761
-2.73017742924703,-2.59695421135059,19.9482471931287
-2.22813775470542,-5.60790394298338,18.4348523485579
-3.04513810263858,-5.48225223707364,18.7064448645577
-4.03817848556809,-7.91070235339735,16.4180596350778
-6.45269244646351,-13.4759705638732,18.3595280806401
-9.54189865978417,-16.7545586703544,21.359224072384
-12.238619517793,-17.62515209707,26.0780455256015
-17.1056101129108,-16.6573285322957,35.1180315251393
-14.1009618231557,-8.75761197150306,39.8149411167789
-11.5517130142344,-3.75014474019408,39.3396785611699
-6.96873729163222,0.78609886984234,34.0677715211922
-3.26291860597867,0.375582045762985,30.0142366809006
-0.959662561301224,0.280485682378505,25.1187989552262
-2.10312561110243,-0.0506515493555532,21.8842070494256
-1.36513116617898,-0.478872873577373,19.1063299897696
0.306541570649667,-1.25577691030753,16.3980731935735
-1.00216327988534,-3.63271266478037,14.5482444080661
-3.17690616850118,-3.21000527228991,12.8071317426348
-1.47093766890131,-6.63206399107917,12.3681337906007
-5.87535664897262,-8.85550505181034,11.5542804060064
-6.03666306422394,-11.907570788733,14.5161299367832
-10.7620346226808,-18.6987466336513,17.9197329831468
-13.2808804510817,-19.4123231192981,27.4177040330962
-18.1102829441383,-16.5709558798173,38.0068295163319
-13.8412696839482,-6.93308507734651,41.8498418312081
-12.1828318829547,0.509057492367053,37.1285444841046
-5.14746932009146,3.2241150170452,33.1543622659922
-2.60017032613622,3.07160771377308,28.8161815860959
-0.500649459526874,3.3101925428312,25.4305063448713
1.50336674765442,2.09001940263635,25.870517036922
2.2110946691349,4.40838448781603,20.1664737283104
2.49859320776403,4.5183905315634,17.8776029387414
4.98097253407245,8.01712631353134,16.9653221309467
7.85918802017483,8.91773270320259,16.5451954616403
9.79783509166661,14.3989788101031,18.66101602482
11.1470952665144,17.6563985126009,21.8754598774462
12.6732382328251,17.6983563599347,29.6349343183022
12.1867300558678,13.331033652472,38.5473202104253
14.1685480048503,5.74989097992086,40.8319832095292
9.01752435669495,1.84434328208802,36.6577993914271
4.78073966735027,-1.91090930289389,31.8636873220285
1.91897319750512,-2.30482616068348,27.2133696860069
2.32881602114656,0.248168158334248,23.2242785310348
3.12933117195801,0.981308395447172,21.5464819492743
3.10547257836988,1.1319990275325,20.1840075933408
-0.192851534804638,1.89179514795451,16.3499331928396
0.569958602891461,2.26417961259086,11.5404807211044
0.776659754434698,5.70752707354745,13.7860952268699
2.76341702742141,3.97249322133519,10.7126056692209
3.93958736440979,8.6731155176223,11.8603961072273
8.72828801983173,15.2144323531912,14.0178003704638
9.85008531317078,20.2005303743742,19.5977059653242
15.5214225192128,20.7094700987419,31.4875205773922
17.4695356126846,15.6515212868692,41.1323882954065
15.471600419736,4.53911191287867,41.6586957635198
9.27186782647074,-2.33122640018078,37.7905770442585
4.45426877685793,-3.75881778931334,32.5331147877056
1.32601167863431,-2.43236195016433,28.1525342535148
0.57506770169405,-2.68457564894309,24.2145466634001
-0.940175202764597,-3.19191498340959,20.4466703219541
-4.0592248705982,-5.19334322254353,17.5330801302013
-2.39172936397829,-6.48647403079327,17.5092633671995
-4.83751494985159,-8.48985824813212,15.8890059486963
-8.3331105715265,-12.7244958235883,17.4593408529368
-9.59608167790081,-13.6065695754128,17.9641589908886
-12.4262403059016,-17.9842358965366,26.7137135597287
-14.5946457746229,-14.957824695512,33.9559927398423
-15.2093150053464,-10.3146822999364,38.5408347940457
-11.2255878583745,-4.71578480156,39.5612233762066
-6.14791991712758,-0.302224367414008,34.7549371389308
-4.1234131942999,0.508652026613091,29.9779374876775
-4.08361360667464,1.65594608619752,27.1201527600536
-2.23082026698123,-2.46558380316729,22.9443850719103
-1.51702148198392,-0.985765854306134,20.6901621168243
-0.84396641162576,-1.6443839376544,17.9680768141044
-2.28318948685758,-3.69531848248333,16.1030916714765
-1.86623542734945,-4.35184311770226,15.0156996003393
-2.18094260036568,-4.96498296519899,14.3299038400347
-2.97259109342223,-7.20912139390218,10.8588579414904
-6.15060801848623,-11.9826456757726,13.5688603121051
-8.31075680913208,-16.2026387559307,18.1111975811899
-13.8505085354851,-22.7683669086512,29.422652373547
-16.8507337252638,-17.9287847233462,37.4104300652751
-14.6350984896992,-9.60899112494531,42.9847431013004
-10.3330585013263,0.693517488071433,37.3933708643379
-6.0287790653609,4.47197076153801,34.2003429503778
-2.97071127551424,2.99543414950588,30.5793225240246
0.392795152214895,3.08431662449809,26.0209036446299
2.02572694504604,3.3496637361074,22.0665809583639
3.07014395485303,3.6421926359489,20.7822992846555
2.254309507171,3.8849967897517,18.9063171711954
3.67716934886676,8.2776304608563,16.8554958442857
5.7330425058404,8.98642267314886,17.0975141837872
6.28948844807869,12.2300541237977,17.3533354183159
9.94907301423132,17.460337367462,19.5707559467528
12.4312846439738,19.6583608805828,26.6604464040265
16.354917614277,16.1569703868787,36.908286295882
13.0785500022385,7.84058184732434,39.6964703252693
10.623970784056,4.21504780287626,36.2741642119507
8.11624169893607,-1.91581114943687,32.5079932033948
2.11727603641977,-1.26963600781463,28.2441279128332
2.23380408672009,-1.23497165232081,27.3676437648883
1.60510203069828,0.325618957235174,22.3009059984814
0.168955267018415,1.70181332321948,18.811953542438
0.731960900115607,2.57642369956132,15.9667940020924
0.459685236812403,-0.137207854485275,14.8581709829824
1.23615247903568,0.799923588140663,13.162150661666
-0.394174260856908,1.35845166883658,10.3340974587117
1.9417265900652,3.15292417042951,10.1475261859071
3.47831845660253,7.36513351267282,10.2869597811765
3.66966789125252,7.97030477057244,9.50820849291352
7.50450895172494,15.252197410259,12.4621824244329
12.8264794317814,20.7091831684459,19.0077394772478
16.85172773173,20.0568690135425,30.8013441296593
18.0732195792069,15.0531885665071,43.3194516555491
12.8535593491694,4.30188003682263,45.9947739297263
9.02802283545249,-2.88047144796717,37.585740316621
1.55968524607607,-4.54863591889305,32.0728787373277
-1.82729288942421,-7.30545674757461,28.1331631085062
-0.883965979891099,-5.41680059672876,25.4111529051824
-2.67408031469405,-4.79565688762967,21.5818510565833
-5.60757992479121,-8.91013482762494,22.9145593426816
-6.70092900419843,-8.31484925359076,21.9268140747448
-8.29529153469558,-11.5090873343994,20.8582403846069
-9.25440715933294,-13.5512538663562,24.0125613352787
-12.2236012594222,-14.2416977837466,28.6831847382556
-12.7741830294452,-15.0971176154219,33.6254595931705
-13.5646393052032,-10.3711468551638,36.1079521077314
-9.55250228396196,-6.1130437090066,38.53629448251
-8.49610349976793,-2.07404291320977,33.5491018329668
-5.79604162343421,-2.34579751232008,29.118157142301
-3.68422379887067,-2.72348385127009,25.7846640157187
-4.24844263408762,-1.04048021196811,22.4094770660818
-4.2926746817158,-5.65197099136233,21.0781635153741
-2.39742793649307,-5.5329728733109,19.3505623907513
-5.02529992859616,-7.46213570118669,19.9807889121967
-7.88692974601264,-9.45433092531966,17.8272776316038
-7.4565265237483,-12.9186382880456,21.4199347139978
-10.6357071270135,-17.2884662447871,25.43356408988
-12.7758194335601,-16.7349338112377,29.9773063337138
-14.8192239729566,-11.650831229775,37.7207854198787
-10.3878094739257,-6.30881917475411,36.2308103483568
-9.2744761761815,-0.961848820421841,34.1811817137012
-6.78529523523065,-1.31765865709654,32.2057580600216
-5.08727908754478,0.220259385059215,28.6453533890434
0.125328011365679,-1.0764814089427,23.8225233951829
-2.9357513461533,-4.42220845527716,21.6353647696288
-1.77901288292305,-4.46667570666169,19.3230972773002
-2.39209300873209,-4.27805052540926,17.5561369352142
-4.13725287828398,-4.85596261860283,12.8617443054889
-6.51300750498172,-10.3874521001421,15.0310185803777
-9.91187241810998,-12.7394432103376,16.5991153992023
-13.3866220870569,-17.2842472584246,22.1437072372965
-10.6713125592434,-19.022696545256,28.9014958461694
-15.3107399628371,-14.2703055974818,39.4115045112621
-12.9382146203274,-4.93548919240687,39.5139548133465
-9.27493851406386,-1.66794866312809,35.7583922945086
-4.7431614040726,0.588290898921344,34.2262127987368
-3.69819540015863,2.42111106660863,26.8542463543995
-1.17316452300447,2.86079589810499,22.6150884053368
-1.16461650546913,0.811132397315968,21.816103371314
-1.4034703683158,1.36739518067175,20.903594756344
-0.464196478677076,-1.32349656499435,17.2496546073474
-0.0690638355173148,-0.370348760730566,14.2945511473757
0.99667808524041,-1.53794317261464,11.7384770046171
-0.904691056992622,-0.881610165205869,11.6656965770269
-1.40034267293622,-1.4423401512685,10.57900194005
-3.40399262464973,-2.08988550343917,7.80731620030654
-1.18125341058882,-4.14479183742785,9.81245214467359
-3.95993657851129,-7.04685187126625,7.79184239853081
-5.44121060956439,-11.0083326719368,7.96564017353813
-9.46453101188647,-17.5208870280913,14.3126548267209
-14.5296394215157,-23.8055257643128,24.1876281772189
-17.9540710952066,-20.6325249026477,40.9823554030382
-15.2422316571784,-9.21629534334598,47.0490363412372
-9.72026007457218,1.64082674505759,42.0120188564412
-5.09908445145346,6.00712919420013,36.5234294397645
-0.871697330795182,6.66251015333961,30.2843683509659
1.46570235782662,7.14080833213738,26.2849895069887
3.7659873317426,5.46023953724131,24.9228762137641
4.89780444265615,8.28163474316425,24.4970604762829
6.3001264239376,8.04293677677054,22.6442700207737
7.90853604746945,10.6037315776537,22.788322039251
10.0181829644751,14.689180171407,26.4562807498008
9.71741701143849,15.3014465249726,28.7240250672668
11.9998027731845,11.3321157326403,33.0091687819773
13.0371713407018,9.30080281252959,35.2897068735953
11.742082265074,6.24716647616491,34.0419390065491
8.1429656190751,2.51941657019273,32.9067953023478
7.07112393110155,3.28329053276456,29.9496429056459
6.31302782605928,4.66987297233381,26.7293242766718
4.20804414152869,3.13351142761522,22.0864850325727
5.08528997133265,6.80895646997787,23.3191258012677
6.03633436831874,7.19118699504479,21.8649404684828
5.65126158431782,11.202489787697,19.3522574952875
7.44685343408436,11.3409436616233,22.0627763821398
10.2829771233149,11.7580013090949,23.00735881079
11.3837924887555,15.3745072321733,30.2274243015968
14.0788268992603,13.1719360703526,34.4892074450629
12.1442247687323,9.64465555491079,34.9884306904363
9.05957662312462,4.94327315874144,35.338123722961
7.60990565038366,1.87654566081156,33.6296109111841
5.68163216371557,4.37774448637654,30.4620222149634
5.60555184380393,2.40262060988567,27.5013822917134
6.53204507711036,2.1924804587544,24.2102011060497
1.77523183118148,6.01417504626767,22.953363826769
6.08966421283925,7.62885209459656,20.8271427685435
6.67916193552739,8.53386501435861,19.3821046596702
7.93724266926135,11.056137755626,22.8412811514676
9.05665702456221,14.1721674596409,22.6569719509443
11.510113459867,15.1108544477348,28.1769725502332
13.0389533653905,13.977968747296,34.0963929863158
12.3560492211454,8.27032166206574,37.8053649595929
10.6594495679487,5.70607396612625,35.008623530057
8.81719215362101,2.9600975820871,32.7981295157282
7.01105372319444,1.67792182930564,29.2305205299426
3.62877532146422,3.04664832574146,27.9865946768746
4.14499891892964,1.74648195278304,23.0079913022808
1.77345621650555,4.35787619605628,20.9359807567442
2.8738874180331,6.56617829541304,18.4807512370359
5.52250838644018,7.40060896844757,16.4251863299707
7.38836723881911,11.3752745577197,17.5300888358196
9.47985607061996,15.6910869126493,17.6920749531843
10.2861753323377,16.5313923586487,23.9728709698935
14.2735306099565,16.5013618084811,32.7041985201899
14.3380954201861,10.3476079679784,36.6580342453417
10.834938418168,5.44131067206116,38.7261631918435
8.51603572775288,3.01706293479445,33.9810188904436
4.53166719665291,-1.39600821384477,32.0174986545293
1.76668599863398,0.795669240430347,27.8795422471734
2.37717205298157,0.873651562137688,22.838365250337
0.54132013109608,1.77891442674642,21.6353551382941
2.72677069327639,2.2393770063021,19.9588868883219
1.7960461533588,3.94621740982007,19.1268459403244
2.6421101400411,4.26822353086864,16.0823223837768
4.15017115782305,7.10195002547705,16.0653202013995
6.86324203515498,10.3710060598759,15.9264347804076
8.70579362659654,15.3725047563402,17.0077172853642
15.6377623363737,19.0583148282316,24.5571890033009
13.5919839160302,17.9762249357843,35.2258545356854
13.8865146198114,8.09796372381644,41.4004697541433
11.1891585047634,1.33694844769493,39.6874860316007
7.85356366374186,0.390067766973131,34.1233627550399
3.29244672510224,-1.00848050729079,29.0220862391148
0.186209550387072,-0.597608618035762,26.404709378516
-1.19708435780501,-1.489188931848,23.1419727912021
-1.75606009071234,-1.71667672863352,20.8511048171172
-0.892798624379638,-2.95566171118678,19.4702906733847
0.892453019615983,-0.089882346516486,14.8379637384102
-2.99918626406679,-3.24289217878553,15.3281292252833
-1.66021114128206,-3.17786511945305,13.7993440575726
-3.34514216219853,-5.60043762339664,9.75411388650653
-2.01354823250804,-9.08338670401934,10.1776458561218
-7.37000349079984,-13.9035440197115,13.0674845424231
-9.95492615587125,-19.7857433060521,19.9329895437191
-15.3741864865911,-22.2370596315658,30.1594044016663
-15.9609394004766,-14.2539865841237,42.5868470816031
-11.5300172580325,-2.38546994361859,43.9881853352891
-10.0948776367661,1.1475754129385,38.3088864720811
-4.33632170121254,4.42386578802339,33.5071087888864
-1.07550926999194,3.38689125307441,26.6976958592035
0.0508205891398272,5.0548602118238,24.5468477090557
1.16465340918357,3.26009961287953,22.9509315741353
2.90406768502214,5.64294199076004,18.141058569165
1.35366250454895,7.60106985577017,18.2960191617338
5.72581628498737,11.54676820129,17.4606376671543
10.0025165746543,13.5526783039883,20.7929739815497
9.83239159249177,16.7645852974121,23.1923663356904
13.4620526790764,16.1244647018582,30.2296054430544
15.514869049402,12.7641057146732,34.5311407817114
13.0049118222086,6.25757096933637,39.2357378691637
8.8244741690775,4.19136859835215,35.458293076032
6.56862429518043,0.777912077723373,35.742104862401
3.56552596421049,0.66631324922607,29.0717000498886
2.25853565486769,0.774331310809653,23.6888209352515
0.447695230985435,4.23841241722618,22.2503749508968
2.11333591284963,3.50872111719309,19.8023754050104
4.43610976163691,3.73934042990898,17.8962145530677
1.32305885058092,5.01858698763315,15.422333198631
6.43015794122865,8.44681458612582,15.6562685584685
6.22019155051715,11.4123805862995,16.8155069484527
10.7616537111387,15.6069801886925,19.7567785138806
13.9355499768879,19.2037729398729,25.4709527182253
16.9133742457765,17.7842549713689,34.9196825499128
14.9356418007568,10.6758993003022,41.0829002263268
10.6606008863634,4.61098958412144,39.688457880042
7.42844927040628,-0.721422979148629,33.806755073711
4.92835850316565,-0.221729436352745,30.2055720271057
1.72239552934951,-0.803452995535955,24.6664813333432
1.5054751890458,-0.691271963533461,22.6022126262993
0.665812436734439,-1.82373597670969,20.4108118543325
2.07484550033176,-2.13018183857725,16.8340747008605
0.176450828342024,-1.83747620408929,16.8208742819729
-0.616805134064595,-0.847830274115087,11.9889934844889
0.342700008763831,-1.59569926633291,12.6798667225989
-2.16227493659959,0.709477484062945,10.5913007894197
-2.64566035436372,-3.51068022866475,10.2395219587014
-2.91962824225879,-4.3182532565814,8.77944981480997
-2.11277721465706,-8.8952986275954,8.93279492414139
-8.83127444524198,-15.3364366176035,12.8968078833932
-11.6234290462616,-21.0324326678165,20.8457252439465
-17.1541546341494,-22.073652558886,33.1674585513478
-17.6081739305386,-11.7434716474733,44.3206204260366
-11.490970410148,-0.493872748483087,46.7669912497389
-7.84466787263334,3.87656346614296,36.5702512338376
-2.38499471248687,5.91333017214895,33.2051552778663
2.35626570890798,5.59635582446498,27.6753564953668
3.03195771423488,4.74735795739129,24.3093467069924
3.31769026917668,7.00293910298272,22.1911155775274
5.07763923199469,7.48125226455072,21.6994846949777
8.34784775765724,10.3387360823416,19.8121970703709
8.63609621735773,11.5118210103436,22.8801972282678
9.0385554526617,13.9818693047747,26.1812955257038
11.55899150533,14.2612834620345,29.5321240513472
10.7651095675917,12.4250093283993,33.5658661342156
12.1031310497055,7.32892724819926,35.982834261014
7.84920326888303,4.45835968277279,34.8388206583966
7.03189967131606,3.74429189891739,31.5401014939709
4.19116723998526,0.893228180073577,29.2226005705853
5.04120681928442,1.9870905992854,25.4290000795723
3.60384383558417,5.4137820007283,22.7536628148773
5.16052672580371,6.77181707309441,21.0220501582303
5.48021256976253,5.10565691008141,20.5585007882549
6.99337735452103,8.64336200525294,19.9138084089045
9.32117680607474,12.7286425393589,20.8692277234147
10.0090345619794,14.0687467193943,23.1723571491833
13.2261360410663,14.7205299978206,29.4511780134226
13.5260951229331,14.5237386376837,35.013803309478
13.0624424326728,9.84777394798345,36.8892239948649
10.3743622216595,4.99051238281466,36.0886771403172
7.09303734891838,2.54236443858404,30.6541611760187
5.87541623492034,1.18997864098011,29.1394856701063
1.26176519502584,1.31441199885211,24.2423204219086
2.75080876014203,4.47484501462888,23.2651964199375
3.70024459242542,2.49889481673444,22.8828719939376
3.47435627489078,5.75650147453527,18.9190984747341
4.32495481695537,8.6386832736981,18.5434793648855
5.96043409908809,9.43239393098195,15.9949604830817
6.23179607966261,13.0248447771128,18.9402571430845
10.8465109531321,18.05387555993,24.5793965578898
14.0919844709708,17.4057705141383,31.0892216306973
13.9185701302018,13.3743337637873,36.8025738293601
11.2051032149138,6.48516280067402,40.7045981314399
9.54178224978096,1.72027337320935,35.5838420062614
5.24402111259637,0.990333520909451,31.1045845370506
2.83031671604839,0.124002398902021,27.5488309615591
0.521591270536602,1.06117776593006,24.1087390767224
2.87212986482848,4.02750780674271,20.0127889571821
-0.30443799108388,2.70417352711815,17.8181876696688
1.25043930186326,3.1778312861944,15.9756677237691
3.38691656904779,5.06626161305492,15.5159031888998
4.72315803237773,6.96531396180709,12.7680044518323
5.58490401996836,9.42114188909097,15.2535507928794
8.39650589312254,14.6881456369998,16.8236109898604
12.867176488217,20.0685185922502,22.7784710413957
13.3465162193031,21.5571510030141,30.8783464713878
14.1915481104754,14.7631890210409,40.4243271056404
12.3638581618711,3.48238335768299,42.5390970639082
8.95910613199039,-1.35747790545544,36.6217375913101
4.46269107672348,-1.55803424954962,32.2675025380082
1.65264165702711,-1.54754340113606,26.6027304313962
-0.674739270998292,-0.791467235641216,23.791928892091
-1.52389701546834,-0.397102620371589,19.2882628879176
0.0965917883755456,-2.91712905501104,17.1863386446156
0.370315455281005,-3.06020501450973,16.0182159205733
-0.639259373256305,-4.99825704071024,15.4688497651549
-1.83307313611856,-5.97132509916726,12.4065434002974
-4.19559374295133,-9.12563696999863,14.8827021767002
-7.68220181430982,-15.4931559841649,14.4233165971774
-10.822149588475,-18.981543841307,18.9790841957163
-12.7579325952016,-20.9589231131525,30.0976079477537
-16.1845067947457,-14.6667462762304,40.1981698711974
-12.6040550745577,-6.59011298769114,44.5199018391392
-9.85169910956763,0.973574988022422,37.4882317210642
-3.02680797282915,2.57881604210338,33.128021790493
-1.16821269830855,3.65072052941821,29.262784403499
1.24356035533645,2.38617948825447,25.0403968977034
-0.171868216181467,2.52335157681665,20.1460554490465
3.26936080407311,3.4164048280115,19.1138697022157
2.55490679730761,4.44436710972836,15.4717371796897
4.24632433518974,6.53172634465577,15.4994629254301
3.81917477418299,8.82513838039244,16.0481743148413
5.97954342365374,12.4028427531535,17.3634929958252
8.6092483458645,16.6234160154664,19.1814656907334
12.1564370551656,19.0990032238082,26.8077487153348
13.7490054737075,15.509762913159,35.0037735316515
14.9448654563066,10.0106292771014,39.9393617414748
9.0367753532654,2.73404164377653,38.0364736111885
7.67974803551924,-0.986007241974285,34.9491563855676
2.80757183966598,-2.00466360020559,30.9257883006156
1.51764532600673,-2.2078070088476,26.3777226016551
0.98530602982095,0.224697722349418,21.4320380558726
-0.242376094236244,-1.03933847420146,17.8100110736195
-0.663469923738087,1.03476458128842,17.650447475316
-0.414530272380144,-1.00363193522415,15.7491301053684
-1.07875534492845,-1.7928622334178,12.2297543605785
-0.235266600118489,-2.48113387412362,12.4610946211964
-3.78032080185865,-3.37151825483004,10.8698495207972
-3.29109818594461,-4.95196801163436,9.94781075759203
-4.7281816192777,-7.69620224590867,9.24352932649144
-7.35921029482575,-13.6564559040049,12.4511301870871
-11.5375848849922,-19.8053621609109,18.7348109569387
-14.8729092058773,-23.35713567429,29.9441739776843
-17.7480024223391,-16.0105806325645,42.2315941893609
-12.1740545447695,-4.79983696720664,44.2360628432923
-9.41932903706718,5.2867759749615,39.4240426708551
-4.17239092766108,4.50612629430902,32.0870463515435
-1.32093210712741,3.55154250787053,27.48324705357
2.51054148683428,4.57765565818481,25.9540178461775
2.10730566875383,6.35514524373255,24.8830792399232
3.63884933445829,4.90393479214172,20.6073236511364
5.70208311879034,9.8242569103352,18.5499513536532
7.99244924969774,10.3866886551183,20.6567946421997
10.2799955727957,14.4304869977082,21.5113119874556
12.6043665431638,14.9523956810509,28.5819953514552
14.4907605624877,15.3404677807187,30.7124623564533
12.7676566901357,10.8107540621775,35.0786802672829
10.1056121508138,7.21785940048762,36.3279903504018
6.21006307994701,0.639704346280996,33.5627584955341
6.29402835512842,1.70556956339065,32.4692634702312
4.60317450261788,1.37556445753044,26.6386693338726
2.73865969405624,2.20711081008885,22.9257676123277
2.55454043464753,4.44107354145889,21.4158824494124
2.90444583872444,4.70100956964145,19.7541443109619
5.50133890022037,6.96619624140019,16.315286088023
5.26625697405116,7.89289208243858,19.7018643756189
8.74027703513278,11.3139320183358,20.3011015532085
10.0522677207524,13.623151952204,21.5635375272623
14.5269188030342,17.1052869514462,29.3919406241691
13.1542228548824,14.338777148856,35.9894498643252
12.4943306776038,8.20548608183978,38.1961791658848
9.61725439773663,2.96767212933032,35.5950806257497
5.53504284983752,1.22317948736082,32.5609829829081
4.22582005413217,-0.875349460889514,29.8062215825902
3.46178199351248,2.03427649927911,25.8568890223995
4.36996875796639,2.88732198252738,22.306767479621
1.61342021915637,4.17813574736446,20.8863610932293
3.90769045025984,3.64433763295797,17.5241734155419
3.30467740459375,4.89106690686833,16.5140761912899
4.00906510369094,7.41966731978275,16.0433863175817
7.23884961592602,10.3752662223479,14.5139747202415
9.93318067644639,15.1265398442771,18.2114908796942
12.269448050915,19.5670455547011,26.5711307389471
14.5428251071056,15.4722979164963,36.6613236589856
17.2372600563254,9.30407992851065,41.7777036758505
11.0224464779322,4.61279494785039,39.5830161957994
7.34057224154296,-1.80539934575326,33.4083572579229
2.63861965725998,-1.81138311073163,30.5742213513849
0.429476362855206,-0.435922310556473,25.7688773601515
0.496740145444687,-1.51551843928621,22.2014995092582
0.211860481670818,0.497800640626087,20.8494267453601
0.791113566051658,-0.296334238555181,16.4945113564345
0.665482032798098,-1.79795789559543,16.9618130740355
0.65244724160117,-1.51234718976996,10.30891703015
-1.50355984065473,-0.168833151056759,12.1712803012739
0.55731979666563,0.173657791144924,11.4999826666347
-2.87602395007364,-1.50876772015236,10.3267578434086
-3.33886109781713,-4.73522395143339,8.66262760460888
-4.3095366821783,-7.18006698625012,7.37365468922707
-4.20474480176475,-8.81034329712523,9.13706109316184
-9.60035084278951,-17.4134207199718,10.1402935522754
-13.4775497838823,-19.1966355953008,17.6638586518939
-16.4775754389697,-24.8305409525865,32.5537614557803
-18.4268692470491,-15.6157626470048,46.3339781957626
-12.8281900833943,0.295543391474201,45.1321289904211
-7.09999615946231,6.50503087487372,36.9186245414179
-0.6864510104056,5.86275601014713,35.619200145313
1.38544367188613,8.57303063713757,29.6957244640845
3.89389636857607,6.73854596646661,24.6807854867714
5.25060703214692,6.23243359772381,23.1988810235713
7.06440039134507,9.3927271405245,21.4480620538036
6.843815385634,9.9525978977697,22.8471108257835
9.36716324291809,12.6617061907071,22.7016178021846
10.389738792558,14.4943299508242,26.4328699476103
12.1431191787206,14.2737062209187,29.8082865751311
12.0640999251711,12.8613708240722,34.1457297685017
10.4533160502992,6.6400423823861,35.3601681248049
8.76704243328867,5.85230914107819,35.5408231447866
9.00774887924119,2.40931256503775,31.2756311823586
6.88966071410345,2.83686333809517,27.9628746352305
4.79911786588005,2.90411401857206,25.9502759724826
4.01301391056749,4.24991066238456,21.7582608035638
4.99124142474651,6.88803645806588,22.0719586750865
6.15902939703901,7.54710982126867,19.9362517377868
8.96123750417523,11.2852228198482,20.2225090642641
7.51688513757259,14.3641037471632,23.6926649492541
11.5408302128777,15.1132975138196,29.4374791274155
12.5743629961191,13.7809960651746,32.0585673618886
12.6765299675749,9.61530051097313,36.0665662048882
11.1385888274496,7.01579230649346,34.9591794862317
7.53914938322517,3.42741443776133,32.1072867208732
4.90750608780306,2.47672390863475,29.7164253015108
4.50883282121742,2.18134870165325,27.0440647799519
3.47739690821843,3.19271481157823,25.3004451104439
4.09492107763713,6.75756583146499,22.469370586736
4.62598850568228,7.57560833260425,20.1488349421361
5.12952709306806,9.78764052357818,18.7172425968623
7.0342263539689,9.94570055774544,19.4274623327459
7.88267328012272,14.1610469364116,23.6423116086501
13.0235035688145,15.4622130584619,26.5175805212624
12.1208383636977,14.2271768866687,30.9272857589984
11.4235883798709,10.3501677529618,37.6619056364914
10.7665514911152,6.64363311189183,36.5113587770369
8.86234841809395,2.57082080580881,33.9250482048745
7.30829963858416,2.25367209382116,30.5030835731321
4.27477088821732,-0.177555689845154,28.2389641609129
2.19169055924821,2.97734473771283,26.0687322678679
2.87174553108638,3.36163591616306,21.9665208866828
2.91113290026845,6.58861868869599,18.1186010776037
3.84676459970155,8.07669046517532,19.2613528646965
6.5068078351492,10.2494120000983,18.8068803358807
8.57520008446118,13.9230808469329,17.6048899672686
11.6145337777246,14.6101980708935,23.8710671390614
14.8354703415237,17.510526225011,28.8053407456484
14.9956335470677,16.1278614178722,36.505854771067
13.545510050715,8.67116689805337,39.0284243869235
9.94740274534534,3.51823170329763,35.5555343325469
7.89261800723968,1.15300298384118,31.6330782203571
2.32579137907634,-0.634432291113528,28.4944728710761
0.654173337588908,2.65335774637062,25.2761598017671
2.42610449252028,1.04025864162229,22.824579551883
3.10052103665749,3.27330966027563,18.7394804648805
2.40841941667063,3.66043186959363,16.8552144095311
1.76319606735675,3.52137850567014,15.3604594782727
3.26380595768741,6.92123217115224,13.8947227810035
6.94120302607739,10.1130630640596,13.8835208267809
9.87377278052202,13.6407507357487,16.2260563967245
10.8624355134935,18.0059837907884,23.7956204880928
12.3595596483204,19.1453500536873,31.3465347146916
15.0920977769672,14.0727917949582,41.3816369112459
12.496762382816,3.61568552325865,40.2813654482363
7.42662283058936,-0.145003443451946,36.3244852745976
5.59643564075285,-3.67205980603898,33.1385951419767
0.197714440132217,-1.53472652694784,25.6400946182871
2.77361368245291,-0.71203070189068,23.8703048351954
-1.06069520011114,-2.52878700722232,19.7165345074118
-1.46306965691901,-0.981364109709782,16.5678993059464
-0.411912920421716,-0.985833253494693,14.6473649737059
-3.68892734685205,-0.645159867680439,15.6991189669789
-2.08996312287193,-2.34918797278111,10.9267177897528
-2.13134538218946,-6.37792730910085,12.2788752858644
-3.5023615917748,-7.34695812645147,10.5352387303025
-5.9906732404712,-11.1752721599876,11.7502871068182
-10.7257290753832,-16.5887005184099,17.8320248961908
-14.8926540746318,-22.3826305701529,25.6449650958333
-16.7734561918539,-19.3868630172373,37.6671614385798
-15.4049261226476,-8.60490865652006,42.2001638523607
-10.69422628771,2.02521319106518,40.4949132233643
-3.65071232831953,3.83876735436893,35.0372607609935
-3.37874053301904,6.0466051488544,31.0266996721523
1.71975872743105,3.3273582520556,26.9903895316899
1.99724002729627,3.79701859311726,24.637045984124
2.99612849009255,5.04472598443998,22.4679051691918
3.2680484141667,5.62504599112733,19.5737156439475
5.53075038582346,8.45552738497698,18.9847440958108
7.80494447242396,13.4290901102999,18.0068778337199
9.44920350108616,15.8235133757232,19.6320751593186
12.5851459604626,16.4234679127297,27.3990936164473
13.3551117561982,15.7006894250683,33.221990389649
13.9086219420572,9.5325494863654,39.6285077101932
10.1224834535411,3.66836869888222,37.2787223236608
7.8307634128163,2.39253909470853,34.7357977986058
5.92248034146398,-0.0952806716657022,29.1793090090919
4.70982974178729,1.11723892115662,26.8954248739991
-0.222505543848846,1.39329168299084,21.6881463082288
3.62710330527484,2.55075502189931,18.2592921247579
1.703743641611,4.75013323886332,16.4854743169111
1.89339645940239,4.54494150873661,16.5362500972662
3.88683618379965,6.90476629441447,15.1510878797141
6.09916873156204,10.6004378623696,16.5362641329616
8.78757523964578,16.1706543900238,16.7036929878196
11.9827122152537,17.7598292142923,24.3348423983352
14.5327037215782,16.9553612482741,31.3070272919267
15.8071136602649,11.9023272929594,39.5090780054967
12.2854342106586,5.33223077637644,38.3029769239756
8.02588034097631,-0.505266711823069,34.8134673188361
5.67616922355462,-2.3091086086814,32.7031990847179
2.54552963264862,-0.374301264534524,28.5096299054063
2.74449570368122,-0.489236463246661,25.4427363233622
-1.05826073339367,-2.40789421133151,21.4101771909516
0.38854079377402,0.819404907332258,17.6337106105378
-0.48239380597444,0.0184731749903747,16.3766560372427
-0.00663321098332093,1.39280573175809,12.8027030423771
0.403180646140645,1.63039927858746,11.3186431810317
-1.30093246926229,0.939369350027055,10.5389423280519
-0.631689810913822,2.99201256993808,10.5153028822723
1.14556929701664,1.94755748731044,7.55176807806309
1.64092406258456,2.16655881869597,7.17047197169283
2.58611902860324,4.44336174293515,7.6995751606251
2.34151534847347,6.36325786743797,8.18033269491359
4.12065571325805,9.60533697180167,5.95693716661177
9.24508079610566,17.0691812494248,11.9296032885767
13.4033158414267,22.3920814979528,17.6501731557173
16.005828160613,23.2075859521802,38.1804406652647
17.5381571096027,9.65345569871648,46.7794224820306
11.5372880860177,-3.35175998909715,45.6747370100697
4.33236641351195,-7.2717977855769,37.5504237396146
1.82762240429168,-7.5076185531127,30.7323683560316
-2.22469781755,-8.3591192469891,27.9182856953204
-3.04354093964016,-5.61407438470877,25.313234785755
-3.90838517757479,-9.44110016551448,24.2444223807662
-5.82693399032325,-8.65276243579422,24.56420632128
-9.9026861744231,-12.5341418349053,23.7349961587861
-9.70470989579165,-11.8080247740398,25.9070279474632
-10.5404465301376,-14.6310411617276,28.1574234658441
-11.5017503532026,-12.0769224180652,33.155750401787
-11.0104500927929,-10.3613353828955,34.1155135148524
-11.6042437649788,-6.16296886898009,33.5286009335831
-8.90306775181623,-4.5378694922361,31.6503922426207
-7.25118762735315,-3.64976379522416,30.1027385580457
-5.98001166998398,-4.42083901447504,26.836094568593
-5.91270697836505,-6.55141873945131,24.8236812569047
-5.92066775000098,-5.54497409249813,24.1870910312351
-7.32243693502605,-8.39085355809662,20.693505721095
-8.46777726492121,-9.54565404640384,22.5368834898084
-9.49395001317828,-13.2924662258752,24.1425426929662
-10.2169258002139,-13.2178287449193,27.6124625854429
-11.5395878157639,-13.7726859171263,31.0614350089523
-12.294933910657,-10.8940351392575,34.7213589849275
-10.1093238134165,-7.42364550137042,36.3697054666056
-8.49312984378654,-5.44116411466643,33.2345855828762
-5.62175116117288,-3.56975833063162,30.6338262707866
-5.2932851026326,-3.39108865667583,27.5816979105015
-7.70471011568448,-4.24796482515685,27.0275724770276
-3.46979647134632,-5.15522543761026,23.6503175895172
-5.83973151506199,-6.20775723128914,22.875778574148
-5.85435421457066,-8.44847546088015,20.9848445633164
-7.881116353537,-11.0475231048826,23.0654797033682
-8.36620923892444,-13.8292975426566,25.290542027375
-9.8891694307265,-14.3917788810342,28.6638991544842
-11.8897171623776,-12.7833107697066,31.2797625522879
-13.1369027689139,-8.06396305548637,36.3677494662952
-10.5027173551448,-7.42039888934034,34.0872309920836
-8.90388860675338,-3.50001177964336,32.817782095633
-5.86638001421996,-2.69642245394395,29.5749025835797
-5.95171538646922,-3.66287462479879,26.2094353454816
-3.95612581488885,-3.5291546076549,24.2965394494119
-4.79841115399849,-6.79098278106647,20.8173193315736
-6.23405992879746,-6.85560511577196,19.8615497107101
-5.80945892151459,-9.23284971290781,21.8420582739249
-7.40532250154923,-11.4071863518435,22.3981449085993
-10.1814412423778,-16.1296724829341,25.1740522383757
-11.8750023293078,-14.4252725700116,29.3280273048316
-12.616095838873,-12.3248204282245,34.1788991690025
-12.1481531876238,-8.31728886432648,37.4174920003809
-10.4200568282522,-6.00737954105082,35.6285749547158
-6.70646802257657,-5.56186597972294,33.6374202255215
-4.98246819398226,-1.11776565311709,29.7897787244384
-3.72181205776253,-2.82798225530161,24.7156766315706
-3.61502666238651,-2.92772297423894,24.3596449300563
-2.17822905759503,-4.47737424371318,21.5837812675597
-3.2019976571759,-5.36042990252832,18.7853095611141
-4.46671310392597,-9.36830501769026,18.301398690958
-7.22010235811737,-12.1018181851719,20.0667023683754
-11.6132543410223,-14.6875049233116,22.3047697807653
-13.5231182053424,-15.7383663161619,26.6462313992602
-13.421867820302,-12.3770941043936,32.8543806038586
-13.4419660860099,-9.70073615524463,37.7737086136393
-10.9231415425728,-3.65733606373735,39.2570311022783
-7.43827421059178,-2.30518037871335,34.8837422560044
-4.85678928993285,-1.16795464054491,29.3492169591585
-5.37030810097202,0.280411765875951,26.31126039976
-2.59921161311506,-1.86117559219904,22.6462174075775
-2.464029779802,-4.13554110186971,21.2570439313881
-2.33076142932769,-6.57932856856239,15.7898499991285
-5.59881275599772,-6.89004313929523,19.2574731938622
-4.87692972652492,-8.72132883604318,18.3821152199662
-6.38347046029055,-11.5088997433682,18.8440361100787
-10.6392836607442,-16.1651718934701,21.661056264758
-12.5619587476234,-18.5152337150632,30.6835948433885
-14.7015785154874,-13.2327220303689,36.553772977843
-12.9935505338018,-7.27344576056571,38.2279730555675
-9.13508131962744,-1.62460457991763,38.2964295144353
-6.39762758065556,-0.478578569607074,33.5204167659051
-2.65655483874699,-0.00336454946950754,29.6231039112222
-1.1974386498623,-1.09331208251282,26.3709237871075
-3.05538536504795,0.420295204157815,21.9936835632658
-1.11140801714203,-2.18038110061662,17.5531363773126
-0.511615112293694,-3.83071690634277,17.8711419125966
-0.0816153366175008,-2.68697364441666,14.6670552155351
-3.60986492361527,-6.42579614396118,13.6867327213843
-4.92984745920891,-9.14959691507773,13.8203930041437
-8.61766512174326,-12.9599289958817,14.5177004870339
-7.97333264063749,-17.5824219922605,17.9238869032344
-14.3677052256977,-20.8279383941184,27.9403819355707
-16.7305316966532,-19.5466172024526,38.7414039022389
-12.9605760324915,-6.29275434823065,41.3449531199677
-11.6962547377935,0.606431908315059,39.8553655802566
-5.98699629845267,1.59449415154602,35.4421980702635
-1.4326549201436,1.6785575438592,29.8071271303095
-0.432889437385445,1.04995598207992,26.9542515202947
0.474517321319157,3.56330450216534,22.238357664622
1.04925622481033,3.2475291542848,20.250083772258
3.49166796923347,2.60147481790832,15.4009466862736
2.72447300448189,5.31913203104312,16.0391540798435
4.28569126155645,6.6559049060633,13.0047692305162
4.43316496234322,8.84954256811425,13.3736783710843
8.46554958318454,14.4337433077148,14.7643204985203
9.48509063493366,16.7566091214229,19.0813271906406
14.2390658205972,19.5673165512061,28.5407757099563
16.3975695866797,16.4249000117615,39.2996946809008
13.6025960939068,7.17055322895743,40.4448325737672
9.75035226362201,0.374928229880318,37.2745457867364
5.96378287061613,-2.15601388912014,33.6889314897535
1.61174178730863,-3.58580843373212,27.3190697740438
0.565936476928351,-2.53634054491022,26.2184868975386
-0.71288115325208,-2.69706857314486,22.2999562934481
0.26963638206833,-2.38043735503539,19.1235250663808
-0.809326100665595,-3.71382864530893,17.3016626798144
-2.01281040610183,-4.69118193024843,14.9511708240801
-2.01140313537165,-4.77853718562458,13.5546379564354
-4.47944812168449,-6.87974301229722,12.1813580375197
-7.56734255830128,-13.7340110615275,14.5304562284243
-9.49931373753946,-17.0788940009543,18.7861613452616
-14.1525411902119,-21.0886758832114,25.0788859660537
-16.7999317383542,-17.8585924834546,35.7693294574808
-14.9088066510305,-9.03907804314061,41.361553217745
-12.4516113236492,-1.3963100285223,39.1203966921363
-6.05068080190014,2.49583412426033,34.754796122012
-1.49476674901589,3.48078320247861,29.6972168118954
-2.40219328059707,1.31940263831305,26.2971038667487
1.76867232658845,3.24970382930176,26.296487003538
2.10940376010307,3.16068398286026,19.9436098518489
2.32865831579912,2.49930146241499,17.4568468909797
2.36077160794001,4.87085650429056,15.5431447455532
4.13411999760743,7.48834620333306,15.0504490335034
5.4548974908822,10.5244148162424,14.1659565495586
10.1437542632088,14.4425122018154,18.2744459770699
10.6490352218275,19.1110208711751,26.6142130302264
13.9197679867805,17.8678426781586,32.8984876840553
14.7121553776539,11.435945750371,41.0130098454216
13.4082831380814,4.94226020136088,40.9685410955215
8.0552393907389,-0.824078235370869,35.0766874844325
3.20297107658297,-0.965971210532204,30.1419133455546
2.72133389881763,0.364481829959273,26.8511410949411
-0.0422108703866725,-1.64590569097625,23.5628447555906
-0.15494741378306,-1.45769231204551,21.1010879995093
-1.5626488887091,-0.338124750251078,17.9632285996234
-0.880069170092399,0.250993449532225,16.6061374050769
1.48090477854426,0.0189289884074451,14.5511402718965
-1.71987258211079,-0.500277146657592,12.1770453834768
-2.6604986943111,-0.174990558476902,10.7873021994449
-0.453837835054977,-1.87974559463642,10.699407113242
-3.32761385821063,-2.18009631665407,7.5927705397214
-2.14620948404868,-8.29379055449507,7.62420231388127
-8.54828835287851,-12.309936399842,8.56633012580986
-9.14848099483454,-21.0367929432317,13.2691333228526
-14.5151930333303,-24.3614095861134,24.0762111705387
-18.7691029724737,-21.355506583039,39.6532295268252
-17.5506808042952,-7.15849604641443,46.2208355774991
-8.99648306154471,2.13740879355646,43.1701862988267
-5.30865919843231,5.31405114674784,35.7171460765185
-0.199223759651993,6.55212176919447,29.3676465912178
2.32039259516817,5.40780591970559,26.6793427632452
5.32439252048509,5.85342162842644,22.3092471025934
4.53695657668521,6.92677994548103,22.648358816585
5.56260307036946,8.75380046947235,22.1193715652105
7.59925753617076,11.4531484706692,20.677442351654
8.63448278863998,12.3397243459493,23.3442287276236
9.65421099044158,14.1840381321492,26.5127065494109
11.8174270713796,14.7693251359608,32.3039283137888
12.5035632943208,11.833494536078,35.637301808146
11.843852657475,6.07085971501918,35.1422913643838
8.9908490973496,3.32435387523079,31.2924995769763
6.87297008755161,2.75506955069016,30.5859244660893
4.7402387021672,1.82965439865533,26.4029575735874
5.04479909191722,5.70394335817716,20.7877776845337
5.07380969291328,5.11707378955498,22.2089889924455
5.87333288293773,5.55987600742783,20.6241495289905
7.0386693659916,7.86089493367277,20.0757277675052
8.21560291622566,11.3138462526271,19.5835699950245
10.6551872587725,14.8724575002275,21.2492781996959
11.0340120969991,15.4882854653468,27.1423075873204
13.0538634772771,16.0027782978141,33.2706482285192
12.7364836187351,8.35820270300451,38.3078637588708
12.2289756292689,5.04108210296235,35.05849220858
7.98049326682609,3.3016956767579,34.9782973756456
4.73256211804965,1.56297662983575,29.9185108656263
4.17272096844499,1.7878106292061,26.9608127821393
3.80736841076804,2.83077426318035,23.9985356725932
2.9074165944681,3.20084090647685,21.4441354090354
3.71169875253344,5.89038185798956,18.4522157166803
5.55080813766729,6.11364990953813,16.2737976938798
7.95179720040407,9.46944498002167,18.8874505696012
9.0226544282207,14.3160081638722,20.8390414210235
10.6791891895851,15.8393813774957,24.5483678756924
13.7838729711337,17.24386935595,30.2430494140744
14.0966689368998,13.2534001422536,36.7060163751268
12.1303780134291,6.38748112301579,36.5178072892685
9.00108057832555,2.08005612832815,36.582886103915
4.68216981540551,-0.254184887728911,29.8414324820581
3.06331496880313,0.534945718756233,28.2758266905318
2.14301602726946,-0.724520412595383,23.3470754323623
3.21126605435218,0.475141486798909,20.8097167268073
3.81815403811438,2.1042447045001,20.147245813725
2.99751792717495,4.2823170364459,18.5509788314488
2.94786914123805,6.27716044766811,15.6388228324218
4.03313666749942,9.95413158432966,15.5134201772683
6.50626980364634,12.5380597571439,14.3666611654462
12.4576893914076,15.2767687876935,22.4201511299954
14.2089033762494,18.1675995715681,29.6788194268739
17.3811392846881,12.8862658351943,38.0331340615981
13.3711467560992,7.44378910087949,39.7120944450759
9.55472437783252,2.2263867401548,37.8288387965028
6.20110294113255,-0.672734502414465,33.8593673724325
3.20053315007834,-1.76852713965054,27.2802346965734
2.33375840491098,-0.645959522895336,24.9856138103928
1.58781937191482,-1.96259892617588,22.6018069315868
0.627197478971145,-1.07466016902316,18.9455926240968
1.96876257325019,1.00726023656975,15.8559705408252
1.57845200902036,1.58293087377645,14.5159493268537
-0.322385892646945,1.40119244898045,13.6671243195715
2.72151606138034,2.37313921762147,9.27402204364137
1.34038153647312,1.83402334614889,9.94800926404077
1.98454207407524,2.41068930527771,8.6910372481767
3.75767573738934,5.20871676850236,8.66207012740771
6.02048382242975,10.8341079555765,8.48443255488874
7.16453113794245,15.7957817853253,8.88213232298046
9.24907981143392,21.7627812866338,15.2333692698387
16.6213066337724,24.2117385272004,30.9840709792984
17.847999808137,16.1151595002881,42.6260071226189
13.448376863919,2.95106353418859,45.2736817769055
7.18859710464583,-5.2324182070004,40.7532199732114
1.45565536892992,-5.88537292902229,33.3843893248064
1.59737417002828,-4.51434665715705,29.249768426105
-2.33916561906155,-5.8588437143867,26.6895801868711
-3.01273679737984,-6.75402316487289,22.9836732154184
-3.84587655391958,-8.42790566036417,20.8232481710984
-4.92856737544628,-8.51782893919559,21.5240044424875
-7.44045327575194,-11.2944035582349,23.375225989496
-12.2300474621113,-15.0721482592971,23.318175898234
-10.0130641122212,-14.5711752604138,29.4458265901765
-13.7799351229803,-14.4753532566811,33.7815396209022
-11.2891040595612,-8.45817812856328,36.1485534951853
-10.5630986564499,-7.18474464461748,35.4535740677897
-8.05837875515516,-3.65509642092663,30.9805507780214
-5.63777849532683,-2.23109141024144,30.3604759177207
-5.52234419598611,-3.1580505029248,26.2990497660743
-5.02453957363926,-3.37420370100718,23.3867681777522
-4.6587207895857,-6.65253212959714,23.2045718262192
-5.84993478363343,-4.76675225168375,19.2212450117158
-5.36012974005537,-10.0052986634311,19.9205290370226
-9.04068499109323,-12.5951488910043,22.0073046199808
-9.03686235211726,-14.3430958897738,25.4059466948802
-12.7626456218458,-14.621735054537,28.7707571077502
-14.2844767382882,-12.3490087108818,36.5202172636059
-11.6458542039386,-8.61681955723988,38.3857473795155
-9.77535241036498,-4.24238027099736,34.5406710468278
-7.04253866040104,-3.01891901620524,31.8608317820063
-5.92877415064061,-2.54141382527045,29.939655936214
-4.99204080329278,-1.8271251395661,26.3581157785744
-3.73094104979415,-3.41580931446659,23.5336166009905
-4.31485707735129,-5.98365484711952,20.0832008979973
-5.29934821613203,-6.72093491118367,20.9826906522819
-5.88080824095591,-9.09347535573416,18.398841396151
-6.81786985172624,-11.2754472712886,21.8978911522201
-8.27577634062448,-15.6727923515763,25.7508526463012
-10.8715515475444,-16.9567783332035,27.5928402670757
-14.2249659183422,-13.2819480881349,36.190808499955
-13.7316910305409,-10.1076371012385,37.9802060039758
-10.1794054890574,-4.20694107923099,35.7075049578658
-7.80624531450553,-4.50679299838225,33.0024932716121
-6.56509699458221,-3.1076142710868,28.7763590893739
-4.66486511018161,-2.6241193177641,25.9245069018927
-2.0285007404927,-2.1560996622349,21.5803770234302
-2.84826018327183,-4.85679567869139,21.0705564441453
-2.44515246286046,-2.16249789909197,17.7395179037109
-3.59805547047129,-7.22766016017734,17.2884903100296
-6.68250790543255,-9.89839461207278,15.9761812426465
-8.13896749545027,-12.0384966127413,18.0169163955567
-9.47268001773973,-16.5612432606552,22.2096689394319
-13.450647533353,-18.1544687440414,28.2535770908123
-14.716515292811,-15.3714495865147,35.919217396805
-14.2526857678472,-9.35517164697138,42.304529390225
-10.6459432828757,-1.16212425615487,39.1884947007703
-6.71906044956468,-0.987479536635095,32.2773517621754
-4.33083162488157,1.17079711608733,27.3189413469792
-2.41265874030571,0.193455699735755,25.3575129208695
-2.4093627865299,0.327780485168434,22.0798106773535
-1.72016574874934,0.822843687963658,18.9093461340664
-1.52572557002783,-1.18603267078439,15.5432950783633
-1.9418187429719,-0.994984505933264,17.004121538988
-2.08929209183276,-5.07205320805337,12.8600463847519
-3.05794230604671,-6.08173172416508,13.5663309664929
-2.67623309363379,-6.40369616071776,11.5446201861005
-6.19533084708634,-12.9199796602076,12.9450031776906
-10.295954331242,-17.3054408449093,16.6421969109986
-10.6944355489312,-22.7647672309563,24.6139390337725
-18.5939460903125,-20.8924065779445,36.5245380656347
-14.7979122595974,-9.40886037457171,44.9025119681423
-11.0579035687592,-0.523765567503752,40.7204534953657
-5.51666777742148,2.49222806047357,36.795449111757
-2.14175101824351,1.61227194325765,30.0857920501003
0.219727513977653,3.19987524574067,28.4987836138327
-0.481179256145889,3.35189628076411,24.9381690813634
2.37167961004197,5.63692639641961,22.1068300332422
4.61448517822825,4.71613306583352,18.0714449209792
4.80641923734486,8.13860692018785,14.2907436821831
5.95659103235539,8.72471275098213,16.8110669664536
11.3656644699565,12.1119768495438,20.2931653240145
11.4648705156369,16.3473024887862,23.8557994253141
14.8668471364541,16.7200586995023,29.8654377336854
13.5123772444928,14.1390248121012,37.9911718543195
12.4793441318208,3.40580007223969,37.1642930208606
8.81984576586202,1.00948441070209,36.1552799114414
5.26924773866234,0.711801548842761,31.2556623980361
2.14408642578658,2.19693015237231,26.0117806550678
1.42531922220736,1.22542795869423,23.3402579548398
2.24876364731175,-0.452273788976512,21.2717247783646
2.09544683901721,1.12221389360821,19.5527513053847
0.82556661740761,1.50763278813918,16.7666606309492
3.34418048231043,2.92002574288288,14.4709557414837
4.25409456487047,6.74568240698672,13.9279836855099
5.95900863787877,9.4394451045999,13.6167633163174
7.99010749877545,13.3898628260561,15.5447909588811
11.0664057698973,20.0022846838298,21.099288121759
14.2881745790221,19.4443312918567,30.2251707844508
16.2025092340847,13.6566488525015,38.3838090579243
14.0956477785282,6.91789335473205,42.795073989533
9.1863024500479,-1.23125013087514,36.8124997500871
2.23496947358347,-2.29674667952384,33.3030708017695
2.3862470942204,-2.74435181883351,27.7322670335968
0.18601552151024,-2.84799145058803,25.7435825189339
-1.4986321700864,-3.59432493651329,23.157559388533
-2.78175851650024,-3.43217637127353,17.1768603725381
-1.47884062207673,-2.85358759606542,16.4023060191927
-3.12880519673826,-4.94441784691694,14.2780542616889
-3.15288686545828,-6.03217104964334,12.9095251195465
-5.14500982754241,-12.1058341967033,12.9228411629858
-6.8272182036684,-15.0257511240863,16.821960081222
-12.6628580748361,-18.1910493268299,22.4733294604102
-14.7570057505306,-19.7976914039994,32.4699033580415
-14.5231443620745,-14.9646367034661,40.7213771103857
-14.4723233732498,-5.4706592979298,39.6645692660589
-8.43383796673817,2.89048412895895,37.755995683657
-5.23544889597289,3.44470273866043,31.2262787205974
-0.689436844268259,2.7935880301111,28.0404684576757
-1.27910680753959,2.03219673071846,22.6558701150277
1.87871673925468,-0.0525692470246457,20.7139334799614
1.46669557821579,2.35415871390363,18.7672972175714
2.92783548272861,3.93192532438498,15.9700081664901
2.31539508925774,4.5835767011062,15.8217472698252
3.30130230424319,6.65167637523307,12.9472440461904
5.28590911998212,9.18082617572783,12.1125507333379
7.53290907677842,14.4408105893513,15.2777127389526
11.1703366555868,18.5184762240999,20.5334608463379
15.8081030351888,19.1455411545573,29.97044177219
14.6578679177785,14.4260363499726,40.1214590944317
13.4338990549684,4.6934256569766,41.7496195985811
8.24275870180456,-2.02935644710718,36.6999180612685
6.36413028803369,-2.89091127937139,30.865260110948
1.74673977503292,-3.72243451263773,28.6283707596375
-0.869323916260837,-2.02843894490077,24.7067049438372
-0.413647346266681,-3.08100041634665,22.0903888284293
-2.08421439755975,-3.57362894162452,18.0679004110705
-0.491229106711361,-2.59937323426968,17.1776645873471
-1.88946184088093,-5.46489710271975,14.7868668798783
-3.18041925076296,-6.76475364208288,12.5080499149762
-7.13966262836671,-10.5416032982347,15.7936223761335
-9.52374631066158,-14.3165637823668,17.9752077940872
-10.8060724761719,-18.2565085683426,24.842484894226
-13.0621243160115,-20.5281046644739,30.8714215637667
-15.5355455301203,-13.6966719619501,41.1748468794327
-12.628229203354,-3.70179276316957,41.7917417237313
-7.89705073007851,0.269581860056859,36.575990572811
-3.57668558684766,2.7941680443591,31.8497144908248
-2.90168040749049,2.38604470005935,28.21125856649
0.376245053498594,2.32688395443752,23.145683463326
1.666814773995,2.24714422434666,21.8445670130854
1.79150468746971,1.16356050223774,18.4685908484359
2.27391865780789,2.65200096724617,16.071844459053
1.39157476308641,3.47038186212655,15.2631898385886
3.29310496047198,3.22729330838272,12.2985010098091
5.26546784309918,9.14022551835481,13.599210923881
8.48833546001399,14.1432828721375,15.7279716880773
11.8789777906513,19.5837107966381,19.8849632364687
16.636996143138,20.3307206181182,30.0976981766854
15.0193273956754,14.1134988532335,38.8183002349743
14.2259683355648,3.09710938983109,42.6517022829491
10.0765924729969,0.241711716633837,37.1868090584691
5.88544310969568,-1.90195223831738,31.0999800881271
1.77243606623708,-3.76225623574931,29.9830842739928
0.0376842466711084,-1.33791474903566,23.9653930813466
-0.156796877628668,-1.77317938050966,20.5917017245564
-1.46597019458755,-2.25816625691979,20.5328503816899
-2.15417588978397,-4.11662527697795,16.4248421428811
-1.477201360041,-6.10033780209455,16.3624481282052
-3.14653026483479,-6.97424481428882,14.5040585463215
-6.19310754345739,-10.5003182619937,15.9298939305186
-8.12047414137755,-16.8139262896354,20.5979259062683
-9.97121938050248,-19.1261184586323,24.6351486864996
-17.1845020574899,-17.2676490366798,36.9170469161707
-14.1394293996454,-9.39840225746014,41.8377552134996
-8.33502862397717,-2.85329674270318,39.4874044275037
-6.95442150506514,0.528444272142246,34.7433523575051
-3.77344481442938,1.42174285239658,29.8288232285195
-1.52395795778725,0.021436059992944,26.1819227915113
0.772455892285377,0.774667635982182,22.4268241709117
0.16215681265322,0.451084464845472,21.8837176650848
1.4862480640259,0.820000383949307,19.2293031258354
1.9030623292641,3.61175318392407,14.8566507865022
1.46630287622284,4.16361418253036,15.0046225319879
1.97913915085942,2.04626591523563,10.7408569612626
3.26335345679417,5.75271860991446,11.5127340885265
4.83708542878441,10.1455344683793,11.3678930621684
7.54129538594339,14.778943732708,14.9315014976527
9.29795729118519,21.5201212125352,21.3635207203054
16.0942164190277,20.9647970190594,33.2872364211912
17.0661441162828,14.9540672637175,41.0012757084028
12.2925811106757,4.58508630275979,44.6442338635497
7.31879565236214,-2.77400575939723,37.5451283861928
4.53799967645539,-3.38185366465753,32.6037010882163
-0.603430454350688,-3.15457244270325,27.8171202033424
0.290973799040162,-5.97757957063363,24.1983356915452
-3.75479959285383,-4.70821651711833,19.7458104021105
-2.24920867165012,-6.39949119233554,19.1849249456503
-5.69186427664442,-5.19988394376013,17.6566150523253
-7.98075753492608,-9.71214093072349,17.3804385474354
-8.31345877191321,-14.1287534202836,16.8703499154265
-10.2163396956614,-16.55888375128,22.2297671832161
-10.7677694751235,-16.8525621391249,29.3552330990515
-13.684030320366,-12.9378440000795,36.6470487515829
-13.7162115297018,-7.90033555263488,38.9324731947578
-9.93564046170193,-2.95433551667368,33.9041171702493
-5.52480754872817,0.682668803048635,34.2793810462314
-3.92616750531004,1.12595983780072,28.1217116981694
-2.04323771466233,-0.0438038599459111,26.9233358682543
-2.61672816819665,0.15695357231213,20.7847124050783
-2.54188929815192,-3.02998135317926,20.5022831329875
-1.4864872325124,-2.82698478307947,17.6514853694825
-2.20712089986277,-4.99576185295543,16.1228863349433
-5.64778305254394,-6.80584921347374,11.4702449816526
-6.33340421931753,-11.4094465645747,15.2559345801731
-6.73657871736607,-14.8473372598766,16.1858602331783
-12.1913938470223,-18.5538355516311,22.1359642282636
-15.133579356141,-20.0215852125451,30.0899220527859
-14.6993522525956,-14.2601294975957,39.6489617845611
-12.4779438528261,-3.23347556476014,41.4711503561666
-9.33781868621173,-0.0212023506657088,37.4201389980634
-4.2075247963988,1.50458607145735,32.2342024282368
-1.5852348378678,1.39505435304866,27.6964610150727
-1.49924032054997,1.83244579461548,24.2822023103718
0.185260757050771,0.534500937228785,20.3950415725251
0.895628073561985,1.76545226196114,20.1081287181121
1.27221314123989,3.4089896700018,15.7340034217821
1.16990239846031,2.30225150727735,13.925113001633
0.723188966512808,4.04147538415596,12.3393232218434
3.73096573480037,6.24383283657215,11.1753171297997
4.42070040432789,7.85727446605116,11.9408790239637
8.96442460354383,14.7208242533564,13.0978885807572
11.5992363974953,19.3548778292619,20.3292336238805
16.0464231040056,21.787855848682,29.5078072635389
17.6244564953121,16.281731946468,41.4308536870932
14.4627597560968,5.28497877866482,42.1245326414687
8.8246906493709,-2.36510998808201,39.6409224879161
2.3214094054069,-2.7998120191181,32.489503674295
1.52321737429598,-2.94812649791096,28.1506718617403
0.664387454922082,-4.44537232798958,24.101820723229
-2.17012609706909,-4.25863598687484,23.1445311486038
-4.39192897533083,-4.50680735214562,19.6028457182921
-3.71170717344183,-5.42542551339103,18.0192432126784
-6.54845948486075,-8.50374212247528,17.4824814909902
-7.66933514439771,-11.1349802223071,18.4238415891275
-8.87425849530009,-14.3692677907992,20.4537049674841
-12.8130403176707,-16.733285106929,29.0944092385394
-16.6139769199783,-18.0064712283423,34.9065988788963
-13.5174425406347,-12.5852762704441,38.7696254533076
-10.68615676018,-4.13820245831233,37.3854275124847
-7.62935278398259,0.353596364450762,32.6453077885159
-5.60851088136303,1.9463628154278,30.9971658185213
-2.84738438665131,1.29502069586245,25.5386848710139
-2.2122552392542,-0.410543573542,22.586645378469
-2.75020035752559,-1.55296355781438,20.5390587374307
-2.66561868165149,-1.79457316775707,16.9223388593795
-4.04897149658609,-2.86059738302258,14.5686862309958
-2.59654951134004,-5.58506435837341,14.3098556735152
-3.45341421512142,-7.97791697382348,13.5301371251944
-6.67685677348339,-11.1458351362562,12.7837292421671
-9.97839941710726,-14.3218474908532,18.4428945163251
-13.3606218832243,-17.9757576738045,22.3746042165462
-16.8860514688687,-16.8994409030787,36.3768733166277
-14.5472114849237,-9.32278772660068,39.9113958908915
-9.6086865600248,-2.1862706778566,40.4452209526303
-5.83597936862679,0.824284472992999,36.3031918692775
-3.10874258284012,3.56314173276351,30.5364338272353
-1.06512221228459,1.78042230155108,27.1209001485083
0.65326283687671,3.46910991619351,23.8158032493648
-0.338714969681524,1.20069773822494,20.7269317324568
-0.115530477080035,1.07422702710309,17.7028114339395
1.77525401488815,4.12130130143206,15.6179989645047
3.12065115356435,4.76019240760219,12.9525022198852
5.25118527940842,6.89557656954205,14.2135300349151
5.68504569764623,13.1696311493876,14.1454020492831
9.33637226740641,16.7230202747782,17.3745292703724
13.8865749166032,21.0336333351484,27.0406172496078
16.7509695827079,17.7169651319629,36.3012130027296
16.0291624458075,8.91921947482374,40.8647520043319
9.92484460541611,1.54221886231674,40.4061395043079
5.05162506618448,-1.43389670990204,35.0778453717499
4.65646624539018,-1.68124921155994,29.210893615793
1.48014275773828,-0.71257701348399,28.0795561737495
-2.31348472930569,-0.940703166172565,23.3118192466676
0.712527593142234,-1.90705147037254,21.6185569875716
-1.97065818826209,-2.59898593787192,18.2760655380056
-2.22313288111595,-2.76729591753396,16.7395192703014
-3.24457365912439,-3.78846744810592,13.394372674776
-2.8230321174331,-6.78087236763743,12.356122044967
-7.40885834180515,-12.6590756574784,14.6106697608658
-8.07712670860723,-14.904207473233,18.0630103245742
-13.7470892535957,-20.1342488951979,24.5179525098397
-16.2954358849206,-18.6780269135325,36.7833482312255
-14.704706294531,-11.7058381702437,40.5768379499553
-11.4177956398048,-2.99540383859482,40.5470197207339
-7.80623525831038,0.594559152898354,35.2776763875972
-4.15679479636545,2.97180175585593,29.9414137212264
-1.90180988332943,3.75967566971669,26.112457481547
-1.03816047217302,2.50894568746461,22.0577996416681
0.734617079723425,1.28339365131814,20.4074102454043
1.42396167935226,2.67203095573684,16.3928515622929
2.19868353095014,3.5207616480907,15.4711456629189
2.56791597769567,6.32275285037784,14.1381887696618
5.64524576550007,8.36036177580642,15.3216164872557
7.62084158459426,15.2272573237506,14.6807316457139
8.37480177247408,15.4613406660922,18.4025646991227
13.5983387479541,19.7429410848303,27.1102998348817
14.8515826101691,16.5573972169235,37.7951665786258
13.8318004496239,8.16639159243819,40.5295208624987
9.74211365230256,1.26027219438192,37.7680139662092
5.34112460971432,-2.22612711065977,34.200345682759
2.64807027771185,-2.16512222732626,28.6533154601623
0.509044703708402,-1.15615491153916,23.8665866043233
0.397298490402824,-2.18067142263743,22.9118048157167
-0.363609748084617,0.239518598909998,19.9747047403044
0.499998452121979,-2.64681721091893,16.9934974273739
-4.27207796798128,-2.3520908889411,15.0847547469563
-2.33991944670908,-4.41042150143934,11.6102944603821
-3.78924649159358,-5.23994128293479,13.0830881259869
-5.77660532184198,-9.81930830018725,11.5157783550414
-8.69825325501137,-14.2919691541114,15.8646211178481
-11.9798958983639,-19.8384973177404,20.6313406483151
-15.1306963622502,-20.6821087494651,31.9884947608203
-15.0149266872099,-13.9210145412933,39.7569584295771
-12.7656596372075,-4.25640874392156,41.723582432201
-8.20785532947234,0.0250300828284411,37.6134566799986
-4.15010157747231,3.39741439912256,32.0258680556692
-1.77445300347834,4.53003992512233,28.5285892051162
-0.133497937898881,3.15421601861306,23.5428455536323
1.38841269900665,2.41120379091095,22.1431025672058
3.66437979596735,3.46845310629493,20.9844880765788
3.26685768852869,4.9705113327673,18.4483592238311
4.04608878178859,7.59247320817677,17.3817737604232
7.21200839325158,8.49514722236105,16.9796528671644
8.52229246710097,13.9484851456616,20.271081811788
13.0494295067763,17.6046751699174,24.5748376655337
14.1340760934434,18.7771250960589,33.102686337746
15.2622820764628,10.9470936405611,39.0937431282734
11.4746606055952,5.2402359573574,39.753504906383
7.47711017401376,0.598076297997017,34.6828717511887
5.41863847232092,-2.15470238423684,30.3959061534134
2.11190344719921,-1.40088034739309,27.0210320541873
0.336574004853577,-2.05913265976949,24.3737041727711
-1.00182445144385,1.68275211702471,19.1614387012899
-0.809093965391086,1.86992750906117,18.3148066452369
3.31468978853843,2.29930129500302,16.7527649047594
1.42941499746678,1.27584452331411,14.0213009558364
2.3325967689197,3.36852136738889,12.5369682608766
2.2170050330575,1.97074443519019,10.8644098589402
2.12872680971024,5.24354158667192,10.1485344870651
3.34371382113837,9.84031619180412,7.73839251975709
6.87594554509354,12.4603940450413,11.2209313349312
10.9543393353236,18.9277944313042,18.1768289260416
14.7082311020173,22.1543772042586,26.9318426049692
18.6646931798488,16.8300474572181,40.1713882789825
15.0304898982213,6.74399763382356,45.3546957335889
8.93296325316677,-5.22905948500295,39.3144689490866
4.6515195974195,-5.2954488289264,34.1985946719608
0.0605014543000283,-3.72953268350972,28.7645708823983
-1.08371150171073,-2.35537972202081,24.4872662911958
-1.70794604015115,-6.51475143123647,21.8736344112482
-3.48915668327828,-6.68550972679299,21.4180032777803
-5.22108171889063,-9.27200510176726,20.8847600190477
-6.8893040753645,-10.952439726947,18.7246762926097
-8.0409195044096,-12.6141911548206,22.0284208138113
-11.0205890414024,-17.081215609843,25.8848261025091
-11.6344699376199,-15.1979071625286,33.5637269170025
-13.0473182262478,-11.0169067400103,34.6660047850853
-11.2233688619487,-7.77004742035084,38.3890743272025
-10.5785839902363,-2.85877025332575,35.0098398028222
-6.12986775449282,-1.0636391666931,31.3745610657282
-3.72967039010867,-4.4042219485701,28.7741335979239
-4.86724754902689,-2.83162754302493,26.5437169855915
-1.48326281366189,-1.70909707173855,22.5633170577136
-5.40000075632485,-5.13669735063681,19.5680887282073
-2.51568781466807,-6.85928905712618,20.6752153076602
-5.04090527286605,-7.25437472612662,16.5471631736797
-7.39068366123181,-12.7318465120766,19.483384824087
-12.6359057406157,-13.7105115266718,20.5313815309945
-13.140204092702,-18.4398575215148,26.4149139787171
-14.9835174786686,-16.1734231400824,34.3436331130858
-15.2013467200484,-9.05415893429933,37.4592296635622
-11.5969270316441,-3.03223973991409,36.4057893582296
-5.59373411226249,-1.81240643367218,33.5765835866713
-6.26309348825713,-1.27343875317775,29.4996336530456
-4.2254208307994,-1.32793005168722,24.9098269510648
-1.94609075797449,0.389177038797169,22.9499567439873
-0.417261728793582,-2.72256799063417,21.0618224946245
-3.09191224782929,-2.83972079151166,18.1773582350209
-4.9407689220997,-4.89516623246378,16.8898125148637
-4.08433872684389,-6.39013260121712,14.2591022909244
-6.24723414889689,-9.14334962508491,14.9437110269617
-10.1546274547593,-14.6082944441527,15.0687003783479
-10.7666449585807,-16.8341532143507,20.445643329918
-14.7398205329603,-19.3301210096721,29.0879819436444
-16.6761726947032,-15.3299213085692,39.3851777266836
-12.0750337674369,-6.57468454365394,39.1649935654015
-10.6774908410251,-1.99791599074966,38.7909904783771
-5.29861271031422,2.34202266799162,31.605674172751
-1.48308075473708,1.08997475229476,28.6375523048311
-2.19487261898084,0.939335729968394,23.8828467954387
-0.245930106289628,0.619909829480225,22.7144271461924
0.63525721887213,1.83407148546258,19.1436869071304
0.550362066221112,1.66163380484813,15.7556847223501
0.0567438457648946,2.55764384949629,14.5616238344575
2.38248103046668,5.0695755030963,13.2375591611384
1.0039627640317,4.33158292551644,11.152841508444
4.40329702282994,7.45651108675105,10.8151890721152
5.24460528891238,12.1748361245177,12.7532280188503
10.2159533444491,17.976328827694,15.6306339273859
12.1860285449328,21.6343809831466,28.0025039044212
19.7171726941198,18.1090934140171,38.6112592540872
14.5472554881917,6.23593540124732,42.9042439193048
10.2654440970396,0.892454975317936,40.1227355273577
5.83129591150174,-2.7812316754998,34.0409180867456
2.05185234366777,-4.93252603213921,29.3612723704469
0.786703383472586,-5.32300802427722,27.5547224943891
-1.68741138331037,-4.14752627460786,20.4577693284904
-3.2327306352492,-4.31315872409256,19.8124056129069
-4.59047864840054,-5.25989081574183,19.5258320413196
-5.20454450071672,-6.40743522664672,16.2478037663746
-6.8269668366012,-10.3016087421342,17.507314400719
-10.7799811282009,-13.0351685115325,19.3070607119775
-12.9779012507579,-18.6439950357987,24.0970970555599
-13.0856271232892,-14.3487583881444,30.9940875894424
-13.8937578469644,-12.5809928419493,38.0189208616231
-11.7063963717199,-2.75214349064927,38.4853861815918
-6.59391674800847,-2.78540536793738,34.0355944132982
-5.23402974743571,-1.58368179040328,32.5170040597934
-2.03200724122161,-0.818244426725417,27.3797654086624
-1.05407195322052,-1.78035741733259,23.354057505543
-2.39093689025974,-0.954324901640112,20.3185536766435
-1.23489098660305,-1.98079300463976,18.3873364696851
-1.48133684389221,-2.00319780600083,16.9938655657532
-3.47669520008118,-3.07097870753202,13.0291910903349
-3.42372317946813,-7.32305654136559,12.4872873910123
-5.39591816899657,-7.82314445205691,12.6732162186079
-9.92518925996276,-15.651300077614,15.3042668363409
-11.9567378846672,-19.6137961742588,22.0893772049307
-14.9938163833369,-20.968608461756,33.2399200475121
-15.6654607441901,-13.3244886630514,40.74149682094
-13.4456290018657,-3.78276834701265,40.4697979855528
-8.68409948595018,0.965208757273973,36.7788441102814
-4.70715539030037,2.18664008676109,34.0410535540525
-1.86682445873633,2.08967541248295,28.8624097804596
1.05120406809342,1.37911284896438,24.6380762729679
1.58289642672474,2.2212335989947,22.371231030473
2.2832955014876,1.72928317432368,19.4503622760561
2.94580546084466,3.71154364165375,16.1958176398554
4.53057706617393,3.52350470224901,15.5025517332555
4.7224793297371,7.47305677931072,14.3705719192551
6.71539638780552,10.258185837871,12.5443751512736
10.7702187761908,17.4528169394659,17.3512782209984
13.5542010048358,18.7424175654479,23.3061250920416
14.3079413021856,17.6821848171861,34.3166144384187
15.0466959682853,10.1785220840332,40.1616574010795
11.3673706710969,3.41513590438299,40.0305674262955
6.67770422424573,-1.84067385792286,36.776020806245
4.16628315901405,-1.91027593078754,33.199660013658
2.95555826525576,-3.74469497357402,27.2998825859707
-0.594091610608434,-0.563220588652065,23.3732770118279
-0.634075292497161,-0.703196364474097,20.5093846409002
1.28396802040853,-0.844243382383886,17.4991954917389
0.213855417712931,-2.62249686385549,15.2220318428015
-3.59498820529999,-3.08041361873492,14.5172215811932
-2.52850642829739,-7.02367484613702,13.4700091780837
-4.75397275358561,-9.99219832052686,15.0301229029795
-8.13540694037682,-13.633721620526,13.5296790819765
-12.2549720952077,-18.2125457454721,19.3232360790766
-13.4496200987582,-21.6714476689448,29.0934312988795
-16.0969976083446,-17.351620022702,38.7907655065539
-14.8397019467084,-7.09288203718342,43.4668624831466
-8.09369440563523,-0.0332759222935763,38.5053672839116
-6.27005883418976,3.61619473522911,32.7622664689598
-0.915769855625429,2.25273938368175,29.9160169428036
-0.229209686908669,1.99111127581597,25.2557995714
-0.217789796499211,3.08140235588234,21.3227843842983
0.201764337724022,2.19467881922432,18.9982878927571
2.51509868578266,4.43694909160672,17.3031333184263
3.62835157465666,4.98819812398379,15.5345921821898
4.86958389299469,8.22581379633655,14.2397259019775
8.55360168308237,11.857157729053,16.4802351604988
9.42851816689013,17.8237240436748,20.8883916855351
13.9946057872071,18.7204187475002,27.9738255286949
14.8668480006152,17.139064578612,37.9325226962787
13.9174494693109,8.12465241404746,40.8558805739976
9.89114451206922,0.887245719275574,36.749164006242
6.29070895302431,-1.93907701768992,33.8687054160582
1.92632079257485,-1.54636105964424,28.5137607976126
2.97172304992547,-2.23708344304783,25.4598647737803
1.57748428563814,-1.07665814179672,22.9945974036016
0.842889194310218,0.0512423153194813,19.5362442386553
-1.75290562595773,-0.4008898451956,16.9361511082972
0.904447998182825,-0.265548792583291,14.2495911747172
-0.375616952520049,-1.60106511463777,13.9144148550027
-0.168412787062052,-2.59399057501593,10.6153509288871
0.339157888922479,1.1345758916258,9.08382195251507
-0.489594836717544,-0.601049621275993,9.64455377256957
1.82470635195775,-2.27096040059764,6.52822799724969
-0.258571064787461,-0.286442024116423,7.65492402524062
-0.620480431653085,-0.699438669377229,7.85524270768042
1.53767346717486,0.0539731850676963,5.29805479537346
2.21625308266928,0.585468859753523,6.21852428496688
0.561138878043227,-1.85444833233638,2.20593892203096
-1.30630373683116,0.543812192055682,2.92261251388417
-0.729535047671804,1.25404626822112,3.14072203421501
1.85760963420925,1.08915018912627,1.70857951788275
1.66964709746913,4.4639269152652,4.48736665821313
4.0566339030529,7.80033999503779,4.91966375675688
4.84955899173165,11.7782553407941,6.94115887320896
10.8971166377294,21.9440221804967,12.1648535129373
18.2268637518384,26.091962931122,24.9861605441172
19.2416791123105,22.704463778204,44.1911842293396
16.1478002905139,3.86559695183157,48.9910110800478
8.07987582193528,-6.3684931297052,42.5248362656135
1.22120344882352,-10.7317516302866,34.3209277914857
-1.20853996718955,-9.62625398121942,31.3365280524587
-3.68361097941561,-9.00961922402102,27.9960392615713
-7.15978285446229,-10.3363072498675,26.6438338596163
-7.27625871951842,-9.6503365333734,25.8663818595364
-8.37117857582033,-9.30275087647522,26.8230812046252
-8.62646611571152,-10.7637368631159,28.1096649810488
-8.99161676002362,-10.1350325024244,29.1084606159535
-9.60403401678905,-11.3884942146652,29.1497630138549
-9.63620201782642,-10.7092430050534,30.161192976112
-9.07136267603484,-7.33643420343967,31.421588314467
-6.88384434592609,-6.17379198410056,30.4321721937944
-6.1788159365997,-6.66014933846545,29.9856181904974
-9.23400975956862,-6.65131144389884,28.998914008972
-9.00741889135155,-5.59767380746426,26.3959265558706
-6.68859269780586,-8.40760290675029,26.1798758450584
-5.65913819860428,-9.4683384901363,24.7530649048212
-7.66757711444218,-10.4335575253636,27.5118901222913
-6.99655738279481,-8.38363072895083,25.6305850050556
-8.65827295428031,-9.81963694974796,29.6124170087375
-10.0564456116671,-11.8509512357348,29.826759635387
-9.44682377582469,-8.66897358509065,31.9950124598711
-10.9275344704493,-5.40769084163662,31.0537110434948
-8.05252671566706,-7.61279777982307,29.6886086682915
-8.57445530536949,-7.45765518559462,28.5003839090102
-7.81979543411304,-6.08182118262506,29.3767710022475
-6.48583614342575,-6.08402656641615,26.2863769579276
-7.7677980708563,-9.77391190980732,25.8045459277249
-8.86033711004489,-7.76381960629552,26.3440783037796
-7.66218498020787,-10.5490194161306,23.6585146019262
-9.23125208551632,-10.2005077205615,27.8387903127811
-9.22304279948268,-11.4687876016881,28.3513285011368
-10.7414733205993,-10.0824165984223,31.1346684907972
-10.9375524099019,-10.9468069745805,31.1851610323476
-9.78830889369877,-7.95582187229646,30.8598022200377
-10.1580588804449,-7.17866605300458,32.1689681727967
-8.46419663226118,-5.43654072620291,28.056194021079
-7.10218382700832,-5.53815301431404,27.6163056801788
-5.14548693455919,-6.1548894780729,25.6343333796058
-8.31846370970432,-6.75110651810683,26.2951414375509
-7.62009922249189,-7.72536357654848,25.2603243686282
-10.0979521034182,-9.23070543266541,26.2722604244741
-9.4307227024755,-10.1279919985051,26.2153390971975
-10.9040817999288,-12.8149594569237,28.8638812211487
-9.58171855915731,-11.5850738042492,30.1695680792978
-9.7017688851516,-8.96082990140892,32.7284345070358
-10.2970271027982,-7.15152648123544,30.5924822572176
-10.5914083513541,-6.90367521379151,30.6382651096343
-8.88689200587888,-6.79131042447318,31.036125318756
-6.75972207375007,-6.84951184861354,28.6205388584088
-8.18568885653769,-6.96500763747534,27.10848495727
-6.19991495800248,-8.65659777763427,26.5995329600374
-6.09835086405582,-7.12826414720719,24.7578008014223
-7.99755466219285,-11.1873355207481,25.6037865302437
-9.82495923967547,-11.1789792547147,26.4881599735559
-10.0930752249791,-12.1698142789178,27.2307110410624
-10.3920401772683,-11.2985153578051,30.5546477759445
-10.1421781590446,-9.98799516355781,32.1109840641544
-8.81667154365368,-7.8622099749446,32.9476021884824
-8.48039191729061,-7.293418869199,32.086483207087
-9.06703035799989,-6.36886438399558,31.2847098282893
-9.42246950402977,-6.39444595040091,28.3213771304566
-7.88207621601491,-6.49300372845483,28.0997601756609
-8.38738611383312,-6.60242339143131,25.5577252434752
-6.31438567963404,-9.75560442743186,25.4234217542122
-6.11777059833504,-9.88592325280197,25.1273186147006
-8.29727205914148,-10.9930675682667,26.2960032247358
-10.0421322171706,-10.2624939530314,28.0606677644008
-10.2953072594677,-13.7160978044422,27.1350952466175
-10.9857730355838,-11.8009241659891,30.9118945907904
-10.6696259398505,-8.48635657748675,33.8892599026284
-10.1650147614759,-8.72939579066272,32.4457734279275
-8.28893875667719,-5.20296487630417,31.670076032967
-8.53339781180149,-6.01231057434609,29.4947693015866
-6.72337186816647,-5.03388054092105,27.6596356693646
-8.01622311364027,-6.47700363522704,25.1179536901468
-4.84564509610184,-8.20448299782455,26.684138520157
-5.84073478841768,-9.60509031252482,23.5888613185202
-7.76551582352317,-9.63742385413533,25.9691046885606
-8.65925796719224,-12.4081026589122,27.0042072620988
-10.5268031258805,-12.3274687919759,30.0298876881177
-9.68082564767177,-10.8192785674856,32.9796054700537
-9.99785626932244,-8.07213370993058,33.3923629351034
-9.58633544021251,-8.24720966637545,31.832603253502
-6.80156808120247,-5.13436724578983,31.3085974536706
-7.21659406745551,-5.29513238168827,30.8881823303574
-7.0119722672094,-5.82601996352487,28.1083183554577
-6.75279216575702,-5.2991020790976,24.7295811095798
-6.6705191766435,-7.2747910414147,25.0427868773892
-5.90114336548861,-7.70184219051642,22.097695025532
-7.77441467041598,-9.38569259378009,24.3728659758795
-10.0224476830377,-11.3474033779952,24.7119128802924
-11.8485623445723,-11.4379141902107,28.2439792395758
-10.2698954587479,-12.7345971212133,31.9417585200598
-12.1103656493511,-10.9552519049618,33.41126767272
-10.419153362416,-7.06568651284391,34.4224731149651
-7.33123509019288,-5.96477452015986,31.7293827952392
-7.45015775518551,-3.82672700179418,29.303856657072
-5.43250110189026,-4.49240123634751,26.6502358270619
-5.36814565029631,-6.63138531781369,26.4248491786074
-6.1882160793994,-6.81351770593412,22.9430864811942
-7.94664810366038,-8.68809293487493,24.1821624516996
-5.86475543985414,-9.42210223598635,25.1236801046882
-9.52303724868735,-14.0755480133047,25.1353730760478
-10.1381493422761,-14.071497069074,26.7658105420149
-11.3904858392323,-12.9073602336156,30.4660809147597
-12.3428092494855,-11.4488535840813,31.8455053114312
-9.46757361926956,-7.60048290543311,34.0437305149102
-7.11928405955236,-5.86905729891066,31.8967255511476
-6.72548746736192,-5.96948542878342,31.6935958241508
-7.22955145624326,-4.32159298469868,27.497024133824
-4.8312583385132,-4.74249503960353,28.3229822552837
-6.78665929933576,-4.92601065488887,25.1610952945011
-5.75901978340259,-8.39599973544623,24.587966273053
-7.51169491145303,-8.49725236367019,21.9653283257184
-8.62135456662,-10.1097353842808,23.5331009464021
-8.74651698079837,-14.2146298730085,24.2825679880164
-13.7702267381697,-15.7948632099662,30.181295286091
-13.0014675131039,-11.7348483822788,34.1798199051075
-11.7885497552413,-11.6085864388258,33.7113692991128
-10.2930796531817,-7.99863845943537,33.3355114748777
-6.41547242421693,-3.47587755899892,33.0522540991229
-4.93632606504096,-3.45159635651806,30.6466971416083
-6.05104115046399,-4.56800121767326,26.5219281668833
-5.58547354337714,-5.70771342648585,23.9281041235927
-2.53537437700144,-6.44931487543569,22.7465591698986
-5.31843389514774,-8.93972562530602,22.5522566488258
-4.9356535224966,-10.607867829783,23.7576597039647
-9.93848704616688,-11.1444620045909,24.6285526931256
-11.3896878655802,-14.0180221003891,24.2043291351739
-10.609066989993,-13.2498003431013,30.8437669294535
-11.4736430653825,-12.971853763875,34.2739757936617
-11.0645118122577,-10.055785723868,35.985280429931
-10.337064139637,-5.41929421516647,35.2069937480803
-7.15918312953752,-4.73101810925429,30.607930862243
-6.00238536056324,-4.13993029162103,28.7706571838969
-3.99650934445666,-5.29881700106182,26.3459232474166
-4.59778840071074,-6.47576349047495,23.6485570819742
-3.79273849964747,-6.89138543165391,20.8482154500468
-5.36184041188103,-8.95602065109743,21.0954032631936
-6.54774935283867,-12.0945609972858,20.3573243098108
-9.05387002867725,-12.6572703139555,22.3297500465745
-11.4283827258457,-15.3668606847253,25.3869261459515
-12.3322300703287,-13.5286383090696,30.5011315019297
-11.9600519812472,-10.4664453053724,34.4600148630028
-9.72607320587429,-8.64667999327636,36.0406536812216
-7.68382812088557,-4.34414320578775,34.8071233994203
-7.27747700934174,-2.32136151830275,30.2581348418591
-6.57708525696921,-0.814837298303259,29.0385769442581
-6.13224921785923,-2.85071812037983,25.9061679832491
-3.59395638763856,-3.79871173717066,22.9936510524082
-4.8442030217148,-6.15127352388087,21.8533812577934
-5.12091048786634,-8.54321105449671,20.3519094259903
-7.30236774310033,-8.85003084496114,20.9691356734792
-10.0160958801558,-12.8446707815159,20.2949033671441
-11.9454587066547,-15.6144777142105,26.3610793413456
-12.856668577567,-15.1919486961456,32.7109818702938
-13.3083026036365,-11.046416757528,36.0439000860888
-10.7680903874658,-7.30364926060136,39.3386930180423
-9.67456263090271,-1.315110556902,34.501816516051
-4.67191860222052,-1.77391256801234,32.9999889061174
-4.94288694873054,-1.94124715772458,27.8453232083634
-1.65270670319106,-2.32493905565229,23.7716714387494
-4.84696754012915,-4.17188825146751,21.5837444036236
-1.99886292078548,-4.22872098839606,19.0901404959905
-2.24396430714086,-5.24764749003813,16.5274046196095
-4.67113157356202,-8.16484312724217,17.2928483330959
-7.12071301712646,-10.811000188592,18.0715146680839
-7.68690766618202,-17.3159921023087,20.7942761814026
-13.2194271287644,-15.3102478636949,28.9910046425396
-15.1022983804989,-15.2102655171303,35.2125009054818
-15.3500369371304,-9.87772135010815,39.6874603306098
-9.63289104361104,-5.14856690292227,36.0364508366154
-6.29720585091857,-1.49302908781816,34.4515847398098
-4.90907159473568,0.110552103721847,30.0863600619904
-3.42339629377889,-0.00972103182428119,27.5172567255761
-1.58225861185456,-0.23469583347397,22.6145281826404
-3.95377553846561,-1.85179854042135,20.5118089716885
-2.70802144744649,-3.6939993449041,16.28936794408
-3.46125910098543,-5.54573251743341,15.246878928804
-5.12959378090129,-7.27222168469802,16.3065591221339
-6.5040963250991,-10.284548140642,14.8416949761751
-8.82858398057801,-13.1422924149644,16.5008625681755
-10.0851916637323,-16.8698521110015,20.4257303225166
-15.2529018327688,-19.6897343625894,30.4922936385491
-15.2027635191732,-16.1637664340091,37.6195301335054
-13.1293973693486,-6.04318860067241,41.4630991399649
-11.5727776805586,0.52118381949629,36.2566371793561
-6.21204666284354,1.07723175145949,33.9431616392523
-2.56078205628805,3.08337819547666,27.7018402245374
0.0197467674358985,0.412183281656513,24.8562762324582
0.593358358265641,-0.335860823971572,22.9001609281356
0.834147156188034,0.974825841545141,17.1537868905661
-0.442875765812321,1.83409637073236,15.5388505481832
0.422759761081564,2.1377908202578,15.6868131288329
2.37829940165504,3.36816242986375,13.5776792877439
3.69397415534053,3.59111203114677,13.7570193675576
4.42061373973909,5.43924305872638,10.4130144905516
5.3146058716518,10.7238655861474,10.9164576407085
8.7942710146361,15.0030325290172,16.0192838824647
12.5254983815124,20.948520798021,22.5116419260809
15.8445466250001,21.5683299122897,33.9400461617687
17.834866223466,12.395552003664,45.4242855899666
12.6219863870471,0.265707354717622,42.2093678584276
8.06380055549979,-2.57669738936964,38.1537545572156
2.82995480068879,-5.65902913981836,30.66510250256
-0.954266688752192,-4.38417476990905,27.6000866100269
-1.30159444149931,-3.7562644751814,22.3156422406355
-2.43893387034267,-4.714697022948,21.4979602020598
-2.85688408651405,-5.59346968893739,20.2905357816841
-5.16229688497182,-7.65584478574362,19.9436297604471
-7.11357532410552,-10.7630964575992,17.9051776280999
-8.19896782602849,-12.4822764181608,19.7764358805082
-11.3744919940935,-16.1914047857388,25.5528443913369
-14.0234134393459,-14.2644158283942,32.5004719880984
-15.3017641993242,-12.8781010230734,37.6820189848575
-13.0985885398998,-7.43442715753886,37.7930552735896
-7.36158932816456,-4.09480534654505,34.6516541834906
-6.02777014025277,0.19639214437651,29.6665951127384
-3.29632648172885,-0.396083009566994,25.1427217600104
-1.03745435322086,-3.03495232353048,23.1609783971897
-3.86905103745922,-3.56998676137762,21.5994876541506
-2.6667914511669,-2.30585700387307,20.956522762588
-2.60627130857153,-4.93737592064902,16.0924344923203
-3.68309448275694,-5.85060454297702,15.5564849355533
-3.51036286516748,-9.94025872017383,15.7637517163955
-6.03549526795546,-13.774343373855,15.5655247712824
-12.4483195954265,-18.6035858128119,23.5693792717413
-11.740395065495,-17.5361745249534,29.3876088469313
-15.9991012138737,-13.4938545502616,38.476663347483
-13.2425434474725,-5.15236618805262,40.8956046602067
-8.173561409568,-0.871641283041588,36.1276041122439
-5.08572643472162,-0.138013423978527,33.4648277956866
-2.18149980616784,0.617138321196416,28.4187726171683
-0.365996643114608,1.79575787535619,24.0477494457002
-0.145674312371425,0.545307131860115,20.8080867868219
-1.56254869958752,-0.769745541181012,18.375007237606
0.148123648554503,-1.40310246077448,15.3978160666004
0.131596064697857,-2.28655828814616,13.4829178480287
-1.41490481274348,-1.12191229846544,11.7854962205542
-1.74675826779737,-1.24158630628671,8.79530930063517
-1.6684091856862,-2.70772683726188,10.085602133159
-2.35418163491479,-2.4840418178492,9.54248058128694
-2.9915102842134,-4.12808648520357,7.3561844820201
-5.46992705096195,-10.1260973414271,6.34878873552799
-8.77365176747996,-13.5650907803375,9.91661386076844
-10.8591791336069,-22.559004392824,18.079060968115
-14.5270536697735,-23.3444439262922,31.3181880481503
-16.4923190418272,-15.3624474325359,45.6557268331686
-12.9145219170945,-3.26273662093967,46.0825020089866
-7.09494961279335,3.69990518982713,36.8397170850544
-4.51458373953338,6.18562228844865,33.1014864734031
1.57690538395042,5.13537141178228,27.6587937813301
2.54536572035577,6.17440504079931,24.494567742579
4.75123325803246,6.19726590268342,21.0886765885396
4.81605230152936,9.17784449760719,23.374320512906
6.53545236447376,11.3183634459435,21.9038060991927
10.9205128329383,13.5114161770452,21.0734527669279
9.81429332657676,14.0872081269941,25.5839441177872
10.5770340933131,13.5011947063553,30.6463919490785
11.0017208849679,9.95053785894502,32.2873396344487
12.1125559446569,8.43081930695202,35.3988443135785
10.2684721571114,4.66499779688687,34.4730219597927
8.08955657174032,2.46908735743736,31.3307172097895
4.85823590155682,2.52268093989885,29.5698446635159
3.58256595600853,1.67572242486218,26.5706622522992
4.64428380613201,4.47129072362546,22.7849871216977
4.360796031191,5.61757273940992,19.9199649601559
7.51460512122402,6.52495261832927,22.9972433579717
5.4734987703576,9.59308286752403,21.7477661726905
8.33957949721573,13.3198197247304,22.664051393228
10.2022471716513,13.9422228801596,26.6787359087689
14.2264948563437,15.4258381516023,31.2771731458568
11.8036691181695,10.9665493533332,35.3601979062642
11.896968041465,8.04389406475147,36.3264498184476
8.31885028718002,5.72055399879259,34.8661545519275
5.12214752655625,2.95774995126718,31.1788425522919
4.65065010534248,2.35595141250977,27.5172392292477
3.86379241396939,3.44960867640659,23.7538951782689
3.60537757053854,3.60054439490302,24.0836937563294
2.21017656004294,5.15495946000138,19.4815844175523
4.02057640331216,7.59509104687384,20.7263782129356
3.99061677623236,9.91090336211839,19.9954541372068
8.0467107032247,11.5873082818275,18.5247195384054
11.8479693543362,15.6573718377711,23.2482749815999
13.3152793097683,15.8065493444049,30.1696569052542
13.6114255319127,13.4377385841716,34.8687598075222
13.0099514461983,7.77336228167802,39.0871828691814
7.63222710851648,3.76597103853066,36.850998313197
7.35690819018142,0.860804838063341,32.6033986462168
5.77793392257962,0.818914330825469,29.3705047766186
5.04010008886518,1.6912483888404,26.1294653000403
3.55430266016137,1.5184784191231,23.3973678918719
3.81146577877121,5.28867402106024,19.5558891686924
3.12736865246108,2.31151628582562,17.523963911245
4.34909205833802,7.19084772722512,14.6443699116638
5.82780323329922,8.73372620106035,16.9431469117564
7.81883765327179,13.2342323043933,19.5425272270781
10.7165087401683,15.7636002386792,24.4898806937711
13.445397661756,17.9927192031632,29.731345266888
14.9846297203892,12.7837392873794,38.6543376793263
13.0107556396469,6.66445719526525,40.1194956819046
9.96400898607914,1.95818092100396,35.5702353610517
4.57819951004431,-0.329713847902033,33.2547575282021
2.67585777589103,-1.43308247711535,29.2456766522128
2.40131226179921,1.72421190190438,25.1898546725598
1.41942636158247,0.109513988827386,22.634056678967
1.64699145169739,1.30829423965573,20.5024124923932
1.42652169101459,0.757540481252999,16.134564166723
0.299533261122617,2.67957287958645,15.88807083405
3.30693538163761,4.76579677366646,12.2392092760195
3.66544836725297,7.80975479528838,11.1024477360266
5.86766787992851,10.0901952145059,11.6056451126277
9.83250794348476,14.9511627410831,15.1135161195227
12.7895964171388,20.4972650720403,22.4636920616332
16.2762241978707,20.7706122159876,34.1049675442899
15.0942745529728,12.6128512115572,42.2941488213986
12.3740730791346,1.75194075902039,39.8116165714836
8.25821158601854,-0.558299397604029,35.749792277061
4.11082745430978,-1.24630249836191,30.5701669295063
-0.47837223726637,-2.52475455258187,26.0299228320767
-0.753501465826351,-1.20926977194342,23.5371958385618
-2.54648731038312,-2.99715404598474,21.0604323901375
-1.52043294856343,-3.93382128964147,18.4831165046522
-3.14162535835329,-5.8825289428203,15.0343971788339
-3.96052487072174,-7.64400622283499,16.4544082135494
-6.72013001129486,-10.7065327608889,17.3503613468254
-9.50309482488825,-15.7595170458187,19.5886775786455
-13.0438227377165,-17.2167312131842,25.9958045536633
-14.8253750418713,-18.2453420673013,32.9929000797435
-13.7112576114438,-10.9181976001931,40.6748657733768
-11.8329967525405,-2.04755515854858,39.2860405303547
-7.11762743871856,1.7471190260255,36.3313649438
-3.76466643387093,-0.530227794151263,29.8663115894088
-2.6679655237144,2.63029392048066,27.5985120170351
-3.85554317013277,-0.625399817942582,23.6190838690083
-2.93320242485241,0.98442636022371,18.2873184912066
0.336313047459572,0.341417540078877,17.8482685966118
-1.47323318224942,-2.00305517039818,15.7638525642806
-0.568159127495948,-2.94591334572663,15.1650056389905
-1.72720358432255,-2.7414759231498,11.0430412114078
-1.17214123627055,-3.42197760876729,10.5741258140501
-3.23358151952108,-6.39689720561663,9.2674231147363
-3.04065735261868,-9.75004778470756,10.3243765075306
-7.88880391207848,-13.5112963626505,12.6735667169614
-10.5534525916798,-20.6664926545795,18.7258760425571
-14.7647033186486,-23.0511258265325,29.6712030133713
-17.3903819726071,-16.1632930144096,39.635647151827
-15.1988190270982,-3.79469896079543,43.1302018710122
-7.65010678241798,2.23128457637453,40.6155043386414
-2.34947049333538,3.85738006009474,31.829405355336
1.0308979574851,4.10127379307484,27.743385812507
0.0382798498147927,5.40164537244846,25.5621652165271
2.3219673131249,4.49192051448955,20.9008927912949
3.71539178879061,6.46094682321954,21.3372119897259
4.0733791215291,8.52375565654573,21.8251794168061
6.49895714563244,10.9939614283057,19.623675819929
7.36713709869781,12.6260992379703,23.3220073649361
11.0879268311166,12.6861457641955,26.8921929227731
13.9302538372118,16.4208523078547,34.1492538160132
12.1995965240545,10.8480311631869,37.809669367822
11.5739409177017,5.38087536870527,38.9752391602849
8.73034235632892,0.553532984172425,34.1732946737761
4.68351741761232,1.46103403556132,30.3165490501779
7.69613652653628,1.00602091414488,26.4226838566788
2.35516057185722,1.86167911905969,24.6880314599193
2.56983537152225,2.65328842326947,22.0100388141977
4.41302217370482,5.23909516068293,19.6603898163641
3.44672401185845,7.1536272524952,18.3737319982639
5.92948571207133,10.1482819228722,18.1772122231563
6.65362226083406,13.5436967113714,18.9007239608586
9.09740200987027,14.8689490997523,21.7716145282916
13.0763170526802,16.9723031900027,29.2251643628544
14.6591882134032,13.8425846540377,37.0015977082698
12.3548430351105,8.05636031636825,36.4135597217856
12.1650482522811,3.9952779390769,36.1370005596798
7.00443300595674,0.581240023589224,31.6699408028579
6.1822100737766,0.220271590943006,29.5520599027483
4.25250799832604,0.447627903767456,25.6139772649949
2.29504656915662,1.25685001550935,24.358944230249
1.684508696043,1.78003020674023,20.8926702249191
1.8628791100364,3.42327547545669,16.9679041956028
1.34098823482504,2.08627336391867,18.1632063778925
1.18019998917599,6.78847650691884,14.0580867403725
5.60351300136607,8.21579994533737,14.6258524160681
6.39554587751149,14.2887805604532,15.4403383836049
9.67918407703903,17.5251080061468,21.8924887147535
14.7669112317812,20.9078459894267,28.2030842312597
18.0767693635974,14.8641431736679,38.5272992144061
14.7877855267241,3.56977440893352,41.517400533801
9.65055750001427,-0.663261351585453,37.1216206571395
4.57469046044274,-1.73060905137212,33.2497836043875
1.44988658471241,-2.83507439699544,29.3213842475365
0.234563393676805,-2.29778113508997,26.8612497026448
0.758771907882616,-0.891488322695983,21.4528170493772
0.778398458597471,-1.37129159074931,17.3456854827549
-1.4566705188792,-0.620307030163579,16.4386341097497
-1.68326102396837,-1.12013412208576,15.7110347185736
-1.25968264664627,-2.64651320076785,12.6585209838634
-0.874558880320604,-6.46778999934327,11.1611038608881
-4.38826514133358,-8.02326250819801,11.0811566373158
-7.53557803370257,-13.03394430326,14.3065195409826
-9.6209243840004,-19.3187776915656,17.507772626476
-13.6790823662738,-22.7992694012758,28.5817095381565
-18.0293110549664,-17.2282185323734,39.8821135446161
-15.0232709883272,-5.98358001359469,43.6868235158026
-10.089794155971,0.0851985392085741,40.083193914678
-5.92222596556675,4.68760871164134,32.7499802932722
-2.5864231759989,3.8512642687797,26.8628441960492
1.38203084661899,2.53915943001691,23.3776186969993
1.0711877395018,4.21048126040685,23.5043517471669
3.12109951463276,3.51397422978485,20.0819893179016
4.06639856082791,4.99840335360631,16.1944668389315
4.77555151612571,9.45838435359758,18.2282874422124
6.43274131107433,9.720554147241,18.4866801291097
9.52644974423399,14.367332030443,19.7195553980756
12.7346572865355,17.6178705170235,26.9373248688024
14.3190426302303,15.439592648697,35.3566981649649
15.0896781876361,10.5553071177958,38.8754582234607
9.86741480393369,2.97362165025877,39.2103051184072
9.83968266628594,2.00116830775129,35.7240895933885
4.47034884394385,1.18045513858585,29.486022052267
2.81311889421214,1.93423527601808,25.2804915448006
1.05292916248922,1.73182088396334,24.1689315981519
2.83523174800305,1.19509097073411,21.7628929744516
2.83778789997934,0.328835323455676,18.4908649991754
2.9593324410683,2.59019065032164,15.5202081808719
3.8835665471848,3.7198377803799,16.7682156337613
3.11671250612772,6.44986745951461,15.2656179934252
7.11852873125027,11.931169188457,13.8356611501503
7.20508074058276,15.070385683347,15.472143323988
13.3756317825587,19.9612587802254,23.7954901251759
16.0234840394173,17.2106010028221,34.2015433975176
18.1836089564818,11.0108101376475,43.3204344699122
12.3995688162813,2.54066881362109,40.282533488993
7.07233087440809,-1.15703161677393,34.8488108926933
2.21314313389039,-2.16897339150526,28.8647092904294
1.30866831244463,-2.15759227219559,25.6423990166541
1.6487557037721,-1.98369516377868,23.9150548427706
-0.871089015582628,-2.20165070112335,19.797742361725
-2.11535789542165,-2.29477671117835,19.069630949266
-1.72886785325452,-4.02226933198256,16.5139526407019
-2.99572424253447,-4.56302700229056,15.0056325442297
-3.12192122784479,-7.55544228452223,12.962734118357
-6.1811717892783,-11.3330740952694,13.3078193743405
-8.3863984595575,-15.6297350029989,18.764114806669
-12.8372790392096,-20.3624530812258,26.3363122115624
-15.7402242497383,-18.3417485603113,34.9224288250114
-13.6728173800047,-10.4314878002483,41.4021492862715
-12.4408174613681,-1.47024648666983,40.8456553151004
-8.21878212081686,0.754037014885801,34.2595124918141
-3.23359706749575,-0.0841172749630719,30.2298408985556
-1.16135259586553,3.56436447863658,27.0944578274746
0.238617788727806,1.96592414439045,21.9778005811216
1.56379165991507,3.1517512808347,23.6120615405255
2.12665065953383,2.25643600697104,18.641418167765
3.25405717768129,3.66697683990766,17.4028049724621
2.92187841861171,4.65002143547931,15.0800684776031
4.01363599140316,6.93812570227819,13.6375279824524
5.65578593105564,12.7052812550256,13.1368196763417
9.42436383008001,17.9135485734758,17.6633222973399
12.8042243754218,19.9063516821709,24.9435595210838
14.7888894094197,19.6752938888143,34.6269549458443
16.0616504582441,11.0915661321462,40.6644653795588
9.83213851464035,3.99036582429673,41.0643906426459
7.46061565666557,-0.713812771525655,35.3244934214029
3.35266153248363,-2.35466172535413,29.9022579555297
2.26582840849048,-1.7495030908034,25.2237925477402
-1.15565554318665,-2.69180902436266,24.0919151167324
0.388394623092942,-2.75538677080726,19.3103040663988
-1.85555998724927,-1.36194424031916,18.673044699765
-4.17642460132941,-3.04368981828109,15.4825739160483
-3.32721301429265,-4.12591507769476,11.8858725196019
-4.20556368210811,-9.19531157420818,14.9537764566636
-6.60330157541808,-10.0845205956881,16.369196970322
-8.76666618373747,-14.7922327449988,18.0045711652946
-12.6208053069029,-19.6605328472904,25.4523559986618
-15.6784809975245,-18.1313434258886,35.8489216148289
-16.2203451984029,-11.6691821761917,42.4470116539465
-12.4741904650121,-1.5639884774789,40.211964150993
-6.74263154130213,1.03519654609327,36.2596977818549
-4.85154780067758,3.309531365663,30.3113563535575
-2.24604210371561,2.46413726936758,25.6139880187852
-1.41980707065638,3.40422373548808,23.0842963923439
1.61875703091363,1.6969862495875,21.3540468430291
2.3284861482941,3.37013226247483,18.5530656752824
1.49994871002937,4.35504544381647,16.7104841331743
4.0153590620207,5.61600707605812,14.4972349354123
5.59398322117076,6.95896259023085,14.133080233796
7.57544589534936,11.7827060742379,13.096382429546
9.94312828666679,16.806756847884,19.8670143428814
11.8765727588689,19.7266843402173,25.3517349481904
15.9301186250019,16.4864116636758,34.5260057830823
14.2659504825895,7.76823079953616,40.2652674934556
11.0479260449256,0.233086838450014,39.0388085488689
6.41976312533664,-2.64923959025667,34.7167335640879
1.99481567582547,-3.21270969803448,30.4122691464657
0.346639890550693,-1.6368595584564,26.2299103454177
1.85405705781807,-2.12803477194748,21.1962718555561
-2.22517823490842,-1.08772917769191,19.2779028913386
-1.44164080607322,-3.07994812895311,18.3270949176703
-1.29996185005349,-4.67780072295291,15.8763743913415
-4.03122610882866,-3.43880728045324,15.7437421978356
-5.75702886531674,-7.72615754054396,13.0206652207925
-5.74517649831681,-9.70947620396974,12.8360990413737
-10.2926615378151,-16.3862097803642,16.92913552793
-13.0354437344597,-20.7950721723252,24.2853695148068
-14.6988477177336,-19.5332464766396,36.1789698171251
-16.1547533314758,-10.4109690042252,41.95382360293
-10.4821880631859,-4.17575556640195,42.7548788646904
-7.56346721323733,1.94993409898925,36.3874407558705
-1.9957309372527,2.50460267624348,29.9743504434392
-0.388169300360011,2.4686903886862,26.1205036305051
2.29004068234425,3.35840708337238,23.4937142201469
0.31498034549426,1.77876062030115,20.7708257955313
3.67008435381462,3.39768183278461,15.8870264999157
2.55708605181516,5.21733702631118,16.1658166879864
3.62063162706744,4.52606320766677,15.6735426050833
4.47029401171536,8.96734406634951,15.0316008880639
7.27739346155895,11.9962861464587,17.6744098843015
8.58155393806121,19.1901367567196,20.6441070459861
14.8013394265325,18.6440589464879,29.9768034552228
16.7238876403645,16.7533172057807,38.109700799878
14.4563881801887,9.75560238642127,42.0510490040555
8.06895840278242,1.59405267985911,38.1752010013234
6.79192010267517,-1.79823367713016,32.9821671071293
1.51538301709952,-2.27626293019858,29.6669366173772
0.00255665339466682,-2.44095503594597,25.5176502783679
0.331411682981204,-0.314750997943512,21.8065085650338
-1.41788692543344,0.378421838211442,18.7806476625203
0.988277583515723,-1.18716070563639,15.4239266400796
-2.53899091961493,-3.15839727484396,14.3201627285934
-1.42486512015375,-3.36112935672666,13.5508727737913
-3.16089884840472,-4.91511054189786,12.0134847402571
-4.13752872525158,-8.07704461233997,12.0682486482021
-6.43268028790076,-12.5869483992871,12.0196398291781
-7.20923189831336,-16.5589340674588,16.1927693169357
-15.3615591847472,-21.6992888474793,25.5531223455138
-16.6526817885348,-18.8632543833083,37.1499585152474
-15.2082192260293,-7.73534686843955,43.6873202544213
-9.71385032745157,1.37788490665192,40.3805431934249
-5.09294560755026,3.57900452671534,33.6749365529851
-0.572115017769689,3.5436359487463,30.1484090754097
0.442631772261833,3.90621027454382,26.5753272340567
0.812511895567256,5.03254072376307,23.7201650573872
1.58537376138669,4.30440858697927,18.8964338332239
3.31494642373502,6.84814682564863,19.2831408310779
2.93510225739749,7.34647798761484,17.1846983262452
4.45170275672352,10.818984380979,19.322598047793
9.08165289189134,15.2583093470752,19.9184447953796
9.32265548905256,16.7532750679343,24.3489076479034
12.7235993000386,15.7320048850562,31.4706785424529
13.9775594586644,11.7927659355053,38.5138107736945
10.9754946871646,3.21067190829932,39.9519440527822
6.74895860891807,2.5595489982429,35.6871376927249
3.92215993966981,0.837618123113073,31.2876669060048
2.88396304030058,-0.236545639840182,29.6746743784248
3.02142833617389,0.562333715510129,23.5305664733841
0.403863860696311,1.87498451820982,20.5357462704237
0.981702620345202,2.71877561504168,19.8679821229729
0.747482812083836,3.66884608153037,17.884035826503
0.237187385049852,3.48655124276824,17.036471791764
2.85967073096201,8.60334001989708,14.304948257647
6.55912631389504,11.9799837848782,11.4871268785998
7.6049152345293,15.5970328650004,16.3086377127597
12.4678974747322,19.5529677675402,23.4342609736013
13.9654043517905,18.7230427281522,32.9822795788577
14.6285297598209,12.8948588001245,39.497732924602
13.5765029948606,4.24666602331831,41.9714026102128
8.11056029820754,-2.45265534050417,35.8671265867675
4.45112577147416,-1.18268566171306,30.9382357981525
2.36750890946069,-1.65742120581259,26.97773684553
-1.30174517375866,-1.29218198354485,22.6422647254708
0.389987902497515,-2.58209602214592,19.1249249343228
-0.912145134625929,-3.6807944170513,18.7243200903216
-2.20205276771574,-3.16685318096872,16.6227538679169
-3.4330164445148,-3.64209180349449,14.8778438199121
-3.35939689163411,-5.99850788460058,12.8861642577736
-5.04017004543938,-8.95451406376349,13.5023880662143
-7.12420878217822,-15.9998750446493,16.6787230833203
-11.296404170351,-18.2942121157526,21.4149376750972
-16.6104668784209,-20.7994653534787,32.3014563035648
-16.1446860434662,-14.1278869532296,41.6772466693592
-13.678543996778,-4.53809525780951,43.0497791442588
-9.05318606108466,0.441231401503154,38.1579009236715
-4.34918708130589,2.67834667547961,33.1769391644125
0.632652858854205,3.02517274579051,29.3665999754927
1.07942034444498,3.33162153455444,23.7685820916424
0.305091618034267,2.62089223060408,20.7771348400514
3.7999929926381,3.0675109533179,16.9426326115836
2.01608890023557,5.80463380951148,15.0693519038638
4.51784825058661,4.23138951689425,16.9922878366549
4.97627172394339,6.23668600549701,14.3968906319521
6.28823214892303,11.7877224057928,14.2346298823256
8.41860338238702,17.0510020586399,18.7301625939012
12.1266455850588,20.3605332272152,27.6146492478302
15.2642635814368,18.6707572948337,34.9240293225764
15.3218885337065,13.2223412321838,40.7924309558053
12.4487744331286,2.21099333409602,39.1262827543547
6.97280070744013,-0.546338226927377,37.3036755000109
3.78079515200985,-2.17192795864661,29.325897168647
1.50851375445763,-1.46111363389358,27.1604794069564
0.684344416047209,-0.652866415408235,22.1187236656444
-0.0359603852365976,-0.333235715954922,19.4628085412616
-1.26884430938696,-3.41774936955251,17.9395834489619
-2.60043279459522,-2.43124356408152,16.1100879811851
-1.28298114211557,-2.58186860273293,14.0010855621852
-2.46242363778926,-5.36904885941133,12.7161842389514
-4.35899031833925,-7.92987600819397,12.1392822828128
-5.37702949762429,-10.8371631965845,14.274041280056
-9.38491726875459,-15.8622088715572,15.9556150677975
-12.0896336426236,-23.1372164341301,22.1062143161392
-16.5455372971261,-19.7156153835438,36.8513428130112
-14.7446707633802,-9.97487778765568,41.6370483818988
-11.5866461311838,-1.82287537053005,40.5470756407228
-5.33602474407852,2.48520127214712,34.1612539777403
-2.82793922663241,4.05614571202944,32.210551617048
0.779046267061783,2.30574016244792,26.6000273389699
0.726252201711311,3.70497241999907,21.2823933691603
2.79683196780968,2.04003221575891,19.183846427649
1.84040590299888,5.40453068563114,18.0183478690627
1.73006310991485,6.89045004916376,16.7193888490596
5.43900895162734,9.31678335526304,16.6250404711867
7.4624855688572,12.9450306539179,19.0128795472672
10.5430157292081,17.1025143709485,23.0589121269448
14.8349685158573,16.3971224468514,30.206162466607
12.8842360446351,14.070885682948,37.3622516807382
15.2700558509196,7.53023682287377,40.3323084211134
10.1787500321037,1.14769399932097,36.6012201765809
5.45195406273178,0.573484884039599,32.9692025898678
5.06910140361069,-0.110623106251001,28.5988279905688
1.47505026062103,1.11306761286243,24.3376419278484
2.50723403242166,-0.348193311254469,21.8683950681129
3.28740949270713,2.93527976533045,18.0668469172907
1.47402769739711,1.23471427574301,17.5468235947709
2.37183129600011,3.11233595689404,14.9283633476829
3.61305247277415,4.46516372807568,13.7786402451358
3.53835544400787,7.05378066067998,12.7629225046442
7.74011174144314,11.573190791827,14.2795753146134
9.15238835227143,14.856084767097,16.032756427635
13.5299709542883,21.5516627941943,24.2182283306597
16.4988045264224,20.0210776115931,36.6813053454965
14.3128767623297,10.9797593583594,43.4631967608919
10.0087769868402,2.81679101864871,42.2763799457861
7.67683864231587,-1.86829554596427,35.1347750002766
4.83770016702763,-2.48605487458895,31.6603037956828
1.52060332600755,-2.80060027449114,25.7383263119659
-1.12616452158178,-3.205855731361,22.2773817095656
-1.11070369442215,-2.17042119100062,22.6073310659067
-2.15215554536293,-2.77376288335724,19.2663714819421
-3.12135822900827,-4.49033778829016,16.1473076534433
-3.34502856214069,-6.93491759005959,15.739136180599
-6.10275138916218,-11.5388645101762,16.4817043835119
-10.628111223548,-15.1572504025426,18.6624556190883
-11.7172110420945,-17.6632820866671,21.5672295621868
-13.2651882277487,-19.0999774427593,34.5860123831162
-16.5211318332086,-12.1799402280003,38.7787037057726
-11.3312051777244,-5.970150784344,37.951988387283
-9.24057341972777,-0.387454670376686,36.6318348993524
-5.66572609053693,2.07554739735519,30.9648111772302
-2.06324319513851,1.30158612860801,26.399290329886
-0.622700315318319,-0.139684924023628,23.5717936774634
2.30077357821466,0.843591330224506,23.5675508768045
1.26019613729482,0.410482405736421,18.1876487464898
2.0820065624971,-0.0836418733775633,16.9984247014186
-0.376809433042289,1.29394896478557,14.7605021205182
1.35723364173687,0.904734280277177,11.7974126554221
2.14097594123831,0.726188817827698,10.9399150185357
-0.325042594460339,2.88293076494538,10.0097800907577
2.31260795564017,3.85468563011857,9.69440209499744
3.52384718860731,7.34768929084474,9.20463562882512
5.39974119375737,12.6953296425346,9.02520615010142
10.3655710348438,17.6893572723236,14.2218625275956
15.1506966879647,21.8665651471956,23.7550558474301
15.8227971686534,21.5987468360554,37.8213221161104
16.7241058912395,8.96475318209959,47.0604493725956
10.5993177051421,-3.24345564612007,42.2111211419364
5.49934120254051,-5.62458664933453,35.2220619704055
1.44002056008612,-4.39939713808648,30.748399682618
-1.62090331635055,-5.96164436071875,26.3783999314325
-2.33648216079959,-4.45519152639713,23.8444904934521
-4.96536358307631,-6.99978574114304,21.7205581265735
-4.30380688943672,-9.80314705858791,20.1597741463643
-8.90880873667463,-9.42968178539282,21.658628175287
-8.52864863043822,-13.8977424537639,23.6740772011364
-10.6694595808177,-13.7588002070126,26.3461497819558
-12.4193672235883,-12.7268970363579,32.3603339335833
-12.1224948031322,-9.18060454818643,35.779702153146
-11.0174562522694,-6.40251104215873,38.1823711105621
-10.0235526555429,-4.05694844331345,32.115466560196
-7.25668349572039,-1.98096722891027,30.9450221100456
-6.51837539509112,-5.80818788263939,28.4547243739745
-4.78744998842667,-3.45029376683837,24.8510783909374
-2.82768442511561,-4.81961971287178,23.1077148507238
-4.50767176116541,-5.50537538738017,21.7306751518109
-4.82666716806038,-9.30942884129384,19.9961112706904
-6.59422632432467,-11.7664543795909,20.0969424573237
-8.12645293791346,-12.4437262448107,23.3429286810442
-10.301850736246,-15.0101121676656,26.1668455484236
-13.0290734444178,-16.0115563915851,33.8130091788482
-14.1115655561549,-11.1505216878985,37.3096438368094
-11.0748297988065,-7.64942921502101,36.1254781887906
-6.60387393542997,-3.48492673424288,33.5509493941854
-6.33407399533062,-3.82570968204192,30.4494025837436
-3.5200504768367,-0.552504678499976,25.9383821938485
-4.19454689112679,-2.22499204542956,23.6249348033838
-3.92621585411028,-4.10848526622125,20.7212677589587
-3.34385394367202,-4.80540584833575,19.7026066368955
-4.47872693283276,-5.8999006756902,19.6107094592538
-7.84745222733419,-9.29579980167254,19.0519447942259
-9.79302771854093,-13.0666342474189,19.9610054034047
-11.6566522234505,-18.41420337389,24.167920820107
-13.6006267418545,-15.2210548761672,28.8859564808788
-13.3934970150706,-11.86980772891,36.1068705282915
-11.5408319395874,-7.3810790131695,37.4923185697333
-8.6302004699388,-2.98182865736517,35.2036042020112
-6.68097163669994,-0.906310270231885,32.1197846317381
-4.81656899503769,-1.54905015057774,27.923316275547
-2.91134736015768,-1.71870903752597,24.9555489463385
-2.83522300524064,-2.13470485424806,23.8841808752174
-2.78469162066113,-3.10764306804529,20.5021231255974
-2.14017387470962,-4.27410079634789,15.5317889018362
-4.50809815289092,-6.9540117411971,16.8879890089312
-4.58574176102703,-10.0135570280307,15.3932569665591
-6.72614006069718,-13.5997699018401,19.5517297951668
-10.1094413953632,-16.6887734310917,23.1459522308714
-14.9552207068303,-19.1005220489664,29.5341468535621
-14.6452047086988,-13.2033868302883,38.4300003692608
-12.8255596963435,-7.77632076959916,39.3119483836934
-8.09104092247395,-1.34038216574956,36.8778996337641
-5.52794416210271,-0.0280236884635547,33.8478207415996
-3.51615061887927,2.20924922551192,27.3929021568993
0.778763726847189,-0.349268969764375,24.9806251479278
0.0549084835203947,-0.605215607412141,20.7485396114232
-0.797877172276587,-0.225874328622142,19.1549221738794
-0.0692600907246912,-2.14623508249628,15.5795826564011
-1.14304368755767,-0.755179129437666,15.9872116299317
-1.82330924726693,-2.78271083639001,13.4878168981086
-3.26401137334944,-2.48876055198396,11.0634475643779
-3.32429464681549,-5.44977807250774,10.7291108253914
-3.52689922814276,-5.86986714887818,9.67746564485773
-5.58170477004668,-10.7346567089563,10.1770781870575
-7.86364525989345,-16.6053235484572,14.1928400163497
-15.9267003469362,-20.7106551752594,20.7776741837776
-16.4245858590861,-19.3214964535019,36.7580293925875
-17.6382678275943,-10.5930483639231,46.0463968776785
-11.0068456021047,0.913850510782923,42.0394637767634
-2.67999182115549,3.6762342537794,35.7635985273805
-1.14435098044373,7.55380176162825,31.519500079458
1.01215312438361,5.15104588406546,26.0723181232966
3.24551612233567,5.89350906254935,24.6138299338541
4.62941140582197,4.26864586929742,20.4618068882905
4.88758750481777,6.21998967093765,19.4991859015776
6.2410193070634,10.6172895060425,19.8417185390419
8.8772566052358,13.2099271244311,21.5337015411909
9.24452251258583,16.6420991875455,24.6383295180903
11.7041120706989,15.9349892036189,28.1986898853112
13.9182790664946,12.9575988394691,33.9494930254364
12.9577524859195,8.79393849304234,39.3859016290291
8.84623319523663,4.63670824581662,35.0533560730738
7.72416402891951,2.25315591000867,32.415667730147
4.50179379347355,-0.379504361045574,28.132818098241
4.71634848369335,2.49053059848381,27.7155904937801
3.14010878833264,2.46827430578082,21.3426898540284
2.87944095624716,5.25832774337316,19.6135286609643
3.98772366394065,4.46372056816738,18.4894677231454
3.94951805194433,6.82843506650497,18.4719130802917
7.08435624782837,9.07823646666742,18.4634060590081
8.26308102367858,14.1633793930499,22.5550749263853
12.1553125762074,18.3374055630405,25.8484736727883
14.1520477834172,16.1950150135752,32.3824120417828
14.4762106180977,13.1459557820725,37.5183766084028
11.6255690544177,5.38727310729284,36.5221725138446
7.42135213791498,1.92035661590067,33.270408523151
5.01587635598535,0.497462305272804,31.2485523870304
3.36700803082027,0.18839263624092,26.8615581491871
1.29710762688745,1.13910153159349,25.1488922037692
0.585402946007196,2.54771448433878,20.3080557322059
2.16161326332361,2.49468420580815,18.9861185072751
3.03752056252011,2.93418477336636,14.4522202178239
5.16330582181998,7.17947308053564,14.8679533960896
6.19515692251821,9.60047200846967,17.4107679753134
7.05703704817015,10.748982161211,14.9330351653742
10.6110783798588,17.5513108517543,21.2634670228414
12.7684302355498,17.4108583659314,27.6704360477362
15.8032108317798,16.2353158154987,36.5005216567157
13.0467980279369,8.7394195227011,40.0755919732548
9.4791090640287,1.25696845014266,37.7351077179217
7.31413148137844,0.197206942218512,31.6706748163474
3.47452144310758,-1.28015902781603,28.2953068188554
1.88299816993913,-0.845265531728375,25.9234500996048
0.698666269235813,-1.00977551171252,23.2805912589958
-1.12434211297672,1.87272746211521,19.3174859786643
-2.18130827322068,-0.967040193340659,15.030735067606
0.114893370401002,-1.76895309021154,15.3811535831635
-1.586272946975,-2.24442922481251,12.1687336306536
-1.83734305843819,-3.89601023982417,10.4866261597628
-2.33037363403672,-3.12209361602164,10.9487796309492
-4.33187814018485,-6.27931442437416,9.49085489316658
-7.11448245752053,-11.6344775125917,11.7521005125012
-9.72018858978703,-18.7570838269686,13.5032065686462
-13.4436363559083,-21.7423616313088,24.089123481712
-17.5441492066279,-20.8406382654233,39.1895949489215
-16.3597863416806,-8.64727316590965,46.1309828787838
-12.522120809176,2.40142999636345,42.8989891662778
-6.55899944021498,1.51687104532958,35.8832680172764
0.112873872263723,2.38607014731677,30.171378929865
-0.392326199919853,2.73831203484169,26.898859271208
0.981657898785591,3.70577620543432,24.3966044121349
3.31480128560245,5.89267683912113,20.4971588240102
5.74590710873372,8.07453179017014,18.4103084100899
5.38497471404939,8.78645712542186,19.107451493591
8.47813642823435,11.4515813310193,20.5663490418406
9.39437459230011,15.0151668898288,22.717561754269
12.0695548034925,16.7954926525766,28.1240738058148
15.5940826450349,13.1523693278658,36.0299056640943
12.5298093403468,9.80988865082589,38.1270738426841
10.3790648859355,2.35272242706613,36.3398893500983
7.58329432781214,0.372711329760431,32.0201119731533
6.63102705014624,1.47178736143362,27.1163037929591
1.05953533695161,1.45349127895687,27.313096912434
1.88308859819249,3.62697276686902,22.356744947799
3.75789005999697,3.26944675776824,18.4236666000132
1.28402451343022,6.63468802556473,18.2318373306136
3.63360376884334,6.38723305361716,17.0725606308008
6.75164603371787,10.5403848629368,17.2950154679769
7.69343457273823,12.9291229639251,18.2039220823282
9.73201621531136,15.2846150079292,21.8682653313868
14.0129777473347,18.137575745978,33.3676005152442
14.625582897658,14.494804287445,39.3330618324258
13.9832293377583,4.43566744610427,39.1651117189966
7.6996013710176,0.427564435115192,38.0865283821746
5.39496013960319,-0.0129607973389253,30.2568678444167
2.73564723185282,-0.918174134558735,27.7142815626875
1.42658538582913,-0.194344354997888,25.5959602619525
-0.476375127197755,2.079449616618,22.2446344911598
2.09912425022215,1.29909653955812,19.255232141771
0.907879608938609,3.43705068766918,17.2773779092783
0.735821831192312,3.23817470487443,14.4280136937974
2.99254466933066,6.46224081878658,14.8259802501201
5.78669709019331,8.23312222571294,12.5635153360727
8.03969669829805,10.297090768355,14.1280928479155
8.54258911484393,17.7173083926402,18.0854450204764
13.898406889143,20.335985355984,24.7377575845621
16.3737571499641,18.7458310481354,35.8944861783518
15.5628901829072,8.82946887510619,42.8714027556184
11.5713684462016,2.63754878420305,39.6460915162036
5.5882901393795,-0.875294663147666,36.9716799618927
2.71873432447899,-4.63076856643423,28.9969226666368
-0.169120301144391,-1.78120325025676,26.377433325817
-1.0155201266386,-4.10043381687675,23.2663180525017
-1.5672741690352,-1.48541147384504,19.9387544973944
-2.64656246466396,-5.43660011493415,17.4783560945261
-2.5800702380935,-5.19003809627379,17.2925661148991
-3.88968030628248,-8.48056556633792,15.0825943973248
-6.61034482701227,-10.8199335178858,15.5808607364651
-8.35136718295903,-15.2425157332061,18.1316711625232
-10.8492948188356,-17.8684453779821,23.085574414588
-14.1553877248587,-18.0582579915764,33.3289862449818
-16.6448849584984,-11.468089689805,36.3699651940444
-12.9588348484115,-3.26022455395581,39.1140045864819
-7.28830910278069,0.401585506716614,36.314234257003
-6.47770654825895,0.509111356702086,30.6904972973309
-0.963586906325302,2.81251533341803,26.1786062351292
0.547315711501229,0.905570251079927,23.0367801936338
1.70138319002136,2.77170193659979,20.1786427197014
0.706598807698939,0.350991315931583,19.0136860142902
0.179588733186366,1.7542373508879,16.7248561488636
1.91529200266515,1.81612937986876,13.1064159535589
0.810804514414173,2.2097037785874,11.6464070921878
0.790653471950917,4.01929090363707,11.2785456612942
0.947041874189235,5.15581121584785,9.8685113451552
4.66561940252346,7.33947613516872,7.99298415158998
6.05849661329689,14.3919141917405,10.7385403381251
10.4462755741123,19.2261606918153,17.64541449629
14.9529902222621,20.7433174238449,28.4266055225729
17.1489063350724,19.451884620028,42.748618929337
16.1668119638537,5.32236670412129,46.1018213248883
7.63520129020648,-2.28347307321723,40.8389011799421
3.46390544767739,-4.51362686960149,33.1471673536011
2.5142999093538,-5.96436195570601,29.1694783163971
-0.992357168229208,-4.38823546154498,24.9200127652795
-2.98672669334489,-6.03060507360537,23.2733030693286
-2.25304308067177,-5.21500224478015,21.5892446893079
-5.69752430730931,-6.43530792990776,20.0991635604082
-6.83077526941978,-10.9109210441406,20.4759867955284
-8.71777933024941,-14.3797165786392,21.2879976202558
-10.8178851922603,-16.8343825715638,27.8052706970042
-12.2869070812475,-16.1306220751951,30.7491721144741
-12.8310850847573,-12.6357408704538,35.5659812189817
-11.0534967469649,-7.83533693216933,37.200465366529
-11.6323872374594,-3.29384483765976,35.0994391892048
-6.84323270633921,-0.379338840124693,31.0997452091299
-4.03021829775913,-0.749476234016378,28.2201619193077
-3.71132694574744,-1.96080816030665,23.0467482149202
-2.04597289889758,-4.08182079636909,20.5628337047866
-5.03119347725085,-4.66560042472122,18.273632271964
-5.18881795860131,-5.37286007123273,19.5259009470564
-5.74999998554404,-9.23104717679237,18.5624500886741
-6.7723692667718,-12.5969563976087,19.3198228939285
-10.4595415161232,-14.1945722958618,21.8961835885275
-13.2446928179973,-17.726408339648,28.5580398214722
-15.5516236018032,-14.5637873621127,35.5901355086746
-12.2098682100799,-7.51139741636043,39.8452084969488
-9.69693158731342,-3.93569247286064,36.2472830408077
-6.81855016201434,-1.06893737349555,32.4642631403846
-5.343917188387,-0.52513718174202,27.9713186055901
-1.72861265218799,0.220151048834211,25.4202418413949
-2.35870387652061,-2.09908948140772,25.0123251048058
-2.57864677001196,-1.08379493297983,21.8413428065474
-2.78107358604181,-2.17456480769467,18.4077499811737
-3.99448294502066,-3.01994897985579,15.2875996976655
-3.48558500119392,-5.66588592890559,12.9872179803791
-7.28668041871451,-10.042939268378,13.9566254358297
-9.00568302311659,-12.7853398996215,16.1789870019606
-10.1737591164847,-17.9979105233608,23.0888705718743
-15.1216373151883,-21.144530950632,31.6513243055913
-16.4702518882421,-13.4503981843534,40.5242432291389
-11.9911093210089,-5.47738565423106,40.7699022873409
-9.11506085330391,-1.19854062821811,34.2588869278735
-4.37497449563741,2.06868556798458,31.3458692078633
-2.8719490515002,1.05753782252727,26.58742749338
-2.26624880837634,2.26654249527289,24.6380781468078
0.230886847030886,1.32077758353519,22.0044659254762
0.476594061458263,2.02730905303926,18.7180168798539
1.06108691628386,1.23915508463473,16.6123397895287
1.5692375722402,1.63401581912782,15.4486294078315
0.880859225306325,3.63070354884407,12.6987778832549
1.79570676288998,4.25743463043508,11.3749609062876
2.746706821261,5.9171797953128,10.2211443343205
3.88205204150965,10.4538904359507,11.8583184333151
7.29474270776247,15.8551748496166,11.492066253665
11.0593698389109,20.2875593577407,19.4078217172195
17.1680151736001,23.1919896846411,32.2584106646483
19.8737246039634,14.1637293761012,44.0684578069086
12.3173021443689,1.90586225934588,45.6696274926562
8.06243151565454,-2.34402602969946,36.6553533102705
2.44527107158547,-4.99782612087957,31.9623222293453
-0.0496838129221749,-4.8296187714936,29.084725042611
-1.3490202585122,-4.07577230252438,24.798480861649
-2.65153868215549,-4.56073874519482,22.3470531429552
-3.86169486043909,-4.73823122707969,19.8656604799879
-5.52502342290086,-7.32137715441798,20.3735929010208
-7.48992280225208,-10.5507285386596,19.9474229574702
-8.61140657356975,-13.3034043571789,23.3425802614737
-11.4834793717883,-16.9492124290002,24.8737382177214
-13.3160609360892,-15.6371571304456,32.8927475842601
-11.4342173294553,-13.4586495255654,38.2303612864467
-11.4178199438376,-4.81886663261133,37.5445173823291
-8.1531075156243,-2.92764279049932,35.0725201487129
-6.54786227110997,-0.734890788175279,31.1141997903062
-3.56546239800326,-0.0543017690882592,28.0416614102218
-1.85411633422061,-2.696133826272,25.8814219451502
-3.9964017995735,-3.01551406178652,19.8793427630143
-3.12865645659177,-4.73958375289783,18.9264838656949
-2.87003223701249,-3.45926895988936,16.6928476638507
-6.26782629849763,-9.02511207228127,15.8095035406436
-6.90906723858739,-12.5168741454576,17.2856217849775
-9.20841504828485,-14.8001582798219,19.3661413729049
-12.3269859580659,-18.0730912570971,23.9979440536576
-13.8614319073729,-17.5211610825726,32.5582576008849
-15.952645013273,-10.2643951676,39.5538942638457
-12.587650547496,-3.44854270760696,38.5144019121397
-7.66535717142822,-1.55399681381783,35.3257488651309
-4.92205710462062,-0.685306423098046,29.9187826295139
-3.07505893462232,-2.16451038168569,26.3797495030294
-2.11556027697285,0.0821048189866649,23.4918122208887
-1.40758750274814,-1.54474104368678,21.8950964438823
0.00320288588426232,-0.886294928113635,17.7460671351486
-1.13512425003597,-1.25320054582917,16.9667232346706
-1.5089573195291,-2.95999956392998,12.1223774476003
-2.87684884320465,-3.26544157664926,12.176828579604
-5.1745725235527,-5.75611723827359,12.7161664400534
-7.20177764609652,-10.8057771678142,11.6613203752476
-8.57096751015988,-15.8884300666075,16.3626955593115
-11.7010610423616,-19.6257075383865,22.7670964099494
-13.7095527193123,-21.3950481547008,35.3051014322595
-16.7978981695314,-11.4809016316302,43.4930841060917
-12.0843451022091,-1.14841427145297,41.7053122425265
-9.17819406894024,2.78673175094406,34.3692664381925
-2.4686326208799,5.50653582883168,29.0158090814314
-0.366147743143778,2.66337175445449,28.2933451766634
2.79124218022083,3.88338383577474,24.4391070973125
2.17625054411387,2.11431125252398,20.9435879364422
4.25034560454708,5.88027866882532,19.0208148453454
3.11359344540036,5.98728404654552,16.4542690716738
5.05650121996198,9.29068065887106,16.3675569160658
8.46918102722287,12.9648377654627,16.2923507464796
8.9692596069,17.4186555230607,21.7173186654524
11.8581715932563,17.9698837723382,28.3503499241961
15.8817786618472,14.0996323143872,36.5360420474565
13.5597707007241,9.80884218467444,39.5749783799098
9.99004439728496,4.31639603137016,37.592075747694
6.46997817072457,-1.04047361013362,33.3366040986116
3.18583010696828,2.64752604370525,29.1531924406251
1.73368652651059,-0.885954150336064,25.3523567123988
0.942409917035248,-0.200507264912297,23.7580142311877
1.53973898729262,0.800111209355052,18.8860353561211
1.29310590034431,1.28885405611999,16.018655962303
-0.374288384099625,0.615567294013579,13.4294953616557
2.97631421120871,3.92962018295552,12.4278227026592
4.09027743603221,5.17721296994504,12.5906464355925
2.64910557333937,8.91510752579774,11.864805914656
7.94146068829141,12.0000171794519,14.1792129331775
11.6950544383821,18.1286988118901,17.5568095821769
14.3919961386437,20.2156192480412,27.258152666248
15.4187299489635,15.5129714532267,40.7650620527246
15.4313286569938,5.77995278513388,43.3623677482066
7.87072053289005,-3.31631745526211,37.8935885404178
5.04390424812341,-3.24334208527566,34.5699336860739
0.954602423604019,-2.68089870184008,30.3642650870456
-1.93805635701192,-4.07592387241944,26.0083530719384
-0.0924262211279536,-2.6623998643452,22.6217663197055
-2.52521909240445,-2.98722801467961,18.7387765151248
-2.74002736712212,-5.44806512138643,17.7730463231422
-5.52673006617787,-6.97373025855313,16.2565622055059
-6.96725243283861,-11.3098256798487,15.5497463542642
-8.0411625814143,-14.2332680175541,18.3338558290098
-12.3933059682413,-17.6584414256613,24.4394955181583
-12.4326026718929,-18.6865912154217,32.119091200176
-17.0530482833631,-10.3991611715032,37.1291660331529
-12.9284638847657,-6.59824238667004,38.3157048626782
-8.09877552009026,-1.14959361194527,36.8261019826906
-4.51845559618693,0.537789765133692,32.2405315096213
-3.52376367319555,-0.566531380936798,27.5988553801836
-1.28729106026352,-0.897589530389271,25.5841022082271
-2.33140874333222,0.981767502034832,20.617843975995
-1.02199267506759,-1.67402252469422,16.6950165462871
-1.8108964487582,-1.83691239881641,17.4769302479727
-1.03787477062696,-0.731713132294709,15.0302075533585
-1.635033106759,-2.07659788245459,12.0958970972975
-4.30524687947903,-5.28794615781955,11.8069755607682
-4.94897415565318,-9.54154518222362,11.694326414846
-7.45422088282613,-13.9630376525392,13.3222180209493
-10.7119598969422,-19.0446110935397,19.6426720077454
-14.8804759176068,-20.8534706921377,30.5772509291675
-17.5928798881403,-16.1862289230851,40.403844669269
-13.151959243713,-6.88809069066088,41.9064185214023
-9.5920628269127,3.45145997059384,37.7477249703792
-3.44388383813748,4.09408991160928,33.5355832043805
-1.75856287030852,1.3899248369356,27.6624097022582
0.279050865921461,3.86750683577246,26.3804575665236
1.2960494901275,3.24770984214925,22.6612542979383
3.31388965322885,5.29768727261259,20.3238148746423
2.22467961510616,5.10331107267241,18.2353204806167
6.14274299176578,6.93199937928661,18.2193802629822
7.23331606650879,11.6190392457513,16.7281139528957
9.75947455283103,15.1861942673688,21.115928459846
13.0355339299564,17.0293131220612,25.7108371198117
16.4546641180043,16.8657810144651,35.605513015637
14.5413255782841,9.86352306367644,39.4776200055352
10.5379581085266,3.44692185340405,38.4531439308654
8.74427251049217,0.786602927147883,34.7319507457551
5.5782482260182,2.00823628990547,30.8247031574189
2.53213751418656,0.440224325348208,25.7779207448504
1.32538507057833,0.908085427222346,24.5977207414794
0.856956395659353,0.381445100228701,19.2406711619276
0.602849671890549,2.71971712672613,17.9828706272378
2.27110521992832,2.09285015689125,18.0283899270212
4.18678075273978,5.6043685938164,13.6628638340443
5.41141583041632,6.35674428967846,12.4202388500434
5.83611795468268,9.49019935425093,13.5455757711763
7.94410993093916,16.3923214808626,16.2424572574967
10.7498274760955,20.1887297622168,25.3332917664138
15.4811835423072,19.3489717373432,34.9021528632613
16.1860209161476,11.2655035553396,42.7095032724935
10.3937835319439,2.38977048317934,40.0897920694925
9.96409167249339,-0.998844764153368,35.713336178642
2.8169435951091,-2.90194559587313,30.5847899855824
1.74731723934176,-0.818737924021153,25.7720035968592
1.51331400387727,-3.11584622073745,22.6454828483096
0.128975552051776,-2.92538178161166,21.6467338293445
-0.84987861955642,-2.35935557920425,18.2239702473307
-3.3579994473564,-3.93976128738797,16.1771601038177
-2.35227801530882,-3.4218867697307,15.0616214173517
-5.41460656853574,-8.99380694119531,13.5392632687373
-6.42988716765214,-9.9745378436029,14.005014035944
-9.09099072025063,-16.2309713358536,16.328001655403
-12.0200966655998,-21.1551404501488,25.0881459589371
-15.2844037437061,-19.9031948851141,35.0933472832689
-15.8315626804944,-8.74563095627794,42.616395998023
-9.71539112358779,-2.09335813672581,41.3355697654351
-7.57977243588114,3.40918216494824,35.6300000061287
-4.396034502475,2.91367460720938,28.7435426998109
-0.795631679630139,1.62027663037739,26.6071174370037
3.10139681396532,2.48869708467494,22.9770917075519
1.36071303115037,0.995800866209393,20.999752028757
3.19759281748223,2.91345287313037,15.9059372054579
0.0578540687836784,2.14467322259996,15.6589775288972
4.185682515265,4.32416478204966,13.4528950561308
3.12064730584861,9.41074793084867,14.6286683030077
5.41181020797882,11.370620311024,14.8172206173464
7.91427335626077,16.9554642082023,16.0787018794681
11.9012934967832,21.6661696288186,25.010621195491
15.0483118462204,21.3305842875677,33.9889706468447
15.5108637379827,12.587333955427,41.8883578620211
12.8958177491259,3.65561321883469,41.7209785096974
7.49812188811493,0.0558861750634552,34.7083023110877
2.6977216864372,-1.6362550353733,31.0625009741519
1.7018302651194,-2.42625639913453,25.0258646834726
-0.0989597820402932,-2.67126236911279,23.2604477812106
-2.37381955180052,-3.54696792096303,19.7151661344542
-1.44318534827364,-2.93677690367341,18.8002935496508
-1.70830022582526,-5.55169420611385,14.4678310138124
-3.13585160715596,-5.04506142088015,15.0624428151625
-3.74008285656851,-9.07023053284377,14.1832979514858
-5.51088123361781,-13.3043639869288,15.3835808671171
-11.4200470515763,-15.8377440566301,20.1669978208194
-14.6033041332803,-20.4920607693607,27.2153761292251
-14.7285759777958,-19.1105655715778,36.489128733685
-15.7240414509365,-6.46361194259927,40.4268508524069
-10.1060588040641,-2.81764819012799,37.5193453242174
-5.8952132294695,0.385280860000386,34.2648020321591
-2.56836638229728,3.28586392231136,30.2594196079411
-2.33058859055291,1.43450506729324,25.4989532708041
0.237532309051451,-1.49852566310483,22.983241821617
1.45299994652966,0.368856724725529,18.908171903452
2.02998290850059,2.08232641377999,17.2906461814859
2.34152721347365,3.12732959010072,13.3350844262354
2.16569194326257,5.56203344829922,12.9095223582212
2.68421383136111,8.03612933418023,13.0690286415318
4.87310969624736,8.92175314365584,12.5852528037166
7.32443353097895,13.7171659559088,15.3712886098124
10.8026516463968,19.9647686433536,20.5445805895106
17.1338465463215,21.4798583621254,29.8142866065314
16.9287676600274,17.164370083149,40.1377711390454
16.2728485011913,5.30558482734228,42.5581707970574
9.45436907623138,-1.41623730474914,39.3959587156486
5.45913393555785,-3.72638710055353,34.0348195497317
2.01961478503759,-2.51209784747026,29.5283579468389
-0.651268515477982,-3.492135189503,24.7043338351095
-1.42559790751649,-3.230757464781,21.6671790192796
-2.43648639995708,-3.09792406763548,19.2445035918736
-3.09972534393158,-6.16143569326904,18.4465706923026
-4.4316280211447,-6.76821308965394,17.0661165750962
-6.60287845060441,-8.21213182287152,16.5320177773658
-10.2410356977166,-15.140977116823,16.9531023290396
-12.3146643748096,-18.5780556578375,23.5996867212537
-14.6804958877688,-15.3688012251079,30.6798642655862
-13.7419036148564,-12.2834586409427,37.3827385787372
-13.3163101149918,-6.63562786195409,40.3856548851318
-9.13302276097695,-1.0767478436897,36.821533439154
-5.67295093663904,0.619812113016287,32.5020004675378
-3.04290976087886,0.477430684187693,28.1530590923023
-2.55183188415089,1.61025147559661,24.3142766096988
-0.817484398626898,-0.837161176951585,21.4763777971272
0.688674770421951,-2.06099175500306,18.0965469488493
-2.44417432235293,-2.47943566679725,17.5772036197286
-0.581425158814659,-2.37927829308337,14.0664195378855
-2.27117860578935,-3.0606189569813,13.570831569996
-3.12929308545334,-4.31562683221703,12.4176820052049
-3.85008612510262,-9.42631058946915,12.4460610706617
-5.78101186971505,-14.3141715705163,14.5005507098042
-10.920950035866,-17.3194098334632,16.1055689802974
-12.8700271639094,-22.6049934099342,26.6703001431357
-17.1523971858453,-21.9944950442658,38.5021136804718
-14.3817284754256,-7.43060792404006,43.72310356858
-9.26508754711526,-0.172697609823995,40.9821533137388
-5.2258504590766,4.68453526112138,33.1161665992467
-1.49031199360186,2.25065442592491,29.0713410504552
1.30262593763407,3.67647698889295,24.4150386212914
1.08426736658184,3.96968831640725,21.87064975669
0.502054372810359,5.19633708950668,19.4377771013188
3.97040403111809,6.28962728040056,17.7967423152517
5.23869061578824,9.13955323897066,16.4327003289563
5.67754732376361,10.6561654174336,19.274390571782
9.67479714617048,14.7557660942192,21.3883026581711
12.4085263556262,17.2196782631438,25.7900730719153
13.3872657821005,18.4994158532142,34.6048453342546
13.5291792954459,10.776884189737,38.1453301851908
12.096220236717,4.67229744524113,37.5815386896414
9.02125121129088,2.07409092562737,35.3803041981296
2.78466632186415,-0.259807226316541,28.5486124613361
4.02871009333233,0.189913544190446,26.2991084245686
2.2359707864912,1.31431759128768,23.0355237662245
1.85942386665493,3.34601456199529,20.7490863935093
2.04300582562982,1.42200093234065,17.7695679815989
2.64095122656147,4.48792068685723,16.9705366552535
3.24166852941329,5.83013999861511,16.8675895725399
4.70049894860348,7.98101699701802,15.4822225185594
8.50362759233119,12.953983592464,15.546873322285
12.1779242602819,17.6766205141823,21.3301785626349
14.2975932754526,20.5502204462309,29.626385028072
15.1300219462284,15.7503298569331,37.4750962747882
12.2896372856489,7.76201846199081,40.6653615801304
10.5483975672706,-0.396243394306875,37.9269228168102
6.01792156568359,-1.07666087320612,35.0355896307233
0.671617532698599,-0.17529048545647,29.5946471242201
-0.292806065313886,0.0783393056026549,25.0981242489391
0.814495854255948,-0.00413754785086984,20.8570356572881
-1.7716983374575,-0.361047056638777,18.6321944023449
-1.45922231556984,0.0835263070163477,17.1909994514769
-1.91979091630039,-0.901395289014554,13.8372352552544
-2.93759752899854,-3.5199886941327,11.7923177553913
-2.04436223565721,-3.94940017863603,12.3417809343083
-4.01536461290749,-5.88757464307975,10.5242435131502
-4.10163251581643,-10.5799279283716,11.6494284878287
-6.92150565775004,-14.0288107856235,13.4031601123923
-10.4786197005015,-19.6670354292797,18.5377747502584
-14.6633414816486,-22.135939284388,29.9116090554663
-18.3811953743138,-15.5138448892781,43.6929759495926
-13.7026204571966,-3.06554291222117,41.6472723874347
-10.0171955375149,2.88571129023805,36.7996702864537
-4.4355858252191,5.24005732824715,32.9267384293499
0.00319785815790746,5.54048094611909,27.4224126703864
2.50905611348495,4.558250489998,25.5967587496214
3.7968427881122,3.71684511841851,22.7361838135903
3.06277646724585,5.62932676863516,20.5734833348401
5.00053287944126,6.46954080426509,16.9868448617498
7.2399757322391,10.0864422465403,18.3012164822157
7.48556798577307,13.4182430203362,19.037029709785
11.6912681362697,16.7859236088542,23.4552315289648
13.3178452189773,15.2810916735631,31.6882543576005
12.8594194426314,12.7677065515934,38.2419639069155
14.0140919114372,6.34868462811567,39.6143278891384
9.71681849127466,2.49931421752837,37.19543844461
7.44780087859535,1.83730617960322,30.8954514693648
4.3224917027218,0.410538669501087,27.3194403256309
5.23435127906279,0.0684196385529574,25.3423850765137
2.15593157219741,2.29595310198958,21.2785473401708
3.12104924168205,2.09016416853051,20.302171109499
2.3127340492313,3.63017787478106,17.2505370270862
4.68262543558516,6.35352480186355,15.906043819448
5.22535491039728,8.1531742274933,14.6911150352365
7.43025925775612,11.5441920068337,16.8241428944812
10.8657259752757,18.171713890974,22.097064024156
13.6366634820933,16.6194690942228,30.6343301659359
17.025994155476,14.7598355194024,37.6706766534268
14.0748705517439,6.50794157189095,40.266750857339
8.2459048725294,0.768864679031327,36.7508818690002
4.8384814623481,0.463035152115246,33.8060567853842
3.77808662690692,0.248154945456065,28.986617876833
0.952838949051348,-1.44577517978436,24.8541431679665
0.425638556139896,0.0955003711194284,20.3366322181956
0.65481814352646,0.404603153531518,18.2414231392805
-0.0430036756391352,1.32374682605736,17.7575770970592
0.595803136720098,1.59086075102863,14.7992006447136
0.0699505534059353,0.496724533704473,12.0907609899286
-0.810571778623071,2.76679828618638,10.5443542972029
1.99213927179525,3.75571815249126,9.7796161694427
3.49698795537813,5.13469610686339,10.1730153098789
5.75012720218814,8.40891620500018,10.2289889908405
6.07679896108376,15.319346120981,13.3554692342674
11.482296377486,21.8152780353898,16.1789223695104
16.8681527433466,24.9601829252088,30.0338520479957
17.0513724833863,16.1121784806987,44.0331887479451
14.4449091519988,4.13130857571921,45.1350995617304
7.06058639237502,-2.88387000446533,40.3390035832418
2.21329260765998,-7.68835822331492,33.1933852929682
1.38903056077147,-4.21905011291706,27.5853369818632
-1.93980267062303,-5.61422453346026,24.1516631283168
-3.63638607198563,-6.56106704454904,20.2714454161435
-4.73816504178906,-5.83911656249174,22.6935626018296
-7.18821014290936,-9.38498137041966,19.552958898999
-8.07153905755992,-13.0547362271606,22.460083270962
-11.5683828113816,-12.2239221137603,22.3846167061226
-12.1347387659521,-16.6035646559347,27.5499347718792
-12.4630226624758,-14.5385634456544,34.4688701464231
-12.7759955359036,-10.0329382765196,35.3172857122203
-11.7206480193945,-5.66481363182896,34.6488350161025
-6.68318888315189,-4.18946320682564,33.9793588120873
-5.67645517310877,-3.29433274696617,31.6563195708626
-5.0020481449392,-3.48008471753299,26.109938508065
-4.80468283068485,-3.44504960151338,23.5985845170046
-2.7767739683485,-2.52794252752581,22.1921213077095
-4.3771678829965,-5.8665342841655,19.2424583465163
-5.71319199810469,-7.2691428804404,19.9977562480653
-5.38139042604269,-9.58946877718384,19.1552633916831
-8.57864103456653,-14.4749174757371,21.825339118866
-11.1236178025529,-14.9958578486655,27.3226890590621
-13.6454978845455,-15.3746765231492,33.4413128412282
-11.5862323924471,-11.1479866760046,36.2227027080067
-11.6767717205319,-6.77827348937755,38.2386954623332
-7.47321669146782,-3.35526866244943,34.4840608167998
-5.13857125734774,-1.83506090566452,27.8099922970293
-2.09563898331371,-0.676081926249309,27.7086705880438
-1.45602571632541,-2.03786302767056,25.0552653072584
-2.19751524338872,-1.0138302347846,21.8509591914472
-1.04544304929272,-1.03960243230221,18.9773085978985
-3.80360332726983,-4.2322136655942,16.3573630029694
-5.30972910641482,-7.0540014961029,15.0347082285091
-6.55492479636897,-10.2110507231113,17.8160377635342
-11.4046231457376,-15.4653644296727,19.8026893112179
-13.5555189680956,-20.3074418058797,24.4767968459781
-14.4120804241329,-17.5110156781539,33.363248551837
-14.7017504256511,-11.1342262210268,39.0381925338202
-11.6178771844448,-3.9964744450686,39.7249902471136
-8.15478130528729,-3.34429722156558,35.254348459119
-3.57847644257081,-0.618794018024735,29.89303842453
-2.7941356847244,1.34276098111302,26.783328433164
-0.269684672470968,1.03200648176946,24.6712082729444
1.58014775382257,-2.73212053187321,20.1105596960434
-2.76567264733204,-0.842343896086846,16.6898818283058
-2.48573861070458,-1.70865318974598,14.9698151550432
-0.873370930179282,-1.1999378968145,14.254944756962
-0.417856152727883,-4.33656138674202,13.0904504699161
-3.83184967408293,-5.1612929517732,10.8261119749934
-4.84616985618062,-8.13116981817702,10.7347015263131
-6.9683652786467,-14.7040668275175,13.4383629504398
-10.762500730474,-20.5376110220762,18.7183683519195
-15.6367079715444,-22.7200699116378,31.3134776545289
-18.3738853837422,-15.5299143738884,40.5630966193301
-14.2800431439596,-4.74361550797961,42.5665655170717
-9.02776202060524,2.34269320307957,38.5136382625521
-5.27072093000169,2.38740457053999,32.9096380386135
-1.59119735971875,4.36248585150242,27.1420925433901
2.05357363812551,4.31554978750045,22.466584262094
4.45937724005221,2.34843887751461,24.5758029649416
2.058956217843,5.39781703645914,19.0723722289316
4.61726484707764,6.28496528998686,18.0264579819408
5.97825460492174,7.2901495003639,16.1163416352573
9.04362271689189,10.2412033487396,18.5110715011041
10.5126173512952,16.293219451383,19.9825965259375
11.6219838724756,18.0759032929415,29.063586122932
13.4818138152001,14.2436166924944,35.3105423551681
15.1358671696153,8.01665943981786,39.8841308988868
8.74874497816597,3.8322084165646,38.1319636655196
7.27407045178903,1.8484230944819,33.2134759354854
4.86076594572591,-1.0662337006381,28.7590929621541
4.25329581046391,0.891163900584238,25.876940468429
3.49950826910142,1.37870337077757,23.3863239805981
1.7618974549506,1.7315464591244,17.914109906167
2.61091267888765,2.37257193993786,17.1665641316794
3.44988214277322,5.77344674429753,17.3302883297614
5.04182110180997,6.47056927178262,14.8939770428175
3.70699174307608,9.45934146693614,14.1979119548213
7.8689470982201,11.8653184306749,16.2752495501682
9.78930694665388,15.9875364986995,19.8720023678439
13.6419034236297,19.3015063897043,29.1578637672999
17.4921736851557,17.0315573077377,35.9304969099333
13.5592804919756,7.31756934598928,42.4645506722647
9.53253203870909,-0.101991998525846,38.8908665513154
5.98693793408822,-2.08776115020391,34.6721972191783
1.63970230567447,-2.25261468247884,29.5832673506624
0.412984592577093,0.652161759961668,26.3144398512172
-1.39312439756166,-2.11845008889747,20.2076643752168
-0.312504221114406,-1.81852680169549,20.3160329835338
-0.777558326666772,-1.45742389118582,19.3416626576257
-0.814903522729763,-3.48420898756889,14.3208798303706
-3.44366817402955,-4.29284136786247,14.2342111027229
-4.61693960034939,-7.36560552764375,14.1148059596168
-6.11456973956473,-10.4621566146545,14.376238876369
-8.23785321213133,-15.4190047349391,14.2748433396629
-13.9873398198078,-19.099287252927,20.691524180664
-15.5628087379894,-20.5227030085156,33.6435421893985
-17.765523360468,-13.375911686327,41.2101294766362
-12.2725138948448,-1.78801871875761,41.2876092988589
-7.22677658970015,1.83608522569252,36.6232855597595
-5.04600051191399,4.4457626577826,31.9446512414136
-0.725586815863352,2.66264704902323,27.4127183468432
0.280241430159643,2.8346404322697,24.5194579199178
1.41583620457031,2.32841239109805,22.6709457117657
1.68647854432603,3.7187021128531,19.109640836625
3.57024425138593,3.19305805955622,16.3450261073968
4.2117532112655,6.90893013909962,17.2725653818054
6.19212582021022,11.7253838092824,16.8660935047214
10.3798015532301,15.338130080727,17.9590466432572
11.5869715263379,18.8569558277151,24.2657310353433
15.0795142218885,18.5442600566654,33.5003581986083
16.3572167085664,12.7146874620548,38.6152586957972
12.2356601102052,2.90000838756772,38.3395288814432
7.74033036419786,-0.168895776219004,34.514979643165
4.72129165014455,-0.8249217008702,31.896749554821
2.20239625406078,-1.68388863421304,28.1987590943162
0.500167420915419,-0.877920174244849,24.0304808005957
0.334052707747164,-0.216866027355629,19.8284244450023
1.91139570245859,1.01621198377045,19.7302277985255
0.110838178621322,0.987562554610989,16.9272366853813
0.135068947979527,1.60771542867327,14.0284607992355
-0.244933402502151,1.60293537079423,12.1814616309877
1.15662229403834,3.02766085316269,11.3734321898612
0.415079889224665,2.9282382844092,10.0327922926455
5.4057830198599,7.2482375317581,10.0699867043217
6.25077349935649,9.42055281333487,10.1589384293352
9.69708538012767,16.3726547139189,13.226631203587
13.5333514575254,24.3719548413015,21.8474121060941
16.4808349030676,21.0165947010484,34.6333701718878
17.0271296175236,10.9193038136227,44.9633806847435
12.1213935946486,0.973411788610221,40.355686566569
7.14075218535518,-4.91524399492603,36.8921671233345
1.16034798529842,-5.35898809179687,30.2362069146329
-0.7018249104804,-5.74498275716551,27.8267076419373
-2.97184873754545,-4.23892818889615,23.5114224072391
-3.54571133395937,-6.47347076890565,21.9909702044627
-4.93259909480512,-9.58919076837615,18.7096225996173
-5.01934455474764,-9.85420573650817,17.6773345739797
-7.68035117410443,-11.9841170321967,21.542102722984
-11.1848466316324,-14.8506785880749,24.7434625811137
-12.7087828795617,-16.1577793119642,30.576445950397
-11.9459623222335,-11.4592533657217,33.4634257032779
-13.1332964023363,-8.21195402232035,35.5892034237055
-9.8303194330931,-3.76021946998854,37.533198883801
-9.10278282947212,-2.15394835917517,32.0067073214553
-6.06462619308832,-2.6379246923953,29.0157269696396
-4.37003626386274,-2.25026837871565,24.4047390977696
-3.28811282610642,-3.53717433206935,23.3860737793083
-3.39503500681252,-4.92523270031371,21.673659072852
-5.10140260089084,-7.12722310893135,18.2117172583619
-4.5265901657675,-7.62316184280098,19.6292505721012
-7.3872236593819,-11.0013707802992,19.349969944684
-11.2278012481965,-15.5399670352025,23.3048855525699
-12.1542761548387,-15.8840174749958,27.5977336353745
-14.4471132670343,-15.0924349447244,34.6810035673282
-11.2585315445529,-9.37423788448757,38.1080885879878
-9.73251560102596,-5.37813988912334,37.628179611616
-7.24155970745803,-1.99047019912185,33.450254151639
-5.88115077816749,-0.456422778685921,28.6539675907552
-2.39184142409261,-0.985192204179719,24.7898122282732
-3.12454945107844,-1.11836498671296,23.9764373311474
-2.27562275340392,-2.19573620450703,20.9747624208068
-3.08076426318409,-4.71280882758374,19.0147899920322
-3.38011361083016,-7.46242965904946,16.4511537227472
-5.9067574284548,-8.18031789156817,15.6628006098768
-7.26016826813595,-12.676260542464,16.3182987343679
-10.2276531785733,-16.9008228944567,19.3024249761614
-12.7165162391125,-17.1407340662388,26.1577178842312
-13.2171218600672,-16.0832408692673,34.2401074664102
-14.0653366935732,-10.1006459405637,39.3926900171182
-11.5283505462098,-4.59390414240736,40.1028780238991
-6.68063069730002,-0.603728699437026,35.315650641532
-2.91704767739557,1.04047516075887,30.2390696440153
-2.88771076187774,-0.747748221259286,27.75543750675
-0.840182700642873,0.346253638841448,22.7677932026382
-0.951132420531764,-0.817591240815401,21.5728923028034
-2.52527653658939,-0.881506596724291,16.9566517981376
-1.22462870984571,-2.8987005680298,14.7383107355851
-1.19802060410771,-2.98935225864786,15.2241573102843
-1.66256097023711,-3.16042865257902,11.5358911353366
-3.73771836597025,-4.59396965523783,12.059506360012
-5.35036185868953,-9.9054736763685,10.5883215547674
-4.8550668786068,-13.5217314764321,14.3062230533863
-12.1160076520846,-19.0121115020047,20.0402828715771
-15.052119523304,-22.8375371200911,29.2569999891155
-15.2817181472339,-17.3918718980441,38.8657841328279
-12.9005757402825,-6.15284786307115,44.9587771039488
-11.0347794331383,1.47004570568209,41.1046966312887
-3.46501081946759,2.19719575140091,32.8836423089272
-3.53309456159629,2.59367712545347,28.1858131237873
1.01637315043969,4.94383990605425,26.3084928490964
1.04790218519297,3.49892820808815,23.8489606618872
4.38954610045509,6.21458261551742,20.1659233533256
4.24896694153059,5.4518475312398,18.1704246489774
6.72872110852358,7.26028339678391,20.1667312022786
8.14530360086793,11.2117387525071,18.304255703443
11.4272579024654,16.0282015153599,21.5578091679696
12.2773651181931,16.7642566529024,28.3708429868454
15.273212114957,14.2994851654303,35.0961857435149
12.6422779576261,9.39608254497639,37.9755348521189
9.20029667302291,3.06960289899636,37.9389088881153
7.59053377700831,1.91468378611686,32.9385049485172
4.27005880910487,0.778439005202449,29.0421679194725
3.73357500980398,0.350758462650899,26.7635325503376
1.71731755341781,1.39680693016768,23.4968010220614
2.61077687663005,2.87277864195615,20.3944779506119
4.93640689076841,5.31781213497286,18.0219404598953
3.65458604047903,4.52152276754402,15.0038913622398
4.0681851038119,8.13483206796297,15.5835394990704
5.13632431755894,10.8384235211421,16.4712799596692
8.75266103663091,14.9930735437814,18.658641675629
10.7292837059213,20.0511656997339,28.1965314546418
14.2753504610494,17.8532281398038,36.3094439948483
14.8400810612374,10.1195027664401,41.3468156104835
10.5475115140047,2.35405011710729,38.6989087719713
9.08844746996691,-0.531087064142826,34.8344568584326
2.47934524954857,-0.355465538422612,29.8715914200233
3.47884407031011,-2.22676972877764,27.1328295878689
3.64459735539975,0.654002515534311,23.3891406338673
0.880707097279866,0.294447413093845,20.6390055402464
1.13583380274613,0.751216772124728,18.2417086408403
-0.643919752289024,-0.605522697964726,15.7236646780835
0.3971507550415,-0.301929565377963,11.2981189499351
2.0425579884007,0.742783822973958,11.9097289199979
0.135801830141663,2.07181759222376,10.7089342228693
2.36871539839281,2.84747002129801,9.30221643084052
3.45604799015887,4.60327388649089,8.76180540362237
2.84574842047631,6.18820370039633,8.72476666545818
5.70760155307325,12.148898422433,10.834645110599
9.20686634021614,19.0399800719006,15.0954173947805
12.6489047003818,24.9273451000536,26.9889217025786
18.4336548146445,17.7376639322978,40.2778836919079
15.7167940635584,5.58647889493075,47.7774072353445
8.24578763572435,-2.24006778532827,39.5544762932094
3.62467803922217,-6.1400571334303,34.7677224412657
0.195048498757221,-4.72500910143479,29.5146514255154
-2.84346788389575,-6.19550444962174,25.9757386806377
-5.08600231165997,-3.08468957990699,24.5324692146889
-4.90021346099848,-6.67857077096526,23.2681039716637
-5.58353619179086,-8.65378590625745,22.4587265779509
-8.09237316449205,-11.5237155736778,24.5825171337528
-9.67073724695978,-12.8860420168832,25.5432353431957
-11.0264347933578,-11.6369992197361,29.0275249996248
-11.0866195290694,-12.7556981939144,31.9137959460074
-10.5756863511369,-9.29162692885582,36.4210747330532
-10.4936756925345,-4.66435647394695,37.0993218917979
-7.18924655748725,-3.56685478799382,31.8662905057899
-6.21828860291355,-0.1376803636977,30.8837498277064
-3.94577489896218,-4.56732147613066,27.4288134887989
-3.82546357386896,-5.82831324214162,24.2172833743798
-4.58202035700042,-2.00044629723286,22.2748028496225
-3.82874089360282,-8.03185090607201,21.74469130751
-6.39729348417543,-8.06603365766575,20.3937814244038
-8.55077186480181,-12.376620895229,20.8720671788947
-10.1170857974381,-15.7416364049834,25.6229179873077
-12.8780832096579,-15.1211454658855,28.2007019806058
-12.1588018127726,-14.7984667440642,32.80943015759
-10.2866294141271,-8.22898884149943,38.2606618281003
-9.12902548213952,-4.59345852723285,35.8216161181888
-7.54980620869948,-3.28601826956018,32.5240441721009
-4.61523757341619,-0.438341735076152,29.4524482402607
-4.51312922353212,-2.82674547226933,26.3980727133065
-3.1621245170084,-3.14725894545505,23.1134860548966
-4.78114948819468,-3.53694406214985,20.496826599569
-4.87496272140835,-4.83498763107135,18.1505626969465
-7.31334327341844,-8.42451007713991,19.5405312535277
-5.59341121274522,-10.2679410406462,19.0121359141038
-8.27031851945102,-13.2246988174051,22.1286177052756
-12.5705307570406,-18.7498817256027,24.7596446218079
-13.2906405361597,-17.50266238147,34.2654790668767
-14.2599661685317,-9.54369963433439,37.3690326578201
-10.9455844573335,-4.82826361019543,37.1410039619054
-8.24738992143933,-2.15825252194805,35.6240520413517
-5.65486177821882,-0.902575338647886,27.7397864426498
-2.91781661141757,0.262711529600425,26.2193467376207
-3.84118410027166,-1.24460584937045,22.5305398230283
-3.99170496061294,-1.9173177040292,21.5029350001472
-2.20124018855915,-3.19902172595808,19.3272429897941
-4.22821812253371,-7.898151754605,15.3934482008437
-4.91798760247628,-7.42675249143812,17.4545095386045
-5.7997259029014,-10.8982797848173,18.1942408859772
-8.22599833903715,-15.6530106613878,18.9003450463856
-12.1993252070637,-17.9160456383777,23.6826241066201
-13.7423194245902,-17.1167135781586,32.5350390597403
-13.8885744753237,-12.7082662456234,39.3477191258366
-11.6219610581153,-4.99922013927396,38.2270787439506
-8.21205892383539,-0.629238670920187,34.9212766228122
-5.15502247420862,0.361886835549886,30.0321238693259
-3.00351171456005,-1.1326998763094,26.33833980979
-1.02054941643547,0.16273521131154,23.6826837830244
-2.60409574251932,-0.0309306174372257,19.7328196512445
0.744716930075505,-0.672126948155978,17.8503750372035
-1.51577139489057,-1.33571914920892,16.4604207905155
-2.08112846237595,-1.25037812196612,13.3163387549356
-2.72994101543543,-4.1542377301251,12.3479315515175
-4.30593803570762,-6.35693184934174,11.7260907243665
-3.90346819387706,-9.07746268401173,12.3500992765778
-5.76699371217084,-12.1824527790805,12.3055770778445
-9.72144849965134,-19.312284856233,17.901033637341
-13.7782485218213,-21.3649893182068,26.9537502288175
-17.2203811496969,-15.926349082697,39.3324375349293
-14.048546350641,-5.22894307350158,45.8453367189752
-10.0719966764842,1.33852261009899,39.8522705426396
-3.28841792060466,3.63858960648948,33.4775784365299
0.280658446765104,4.57112628783012,27.6307170257346
-0.918527070612289,4.4892219379806,23.9896124370741
1.65250556492616,4.48560571180907,24.516710388551
2.3356385373108,2.29786650857227,19.8222939009423
3.7311709253083,7.78749801578738,18.1616353868048
5.53679428913088,9.24126314288088,17.6008000782121
8.12226913872034,11.5714465914212,20.703678560417
10.6963769873346,16.0948976499956,20.962013178964
11.5813514546299,16.4243065494231,27.6282652161862
12.5779423399088,15.3760585896047,35.307043931633
11.9266488476702,9.18108719758394,38.1287256553985
9.44165160390245,3.22236632757307,38.2012304786421
7.70680775972546,3.05598077139622,32.6576744541347
5.10181806002304,0.179572921080035,30.4187016237317
2.70691323228857,1.82497420375581,28.0110365598566
4.03347352348239,0.302420662407091,22.3362459119648
2.72744718132852,3.44809239551409,21.01967454979
1.5482630031653,4.29547454035408,17.4217272296386
2.87736307486487,3.80534225465867,16.8783641778276
6.55421502802383,6.88689986412578,14.9973506131455
5.46497840245024,10.9268543570665,14.9734597848217
7.9314742476021,14.7185411185629,19.8407463133215
12.032794163316,16.3071755405712,23.7221538113213
14.8669345109362,17.9815039988835,33.8989595518628
15.8929311256158,11.9984398223127,42.184402164659
14.6110486652786,6.78355816327599,40.3831855914534
8.29884483128465,-0.584256722179922,36.9937350292989
4.69957646118778,-2.20069419821113,33.1303787301599
2.50620598912794,-1.84310380654415,26.2841710957169
1.25395243296748,-1.13230261453502,24.8401251672708
0.324656082283414,-0.0583462495412979,21.8623426152715
1.43488796854454,-0.459814069179936,17.4376567229019
-1.23517898989466,-1.5568057013228,16.9450226995288
-1.96750036201333,1.07179294665243,14.9506342896687
-0.406494359431301,-0.87501070239371,11.5613662461858
-1.78050211615371,-2.75432747634149,10.2914817756918
-2.44974643488828,-4.82727518898968,9.18289530813475
-4.07800689765862,-4.84319364943994,7.98573303824053
-5.13052117131196,-8.02520864355794,8.48066555954292
-5.91255225087016,-12.5935234673478,9.79654249929236
-11.9802860642394,-18.0606313973348,15.9525648567062
-15.333746914922,-23.0209019951999,26.8548133138406
-17.5072716033192,-17.3203431095466,41.5651049881158
-14.0264570450329,-4.80268288385366,47.3591682753815
-10.7823608714952,3.20216323804341,38.7069659110483
-3.55703651172163,6.32854701284576,32.9539719563465
-1.67043678676215,4.2486033105826,27.5081495703326
2.12581295767046,4.63884812066486,24.0580017809938
1.50233906865816,7.57758139178915,23.8402539761372
5.03887630141011,7.97460465052087,23.142659846677
7.50272944842635,9.36448219892973,19.8480311534614
9.36258964138822,11.5214873983852,20.0344314736904
7.88627900104653,11.6891085380865,25.696370468122
11.1147597886444,14.8069935790096,28.9767103260525
11.9112814961939,11.9495762102413,33.9764534040849
12.691609177396,10.66948530574,37.0414086264701
11.1968123534026,6.54983110343854,35.6121741315807
8.40977932175556,2.09586091924182,34.2946341549146
7.1387432002689,0.994514615232626,30.1593859955883
2.78833952886969,3.10997980005894,27.6638948147234
5.88071033765854,3.92117505936861,24.6198379773326
6.39101291426742,4.59889577730494,22.3745267946865
5.72016256297056,7.622320373133,18.4327405421396
5.80306056852793,9.93848064706613,19.8805360127901
6.41110154801232,10.1618993887233,21.8821584322037
9.88256735831058,12.5456085834313,23.1031803490217
10.1660571844553,17.1657679437445,27.6005016888016
13.1443815860561,15.5835723937361,34.0336977327298
12.2341886207703,10.2217278064812,36.8698753021884
10.6666330835657,5.5785900235194,33.3673651561237
8.25027259123073,1.66562925334689,33.6513339641424
5.31426992308704,0.522187897955557,30.0336092325527
3.73841252367485,2.0326965609987,26.2588700054898
2.90300229165028,3.93605902142549,23.2491895210412
2.53239328906521,4.55793736374363,20.9438798340641
2.12170013540013,5.20988740984034,18.4412701953295
6.30462805019293,7.45703527138235,17.6086715068495
7.11601622636787,10.0718504847407,17.4136145545462
7.79839202831846,13.256395475219,17.9132408994676
10.1907437963629,17.5822849053317,23.3541353072734
12.6584004335318,17.1310250195844,31.5895339847262
12.2769520814448,12.5176991621845,36.3503597452137
12.0690977556288,7.2324617957778,38.8384902817055
10.6317001224153,2.43386548046218,37.1192728844616
6.99204761610217,0.522334976056661,33.9511392004979
5.25544778856774,-1.05912620986305,28.1405551225496
3.90738059677036,2.00087549773317,25.6227178717089
3.79070110596118,2.67487599251905,22.3659538926793
2.75029625848444,3.50071579445198,18.3581950351463
1.73345108909875,3.92578525076063,15.652413222038
2.99798456723085,6.16247971111888,17.1790088830771
2.96291999192304,6.04793972328691,14.1291763461593
6.03380028882212,11.1523924079598,15.9849891137801
7.4582349073966,15.622923088626,17.8810984548088
11.2765540090405,19.8690033442924,24.9073867489327
13.5494541135462,18.6076893034307,33.9850617980547
13.9088456313238,11.6433938280694,41.4844046679337
12.089357807505,2.34812365756217,40.6321780648148
8.13739058699711,-0.573780308049803,34.2389057290062
4.36858094607549,-2.64968336246119,30.1653148276347
2.34283680588082,-0.912128613210277,28.449413286789
-0.605165383675712,-2.91278482410072,22.1533282147698
-0.874918991739722,-0.177248503455255,19.1626720683178
-0.430079013641795,-1.26707617611747,16.3691751868204
-1.40134999851154,-2.74076153475472,16.357659967974
-2.03789733475113,-1.01891343238043,14.7962181755961
-0.325996472035911,-4.35706439150758,12.6128699893411
-4.01468779370765,-4.70864065370155,11.6765502944232
-6.63390549539727,-8.59738458746558,10.7822054582206
-5.76560163975122,-14.0665081183245,11.3923102570989
-10.6200634111538,-18.909727782536,18.1252568029858
-15.2137169204649,-22.6223057292531,27.1942547046582
-16.4456844625586,-16.8339595298861,40.4972009616561
-14.3668650932686,-7.23059728209252,44.0909387067353
-9.32434095688801,0.774549325496093,38.2913512708589
-4.07377331013809,5.16538078338298,33.6703217599353
-1.81566498147179,4.31630064898368,27.3677574814834
1.55262471303631,3.14602137993183,24.6231089581074
1.86761217559758,3.70953377323555,23.1126796874257
1.96097817534524,5.7738131657011,18.4387024955918
4.73047482569313,5.82463867882222,19.4809773304337
4.36819831525687,9.75135083223271,17.9206329744464
4.58370322388061,10.6554649108252,17.9093845489615
9.40843723153812,15.5508676798978,22.4122247251807
12.325937720623,18.3553261986746,29.2829237201812
13.313262635647,13.5511430473692,36.0695810895004
12.2534834727336,9.36450255023798,39.0564477276878
10.344083144632,5.91648107744086,37.9989453541357
5.4001033502676,2.15893037777657,32.7285137397091
5.93388575855958,1.78340736693642,29.9327766795128
4.07282874276704,1.52209935534268,25.915666816386
3.17214434348847,2.7141637839757,23.0910449257739
3.43943255236803,0.147775411138916,19.1208971019794
2.67141271745216,3.67796627422794,17.0884176936622
3.75915386658224,3.99620984815833,16.2361523881761
3.60423847344558,7.00493776534116,15.9770280934786
5.95656054573625,10.5322919098698,16.4023791180562
10.2441113625689,15.0895284095275,17.8189464031512
13.0277496056316,18.5632877293402,23.517253520888
13.7478984271227,18.7763775838098,33.0745155004284
14.5453810677837,13.4654708720712,40.1728211274888
11.1443821885288,3.23349721321696,40.7866094512841
7.99285737281446,0.802639922770562,36.3692927588657
3.95535868170544,-0.0623165035200672,31.4549246609563
1.85427436283942,-0.262732490683234,27.0413133289511
1.71957275409455,0.736408656528493,23.727875795386
1.73953174745763,-0.516138268955571,19.4827968189187
-0.230027289956782,-1.27464834205589,16.8285036401963
-1.19469954370126,-1.15417990929052,16.6372679434859
-1.00897518126905,0.42311325597439,12.689488063586
-1.83915910726972,-1.24671351033888,14.2768170766422
-2.61120312805955,-2.9631451370208,9.86025243561799
-0.728195773465466,-4.69157427570268,9.82949774954906
-3.82928465365009,-7.43560685750268,10.480298997401
-7.10145051007681,-11.368292375578,11.4809648936377
-10.1828050629974,-17.0487026979134,17.7577009045498
-12.7812958119204,-20.9466918622327,23.4489201747316
-17.0040034133843,-21.1548775411384,38.6806448734935
-15.7537698927971,-8.57906255903429,44.3885122396956
-11.4607067186674,-0.409194490982312,42.2468718292216
-4.04970692990952,5.13593593104136,34.0623157741669
-1.18241808008894,4.30058411945907,30.4528007110291
1.66231432723553,5.28826627438033,26.0587855353681
1.02367659431151,6.12517383015448,23.4904338897554
2.631646031577,5.69274141464298,22.8677395954449
4.33423813892004,8.27495383146847,20.1441433114585
7.21676134935372,10.1204385498307,19.3147938194659
9.10699780727538,12.2586493914809,19.7891926284142
10.2716035621746,15.7889503111182,25.0194870264392
14.316314912858,15.3743753240803,30.0357380955848
12.1518853014521,12.5623081537946,35.3927937815609
12.6874732692662,6.53207063968382,37.7455947393114
8.84727203296036,4.47717018846306,35.3618041270136
7.25529099911996,3.07951248187836,32.9060942127821
4.81862608337231,2.2623981119779,28.5753827067993
3.28181606954168,1.70533185384873,24.7575380863903
4.77470096387177,2.58218288716405,23.1532287391555
2.57109510520743,4.2872476921413,20.7162495948464
3.09236948721264,4.68192344705623,17.9265734705236
5.68147558860651,10.3362145331506,18.6226384555723
8.01578445588523,12.4731311025022,18.5965628150735
10.1045508478705,15.1314135599577,22.4632938729802
11.5788775150668,16.1446908533173,27.6361201958808
14.8283955722674,13.8806640464405,34.0004344298189
13.0998449135674,10.5454840133514,39.3033146952933
11.3078967784927,5.12565393133873,36.1464148215191
7.19649447801089,1.65113061427283,32.9279213574441
6.34143576971122,-1.48002683262072,29.6027132869017
2.00391688393175,1.65415534647058,25.0259914091716
2.85227026085949,1.92146936121696,20.9536389067287
3.45111956114503,2.10823220461216,21.3657245283486
1.88673064034659,3.27745018999299,17.3139741952608
1.43077376702228,3.73809050712038,16.1004900060914
5.61171562643088,7.2017060413494,15.712974249758
5.23990502112788,12.6410901777257,15.5281024092233
7.21421177987878,14.2654555731575,18.8428854987693
10.2696851338501,18.0761863679326,23.3931448512866
14.8958848123512,17.4246782314315,32.6552421383842
16.6336696502681,14.5144690431637,37.9114091021434
13.1077906934184,3.98038943899918,39.3414259648993
9.04805976530968,-1.36931508127138,35.4649552099595
5.77451969960231,-1.44035927413663,31.1395069249717
1.66609682972564,-2.03136922118393,27.4853611613173
0.0633541656030532,-1.4345851853737,24.5823494376597
0.215050590927844,1.14430595968575,20.4119018424674
0.310938585098105,-0.413671892934288,18.6101446305445
0.20606609598074,0.202995953789134,14.0091069867307
0.232624669312327,0.604389693335449,12.802682488519
0.91245549522956,-1.26362737542053,12.1017027425852
-0.0113643193791907,0.159386153729837,11.4175750244688
2.22670905333512,-1.94149028986627,9.55228078354598
-0.310097772228761,-2.20579427912959,7.59517411133535
-2.19621110383003,-1.26646963041779,6.80526790197271
-1.72467739970442,-1.96463750590555,5.60372792256162
-2.06202504636139,-6.00739896731807,5.52528543828056
-5.35875245849249,-7.98178429222561,6.22139522106733
-8.56992897323516,-12.2128813474103,7.89919356769407
-9.53428724702847,-21.328563633717,13.3474920420392
-15.8621752289006,-25.8071068473699,26.179143615011
-19.4714030385645,-19.3740478200489,44.6284267014888
-17.95234227834,-3.35631233391143,46.6402179112031
-9.68274775374838,4.66771550800775,41.3840325087971
-3.56386871147048,6.70674541,34.2445559996569
1.4784263520729,7.1366411297832,30.3140256158364
3.60797719800215,6.57040267147409,27.8726280538513
4.3272131896893,7.48479738231005,24.2373173276614
8.31648438746384,9.34061670095352,23.1313840412567
7.57897436794901,9.88688869890515,24.2482435682459
8.8197647941827,11.482848757823,25.1986663088216
11.3312523525702,10.8475623979674,26.8694741650389
10.9509155310657,12.5978750426804,29.358033709581
10.7395805657775,10.0616180050511,31.8411919366519
11.7689843837319,6.46754012337968,35.1195428886036
6.30973225318213,5.94845769396109,31.9708024795555
6.19890290189404,4.27085822513833,30.2327561196512
3.62812533229505,4.06760420831932,27.584483417044
5.56599308808076,4.90024247386158,27.5934040409215
5.60952263701012,5.2918611037832,23.5740146619128
5.54218670511344,7.26147132834465,22.4748781401163
6.70711640893019,9.75870066285933,23.331196727243
8.07317493569651,12.0885230117786,23.35679208545
9.99183565574282,12.6180297218694,25.1195302930907
10.1252288648851,12.2129075195141,28.5663886606058
14.7558525351928,12.9538459849908,33.1079483958262
11.4473034750864,9.53381512786298,33.5458334673219
9.54818914513259,6.26584003967021,31.9748263483673
8.90524006154243,4.84872840689494,32.7841657072489
7.29695922570049,3.99095268308544,29.0052376423734
5.17733624031755,4.8266517900066,26.4238091467194
5.12145788383205,6.48577350218443,24.3018241979
4.20378272029478,7.71536266770698,22.6017576243542
6.21832765275376,6.75756465804681,22.6994958570714
7.31904016764494,9.12106276734268,22.8176847704948
9.22546891286963,12.2896017391996,24.7479212991156
12.3576969563493,13.8135598508319,26.6683010062487
12.5652424944264,14.3970676810851,31.5322751220783
11.7828414698808,9.40088240358606,33.2027835222082
9.91378595074035,7.19203730649929,34.0841541235782
9.93004135660116,5.03265524871651,33.2927499487649
8.99622482820675,4.18682707281211,32.6270672783693
6.47830402244423,3.27765150273408,27.7795276369999
5.34364245147046,5.65622574044084,26.2674294109429
4.55409431077462,6.32119111840567,24.3900786178014
5.86138281887021,6.29366137543974,23.11885481979
5.05327331508641,7.27318492013173,22.7334583677313
7.04815697915013,9.89326532453944,20.473488734959
7.86334892271204,14.3474904732359,23.3944849576664
11.833851300149,15.3097870553838,28.4787937744917
11.6492536094829,13.9881919287701,31.1565249941202
13.4890873876969,10.3853675294976,35.6732084809075
9.96408950562202,7.60955826310603,36.5430875016927
9.98860851312884,3.66690929748365,33.3844170904909
6.11253563970298,3.23844501256468,28.9891150446861
5.82144407288687,3.74241768404187,28.2883088002805
3.1345089660532,1.79001185546924,25.093550783766
5.81324876621717,5.77378674925919,22.8687516120599
6.27773740636139,5.97959061500059,22.7834042908114
6.98792309840193,9.24792839910166,19.7563820524852
7.82397074549892,12.3514140028637,20.3081259958383
9.29463816143686,15.1389477904423,24.859258053864
12.7646727407557,14.3737609059945,28.016121870181
12.2858146500331,13.3519189588431,32.276128453381
12.8400183726306,10.8211029689511,36.6432272515056
10.5661419589858,5.77896325502755,34.2010845801214
7.27666452943898,2.39127039840198,33.090580244144
5.95025464134008,0.912522155223435,29.4946800885438
4.55948298727308,1.09377232573325,27.7529531080193
4.06487084708675,2.43716691369119,23.2756106877632
4.61185786418771,5.44598580981524,22.1307775035816
3.77442906908872,4.35541038459316,20.3045750419347
4.0727684283774,8.07154361814686,21.0279436066443
5.30826647647535,10.6916030120296,19.1011193436514
8.4112948966836,13.4259962391331,22.2803309692854
10.139629938612,15.7272992255608,25.0064031835995
12.347947228441,16.4173669030278,33.0512952350485
13.0879578705794,12.5580687384371,38.2130834358132
10.8022273991371,6.80818898247797,36.996303794699
7.77934681311848,3.93634881385729,34.0347353670069
4.47830593508636,3.61442216557366,29.0369859422942
3.29490945100813,0.963476977865552,25.6778582035307
2.34312464156012,2.86939793292093,23.0999032169156
3.56501970420395,1.69126807008846,19.9619383081105
1.70887221596688,2.87122129009681,19.9919291507786
4.36642551281053,5.46247289134538,18.001324229739
2.87150452217393,6.64057033391157,18.1803074743543
7.42225342248082,9.56990623616169,15.8721031279352
9.58633476028687,15.0599190564783,18.6453631837072
14.3359599227648,18.0759400335882,23.5762986475819
15.2238408852321,17.6250355687425,34.3904447278823
13.1666425264238,10.8815987311473,38.4772491765028
12.2820589674348,6.03075620036039,39.5395912324819
6.23562478320148,-0.258686033270002,37.4111051240587
6.7015094529537,0.547485656427433,30.3021994732974
2.17060100232506,-1.34270174280499,27.4816621597751
1.19943956575335,-0.938108745501598,23.7481031791662
-0.0338063400654187,1.43851991686768,19.2683069735964
1.5763502299934,2.06929863406949,17.346492384325
-0.238932428472416,0.346826056924912,14.881820023455
4.06506313861187,2.22031629912911,12.8684558782569
0.955552715199006,2.80573774368863,12.2083569600975
3.99223094281465,4.39181929969766,9.23140456802584
6.06304390265516,8.12118628087714,8.80353636190833
7.21936535576499,11.5642747011814,13.5579813964583
10.3853901523625,19.2497074715904,18.7696276497195
14.6148871067263,21.7302723551314,27.2947166510261
17.7244564593936,17.6430226353325,38.3807131540135
16.2143990915409,5.20112810968103,44.1237108798259
9.26034362484194,-0.988876875547679,38.9669776920524
5.71945579086736,-4.74106557938379,33.432105597491
0.232537232218054,-0.90236663227893,27.557982537858
-0.88661351966946,-1.9381155936493,26.3555382775848
-2.87774468984229,-6.31759226474926,22.6710124069931
-2.13725688538453,-4.39866551683265,21.7763985019588
-2.10399947714653,-9.09012018006913,19.0139365469841
-3.82304775605405,-8.42939828561437,20.3161287709034
-7.5144845133364,-12.5967313943329,17.0387576498086
-7.81515864198126,-14.8329999068676,21.7027336779698
-13.0717443884601,-16.4829110167216,27.6693616333267
-14.8950355604204,-16.8152292321356,33.3613844538151
-13.1027077162944,-10.2020959060596,41.6660678374889
-11.1463235914069,-4.41029352125758,37.2983931323748
-6.38273426905727,-1.15058149860637,33.3646257667694
-3.66334043063551,-0.595257785070515,29.7059428171188
-0.987041013349839,-1.1786742026263,27.9520202804268
-3.84014981854108,-1.23844517247262,23.3885532024534
-1.09489870656529,-2.46578608397804,21.0462403098178
-3.32380566944268,-4.93034912288641,18.8996084246352
-0.915418942564072,-5.22567943403631,17.1849751039793
-4.02722769252944,-6.27173686751207,15.0693034891911
-5.77684494404226,-6.63495768054326,15.8548681830406
-6.65177790121132,-14.624623152862,18.1488585078685
-12.3805906080429,-18.2196356129891,22.3472114081192
-14.9614477853252,-18.9402691436662,30.7352566282506
-13.3116190838978,-13.4458341970567,38.6295929676442
-12.7740381130616,-6.34431963163878,40.6395247756673
-8.7876332399611,0.66065378524086,36.6380370959801
-4.00715977574025,1.02196021910424,31.8803169857447
-3.13236459942514,0.685326242706432,28.6494616022564
-0.671930118555119,2.54164084633078,22.6365005543238
-1.36326062496589,1.52066981875597,23.0887977445208
-0.782019221109282,1.24714357621352,19.3543750088831
0.244841450564374,1.76037579560102,14.6380664980658
1.38269787100839,0.302632134226159,13.3550628909615
1.83769192082642,0.805447348434222,11.2081680053959
1.19500987452093,4.70634444148132,11.4299213940451
1.81518583248881,8.04659412610856,9.56316609226665
2.98339458822312,8.28194095687902,11.3562825825203
6.74459976118749,13.3818071963482,11.3484974060614
9.68220579600064,19.2928031732033,15.0799986857677
16.2596748776374,22.4167267644082,29.8700683149147
17.775080735471,16.4790860453315,41.4917353017061
16.7754878702723,5.46573805449339,43.5243502587503
7.80067981296127,-2.11525578065985,39.8816931750224
4.35441297494456,-3.61611047424612,32.8840472557085
-0.755883913081355,-5.28622267629291,28.9969999245476
-2.14567393361745,-3.78227937807497,24.4877483163271
-3.79141766578207,-5.21066709925907,22.3377828857687
-5.18079730197594,-6.20824338327419,19.9444950518718
-6.23891341373968,-7.83265886362403,19.1989578621187
-5.16174180717907,-10.8304405935999,19.8451225294527
-10.5640189866311,-13.4466634165665,21.7616819924224
-12.3477569102781,-13.9943775431843,25.1962808159842
-13.3374671497789,-14.5542766298699,33.1464279350202
-14.094285026923,-10.4943672677601,35.0055288523542
-11.1555569803151,-7.99925777198823,37.3739055238373
-8.63549310922863,-1.38772213866161,31.9866893600555
-7.43065645833863,-2.99252782412102,31.2021906093245
-4.84932655289126,-0.423603562680515,26.6599874471689
-4.66488060713578,-1.56871760394001,24.1435287360916
-1.96157952708934,-1.62583502112676,23.0897866435343
-2.32274643121338,-4.21414760032841,19.4803633058507
-3.07647034239575,-6.17117932703046,16.3745228120954
-5.63318042720668,-8.85412572747295,17.1930218763845
-6.22979493277849,-11.423438738544,15.9513716380489
-9.04000271801646,-14.7457091177901,20.8251313610759
-10.4248186714806,-16.4981673649674,28.3375751722576
-14.2542030672334,-15.4483237931855,34.168651755289
-13.9820086914659,-9.00465135113634,40.0434554375661
-11.3656811824442,-2.66556379818734,37.980266580512
-6.21242629490398,-0.647000021262427,33.2993951975869
-4.60497077200539,0.18150440004566,30.8917708472601
-4.1145399887749,0.609240912865646,27.3375638512495
-1.31500782842885,-0.857481501219623,24.0097038886325
-1.11957569224983,-1.51045857212826,21.7197633595247
-2.67699507836814,-1.66317562154884,18.6701013268579
-3.08008141883259,-2.81215895832214,13.909682388098
-1.11179317355503,-3.87923115666704,13.6316283004933
-3.44711120114429,-7.75544200743962,12.1557223666647
-7.40131445311295,-13.1978827338624,13.0648371074318
-10.7255648393202,-15.7865570456074,16.6424478665703
-12.2766931079986,-18.9562486195231,22.6327131235021
-16.3768600960256,-19.6187890811943,34.9048434165603
-16.8084941174115,-12.0969523293563,42.3912300983352
-10.3130446513233,-1.46945078448696,39.3013228735222
-7.05170497105155,1.50400346252622,32.708211894832
-5.25860419892951,0.776875571215737,31.3116250739237
-1.46573770035274,2.36409634577237,23.8084974919734
-1.80336431545993,3.13508908851792,21.3056186672614
2.09080482776031,3.407577686309,20.1302747439047
3.13308306575003,2.79897636445355,18.9254478519897
0.964668157736766,4.44845372148081,17.716618622735
1.89501781250551,3.76839517851941,15.8607890697461
3.91871848436,8.86448291286833,13.9095991367524
6.51249564147321,12.1874397998219,12.8874184283897
10.5288338417914,16.3923177880275,17.1291011332593
13.318188172609,19.1656217080257,25.7318472785916
15.5587807252918,19.1529887994703,33.5173846765062
15.908688765932,10.2472716238688,42.1686762698005
11.2577014306326,2.9240222242693,40.0717286680002
7.66174438686206,-1.50260689178605,35.2519143167723
2.6738838452853,-1.77827927901389,29.832041544087
-0.191503420359816,-0.311332753036325,26.208268021886
-0.291568324966695,-2.27018210687119,23.7776387456883
-0.511059369128331,-2.40960129084998,19.1274881485449
-1.61425938227428,-0.930317714224528,17.468888815031
-2.43934077418763,-0.998381873040775,19.2652382768932
-2.27767746605147,-3.73506692255464,14.1406449240038
-3.52085517781427,-7.63208665724388,14.6135265089028
-7.67738030047027,-10.4286958451219,14.546231242166
-6.31356024365831,-16.6988617076368,17.1260782768477
-12.3676980101474,-19.5953666360405,24.4422142565942
-14.1952433962715,-18.7046628594921,33.436043343908
-15.4050456795693,-10.1292395365418,41.8736965127546
-11.9305607160417,-2.05607499429528,40.1952757644779
-6.83607271444604,1.67243392074009,34.8732796321949
-3.86057328514043,1.62311449168223,30.3578098347109
-2.41382386805549,2.18739647247144,26.6534138009029
0.54117564779844,2.08670426344309,21.8415161001897
1.69585046148663,2.66661854583702,20.5251385219491
1.88505999970406,1.69631450242296,18.2340592116767
1.7654033400957,5.59538167999974,17.2860538821745
3.87110488817444,8.55675495880931,14.1737008165041
5.12174096702144,8.87987392279961,12.9333092602638
7.37145438866476,11.882425166272,15.6171192584491
11.742843955184,15.9717089276181,18.289526481625
13.2723109091105,19.8228426942058,25.3998070871948
13.4400819483564,17.7569226634796,36.2927878292678
15.2126374370844,10.495886124731,40.6034671677973
9.85509768218598,0.215354553927936,40.491474056205
5.48239097608129,-2.48225466559062,33.9064379577942
3.22333863196065,-3.18450218991239,29.8762833411339
0.935323397298341,-2.09386032368085,26.8471956604407
-0.588923261062352,-1.99655660005692,23.5472687147109
-2.83643897646827,-2.41448269703376,19.5447235052099
-0.830456396308352,-0.912833974140317,19.0204931843929
0.24550042249765,-1.58066773766484,14.4495598488527
-2.95227728731969,-2.27201384718556,14.399707190509
-4.71276207842271,-7.34773331632088,13.6965520971526
-4.18546788110531,-10.0355772271634,12.4857019362189
-8.50730502967873,-12.9635616347062,15.6766415765277
-11.3548287995105,-21.2738423672514,21.1216359721205
-15.1418420246811,-21.4336872234594,31.7545168688519
-16.9888357049005,-14.6813852440778,40.4988269475447
-12.9936138175342,-3.48282573826273,41.2490198089522
-8.48194340196043,2.99326822599304,36.3895984264255
-2.73142861517,3.97116974607285,32.1566407411848
-0.469524559871994,3.956770880746,26.3293013569382
2.11148896052636,5.31219755252314,25.8767216773378
0.669469738558547,2.59746005813817,20.6778957957186
0.349048009289525,3.88469840799635,18.2344200962637
2.73744340584966,5.50207083676723,17.3009467736635
5.18008572428413,7.26394692477873,15.0996558616005
7.96831013134932,9.86552788836354,16.3417350639796
9.36554174115265,14.162292796926,18.6117830820746
11.1079513377616,19.6591833040903,23.0122508946593
15.5930345048027,17.9917986276552,30.217519989568
12.7382777336431,14.3094358063954,39.2450650784753
14.031340243708,5.50112287561306,40.0299616976522
9.95165873044439,-0.952684942300315,37.9558840022685
6.39979576198881,-1.58060627043164,31.5204159378187
3.41289333333058,-1.23385368799435,27.1306398014975
1.93246689320359,-1.14831051491183,25.9609673906691
0.401459812833261,0.78142239532184,21.0226924904508
-0.0581271757808187,0.878639660855531,18.7506636957309
-0.172767902773539,1.3098937577968,15.5917755447873
1.33448556953419,2.38708560334983,13.9627268340095
1.50968044089394,1.4639580375444,13.3399950138175
1.46661492480057,3.35073126575855,8.93156505521519
0.661757276229195,3.29516342681612,12.1981683250795
1.89645545755106,4.24019567556658,7.98392571195874
1.90966820452157,5.77026772944851,8.67258793102023
5.20686817543131,9.32242587010337,8.55653731554863
8.17891396715149,12.5790963227153,8.68574777231344
10.6090186085735,20.3437119460596,15.2264982680318
16.0169510289481,25.3380062169041,26.8588445977739
18.4608400460322,17.6110863462237,42.0858754404409
15.1447275960207,5.04501269970188,46.0283508748655
9.37202785351361,-2.94640993518587,39.0048312209123
1.29030751331423,-8.43261412276872,32.708142318214
-0.462907015245986,-4.38663317085259,30.1763677677416
-2.86751835130934,-5.66370329108779,26.98706272854
-3.1650306635034,-7.13554136154085,24.2281179030312
-5.20058150543158,-8.26063787722222,23.1750328863361
-8.59538844478969,-11.1422805344743,20.3098604665049
-7.92311896028317,-12.2411740045136,25.0596912790933
-9.58563627582135,-14.910310162231,24.5783251418195
-9.83365751529894,-14.7716395433919,30.812813980812
-11.2743509849808,-12.3176541577061,33.2618134611508
-11.953086022348,-9.35312199278302,36.1782192135958
-9.76826984058701,-5.38811042986142,33.1245382123309
-9.03003345225814,-5.72285950201961,32.1576229899826
-5.78885316463251,-3.29101701154055,31.3627959423345
-4.88814544151236,-2.36621602947336,26.1730251934969
-3.85962361393641,-4.03203157387233,24.1832375930211
-4.4663345101791,-5.94426280870128,21.6402720164937
-7.97256940366844,-7.60763330259846,20.7022571593285
-6.80286992709823,-9.26461714118914,19.7774516311448
-9.53478247523818,-12.2139604734135,20.6694113227794
-10.0156365338655,-16.2373359219173,26.0434994878648
-11.8762765650578,-16.6430112379993,30.1118876508894
-12.9773004373394,-11.6338934862455,35.8254854619819
-12.6123516979464,-6.38132891288233,37.3515776052065
-9.64426678085226,-3.00675440549524,36.5026106973264
-8.52695822489716,-1.57740156166976,31.2364989208973
-5.10866858064656,-4.18764216285738,28.6024156549799
-2.89929371832657,-3.58572467070581,26.8553486973579
-3.67375567875977,-4.99806280620195,22.719990420532
-2.90358439265571,-4.50722497128096,20.3640195190567
-5.26627872277841,-8.40283890207457,18.3130925309796
-3.32799468154939,-12.426712998508,19.5499842539161
-8.61478137199139,-11.523044560068,20.0593529046819
-10.7038686432732,-16.0707355120354,26.522520680392
-12.1833550235144,-15.153853612464,29.8016829608652
-13.8906147344384,-13.2544996017495,35.7742516820302
-13.8631387173006,-7.88886604281048,36.7999090879667
-10.4415036188504,-6.74607189695585,34.6283977507413
-6.03379464419587,-1.48880156436878,30.8770656028136
-5.59916089750409,-1.59323855968521,26.781824762614
-5.53005632309167,-2.78398956664206,25.2333057505965
-2.10388473392667,-3.10449400992133,23.2045858578173
-2.61579966202167,-2.85889880584629,20.0103899679625
-4.5762707671017,-6.51824217369729,19.4826925607673
-4.68493943033907,-8.56530656011544,16.580003623773
-4.76484497605471,-11.3476380437851,17.2863309195115
-10.5042560559876,-13.8010975006166,18.8976878871611
-10.7516800840454,-17.4642559003104,24.3328810092881
-13.038617901186,-17.1216608635119,31.8863686668839
-13.5199295705773,-11.4457918632518,37.5947596692011
-11.5477298629063,-4.79172448294403,39.0677940192459
-8.73419620252619,-1.70578104558515,34.1898821579184
-4.53877990900739,-1.49124976348458,31.0452116111768
-2.39699936415173,-0.797830397381698,28.6801090312114
-2.60364641293767,-1.40561091537588,23.5845016413384
-2.87485478929143,-2.70212436838514,20.5851682732887
-1.5194055510917,-1.56711768860093,16.1695995374406
-3.25847770149532,-4.32379092923397,17.0004682359074
-2.10887441440659,-3.45581667634884,17.0148754319386
-5.62314576206754,-9.02580319574152,13.9354979486001
-6.46589779265061,-11.2199873503161,15.8200013659115
-8.42570675602651,-15.1529172831482,15.0390300554069
-11.2254987961295,-19.7879174198617,21.2373045159868
-15.4890929833407,-18.8464331216828,34.0788595043708
-14.0677214527927,-13.3132038218566,38.2065897520075
-12.9725083673235,-3.96504591649394,39.8771944161817
-8.6893879081313,0.462397953751492,35.8634508076532
-4.13531317923659,2.3606663062518,30.0917802589873
-1.78123929593182,2.51260705874082,25.824521708722
-1.50194984087656,1.57231117842239,23.6382497637995
0.657418911325396,3.17196447696049,20.4244296030857
0.86430127819644,1.73293166663893,16.5219879640229
2.53311303250278,3.25682634643988,15.7017882698008
0.434807633096358,5.10769407825493,13.6764425377869
2.86190183809926,5.69179578755547,12.6087225873156
7.30315398446859,8.62714751959439,15.527143859206
6.59564031451426,14.0709580807726,14.0118702465118
11.4963019609395,15.9250860145479,22.4812572153247
14.4758106319321,20.861842706826,28.8176621668658
15.6821744058062,15.7904064132863,39.9986671901781
13.2690790868232,4.49367977591654,42.3307984993541
8.26422964800386,-0.493982497372642,37.5834814447832
2.06713030635672,-0.619850711277831,32.7151144673307
3.15452378866438,-3.70056818763424,27.2081154557622
-0.343335130650753,-3.93905997223753,25.2440044807788
-1.00869411390443,-2.44149912652621,21.8773062071146
-1.3984212860358,-4.33881826335313,18.4009456986699
-2.45302401463596,-4.3921191826837,18.7390238160072
-2.02197834941577,-5.71660560794709,15.4109686672077
-3.95559414532744,-6.20979579440919,16.1642931461977
-5.99824060409388,-10.4411054119611,13.6496575957211
-9.81855819017281,-17.0434936564127,18.8614709040384
-11.1596494272811,-17.817802892867,25.0407029699958
-15.7755083086216,-16.8490796954103,37.3950249764994
-12.2420146414876,-9.50652090857294,39.7417633077831
-10.4368740116766,-3.68581978344188,38.0303236396763
-5.7807357906893,0.35093891097947,34.1507916968591
-3.76272971595376,0.376738675306711,30.8931567738111
-1.51740090626675,1.30278372897165,25.7248076573015
0.290159556691231,1.38734251266706,23.2999998444487
0.0955566487974433,0.963002634030443,19.1529453411858
0.23296868955918,1.03757031137835,17.2419869682293
2.19282949013655,1.68232068305684,14.4626936720395
0.109707627486292,2.30914975208072,14.0810522008007
2.85191418628649,1.18531162778217,13.0151055944952
2.51863144795806,6.19112565089598,11.6955359173748
2.88084003468951,7.52850040088908,10.238206636206
7.31486339420621,11.6683651436298,11.2378010195339
11.3129525805506,18.7070979977516,17.38586047758
15.0112961467403,23.4212665937042,26.8473379966576
17.1141745868338,19.1202674159326,40.1404667600975
14.7749064683928,5.96782887597986,44.3256129236956
9.99110766086338,-1.35886403144305,39.6116700332004
4.33552221509153,-4.52979354643193,34.9428987141368
0.412821181064003,-3.33265863551436,29.7066972355002
0.834128809989166,-4.84536178482828,27.2066609354378
-1.29351354899996,-4.73901936895072,20.5624396430306
-3.64346467524858,-4.63057200076702,19.0567911467384
-3.96069109787101,-7.34101136414977,20.5436885833892
-4.04792822247453,-8.61538880564222,18.4823478256332
-7.43941617938265,-12.0120011810598,20.253738589224
-10.365545658524,-15.23465764494,22.9880839625062
-13.3684445902218,-18.9320305792919,30.577053043178
-14.186629474259,-11.8734914337944,36.9254059448034
-13.7293901439264,-7.89036892306246,36.4510632753245
-8.36590084164953,-2.98262592572204,33.6160635429134
-7.87952814177977,-2.10030158704097,32.4801424034649
-4.96236375057389,-1.56454467238462,28.8128240029804
-2.59930284154837,-1.54163022365318,24.6348130870155
-2.33167638923359,-0.744007744457895,24.3111449306673
-3.01380175446353,-3.29713955416935,19.7452871960687
-2.00908677822745,-4.75132749745473,15.9178319958266
-3.43008233587847,-5.76387127382751,16.7605700755158
-6.18090955125187,-7.8500521105308,16.7113814898228
-6.63288381300057,-13.0061254696468,17.001265943135
-9.80726229749013,-15.4557021554486,23.8033040035306
-13.5831830441441,-17.3947002685946,28.949234066751
-13.9912906358187,-16.767401243239,35.1955102028205
-13.9105408337114,-7.53458995003432,38.6669382184237
-11.2097875916669,-2.29484299794304,38.2852776499737
-6.06602729421411,1.0190846384581,33.6283156047893
-4.22861531655426,1.53155341953533,28.9743638482903
-1.53746274067767,-0.147186596926295,26.6092934001545
-2.48943846728774,1.08740044015823,24.2082581756294
0.1232471823695,0.240404513734372,20.4354800753786
0.830079192950814,-1.75903716754465,17.3545381899481
-0.0972488828859682,-2.60146829342565,15.244744620326
-1.23338941750144,-1.70380488737724,14.3410607341128
-2.57637882840974,-2.50729102947148,12.6278537744654
-3.10173098281383,-5.2972985668955,12.175323567884
-5.15855849508668,-6.98300896423915,11.8951908860859
-4.66865019758941,-10.82337501421,11.9986472427806
-10.0417290685635,-17.7649882973813,13.9379142546018
-13.8364204189541,-21.1601281595319,25.2402157880646
-17.1460929117226,-21.4257177236791,36.5605037957939
-16.5784847099475,-11.5112722693325,43.691078174386
-12.1806584744296,-0.277416540581669,42.0918963483023
-3.99899606075399,6.809237910264,35.75083047406
-0.495714801170285,4.88454652940191,29.4489308912963
1.35143951162357,4.40909428306914,26.6895898328025
2.20685731224783,3.99538544425041,24.4822850644049
2.81053363789578,4.12964256745718,20.0710459049482
2.32811013518823,6.50278282363121,19.7425252335792
7.35782830886171,9.0538901033233,19.4132671645302
6.14561226807307,12.6082063397834,18.8705097416004
11.5566714783899,14.2034000948341,23.4987814679099
11.8662104768239,17.0926733683422,28.3566000771405
14.3991571843241,14.1569436764687,33.8760478057186
12.6485708487756,7.92127429234581,37.7866980049152
10.3618379686596,2.31784274378608,35.2468817509575
6.6278155257795,2.71873364396382,31.640749614389
4.40113790811678,1.8503722681429,28.0024518801158
5.39202454022034,1.5719828265029,27.8764641640798
3.56463690080665,3.81842610791792,23.2212542468725
2.14765406909836,2.9733478104786,19.4686275506315
3.88301704295563,4.22387236745081,20.8048844020332
5.60202355588887,6.42690547918326,17.1514726619733
7.33884484585968,9.60145180634416,18.6416012871507
8.48516802760273,12.9772919670791,17.1298255676359
9.47204861825677,17.2859717761435,21.8877533219205
12.9156621553026,17.9926627559377,29.0762727695007
13.1412728527821,13.0627738654082,37.6789080143255
11.7745690069639,6.73912280663523,39.2495729365192
9.73656550984731,2.7409090891818,37.0470770813526
5.70275383396357,-0.874734259828592,32.3719826147128
3.58567540889653,0.201273428981844,26.3733325908561
1.73472479312867,2.1848252185791,24.007885050979
0.289673589894902,1.42248705677117,22.2619024830198
0.772531752371213,3.01028724787958,19.5470463084571
2.03320143932272,1.54136280039447,18.2795350603943
0.81065943782014,4.72428112708874,14.8246085864685
3.56781611187096,7.00215128788134,13.3786129673591
4.04455445622157,8.14314734820205,13.6941532028995
6.83862881592093,13.7777050207436,14.5694512277299
9.43113723095985,18.4362757917999,18.5862704978589
13.4323506462858,19.1322763469026,29.0034654242355
15.7217082577514,14.7780678690442,39.1185197012966
14.5533929354346,8.52007579291092,40.8755874148014
10.6313332447417,0.862179249100368,40.0083110792824
5.33249441042379,-2.15200242683962,33.1196079253783
1.77443087258056,-1.53191970173293,28.4533260344865
-2.05800593771017,-3.14347692718805,25.8806617182826
1.34198417636832,-1.79982788585233,23.4475178709374
-2.76100244137825,-1.0881384168105,19.3287454621042
-2.14832033884538,-2.63000519520655,17.6649312973019
-2.29898694991352,-4.01715516695511,16.5120893034129
-3.51173279029347,-7.69735432321789,13.2956778117266
-6.03016876087336,-11.7447451343733,14.5999603743348
-8.95394063109202,-13.6947487481245,18.2549077992747
-12.810404820466,-17.591172600692,21.9591155739866
-13.543756357649,-18.1665345706847,29.5177192063715
-15.5682890350125,-14.952447693973,38.986918785316
-11.8799623603678,-4.15362135328065,41.5286519016323
-9.58011404940938,1.36005692176642,35.7172368312253
-3.55337420134194,1.84154563767053,32.4514224681262
-0.483240256156711,0.478478061191814,28.7193703985027
-0.424860005421908,1.16710527167776,23.0956823169671
-1.3836744232071,3.56734350722217,21.7120418450655
1.97491072713725,0.00924303969191231,18.913052952427
0.695880023358785,0.888924879114608,15.6010713762226
3.47963010853376,1.79520644623179,15.0079447662574
3.12158793263952,5.52592767430974,11.7454112499887
4.38725680737433,8.0582254301763,13.2615669280418
5.53792220935088,12.1472454640114,11.7201178162904
10.1163693249842,16.7976985539597,16.9846198025771
12.3708045183182,20.3319830861482,24.279642791659
14.7768958987964,19.3107079682913,35.5163969558891
14.9771966962138,10.9316838244317,42.5397810039133
10.2123869466595,1.8480862268274,41.5125666020868
4.64634530686639,-3.24939625147314,35.0982875109642
2.24124524386424,-2.37917127601564,30.7875575860463
2.04860297360929,-3.51401195881604,26.8919611450916
-0.820779763891858,-1.82683351166295,25.3664120740934
-1.10801704257542,-3.65033662048395,21.0300525616411
-1.32540147947869,-4.31026124829001,18.7048987021959
-5.34721286868054,-7.44942621986399,15.1928397316253
-3.76266193901946,-6.48806031999306,16.3017140329959
-6.40140415651433,-11.5982579747809,17.3020505199382
-10.3328105472622,-14.1664679477642,18.5841620137449
-13.7612285031157,-17.1124526629449,26.3918197179149
-15.9887495524308,-16.362142429553,35.0497433495742
-15.3829231974817,-8.66816368124911,39.9268958088345
-9.69425262481674,-1.84348297371347,39.1618185898286
-7.53943332536345,-1.3654257752608,34.7468598262705
-2.94716299340795,-0.509471609026127,30.1773297754461
-3.69260680225291,1.90253125678103,25.1255331255926
-2.12091655313204,1.32594292915809,21.8237146239392
-0.626754969948691,-0.551178547073204,20.2041930478596
-1.70125791985219,-0.459580762256382,19.6079023220443
-2.06897597820275,-0.576624546661948,15.7410060726845
0.365710161344106,-1.36426935227991,14.0797359275412
-1.90337252937848,-2.69512575207987,11.2328875545321
-2.28249308977245,-4.0792170857583,10.1013574980438
-2.18469494212704,-4.77743059254797,11.2262602270003
-5.4146574433814,-9.92944812553813,11.1980676280384
-6.11121951143789,-12.5036355512386,13.0452834903085
-11.811887072475,-20.0953937065436,17.4207886446797
-14.7033736085895,-22.410399879086,29.4186189502037
-16.5962812834486,-17.9216500524902,42.2293650149973
-14.6692133370423,-3.81923399233217,44.7019377173804
-9.92306762141359,1.95323189547072,39.3324631713041
-2.89673837695416,4.83911718240114,33.9687514664517
-0.16418763370919,5.41514440299904,27.6266617850707
2.79623149653712,5.44297709113575,25.3438434892324
3.338299724877,5.19763484545156,24.4037614563747
4.43767451149477,5.52678959457885,21.312404468546
5.57890849739661,9.36911497985625,20.0198580770402
7.87256060363591,11.9357816392076,18.9508073854043
9.79741787355778,13.4747762065828,24.5471827436761
13.1522865536506,15.3152562126564,28.4708628411602
13.9254188407504,13.510358930483,31.527416755941
14.1964987718984,9.24527906387821,36.6159635264148
11.406841851442,6.25336058344921,36.3972978657103
8.87639678113455,2.09109073763706,32.9256495456542
7.1077091379038,1.50442874230921,31.6576571903397
5.13967659933196,3.0377492140617,28.408878234549
2.17552227167736,3.6682337181357,22.609294901674
2.805919415344,3.83680619335836,20.0723548827587
3.05550077672868,5.76722638874028,19.1423922106873
4.19177019578939,7.75032819980463,18.9098480968159
6.58855031384447,9.59762467193241,19.0709889079428
7.5646210064393,12.4124142091117,19.2151833558467
11.2010951772927,15.955733158773,21.7976010460248
13.0678006971184,17.1674064672882,28.5137096186162
14.7698729310216,16.092113403189,35.3970781853143
13.1988017569588,8.14378531403223,38.0804107524973
11.6685844641196,1.48955759329021,35.5934852706835
6.60875787423474,1.07564279879419,32.8156481908317
5.00645562920854,-0.444015651776533,29.0565461611651
3.61607205800651,0.285240244069295,24.1071626921893
3.31737407350064,2.18102537802652,22.6464534335546
1.18151368958384,1.49376505005112,19.2718360457465
3.31710953950753,3.43045220002582,18.2578427475977
1.7075382489664,5.51286733786364,14.9278779138493
5.98476130013925,8.26992701926224,14.9736997661525
6.027131356556,11.710618973314,16.6246686079316
9.91450464370826,17.2428312813521,20.4038757107306
10.2174142530772,18.6618638200734,26.5385467089682
14.5489381883003,18.060600506416,35.5724688327968
14.6471481640641,9.7648623416337,40.5356751841678
12.090124045917,1.41683295379065,40.1155916982144
7.03117584406069,-1.14828484526773,35.4269001175947
3.72049995079435,-0.973346083860177,29.5566480459234
5.18476086399309,-2.67955354744737,26.2098708913497
1.1568555672818,-1.23208129211114,24.1207542913042
-0.304761115166707,-1.88342636079604,19.0355120315384
0.815874666379234,-1.23990159006593,17.9339572050602
0.469264909070795,0.514272260388833,15.3972702213641
0.870193361219732,0.466572740955671,12.291804118268
-1.46427016838738,-0.847633931529656,13.3211478319972
-0.399045955748462,-1.61289190666336,10.6104406575952
-1.466825028345,-3.55988628408257,9.37990165675146
-1.89808557495056,-6.05993239124234,8.5871049633095
-4.79919552069288,-6.88227433194374,7.58955831700472
-7.49671512470656,-12.2392301785618,10.3101557126225
-10.6663300724978,-19.0603298825585,13.0418025070656
-14.5059458271024,-22.5231698412961,23.7642152095536
-18.5474472537497,-20.2543327349651,39.1314012669131
-15.0813276034527,-7.95426927130954,45.6638396625109
-9.42047148316263,2.41997380977577,41.2649036832827
-4.77099002821401,5.62402330192495,36.0229910548063
0.144275257002108,5.50981420075166,30.8588187934953
3.41295553514531,7.12550763907708,26.6173316168364
2.93286333838893,4.53030531517178,24.3433600194637
5.40844144416722,5.70451403817329,21.0397273084875
5.63905350367125,8.00941958720577,22.0762320567386
6.8206446583302,9.92623322180227,22.4063306636272
9.67563196884749,14.1319220727536,23.522056895156
11.1215802756532,14.1680436879441,29.7743810240342
13.1362849069943,13.1962542021742,30.7333755986538
13.1064981771782,9.94682198646811,35.0643643167968
10.8858339576946,7.87986512288898,34.9939885865476
9.12080234151957,4.77716918614031,33.1210894903094
7.19482530393065,2.23147618112643,30.3405693959171
4.85561986316763,3.41426519156694,28.1152321670862
3.76740123393406,5.23182791496139,25.7597344146053
4.74971605584266,5.4380705793558,21.3633539747845
5.55202749225064,6.42340967642049,21.0545260114436
4.48377058815789,9.29077376070846,19.7568149569099
8.61838685570906,12.436380312673,20.0522574984877
9.47459373972161,14.524922463555,21.4986260013772
10.951582514329,15.361602694332,28.0058118490198
14.3344377551795,13.76910786849,33.3701342830598
12.4362610118325,9.56598233497921,38.2253164692407
10.3837118888086,6.14881026209087,36.3195769578195
7.60907702031058,3.83787807738821,32.8569470882225
6.00340854697001,1.96645617052405,30.0140217706983
3.8824671423126,4.35526376342991,26.2957654629373
4.31852873553145,4.01506171944123,23.0246341207356
4.29630296531385,4.67345086081168,21.1172863850797
5.6933156794237,4.70126768444045,17.9169532101551
5.1287652761869,7.5218181510683,17.6146252517924
6.85704522947411,11.7482300076343,18.6153933388862
8.6676659652361,14.6520288279883,24.2977761217708
11.5815466795035,17.6286467793062,27.2163695276418
14.2955404287707,16.1566359773258,32.355217913133
12.6328982220241,10.1982787183729,37.2456963228684
10.9478329917385,6.6852687495099,37.0189527393785
7.81498993844863,3.50145301021388,34.0592399662459
6.6269892557289,2.97343254032452,29.8350217232736
3.28425159492197,0.622509544292968,27.8131550576417
1.41265751671437,1.1993153544491,24.6165835708968
4.56891468887662,2.8501707709384,20.916437936675
3.90483966987043,5.5365110315075,18.812752936138
3.30236301243694,3.95190441133966,17.9168711325001
4.98700339007736,6.98763245912473,15.3917098553027
8.37148073597506,11.5741041554118,17.3103054864342
8.25497865808284,16.0978596930948,19.0213654640558
12.1498258352164,17.8610025235427,25.5170085655528
15.6368323828612,16.5247529128146,34.0001262416002
14.5883032360241,12.0040279144449,39.4436110303945
11.6547600398223,4.32333351516392,37.7803543868554
6.67728680830499,0.431083406272251,33.4415679274999
5.70813586642761,-0.116566449595861,30.2419703852891
1.42522637136389,-0.119927436480841,25.85784955906
1.24037525009002,0.0648757090011197,23.8676346340834
2.00797020093841,1.49404917798445,19.8501666687036
1.23697078816985,0.843636640165337,18.2737856949561
1.38962150064924,1.14538061369386,17.7070924043099
1.02984312262745,2.40467482440785,13.7900172473727
2.12834812097643,4.45788066836776,11.744695861502
3.90552324965033,5.33079353094852,10.9169208443448
5.62889647224969,8.73566029224778,12.5315092830074
8.24309963148401,15.0789388465678,15.115933916423
13.8701169396174,20.3004982680333,21.7627653908154
18.8361335102064,21.564708313826,34.4714319689856
15.4245557102143,12.3427967424508,42.4261988508348
11.6373454216905,2.32224170553555,41.7384970139501
7.60421764113707,-1.85720824966114,34.4540420121585
1.40524728758035,-4.1308582371906,31.7005827241763
0.0852546291223509,-3.90862254578893,25.7890532905132
-0.0813483544099709,-3.10287572497294,24.1305766804924
-1.54997567282918,-3.70491624555075,20.6469879332895
-2.53498491876317,-4.81517701416819,19.0154318201278
-4.37857951343215,-6.02128609526378,17.9367639877769
-4.97188170955631,-9.18483843997756,16.6559630531862
-6.70020701654146,-13.3277616125562,18.2633764705018
-9.66376907506229,-14.8415432623608,20.1669884060039
-12.8714008450997,-17.8186971811783,28.4928768472032
-15.543816992676,-14.3392695923001,37.5986652642166
-12.7341085288005,-8.68604768393623,41.2724458096814
-9.50364854394041,-2.80398901606689,37.137037742929
-4.98009122593422,0.14369868815714,33.9729874587766
-5.39943803819041,-1.82480973500695,27.0043646010712
-4.28451241337132,-1.60014904034775,25.138051406689
-1.55083035013585,-1.02051206505559,21.6943234451312
-1.56237838808262,-2.29933021085476,20.3201135706372
-1.96145732745113,-2.77790340997803,17.9586978916464
-0.975808777044138,-1.86657233352457,16.5778642238447
-3.75285966516934,-4.83312951860998,12.7238094555919
-2.40393477602689,-8.44941397297077,13.6920347859838
-6.02756253668832,-11.2421129157909,11.8710928743542
-9.11101017285366,-15.795445799037,16.0617223740401
-14.1925772547858,-21.3262228472547,23.5701881478027
-15.9750378059168,-18.1632428932794,34.4942740363997
-16.0111810019366,-10.6245224962425,42.2317590437607
-13.1926780600497,-2.93514086972843,40.5907600881849
-5.54445330762111,1.94024135896431,35.5447925954714
-3.50790254952477,3.53484391882642,29.2387900113254
0.982760561731218,3.88148799942735,26.3849894787304
-0.58976320087741,2.9761652136764,24.6076562106989
1.81828225743487,1.44097136537862,19.788839758344
3.00552717033781,3.75057673935151,16.972396620704
2.24677770843617,5.81308342272291,15.5046905252894
4.82106641498175,7.19439914517455,14.4927920816866
6.08150894770403,10.0911611892909,15.7820216714715
6.2173874721097,12.8467517991791,17.5261413241843
10.4430529427712,17.0933895683498,22.8652917011352
14.2459293453686,16.1452018477255,29.7555822185049
13.0559950483483,13.9802815817323,37.988889903117
13.0863575546734,5.77768985879206,41.9597421941551
10.4178775754388,0.578087293230474,36.2770127389244
5.35514874329425,-1.6049871064153,32.0606730034865
2.91315658383358,-2.10955582267677,27.9157660288808
-0.544590133288219,-0.350946743616089,26.4837106004401
1.03002640517471,-1.24157959787617,23.1956036015429
-0.694584556714992,-2.33965006707532,18.0908711504508
0.447916680388107,-0.904054491707069,16.8935294027446
-0.202992186247163,-2.02384682696186,16.8739494674991
-1.91426812508782,-1.24657962362571,13.127991697586
-3.34429652797113,-4.34044428950287,11.9401495148999
-4.0089335567979,-5.14412073071451,13.8502382793118
-3.86797994245351,-10.1885477968096,9.92409559718619
-5.68709890447029,-13.1390987415587,14.80747992295
-11.901989334225,-22.4045480209552,18.9901450341268
-15.0843072171914,-21.2727944910283,32.0959900917391
-16.0277880543124,-13.6463519064833,42.8398391407291
-14.6159045407514,-2.39310765265845,42.8148843629479
-8.06153183554443,2.49371005555399,39.9505631644325
-5.14014558683712,4.62254631313669,32.2080655550705
1.0450077656542,3.15248138667404,27.438991318664
1.737653560108,5.91033864743519,24.1673862722785
3.49539133468199,6.28070974088356,22.0096361965929
5.84584301624759,6.71988966160733,20.9459391585593
2.63935440342294,9.26642292065074,19.3129191844985
7.21450477996083,10.7872983350236,19.4034289855989
8.17468535941749,14.1715920207053,22.8915745163618
12.1035232379635,16.5038480974426,25.2304239580783
13.901440941202,16.6179221223141,32.0329876614747
13.7859850165831,12.7027558253318,37.2536471356405
10.5292298280319,6.97125080022323,38.9561405284442
7.99814751238758,2.39700532929169,35.743596224983
6.58189099112886,2.87311321802257,31.317723439116
3.19604320088714,1.13936300866472,27.4284123926461
3.9754602344598,1.36839015124094,24.510999376346
0.722726804698824,3.18843069333714,18.6743427603476
2.79023514781077,3.4496416705779,19.3726337405566
2.97183675742027,4.92645496955036,16.2756619208936
3.76945428627441,7.80832741564689,16.0588426402698
5.29210817046557,10.147532569083,16.8470418708534
8.72136444803208,13.1649668328559,19.0305967495053
12.2783064982517,17.7380677462391,24.8939981860356
16.4313659832375,18.2884628776068,32.8988249059144
14.3550404533679,12.5354439787918,38.4519448415753
12.4226965722233,4.57921945023467,39.6724218584887
8.77524493979092,0.0856923133914631,35.9753159011689
5.98369728121432,0.211473475673981,29.8622818408569
2.41853510642182,0.973474901946874,27.2421840561317
0.0414922906508446,0.4585692196462,22.5818652956258
0.874094178550709,1.49754596192463,21.3657738181264
2.07278289313216,0.995329478523197,17.076582710396
0.656511404949076,2.29130088511894,16.6515541376747
-1.58512907343616,1.32068356250204,13.3737747502608
1.04684287283219,2.69433430417264,12.5592470931727
3.1515791759403,5.78468046168766,11.9381499790743
3.82976391039243,6.10052015846293,9.55867230544222
6.04130583840215,9.68460800342107,12.0256122983426
7.58888524791812,16.9106203116919,14.9026844240812
12.8576873586136,22.1071632231696,20.6955329146551
16.8117845519619,21.4095211574997,34.6859234236898
16.139412967555,11.4868162457445,45.1254097092405
12.5699390172819,-0.0895186783909534,43.297687634894
6.66767162323695,-4.37786904546259,36.8287072549075
0.362330654526294,-4.56221940959634,31.2474385630307
-0.023300744305315,-3.56239255371504,26.8956856855041
-2.22843745036107,-4.61159031462975,23.7475119722025
-1.96976250605466,-4.39529285550166,21.7308650294017
-3.72523161817388,-7.13292719896174,19.5995542855319
-5.33216696810809,-7.64152150827971,19.1878689561449
-8.54578024431,-9.73308500794823,19.7775898957694
-8.85038029423639,-14.0087935421108,20.2771093799151
-11.9960274475136,-16.5469558480218,27.0220130537689
-13.2794403181137,-13.8026653049656,32.1847327160438
-12.3037414822779,-10.318882562732,38.1493951850071
-9.8591554380474,-6.21163626484573,37.872481621198
-7.10037756496906,-0.826460522853292,33.5548063667075
-7.65078040590744,-1.03551651737118,31.3664341306421
-3.19376885034996,-0.938978612622935,26.9350950338943
-4.84117457377348,-2.49380016443839,23.1719454478025
-2.2879153244254,-1.99491011961328,20.4701412892408
-3.44704482147459,-1.99739739498559,17.863576241214
-4.25504426061322,-6.91121030343775,18.005482806068
-4.19790355327871,-7.38494231888534,15.7075365410292
-6.92765381046701,-10.6777709522244,16.3206876277079
-8.68919678043793,-14.3210734220215,18.0815890289199
-12.1470834615223,-17.6045558065337,23.8461698798943
-14.5298848580832,-17.3788114193805,32.5326330916611
-14.863504445606,-10.6524707057505,40.1590855676901
-12.9672830998112,-4.26266746486678,39.386796847277
-7.99036075109725,-0.352014719017802,35.9202116961824
-4.53021639081358,1.85409334566129,31.9190065406289
-0.488536880411892,0.542760761969349,28.6868299434968
-2.48147977385505,-0.338726046608959,25.1633610765747
-2.40533973257046,-1.85418832967005,22.0449220905724
-1.20423027979812,-0.606408851011162,18.1070156350645
-1.63411517886122,0.301471422364026,16.071964153016
-1.72928119283978,-2.78895594748763,12.9291108554324
-1.72260867680878,-3.21148630724652,12.3529117892802
-1.81040371075164,-2.71742403532802,8.84079115061096
-3.69601700590021,-7.21297802145672,12.7890171048845
-4.43818478647711,-9.89057676492008,11.2334777811573
-7.61840133719555,-16.9167073078184,14.0371127726769
-13.6714302904103,-20.7891444307381,21.8260186640136
-18.8268428958066,-21.2970979207632,34.0087888428382
-18.0130521854032,-13.0447039551325,42.7234893887367
-12.443726333806,-1.80834855376701,42.4051228559792
-5.86843708461005,3.51383714474533,36.4477970994947
-1.96112560369817,4.40798634113695,30.2066976493315
0.220801010627844,4.37177415705641,28.0581248430822
0.819122137665947,5.69382726334853,24.0687398225254
4.63422718218128,5.59764481225164,21.5012205774431
4.18025277737652,5.15589306559475,17.8501412651194
7.62354318155927,8.0288119421384,19.3598878174782
6.5884244947763,10.3067528056969,18.0710460346426
8.69829432813344,15.3521696570027,21.41026376214
12.0804364713706,16.7498087808491,27.600744193283
13.5356483779085,14.254712549168,33.2059679683497
12.4844775396878,11.0826409257009,36.9231801595875
12.2711249502217,8.28526190380238,36.5353432074612
6.95491005871613,2.25894004593277,33.6694983334966
7.52717383701815,0.67745175484994,30.771749239924
4.47322374660126,2.90321309417173,27.379204112102
3.41630946768627,2.14123086913359,24.3814393579186
5.79875199031054,2.55585848614572,21.6194001281438
3.56901577732588,3.7891449716508,20.0573656984478
4.38767687788879,5.70259221676356,17.2604149390974
4.39398299273245,9.0474877724157,16.4018186420552
5.12167561609428,10.4694896026212,18.9456419438995
10.6196561799768,13.3811630137646,20.171863348403
12.2549039152255,18.5774723524341,26.3398102154877
13.9487621701403,16.6519981541294,33.6111263217136
14.992823404114,10.5115631132888,39.4718841229873
11.7782444087875,3.98837407123429,39.5290408373954
6.8265374020369,2.02471509904491,35.6383334272962
6.64848832940515,-1.25898636844566,31.0842461972138
1.7405666933298,0.382258616874263,26.2987792964114
1.46909994867027,1.35792613952501,22.5928314501459
3.70826172858237,1.05002157448895,20.6256594471234
1.30315309310424,0.730762973317748,16.9701903428212
0.561304804054611,0.179343480007753,13.7677115906162
3.41637083121245,2.25627353071626,14.4839640188677
3.8601300283328,3.62240689064195,11.5332170146742
3.61826803773462,6.1490095721007,10.8824985625524
4.7626906854967,10.8123780834994,12.0310882999371
8.42414909127985,14.1355321678892,14.4710986476542
10.5197106213617,20.9264191967211,22.1164896725222
16.6381707373696,20.5884382174704,34.5178873985963
16.3491672633661,12.3508858300483,41.0520776811698
12.2568556276933,2.68807348968853,42.2321886486849
6.87489315425185,-2.7493761451873,36.2702212292411
2.91869633085876,-4.82697010028798,30.8351081530141
0.839729400845216,-4.03676009531572,27.9947132765033
-1.40179696219912,-2.83169582325611,24.1368233862967
-3.00345458565234,-4.40896500379961,21.0897865113644
-0.621095771812844,-6.20720898805659,17.9534409766824
-3.2678403638806,-7.18900454463031,17.8060246862596
-6.46109620647245,-9.24834241105612,15.9930950644938
-6.32506772587508,-13.8776316486848,19.2610874213617
-11.7144332849187,-16.7886087698516,22.0898285851882
-14.0777130370751,-17.8119450928555,28.5823751372117
-15.1932298881627,-16.4052306578051,37.0089516895998
-13.6754648321485,-9.08818366783931,40.1978215713542
-9.306362046655,-1.77801239949312,36.667575161797
-4.72484429444993,-1.60987766315017,33.2630379515066
-4.47087818978232,0.925388761255753,28.7159980164214
-1.16546822561835,0.692646324073485,25.1993772386489
-2.87806155968023,0.187660591329324,23.2162356942891
-2.70279898067619,-1.18554257531785,18.9225243291751
-1.81705919146286,-2.71336226248928,17.5007106584779
-1.04609950091664,-2.2101763432682,16.1055562357547
-4.3716434725513,-6.08941591037529,13.8148954089809
-5.75517609482204,-10.5589041625448,13.9152476434589
-6.25325675797245,-12.000958788126,15.229849965711
-10.7297295834025,-16.1523057627365,17.4170019586918
-13.105079400422,-21.8441557452017,27.9137793263705
-15.7447366497664,-17.4461874793526,36.631903640727
-16.9464074077585,-7.69355627020571,41.8611237720255
-9.09804701798488,-1.99768560303454,40.7597255171756
-4.44647841416995,3.32255851438896,33.329111901551
-2.1736448387474,2.26709874179772,30.8999508779087
-0.988942005118052,3.14195416386101,26.3540926976065
2.23024978841672,3.33406604193745,21.3527454860842
1.5700542399474,2.80059905974847,19.6423450363927
1.40222882176899,2.76726386726362,16.5168853048966
2.2004209990389,3.98490575496232,15.2443739305952
3.39917669979972,8.20563140434182,14.8021295967613
4.49479490729958,9.05706962395817,14.1547847722973
6.2989954928801,13.3813991887901,14.6119016050226
11.143971617433,18.0747557970473,21.1190151791381
15.3342496513713,18.4407812833758,28.015391533714
14.1566329070749,17.0113937967168,39.8799529388831
12.9648656659899,6.3550734893408,41.3395662180521
10.2793820601528,-0.151617085716987,38.0128606787352
5.8566725539889,-1.52256829358574,33.7450069091661
1.2659204505996,-0.95003666594916,29.8558956148386
0.265913248939453,-1.95176052153175,25.5850713030001
-0.279988589436674,-0.390027008526741,21.6450458444099
-0.537177952260387,-1.33424757475188,17.8291179579053
-1.60489624792066,-1.05692752233421,18.1869533218158
-1.45001301010345,-2.72971946172176,14.8013279710228
-3.39763375168386,-4.95705847047593,13.0087887278501
-2.77305067825748,-7.72051054023314,12.3224424756639
-6.05552381457915,-8.36204689017605,13.2713959743027
-6.7858157087754,-16.8195431688681,16.3334584060559
-11.448446614016,-22.1057448771725,23.2136039798251
-15.6883784971519,-19.5349452226446,34.9841773621356
-15.7045730266189,-13.2254423297304,42.4256163324005
-9.26077046789748,-1.74964578508666,42.5291362535641
-7.11681160283856,2.53449834910838,35.9047844298284
-4.69481217026638,2.64367121493795,29.5888278571225
-0.405363955441881,0.181086646545474,26.4371310380921
0.24104813737679,3.21320221268124,20.9011949088544
0.383807466200102,2.46742889245394,19.9683780057915
2.27784394348679,4.87568622221967,17.3565445006337
4.15830708699479,5.66779979096237,14.2678994714601
6.12565865667562,7.90082987918939,14.9990752795409
4.83931169673488,10.5447102041686,17.1482252592109
8.9884264258058,14.2374077687019,17.9372520690893
12.7333238628521,18.1724513805445,25.1968066613755
14.9256281350789,19.2241146345099,31.8915868666281
15.1747361609131,11.3590244978814,39.9039341912164
11.245070635967,5.61740504619368,39.9993481129936
8.39811781692256,1.26337500575193,35.1553662672757
1.91238697973982,-0.0588074473217304,30.7191067068281
2.82427448534696,-0.251556655216876,27.220905065126
1.31878959332439,-1.18966020001998,24.2759869339823
-0.371293828274233,0.020540871262035,23.6308120238561
0.527511226016879,-0.226664824920322,18.1668748495535
0.97880918530918,-0.374663619671845,15.6732423210854
-0.951731258989719,-0.501209085636312,14.9944045487846
-1.33078277386611,1.69505878421593,13.6306268488818
0.167802787692327,2.87934965838078,10.8195649533835
0.713332075703702,-0.139170004742667,8.58360468331976
3.58200383806527,1.76564768355814,6.85321255973862
1.50489188386669,1.96301380780516,6.64448869432737
2.80327859873504,5.95843029493327,4.69277033892402
4.76742851265244,9.45647023382642,6.68420498013247
6.52835593110546,12.133583318547,9.51336325468405
12.1968363810979,20.7615841006445,14.6709063121627
16.2024392341332,26.4924786225441,27.1477591634688
18.5977743409272,19.8569560947227,42.742232420544
14.1141795368387,3.36775547078612,47.269113030529
7.18821063551787,-5.40259598858448,40.0095367330288
3.85289611520578,-7.63284883948368,35.1123328642484
-0.98463007846906,-6.94521261904832,29.4428788412433
-2.37106419288198,-7.08946162943038,28.9449147247647
-2.79572192993745,-8.51320081041196,23.9589077135562
-4.51398910254295,-9.5459433729793,23.2922325754028
-8.00083237493319,-10.1912181723056,21.8279949985325
-8.65172073242759,-12.9187860772402,23.7674965270742
-10.7319407171666,-12.7879979739728,28.1951189766051
-11.7348507283705,-13.4342677955758,29.1621816456205
-12.1290729138296,-11.4792541893107,31.4653092848259
-9.73761388461651,-9.11003154116206,34.1775841591482
-8.99944136808164,-4.35513642518683,34.5112076759859
-6.49593502197193,-2.33218977531591,29.2675508684576
-5.48087962645061,-3.7903018763866,29.6357954520273
-6.11496872528243,-3.36131846796269,24.7763721578499
-6.006394541209,-5.41910178286055,24.1542633432313
-3.31127909994543,-6.01689566087243,20.3741655992908
-6.54654903578741,-8.43480310853735,21.6760449048616
-9.08277879267149,-12.359731356864,22.8100282641979
-10.6223546997631,-13.6503786321452,23.57567551122
-12.6968287848937,-13.2237397908163,26.7179270818887
-12.5995522864812,-11.8859621741184,32.6545186559527
-12.2748970868925,-10.9580694880957,36.004119412015
-11.7396080890765,-5.3688935808866,35.154078739139
-7.62735277597286,-3.09427267502563,33.8446696892236
-7.19959325453185,-4.55439754963017,30.9237935340458
-6.80847609923945,-2.67088087242834,26.5526646774607
-3.27349863410281,-5.31472278055649,24.8902434754247
-4.89526363325019,-3.97547156238752,24.8995640808008
-5.43521989987208,-7.26529441364143,21.4218715532803
-5.06044262275762,-10.3261665009125,21.2810802034455
-7.9608193192479,-12.7059765935608,21.6454000696732
-10.8031977800831,-14.2814500643959,22.5187983464549
-11.7676435857903,-13.8344536816788,28.6875102491481
-12.9392774548149,-11.2658794567528,34.5388237374497
-11.3046973536851,-9.19860307630851,34.8933360151676
-8.76864867416977,-3.99605177478636,35.6092267883068
-9.12349870306057,-4.62978356598165,32.2459488123224
-6.06562851611419,-1.92391435492932,29.2471983673965
-5.09665145370302,-2.87126907395724,26.734023617777
-6.01982140808695,-4.5783264400762,25.1451972946303
-4.05090450712744,-5.29841314069825,21.9816857302055
-6.71098965533552,-7.05274781082541,21.4252024243676
-5.64196571547966,-10.0127294363301,20.3601165669544
-8.1298565556917,-11.0620318155104,21.2785523483437
-11.4797429343811,-12.9876260862831,24.1140890037478
-13.0746930620525,-15.5192160858466,27.4647515146001
-12.8159669212873,-13.63443563115,36.1586851982967
-12.0709056387436,-9.81454390454127,35.9533929369948
-9.41792050937785,-3.69632503842001,36.1783540766654
-8.26338672315884,-2.4859658346927,32.4078534994348
-6.758879148971,-1.48124097675727,28.7654617526847
-3.22506222808434,-2.22159972789895,25.0010465161882
-4.33793607826764,-3.55524768962803,23.9220699155226
-3.20367612354776,-2.6738709862723,19.5855915918997
-3.12605897565565,-7.37223480237212,19.0928236538301
-5.01093103831137,-9.09352772405174,18.8442125746632
-7.3977693538275,-12.5869601825737,18.4203876935161
-9.11703421248675,-15.9387935430658,21.8257346417605
-12.1924616631102,-15.5878041373504,27.8144033711402
-14.6731038497841,-15.0903955578438,33.0474083881565
-14.4912886362548,-10.389222769325,37.9215062070401
-11.5219598750296,-4.78830772325699,37.3123698965118
-9.44505540424344,-0.849318536030298,34.8889394348519
-6.86741051989306,-2.18181829688288,30.0987684629648
-2.95271259741017,-0.616092137365627,26.017967711164
-3.67990118604178,-2.57337941085382,21.716850584704
-1.93884082877088,-1.99426645682915,19.5745529642738
-2.87254486040996,-2.74459546869249,18.9561989542695
-3.6749889606348,-6.51116029679063,15.0389898536604
-4.95671454885479,-6.83771423984392,17.7454473805949
-6.84239038062699,-11.9572071487241,15.1331438904877
-9.85649270807638,-14.7325552068004,18.8062087704405
-12.6308940221989,-19.6744485216474,23.3952416661734
-14.008974579962,-18.7569901704625,33.4474442853844
-13.1473077893757,-10.7487979821297,40.1989685884341
-12.203133158663,-5.18953514000639,40.7946793204922
-8.08340228561516,-1.53941638877723,35.951538591229
-5.17395707991585,2.80656749763998,30.5328932563701
-3.32571804031214,-0.749691862473196,26.2508960086924
-1.0812133911,-0.907839251219919,22.6766904254395
0.0705746709992741,0.720425692368025,20.5559937030908
0.734199766907674,-0.742867345011081,16.6495889214241
-1.43375428257932,1.24436116688702,15.8361871680977
-1.17779052816809,-1.22458464946383,16.0128250836581
0.326167879826426,-0.814774989053982,11.0063548366194
0.525911337071669,-2.76240381973512,11.7844802493583
-0.920318943251256,-2.41929577147732,10.5715136608118
-2.86954752633194,-4.57127214279068,10.6544040514076
-4.66278589213915,-6.99779550579576,8.5461217439135
-6.82826403595068,-14.0969163600964,12.2758511135825
-12.9396983847007,-19.0926918416921,18.7179620884652
-12.6801861905144,-23.3548273243688,27.0503825866801
-16.7676938852177,-17.8504678428115,42.316533783979
-15.3859989524572,-4.42060395024653,45.0936041640919
-8.18541002380079,5.04167967380666,39.8416207301329
-4.06790138666624,4.28821327567985,33.3838538317829
0.101368381147344,4.56022810721342,29.9226440355084
1.63024310592121,4.37228805564171,26.8359252622472
4.25262083846033,5.92847509016731,22.9500558384349
4.11348919515048,6.42614550858469,20.3654308953177
5.84357431346243,8.30928858261167,23.4410673475118
9.08115083319993,11.8787194060383,20.8090560844766
10.1854673462848,14.1131815467712,23.9957725177241
11.8993788521827,14.3476774801274,27.3904295573305
12.9465212586967,11.6800479155679,32.82130587883
10.7937099453028,8.10580731257403,34.4873545624743
10.2553769877067,6.22780741015178,35.8070313422248
8.24202109311845,3.54699292419359,33.6616834580242
7.67223911630987,1.99970835840381,28.405096173273
5.17463899502293,1.53006509450904,25.5001155405714
4.09536210855786,4.09435294393827,24.6126043876873
4.16497529240988,6.14799084588557,21.78126524793
5.02997991120355,5.41503205636375,19.4827510193863
5.75217554627764,7.87517613661907,19.1362541533866
7.03028688965177,8.49943950263131,19.2778762226496
8.72384124964042,14.442729333301,23.7719427609648
11.9509752055324,14.9172945281813,28.0614447037355
13.375994278758,14.433106824961,34.3367783685856
12.25041547781,11.0773107653413,36.3770246814348
10.2030500929761,6.15881783692707,37.2610785428144
6.48460488494902,4.19727591111883,34.5907510337829
6.33156152797051,1.29085965485694,30.4670627782048
2.94562601643388,0.861053224705055,24.7354092268656
1.95337331941236,4.07947781340207,23.3103844668461
4.21452603390301,3.28198819289344,21.224900990847
5.71573482609575,4.15595623620325,19.7379820707792
4.69606369951681,7.61658034176779,19.87016684335
5.74115875477715,9.9489949542895,16.8494927131914
8.84473064193302,12.2739213734596,19.1839578225588
10.8165473057215,17.6621415249643,22.6411715810925
13.2627051814446,17.5379806996634,31.3537989406621
15.533307724171,13.7612290969092,37.0932102436488
12.9481963168213,7.1409470473653,37.9176065152671
9.20267388945211,4.26994196301099,37.3920114045266
4.73019407951086,1.42677325579404,30.1731351271961
2.01084658067949,-0.744226195863074,27.6692849953708
0.913686889054146,-1.25652025487871,23.5504114087966
0.730053723801787,0.17174220866426,21.7361484297404
1.78454684579686,2.86796624492228,18.7201493876131
0.807146811273511,2.43106733477484,20.1661540892069
2.88617374280416,6.08460846210734,15.135344659645
6.08011415223159,7.50110212988427,15.4655248604484
6.79980639423356,11.6344691264686,15.8326669405655
9.38060711275766,16.0497769116196,19.1757820011764
13.3091620128395,17.9024144726315,26.1462400166571
15.3393400493775,17.782792174327,34.7713607602935
14.0888857738241,9.35899905071835,37.7248055983079
11.8966026543187,2.79283345406811,39.3132345316394
6.90145992758199,-2.05408498088241,36.3590705362739
3.62796102791795,-2.85590843089518,29.6666651552848
1.83691129351752,-1.6192218222012,26.7913788698752
-1.48714564335627,-2.21788074932005,22.4625461314829
0.0648616888768179,-2.0763631751468,19.2421849766084
-0.750355422351072,-0.500291722489782,16.7573261908626
-1.23321411447795,-0.877723313161084,16.1842228300929
-1.50377171990519,-0.451374916180309,12.6888273603289
-0.499367207622737,-1.67603148564908,12.5449805126861
-2.39689547122943,-4.26567591692127,13.1572326006181
-3.15105276416899,-7.21354788464353,9.05759107653902
-3.43696109308758,-10.1913770127956,9.16280564766375
-10.4429033094079,-17.3806072607526,13.733589569157
-11.8158692292892,-20.3355313491104,20.5358519262966
-14.1172968079343,-23.1209598778174,34.3202638521647
-16.4947098776581,-13.7036043346552,44.4761274100371
-13.5229060814787,-0.398539848502889,45.5342904231248
-5.56376609047936,4.08001258149165,36.6265000493375
-2.74445025034071,4.53698765578618,31.364758737928
0.362052243056091,4.3665824600566,28.6470814779869
1.62108633891866,4.4826323642757,23.6236821959911
3.70262643439942,6.25603999894041,23.1399690289093
3.66688335433401,5.55806502618847,20.5795155958766
4.84557803468367,9.76029340753317,19.3941967412079
8.06709164710544,10.9983708069395,19.2494882681247
9.28672390969846,13.9682807429576,21.5844139213913
12.0478345236208,17.0432712865573,26.8354248635778
14.2064882512298,14.1373579296025,34.7010831675213
12.4618300653557,11.2976341713541,37.7703482998543
10.4762044404339,5.26740610600165,37.5004122974427
9.33689276268338,2.17021029997219,35.7249766553781
4.71413228066722,0.38878542052835,30.1021837393569
3.11494577186245,2.18372058872747,26.5895264515612
4.29333932394699,2.67502297719346,24.8554308835153
2.60368122779707,6.41582004379214,19.665684439669
1.81412786845195,4.99050981243004,20.4264042501896
4.17839621765257,6.06576309777443,17.9073539620214
6.75533430350653,9.4545196426929,16.7106503031186
7.49741163260846,11.9279211274331,19.8311639356196
10.920318749573,16.1737866091359,23.1836713562597
12.8744018078195,17.1073335539799,28.6765155856335
13.4023682301126,12.8156674137298,37.8600635128797
12.688421147869,8.87590184142945,40.9298911077337
8.78200376062217,3.70044598615286,37.1453739095673
7.5756615817392,0.36056023723775,30.9358335847772
4.37086726954921,0.412021605210946,27.5555653698365
3.16247988171321,0.0299837844848994,25.0553786515764
1.14356813193989,1.30190948857765,21.3679206310994
4.07595005126677,3.07524723938271,19.4426886108574
1.59786153123907,2.00371808877273,16.2692263116
1.73770471801666,2.42139298830665,15.2728083452336
4.24369055201956,5.30859184563114,13.2894034155162
4.97442841478313,8.56631927159739,15.4273315490152
8.78249805323959,12.8486203385469,15.5986169192433
10.1441582904727,17.8625499457037,20.3948004305797
12.7364243735532,21.3285295260534,27.3834103997914
15.4709602694693,17.0511920013828,39.5144322153292
13.2963905405753,6.98251282743886,40.711341839863
9.23642367041027,0.322893669824359,40.3345645238308
7.87067445152162,-1.7001838162692,34.1554843427314
3.55548639073154,-3.34083825701795,29.7327673736753
0.470149195822443,-1.09058676813581,24.0402511998379
-1.28612513211344,-1.32763102898348,21.6809457720852
-0.736576758700212,-1.64620919918531,20.1295460459664
-0.86708660274682,-4.05041533824766,16.352360570027
-3.02939682009602,-4.30254906753803,15.7060283835705
-2.86461070350499,-5.41388913611598,14.091308739246
-5.43180483442579,-9.16784668056741,13.7135815301861
-7.07874697458251,-12.7616351278051,12.7573333495518
-9.34570044261716,-15.3935143560096,18.1326941799979
-13.963120071791,-18.9954783503511,25.9367614649328
-14.7089847697689,-18.6386830396863,35.0930846630067
-15.211260665673,-8.63263556822481,41.8025460168511
-9.7084013335609,-0.995158339834313,40.6603101578252
-6.30651142402093,3.01920586576398,33.4553209196195
-0.890015196816327,0.549442142041574,28.0292206864187
-1.3929949132144,2.73746627730327,26.1728317103509
-0.163610096415931,2.83619754468289,22.5373902978947
1.05883290897733,2.0574608491811,18.720985934071
1.38460243082061,5.38916375855197,20.116809110677
3.98066759114715,4.97888814739889,16.583045811556
3.52852800787102,7.61501190964524,15.9069097552911
4.28622054751431,10.1991020990718,14.9029500946797
9.67723193188835,13.3498630913089,19.1846851989068
11.4029553840627,17.9934659545417,24.3764497571107
15.1874036631478,19.1499611386539,33.0187958939485
15.2090136046208,14.0177011279342,40.1427760493538
13.9311873457652,4.56052832152054,41.689021974645
8.27766893600882,-0.901451147720543,37.0418933739017
6.4098301266968,-1.18765525626439,30.8164422932263
1.69966489428144,-2.68858181548155,27.1176075700716
0.471400961610839,-1.62870152209835,24.9817299763719
-1.31681758397704,-2.04009243255923,20.2424807500403
-0.817265637983137,-1.96918137436668,17.5685234676156
-0.492695642324248,-1.1268035796712,14.8570509862377
-0.745448846070546,-1.93314085505633,15.1027476042698
-1.61209058764501,-2.10527620254109,13.181473268112
-3.1256365022853,-3.76231937638528,9.97097828577274
-3.77266759524281,-5.1018710602447,9.77729878010742
-5.38154020211441,-8.45712738594885,11.3820234769251
-8.39880235980947,-14.6035538153058,13.5532700115708
-12.1632255136145,-22.0047801936996,18.9690137889329
-17.6308641308244,-22.2136142126194,32.0856934740055
-17.9945854845968,-14.7273998444316,44.2141399938087
-13.8283705583407,-2.49783964649808,42.8309224555404
-7.04600074323577,4.0928050179893,37.8188270889591
-3.38669049110108,3.84525953059633,32.7003891691472
1.34301516418334,4.70934207278896,27.4651364257753
1.53823271470145,4.23465642402256,23.948022926564
3.4922830370013,4.63116514899988,21.7570501012969
4.03620836952243,5.62440413372349,21.4831345307783
4.18888046463949,8.14346529937062,19.2021653363687
8.02783895791223,11.0904333940419,19.8122342593648
8.56200473387637,14.5747846932749,21.2925706560258
11.484476637931,15.9418730322977,27.4662720330128
13.0469157841009,13.2860404518206,32.6663233392792
13.0618221768054,12.6407257278646,36.4728320493549
10.7854640728157,6.14462859473023,34.2285217120035
7.58058151556652,3.08598793689109,34.0566487111397
5.72137019765604,0.0277360754622078,31.8574051978172
4.75808075322505,0.741515475713386,27.7670372840972
1.96243447723128,-0.146826068990629,22.608048654586
3.12067316946847,1.94978679912387,21.3147099747488
4.01613782122,3.44410479455379,18.7359650379148
3.77183082719747,6.26901676085042,18.4058745262542
5.58120177607812,6.95581059925999,18.1608922987319
6.37690804038186,11.2328246527322,19.4458232571068
10.0594379487582,15.9212182497565,22.1620066953345
11.1218108117554,18.6482131809619,26.924144804186
13.4774452625707,16.8496354099713,34.5561633921067
15.6487153264296,8.98958866628521,40.4896918126857
12.2053092097539,3.56472511861047,39.6649150233784
6.68106655903906,-0.0307248924265301,33.7823920429824
3.13256358572866,-0.663114103140369,29.5348325762479
1.95996115683223,0.602399885292297,27.9299063798016
1.14773966321495,0.0271741950677764,23.8334911371166
1.62200216316958,0.273307719421166,20.8508756193735
1.82537927092259,1.70018307069758,18.9485847113815
1.85096272096122,4.24140448644396,14.101880199102
0.388347702121669,3.77383292691565,13.7693724802384
2.02576742376531,4.75266561126326,14.5984260236127
5.32238290596189,10.0033286361344,13.4811189691864
8.62508185488366,14.1630926185654,14.7792209366521
11.2660346272452,18.6941180324336,19.8496967417564
13.7182041063987,22.2642214404413,30.806067885115
16.7936992059599,13.7985825511027,41.7235133259964
13.9789770533633,5.17903767733819,42.8543348331594
7.90929263629018,-1.46920950773208,36.5498813232642
6.1540093739268,-3.1647189035264,31.5002301934436
0.488238787447695,-3.82140031647488,27.7025979448376
0.00419769143961626,-1.096055925886,24.1745342341605
-0.70024725150098,-3.36383383509242,22.413101142842
-3.85591079880002,-2.51224815403812,18.4783186988759
-3.37118795372226,-5.49665914869954,15.6640091698129
-5.61358138566899,-5.89667902307292,14.7282267955697
-6.73222800827935,-8.64913427368478,15.1095995850233
-8.96339156540221,-13.3735836403392,17.1978298928173
-10.2124197070696,-16.3521992021631,20.3304050916965
-14.7402845790797,-20.0476636614075,28.2169863354783
-16.2242604338897,-16.5941429570392,36.4895972855591
-13.757246753945,-7.93940553853945,40.1063827790206
-10.3326922415486,-1.87992241820918,37.2562507754037
-4.31235898100337,1.58522889416603,34.2950835546583
-3.45870113109704,1.46716484839291,27.901918438886
-2.12017534799128,-0.349024823509726,26.206856337752
-1.09610337264224,0.478006615048625,22.4513756697667
0.476699208368005,-1.30425522757928,19.6771279970244
-0.15436198366956,2.47004467100564,15.0029417126862
-0.972192688446732,0.585553739329706,16.6449802676144
1.86304605566892,0.688376141221033,13.915648430321
1.26753244922607,1.99219776613521,10.4653016949986
-0.842800111272322,1.47205471894684,10.1736254337693
1.2044783386495,3.63117966699821,6.59381671282453
3.30040454354855,7.53845399119955,8.69821957936435
5.98831649029208,11.8812233483196,10.1503658128832
8.12693294578657,17.5241692916495,14.7999276627534
16.7192640563015,22.6151550221588,23.439556838544
18.3782891602986,22.1021568903339,40.0915676280548
14.9214479716294,6.61736161203264,45.1103666467391
10.3030355150531,-2.05083718850571,41.8280805032466
5.98345249750653,-5.26013347170187,35.1631881464966
0.755504244212796,-3.51823464238663,29.2105879493985
-2.87956644043679,-5.43326834361771,28.4614313680554
-1.91420077615202,-6.18325924958431,25.0533462291204
-5.18738177452986,-6.28368469742574,22.5847322149879
-5.94380633382212,-8.70862337531765,21.1019324405262
-6.99647313920379,-8.81403820759234,22.1740155844855
-8.7429346837575,-11.8696949885717,20.9355101239888
-11.5157459903904,-15.1483713744299,27.2684927522264
-12.9708996924772,-14.5306870238571,31.7706326592133
-11.0997724583309,-10.6654175752905,34.6100540501197
-11.4695585808874,-7.48434217873747,36.6863560601762
-8.94437029094271,-4.40528131328741,34.0169638284217
-6.22867307749352,-2.55399222568641,29.5342443029413
-5.45678365317319,-2.26274663858517,27.2120109956738
-3.58627503433794,-2.93805573715561,24.8821682918449
-5.38311538997825,-6.23493475443761,24.3472755312787
-3.3363867129417,-6.20718161678547,19.9211005855835
-7.20919582166259,-7.79700300092354,18.8659567350978
-7.10230864746502,-12.193502413304,20.0542473486321
-9.92060335053095,-13.6697181270994,20.7800856778206
-11.0509872783689,-16.1920985549984,23.8243930663252
-12.9847218267563,-14.5001448684641,31.1419618456185
-13.3717694867083,-13.2127989279353,35.9609904559918
-12.2266556221425,-6.44968181978708,38.2750012706441
-7.33322150675722,-3.10957562663104,35.0134246235302
-7.42478077616921,-0.601418111884157,32.5141453397401
-4.09289096619519,-1.96303103082345,27.7071052522054
-4.65860569905786,-3.84512605728417,24.5831844445481
-1.24820974737257,-2.87731929602946,23.2247995652347
-3.3488594385064,-3.10949443226588,20.087931400878
-3.48406095344615,-4.97772057736109,18.6895634093773
-4.00360556680914,-7.41887885522211,19.1649397204728
-6.60418229200572,-10.3958241485477,19.0590305183834
-8.92197132568486,-15.2070343835482,21.3462083221463
-11.7896926702603,-16.3708700851638,24.6755422537835
-15.6566279897107,-16.2834819044259,33.2269176401869
-13.6945398392444,-12.1231748575699,40.1079802560258
-12.5397367014072,-4.59244111232515,38.0718309389757
-7.53774486146761,-0.983200976769054,32.8999492423236
-6.06148574761484,-1.42748368983059,32.7277842268754
-2.82722453256457,1.01028425622837,25.5878066372028
-1.65858454236924,-0.243890817794693,22.6975811545598
-1.23268405381173,-0.945337677835011,19.3432722469471
-1.69336484191061,-1.0736642083491,17.3044198949638
-0.435263997516345,-2.87306014322964,14.7043101443851
-3.97341204093374,-4.05422393331256,15.0691573273633
-4.23307254286115,-8.09058754773037,14.1010405983494
-6.07871228066791,-10.6368007992888,12.9463283384812
-7.55764495027021,-15.6891980156051,18.287832102191
-11.5442510590054,-20.5281118427217,22.5248111687972
-14.3503766734828,-18.7562531637515,32.9127905400409
-16.4498988181498,-12.7373100690714,40.6561181247525
-12.4690630185707,-4.2999488989993,41.4556050908571
-8.43411028419366,2.49403861780135,34.9852272121277
-4.62927112868596,0.956610948739567,32.911993284768
-0.399108355267577,3.97597768347937,27.8578271965846
-0.699150937991117,3.35102661494362,24.3038408102133
1.56678676908906,2.68481356534482,20.4323484116097
3.86339797287955,4.57146104579928,18.7360810393665
2.1484278225749,2.31980204180391,17.8169346634495
2.71068900174427,3.34354982748074,14.3451980596405
5.16763318593932,10.0387313550882,11.5666530420998
4.80790762910912,10.1922467973297,16.2444415862102
9.32718568850171,14.7079509225564,15.7129130987185
13.1696203691224,22.0280005774471,24.6662603095801
15.5167104579149,19.012372666042,36.1331959215808
14.9324548287987,11.0558019955508,40.8909677115756
12.3440449122327,1.82931813694835,39.3439861087734
9.65750138390068,0.120979751453481,33.9394682034803
4.21899459958057,-1.53608977002586,31.551956865223
0.893043555924623,-4.62544670269012,25.0508874507277
0.0275613267189372,-2.80752790798929,24.0535653767313
-0.390260727449484,-3.87977854123576,19.2237917437792
-1.23871070373105,-3.33356196380115,19.1292846749385
-1.04418676643306,-5.6767196924261,15.8885121663994
-2.35698010211589,-2.62050313446791,14.2430181534514
-4.9578171741859,-7.43625022672054,14.1474335554191
-6.17241523302598,-9.82032053599135,14.6089074766971
-7.37108497671323,-15.9092675443319,15.7364357112663
-10.2841587758413,-17.7828283841311,21.1216650886743
-14.265465772134,-20.4313287734668,32.2278399532418
-18.9448427291069,-12.4979213289673,38.3646145879264
-11.4033397298161,-4.29351452808219,42.4141139935662
-5.78251578563087,2.09020638799297,36.2419176871771
-4.12418592098924,1.96846691196305,31.4538492691628
-0.815937736783956,1.60353587331614,26.1016938233054
0.115711394921238,2.30516407406593,24.8100619594628
2.80501194187804,2.42423241258128,21.0225160747049
1.30375245334374,2.32049892576235,18.1664176138109
3.95171092489694,3.32803923806538,17.4370784709067
3.9870958593984,6.6255681665819,13.6693128399573
4.6327238862235,9.96983839167915,14.7607617574695
7.31616824609331,12.7559001650371,15.2855597633425
9.73366614475241,17.4137087379292,19.1628394015783
13.6077323739158,19.8387936508029,26.8182899025172
15.2947626447735,17.2505458743944,35.5229713538398
13.7842831684003,7.57019352115281,41.4568503590157
9.34971878807316,1.61771342682384,39.7876128985962
5.76485531536734,-0.815640380902695,34.5025017562446
3.05483789809306,-2.6032565399198,30.8823673756879
0.954799076264224,-3.48944989358115,26.182131796659
-1.84752615021418,-2.23574083831544,23.1681823755486
1.0590817666059,0.0574827427552289,19.8299918062482
-1.97112628846231,-0.679297770484033,16.7034191008059
-0.8427815678137,-0.336642230670438,15.3860324947972
-0.756921732563472,-2.53624968847445,11.3475228575982
-2.80304888741427,-4.5125044131288,12.6164781873434
-1.97294665881082,-5.35975129352654,10.6115685561421
-6.77685803868872,-10.880913231381,13.2874663641611
-8.50319206464352,-16.2494336015631,16.275107927463
-12.9147188270625,-20.7778339299545,23.5829438360666
-13.6875048124352,-19.9581904948118,34.2800890284583
-16.1356467154536,-8.9209997324413,43.8069156382445
-12.3731446888659,-2.4211295178497,41.6198395151305
-7.10938394161648,1.82582621434484,35.4069839347284
-1.55072841892046,2.33682367397238,30.0441274928463
1.75578176154322,4.56630023173366,26.5383493982164
1.55036624166841,3.73866770889488,22.5474076925345
0.938807129415064,2.38138033377363,21.2407855397637
1.09640113939936,4.01438170389505,19.1138406506751
2.98806941549915,7.44696454165267,18.1784196471802
5.96690024967242,9.42905135524317,18.4493838069714
7.48415816144624,13.1438559760732,17.009653776341
9.99628223202034,17.266118278617,23.8606496809919
15.4543885556037,17.2327994908278,31.0634442584513
13.150866808695,12.6159665090258,34.9159766087268
11.5174687732647,5.30200663666027,39.4187683953086
9.44530501072909,3.33231358906222,35.8581171200261
5.74759261451919,0.540862764913761,32.3115189290448
2.42224238713245,-0.928785624093439,28.1480720834433
-0.50764037103156,1.14910423235441,25.8263165792992
0.755490909259055,0.852073034503932,21.2928693983879
0.326352280168433,2.81076710432609,18.0056337194073
2.56471695544182,0.153408066990328,16.7023277874157
3.29846210551116,4.30048642827344,14.2069908262828
4.34470551237925,9.51893576273582,16.5338506335731
6.52864052880966,9.08397991354979,15.9548674597979
8.46091177883739,14.5596297617467,17.6865725889635
11.7755881149027,19.0256517821081,24.5575809803002
14.4936422071881,19.5720181972379,33.930875143196
15.1689438650058,12.043663865884,41.4983206647046
12.489495850821,2.71618704236464,39.4826292982999
7.92243603390928,0.0553265010625832,35.5661191999785
3.90490422848127,-2.79058203391289,31.8691051547081
0.194209120879226,-1.88200244522915,27.957910050899
0.241380850996179,0.730828182223231,24.7631248643643
0.239329440736487,-1.97548583934235,21.3895794643361
0.254974527736232,-3.11097960363709,16.37050032126
-0.452539218511049,-3.49729889208588,14.0739390816239
-1.20595469597483,-3.72773698648034,14.4360366705915
-2.74921342016539,-4.81296225159567,12.4570136486419
-3.52440034913281,-6.50379898094801,11.9947989392785
-5.73987828554654,-11.1032727453413,10.3743017261677
-10.4922772343791,-15.5635860335059,16.5002859079929
-13.176954953547,-20.9529469594812,26.1085236108934
-15.848206287543,-18.1827439607505,35.3640010208857
-17.3184482459712,-9.4177423451062,43.8767019850852
-12.4695899352425,-1.92598288526272,40.3357652903112
-5.79946936105401,2.42370814782196,36.1328225199227
-1.79578124298938,3.01837011102371,30.2870230899987
1.1498410157692,2.10732905053706,26.2824316793176
1.20872417088468,1.58589085318728,24.467351077455
0.196519360649901,1.9897329588311,22.2121741431717
4.30914783842112,5.20847345017079,19.294380858241
4.93948099000162,6.09774180149852,15.2718291314604
4.48440194407237,9.95495251808235,18.0487652185653
7.94116072119142,12.900740302473,15.938907687555
9.75464821544288,16.5915169762365,22.45649767769
13.201022599436,17.5789181198325,27.4391506241173
16.1187993054293,16.060488767968,38.1323735391618
12.6719635148121,7.97919784515828,38.5228989808418
12.1710931705422,1.917873041611,37.8984276327601
7.64734192350394,-0.652716179063669,33.4858302810023
2.41187492782144,-3.20452739872736,27.4883938171277
3.82592394187034,-0.340997888047002,25.4209275819202
2.07795353095575,-1.57718808760407,21.8121611185128
1.12239947237195,0.42172277953206,17.9405583947218
1.27725507901984,1.65819845424819,17.0715169861863
0.743978854398551,1.10604949066031,14.2587630609138
2.36308603366794,2.21059294942177,14.2549407426124
1.69053422987193,2.24795321545162,11.349822795186
2.36872699503004,4.05856786985536,9.65512964823447
5.19167970600171,9.01005132332701,10.3430618867125
7.14574529847783,13.0857112947654,13.5464219919191
13.5174640573772,20.2955150182424,20.2675400239124
15.711291285997,23.5994656466093,30.4463331396233
18.7820329583068,17.6343548677453,39.8514685325894
14.3135681542544,3.78225783967899,42.2832161770005
9.82434931396646,-1.80212835527186,40.305598515426
4.4107433188985,-3.35988559139189,31.9070821335726
1.54676935600879,-4.6018234458812,29.4196402263528
-0.75442788922796,-3.80023051597107,24.7339572590691
-1.76834155429801,-4.41566413635894,22.5633224315404
-3.82749986732514,-6.01728965784428,18.2821911420004
-5.43319874262434,-7.55619017073868,19.5864466387011
-7.28162970414483,-12.0909316607886,19.6686522021147
-9.62287557273579,-11.6244353484817,18.2802969406032
-10.6391467917992,-15.7742322170709,22.8763648831356
-12.8938061105728,-16.1676157405861,29.349098118505
-13.6873724570954,-14.043751478712,34.95065983064
-11.6226240924239,-5.69163515881759,37.0724779347543
-10.9406891490752,-3.13171707530381,35.1750060027932
-6.34154007728552,-1.04810362250594,33.2246849902184
-3.80951424239127,-1.44168876335946,28.7272440156296
-2.90754836472398,-1.59034053826631,23.9165268909707
-0.915315405854548,-0.636390437571069,23.2433760252919
-2.96997991618289,-1.90589889192892,19.2982557161025
-2.94980396640532,-3.59420053854771,17.5623108572729
-3.80060056582839,-7.10693831339957,16.7579414305043
-5.98266314577955,-10.0664436913992,16.7760751679128
-7.23729017927262,-11.5096826758304,17.9729515673201
-11.0842900539731,-15.8687163032075,18.6378077128185
-12.9034621556477,-18.8569166426513,29.5488100205042
-14.7141784309111,-16.9319771875269,37.7532430813673
-14.4669193560421,-7.42170736411813,41.2051926349278
-11.2681332945482,-2.95510666186949,38.2571074882838
-3.26305714749132,-0.876163995474397,34.3004266348962
-1.68334216274792,1.03123435437754,29.1065051355927
-1.50951438720699,2.34887992260238,25.0821530380257
-1.16196877214724,0.0189336314472306,20.7590621689833
-2.06379641179085,-1.38109610684482,21.0218634184254
-1.78137741107696,1.16458354003297,16.7393934498071
-1.08232287147129,-0.901120488159796,14.3396405663372
-1.35394838977504,-2.50272989768704,12.2382554236429
-0.949807305026837,-2.57384742568762,12.3721961030617
0.0267459146076139,-2.40796177082959,9.39578945844476
-2.84560237446922,-4.06491803875273,7.86894356861492
-2.64849272386456,-3.4927182938513,8.62398613381545
-4.33934974607633,-9.16796204567357,8.36650958440821
-9.1599731331519,-13.6774169787361,10.8392832925963
-10.9504695118313,-22.3235266201526,19.4383604855683
-16.3268590848199,-23.3664165662954,34.1864770282296
-18.6844269843073,-12.6124070319864,44.9034787509153
-13.742790457576,0.473591930479457,42.1660700341453
-7.61005384325056,5.18517034703952,38.7635708447721
-1.23528494308801,5.48900956428636,32.1508326980268
0.387501734750601,4.48089766095813,27.8628122311691
1.78324262894805,4.31211538276129,24.8976222763297
2.36995841584168,8.28994235154904,22.4474596729348
5.30457339380402,7.83598563219397,20.7456099287228
5.34478849542362,9.10039619104711,21.7759854669925
7.96921882568967,11.4773910825459,22.6655836617111
11.4938880638355,13.4521279549188,26.3789304535412
12.1238699984375,13.7757502543433,30.8418129140752
12.0309514232522,14.0728821539703,33.6478809140614
12.0384573579243,8.13835129698069,37.1750359054473
9.75139846356988,3.50126484350828,36.4473831514752
6.95157265570689,3.32662726763071,31.638590768019
6.84916932006252,2.69297963755786,27.6240688239955
5.8538058017889,4.07588987474405,24.1538417730617
3.33625254267444,3.4540167422153,24.0424569289466
4.68479698929603,5.32983626977871,20.0583508106625
3.76023697029332,7.20096680731794,19.5390757287659
8.21417958911931,10.4109056555972,19.9268427649788
9.22997846953559,12.3926376495893,21.5356684329929
10.783673981733,15.9128892723923,25.341024878571
11.4302045779287,15.8382094380653,30.9773425080728
13.2158054079391,13.8298395818121,36.1733085005328
13.7463411137054,6.62508367315352,38.3198710994206
9.20618453399689,3.35969486289959,33.6048050032159
7.08278634077352,0.638259122548305,32.7191302658206
4.65698046992793,1.53369764672647,26.0970875384748
4.63424639940084,1.26984311065529,24.8788628138251
3.51471817691146,1.67680620285532,22.3227691595752
3.46793050896983,4.25328951209186,19.5935972647938
2.69895593600526,5.3744775794604,17.4930268732751
7.4085337138177,8.82242086405949,17.4207711515445
8.95094626715614,11.5203246292869,19.4930029991754
9.18652610778259,14.279099736859,22.2388863937813
12.480080496469,17.7354803430505,27.8167499669171
14.5417474813872,15.2358617595515,34.0356451315061
14.6493993344101,8.90118659900613,38.8377150519337
12.7598528025915,5.47754891950412,38.508063861866
7.36706288471734,1.82164556670413,34.1859994824233
4.36424190714394,-0.480943561454642,27.9823082696327
3.46002977147807,-0.0318166076435765,25.6094062869084
3.63547672269218,1.23714102875201,24.0154398610927
1.32148077550225,1.20912579662036,21.5570609220925
4.09007531154859,1.75079694071744,19.4635399566665
2.64504472572636,1.82395529339681,18.1325866555721
3.58437245407694,6.77805227319682,16.4821022905255
6.72206019013061,8.3233771618028,16.018402165221
8.03488744950232,12.8545568157519,18.7866713632101
11.0406284190715,19.1730443718616,22.1708388401157
14.4139029758293,18.8851355779786,31.4295637129622
15.0084804032512,16.0685692672596,39.0275614756509
13.9091763120367,4.9841243081969,39.583457395528
8.73827488069801,1.42561863389318,37.1572690651754
4.36833040382625,-1.57843732763657,32.6847667514397
2.86590195009168,-0.455434385827097,27.8476027982463
1.34442936199499,-0.712624956768602,25.315894084048
-0.333211901305022,0.624997377594523,20.2470592666598
-2.81749302712405,0.627667375984239,17.2555850743429
-1.31861588218229,-0.185356355007002,15.2841081445474
1.02805557153193,-1.28264665363267,14.3468265333596
-1.15518187508693,-0.655157642236934,13.3584535370613
0.426004596405832,-1.11712535506972,10.4925662420936
-3.37728212774348,-3.08627338795279,9.32403124226276
-3.80926290816667,-4.41120404545233,9.74834672693706
-2.97313967524445,-8.1169454868288,9.81312681674935
-5.9664099403771,-12.3031716403953,10.6797156229896
-10.5813025677275,-19.9318514961037,16.2603969114208
-14.5676476690049,-23.4317111240442,27.0555106414595
-17.0698472837335,-18.9428855985305,41.8892667453183
-16.1391806738423,-4.61271471716849,44.6663224883845
-8.83514351793238,2.94080633691878,39.3705222157159
-4.15444882587781,4.65785504670585,33.0688696976135
2.12228561675234,5.45697957069099,30.9608248559575
3.04621468812285,6.41723123798316,26.3446072064344
1.37016112871268,6.00076621943974,24.7382465399314
7.19944282646533,5.78369021011604,20.9364889501136
6.44002728635021,9.27583674897778,20.5390039516409
7.20480544951963,12.196065185212,19.9054211406999
9.68167066717404,15.1910657173172,23.96100910091
12.8924272755823,14.5417210883645,27.5018076569565
13.7136836168743,13.5429096946811,34.1104201711353
12.3646960435582,8.95491372147769,36.0605861866891
9.89787884811386,5.88923000727835,34.4578995254225
7.80063557560177,4.83922349309692,35.2361556898208
5.22073600017338,3.03429858504974,31.9502323600359
2.92947936853391,2.10209892119103,27.6035792443593
3.28018702757166,1.58331243847181,24.3657361929438
3.68916370770009,4.66490595050341,22.0305994034171
5.88475608224534,6.58052715854524,20.5779397635622
6.09356990602622,8.35546382467721,20.4384911072819
6.30491429840169,12.4542024253201,19.5076138241685
8.36407438784071,14.300184952249,21.5761831500664
10.043605417961,16.108785225797,25.9614407376102
15.0414691689658,16.121391684973,31.4993946940813
12.0662805008782,11.1192375657932,37.2603058426725
10.6003214439549,6.79670251445939,37.4755995760688
8.1643020788856,0.23962301962825,35.4729733934374
4.56910124406919,1.85783178076186,29.9982709485605
4.19662277661621,2.08585137121994,26.4094588483944
4.38128620322018,2.57942868584783,21.319021014552
2.95817414059968,2.37592133426392,20.085857502458
4.14713158375142,5.73572217590711,19.7331623075252
1.78848114510253,7.01747216881823,18.2135580236992
5.17704876568066,7.64905045955069,16.4977573586661
6.81555466610632,14.6105149940489,17.1427589431022
10.437582585825,16.6546351794326,22.758290760275
14.578679249861,17.1476805537768,29.2093571378466
13.5733393673391,17.150581265216,34.684270965558
13.294428919479,8.58060913293994,39.0829134552508
9.45676197171874,4.66222168692941,38.1299934318788
4.80749549596162,2.27385068849466,33.2302228002882
5.85965172040915,0.458437880429344,29.6046225162168
1.7440402929238,0.706186217155852,25.213219832043
0.0460365027278631,2.09306028523156,22.3465859766221
-0.0923860222277328,1.48620530375373,21.8276650797784
3.33114451386731,3.70831237403841,16.864323719876
0.970733245409108,3.76295260744992,16.9660184117355
3.73692294277499,4.4697488658128,15.4052636954204
2.92001050320799,6.86153637621281,13.1527001477167
4.56913488781214,12.4522104090833,15.0704739862948
9.14055531224166,16.2104741374592,18.5686543096251
13.6263247021665,18.9551551014376,24.3520471369567
17.1815526697798,18.1691296928018,35.8266173375333
14.1550462335783,10.3752535893287,44.6448999984546
11.7758302366685,1.09094061340966,38.9805358811979
7.78646221852495,-0.765285815818887,34.7905550374752
6.25779931399796,-2.63415477083298,28.7599566470548
2.89235499420841,-2.2396660475324,25.0139661409938
0.0834076849191916,-2.82584525139163,22.338066176344
-1.82647222066666,-0.428368641055322,20.8729410641027
-1.12123670415641,-3.27983605306178,18.0166860746487
-3.3030687951249,-3.64756127685357,16.0554742515083
-3.35407850902374,-6.29698312101346,16.1931508538287
-5.94959647820438,-9.22027303080912,12.9161471201002
-7.20478786708469,-11.0971201276289,14.2674297152747
-11.0239681696075,-17.2132561642904,17.5843450572998
-13.1625532291204,-18.1394244901994,27.5963967988504
-16.0909550347411,-18.2372305395372,38.9837174028837
-13.9259849675107,-8.34048826492383,41.0416408236487
-9.69951517849382,-2.80687398511682,39.8011533290709
-7.47057286838377,2.29696549587396,34.4435708547815
-3.93915837109256,1.89145028995044,29.7724455380797
-0.50861685035809,0.76819136558401,24.2061658463859
0.0890492837691484,1.35051325766175,21.8653906284963
0.645641394704142,0.752529664896209,20.3600296110886
-0.0855006686773423,0.788553569762141,17.7781046313549
1.99477783143482,2.90138034182582,15.1847712941467
3.92180503362632,5.36055034452501,13.119509634152
3.7639557501766,7.77545397374336,12.2774909209648
6.48088783361227,10.4216169410999,15.8785709696965
8.79134245722488,16.6874429891557,17.3628024656984
12.1486000043453,19.2181815273906,24.6973058145383
16.4373119854276,19.0593665964647,36.4194111501218
15.3723323023889,9.96715273309666,41.4200252443511
12.7358471148208,2.57182219191651,39.7137746391202
6.13167557618157,-0.753012246994917,34.6500550448574
4.83363331195926,-3.05671200192939,29.8693821026484
-0.616645103955551,-3.49790008543918,25.4830601112483
-0.708543182883283,-2.23922040817987,22.8034301635411
-0.844051749874663,-2.97608146349266,20.2614897767293
-1.65110852395863,-3.94923447080557,19.9112849956154
-2.54054292881448,-3.32032224101224,15.1891022639519
-4.54280385463469,-6.28037479333397,16.4077963152341
-5.68709380641505,-10.4264333913889,14.8606549004556
-6.7826507850958,-12.706821027877,17.8409694005022
-10.3647400101139,-17.7212558738901,21.4061508187535
-12.7339947309466,-17.4495435073646,30.0138755620135
-15.0924192028948,-14.6041654255038,40.2295335441651
-13.4427973262432,-6.08136502573059,39.8285007496433
-9.36214418340489,-1.0892422598352,37.9944613615935
-7.44604404802257,1.85372370827162,32.4286824917193
-1.95495597246731,3.52015753214469,29.1860251205962
-0.913364707440974,1.21958099233382,24.5141592798418
-2.14643110846447,2.80956050792583,22.2068200964998
1.4295554087511,3.04763230496909,21.1318488258891
0.151053371354707,0.797506534769509,18.7720653407247
1.81215469367487,1.19162795434828,15.1430963967897
2.04191645170297,4.46773003526246,12.1921956201612
0.828081934083813,6.10396528271321,10.6563666821451
3.93498875797631,7.77608269048959,10.379788469164
5.51813012922888,11.0499765113848,11.5484580613302
9.26456118370573,17.0599322272721,15.7754094115077
13.4423356627712,19.8297801927745,25.2880033697615
16.5709258678548,19.9668290536639,35.9738303975889
14.6408313450959,11.9779188024639,43.6717797820058
12.2032165583692,2.4775024489108,40.9980602611582
5.19346709235767,-4.10860661553745,34.456176629079
2.32225650700696,-4.360011977638,28.9998545330493
-0.101325323117629,-4.7765367370813,28.1081318757246
-1.57031269186772,-5.24215221671791,23.7915338320213
-3.87643675597624,-4.93686810661757,21.4540670134178
-3.29914874835285,-6.157470228219,19.1992505974126
-7.6492196893506,-7.88493699074548,18.1061039956273
-7.35677678718154,-10.9328917628385,18.8677107887037
-8.54150903833841,-12.9367682982153,19.9501521163183
-12.175149234831,-16.8880716870321,27.1588433383452
-13.3833389361948,-16.2566314380386,33.619830806269
-12.9731105770118,-11.5482145651597,37.9060163218471
-11.5228942610738,-4.60724820593935,37.0684282154202
-9.0944783438193,-2.61486810251206,33.7047065916821
-5.46190691126156,-0.435510411802405,30.9481903606407
-2.96053939328342,-0.367006839469798,26.8668858315827
-2.1169608865076,0.845096509770848,23.6992335403554
-2.73094615636448,-2.97015259986278,22.3646369587526
-1.91481239121578,-3.10278439039997,17.1578581350438
-2.95233077704149,-3.04897178363642,16.2776178629738
-3.18453911061125,-6.17693318055856,16.1390647647703
-5.28876023606594,-10.2228580368113,14.5909739738949
-7.93030387441322,-12.3771585639687,14.9490628234238
-10.3930749070393,-18.0866404844227,23.0050140389367
-13.3220611417809,-18.6850140718904,29.7444114738038
-14.458987460431,-16.6849445292635,38.0455078401498
-14.0140973358834,-4.9602068844758,39.4253407779487
-8.55707613582287,-1.95883438986891,38.9840015876205
-7.30307822999804,-0.0926307965460864,31.5459016953909
-3.50270068932943,0.809992209815291,28.9815436404147
-0.308992044471102,1.20836912752748,26.5825819790291
-0.771126957368493,1.56891627562892,21.0463331209585
-0.740972680153424,1.06205486191217,19.2063515581939
-2.38106904508906,1.61649917585466,16.1908551603751
1.95440463920233,0.870351719406246,15.8359428431413
0.830417189400181,1.4972371393106,13.1005569124073
2.09866750984088,3.7669369215717,11.0129970636139
1.02415434772799,5.3167413357463,12.7061253676918
4.8184523055854,7.37526424430505,11.3311912510222
6.60195069116852,12.6899566393606,10.9073677514449
8.57103193605533,17.50323803876,14.3296777923636
12.5516335121732,22.1606060843687,24.8010745930486
17.4953250358521,20.0930615644662,38.4716214445724
14.4740246638642,8.62446758865711,44.954954937484
10.8686394636922,1.03457235619336,40.4655747027507
5.00983755063082,-5.63403195766105,35.0715043593771
0.24347250521487,-5.61921631548502,29.1334074336323
-1.89449861690698,-3.66337365992278,27.1209493279393
-2.03110393732744,-5.66699871506029,23.3052736356558
-3.31877326764391,-5.01810409880957,20.9948480999726
-4.25509751887575,-6.21476834809266,18.9718731574568
-5.80807824444442,-10.5715807917968,19.2573684791567
-7.73251605177974,-13.4111336592831,20.9985764904789
-9.27978041992374,-12.9512116317935,23.3419503022965
-12.1658591945171,-15.9774664332988,30.2037231173414
-12.1987591922568,-13.0939000968879,35.960592983709
-12.7129984474748,-8.59682226181696,38.8102550108892
-11.7386028787996,-4.45110307786012,33.9473265629308
-8.96848588443603,-2.55677080022327,30.876069572242
-5.06606087093789,-0.482474034137291,30.2545885291364
-4.3982151437965,-3.0793939438607,26.2084778884969
-2.93829383189197,-1.01801657556563,23.069514423442
-2.49025001650899,-3.97066925439155,18.5415079862641
-4.46134092488948,-4.71026430122349,20.3496612129744
-5.17047049669575,-7.74527639192228,19.2280853702993
-8.50109480442375,-10.5188916104263,18.0858914269408
-6.89397664185245,-14.5999212931157,19.2216880484727
-14.0529391673316,-18.9843561417442,24.4334402939183
-14.7749510993114,-16.330470028848,31.0802482676546
-15.344808926719,-10.1277951399457,37.2694991721883
-12.1490588930794,-6.15432363879891,37.1880064023346
-8.75278408777205,-3.35210887433917,37.1595023789572
-5.57078752152598,-1.18459603453205,30.8052355839747
-4.7075858114553,-0.408478290884344,27.3534372889884
-2.33699512051253,-2.58684101695323,24.8731098325704
-2.72051928817001,-1.02917067255721,20.9016226247994
-3.12532313758941,-2.45525435995123,19.7877197402573
-1.00373305748159,-2.18240407557801,18.2584953230287
-2.61063113405482,-5.96023278313109,14.4709566046931
-4.30664026312568,-7.64489224733196,13.0379237924207
-5.40356525117951,-9.938326207552,12.8572362519003
-8.99208089420468,-15.0065120649027,17.8491374362171
-13.4272847715365,-21.9143679963954,23.2541657348454
-13.6981945070917,-17.8012549511021,33.0020113218979
-16.1801477250735,-13.4014869411602,40.1261763197615
-12.868423087599,-2.83475466515647,40.4199678021491
-6.20903835092595,-1.07680472363897,37.2340744042599
-5.3398077965815,0.562840915709102,30.1516880226593
-1.51298222547544,2.78714718227472,26.7675920465813
0.363511880411962,2.31544856922529,24.3488877242027
0.211652029211372,1.84998988891927,20.7633251336891
1.10133751407269,2.72087547778188,16.7937612681122
-0.548000494046705,1.51320169394156,15.3892992165278
1.47210388290362,5.16771296034894,14.4616561911138
2.3646889158201,4.75342036092547,14.8638647434847
5.36454961346146,10.3082078610579,10.5755858444962
6.06159365572972,12.3745119018956,14.5499132439222
10.8499701271323,18.1920043011223,20.841895923553
13.6914728878667,20.5424346830749,26.5605796737456
18.6669216004186,16.4369459574076,38.002473620369
14.7072531191926,8.92596252106393,42.899131390063
9.35725242551298,-0.800436835097427,39.649739199091
4.57982056125967,-2.83707505738614,33.6706698889858
1.64377294565525,-1.06551715642169,27.9501814242216
-0.202315310563288,-2.39177841293471,25.4699911924883
-1.15969731228855,-3.05043119919064,22.267905980056
-1.4629479637396,-2.05338282796047,19.368180336429
-3.69071917441447,-5.69965540227579,16.7581310080504
-1.47073177404415,-5.60954600346764,15.4906984183273
-5.52091291475231,-9.03087116081874,14.1912210758188
-6.28101159929221,-11.7429815284382,16.8304327753339
-10.5580593473097,-14.9395037034514,19.2665063669514
-11.415911761408,-17.4254734469597,27.1252778972621
-16.1151360792329,-17.566247560969,37.0192107929989
-13.7124042591493,-8.98249425258529,41.4887941187093
-11.3934447188526,-2.21637265911316,37.0599813956653
-6.84226944846118,0.00708560699696148,33.5126303229854
-2.8874107789399,0.260357952841435,28.5005683986981
-1.70870183377049,0.485289135172924,25.3100810257709
-1.05272056782867,-0.313480624333352,22.8892581190067
-1.26844327405682,-0.022178278305739,19.7520013803581
-1.15078060908906,-1.04058404255176,17.5720456250378
-1.50208121538455,-0.244150407257973,12.9573831619448
-0.144623805626017,-0.712337260483521,13.1058476971176
-0.675953878068264,-0.974458211930907,10.113710686069
1.06344631511093,-0.531655652967629,10.062568496622
0.951890876637146,-0.653486861123098,7.73090022910675
0.162053557762984,-0.251465355605318,9.06745913737844
0.430347830287938,-3.20509708841534,5.81634438475634
-2.60711921756128,-3.19977853512211,6.5859174105654
-4.14051581129132,-4.95937435593303,6.12368064244965
-5.90190919016092,-9.72029504255417,6.85404655088953
-5.58039879980597,-14.6113909161474,9.82800487189364
-11.1365060447869,-21.3814841383589,15.1585804894576
-16.5398745463954,-26.6310996122906,33.3465752902281
-17.5910594895648,-14.3054734569404,46.6350945909757
-14.5338950824714,0.540109678368706,45.0751496784652
-6.02021736107423,6.06337702438056,35.5093237875035
1.88420296998579,7.30970564881438,32.0553841305002
3.27256373073128,4.93291648720243,28.7181295558758
4.61886627729407,6.70244423795156,25.4640818564905
5.87701528255186,7.92547592221754,26.4943866209596
4.99728960367484,9.00955831219429,23.4947670765092
9.40986719131115,10.4395255912509,24.8249678245812
10.2014356204332,11.9043022738694,25.1527261392378
8.83517739762847,12.9275059902215,27.9683037002658
10.0801580726243,13.2559229944914,33.3157868168887
11.4175711940176,9.9521976181169,34.2324942726554
8.79436493418701,6.50410120376518,33.2298266222218
9.54370693602859,5.9496527596369,33.4104310031412
8.2645919180397,6.89986086252253,28.8355674213754
7.22704304846075,2.88579499661254,28.1556077160049
6.79829496825456,4.23478195334679,25.2968969806359
6.34165417914861,6.61566430237328,22.7911075260886
5.95559585056335,8.76424734603749,22.6877051201991
8.95899375856495,9.93999054483343,23.6942988477017
8.73864462926595,11.2537303763892,24.8391880354733
9.71124041879209,12.7916128056639,26.671102233856
10.1073470993453,13.3520710890875,31.7815789485733
12.0194616026523,11.4559573888075,33.8824926097468
9.55448387730421,7.18540007722889,35.0110780382738
7.24636096761737,4.83755454981385,31.6641812981844
7.53909482624435,5.20266061979433,30.9472213623937
6.08370268232333,3.40924799602357,29.1239772834629
6.48740951001844,4.42537568238508,25.7144893678491
5.37077838533926,6.47786004924023,23.7279354530493
5.99774516257459,7.19314041568144,22.8292880914826
7.14568066189029,10.0502390551883,20.9077868544545
7.23251715777274,11.9143777809308,23.0394547318974
8.55545329077986,12.650506900504,25.7697524040228
10.6488855713511,14.7100620027464,28.3613994283069
12.4265112711827,12.1834644674367,31.4736072493288
11.6207346029841,9.25629478934321,35.2103079451958
10.4330597166521,8.74889549975663,34.9314036671589
7.19685385223993,5.59362860486931,32.8082926012512
6.15237800431221,2.39305255894668,29.6606357250018
7.3545776509958,2.95386639454919,26.0839274357862
4.99766155084962,5.11535785209038,24.8887591527637
5.89504682293421,5.23726894461596,22.8168581052627
4.1563686248793,6.55390430371327,21.2446913857576
6.63040132225906,7.87656445439508,21.8441458811114
7.20241483247348,10.8834645705127,21.3217992607178
10.9601878986353,14.0386355946442,25.5949854965685
11.277555280328,13.3545903433302,30.5163352893542
12.074751981487,12.8757628601202,35.7414194577826
10.8614191649779,6.77039131669684,35.3556174170491
10.3895814456109,5.3544353880245,33.6145821353423
7.09943573307732,2.08505069517266,32.3285401334165
5.37631091228518,2.95353881657012,29.3149648547889
5.72521736889449,3.71884633809706,26.0768516707838
2.79680319007545,4.48611267782248,24.107467640434
5.75672677098277,3.69079677536696,20.7905001159038
5.85349820688561,6.79705116784038,19.2438328899754
8.02947186612982,10.9629228766657,22.252279137602
8.41538775138912,13.5535585992353,22.1513787891999
10.1686522021389,13.6733101713091,25.5277425157846
13.8607575590143,16.0069622029436,30.2654291060109
13.3241855422435,11.5552477620007,36.0157896030757
12.2838106241244,7.52135659805052,36.3822638268448
9.23320989262077,3.52326255027098,35.9891074162456
7.84279422392874,3.16408418997267,30.5788734908788
4.98189554043615,-0.0478058709867395,27.6536601045802
6.17783487108029,3.20323575749547,25.6123416801117
2.02803244880768,3.56558317785318,22.3930733376452
5.03854130077548,4.05391033306793,22.2555354009675
4.68634583104639,5.00724265429245,19.458406443184
5.58778579795479,9.34739203100899,19.4696307728843
9.26013970135998,12.7073539345901,20.2766894765467
10.065434792741,14.4726056392927,24.9388267716746
12.4010674021719,15.2039227201589,32.6927190969169
12.3958985648191,13.0863173091143,35.6252998712376
13.9446598951543,8.12220503710916,37.5530363909439
10.4598533465088,5.18078404264735,36.2472964841688
7.48371136542004,0.570679550531942,32.5011639665127
6.15592103433236,2.2318483317495,29.1504940248907
3.60511085981097,0.70106641028705,25.4865097295072
2.47420822676986,3.01193019884941,21.8580839392606
3.72902609821324,3.31905689575017,19.9105735979455
2.61332579744317,4.33944351566934,18.5830431433288
4.26386951325823,7.77223278407952,17.396708404683
5.35001608059396,8.99120754802187,17.348866294332
7.44595137597249,13.0010347650928,19.3973562885618
10.1310516827078,16.901950974089,25.1230261287881
13.7449462610993,15.3296105194995,32.6960264377648
16.7084007228519,12.5381013323595,37.9388704488402
10.9275215787143,6.32939488226332,40.1476788177608
9.90186436043964,1.5323615248774,36.5054864444455
4.95737404277428,-1.72693936052574,32.7627448717656
2.42742886202521,0.19935042905982,28.550263557898
1.56374888910602,0.739016450650694,25.0476084988753
2.93927912258635,0.629932980950539,22.6096157155316
2.14503107698467,2.80256267044768,19.4892348356342
2.00246703282917,2.51199165283933,17.4551581420843
1.32766718154163,2.34682966060291,14.7821516137064
2.46963804908078,3.95538316843259,13.9997656347236
3.97269761966518,7.24796751208708,10.0299027285588
6.83638178441975,10.1323414739883,13.6025820405865
9.22222909185491,15.3697532890287,17.4800754752087
12.0221573630349,21.4362850413881,23.4280837984416
18.512223361022,18.5287601422438,33.4216653916673
15.589492238376,12.3940635438803,41.4597785686348
12.5118342924676,2.47165167914032,40.9966379388831
6.99213672158145,-2.66010419335499,35.9989748947271
4.16575164458132,-3.18285508989949,30.1997380669402
2.31799447009731,-3.73942103028166,26.0811731508105
-1.29042536559282,-2.30973393359208,23.8444084575489
-3.99827304826682,-4.1303863161889,19.0433997021234
-2.19340871259175,-5.07298948474288,19.0957046574675
-4.16978092253801,-4.70345262142296,17.0753969295253
-5.68661899316345,-6.72822274249533,14.1787030129098
-7.3100595589758,-11.2094829733041,15.7337279469476
-10.2106983696638,-15.4000210956318,19.4731637026466
-13.4632838430338,-17.0179403993208,24.9600115747947
-14.9740230397571,-16.700503990737,33.8822450222862
-13.2999805296076,-12.5108458434575,40.5231147038676
-11.9173407230646,-5.04221234729418,40.0721487222907
-7.7516558333231,0.324755343616129,35.4639575689392
-3.6944918244335,0.0962226726006231,30.4583656561134
-2.94869664864966,1.29333182786016,27.4338826013238
-1.33447357749103,0.471662045515845,24.8027466497545
-1.89195655612445,-0.700305697036025,20.8770868213688
-2.64348060922256,0.15554043183904,17.6788093133098
0.327219480213064,-0.719928931461893,15.0603172344283
-1.20536177429852,-1.8239394727313,13.9176297142242
-0.0616757800842298,-0.0977897007023438,12.5619503559009
-1.08590622972414,-2.93633983119886,10.4158325080891
-0.915155284873455,-4.21118463230378,9.42216638138658
-3.45067944354371,-6.96832950824515,9.39836453666926
-4.16223792391865,-11.4993674242065,11.7911286988824
-8.42860458761974,-16.4599230041365,13.1473840677766
-14.7504464224233,-23.6133433464194,22.8051072182141
-16.6545450293557,-21.5040353983654,35.9281588612172
-17.2262628756526,-9.03564262605834,43.7582002559609
-12.7198490191598,1.83797815595221,40.9080401486444
-3.80728287835325,4.26508923657909,35.1844753454935
-1.74311852570929,4.83157133898437,32.943183157177
1.59390024233328,5.31001279083694,27.6324640949471
1.20507817847856,5.45639147215668,24.989333317654
4.71543148717877,4.69495952035782,22.1633381257586
5.30380291104528,7.71345005942122,20.1050619147664
6.46549182542653,9.96417896911276,20.7325493647593
10.1593160682966,13.7595453846968,20.7666457544171
10.6168053457768,15.1044773933224,24.8700967606862
11.5889823485801,14.7489101312065,31.1866889781047
12.8753560269195,13.0336778465592,34.3542563428657
11.2909509858459,6.89468458789302,35.3184611365258
8.31797897737222,4.03449930053179,35.9572288874118
8.1258826689326,3.91026186914049,30.8302378726485
4.65124589145819,1.85159779589501,27.5642725761422
4.30882840575276,1.89699297399445,25.948378007294
4.83781462869755,3.98088131470591,21.1007879966614
3.91649879709719,5.36689595519082,19.7625807588049
4.91537521391251,7.4671024718816,20.7618208991245
6.09184642733988,8.11440340163434,19.3292789370493
6.18988805248511,12.9256885922931,20.5642735252366
8.80791840773708,15.2834338738938,24.1841634919105
13.0544317677421,16.4316432924967,27.8943377007909
13.8764854552544,14.9890335822905,34.2092543864199
12.7248755471614,8.62108362896439,38.4258104490139
10.8149656249544,3.88037922476183,36.5775264304221
8.97751444313043,2.07632188507072,32.2018044266965
4.30039545952835,1.97057402543002,30.4206758427835
2.77505043002027,0.310394807036501,25.9538580092334
2.17562669503219,1.36069402457885,21.2167429079082
0.898474600641294,2.08602402226862,21.076176810346
1.51473048109642,3.00031186409226,17.9961020128097
2.10327629132131,6.95515723115231,16.9900555124314
5.33174728415938,8.53880606427803,16.3515988495421
8.2338890419957,13.1932530510825,18.0938084439503
11.6441672924641,15.7648090886518,21.3482834525357
10.1304375809015,18.5659714775923,28.0823522104519
15.3253094636681,16.1770927993561,35.9613917187756
12.7970864215904,8.71811251947651,38.7750023832823
10.7914745275352,4.80306261056334,38.2733768904837
6.5915977350439,-1.16740682152504,32.4568366686296
3.43092656817006,-2.16560387605451,28.5702270487807
2.47725240067058,0.681079594705677,24.4232697411086
2.81696987267598,-0.204097701241236,22.0888770133507
1.32911050709427,0.705851335535177,18.0833430153669
0.759914231199327,3.1819596980798,17.1190427253385
2.45798947470814,1.86068314948729,14.3253697298358
1.72104081928106,2.41755852960961,14.5700876974174
2.50698955519684,3.29084012065488,12.807332805683
2.37680663774394,8.45949768572671,9.61238454453619
5.68783804649162,8.96917115155585,10.4189014041236
7.7009455387641,15.7547774275312,13.0238731501795
12.2414475437945,18.4495451042728,21.4728984637894
14.441247148303,20.2451318495026,32.0798665831506
16.203278038207,13.0988215427436,41.9946035538145
14.0409462745702,1.37415298903026,43.3258470820615
5.33938634250913,-2.68509429341299,37.4763901829521
3.79149978606816,-5.77540572594542,33.1056602274987
0.337765934041466,-5.14035596328257,27.5670148293186
-1.73861014188508,-3.65703194557937,24.0739487907762
-2.48495765917644,-4.67369578872149,21.2618404316879
-3.23554194174548,-5.16330208998865,18.9015230293557
-4.7029719323833,-8.46890372723529,18.9510330164202
-5.7315069145552,-9.98995127430629,18.7736436458934
-8.05089906399644,-12.8247252807645,20.4279619169302
-12.3559023504664,-17.2109079295023,23.3682019681694
-14.3254397081311,-16.839912225853,30.8298326730744
-14.4329754828925,-13.5432203254181,36.5668519209707
-13.1112545887187,-6.48138282541471,38.4499744446971
-8.40003356401892,-1.98253095273191,34.0799342721963
-7.45952139762267,1.39782443549671,32.3111097989801
-3.19177808852218,-0.709099569865335,27.0148411552709
-1.89193359028068,0.278044814080771,25.8526500939901
-2.11539470191703,-3.48913618399078,19.9708091582364
-3.26475115070813,-3.4889926283036,20.2383503638886
-1.53449608570332,-2.11475362970851,18.2225135958736
-4.84988193926737,-4.46163736564759,17.4196115548149
-3.5820592295044,-7.41449688496496,13.3525434299757
-6.05782897070612,-12.3279291640853,15.2375783340998
-9.03556209539525,-15.7911576110891,19.47900980376
-13.7685768935413,-17.2588752449367,25.7516328279117
-14.0869572753799,-18.1699690449511,35.1225830503091
-15.2552394984183,-10.2558839948399,41.1760346577603
-10.5186721759273,-2.62624760028779,38.3683523585809
-5.95939214017095,0.736160651845002,35.3060872211946
-3.21016415381251,1.30038625661665,30.1245299407502
-1.36247922438753,0.84138364364604,25.5280391635073
-0.145049746849523,2.25244541091864,22.1201523246906
0.709759302495497,2.19295878968024,19.8971536571869
1.20658591233972,-0.451124457767199,17.6675204478821
-0.281750031476289,1.19513605998154,15.9426908255579
1.24774774047768,2.36994089625859,12.778391655208
0.8224369264668,3.84925773068012,11.260817819316
2.51253220147942,3.89085605328541,13.166950766321
4.81655698710198,6.88525074959474,10.9329389989573
5.58022736374161,11.4136270826316,11.8283107428422
9.35675002618441,16.5969862258131,13.9099220996194
13.5348394489928,22.8392095707513,23.4347726395486
16.3261479627987,22.3213642924331,37.3968186063781
14.7174981271255,8.61826915986967,45.0684782803064
9.89908206580587,0.139598456547537,40.3505156997883
5.54104157577997,-3.34106412371224,34.1559268506476
2.46002508469436,-3.68830571643913,31.0613408973517
-1.26517247438329,-3.91396094639447,25.8275268641046
-2.0845905416867,-3.75704377134654,22.4002499854431
-4.36254926605223,-4.3520470217058,22.1100395194437
-4.13910132713723,-5.30736712450164,19.4770545023641
-3.64655707653624,-9.55147517223762,19.529900862297
-8.45631242285706,-11.5500808047452,18.4162636272761
-10.7568524589506,-12.9705087492091,22.8862957391743
-12.564055173891,-16.422903441892,27.0912600857678
-13.3755212033289,-14.7540689265294,35.3451220183236
-12.8416996112677,-10.3754933663804,37.7818853268344
-9.50615410357002,-1.84896941591358,36.390841408784
-8.09305235921451,-3.01035505571178,34.9178576349488
-4.83995879343521,-2.16413209922031,30.3055588865659
-3.87790824082699,-1.88584965240415,26.4102201898093
-2.01109826206821,-0.913869614756797,23.3104028357592
-2.70055115745851,-1.76260226856551,18.756678932643
-2.0703473568877,-4.90077062993432,17.742666366574
-3.78934279759524,-7.07000641998155,15.5648867559603
-4.64259351385806,-9.03725040235889,16.638274245238
-6.8838475459577,-12.4063053688741,16.5601780460865
-10.9951084347491,-15.6631587424927,20.1257359041343
-12.8911709837012,-19.2426981448581,29.4537111536125
-15.8098418141465,-15.8528762083271,35.3729943536708
-13.5449766206031,-9.65751610084735,38.9929359704022
-9.05620656769772,-1.37963372307785,38.1822465102363
-6.09153535885783,0.784160528988214,33.7779474984253
-4.8246070685617,1.10543564969585,30.9507515923633
-2.81884265096963,1.33871008482326,25.4088136366137
-1.78477114127521,-1.09819541929026,22.5139798173279
-2.37000292153766,-1.68116276306318,18.0673592030317
-0.629946085267746,-0.2569424984814,17.8990968624762
-0.953793226322854,-3.14984023273448,15.8869558799734
-1.61145989608769,-2.80991270822128,12.6647822466851
-2.57412287771125,-4.58949944620053,12.6197671534077
-4.18698129409575,-7.38480568776784,11.2303138737428
-8.33595669824639,-14.0117783491831,14.3469304542
-8.30353025623855,-18.2525776901806,19.3846362866376
-15.0967021914908,-21.5927456194996,26.4510846578937
-15.870505495174,-18.6753076801062,38.2671581077591
-16.7037362607717,-7.68672286469264,43.9750722569049
-11.0630881304095,-0.250027762213994,38.4365225459918
-6.48620084561816,1.66261162300606,35.1727464045916
-0.553150509902966,3.01950909845369,28.7357413893596
0.185850086812564,2.80425825788913,25.8487243534742
1.9041184796812,2.09745121952989,22.8587420468843
3.06776251983103,3.58892097332456,18.278418929314
4.11613392524972,4.93982244933231,18.9248625241131
4.27571242477389,7.19565867350614,15.9116038070476
6.78583081467281,8.51367804021093,16.1450182860956
5.82097936878077,13.4024062542589,18.3187901025595
9.25606246091775,15.8465716728203,23.3767450537705
13.5183865564005,19.7057442911012,32.3991930746093
15.0418109114838,14.2730040384682,38.2768883215474
12.8019817885704,7.27460524200881,41.1710446905108
10.0516691000288,1.73673747016756,36.4418071301996
4.89830428104974,0.0170585586736121,32.1322993847212
3.78308197123065,1.14645835457323,28.6336208715113
0.663036694447692,-1.03037781431301,25.2578607995049
0.331726501623974,2.33534679073962,20.2578859077431
0.239093650074164,-1.83929481602201,18.51589993586
-0.0569425722185168,2.13646760692125,16.3892341048207
1.16859186123766,1.32241709190759,14.7887932979425
2.13535895707054,5.15541261473337,12.7548474839394
3.90529352318872,6.963951219769,12.4344573140558
5.30853163802891,9.90117750101,12.856085982573
8.89813181700328,14.972219402036,13.9039904431708
10.5484415714914,19.2340863081372,20.4136315011152
14.2169819499856,23.4228019927638,33.128608847944
17.0630469721669,12.9867147194142,41.8868125120513
13.8100251328102,5.13284667873638,42.9416258525535
7.81324562130698,-1.23194657752784,37.0983915928236
4.07158899577696,-1.64475899189256,32.6353951067827
0.620771830128493,-2.41687748467181,28.1021500492324
-0.759340251036669,-3.5192090093159,25.2484233191115
-2.51661941796305,-3.14920009651145,21.6569477854266
-2.26443990666426,-5.77121494096609,19.2840409118601
-5.05542270204293,-4.57227582469731,17.2294214603101
-5.15821607048175,-9.26794572200862,19.9495410537238
-6.18200391691602,-12.2106422503168,19.564635025734
-9.6438087332866,-14.7775080198552,20.207123006501
-12.8952323224845,-17.6495346962014,26.0408950061017
-14.6331109673548,-16.9089674126548,34.8201438544194
