-6.12346892952267,11.1266825249177,1.29828506003781
-0.946723055412682,5.01909468812071,-0.00251271183152989
1.32068548657959,5.28489266255767,0.0659559403578361
3.63304682239743,9.42879065683753,0.897845036594812
7.63380164191601,18.3741724590295,4.39044648096043
14.7324546386689,32.188332228937,17.2023705991242
23.2311472647625,35.6055009997928,47.8630536836843
22.62275717611,6.6243673529816,67.5405752803873
10.9094917006584,-14.6818569362289,54.9069689475949
0.0328243180539546,-17.1107979286741,44.2551075292721
-6.41536723728231,-15.5696824430398,41.4526301131394
-9.5642410555728,-13.3441179824008,41.8439258456526
-10.4718984060664,-10.579349561567,42.3088377322638
-9.9425109903067,-8.0007420489064,41.465411204519
-8.80034931189712,-6.41008083674734,39.4075915729626
-7.7357126275973,-5.99499972144217,36.8423809693488
-7.13908716313682,-6.53419227432671,34.3858962457112
-7.14767733940489,-7.78747774032397,32.4580689265496
-7.76959917174409,-9.59886823584546,31.4216229453453
-8.9438546954943,-11.7569034106024,31.6761987756881
-10.4919112900222,-13.7344926175202,33.5643485411145
-11.9976213620714,-14.5444317223886,36.9339295078295
-12.8000589069005,-13.2633820111621,40.5532611382774
-12.370937464156,-10.2409768542092,42.5073887345466
-10.8509818373582,-7.1725388341832,41.9141606386978
-8.97515136443119,-5.39908194741681,39.5355150323971
-7.45503155989502,-5.05988312087003,36.5558663548275
-6.63363134807452,-5.75641524347771,33.7351132517029
-6.57144669462998,-7.18406881698012,31.492770323709
-7.22886076243118,-9.22735360654459,30.1897137947276
-8.54343354808715,-11.7592268922446,30.2898201369744
-10.3621009727262,-14.2831084517379,32.3124255946749
-12.2518591623903,-15.6025492405192,36.3254941453263
-13.391144005434,-14.3003816174323,40.9827331080938
-12.9985625920698,-10.547986378903,43.6799242575907
-11.1632380308336,-6.63173805039779,43.0630662802403
-8.84253780484267,-4.4147750004645,40.1965661916407
-6.95826515575902,-3.97139126381963,36.6703830617443
-5.90434177302256,-4.67390256001672,33.3549385756135
-5.70619849393423,-6.11678010961487,30.6282660903554
-6.29409563048621,-8.22303671498754,28.7953259956766
-7.62720084849298,-11.0180851612761,28.3217253012076
-9.64452101033254,-14.2320257767,29.9114662906712
-12.0334971084999,-16.7078738599931,34.1527860553004
-13.9172995589551,-16.3188608052497,40.2027015191356
-14.0708579282482,-12.1359171447893,44.764520974152
-12.1428838137932,-6.7927443370414,44.9984545767137
-9.23906410453853,-3.45789119621688,41.8496786666107
-6.70348909892505,-2.53035543875789,37.6749373323404
-5.13560865874728,-3.02537486783733,33.7049156361235
-4.54848172573054,-4.25591987731698,30.2982901333859
-4.80074963133819,-6.0790311192167,27.6265485391778
-5.82481522681332,-8.65929134800419,25.9917229933568
-7.65777159349334,-12.1682755823931,26.0226757070772
-10.2996110114672,-16.2326884358265,28.7842254462589
-13.3094678382114,-18.9415625880992,35.1332079928346
-15.3019934487002,-16.979144662704,43.240003081237
-14.5988140902435,-10.1716223787809,47.6294346852229
-11.3860860189705,-3.73646156705685,45.8288024877457
-7.65714595660017,-0.894618268940771,41.0301352762945
-4.88385589103305,-0.61572901438372,36.0881284939171
-3.34394125317121,-1.3513020002242,31.7564124501525
-2.78558482866593,-2.45383503694267,28.0546917328287
-2.94993409036373,-3.90871703352568,24.9701288898571
-3.74645543272978,-6.0071824937765,22.6189752432701
-5.27183148946627,-9.19667176859481,21.3846762579128
-7.76108619617838,-13.8650243417976,22.2211862973236
-11.3586649874124,-19.4606153005672,26.9793602486262
-15.3640547363543,-22.4024622180863,37.1600792250837
-17.284988468512,-16.940307164083,48.4015776905949
-14.7981829164289,-5.90978759621251,51.1384493593298
-9.60915266825544,1.04007361335619,45.9366845516534
-4.9391287634081,2.75612601831239,39.4985046326419
-1.94407716706515,2.495067052274,34.1539672424228
-0.29041031651257,2.10169652168845,29.7803009908521
0.638163975057266,2.11842450694262,26.0844552285613
1.31931555533341,2.67080544095339,22.9390491965008
2.08556390571271,3.89124693756355,20.3350662017508
3.22394896861352,6.08367540814302,18.4096761800714
5.07629779597048,9.77612699167221,17.6368701256775
8.07688661946003,15.5040670917243,19.3117918017806
12.4904177308854,22.4365233407377,26.1547264642734
17.230809558037,24.8581969244178,40.1213780035271
18.5366819145603,15.0627586855514,53.0006766460084
14.0786513743638,1.29631653215088,52.5797195267373
7.50586719528919,-4.70972592692381,44.9436575219705
2.46391629882823,-5.4251961558851,38.1712345066318
-0.57221186668196,-5.13034086429133,33.2122490371105
-2.39755533856204,-5.41388248479447,29.4504925104702
-3.81886945117758,-6.67871476583901,26.6561443262407
-5.4181918999668,-9.09122213379391,25.0262538631128
-7.60092015537547,-12.7308662859925,25.2221497248508
-10.5452754306369,-17.0719708659137,28.4552951795848
-13.8094765610087,-19.785768012209,35.6816591849461
-15.7940704262799,-17.0234547045637,44.5258638670468
-14.6774577086283,-9.17793632450772,48.5861139839491
-10.9696540834581,-2.53529313057134,45.914332532608
-6.99052712752563,0.0160354856568876,40.6092264784996
-4.17090521462614,0.0936480885077242,35.4963255959924
-2.63756085844592,-0.637280859595664,31.0998041151174
-2.04450166957866,-1.56790263093992,27.3327686650374
-2.08789585498714,-2.69787603896253,24.1218063581705
-2.6462038523457,-4.29201507938542,21.4915037461337
-3.78602120556953,-6.78096716482641,19.6318611731477
-5.74851835156241,-10.7299467671122,19.1179397829332
-8.88310151704049,-16.5014431361067,21.3907700870564
-13.2468087801412,-22.6507645796723,29.0474566520256
-17.3640837254806,-23.0428080040255,42.6298127390486
-17.6372395917256,-12.5049842848973,52.7626208874269
-12.9092925911166,-0.685579812922705,50.7461409327583
-6.89483719655434,3.95435788687904,43.4943652168423
-2.4732803233944,4.37125416358828,37.1657576132186
0.14431007195726,4.0445576529553,32.324360398754
1.69475131057075,4.23463589340685,28.4801056367561
2.88580093380749,5.2795901727761,25.4368021027613
4.23705996393061,7.3831267650746,23.3107725833177
6.15874613970973,10.815943487422,22.602898720094
8.97861360020674,15.6200817149059,24.4714824022032
12.6657866802482,20.4032804301241,30.7020027969148
16.0215586679634,20.728120675413,41.2602500111637
16.4668675023877,13.0970158809643,49.60535552015
13.0073983244691,3.55315519168666,49.1231504837873
8.11945997584498,-1.10840595646552,43.4352489436653
4.24853321303824,-1.88138345591119,37.5469537200742
1.923508794193,-1.4156974646203,32.6249072968729
0.722811833040095,-0.915411321090592,28.483784411271
0.14071552335722,-0.66234686239152,24.9136977623655
-0.165950645465933,-0.653014128907501,21.8046592847563
-0.395252980164829,-0.864468501215787,19.0929046146727
-0.670622875002297,-1.33842352928435,16.7368037209952
-1.10397850778631,-2.21957563999398,14.7204517745185
-1.85148824497526,-3.81139567310645,13.0883164714558
-3.17814295290706,-6.67405061163283,12.0621789523493
-5.53778048977473,-11.7093267926848,12.4073515014314
-9.57850779857135,-19.7250016603274,16.4026616129834
-15.5074562118846,-28.2738144926552,28.81671638417
-20.541704826115,-25.3164198712683,49.6386284412891
-18.5316518419563,-6.10868989478283,58.808541051965
-10.4044073464369,6.95297897772641,50.7037386130603
-2.85880692677457,9.38965348544805,41.8638248868157
1.89809934299025,9.04651107668654,36.5383087766312
4.70284505397902,9.15279860057678,33.4327219974981
6.65173935530802,10.2217073907561,31.8508047319355
8.4216284798192,12.0070851466905,31.811186154964
10.2397773150081,13.8541498340804,33.5365619501247
11.8899170565614,14.6679027654817,36.8543362904573
12.7907804641514,13.4174231340157,40.529607971631
12.4220341013794,10.3648697842708,42.5864119387989
10.9133678539873,7.21152042401764,42.0534399001803
9.01069424862498,5.35983715103937,39.6711657479385
7.45036901958718,4.97460067216665,36.6536242658211
6.59159441675066,5.64664328055859,33.7823943621925
6.4992033449519,7.05848384260625,31.4806002310834
7.13357384758494,9.09409254618081,30.1050979268327
8.43538560112464,11.6418570394845,30.1186470292645
10.2628109661015,14.234520884247,32.0597954177238
12.1996340714963,15.6891743689114,36.0583049435668
13.4239080732423,14.5179848649102,40.8380921184479
13.1091777542036,10.7638144206235,43.7414800569343
11.2900804617492,6.7199603843174,43.2566216209084
8.92544676147308,4.37564388039014,40.4034437596184
6.97608753030012,3.85987787730408,36.8320001127694
5.86257685890034,4.52432651505489,33.4544069634014
5.61552669278286,5.93667842489844,30.6543312949888
6.16151719250621,8.01175941730497,28.7265793114417
7.45918497666389,10.7909444109474,28.1227130585838
9.46037535115831,14.0540833208324,29.5483998962989
11.8860960391574,16.7153685209661,33.6632689997004
13.8926281006818,16.6174893568156,39.7986584881947
14.2122212909486,12.5689913945034,44.7120192237072
12.3698638845733,7.0540156484879,45.2667190896718
9.42488826226163,3.47224835325312,42.2029811476234
6.78718404761205,2.39887205848067,37.9778644407045
5.11883806571764,2.82642946873317,33.9277473385972
4.44951088255684,4.0067640424833,30.4335749919082
4.62930828934384,5.76347420334405,27.6527360645976
5.57861771864472,8.25728974183001,25.8570391387453
7.33384499674378,11.6987297470422,25.6317855712538
9.92715787585688,15.8430939868321,28.0251594795862
13.0094173918001,18.9895286456743,34.0729301914616
15.2883390277402,17.7185621936909,42.4409098518505
14.947639389696,11.0885103196219,47.685115598978
11.8629186675412,4.15709690001851,46.4543733573409
8.00380228773537,0.850239079901023,41.6996404576013
5.02707387089159,0.370364734226156,36.6344638842607
3.31626218377745,1.02859567005933,32.1820475712757
2.62673724780706,2.05453803548413,28.3696729128716
2.66999632195175,3.3728886057231,25.1563394873554
3.3201459772698,5.24044258258355,22.6103175208827
4.64269806922358,8.0920784868708,21.0166471875597
6.86589663789699,12.4074450569034,21.1380099816672
10.2338586938826,18.1032254229604,24.6352457084972
14.4196499165775,22.6145857159584,33.6277941567181
17.3685333210236,19.7414920168435,46.0544610042003
16.0751287388278,8.73687501710917,51.9247066490737
11.0766154104123,-0.185316752442037,47.9521310637579
5.88612389029593,-3.02861776502645,41.2310892426881
2.33937386452771,-3.0280612214041,35.5089921190129
0.318449565566435,-2.63323798640548,30.9147627482829
-0.829571083598908,-2.65668088223326,27.0941449407593
-1.66383164591843,-3.30296499128335,23.8874590307056
-2.58336975805409,-4.73057000358145,21.3021102538665
-3.92356369309465,-7.25955433877949,19.547113271503
-6.05409518392948,-11.3815408646792,19.2672240972374
-9.36531791375752,-17.3195054149203,22.0464687874483
-13.8247680078633,-23.1673949526552,30.5238491744004
-17.6667354492573,-22.2518391798407,44.3750351033854
-17.256689077771,-10.7947204815095,53.1099763951974
-12.1386731644659,0.251705676944163,49.9015200846454
-6.24722461807377,4.1025765740491,42.6078781543747
-2.08351610424868,4.29402027961825,36.490468592018
0.351477223748899,3.99067040546504,31.7928330131363
1.81664790443619,4.26630806924849,28.0445763775132
2.99359727013049,5.41427565109283,25.0895595385417
4.38144681137602,7.64469508234762,23.0776221121222
6.38199553215445,11.234441341698,22.5626672266309
9.30907311725424,16.1637913925989,24.7901923228532
13.0621333100934,20.7872542265456,31.5613806574485
16.2721209856632,20.3702356691267,42.3810861349327
16.3082512667553,12.059383536555,50.0433980906837
12.5331271622895,2.77651119071747,48.7224250355571
7.64145993348941,-1.37502235322797,42.8240634895597
3.91120846082278,-1.92084382364022,37.0075781580028
1.71392834513854,-1.42326014740852,32.1721591134263
0.585929842063492,-0.959950493672254,28.0956518885853
0.0281087163679454,-0.76596315166518,24.5775671202086
-0.291115647293078,-0.836499254809933,21.5150267889392
-0.567351711185585,-1.16937625693756,18.8495145506535
-0.934569094119835,-1.84588006756375,16.5489774389444
-1.53232221875973,-3.07929854197599,14.6233707197145
-2.5699949091465,-5.28902501217959,13.1936801131081
-4.40189797035872,-9.19975331391993,12.7123939068917
-7.58684417033922,-15.7493989949503,14.5970277352332
-12.6610668336968,-24.5915108330316,22.4318048195864
-18.6002303238106,-28.5613452307304,40.1291804396723
-20.288745042363,-15.4345110422984,56.9597801948938
-14.31199833837,2.29081449216301,54.9612557027898
-6.12467146885192,8.48619710751242,45.3277021992356
-0.247404362958042,8.76197702329213,38.4850520899558
3.22725469207101,8.52725790557064,34.3543379782531
5.41923808626298,9.18592569503295,31.8838679354368
7.21841178734011,10.8013757197893,30.868577809414
9.08582019572393,12.9844269049657,31.5753579572356
11.0490756111109,14.8509419177905,34.271155044591
12.6594976581139,15.0214200300779,38.4491090490504
13.1599023911604,12.6419797088582,42.1915203196851
12.1529640924609,8.83167569100941,43.3436842417866
10.1426115251091,5.77195285824383,41.688602623668
8.08567569014419,4.45177631461324,38.5963297002743
6.64321174531558,4.56657234821568,35.2831417254047
6.02232041547211,5.60128609924754,32.3505932172914
6.20121732577946,7.31804339624475,30.1330155089739
7.12428113417945,9.68696788296534,29.0035822470419
8.74071293384619,12.5957117773728,29.5206231658271
10.8763253497984,15.3829557159031,32.3225075282546
12.9660338758964,16.4437651079203,37.3613788394255
13.9603903584104,14.1393270074642,42.6073052005798
13.0408211564119,9.34457534174109,44.8301124104671
10.6337322060517,5.17632021395656,43.1955557602648
8.00900462944699,3.28138955447308,39.5653024354786
6.08805219528839,3.20190740944179,35.6447534813337
5.12617799731213,4.13008974841048,32.125522995847
5.05071743472528,5.71018377904112,29.2629154955587
5.76678653770817,7.96940093845432,27.3207106460743
7.26122835699149,11.044146270195,26.7944626562091
9.52990880008734,14.7462035768705,28.5367031038795
12.2914525599798,17.7884618644164,33.4256646322628
14.5381980932899,17.4406485371928,40.6739793030722
14.7141710761157,12.3187870404004,46.1228653484517
12.3608956327861,5.90991866862446,46.1449427062191
8.92314004510215,2.20580458787605,42.2901993698651
6.02374290698683,1.32213900785222,37.564907553968
4.26033282026843,1.85780803554912,33.2309075524254
3.5414874041509,2.98601136508684,29.5082213557313
3.64192300685097,4.56279956601596,26.4452071253943
4.45595066971546,6.81377449909178,24.207354931974
6.04569117421402,10.1082551253467,23.2488053499461
8.57114332489959,14.6245388917377,24.5763627859407
11.9990614661202,19.3716809833011,29.8087149687085
15.3760642897196,20.6620524551378,39.3858664290082
16.3958566270504,14.5847777790647,48.2135116881137
13.6526789540647,5.26477665684607,49.2404031951371
9.03419200525648,-0.119992956417278,44.2913897468703
5.07800631645757,-1.35927019875444,38.4630779719626
2.60540756012478,-0.973924089622854,33.4472290288831
1.33414025094763,-0.337348067752199,29.2123222835117
0.793899342353173,0.195665874210807,25.5621282532528
0.657907733376857,0.661846972071008,22.3852715603419
0.770020946982569,1.20634411855406,19.6214730160325
1.10303116808125,2.02406646947706,17.2418042459289
1.73421959875045,3.40120106759401,15.2669651447845
2.85866892032374,5.80803793777103,13.8489315889668
4.83813381990434,9.99799875929679,13.5254375575717
8.22896299674731,16.8223288922945,15.9135830651635
13.4458112933074,25.3589126173354,24.7868834740676
19.0125358667633,27.3438628106821,42.9213706376717
19.6355914303207,12.7411830934405,57.228244948712
13.1844167384785,-3.22011499102039,53.4175877050077
5.39718379779884,-8.13660718954998,44.1485165430567
0.00568439457850199,-8.20874169029465,37.6978368315862
-3.17188447389545,-8.06248632481582,33.6540156913385
-5.23145572584246,-8.86021204408746,31.1372627710338
-7.01337027316007,-10.6595602440784,30.0527697704258
-8.95992194249395,-13.112396088278,30.7634949550878
-11.0942114906372,-15.3129336566578,33.6753355955767
-12.9196887808409,-15.6754629271178,38.371161383235
-13.5414638930495,-13.0661570960526,42.7031249216888
-12.4403436994996,-8.72457931908199,44.0692081485269
-10.1812707101486,-5.26990873148436,42.2090467893139
-7.87768432813052,-3.82279968363868,38.7873725522957
-6.26774686182908,-3.93637550373013,35.1810180104689
-5.54898423492727,-4.97972686394497,31.9891799087357
-5.6689354008861,-6.6939501746908,29.5025316015405
-6.56080047273581,-9.09903355420688,28.0592176625894
-8.20066886603332,-12.1990739032714,28.2292430142457
-10.4874192402778,-15.486605878751,30.8089825057305
-12.9319352859553,-17.3138206187899,36.1448120924468
-14.3969922074887,-15.425011779455,42.4364101354573
-13.7266933406297,-10.0992850811877,45.7315803458095
-11.148660647227,-5.02234351893269,44.3681588946632
-8.12884703950866,-2.57842593888433,40.4489716177401
-5.8333356018061,-2.29133787843916,36.1428282047848
-4.58809731612885,-3.09926067705484,32.25981456461
-4.28455440857257,-4.50628539728414,29.0018455894291
-4.77755307975865,-6.51934645015647,26.5323020234814
-6.03988344993164,-9.37742724851794,25.2149460477997
-8.14395656054715,-13.2295246632656,25.8142323608882
-11.0585038729383,-17.4414327591537,29.5550921145226
-14.1395456822299,-19.475487287825,37.0616383669733
-15.6803789033888,-15.8787522469938,45.2928134965808
-14.1387107455885,-8.11969772450306,48.2024767584882
-10.3848622964728,-2.23134760380605,45.0246659428405
-6.63770189991491,-0.186477802492168,39.795978711478
-4.08219543653701,-0.29161548828022,34.8610050994431
-2.75297525459824,-1.10320895020968,30.6105566862188
-2.31995573505856,-2.14926818814865,26.9752271773225
-2.52598193368605,-3.49747115397564,23.9210821161042
-3.30027858064043,-5.46591754058685,21.5372042789124
-4.76059246855338,-8.53141386014793,20.1551653308274
-7.18058531201154,-13.1948397437932,20.6594303241351
-10.8130331080572,-19.2234587762108,24.9545456096371
-15.1736625139776,-23.3638677460149,35.2068943591343
-17.7895235309802,-18.8010857654029,48.0531835349323
-15.6669692271718,-6.73155756268449,52.3984128933261
-10.1535003829823,1.52495920788333,47.191415369257
-4.96432680585289,3.67477190224986,40.3170346336095
-1.57771853381615,3.49567694330848,34.7548045468124
0.346842786664848,3.2223565525994,30.3361770595868
1.52106740050053,3.53169118834503,26.7035806678239
2.5167941316021,4.62579118197093,23.7555055854364
3.75635748051594,6.72877812771706,21.6171585733484
5.61577440019084,10.2100181490926,20.7629226822811
8.46373861194109,15.3276690369268,22.3747259325759
12.4055145459492,20.9953867506667,28.5862780038143
16.3510695854848,22.4366320734437,40.2636047521705
17.3274894560144,14.4134239569016,50.6020588194458
13.6901693593289,3.20370032388361,50.6784172562046
8.1793776062681,-2.30513448436896,44.3931866548528
3.7758078747306,-3.21233563245711,38.0580880639105
1.09956089777076,-2.83074988601251,32.978964686501
-0.386957550800996,-2.6210259556376,28.8271948257756
-1.32041903478044,-2.97400982249053,25.3442900696609
-2.17062844278819,-4.03207813251106,22.4660443257434
-3.29215139455348,-6.03032706712951,20.299006424536
-5.03316549406096,-9.39537264874056,19.2545011957155
-7.79066646253071,-14.5702171301219,20.4343615676238
-11.8148391805905,-20.9233379883476,26.1174096573779
-16.2822554181721,-23.9288032783161,38.2026750574422
-18.0851808158174,-16.5252403451801,50.7574899593215
-14.6760952918634,-3.71937256597583,52.2914509710083
-8.66657740853961,3.07619010115817,45.7084086624689
-3.67988469332645,4.30890388749035,38.9174502928053
-0.595092286377264,3.99583589661035,33.6725969369912
1.18029125126779,3.94753163173907,29.5401113279547
2.39332003038441,4.66382810513885,26.217513698433
3.60979894094329,6.34555156406238,23.7147303084919
5.26062674343567,9.25387912385858,22.3629783975398
7.71555078482508,13.6236590142005,23.0373758716556
11.1603329530923,18.8656878686831,27.4091752707801
14.972309626257,21.725799616382,36.8068826891061
16.9103364646193,16.9889386678331,47.4203086254814
14.7845424191428,6.76939912447492,50.5377951532988
9.96678928169715,-0.143746182086835,45.9565685710375
5.46354921677197,-2.0614802346784,39.7496132087263
2.51849347409938,-1.85122819347511,34.4217582398394
0.913361335101021,-1.33349227207123,30.002912921181
0.0977343617730118,-1.06136224757863,26.2322038397612
-0.358771852393435,-1.11270043362057,22.9653731191848
-0.725626993708033,-1.49681469455135,20.1318939726892
-1.18413233207364,-2.30274223264662,17.7029383894776
-1.909152138268,-3.76983338754843,15.7100079375224
-3.14648281290086,-6.36471769261953,14.3402335219361
-5.29052327504976,-10.843615029474,14.2290533065381
-8.89918946233421,-17.9320169768015,17.2136593791637
-14.2395124033727,-26.0293530632082,27.2085749367359
-19.3487384184591,-25.8707610234994,45.567034789034
-18.8977529649102,-10.1323107221786,57.2193154595909
-12.0643514104337,4.03643039353379,51.9039113910334
-4.67828000948965,7.84421459800111,43.0191672207885
0.265705969047586,7.75867446325326,36.9298703452006
3.17674591017759,7.70635553729109,32.992632267304
5.12210733686411,8.63747133968417,30.4769947231368
6.89253063476445,10.5991272561439,29.3799280963501
8.90760288115081,13.2718070080186,30.143003976401
11.1793303351652,15.7218477112941,33.2808076703239
13.1625340309679,16.1820693517944,38.4277630240282
13.8436362269162,13.3070719347171,43.2042354870048
12.6197796858569,8.5074537355542,44.644053763749
10.1378243927093,4.78228867457865,42.537023472708
7.64587925523534,3.29446861857586,38.830807102212
5.92595091651201,3.44054093766703,35.00628966021
5.15069427967292,4.49808086710342,31.6348803009143
5.23565440265684,6.19991404751829,28.9621228663804
6.10233546617225,8.60650164617204,27.2907394071481
7.74583562026575,11.8128167057675,27.1823711221796
10.1247188881129,15.4553956113856,29.528065453441
12.8316239187523,17.9305437353569,34.9949789327521
14.7009567429792,16.5240347687364,42.1057132577907
14.2972873767997,10.8461901270444,46.402125518804
11.615568864167,4.96309827582379,45.3565879319685
8.26658103692416,2.0115261389005,41.2105509209415
5.64871086482115,1.542562526237,36.5914817756291
4.16089014534439,2.2519003661179,32.4340946101342
3.66157118553316,3.50149467882534,28.8951123742283
3.95213887499706,5.25346970533953,26.0531819120958
4.97045832454924,7.776064487176,24.1454116327602
6.80805915367631,11.4074654637283,23.760471905539
9.59289653334118,16.0834264852794,26.0897087879584
13.0857589309331,20.1207103373786,32.6390666088392
15.9118361903601,19.2861878553185,42.5049289441763
15.76305976794,11.6087171862186,49.1329755974479
12.2469272123524,3.30076335571166,47.8120667973888
7.76845073431905,-0.498062330868298,42.3640972972449
4.34188992241841,-1.01590485089256,36.8268441200728
2.34134950604373,-0.451145130190319,32.111094252844
1.39189406028252,0.243794157411381,28.0924519535566
1.08068567415379,0.903561617285583,24.6174191934332
1.16435941159958,1.653082828758,21.6099478586725
1.57031868028313,2.72920260399043,19.0502758176503
2.37023683509089,4.48285454003822,17.0000796298294
3.78339264105322,7.45497002772109,15.7265406106982
6.20318562238764,12.3921692102306,16.0609997637778
10.1223253343449,19.6492333391546,20.1867516785555
15.4289382812281,26.2684893051986,31.8028849568376
19.3860066377129,22.3870724142955,49.0874944681973
17.2946290231937,6.43987659743581,55.9951324897933
10.3479800231102,-4.47341534583748,49.282925224075
3.8348178925725,-6.86660333896624,41.2236179382489
-0.346212964570393,-6.64969697451022,35.5918844106707
-2.81495694808926,-6.72644289352372,31.6785455372804
-4.548590874606,-7.80851892086077,28.9856623860567
-6.26195955147068,-9.99646169893759,27.6173574142717
-8.37590425295742,-13.13233156615,28.1384714292583
-10.966184672255,-16.4031851787418,31.3856771064788
-13.4954978356645,-17.7130153177182,37.4806094079344
-14.6747171936096,-14.7529871924909,43.8688437051956
-13.4539382394091,-8.74037345067813,46.2672693584873
-10.4747677456403,-3.89159532107838,43.9382628883179
-7.38639083793806,-1.95849075031794,39.5876581928071
-5.2157272485931,-1.99474118820754,35.1862716012408
-4.12938796263569,-2.93514837001976,31.3097641040609
-3.95377893592402,-4.39362176950223,28.0770306218698
-4.5427679852762,-6.45943779056468,25.6346941224534
-5.89489259996791,-9.42905263570742,24.3583847996096
-8.1184726672786,-13.4968783405056,25.0714027598275
-11.2106799540667,-18.0015822594138,29.1432579896214
-14.484784533668,-20.1154313615844,37.316549701194
-16.0449996475499,-15.967930022586,46.1342003408783
-14.2279245360092,-7.47980987136222,48.8639534883343
-10.1321014672463,-1.4186969211091,45.1501432330863
-6.1910225997754,0.493626371907404,39.6075351323737
-3.56392291170904,0.31357049043438,34.552399964275
-2.19155015676164,-0.43497801958899,30.2422305404287
-1.67863408630862,-1.2819630514001,26.5411332026818
-1.72589699644682,-2.27482791800109,23.3660326956643
-2.22079293019401,-3.67343338578481,20.7193291584345
-3.22871643978981,-5.88655984574342,18.734538289844
-4.98614613179109,-9.49183647209209,17.8587914218128
-7.87761587794128,-15.0611403299125,19.3096356239151
-12.1726709971904,-21.9312638838024,25.6820801217299
-16.9197007686968,-24.851839299587,39.1161411575092
-18.5457957669266,-15.9425416538123,52.3504210301295
-14.4549686359996,-2.12660489116229,52.8145266112118
-7.95229258521139,4.36371183238548,45.4068525043498
-2.81939438326092,5.27518170861384,38.5339469355107
0.299630903797467,4.9715808878879,33.4606224702248
2.1529298685607,5.16914594464694,29.5932829572183
3.54922048752763,6.31230107040524,26.668492861065
5.08026321212939,8.58160354570413,24.8370258354713
7.16842383961903,12.1079862049922,24.6946447224022
10.0467280569223,16.5467435921214,27.4204495775228
13.4120682540172,19.8814742586225,34.2301917108309
15.8020817581786,18.0869734772115,43.4881155319475
15.1765190180209,10.4020717505948,48.7556272843108
11.608227427818,3.0287369498351,46.7793186297555
7.43279688184943,-0.110939645982378,41.471485828234
4.34593294325677,-0.411118265984127,36.1892767257182
2.60101033853282,0.243344985773628,31.6502758030524
1.85087326459774,1.08825711845355,27.7643972226836
1.74936068355923,2.04952329995289,24.4267701808419
2.12624169171953,3.33898317034461,21.6173888245202
2.9963001396455,5.32670083592271,19.4311600361993
4.54843278511979,8.54614839694849,18.2168372185571
7.13120904551231,13.6001800006849,18.9513494944871
11.0799883842797,20.3034568158637,23.8617340177396
15.8726870190712,24.8115799286768,35.6215933623855
18.5588370302365,18.8930169316153,49.9777488655293
15.7389412638949,5.01075541675198,53.633528153199
9.45707501451577,-3.33211152203445,47.157689439022
3.92476567357695,-5.07054702394029,39.928226877659
0.426384856323516,-4.81691440805961,34.4792041598272
-1.61096460180138,-4.80335592420664,30.3307794766911
-3.01458592838146,-5.64525796212872,27.1163564864404
-4.41763837987518,-7.54969042621285,24.8747729514094
-6.27856598059506,-10.7026011347468,24.0443734502306
-8.91704794053083,-15.0581649093365,25.6327796578543
-12.2956443497066,-19.3460047922268,31.1136758763721
-15.3793044489006,-19.8434875484598,40.4006084015804
-15.9824521257713,-13.4983816935426,48.1437705631431
-13.1095940304287,-4.89525458602391,48.4120983450386
-8.71792494582457,-0.182333630823158,43.513327982115
-5.0660978554395,0.818756125243767,37.9267177005663
-2.82781011228782,0.358948344260409,33.0747079691903
-1.73129062430149,-0.386544111771893,28.9448072081364
-1.36393602690053,-1.1515975626486,25.3849114913495
-1.46313560677396,-2.04641122603974,22.3193291244072
-1.94845341309143,-3.33369988436759,19.744459221163
-2.90183267822663,-5.41098969504138,17.7693646856598
-4.56804959255492,-8.86358106181698,16.7846959577905
-7.35565982424937,-14.3645813262211,17.9103822840758
-11.6390202936104,-21.6189877585483,23.7417621824473
-16.723881730289,-25.8417026414764,37.1838226074386
-19.0672677067313,-17.8046439825672,52.1803860824712
-15.2791143996863,-2.73594681056175,54.0652427964339
-8.41741988941463,4.87790768531185,46.4517808970449
-2.82662542335154,6.05109610418118,39.2288633283259
0.605142208998802,5.7626306393356,34.0743004259312
2.65575670463148,5.99984479937673,30.2927039438499
4.20170652478246,7.24833091516383,27.5784735830988
5.87134831811243,9.6383794423903,26.1206864634134
8.06694195225854,13.1320444333605,26.5750626917417
10.9002598213731,17.0077704081132,30.0168471591981
13.8306012287449,18.9042042932343,36.9424841435214
15.3355662965387,15.7125504549474,44.6111531351388
14.0072300427677,8.59490660796627,47.5768655375463
10.5554505867041,2.92893387032828,44.8367625547272
7.00187082866857,0.803771782342662,39.9135358223788
4.52838799154011,0.840520277141484,35.1187896984584
3.24413206336682,1.69074743984751,30.9500720304666
2.87731064943171,2.88653594854296,27.4036929335865
3.20698828348951,4.50235133055607,24.4986420900294
4.19019703566172,6.8750356568589,22.4127162471908
5.9631504210314,10.4572200354409,21.658084425988
8.75954823210949,15.4787198957803,23.4229092114512
12.5666504196608,20.7243725613086,29.6824832593076
16.2089303146973,21.5700111196459,40.8299211573744
16.8946365112988,13.6985904283767,50.1288240934033
13.3291925245735,3.34878200233685,49.879559005365
8.13288036032254,-1.7077492581522,43.89170472693
4.00356015162495,-2.54144859315114,37.7814716094457
1.50829267145545,-2.11901521610443,32.7741634344069
0.166913491012319,-1.76765835600467,28.6138869931264
-0.591611020950579,-1.82488769298751,25.0628286026313
-1.17518486983071,-2.3667766726405,22.0214283312752
-1.86613637583249,-3.52056569234171,19.4802416650293
-2.9209149684526,-5.59200869089666,17.5530627831691
-4.66584831480117,-9.12708040052275,16.654371971918
-7.54829432955752,-14.7719442956186,17.9717890221861
-11.9380989332921,-22.0923903482822,24.2180180214154
-17.0218496518038,-25.8714891236686,38.1660180210805
-19.0645454373108,-16.9561597613947,52.8441352901441
-14.9145599863591,-1.92829208570644,53.8183614889314
-7.99512088277657,5.16509884556874,45.9798278311803
-2.51219281518502,6.12983598477662,38.8749052241468
0.823330973259132,5.8422773364003,33.8347002437652
2.83276019541521,6.14692504224868,30.1459006577348
4.38520130058619,7.48284827625321,27.5372545409206
6.09437695891656,9.96259653574038,26.233394157964
8.342554847216,13.5025046433441,26.9272123920716
11.1955289285229,17.2552984131598,30.6812193469984
14.0248323245136,18.7189727644445,37.7697448460095
15.2663014707461,15.0334595642674,45.0736230227774
13.684498564326,7.95059269602168,47.3764724209423
10.1920983260392,2.69738529446124,44.3187345377474
6.760796216694,0.869594949555836,39.4081900412079
4.43757923717323,1.0263926356857,34.7052002106335
3.27435481967503,1.93119005100643,30.6245988754465
3.00318702835376,3.19310375683243,27.166801097462
3.42649209523719,4.924050702545,24.3751482471917
4.52582541207448,7.47905168276857,22.4729019704961
6.45339057865746,11.2931084732787,22.0634906768992
9.42126968432021,16.4374392793704,24.4731900336809
13.2738339048137,21.1990625980082,31.6208548300946
16.5280645111849,20.5390860272894,42.9094028465339
16.4075874002975,11.6607160271427,50.5640693748057
12.3784274294826,2.1888872050135,48.8103562588365
7.34406684947892,-1.81972251974246,42.6594163599615
3.58135529541653,-2.26409660216024,36.7946752067716
1.37913052934586,-1.78098308847972,31.9746719223747
0.221840256977928,-1.4263443641411,27.9283954904413
-0.416389212855437,-1.43790489205766,24.450739892031
-0.89322833401059,-1.8557445162155,21.4494981527661
-1.44835953641087,-2.77479046434454,18.8977937394119
-2.29596016925639,-4.4499109245971,16.8514700773978
-3.71429067875509,-7.37229020830294,15.5689375843926
-6.1204896219293,-12.2735301651026,15.8648308408518
-10.0246632581291,-19.5398420923569,19.9014624910707
-15.3535793054534,-26.3171378589555,31.4291489189688
-19.4193137080094,-22.700870740083,48.8910210370175
-17.4344666300837,-6.66541120507965,56.1560739201255
-10.4629481740416,4.50338904658556,49.4874200030108
-3.86978741339055,6.98227191371816,41.3563446446965
0.37250083350513,6.77030393679689,35.6990906185291
2.87724325782781,6.84215666197202,31.7963797857077
4.63136412578497,7.92177903854194,29.1340152920465
6.35529214118679,10.1005324315017,27.812279951851
8.46660314002319,13.197099638361,28.3896058825531
11.027708690216,16.3681757650301,31.667804185738
13.4881596488581,17.5334010719092,37.6867999163742
14.5822247510986,14.5194753994346,43.8617122733414
13.329103934866,8.63697440511074,46.0789687192985
10.3956768806536,3.95402204727889,43.7329823197482
7.38320494432736,2.10305359175067,39.4473033100013
5.27737818938325,2.1669711158762,35.1127702469085
4.23899023551052,3.129889965509,31.2953415755834
4.10472589646343,4.62867140946235,28.1278879025808
4.73953564630676,6.75732830569521,25.777794448531
6.14697517378828,9.79840450407053,24.6520785634663
8.42438013804886,13.8851783144124,25.6112037420253
11.5188637246556,18.1995330707704,29.9949542261448
14.6436567984592,19.7689193161125,38.2469298783803
15.8831214078824,15.1268167417023,46.4876834816797
13.8247412519504,6.87113843979276,48.4590770136377
9.76604734945868,1.34622615342642,44.530388269224
6.01113115907051,-0.277973401924601,39.0931328549094
3.56275122822386,-0.00524494046541419,34.1625157462418
2.32317839295788,0.797267411967475,29.945891708934
1.91947990063155,1.74131368363715,26.3287770477677
2.08853380841107,2.91894902289461,23.2557412047699
2.75679098286529,4.63625173693523,20.7745266899259
4.03413879012624,7.35894166375704,19.1231716351647
6.20032146887845,11.6728174282675,18.9973635657156
9.61196259836417,17.8065291316956,22.0896164083147
14.1734319917282,23.6152963903968,31.1379746462151
17.9263322977794,21.9944116398193,45.3768464886786
17.1371790957554,9.84066842299272,53.4946928505979
11.7220606836648,-0.957494050878565,49.5787631056391
5.80721028510609,-4.42266814151614,42.1772871630344
1.72287395547333,-4.49823038668154,36.1528557341593
-0.656733801429584,-4.2391608121722,31.5569834575968
-2.1229541964164,-4.63326223812058,27.91678059833
-3.35901709581248,-5.95546822845075,25.1110369595187
-4.86354420735433,-8.41657370019263,23.3510677587543
-7.03088447256219,-12.2445612392476,23.3017661379015
-10.1153556398972,-17.1711020499445,26.3297222377077
-13.8072627982099,-20.9567677499228,33.9824627629708
-16.4231964368986,-18.7763717932237,44.4615803950899
-15.5612767565046,-9.83257950533621,50.0333670129493
-11.4407587932154,-1.78944586423325,47.3195003754643
-6.84828478353639,1.27593347689854,41.4074650635802
-3.56556024444006,1.44710176212067,35.8887523274924
-1.71160110646943,0.867426969066548,31.2674914399482
-0.816484479772022,0.33171941961974,27.3302012090502
-0.448461191363685,-0.0404559476993466,23.9144975271033
-0.350001594092811,-0.327205515861774,20.932615830636
-0.404834256349848,-0.639573453377105,18.3279884714528
-0.588329895975302,-1.10153206223158,16.0600417107421
-0.94297369363421,-1.8856936611088,14.1079881216903
-1.58461747483233,-3.28201147711355,12.4973073475006
-2.74142146072825,-5.80593140845802,11.3899069713126
-4.82612296263713,-10.3220116103943,11.3756882239353
-8.48441926036878,-17.847467244502,14.3131355075484
-14.2002188059828,-27.2419528868257,24.7021607822539
-20.1073300331694,-28.2087314545985,45.4426573265941
-19.9127028947262,-10.288465936739,59.4090604991414
-12.2128885967707,5.95824287865864,53.1307234819047
-3.96238165025779,9.86286673095312,43.460427705833
1.45693729445767,9.62247424020288,37.5901194309467
4.62146600606084,9.52381298377245,34.3241721254266
6.69418820593686,10.3336832097185,32.6931322521341
8.43055699874081,11.8291207265319,32.5527922880948
10.1126694021482,13.3916229054854,34.0069174092856
11.5946046537851,14.0765093088466,36.838835453567
12.4126847140638,13.0433078441555,39.9939603369458
12.1464149493337,10.4804058482978,41.8475845260381
10.8858322424856,7.73099262433114,41.524052370285
9.23460939457225,6.0106047614221,39.5214058102184
7.83591538790675,5.58080488657112,36.8496609144499
7.04450373049305,6.15951894517123,34.2523784368177
6.95407321849624,7.46703131189007,32.1771808252922
7.54123882035725,9.3555336166972,30.9922369284559
8.73632025436931,11.6517879936997,31.1217109721956
10.3708122844031,13.8595167017325,32.9818751362755
12.0312308385949,14.9339688119954,36.5340725662873
13.0040995639978,13.7520688862105,40.5582769886711
12.6517532364085,10.5221551116011,42.8980749578224
11.0580258868803,7.10890474934237,42.4196241934192
9.01897222894203,5.0935082555628,39.923404003002
7.33594482775725,4.6510317290763,36.7468258417252
6.39172173788222,5.3113178575161,33.718963008542
6.2456731036645,6.722733928386,31.2585648872277
6.85059424615604,8.77753464608531,29.7086365208142
8.15394797613681,11.4097317988083,29.5351907788959
10.0417864889937,14.2195877878886,31.3377449238127
12.132650976741,16.0284804896999,35.406408947038
13.5834776489275,15.1282671859174,40.6056372846683
13.4338468704696,11.2478867144621,44.0616194195317
11.5917510826719,6.78940200926748,43.8376774768612
9.0581904816859,4.11058996879063,40.9158240361401
6.91466610924009,3.43968173741813,37.1563113601264
5.64400389836735,4.03429217822496,33.5772159118665
5.27707410505842,5.38335281704512,30.5612504489566
5.72296832369046,7.38585822684556,28.366845526398
6.93714391332433,10.1334519961385,27.403731465044
8.90780218977639,13.5478118512543,28.3793605545616
11.4521442395508,16.7521315040858,32.1483534516782
13.8278419628868,17.5262297549043,38.553285692154
14.6507546251988,13.895014505011,44.5635110941807
13.0620493421363,7.8153741531086,46.1318813722366
9.96412877532315,3.42205260159763,43.2995515917246
6.98441153014199,1.88992514315667,38.867762136748
4.99204151843457,2.12218831840986,34.5400049343028
4.06522105402845,3.15603398799514,30.7657699911031
4.01938557121135,4.70102054047039,27.6512935886757
4.72901072559495,6.89469793720798,25.3699293112835
6.21558856184928,10.0406956380507,24.355317059883
8.58945335365002,14.2588389620654,25.5251983529899
11.7815439016542,18.6145547744907,30.2822322428164
14.9166163340744,19.8813145679501,38.9379942126481
15.9659912556542,14.6458536326202,47.1147498104239
13.6201473491736,6.17867277549495,48.5335934497162
9.41373891717104,0.888997832773656,44.2270945286999
5.66915532504566,-0.515449963002498,38.7046539045668
3.28172917830091,-0.168724488815021,33.7867428020172
2.08647667099971,0.614868203913973,29.5922831159803
1.69062082588942,1.48896137606721,25.9874150275408
1.82768141401913,2.55221594544667,22.9058690019908
2.41942127788198,4.09479077678558,20.371642861516
3.5645221562142,6.55994975583221,18.5653288313879
5.53281569387514,10.5508549890168,18.0521348003435
8.71789855156579,16.5278700512505,20.3064163279033
13.2501607522267,23.1524565379649,28.1531580765583
17.6626191077096,23.9122330041108,42.5651866724885
18.0554626602862,12.7212766603205,53.574555081096
13.0470129429614,0.0579916492753239,51.3717012576808
6.68165270275517,-4.74157884689195,43.7158450950181
2.0431197054756,-5.1204876808495,37.2789367978504
-0.70642101272863,-4.84252549260839,32.5037023720835
-2.38239054170497,-5.20518777674503,28.823765829785
-3.74370768048869,-6.54508904437129,26.068899114016
-5.3370798830434,-9.0416707345778,24.4631925678636
-7.557879482837,-12.8118313598658,24.7012756320157
-10.5911291946797,-17.3481948209891,28.0767173044971
-13.9824833936217,-20.2033015425187,35.66102902355
-16.0331864588557,-17.2296811554112,44.9472187807017
-14.8017722556002,-8.91194333264145,49.0539651046046
-10.8834319907434,-2.05902943414712,46.0920285604092
-6.75557825791339,0.454720639839431,40.5684411540954
-3.86712019537929,0.48857073344624,35.3630719895914
-2.29366058477111,-0.209441938028841,30.9232150315583
-1.64508399081018,-1.020666365403,27.1164019556194
-1.58697032504541,-1.92907442836823,23.839762136554
-1.96764987985184,-3.15744825510937,21.0715426655615
-2.81352314008958,-5.07179251544979,18.8951812479494
-4.31941307796206,-8.2070560705453,17.6320807900384
-6.84491396038096,-13.2081955863627,18.2092253973375
-10.7718631118647,-20.0578621624368,22.8307905016643
-15.706130242628,-25.1972863445513,34.4765842369744
-18.7733742076777,-19.9326106748696,49.6366896134465
-16.2041966409713,-5.53828967652471,54.2653314133014
-9.77401988371097,3.53891318780835,47.8023708274719
-3.97585930776253,5.49986699143462,40.351316007038
-0.281926939150631,5.26838887240841,34.822528746628
1.87973149762772,5.27711655234687,30.6982536158035
3.37689235365982,6.18671678455756,27.5782823410019
4.87185120477041,8.19426560144784,25.5194176620506
6.82659768619443,11.4219496865636,25.011338771325
9.51484870003873,15.6382855425153,27.0865849327735
12.7635842151339,19.2438023613538,32.9768827858374
15.3780165163024,18.5913190078076,41.8016233737688
15.3703980575295,11.9330353637285,47.9924442519729
12.3145029582089,4.33097684893654,47.2298626910668
8.22787863100328,0.529094484454857,42.3707063607049
4.99238677153951,-0.126728773636067,37.0965959325691
3.08302275860131,0.454324192862244,32.4838226022698
2.23613661669883,1.35825102913121,28.5349887239759
2.11360684209138,2.44170329933071,25.1606362374895
2.53738757506572,3.90949112706019,22.3591615056487
3.52129576157321,6.15018017305291,20.2719071856963
5.25915965922427,9.69782137928664,19.3541144898417
8.07940123580929,15.0140884648739,20.7837763074816
12.163353292571,21.3028997269565,26.9029859537844
16.531886087928,23.6888048900232,39.3028860890027
17.9619468775313,15.534939721394,51.2439357473131
14.2375433603548,3.00172988958842,51.8679898356097
8.25207468369943,-3.2082734604125,45.124440821295
3.43526844151156,-4.21478538325664,38.4655435966202
0.491390068676236,-3.88128456204311,33.3192559981942
-1.20392306546134,-3.8620401799942,29.2396659966655
-2.38054725660097,-4.60817845865827,25.9491065055677
-3.58585113503745,-6.31682281519206,23.4689330417943
-5.24173450017121,-9.26011474842444,22.1374920327646
-7.71792861383089,-13.6877506850881,22.8459291230876
-11.2037518976491,-19.0088213340448,27.3061328566411
-15.0637867882813,-21.8891003188219,36.8867412848668
-17.0005111351252,-16.9851393105278,47.6523015110746
-14.7913540770973,-6.57030137514653,50.6871593215354
-9.88448582288477,0.358062270307061,45.9575622466192
-5.33967196670772,2.22886503958818,39.6910395971168
-2.38183349531787,2.00502711485142,34.3557038812746
-0.765257818540075,1.51528368591145,29.9443910446163
0.0766029123712604,1.31051834990273,26.1870067607404
0.585683480458324,1.47998467044845,22.94091300201
1.04684417859172,2.06350348164459,20.1447948531533
1.6681137309669,3.20753909930356,17.7957932505544
2.67104250119675,5.24750864871548,15.9981388918879
4.37567651921259,8.7786372077642,15.1435556686609
7.25745159791838,14.5659375686749,16.4077508267204
11.7761694649804,22.4135481906238,22.6624010412543
17.2363735193152,27.0472123326641,37.3650354670029
19.66124365193,17.8399732400035,53.6501742428258
15.3065848387315,1.3609854981335,54.8946528271462
7.86672261109209,-6.24318602794107,46.4429859065985
2.01359769065445,-7.17531645900509,39.1394287684836
-1.53409763342207,-6.89118583801238,34.2361890579421
-3.69693858327517,-7.3043930107383,30.8568750753045
-5.3976491208605,-8.79370767095661,28.7223505578721
-7.24323713360932,-11.3294123281312,28.1129944776826
-9.52213645479585,-14.5116917874095,29.7009862708556
-12.080057050859,-17.0356410157542,34.1027576962396
-14.0659487363638,-16.5726988307345,40.4322330123233
-14.2055453733738,-12.1099813627382,45.1505505737039
-12.1549137899854,-6.51423359989849,45.2693340739461
-9.11843967968903,-3.1188773063011,41.9150344227094
-6.50337227086778,-2.22552288411579,37.5932919618016
-4.90077040237076,-2.745910080543,33.5296237481953
-4.29497247376529,-3.96586452260593,30.0439211908449
-4.52526618354623,-5.75042318564637,27.2775616560373
-5.51891854096736,-8.28858865030158,25.5044624951992
-7.3256249318386,-11.8099107463708,25.3288815259545
-9.98928214130736,-16.0654602333937,27.846605596225
-13.1510015882331,-19.2667332432911,34.1465796621762
-15.4548234922024,-17.8181620365169,42.7899652261923
-15.0150985220584,-10.8531662624168,48.0258630035185
-11.7736210016875,-3.78941533164793,46.5468563083571
-7.81575932260182,-0.545329576182616,41.61031060066
-4.80864214624794,-0.130739673513286,36.4739961754502
-3.09270903671794,-0.79490030973011,31.9931838360853
-2.39049538302064,-1.77240741531127,28.1563540132638
-2.39647250592366,-2.99260238848721,24.9015672752103
-2.97360475561835,-4.70497232855227,22.2688361136381
-4.17715667987505,-7.33808130855555,20.4848558305935
-6.23516603662801,-11.4192454782108,20.1962471393844
-9.44866435097414,-17.1297111936766,22.9237794706928
-13.7169070736093,-22.5764506795397,31.0637941160624
-17.3287956975699,-21.5962391964313,44.0814224803697
-16.9422938643422,-10.9165103611809,52.3163851709737
-12.1442895454999,-0.454422534716544,49.4788764558951
-6.54125773551161,3.38021284703074,42.5307205655266
-2.53207846529289,3.62431772171279,36.4859788682295
-0.193497370109829,3.25662189795061,31.7319449145104
1.15969360346425,3.33507978457833,27.854951280446
2.16083908378552,4.14013770562129,24.6702558642086
3.27177009406721,5.85978910659795,22.2222378084961
4.87303979187758,8.8180942285301,20.8359308586243
7.34269807670644,13.3836270503653,21.3960952018774
10.9426251426547,19.1777666300029,25.7489158730862
15.1459375758814,22.8896140893367,35.7966065230779
17.5321504367164,18.1825991591537,47.945853701212
15.3724082254246,6.66670889114941,51.8296619669443
10.0610058815612,-1.13463391210771,46.7821285558109
5.08830250051699,-3.19222495792384,40.1096289266235
1.84469038361181,-3.00103264593982,34.6136077577306
0.0215973152342863,-2.65939323009198,30.1825897078587
-1.04491713341612,-2.80594145454145,26.4861339545963
-1.8859786442976,-3.61310152399318,23.4007607953678
-2.88524386436728,-5.26556049557416,20.971425903564
-4.3836960064041,-8.12572305752792,19.4819166803459
-6.76459160387792,-12.6801351376275,19.7479105375308
-10.3779700556098,-18.8693593482357,23.6427894511716
-14.911853746751,-23.7793569792882,33.6857851335235
-18.0124763515196,-20.1313010844576,47.4301928563493
-16.2774656771478,-7.60401865595205,53.1185699220031
-10.6412520325023,1.6474964186865,48.1091307305267
-5.11039354766734,4.18897384714892,40.9546774874395
-1.44598204579122,4.07588933942015,35.2339020415318
0.662544893017874,3.8453900005158,30.7840359077711
1.98001345287589,4.27446368529211,27.2003669331797
3.13213788510472,5.59630516937477,24.394620517784
4.58085185044174,8.04068321299822,22.5719178043414
6.71497058291229,11.9008786436555,22.378029279628
9.82685483303448,17.0523557501327,25.2135230881405
13.6958856957507,21.4054809299443,32.9018370258827
16.6626971292223,19.752114536195,44.1277677067046
16.0382010066088,10.4075040423595,50.6673786507808
11.7774112604013,1.56486328436284,48.0962373765785
6.87481150661204,-1.84886527130847,41.9061508758265
3.3378458456133,-2.0910032267027,36.19152588859
1.30788832242622,-1.58003540926117,31.4810218724508
0.257956219347143,-1.2221163190085,27.5041170645465
-0.308558350258475,-1.20112571584764,24.0739079659709
-0.718916452517228,-1.53587534653468,21.1021019906217
-1.18636163455223,-2.2984272862153,18.5527543774419
-1.89674709646478,-3.70388662767738,16.4506716204616
-3.09131657329166,-6.18586286753824,14.9666685894494
-5.14614298443501,-10.4564964858254,14.6838926820105
-8.59492763834224,-17.235191145602,17.2850541630581
-13.740395067838,-25.2373782525328,26.4248823996331
-18.9084771572022,-26.118886987451,43.9552476367824
-19.0535321478028,-11.6913797899158,56.5735460245115
-12.7139181133285,2.93983178547592,52.4446136641811
-5.3509381071651,7.3814556680167,43.5981656181167
-0.282587431884823,7.43824457076971,37.257135985474
2.70649960087976,7.31652859998866,33.075639919727
4.6595629416661,8.13583809076855,30.2955317730955
6.39689859565805,10.0275735637944,28.8652649227464
8.39207768006103,12.7825160673049,29.2184783576503
10.7460769343609,15.629466162966,32.0006364967166
13.0113044144722,16.8098498582564,37.2270559808679
14.1290157505042,14.4500574461404,42.8044648892773
13.2091837199473,9.37311959679472,45.2176484635532
10.6877882779995,4.949615893985,43.5131265128545
7.92764967425065,2.95838564608972,39.7177714145647
5.90750654515481,2.86421234405135,35.6522284337729
4.8816018556661,3.77898792943076,32.010340531312
4.75694367325327,5.32112607796297,29.0181329510493
5.42442826509702,7.52859036547136,26.9065798835081
6.87404691696995,10.5869375035113,26.1388469865287
9.13642487101244,14.4255683671872,27.572609751482
12.0114372076542,17.9222340626056,32.2600160087807
14.5650693468693,18.2405650820073,39.8441787659548
15.1095894081955,13.2859852980225,46.224623645105
12.8703511480388,6.29112534793703,46.9053216004582
9.24517143823392,1.99283348195961,43.0686651426869
6.06998893743844,0.844455183383023,38.1328043649603
4.07643170645057,1.2759917374129,33.5986377439931
3.17916429161621,2.29247860307811,29.6934386311929
3.11060926887153,3.67108754321258,26.4143531558476
3.71936084603565,5.6053112164583,23.8465573967294
5.0370074703311,8.48720066624583,22.2988468053064
7.24719073431272,12.7098701430052,22.5487445264509
10.5134713539071,18.0109106418986,26.1621599111119
14.3943664190392,21.7441097740436,34.8106575728219
16.8947136420007,18.5080787529672,45.9659938529314
15.4771767689799,8.47420151092938,50.8171892140015
10.8455628112034,0.534681116974577,47.0662747252763
6.09846759975317,-2.06098456643076,40.7926030800244
2.85380459786654,-2.03659090882001,35.2668829398191
1.04092051871714,-1.52134721041941,30.7093361578584
0.105910552895214,-1.22925885740256,26.842692988273
-0.420214846336742,-1.28771452729618,23.5026110418606
-0.840387010478883,-1.71918686425442,20.6133577444664
-1.36037076180818,-2.62424186908668,18.1510047661789
-2.17660077784823,-4.2651106070219,16.1667144678127
-3.55972600187399,-7.14289850884753,14.904358542978
-5.92984299682091,-12.0215785322375,15.1500296330909
-9.82564890474844,-19.3973103701071,19.0510412694619
-15.2587993420084,-26.620272378998,30.5527218811606
-19.6020855081952,-23.486251400751,48.6701006762748
-17.7804788819458,-6.95901180907195,56.7160721892116
-10.6369570187357,4.83670820951637,49.9554469002085
-3.8055244129993,7.44966679872922,41.6182637711441
0.594725655148874,7.2321191315131,35.9474942082284
3.19431297225275,7.31044145260341,32.1443253825166
5.01220744665401,8.40939641323781,29.6520998167326
6.77679007367081,10.5695649657504,28.5689193136165
8.87950561738402,13.5051329047159,29.4288273724255
11.3167171014548,16.2402385515583,32.8768936988695
13.4774814082914,16.7702240198031,38.5945249784473
14.196955737635,13.503259024461,43.8747375531997
12.7856600620673,8.13388870399872,45.3097520157667
10.0213622887474,4.13760232309867,42.8422686139973
7.31766803289575,2.65450541793676,38.7936727564984
5.48829179179201,2.85898778183257,34.7341571019032
4.66064611933808,3.92723013643584,31.1774016516459
4.70665014164004,5.59027030695424,28.3075782603911
5.53136876096111,7.95400781945882,26.3772536047148
7.1488117807037,11.2162114352417,25.9147847942311
9.58902559450274,15.2104156921109,27.8767546653846
12.5707733694832,18.5051167306157,33.3021942666198
14.9673682672286,17.9479494702534,41.3109659561543
15.0179102103492,12.0541412892981,47.0572445971331
12.3032071733871,5.09028864392458,46.6444158269589
8.55072059518651,1.37260523357817,42.2747219175409
5.50038716944924,0.626735659488067,37.270688090377
3.68285931697503,1.20612978546347,32.7947703349418
2.92089087219755,2.25045287402084,28.9563375854805
2.93740852066392,3.62892059720774,25.7347631667616
3.59990486582636,5.57781729687773,23.2156242158545
4.96389229165558,8.51587918492706,21.7153876186437
7.23827375874926,12.8645918592547,22.043534181331
10.609647595637,18.3620976024474,25.8589842174831
14.6204125661431,22.1887690708398,34.9551917528696
17.1443259924331,18.5757437340116,46.5628695813262
15.5262356103388,7.98044140279678,51.2652753624033
10.6470589758472,-0.0471202068041547,47.0960531008377
5.77773046229155,-2.50884353354111,40.6382342588738
2.49862258810665,-2.42977100705574,35.0894974965835
0.661749443641385,-1.97275494502829,30.5563685936284
-0.332232511920295,-1.84003324262717,26.732223450046
-0.981546728079364,-2.18051956555097,23.4586478930346
-1.62487235026782,-3.08428708875177,20.6901190302313
-2.52800488394529,-4.77671672854286,18.48529146174
-3.98644402925587,-7.70583236317341,17.1185675418778
-6.40253350228996,-12.5130694482321,17.4198316259841
-10.2211085570398,-19.3911488832748,21.4692936130482
-15.2516258342843,-25.3688932697335,32.5281589899347
-18.8884346410845,-21.5504808445806,48.4899357712298
-16.9288104223716,-6.89142059437778,54.9493939902191
-10.4682664865533,3.42578207917786,48.8819864542898
-4.31060232196503,5.88923084871161,41.1235839369148
-0.313525921741642,5.71326541019213,35.4133893212749
2.02986421590194,5.69471358551254,31.2519967509406
3.62934157600627,6.59454659045862,28.1732858179627
5.1861858885955,8.60419361869846,26.2205568937682
7.17158938425762,11.783455886145,25.8902817051315
9.82645017324141,15.7722548796938,28.1715999971881
12.9022990252808,18.8512059908017,34.0549768959022
15.1815028925674,17.6659344018595,42.2558230050926
14.9019403651539,11.2205455006091,47.4965296605769
11.9086681994927,4.36539951663967,46.4033984783846
8.10751560884944,1.02304831846401,41.7532554338409
5.14870282349592,0.503943221333356,36.7299664442916
3.44014553292502,1.15580136567533,32.2944080811001
2.75607053905138,2.20528636165407,28.4963596823147
2.81744944057884,3.57312519192348,25.3068954724812
3.50383604092924,5.51772681298762,22.8099518896977
4.88459715267579,8.47275870397922,21.3215909568485
7.18428722666084,12.8826041973239,21.6614630258952
10.6095520599205,18.5110309598438,25.5384850897802
14.7121678401921,22.4798317858742,34.8578282460517
17.3042924801941,18.7603739095744,46.8131657219132
15.6211127808238,7.81435641006283,51.5808833446151
10.5971353448011,-0.367144211809153,47.2173998531108
5.62444580573281,-2.80654755354692,40.6367182690709
2.29341973810459,-2.71199892054644,35.0592943979327
0.419383756380124,-2.29652216609086,30.5357408459167
-0.626943469707361,-2.26991713649101,26.7406933617391
-1.36650541246037,-2.79963809050407,23.5223923529658
-2.1639204992736,-4.0180439688496,20.8658776134342
-3.32287748678204,-6.21777584871845,18.9115553998812
-5.18903179091424,-9.90558676112696,18.1417128829612
-8.18556955864145,-15.5683080088803,19.8514398103841
-12.5428616906167,-22.2916694510064,26.6855808111916
-17.1408597236792,-24.4282313557258,40.352273767865
-18.3234926391128,-14.782252837214,52.6997232575326
-13.9433138138243,-1.48518832351444,52.2125189176316
-7.54373143755388,4.35481842806552,44.7690103418717
-2.62759613235271,5.07080975315921,38.0727720906103
0.332266162389062,4.76343045782805,33.0918249875615
2.09629824017991,4.9860812985984,29.2546292262663
3.4463457187613,6.14384559603369,26.3271941022772
4.95362879396204,8.42388757208838,24.4659709756277
7.03598155188481,11.9883561068572,24.2671633799437
9.94148836074797,16.5489977760156,26.9394149923534
13.3968787172528,20.1202623542741,33.8206845013168
15.9303803715552,18.4887787416576,43.4223747494668
15.380039928402,10.5962413976858,49.0609743236513
11.7335682615505,2.8921355409478,47.1149710352643
7.41892696931655,-0.388174047867509,41.6724576496047
4.22132379678675,-0.715756546299343,36.2889108309204
2.40029186547057,-0.0914813438439738,31.6909935711239
1.58224103246791,0.672493679333065,27.7594364731314
1.39213054791951,1.47542716128932,24.3663917711698
1.63008250874603,2.49167704447923,21.4621209055428
2.27329198033257,4.03031831923441,19.0764231734214
3.46037343530823,6.55386836290057,17.3961729729375
5.49802742357831,10.7108017891304,17.0164300012422
8.82475254183838,17.0198056452073,19.5305933377142
13.5941874455422,24.0138578246515,28.060712413081
18.1718850923202,24.3940982549563,43.57926839911
18.271501927267,11.870361490214,54.6649783772813
12.7139331991255,-1.18567916459411,51.4813925734344
6.0626752458915,-5.63588662060648,43.4164999326953
1.36143726760901,-5.84503969244866,37.0443015107917
-1.41393610341799,-5.63716842771013,32.4660803399042
-3.16616354844566,-6.2141120495955,29.062953178204
-4.67907061394525,-7.86000131257611,26.7264804603027
-6.49161338728253,-10.6732146119841,25.8060631428037
-8.9283091623405,-14.4956083722679,27.1385634953456
-11.942630859428,-18.1532113618679,31.8473730941265
-14.656547062125,-18.6480126311795,39.7050454249492
-15.3126198342793,-13.5739561459856,46.4898448669618
-13.0317277914874,-6.22398177436132,47.302632720109
-9.26264914124562,-1.70625310282243,43.3350711771843
-5.95355967117591,-0.505334836591983,38.2515625233683
-3.86899757357467,-0.918685117636443,33.61712139293
-2.90275921686656,-1.8799807429523,29.630677160248
-2.75789118104002,-3.14093382949286,26.255039370779
-3.25802963265854,-4.88032653696581,23.5324609816079
-4.4157822460359,-7.48858224212515,21.6925951155891
-6.41560918465326,-11.4363258261287,21.3671670977699
-9.50228985544727,-16.8176865563564,23.9756419673752
-13.5239741746952,-21.7878391928366,31.6116268945752
-16.8741157703943,-20.8376979158534,43.578639547805
-16.5669806613757,-11.1709128331534,51.2882068521617
-12.194170051563,-1.39903296409523,48.9758846934751
-6.95131094556561,2.44994275228818,42.4900416831063
-3.12470910658887,2.77895043189451,36.5627625961924
-0.896261550934946,2.33325739066463,31.7708045396849
0.320448321215977,2.14917146596912,27.7817682855371
1.09141055911638,2.4760799275491,24.3926792688976
1.81480680532667,3.42118702435884,21.5476286985593
2.79435150573723,5.2088017341608,19.3186694424902
4.34664489503498,8.27691913523468,18.0223014166739
6.87435074856999,13.2041003696681,18.5747426739931
10.7624850508016,19.9230128049462,23.1314088243005
15.6143417034821,24.9226711138032,34.5493650540689
18.6260291818567,19.800084914609,49.3662355996636
16.1426127410641,5.76399945795767,54.0010582116125
9.85374054221436,-3.22398715820203,47.7441286896031
4.13867974878404,-5.22978605430475,40.3641807463447
0.48324511945787,-5.00725853772,34.8129035025784
-1.64750350375663,-4.97457789962095,30.6275635701865
-3.10092178441861,-5.80342120772733,27.4102478366566
-4.53123844330567,-7.70343802083046,25.1909588818834
-6.40535701662137,-10.8394149011852,24.4102063929966
-9.03465458905137,-15.1194574407484,26.0651298013194
-12.3547624345425,-19.2180710576704,31.5517610591247
-15.3135329190775,-19.49081774758,40.6163132429785
-15.8022722317246,-13.2005119734855,47.9643315334804
-12.9490286309118,-4.91320034078271,48.0784909409918
-8.67682286623322,-0.400361050330166,43.2748825390667
-5.14040260705513,0.550124011236196,37.7957617814265
-2.98273758205728,0.0686077833645395,33.0077664414585
-1.94974635646744,-0.732689768111138,28.9213851737384
-1.65528016212753,-1.61545600092474,25.4064884819041
-1.86331207042651,-2.71969799598572,22.4095937416189
-2.52508921980072,-4.35755833784288,19.9701189039877
-3.7660956285242,-6.99694710896457,18.3028898928001
-5.88173424797499,-11.2582179047804,18.0608686440395
-9.27078684068552,-17.5088951504528,20.9070384514509
-13.95220326988,-23.8885871035991,29.792968902109
-18.0874405146298,-23.0939964975847,44.7125433993234
-17.653655944394,-10.6382773856333,54.1043985128217
-12.1281086324088,1.14988606853301,50.4139613230381
-5.87431472798415,5.00909772626935,42.7035424097685
-1.51828779190383,5.13518574344041,36.5305690093093
1.03707295263658,4.9109319681101,31.9456561782611
2.63840280132804,5.41420139046607,28.4140736403089
4.01756620523991,6.92947562358433,25.8278557406597
5.69715607470587,9.62943601873869,24.4776311429911
8.04811840713952,13.5744041640333,25.1526848512781
11.1844956435286,18.0187771002979,29.2018188231082
14.4676117692443,20.098195074675,37.348054858731
16.0255312927302,15.9456179572584,46.1293196457702
14.2118070414258,7.48029908028964,48.8408153981985
10.1268531584149,1.4369738346507,45.1335819953371
6.19614142499182,-0.471464554879971,39.6008026419
3.57579842869746,-0.291065155227226,34.5512502647611
2.20808293131341,0.460293978131483,30.2443429884663
1.70001114694148,1.31459821870999,26.5462816614066
1.75434781635949,2.32101356604584,23.3756936310488
2.26070200261155,3.74236996230156,20.7378096027611
3.28726806367604,5.9918274718662,18.7727995242744
5.0737812468834,9.64951173996807,17.9440274047005
8.00460461336197,15.2700738484696,19.5029979058929
12.3287411165209,22.0970546540414,26.0729976432642
17.0230914803177,24.7063511808846,39.6323235034729
18.4682282698978,15.464524418938,52.5291786711027
14.2453597560155,1.83401623098545,52.5830931001391
7.77387321967399,-4.38455438892736,45.1435656908691
2.72603284032341,-5.2097237445959,38.3418575092115
-0.329017913065794,-4.904734278034,33.3098031652421
-2.14752336372361,-5.11698477328926,29.4599151924019
-3.52834548944607,-6.27353614631435,26.5418835639263
-5.05515806344079,-8.5566338342142,24.7116460362632
-7.14776817603175,-12.1059038901134,24.5696977426452
-10.0415603733788,-16.5861945317731,27.3095386901482
-13.4353983354151,-19.9699441091701,34.1777684772491
-15.8525248447007,-18.1672597897116,43.5416320559305
-15.219904754804,-10.3872714384851,48.8634891037119
-11.6107323083121,-2.94073453366371,46.8460864232532
-7.39628767988766,0.208718798780772,41.4871251933706
-4.28670511225374,0.503088536079178,36.1787024256732
-2.52813448821064,-0.145199235060423,31.6269440433043
-1.76344708143637,-0.965381042168608,27.7309215875966
-1.63866623367335,-1.87878660315609,24.3789597512315
-1.97602219511453,-3.08746366226439,21.5417670101824
-2.78043339550072,-4.9450800959027,19.293457366579
-4.22795769707187,-7.96947380874226,17.9319016741891
-6.66033906084638,-12.79483805849,18.319800162057
-10.4592309501297,-19.4880144233908,22.527804102559
-15.324504963701,-24.8930016900812,33.5229385376061
-18.6210291099526,-20.6158020330021,48.6188257373313
-16.5082718371232,-6.61159242591944,54.2364197588755
-10.2755883566516,2.99254045710885,48.3047963760852
-4.40927988617954,5.29751795314075,40.8025353795375
-0.607748791814877,5.11494908283411,35.1400073311651
1.60835405580119,5.05050075089353,30.8987065780687
3.09846734594966,5.83909027450074,27.6493598515022
4.53503231868073,7.69720622626507,25.4035105014107
6.39451170603368,10.7805927478075,24.586660687567
8.99100412529747,14.9942621920036,26.169411862879
12.2679561676607,19.0517788512135,31.5127240425948
15.2087336791153,19.4148003447733,40.4017323002282
15.7544304225924,13.3410426867799,47.7353171931709
13.0032673256873,5.15338469107957,48.0178513123022
8.79563861443459,0.589823287181987,43.3430703822219
5.27377237973281,-0.41689315085843,37.9052416932897
3.11197163958451,0.0519384755475008,33.1248805349281
2.07956726187008,0.876785953135231,29.0410490006606
1.80114365004181,1.81323496478843,25.5336406088713
2.04734723964418,3.00736464203636,22.5587774922297
2.77825936473645,4.78815291331549,20.1764725837583
4.13251257877376,7.64350911705834,18.651445330919
6.41612727343277,12.177623572775,18.7513842385815
9.99509342810935,18.546973544152,22.3278815863482
14.6856338577243,24.1785604109264,32.2148629292635
18.2395622355389,21.4021989421618,46.8400836976911
16.8636100573503,8.39653930459567,53.8552981668225
11.0771392085205,-1.8694218716426,48.995541074079
5.18969067793134,-4.78246236058462,41.5317610507922
1.24616424560938,-4.72123388355377,35.6654354538443
-1.04508344168021,-4.53477850217993,31.21763291073
-2.50692229999562,-5.08954247722636,27.7301747691105
-3.81696849864019,-6.63501360544379,25.1346425411669
-5.46663105451332,-9.37354665439842,23.7268871267199
-7.82887875696154,-13.4389286325411,24.3094550903966
-11.056045198723,-18.1889381405695,28.3350616312694
-14.5516427253989,-20.707298593725,36.8103658538884
-16.3493555343375,-16.5974363771886,46.3511517045757
-14.5481404885718,-7.53552228030462,49.5096636314625
-10.2342715140373,-1.00095594991201,45.6418003315863
-6.05440843246596,1.0369355857043,39.8535427865804
-3.26215796367378,0.882068913598918,34.6559091699107
-1.77065974895886,0.214247431947201,30.2641028617884
-1.1308859488267,-0.438236879667183,26.4928569847032
-0.991721238565486,-1.07206428468705,23.2219816526086
-1.18218510034197,-1.85872220080193,20.3961934657929
-1.68514115555671,-3.05903871154067,18.0125901437913
-2.61834946476588,-5.06574699146154,16.1675255901437
-4.25167228142055,-8.48925696889462,15.2253761667275
-7.03356060128398,-14.1079817308568,16.2854919247254
-11.4336030067515,-21.8720656368301,22.0790195525978
-16.8948266071896,-27.0183279056292,36.1944119478353
-19.6769565435472,-18.8651294471036,52.8827031102046
-15.7446155210992,-2.28291589977057,55.2377370180685
-8.34695163973256,5.97256869693302,47.0015419059753
-2.34911336075963,7.13820583410133,39.5285115423576
1.31836344902682,6.84715923591781,34.4886166656018
3.5346393631407,7.19057176739531,31.0078544702532
5.23769042920237,8.60191097717751,28.7632573104757
7.05659330142044,11.0764355649463,28.0024945195226
9.30734704997587,14.2663200713473,29.3825678468445
11.882817860645,16.9610282861183,33.5803773146783
13.9874040550076,16.8415582465969,39.9177282355507
14.3229494805483,12.6080870773575,44.9879082908766
12.4048983027868,6.88466392376871,45.4991243075905
9.35898439025594,3.22722352639724,42.2929364423549
6.6517567321919,2.16357722747524,37.9533539167918
4.94757292091952,2.60437858047804,33.8272225327694
4.25662661121764,3.77283107105003,30.2688575343831
4.41325885959178,5.49372475718602,27.4118925982073
5.33177787807446,7.94293824318346,25.5043295743736
7.0556035809983,11.3723105722032,25.106186302099
9.64877758077918,15.6365293734923,27.2736180885617
12.8313762826197,19.1653464032662,33.2051285384823
15.3603974745076,18.3887716961474,41.926794736047
15.2772814741986,11.7502366341503,47.9066209433087
12.2190998066897,4.30777613461702,47.0481001525309
8.18767771402412,0.617158807248285,42.2221397085745
5.01200266665727,-0.00178238905601594,36.9994464189657
3.14760133306449,0.596045354065592,32.4237387592222
2.33667689158451,1.52972087578384,28.5052715361706
2.25334745876495,2.67152991617344,25.1662170653522
2.73233077775179,4.23967202805465,22.4208125803859
3.80093818557574,6.63788574754999,20.4431452226082
5.66503675211563,10.3996350727681,19.7620407694086
8.64350585542288,15.8853945644467,21.6912981262582
12.8126056087854,21.8796209495949,28.6227094917741
16.8991357275179,22.9205725217468,41.3629294726667
17.5773797720335,13.5895141117366,51.8235042495713
13.3637796618139,1.87221661212105,50.8783300492137
7.52903529257066,-3.26552644873859,44.0071710974171
3.0691516685567,-3.91144239143139,37.6218268549367
0.399343386808648,-3.54965800792016,32.6462950828828
-1.13536867039192,-3.55792823324866,28.6446248546319
-2.22081703012726,-4.30546112991562,25.3809031412836
-3.36379545255801,-5.98140760987955,22.881134820988
-4.96540929883458,-8.88127361001764,21.4626286577718
-7.40104157030795,-13.3274811361953,21.986018962608
-10.9123828912376,-18.903302625824,26.206059016473
-14.9721855248309,-22.425687725672,35.8524122252019
-17.279943953743,-17.9792548035419,47.4768297269498
-15.2630478747208,-7.02025532394561,51.3662994596532
-10.1844741630772,0.61005557581096,46.652884999404
-5.3574657444565,2.73058701773818,40.1486917145425
-2.18211164261696,2.5604127734739,34.6771439904865
-0.412494049680246,2.14340881587278,30.2162514512277
0.570602658096529,2.11250395600746,26.4572054313455
1.26492453966256,2.61172035336907,23.2573393296077
2.01561504417917,3.76417846885447,20.5972375679532
3.11117659589245,5.85400342618497,18.5969324126516
4.88595089849084,9.38912174281392,17.6876248881393
7.76803251227552,14.9270728747631,19.0640029054087
12.062567108358,21.8639786771319,25.3181621528413
16.8750309479721,25.0380526012579,38.7405324200622
18.641974659276,16.3057460570461,52.3060939414115
14.6160884867444,2.26321437315702,53.0468790831603
8.05210877357323,-4.44006787428266,45.6114987271144
2.83518794741951,-5.40525527020546,38.673874334977
-0.342341647723377,-5.10508595464702,33.5803498396589
-2.23218146041737,-5.30820964103717,29.7215449764201
-3.65542356609342,-6.46916162380486,26.8262019031694
-5.21153476763004,-8.7622778354661,25.0514965546466
-7.32148906347082,-12.2931821112745,25.00594081418
-10.2000855796735,-16.6542755810492,27.8609094111079
-13.5023185796654,-19.7519699146177,34.723116035829
-15.7420805641626,-17.6813909435987,43.7389719975632
-14.9786225307762,-10.0533914510716,48.583256520201
-11.4154111988104,-2.98483468348058,46.441113511234
-7.34539715461136,-0.0380395477255543,41.1940160233491
-4.36729797173226,0.199658039860662,35.9962062387257
-2.70365458479328,-0.486106140882658,31.5173194693755
-2.01928325864173,-1.38725326692238,27.6810988203732
-1.99032077347931,-2.45794554062068,24.4011062768994
-2.4704121893909,-3.93755581680956,21.6831342008832
-3.50159136714763,-6.23263661199212,19.677964546129
-5.3024907159521,-9.89929905439139,18.8675840930565
-8.22458310194903,-15.4110424366193,20.507557039715
-12.4474117895366,-21.8559794289565,27.0889228339169
-16.8761459213361,-23.9091332321345,40.1301621948538
-18.0695542314279,-14.8726254697141,52.0194457367168
-13.9613922919001,-2.11650535311824,51.8707057304518
-7.80857247147285,3.74486913414046,44.7761112293984
-3.00538685972975,4.55385000512209,38.1386558859711
-0.101015793461103,4.22520046922573,33.0893721916566
1.59803439549573,4.32226289491193,29.1239708138819
2.83979059931338,5.26408855524106,25.989562531567
4.17901239729602,7.25093833502389,23.7678542502194
6.0405896842532,10.5323153477199,22.9162042362047
8.75839710194325,15.1669529882858,24.5105549516583
12.3399179897411,19.9341391496486,30.2564105465038
15.7221178356745,20.7387816095625,40.3663769007431
16.4529312185398,13.8307285220358,48.9862051249167
13.3260061305286,4.34638051217757,49.218314066523
8.55046479804892,-0.666806992179726,43.8503769982903
4.63193386757554,-1.64920370150418,37.9758550246139
2.2368252440493,-1.21288066733469,33.0050177401144
1.00496803145148,-0.643853114213044,28.817009878819
0.445276835445236,-0.255654249785681,25.2053840598113
0.222100084974112,-0.0266723437129897,22.0569992408683
0.157946169190911,0.126149260870434,19.3041199367201
0.176498874390498,0.276768423319859,16.8959826549441
0.258612609747144,0.492748664254353,14.7907565029877
0.422196108170657,0.86019968291921,12.9550714656712
0.722571704494246,1.52217082037731,11.3692988556352
1.27241665184311,2.74138204584654,10.0478665720217
2.28744907616555,5.00818542543491,9.11060521216367
4.16804262401133,9.19649573156003,9.02823406416345
7.58988516643654,16.541078646324,11.4038237796153
13.2772607072699,26.8668910206878,20.686916814602
20.0225606222943,30.9678601365063,42.0791439148706
21.2549911835151,13.4851986207708,60.559337689154
13.5373237760633,-6.18407003513844,55.4781247292319
4.33456082219185,-11.3474532657585,44.8004862731381
-1.83037264995288,-11.1078715829813,38.7151954691692
-5.38454943617332,-10.7613983448494,35.8161879921147
-7.55826958523947,-11.1310617125593,34.6998096593763
-9.12298948477756,-11.8954505905779,34.8943822488824
-10.3538600318231,-12.4763190961059,36.1412938547944
-11.1858591800045,-12.3175310162839,37.9472242929361
-11.4253508394981,-11.2228440463891,39.5015678345522
-11.0031117204584,-9.58691225370443,40.0566067004893
-10.1177212218151,-8.12400933593005,39.416313144599
-9.13972186601658,-7.33724664802885,37.9429216875165
-8.40542073415096,-7.33340045697428,36.1801620595506
-8.10567975066448,-7.99562465835945,34.593551305488
-8.29631382834851,-9.15613260669624,33.5449217293185
-8.9395227407545,-10.6117864992526,33.3371954864796
-9.90863130182003,-12.0303071039848,34.1879364658208
-10.9537393294502,-12.8823885200595,36.0578922960953
-11.6979603270886,-12.6139758636001,38.4012081653191
-11.7757335443573,-11.1346613243084,40.2049475846575
-11.0933623231159,-9.10972452646563,40.6228081246395
-9.93954798960857,-7.47414423445821,39.6040838875364
-8.78077278216726,-6.73629986286981,37.7279967648199
-7.98452937962059,-6.89927239323405,35.6518725388493
-7.72403040757161,-7.77499566769387,33.8657862531581
-8.02924126871967,-9.18119183408488,32.7413523791021
-8.84563755230412,-10.9133154941277,32.6159838304177
-10.0276464221333,-12.5896355265896,33.7599541345693
-11.2751881012613,-13.5393400270216,36.1327710433312
-12.1150725580383,-13.0448393462796,39.0115302333262
-12.0952976351357,-11.0595284022439,41.0600841452234
-11.1502060240567,-8.56238829502057,41.2844437148591
-9.70739674554537,-6.73278442617049,39.8215888431696
-8.3535957425224,-6.0465056169524,37.4993272749642
-7.48664066445401,-6.37135103180939,35.0765204518156
-7.25618134730961,-7.44841138283746,33.0485459939393
-7.66718017917468,-9.09907703898541,31.7893897710134
-8.6578097863788,-11.1426076151527,31.6812184274349
-10.0784857155496,-13.1656981552505,33.0852799544412
-11.5868372370213,-14.3281702017319,36.0188734894795
-12.5920149051393,-13.6541357943106,39.5889668817737
-12.5079621369374,-11.0840735095197,42.0272202049961
-11.276472964141,-7.99476573335409,42.097950045017
-9.49176824614331,-5.89660688553385,40.1627562151462
-7.89007786696676,-5.22145761909409,37.3525478154875
-6.9052784741131,-5.66833104674777,34.5310582988682
-6.65884623184546,-6.8994754291885,32.1821301589406
-7.13010750750692,-8.75626408382422,30.6665180705918
-8.26129619252754,-11.1239874761895,30.409016949123
-9.92780730420623,-13.6223561372158,31.9074909346167
-11.7824733765856,-15.2623835662045,35.3708063570269
-13.1134603490613,-14.6548958455225,39.8685038224998
-13.1089581747559,-11.4867493777203,43.0758648259106
-11.6195560606935,-7.57463127303395,43.2253464984265
-9.41647840722302,-4.99039179049004,40.8519517135565
-7.45359301955336,-4.19308807105196,37.5012716777333
-6.23913900840204,-4.66355375806199,34.1955518979815
-5.86901065095995,-5.94071020189543,31.3977949535854
-6.28871425661168,-7.87955240290862,29.4196469490845
-7.44821031196802,-10.4821101674237,28.6827109973643
-9.28928679455467,-13.5474683033339,29.8211629937018
-11.5599424799329,-16.1409330576909,33.4399458591091
-13.5218660256606,-16.3653943425809,39.0500435328781
-14.0238338886812,-12.9630713514103,43.8961819654145
-12.5095595973589,-7.83329456795233,44.9304140137748
-9.81055885902489,-4.17598516031702,42.3725953743262
-7.25232600535126,-2.89153351602845,38.4195885150938
-5.5624860804525,-3.18297207359174,34.4919796573306
-4.84612733414942,-4.31329809783119,31.0717508597699
-4.98772353595111,-6.05904536908851,28.3644786088781
-5.90837039121513,-8.52753274990614,26.6639063397766
-7.62107880368756,-11.8594434234137,26.5519027515948
-10.1108451479674,-15.7184966592137,28.9957637558211
-12.9770128076974,-18.4111485958611,34.7929100764981
-14.9761665984913,-16.9245063408996,42.4259243044235
-14.5282754597511,-10.7769505517907,46.984408335617
-11.6364631421125,-4.5118660593792,45.7424561140007
-8.07867473160844,-1.48705985967034,41.3051225111061
-5.33586674481595,-1.05409502085683,36.4983570972912
-3.78057200149296,-1.76047290547591,32.2214000935423
-3.22346962133467,-2.93219768060355,28.5701054150899
-3.4320710469862,-4.5305223121351,25.5726983755774
-4.32587046339013,-6.83623213329848,23.3986885291636
-5.99977496348661,-10.2580293529663,22.5271837709076
-8.64705061034924,-14.998459709405,24.0435891074778
-12.2452058149654,-19.9734701784581,29.7222940947383
-15.7479846661119,-21.0944745710497,39.9967215452391
-16.6359484109969,-14.2397840861363,49.0785562705638
-13.5321048320162,-4.42291679564191,49.5700718196348
-8.64404559351223,0.844568701103702,44.1376621808956
-4.59952942235984,1.90012812474498,38.1593391454361
-2.11341731780285,1.48770511736116,33.131789269173
-0.812797949997082,0.968780804859869,28.915780998246
-0.180069897659744,0.689299872188434,25.2886409779978
0.148209462353207,0.659959475043188,22.1319800791798
0.38380000556442,0.855523100726084,19.3788684095775
0.656491374133814,1.31135650304308,16.9860035081271
1.07916381088591,2.16383577809183,14.935304335485
1.80453398858331,3.70404908189589,13.2659663808589
3.08916729470931,6.47257877094147,12.1838329320851
5.37300451977425,11.349213526351,12.4046897690397
9.29561950331001,19.1803248507291,16.0767704924919
15.1306571377699,27.8816652184787,27.8433188259413
20.362725979097,25.9958760663086,48.4683160762086
18.8569232011257,7.28930611845166,58.8364458036229
10.9163904342841,-6.50219474476868,51.2848476361148
3.24795623455767,-9.32091242063264,42.2646061646441
-1.64791114532016,-9.01194886983336,36.754691858478
-4.52736973202929,-9.06754323459611,33.525325635175
-6.50104692794268,-10.0898145106508,31.8306038042241
-8.27481965579039,-11.8670119467405,31.6677584671901
-10.1061011680738,-13.7764443230192,33.275451456954
-11.8071194089516,-14.7361415696539,36.5470619268962
-12.803139316233,-13.6445365413354,40.325796368817
-12.532357241626,-10.6293756151328,42.5988651007235
-11.0648354012537,-7.36967659879797,42.2415224707596
-9.13420324099596,-5.37770576852812,39.9177459827946
-7.50949002775211,-4.89284145357355,36.877584008901
-6.58149920266409,-5.50432200422452,33.9466524241406
-6.42749293129097,-6.87250747769239,31.5616801889158
-7.00909384456353,-8.87341601060593,30.0742065755122
-8.26999703847755,-11.4141729602144,29.93876370912
-10.0844839380307,-14.0782847920424,31.7099721132145
-12.0684145279364,-15.7330795686849,35.6064093565145
-13.4181082463246,-14.8201018045279,40.4991465007617
-13.2525426809828,-11.1563122091488,43.7199347175081
-11.5049904321864,-6.9627444829001,43.5064639860924
-9.10604382578054,-4.41207341580023,40.7401374246102
-7.0683337134573,-3.76018897685548,37.1386137200603
-5.86199466297872,-4.34917430981368,33.6891449829919
-5.53409063431345,-5.70482863266206,30.7951595558358
-6.00838820200134,-7.72064924746909,28.7406006890949
-7.24022893131472,-10.4503676989086,27.9536212732554
-9.19453068409624,-13.7375908768832,29.1269839963713
-11.6380432732116,-16.6140111321557,32.993010017569
-13.7898689507267,-16.9448731506491,39.1326106301325
-14.3559778455696,-13.2004038717928,44.4836308438381
-12.6871441607961,-7.53605143171426,45.5532711250448
-9.73267156470319,-3.60863264970971,42.6938336877046
-6.97269799093595,-2.30192847360395,38.4442147689125
-5.16710836221523,-2.61918412693572,34.3053031109536
-4.38216279482945,-3.72950016014503,30.708242952409
-4.46232980451443,-5.4017077525136,27.8005450621911
-5.31119501464607,-7.77959897899605,25.8193445652027
-6.95762587722519,-11.1052319996804,25.2926653900456
-9.46159020394339,-15.2716841094458,27.2208018640532
-12.5780225862959,-18.8606631536601,32.7875576102363
-15.1615167615485,-18.4854060566963,41.2648029117775
-15.301669792145,-12.3047012364766,47.51051111468
-12.4681775258665,-4.86545181163335,47.1404539712603
-8.50719129691545,-0.933507551895955,42.5477671755417
-5.29244805767754,-0.157840462591382,37.3595710479094
-3.36875592763964,-0.713778221395931,32.7678345330737
-2.52003808141001,-1.66727017436625,28.8327552072499
-2.42873067804143,-2.86004029981688,25.4883724535639
-2.92815060168182,-4.50377872616202,22.7602093855114
-4.04447250845747,-7.00359152888975,20.8464886851887
-5.98079174630951,-10.876075556268,20.32512365481
-9.03280887341689,-16.3793710629681,22.5782113666053
-13.1832647664547,-22.0014787546799,29.9276949213952
-16.9824836136439,-22.1079692490714,42.52620874191
-17.1810147416519,-12.3943888831103,51.791083687655
-12.805313377065,-1.46981681893641,50.0730259879229
-7.18527913771876,3.03674405855842,43.298104891441
-2.99638423626614,3.51200028846055,37.1113503048595
-0.518902547511652,3.12422565887723,32.225233217899
0.887917151594136,3.08895026615173,28.2396211427118
1.86509869318453,3.72525825561923,24.9368233316533
2.880699175438,5.20398814439617,22.3170647490687
4.30893739682009,7.82385984067918,20.6178446346605
6.52595476657035,12.0058904919114,20.5432857877958
9.87167104514272,17.7576007035115,23.7102724154784
14.1534402636274,22.7755614730862,32.4325204898237
17.4472553711211,20.6961684700303,45.3424691923669
16.5202391064905,9.59897747745224,52.3047022155482
11.5199510204928,-0.0927887748822051,48.6897245895964
6.09038736072003,-3.33824297879606,41.794837610751
2.31764831245543,-3.42579880428117,35.9224922199116
0.143088425280152,-3.05986949747445,31.2693127686333
-1.11729123774271,-3.15721112121572,27.4451005730516
-2.06555147505818,-3.96038035090897,24.2857728088116
-3.13857649332177,-5.65515638392722,21.8356784976848
-4.7041667705654,-8.57828956484701,20.4051104040772
-7.14272108601812,-13.1396312185545,20.8546777883623
-10.7473249861905,-19.0719634857679,25.0420304048089
-15.0651968121228,-23.1958791463026,35.0867069076608
-17.6949839736536,-18.841978975193,47.7748298439824
-15.6795103215754,-6.99114314080516,52.2577832525298
-10.2640884157105,1.28760477740943,47.2319581971543
-5.10782111136137,3.51083023656096,40.4044058904951
-1.72361110550695,3.34947442709448,34.8293340140614
0.19572590933028,3.04620046293713,30.3830648106146
1.34705946344698,3.28869773918364,26.7112892059274
2.2941028228588,4.2743788730997,23.6994904564184
3.45027614605368,6.21448279412159,21.4406326317342
5.18302484262844,9.48067553831899,20.3370473114263
7.87310170565277,14.4315519538185,21.4414249798802
11.7287199644996,20.3803514573471,26.8413348268873
15.9427676281762,23.1260827064677,38.1254203983716
17.6702587480884,16.3804970789505,49.8479617400876
14.5814376962014,4.48353118548906,51.6264055984941
8.95842792991941,-2.1793808677006,45.5976548246799
4.18211697852024,-3.53531314483625,38.9927467125174
1.19917687715778,-3.21964014981035,33.719355072835
-0.478347646135844,-3.0056722190751,29.4709825651125
-1.53258411745525,-3.3931224710078,25.9476024864058
-2.48354420738121,-4.55310933992607,23.0811465631129
-3.72212086517047,-6.72751122534823,21.0122181435543
-5.61618128098009,-10.3193679714123,20.2379778933924
-8.54269061416707,-15.6145041373314,22.0044370853487
-12.6069930589802,-21.4543401674373,28.5771902189722
-16.6341370404071,-22.7119009734733,40.8064946550949
-17.469939727868,-14.0220471098917,51.2449915186477
-13.5368894058261,-2.51881684574372,50.8116952477311
-7.8493522223176,2.81523919909741,44.2092627252471
-3.40890732709053,3.58607065110247,37.8360193681171
-0.732531569975857,3.211400673523,32.8039568761757
0.78022476486197,3.1137799345834,28.7241860882204
1.79361855747624,3.67410618386256,25.3466034367197
2.79875814214564,5.06268682573991,22.6499052752002
4.1787150481448,7.55886645545201,20.8443120327905
6.30826870309654,11.5742554248277,20.575436638962
9.53670069945044,17.1912174734439,23.3534175618447
13.7540025808602,22.4277698660138,31.4808732850282
17.2407426926285,21.2335195975416,44.2173224595453
16.7664896133593,10.7159195413877,52.0684284925402
12.0318559113497,0.576152382825461,49.1995594667792
6.55220385405954,-3.14095278783128,42.3712489723162
2.63667192013391,-3.37128017534185,36.386700380592
0.359978832814785,-2.9823030813082,31.6395268522069
-0.939006635083434,-2.99793109736129,27.7392642966648
-1.87102662873115,-3.68376636103781,24.4984244140957
-2.87810158066888,-5.21100537913787,21.9314673488953
-4.32302118530224,-7.89553759312599,20.2884171495862
-6.58266652902063,-12.1775882818881,20.3020815905479
-10.0002950215109,-18.0523286927965,23.6566770017032
-14.3555007508252,-23.0654744457175,32.7303332019325
-17.6132536817145,-20.5936716718511,45.9020201253051
-16.4779333569404,-9.07865223816019,52.5685480618529
-11.2940045319518,0.534415371133618,48.5616911203224
-5.82321427971934,3.59009158961816,41.5732000769497
-2.07379553667525,3.61553682612178,35.7328387436842
0.0842713249804749,3.2826764304813,31.1306528548174
1.36052322719342,3.47080972354682,27.3671436746984
2.36566710392308,4.4207107724424,24.2960013038864
3.54598318281401,6.33609079174951,22.0019381930876
5.28139715845849,9.56151325987207,20.885147099071
7.9456561717333,14.4095848899743,21.97963739144
11.7228832881202,20.1492912986818,27.2833998878736
15.8009271649927,22.7045729953342,38.2071154364015
17.4504512715768,16.1934585500242,49.4591217346608
14.4802744141716,4.76674767246923,51.242768490226
9.04991348238047,-1.75300448049836,45.4652929667742
4.39987721612053,-3.13866335040525,38.9793908159589
1.48573257890359,-2.81970524148348,33.7179175320797
-0.132778836903819,-2.52568569295457,29.4356488596316
-1.10149084671837,-2.7449683701875,25.8419067316639
-1.91113701871249,-3.62181051481021,22.840648384439
-2.9203814525414,-5.35516092301169,20.4926049991313
-4.46393258933454,-8.33449022304255,19.1060962528874
-6.93126321189777,-13.065287626912,19.5580155341758
-10.6695116667992,-19.4185148343387,23.8465459498777
-15.2827763228774,-24.1243220806131,34.5165077279121
-18.1985780238163,-19.5923951164164,48.4216038574197
-16.0391271445635,-6.58710455364587,53.2711934214163
-10.1717920527113,2.2574664147338,47.6842005946315
-4.66882980789244,4.45685134247936,40.5102513336401
-1.09408357697087,4.27439889591902,34.8947148732765
0.965704620926538,4.11152134623856,30.5474186185026
2.29547302184034,4.67533411284262,27.0768817575993
3.52037040123255,6.19063325445224,24.4344040371871
5.10266695466103,8.88916741185017,22.8963381308969
7.42139579812049,12.9978396185966,23.2368833284279
10.6919556501037,18.0779983633011,26.9763547778298
14.4397939278438,21.3643366126915,35.5458007458322
16.6877998098023,17.8105832999665,46.0968002329273
15.1371546692341,8.15276894186362,50.3217468778317
10.6345522024493,0.742227522650474,46.5481259043793
6.10352913197874,-1.65569231068176,40.4668728773534
3.02648079524697,-1.59023983153118,35.0602375855954
1.33124495631049,-1.01914195472022,30.5543169977161
0.505555478651965,-0.589473502782124,26.7076379470821
0.125187157966554,-0.383435262993199,23.3672324305275
-0.0631136188693515,-0.350396376105573,20.4500248951787
-0.193829241827784,-0.453718956145101,17.8997732519648
-0.344252651367882,-0.706681504429814,15.6726411691007
-0.579609339557164,-1.18693413618567,13.7364514928951
-0.988733172415323,-2.06701816282568,12.0805222340307
-1.72501053051486,-3.68211774288565,10.7519981027611
-3.06890547032181,-6.65049734690856,9.97965017535911
-5.51815508610087,-11.9920316893429,10.580354138695
-9.80666834770664,-20.6720721696089,15.0956878339974
-16.1825528890361,-29.8758403362203,29.028831389323
-21.3749339058959,-25.4625255215787,51.9001180932978
-18.5041725268989,-3.82233090345424,59.9919992825802
-9.49596615217559,8.93165314874321,50.3158956790412
-1.68183294701395,10.7419012490899,41.553533879703
3.10520148589497,10.2616869482227,36.8409307974629
5.90756911470703,10.3304232827596,34.4687653264514
7.80669648605057,11.1692279746784,33.6418393572401
9.3786499058612,12.3392100282809,34.2006968282574
10.7402039727607,13.1457915133817,35.992689122978
11.6730082126782,12.8775702014908,38.4182550959343
11.8527657674927,11.3293406381498,40.3693777171281
11.1872154480316,9.15970537911242,40.8779952811562
9.98432049368092,7.38110348971838,39.8431921054374
8.75074212583783,6.55623129947352,37.8778221943407
7.88698112336832,6.68602919158355,35.6845548569531
7.58041109821426,7.56359195813474,33.7749973049565
7.86463602547855,9.00168022195802,32.5287178995165
8.6893662216113,10.8085134583269,32.2972161343082
9.91795891835627,12.6174000179391,33.3885381027385
11.2555818037381,13.7364544267306,35.824295466835
12.2085895366161,13.3536722631417,38.911864001941
12.2683367609307,11.3158259195173,41.2231056235853
11.3180156813811,8.62969921748564,41.6012553394369
9.79350452981036,6.61153727275906,40.129783380821
8.33178485464523,5.8140804847349,37.7010816247116
7.37058621975436,6.09279298017362,35.1376660155203
7.07300821781659,7.1590592541935,32.9567133210942
7.44512922689522,8.82914938145781,31.5340974147767
8.43034058241689,10.9472287783182,31.261880192566
9.89603372392759,13.1389580179833,32.5492090544345
11.5190226395721,14.5595273209501,35.5182361034865
12.6922325068435,14.0970248831603,39.3633162300565
12.7452449063019,11.4915209259038,42.202041083633
11.5280612686721,8.13600550362037,42.5269754233279
9.63846608504594,5.76309667118265,40.6031812454952
7.88829412506542,4.92604596962218,37.6656263099268
6.77001340440794,5.29724504974674,34.671882343388
6.4215812497978,6.48832433739671,32.1292612912397
6.81983593121257,8.32873063953345,30.3888120709459
7.91136379761368,10.741846768752,29.8691141744932
9.59944365240799,13.4305546408552,31.1123253442172
11.5860264700726,15.4662113543798,34.4904241670075
13.1737366145538,15.302275164933,39.3063545456102
13.4357378501336,12.2194777007724,43.1695684686057
12.035815535874,7.93124529308529,43.8217636698649
9.70883085641443,4.89455482213991,41.5426662868524
7.52871399432682,3.82376219479422,38.04635267439
6.10817249891933,4.16053270353529,34.5260862365329
5.57180278106397,5.3456965795034,31.4839651923332
5.85471670753327,7.19292650788936,29.205306431382
6.90014095260598,9.73930449166012,28.0678614446769
8.67991159020492,12.9191245847733,28.6960167358886
11.0352891616551,16.0210767902073,31.8625162729805
13.3456198695805,17.1640811548235,37.581989768374
14.3911422160485,14.3838275526797,43.4546146945437
13.2386351020852,8.86060774266816,45.6720267062999
10.472911945116,4.34636699997593,43.5548114852503
7.58499792739248,2.48376801494435,39.4750616486713
5.5404128186499,2.50835331802905,35.2682692027105
4.53128900832031,3.47116172830514,31.543691707763
4.42426391652342,5.0130247096828,28.4747981054387
5.09888734983912,7.21059524909713,26.2637450935308
6.55612489957739,10.3034028564606,25.3572843223074
8.86197991165849,14.3126368747321,26.6383243579126
11.8784387094367,18.2109489071338,31.3213877797058
14.7036410706094,18.9936657457852,39.3667223769125
15.4996833124129,13.9627858893415,46.5744650030935
13.2417410925417,6.3226898562974,47.6491239174387
9.36807435786817,1.54657134786769,43.646127965239
5.93045676857354,0.250328868337631,38.4503265702703
3.74728250288823,0.630860844764191,33.7287804295373
2.70654577671459,1.54343426398625,29.6724734143112
2.48739580621097,2.70548992704026,26.2187223267509
2.88902625808623,4.2746816953835,23.3767513320558
3.90175348686504,6.62573974945532,21.3137322345042
5.69732182036371,10.2587059024584,20.5335674116763
8.55950983520692,15.5011419353411,22.2634092815546
12.550069816951,21.2346382066894,28.7010406689572
16.5068224113578,22.5020784915555,40.6496960821307
17.365605113928,14.1011793648231,50.9313720892527
13.5601517766214,2.81364702854858,50.669622502822
7.97902334194148,-2.54146898840271,44.2277587515019
3.58392793967393,-3.35878352229241,37.8922031896506
0.928030387893284,-2.97578406101398,32.8457225818744
-0.557453052761774,-2.81640484008619,28.7313064799234
-1.51867149696771,-3.2603596427617,25.2961034653812
-2.43200236561521,-4.46166853792021,22.4940486134012
-3.66341808646536,-6.67826399667097,20.4735995827
-5.57508061808813,-10.3428012004556,19.7434206796065
-8.55395104797533,-15.7765615441713,21.5922186523303
-12.7175163560022,-21.7998256178831,28.4007930569842
-16.8444077378451,-23.0241786487543,41.0857615725561
-17.6268060651618,-13.8546919649944,51.7434678540612
-13.4821114136035,-2.03238787434109,51.0071146305441
-7.63131309137763,3.24422287867295,44.1563867053821
-3.12715679786164,3.93724444401494,37.7370493253828
-0.423205777888378,3.5777560494084,32.7380880169324
1.13041630969388,3.5785586545253,28.7232651298217
2.22438835633209,4.31909632121126,25.4510797543759
3.37002975882281,5.98892083514504,22.9451723320869
4.9705550570146,8.88072070116642,21.5213795708091
7.40122786523182,13.312998038313,22.0367386478459
10.9025300069207,18.8683509515133,26.2360148342467
14.9495974373978,22.3822830201799,35.836460397229
17.256029602368,17.9762366724016,47.4177425320061
15.2598979103004,7.07073783921561,51.325790001944
10.2049701865601,-0.554076207010303,46.6518058780097
5.3891700995014,-2.68712986586011,40.1629532478448
2.21725701863885,-2.5207146166493,34.692266013489
0.450624070938488,-2.09658035794395,30.2278992201412
-0.525744539217561,-2.04854720488464,26.4630850961562
-1.20673399774477,-2.51814976339607,23.2536280174182
-1.93390785802553,-3.62192907090227,20.5750676731853
-2.99016884275978,-5.63371258949309,18.5342579919131
-4.70246745640827,-9.05345681320117,17.5290560100929
-7.49703473513846,-14.4678025922052,18.6808826173452
-11.7170480203514,-21.4590754755948,24.5037250866426
-16.6186129536751,-25.2707203692158,37.5825256252911
-18.7730657881899,-17.3513151857994,51.8050688107315
-15.0727538889926,-2.98094080587938,53.5174079417154
-8.46543077123513,4.35211428079273,46.2016309748268
-3.06355393949971,5.53199487646018,39.1048274237952
0.258178743869868,5.2385516099095,33.9129603303425
2.22600993105267,5.404457368836,30.0101234176118
3.68135110831812,6.52724681237953,27.0929531011762
5.24166479367712,8.7791889906423,25.3031911120806
7.33464668891237,12.2508818582078,25.2335880731448
10.1740585075446,16.5279499387453,28.0209008445001
13.4214933454952,19.5665039888807,34.7245080724138
15.6332470461642,17.5884120980164,43.5440543751733
14.9219496540437,10.1752284525947,48.3642446276122
11.456117431595,3.20712051194553,46.3602815296555
7.45469905430962,0.23874650231001,41.2217807508931
4.50568939510027,-0.0269572549287651,36.0697953311416
2.85581652801041,0.665943654779874,31.6114132334772
2.19065944452199,1.61194981765196,27.7933422451009
2.19947901231899,2.76854218541095,24.5430189111375
2.7472717822531,4.388401269885,21.8866640567003
3.88977617186497,6.8970462098603,20.020293480596
5.85803512384559,10.844782966276,19.5279851999264
8.98384154309597,16.5496675718451,21.84738973068
13.2889818610269,22.4980351864723,29.4915611239275
17.2748315102338,22.6599270460577,42.7853724999524
17.4516696328494,12.2896448509441,52.490767611132
12.7955663069267,0.839670711330398,50.4422011362637
6.92119974230536,-3.6722133901451,43.336025065686
2.60272821985545,-4.08176560950718,37.071458905967
0.0508866592296121,-3.73626503161374,32.2256982766203
-1.44310370547717,-3.86250405439943,28.3385103258081
-2.5634992172845,-4.78952330965382,25.2088403942362
-3.81312149056652,-6.71753897266798,22.915425727921
-5.59578791387235,-9.94629775038044,21.8775407883518
-8.27012951195449,-14.6802655015425,23.1386258952788
-11.9485341494473,-19.9922654895572,28.5640079564883
-15.7224300858901,-21.8259043712772,39.0618199319242
-16.9986692275768,-15.2330658071483,49.1485726347014
-14.0115650348205,-4.72145402918613,50.3329458947443
-8.90487759784051,1.16305091274781,44.8142695277723
-4.58212814515156,2.4110765945637,38.6116861384753
-1.88995863029796,2.05166045555228,33.4605706699869
-0.43828076586602,1.62616950932764,29.1905844931355
0.345336164999645,1.55430145314454,25.5464159960077
0.882116809713663,1.91014671741132,22.408136380386
1.45169424226421,2.77542423514156,19.7380810425059
2.28397962659331,4.37830969031652,17.5832909509974
3.65431361435767,7.17377168292873,16.1813243656687
5.96206936350647,11.8518009394652,16.2820196386362
9.69981528935657,18.8272446031944,19.8738766443111
14.8632213230099,25.6668329477366,30.5149627694028
19.0815014952973,23.2245223971079,47.444338064116
17.6857059232454,8.10791805285499,55.8145858923257
11.0895679341697,-3.60092654690685,50.020006273274
4.48659292506803,-6.56102681396068,41.8662055124236
0.141378965752288,-6.42890022068965,35.9989079368264
-2.41437631144816,-6.40789503516157,31.8832506143723
-4.14972028300099,-7.34383980501171,28.9702749323941
-5.80639843682971,-9.39310480454212,27.3013798184524
-7.84787926342551,-12.4893076683998,27.3905472616719
-10.4347802941643,-16.0242112016534,30.1247644028547
-13.1704001660125,-18.0911076666771,36.0044831854223
-14.8171411487588,-15.9566228561648,43.0535826483973
-14.0388161932329,-9.89396292311638,46.6277347491655
-11.1308286501305,-4.30045184204825,44.9140242049988
-7.80733434090925,-1.77723385911202,40.5537896581549
-5.33540095662632,-1.54760533110524,35.9557579807401
-3.99622088161973,-2.35369877013159,31.8704950366776
-3.61367494489708,-3.65874971448414,28.4114536390357
-3.99949273411906,-5.48456007026861,25.664700216418
-5.11389847958249,-8.12667844641294,23.8964947348231
-7.06637085525876,-11.9170173755772,23.7564361779987
-9.97618932327292,-16.6884187982388,26.5248704969459
-13.516399616891,-20.449076989763,33.66060529177
-16.131942753542,-18.7552656061752,43.669317925194
-15.5294603289742,-10.4785289031485,49.4719418505318
-11.7136751030265,-2.52129553135573,47.327405810908
-7.25551105902891,0.763543503412976,41.6872171357618
-3.98314138960256,1.05603297485864,36.2176353507863
-2.11950338359561,0.453973233900958,31.5864819525983
-1.25135980772785,-0.213709545464567,27.6333196851371
-0.97466489776556,-0.830301348051506,24.209890358036
-1.06053694940216,-1.52782130450384,21.2425748146372
-1.44392629684503,-2.53363869280908,18.7079150557427
-2.19564866358058,-4.18192654059216,16.6545171041518
-3.52722453820776,-6.99532649274297,15.3140998114357
-5.82399083142848,-11.7290087281901,15.4301591514985
-9.6031463714786,-18.9030386551194,19.0304559166901
-14.9181622282946,-26.1579469244234,29.9154397979453
-19.3637662865777,-23.8494372941492,47.6438657654817
-17.9588606799899,-7.98247178390084,56.4820363263402
-11.0781649854874,4.21253713408958,50.3396691530346
-4.23395313757307,7.16845112885007,41.9696510592601
0.242042879077291,7.00546510103654,36.1409521277101
2.88015671366659,7.02358661784926,32.1820947781268
4.69068566554305,8.03770577678839,29.5105691603689
6.42122219467301,10.1395938474267,28.189481098493
8.49995208082845,13.1264878134281,28.742281651069
10.9904905572062,16.1575622720019,31.9096849841486
13.3618227730534,17.24823535695,37.6801409418194
14.4159722324617,14.3779017839437,43.5856427055371
13.2321665113573,8.77261845060677,45.7595497197467
10.4288060540243,4.24187412023404,43.5678434417055
7.52113847618473,2.39977616077862,39.4384789428187
5.47281149551904,2.44211907723993,35.2065671389681
4.46568235683646,3.40995531735016,31.4661763603953
4.35971181430679,4.94767948427548,28.3814134605802
5.03247637252527,7.1381087798128,26.1484277440694
6.48676209671738,10.2304584368368,25.2088539527285
8.79540425555823,14.2656803773728,26.4466301883258
11.8346830387973,18.244689843643,31.1055592669159
14.715884047004,19.1451034039806,39.2229980921143
15.576589142058,14.1338848629482,46.61167438255
13.3310750285157,6.36663391774407,47.8014620561416
9.41263715095413,1.47615984053422,43.7823892110648
5.91914744080567,0.138174061126162,38.5369549049178
3.69314057649483,0.504656446860886,33.7778548226229
2.62007053113602,1.39594225082492,29.6923642614018
2.3684780777919,2.51416057274513,26.2067722458145
2.72655138944602,4.00681727557361,23.3166260226512
3.6739457823674,6.23882091715853,21.1631879802622
5.37406050855608,9.71422934092211,20.1948677025915
8.12012606264508,14.8418604093115,21.5417410829667
12.054858206951,20.8134859854829,27.3788654339005
16.2302807365838,23.0817019706436,39.0896828025001
17.6530049192207,15.56497649223,50.4663371274745
14.2240582913197,3.69404988971001,51.41218836157
8.53506634786447,-2.49245404689429,45.1050446631715
3.86180944425292,-3.61255447510002,38.5648760909548
0.984589238889048,-3.26899447421536,33.3811711161179
-0.637497730940166,-3.10662944399403,29.2012407840277
-1.68597350599078,-3.57889990089158,25.7422687966831
-2.67369728943152,-4.85814078765355,22.9577887648373
-3.99196838597975,-7.20363907790565,21.0249118234354
-6.01381348000393,-11.0192604613298,20.5194670835208
-9.10086192080149,-16.4790143156106,22.8261690898543
-13.2425098799907,-21.9840362028312,30.2301593984462
-16.9694745396845,-21.8946106265392,42.7327772212528
-17.0757049137566,-12.1672164938653,51.7206171489141
-12.6936644334733,-1.44361064660016,49.8825254884653
-7.13759872853738,2.94116403366164,43.15444445642
-3.01248581813522,3.38903310095831,37.0132037580342
-0.578755745886538,2.9926005980965,32.1429539417813
0.795750723238675,2.93500854993367,28.1553006977657
1.73949480542853,3.52400466455787,24.8350905922239
2.70940009456351,4.92223783223735,22.17223950298
4.06996518307278,7.42265196992798,20.3750690995475
6.19326379032524,11.4667501091956,20.0848368910976
9.44447182995811,17.1955350746897,22.8321491418223
13.7485657030066,22.6786034544238,31.0447976728486
17.384088972469,21.6588525765167,44.1826882406563
16.9718089290429,10.8428989695598,52.438104779203
12.1171500331105,0.325079934062768,49.511110614867
6.47801156713858,-3.487122198143,42.5121331484194
2.45560553399543,-3.71644958392822,36.4622079351904
0.10953822569034,-3.35845928674346,31.7189701114947
-1.25662930273996,-3.46799897551109,27.8608798477485
-2.28255706484725,-4.32679022016735,24.7076508466549
-3.43554444850588,-6.1287769117698,22.3183987390907
-5.10132136215934,-9.19908224736336,21.0518564286928
-7.65487491830374,-13.8669784288577,21.8565631516151
-11.3158625222674,-19.578298851035,26.6264530070498
-15.4226139048644,-22.6917014856655,36.9930822540726
-17.4342975837116,-17.1703055109509,48.5878892758658
-14.91180159037,-5.81849255668428,51.4354541439461
-9.59827230300243,1.30022578090466,46.0943222736221
-4.82580386192747,3.02706116656004,39.5550642074611
-1.76917619542681,2.76885580565301,34.1824524676489
-0.068321985042221,2.42242769130183,29.815426201931
0.919521357575043,2.54552573853906,26.1480230779257
1.69476936279453,3.2853634165607,23.0630349900204
2.61598203211101,4.81411904333893,20.589319170358
4.00495718982896,7.48790268673867,18.9627031242153
6.23820769965093,11.8339463970789,18.8943989886581
9.7126320127957,18.0338548609991,22.1221262756985
14.3241918782883,23.8104268412561,31.4233782368514
18.0342729092488,21.8626830613149,45.8191444426313
17.0752120734123,9.41543892378037,53.6456990462005
11.534911462447,-1.25864233030028,49.4295313688109
5.61419786834873,-4.55901816548786,41.9911747386445
1.5649611077407,-4.58945595533946,36.0102110604664
-0.791816069158859,-4.35281071858512,31.4604781907157
-2.2602482705889,-4.8005672129592,27.8703759294995
-3.52377509016439,-6.19986241997909,25.1352419679025
-5.08006893551272,-8.7592502942226,23.4950485039614
-7.31760618263031,-12.676541695303,23.6633375906441
-10.4576481789665,-17.5572453659101,27.0444939343333
-14.0910577309495,-20.9120471710936,35.0179462463082
-16.420887028301,-18.0099694171346,45.2084516215644
-15.2040478607403,-8.96291943748494,49.88715984665
-10.9944757504834,-1.47420285688234,46.7063669304553
-6.55003768949674,1.19015033343301,40.8314188655044
-3.45179063392928,1.23189419065423,35.4348331949116
-1.73528094985117,0.618692072581706,30.899675143347
-0.936464012678796,0.0409884462999781,27.0222153259115
-0.653664437707666,-0.426495517961993,23.6558698403419
-0.661830107487459,-0.896629325636658,20.7227466878512
-0.881714735029374,-1.53633374027018,18.1791041734445
-1.34241648972585,-2.5736355630606,16.0151623147326
-2.1765179697907,-4.36947114249696,14.2976544725707
-3.65412226142422,-7.52582236960776,13.3129443034903
-6.23901851831399,-12.9245340886212,13.9931560269901
-10.5237271498664,-21.0294135324093,18.9160889836793
-16.3695422659129,-28.1611987188066,32.5644388220061
-20.3583816219487,-22.1791678592577,51.9357134343111
-17.1598397938631,-3.64806985282154,57.3163832990639
-9.19851715147732,6.84170583702605,48.7832427742959
-2.38544672243195,8.49328841426516,40.6582026960609
1.82600699384828,8.16569908581126,35.5601422760186
4.34531676417544,8.4345175660809,32.3577528840145
6.1981339187172,9.73314408235682,30.5706016578593
8.02692780133758,11.8879777847866,30.3621713411862
10.0677894121103,14.2975375126422,32.160465859493
12.0907547514079,15.6954192700077,36.0569149199051
13.363309256865,14.5462952517923,40.78488811172
13.0926530417205,10.8320541195778,43.7029995120725
11.3093517553646,6.79326147718222,43.266285772493
8.96138876447957,4.42549410351511,40.448870078888
7.01202653278966,3.88513771293163,36.8924146634431
5.89056836093886,4.53315635967522,33.5183896786742
5.63345347014165,5.93397696090747,30.716583655805
6.16889425926826,7.99727370339465,28.7827062874326
7.45487193583956,10.7614376494589,28.1653816152868
9.44267688003777,14.0088671113647,29.5640954060067
11.8562913099826,16.6680676036136,33.635015281846
13.8616943737879,16.6034298137777,39.7284199199049
14.2001061844064,12.6116670136212,44.6444678718184
12.3866746286054,7.12383973491648,45.2461095788176
9.46072678296595,3.52986050695319,42.2248502162244
6.82718091307641,2.43657604295956,38.01992969959
5.1551719387081,2.85263503411912,33.9777375882945
4.48085660215252,4.02908104534324,30.4879187974753
4.65690899566438,5.78502956192415,27.7115351149992
5.60353641910617,8.27687817254776,25.9219612245757
7.35518190500982,11.7098247617822,25.7041657563575
9.94032657942511,15.8322501353826,28.1001094417457
13.0058837179135,18.9440180047271,34.1271682588579
15.2635036761912,17.6577178627354,42.4371067433966
14.9155459730588,11.0675064079975,47.6289805839494
11.847070875322,4.18827589207143,46.4002835550814
8.01177058990367,0.901693474382382,41.6716962906279
5.05285593108985,0.42425534296013,36.626244792174
3.35365262785184,1.0860194576039,32.1864033861097
2.67421209764358,2.12383368755816,28.3851498783371
2.73058464392913,3.46539070607016,25.1866779876791
3.40076696855067,5.37045066011829,22.6667210232346
4.75359226998896,8.27502400242246,21.1253989598146
7.01728114319741,12.6445216228505,21.3544806785087
10.4201611379993,18.3245300225118,25.0450911934027
14.5771374459658,22.5882880238431,34.2281738783484
17.3587513498741,19.2796935802533,46.4698385743077
15.8620232096719,8.25344358550358,51.7964564420254
10.8314072551209,-0.31603749220294,47.5995266593437
5.73743469313195,-2.95142569763527,40.934068224424
2.29310020182326,-2.90104389246722,35.2819495587555
0.341817169966247,-2.50062298138298,30.7245073880167
-0.761109322049834,-2.5113060577868,26.920053592071
-1.5582362361442,-3.120998080648,23.7139949998708
-2.43425691253281,-4.47985679125731,21.1064360514832
-3.71289391863395,-6.90152456891797,19.2822561665255
-5.75704338522144,-10.889902933181,18.8306579481213
-8.97361731003022,-16.7734924182742,21.2465715884298
-13.4288522249986,-22.9900554749732,29.2205682476428
-17.5625114047265,-23.0925307097892,43.1733305347505
-17.6590493636453,-12.031888686659,53.1535824253786
-12.7118969156597,-0.18088578973952,50.6853476388436
-6.62174225177402,4.25385577318788,43.2868447352438
-2.21272672499303,4.58469829300683,36.9894585161415
0.388711252815704,4.28112938075998,32.2116718778198
1.95244471106963,4.55566401219738,28.4454100380222
3.19511788338666,5.73343516327515,25.515568908928
4.64029986359459,8.01739369142603,23.584083021065
6.69498592671265,11.6416793701808,23.2368738142244
9.64423531244477,16.4636406175166,25.7320669221096
13.2994891872738,20.6267868575949,32.6944781675063
16.2007102196873,19.5177926596389,43.0927989168735
15.8936660887558,11.2061729736548,49.7501656027826
12.0943147970513,2.64161902529053,47.9748589136928
7.43780518262668,-1.03684613439753,42.2194491239818
3.95581176022018,-1.44759988867038,36.5918778508509
1.9383201558341,-0.896171796632836,31.8630320165629
0.949550082335385,-0.324406504017059,27.8455664887846
0.542168812494301,0.0959792020731243,24.3657792267646
0.440064287947684,0.437907683462956,21.3301616260956
0.518067577197626,0.825546161504036,18.6814096311041
0.753665731838686,1.40702889804798,16.3821212213049
1.20319416815627,2.39485212073346,14.4228819391688
2.01198042512217,4.14622031816001,12.8647389522132
3.46036953420757,7.280464869333,11.9794100651555
6.03440591477875,12.7470928231947,12.6824791373107
10.3874844329106,21.1813385026904,17.6186875867899
16.4883988735968,29.0045618464942,31.732438993475
20.8180259381759,23.026543262412,52.4654954424596
17.4982854265518,3.18554010054106,58.2568456973738
9.07712658249422,-7.81163219379958,49.120428454134
1.94233150453272,-9.39044444043764,40.8384296534235
-2.4348085576398,-9.01319763721804,35.9460272699676
-5.04489598522101,-9.26456328822342,33.1012454368451
-6.93364152588425,-10.469180278383,31.7503327302952
-8.7062648397812,-12.3144502976791,31.9748897576839
-10.5210667454874,-14.0755919384768,33.9790255599565
-12.0942952441958,-14.612349642565,37.458729740349
-12.8170324360176,-13.0165933129437,40.9988730371049
-12.240667090786,-9.82684986554583,42.6595042207262
-10.6168364160887,-6.82422217633783,41.7585503437901
-8.73169205510711,-5.22115258020729,39.2086001072249
-7.27080393571006,-5.03164318032421,36.1806419842093
-6.53448248825663,-5.8342109639162,33.3804402952366
-6.56041061812202,-7.34746820932848,31.2037154118434
-7.3041266350453,-9.47327469323565,30.0166938250956
-8.70100075833998,-12.0700407544366,30.3028847505944
-10.5802650030473,-14.5744483956279,32.5826466595813
-12.4630164656686,-15.6936518005787,36.8300241084032
-13.4821746282457,-14.0434145385985,41.4857551512401
-12.8961941910721,-10.0685348656044,43.8741001301166
-10.9189758368207,-6.22027557325813,42.9013195145717
-8.57392799452555,-4.2002040527464,39.8451426866231
-6.74713064685546,-3.91616288063142,36.2700995092339
-5.77709036034738,-4.71761408783859,32.970567946727
-5.6621604619262,-6.23436757263944,30.2928630343789
-6.33002819228586,-8.41951131290249,28.5452143699182
-7.74504516244889,-11.3021434686899,28.2180670225626
-9.84114752384785,-14.5656305619114,30.0464194736177
-12.268447178982,-16.9326879525991,34.5872927520393
-14.0801698209313,-16.1941818222806,40.784934970207
-14.038538738099,-11.6605802192086,45.1095103247923
-11.9210194075191,-6.30090627032514,44.9299006591268
-8.95189062796461,-3.16751197519509,41.5354155561081
-6.45462139995292,-2.41210538621034,37.2926072397374
-4.95920436298015,-2.99563089703645,33.3254017597146
-4.43995058363226,-4.27071679996587,29.9415061688197
-4.74899644538575,-6.13419352130772,27.3031412754072
-5.82705120433869,-8.77457696509307,25.7216020569858
-7.72224385611019,-12.3699780908711,25.8534670776368
-10.4360461905746,-16.5099465757435,28.8092841575955
-13.4950548211163,-19.1537746967645,35.4420878231253
-15.4373253771281,-16.8752602311895,43.7025451720728
-14.5678918436168,-9.76847071131889,47.8772899332161
-11.2030026732191,-3.3493631124064,45.7591888189358
-7.4252096551361,-0.65371988101691,40.8127322239794
-4.66975766339552,-0.462253406925818,35.8380639195627
-3.15885368749814,-1.2134131688474,31.5036798930352
-2.61424768616607,-2.28840082544778,27.7983524671036
-2.76997593352596,-3.68813364402138,24.6963069482772
-3.53439682900355,-5.70745622724143,22.2964395457193
-5.00522367343963,-8.80249351365902,20.9485562954
-7.42926726938607,-13.4157195968749,21.5527257054093
-11.0043473608924,-19.1805906112014,25.9520300176197
-15.1623069745642,-22.7786608494271,35.9827986953436
-17.476931015786,-17.9957704528243,47.9623112937638
-15.2858740779581,-6.59900259245374,51.6905803227953
-10.0135305444037,1.06844600913045,46.6545708080825
-5.09645459157712,3.08513094300944,40.0309760132237
-1.89355185989252,2.88637567438868,34.5575238030243
-0.0989411125527684,2.53006307672031,30.130076017467
0.940385546923752,2.64118637428803,26.4253955133851
1.74504692165747,3.38338246985281,23.3168980043814
2.68830556739991,4.92954542377581,20.8341181739308
4.10000773781864,7.63132906480212,19.2214017937395
6.35777044731836,11.9995040485249,19.2074208476341
9.84539928242547,18.1588832008868,22.5433538290706
14.414913209288,23.7178003300725,31.9237235653128
17.9807096673023,21.4523962700786,46.0757412896174
16.8840728288685,9.10401085686597,53.4355415276894
11.3743077453145,-1.22006341981886,49.1239951366555
5.57007803452726,-4.37360304444501,41.7862735048907
1.61746504762484,-4.38165053276183,35.8605409593068
-0.676243570104721,-4.13340524604067,31.3148040364139
-2.09719873161214,-4.54552145895037,27.6970900908973
-3.31141622873774,-5.87872019149635,24.8989893517582
-4.8063957762386,-8.3496629149831,23.1341017772225
-6.97441848925493,-12.2031986233336,23.0689814327056
-10.0775638765981,-17.1982382172323,26.0890233435853
-13.8192343370802,-21.1006505100994,33.8081964174876
-16.5027416069026,-18.9667208921012,44.4858119361683
-15.6570646022339,-9.87140047096089,50.2157100371881
-11.4763102144385,-1.66846399519096,47.4673549366856
-6.81025967546838,1.43988365352304,41.4750594895725
-3.47747140987929,1.61321668377037,35.914067311881
-1.59003652913766,1.05073941675898,31.2759804464039
-0.661205122112716,0.565153202445282,27.3313090043089
-0.243705048676222,0.289466959124164,23.9111796472154
-0.063085803116341,0.171235864544985,20.9249194214333
0.0220564533738061,0.149674229767941,18.3128146278583
0.0799293990593053,0.195285200420091,16.0273061883228
0.14734578234976,0.311292218584953,14.0280041325191
0.254886607617729,0.534596401116209,12.2808547869482
0.444943834123598,0.949327962055746,10.7598190888246
0.792268644780213,1.72213981025356,9.45467598000623
1.4375345287934,3.17440130814264,8.39982217263752
2.64797215367449,5.9132092553546,7.7775203347488
4.91711396114368,11.0010406313685,8.27872938057789
9.03917367069871,19.7218341508381,12.2234520738572
15.5735468920003,30.3294500256564,25.4347806676916
21.7777074004929,28.5354191047548,50.2554815292168
19.8005612201118,5.37768452164354,61.9223785961936
10.2687369305284,-9.94138569590737,51.951725254912
1.6149602693967,-12.2124756583194,42.4960628660521
-3.70039036595912,-11.5875386120121,37.9304775300127
-6.72639964178276,-11.3244026056581,36.0648562515497
-8.5783094881067,-11.5725537619228,35.7036745439462
-9.82858115175913,-11.8810537447164,36.3378664682325
-10.6360885505442,-11.7935157136016,37.519292155639
-10.9624605304748,-11.0969295766611,38.6668119618301
-10.7815927225745,-9.96382984121426,39.2224395693202
-10.2116708098929,-8.83676898427943,38.9391067202803
-9.50001068836554,-8.11871564841078,37.9641707139738
-8.90769245542637,-7.98011084855458,36.6620133233295
-8.61428656690355,-8.39237996258882,35.4146610577576
-8.69441999743814,-9.2313631046408,34.5433890983108
-9.13253451905139,-10.3158851136102,34.301608054158
-9.83079047726115,-11.3777018267337,34.8455723459018
-10.601134107138,-12.0441173653603,36.1327579623405
-11.1778969480365,-11.9512386594786,37.7942550244761
-11.3065768205868,-11.0143564599894,39.1706862277356
-10.8967731795143,-9.60549192147615,39.658368122755
-10.1044603249381,-8.33643978695586,39.1018897068523
-9.2393457523016,-7.64703687525166,37.8055926393337
-8.5918141033466,-7.6509449611434,36.2431167149198
-8.33390908380019,-8.25951408645075,34.8404489264789
-8.51837075164702,-9.31777079639881,33.9373404981289
-9.10699636418027,-10.6211242829005,33.8079028556263
-9.97379902366006,-11.8484500535224,34.6232027786218
-10.8832602798345,-12.5314934522287,36.3019582999321
-11.5034954188139,-12.2281094283057,38.3297669648513
-11.5349685269032,-10.9131552500097,39.8439020992099
-10.9180910492457,-9.16384416832711,40.1597359257531
-9.90638515649183,-7.75483386895894,39.2434978506384
-8.89741535972707,-7.1222013136113,37.5776097371531
-8.211074596145,-7.29214223391458,35.7339740067941
-8.00608070698551,-8.11330766836592,34.1658773490685
-8.31224631007928,-9.41087287101635,33.2269051992568
-9.07225005387473,-10.964910574257,33.2208653470382
-10.1342350530441,-12.3932551152747,34.3499125819206
-11.2082638321645,-13.1002681226516,36.4965305119632
-11.8781331477581,-12.535063906456,38.9608848135468
-11.7870466948705,-10.7586309529427,40.6177103047636
-10.920757315434,-8.62158580588294,40.7037681379822
-9.65744167876481,-7.07849693121066,39.3655149657252
-8.49209055891715,-6.52429712017208,37.2932325715147
-7.76599008583328,-6.87175288820026,35.1456387440559
-7.61596883417162,-7.91021715521891,33.3874417964402
-8.04844700013658,-9.46169850479603,32.3832773391805
-8.9934953545095,-11.3067831146582,32.4804369351908
-10.2806350344534,-13.0010206725766,33.9423705567355
-11.5616739219358,-13.7815438027429,36.6395164327582
-12.3118091069624,-12.928983592471,39.6515173876505
-12.0905157061369,-10.5996736814069,41.5033458268643
-10.9355810337696,-8.00209568141138,41.3319080506903
-9.37965835551135,-6.30339665614463,39.5229218197717
-8.02943066560366,-5.82261845851671,37.0068286076444
-7.24267860987622,-6.33356537351167,34.5177364895869
-7.12785684616085,-7.57007533882439,32.5149763441053
-7.6695244772358,-9.37182462963527,31.3680444993889
-8.79661966523541,-11.5508233710255,31.4807905036126
-10.3387517198755,-13.6242078208736,33.2272105285929
-11.899712515658,-14.6264219287224,36.5430415430596
-12.818601902617,-13.5479234649713,40.295415676907
-12.5111885303308,-10.5731220863286,42.5217874635922
-11.0425233626598,-7.3726894703798,42.1492659866151
-9.13199185360591,-5.42438851998011,39.8456714372115
-7.53146169104995,-4.95988099092513,36.8394522895262
-6.62311413799914,-5.57929331298165,33.9446007072781
-6.48311216087702,-6.95115668712067,31.5975332557039
-7.07376897487349,-8.95076269292415,30.1527020215941
-8.33696626990328,-11.4754280508506,30.0644855178156
-10.1404341398339,-14.0924564011082,31.8746518040813
-12.0911794194165,-15.6649747959332,35.7651625060466
-13.3881957227186,-14.680924670561,40.569947064624
-13.1796247278066,-11.0331873295916,43.6612858924894
-11.4305258374422,-6.9296697790952,43.3758817345937
-9.06633779063803,-4.45973536806489,40.6151756127876
-7.07286336442564,-3.84895707817095,37.0524306567392
-5.90411661387984,-4.45724542898625,33.6481062707848
-5.60547874724317,-5.82869348410558,30.8036952272998
-6.10407050586253,-7.86145039217126,28.8105680010001
-7.3559227421666,-10.5985259078246,28.1059818214129
-9.31792501821447,-13.8520101717621,29.3819126887377
-11.7355474953282,-16.6076373662584,33.3267516025125
-13.8057866510029,-16.745606509644,39.4088602623688
-14.2604212402132,-12.9072236029624,44.520797705331
-12.533842213619,-7.36230877399709,45.3663778102473
-9.61040997967178,-3.61165180286482,42.450753063686
-6.92434907346826,-2.40803800749549,38.2428950770188
-5.1902300383399,-2.77062001278333,34.1644694389063
-4.46268179659274,-3.91406709353448,30.6302810694525
-4.59292423195505,-5.63193552949486,27.79835031441
-5.49386503448975,-8.07202300396003,25.9271423569141
-7.1963560476265,-11.4528322973337,25.5763298500103
-9.74084844775865,-15.5833713857131,27.7668149531189
-12.8198053946543,-18.8869178896528,33.5821263428896
-15.2081413409101,-17.9857197233289,41.9376843222228
-15.065794885125,-11.5857058059297,47.5534224751778
-12.1055375997902,-4.49585478688974,46.6865867816147
-8.23064343346867,-0.950520342601264,42.0306158539994
-5.17447782867788,-0.349428067710118,36.9384450980157
-3.38752720267551,-0.968295040014606,32.4426923805968
-2.64256502837049,-1.97735718341852,28.5910780573071
-2.64439141248644,-3.27030315731002,25.3383815672083
-3.25478842013853,-5.08901467613436,22.7431121251514
-4.527312055216,-7.85953933560688,21.0700550555797
-6.68200476486216,-12.0686222704359,21.0376543451599
-9.97330146962906,-17.7130513167851,24.2391742566666
-14.1463649793569,-22.4759144608037,32.8451945610071
-17.2838474942662,-20.2645550194095,45.3110476369742
-16.3140515863694,-9.52045481384118,51.9030915908902
-11.4511463922719,-0.191010187255963,48.3845234365166
-6.18315933620901,2.97619797523549,41.6602165681425
-2.51592871847043,3.06449982801833,35.8502100054845
-0.411802496337517,2.65975348535885,31.1938553652147
0.776413229383313,2.64916068246086,27.3298775153176
1.62025297285883,3.25511643750661,24.0857489981702
2.52767670442997,4.63114469664394,21.4594456688852
3.83564563066192,7.08507261780657,19.6446860985826
5.91051774868312,11.1018033128006,19.2506043545854
9.14594979983748,16.9467810856687,21.7912467437155
13.5585981313208,22.9187046424118,29.8796119039742
17.5208972210912,22.5962458617344,43.5870523765844
17.4204991313667,11.5672567808539,52.9388313227585
12.4859755884513,0.191240581410413,50.2657459367116
6.54992059381417,-4.00424583178656,42.9996739524145
2.27891851889485,-4.29400727359848,36.7913326167349
-0.231551494016266,-3.9753449623559,32.0265489136016
-1.72807179183083,-4.20234468681072,28.2278195156707
-2.90169702353977,-5.28695695132313,25.2196333259122
-4.25893717028117,-7.43595105947611,23.1310306734322
-6.20502243865561,-10.9286932535041,22.4801822511288
-9.06568189726685,-15.7997746314433,24.458821502969
-12.7942323140749,-20.5854541052954,30.8835587267458
-16.1365054374104,-20.7118155700807,41.6135403814059
-16.4658704774232,-12.8000418938453,49.8355966493158
-12.8782036501118,-3.24721232176655,49.0751423488434
-7.95036381492593,1.2762100453095,43.2722012742103
-4.09903378732965,1.97274892789206,37.3825985986517
-1.80005919008473,1.49986826331048,32.4806976189805
-0.609242281816825,1.03005381148643,28.3588631694337
-0.0153981030803643,0.834522779739864,24.8068872535314
0.328140020142894,0.918748815804293,21.7172735282483
0.628664962172031,1.28577379784462,19.0310330554441
1.02997112526122,2.02624065848047,16.71899810759
1.68307117831928,3.37200605601068,14.8009810906943
2.81424753555052,5.77362142952329,13.427659613518
4.80182663649942,9.98954444483272,13.1378802700628
8.21919918754736,16.8990827260269,15.5691916992675
13.5025520308679,25.5938898075271,24.5890646941157
19.1553826398427,27.594786763135,43.0957489912908
19.7413442060923,12.5821601096035,57.5785460376423
13.1257989437686,-3.58876320542269,53.5041629624541
5.22970950100517,-8.43518699738038,44.1193881452771
-0.202388745481412,-8.46582438562973,37.7176314093385
-3.39956953848051,-8.32487249462296,33.777872576592
-5.47536140865501,-9.13217519772851,31.3952146344601
-7.2642598222688,-10.9027303163156,30.4699941298656
-9.18578646490707,-13.2333347874465,31.3357798130466
-11.2281521217741,-15.1763868691039,34.2979390922838
-12.879966388608,-15.2345256711798,38.7818242331783
-13.3155928189458,-12.5483748782588,42.6528514699617
-12.1480346709424,-8.47226162781075,43.6433264718869
-9.9804407471912,-5.36031656082003,41.714096652216
-7.84028221350374,-4.11874636965769,38.41354229533
-6.38303702540079,-4.32262195746559,34.9755339999874
-5.78283788390315,-5.42111907065697,31.9632023322585
-5.99656275813791,-7.19279653620989,29.6857192602664
-6.96628405704515,-9.64051029018375,28.5139669239841
-8.65321631468893,-12.6845148245706,29.034992641187
-10.8976646301849,-15.660381107189,31.9609468772813
-13.1200788510968,-16.8440707005852,37.3148544341237
-14.1904791140072,-14.3917019956505,42.9403552295425
-13.2040668805755,-9.23521142543433,45.2855544529671
-10.6294418402685,-4.81867106346008,43.4832810686822
-7.85042146296097,-2.87356535952775,39.6326579150606
-5.83542971694878,-2.81451182091227,35.5469754889157
-4.82246011014405,-3.74655250921249,31.8984176890245
-4.71025496800343,-5.29728108750718,28.9030272549424
-5.38856742498103,-7.51416997382621,26.7891292059656
-6.85015087228771,-10.5911078889228,26.0219274645989
-9.13033118687888,-14.4640178647359,27.4693445333901
-12.0321076188089,-18.0029493997168,32.2058253282535
-14.6125631631312,-18.3250282371095,39.8832553786927
-15.1573170909839,-13.2930374258806,46.33282335506
-12.882134419583,-6.21233656094659,46.9887521835638
-9.21467471531857,-1.89173574944783,43.091718530018
-6.01349096689637,-0.752753005609359,38.1164349879374
-4.00742311551393,-1.18852312526951,33.5610879706611
-3.10109703820551,-2.19415576838058,29.6396291138542
-3.01939449139635,-3.54599393000932,26.3399765044004
-3.60614662210008,-5.43698657702201,23.7370470272639
-4.89021805409099,-8.26170942657158,22.1213877754479
-7.05802837641617,-12.4364389612577,22.2394190353431
-10.2959623562015,-17.7871585952999,25.6364541755836
-14.2303960099356,-21.832743603467,34.1131010385112
-16.9340671463284,-19.0616031360422,45.5390641606077
-15.7356242858265,-9.00099843950339,51.0050521629778
-11.1219530876994,-0.648863521500104,47.491479165775
-6.25155683552009,2.18798775604813,41.1469414924844
-2.87982718711461,2.22766948654465,35.5346702424871
-0.977338253857263,1.73189378441232,30.9285120763451
0.0225777352943217,1.47851030635234,27.0363288402682
0.61249130111425,1.62218562190561,23.6861186179351
1.11922012344316,2.21102120168757,20.8070939529243
1.77626880825692,3.38826054336724,18.3975599458049
2.81942616968022,5.48663484309362,16.5723558658298
4.57554780588206,9.09246761524006,15.7505823515577
7.51360079944481,14.918814053715,17.1596837837411
12.0429817199838,22.5769764005084,23.6823173916533
17.3310019446012,26.5224382970829,38.3762816832733
19.3801140134394,16.8698329376778,53.6932057371218
14.8885874897968,1.11702172741486,54.2254185308421
7.65886506269433,-5.91912860059251,45.9381746342069
2.04530287422131,-6.74681013820076,38.8061342381547
-1.34724030816423,-6.46967500248172,33.9092921964889
-3.41839292537076,-6.88341365267995,30.4439787864571
-5.06190890290251,-8.36970071220866,28.1603397339493
-6.87996404146815,-10.9540028296205,27.3422444528774
-9.19089273733312,-14.3436421372226,28.7060872950092
-11.9036110888269,-17.3307293140852,33.0643574790832
-14.193138888183,-17.3880568663318,39.8600255288285
-14.6248079555124,-12.9064307369329,45.4376815579827
-12.6020474691909,-6.70554122242994,46.0506141710081
-9.34163612845227,-2.78074519775412,42.6276139238487
-6.45040283333518,-1.66420921955696,38.0575386834068
-4.62752915465175,-2.09540765642133,33.761817812347
-3.8528602844724,-3.2104970220387,30.0543479089998
-3.92439119723022,-4.81549519786241,27.0170725188349
-4.73453554351766,-7.10179749157839,24.8359250015002
-6.33040229231934,-10.3974770840778,23.9852287942435
-8.83833448003644,-14.7947274207531,25.4668864719984
-12.1593156020144,-19.1746507366603,30.7638253198553
-15.2823072681583,-19.9498104713396,39.9498221454715
-16.0328375556945,-13.8854491001559,47.9251738142723
-13.2909999249299,-5.22446402902878,48.5380769229061
-8.91277047506292,-0.30678508564267,43.7612627307561
-5.20548125435325,0.80752152984718,38.1598318104197
-2.90863373852847,0.377956412290076,33.2740770263874
-1.77240504458983,-0.367365385925912,29.1171063850063
-1.38216950475038,-1.13598541573302,25.5354326128212
-1.46797761182737,-2.02939980504501,22.4507975504052
-1.94297525354629,-3.30713515791265,19.8577337464522
-2.88398652601731,-5.36312711461222,17.8619808879624
-4.53084054801564,-8.77721721192724,16.845110962013
-7.28749817127926,-14.2220971445764,17.9029056105733
-11.5323035683516,-21.4449164652297,23.5871310733585
-16.6125572816245,-25.812091207763,36.8380000211175
-19.0581596590845,-18.0967055834413,51.9222978384099
-15.4049769036862,-3.03930465040314,54.1377552441803
-8.57202991345214,4.76084569222577,46.6204935022182
-2.9454790659609,6.01469173733233,39.3582327528549
0.520518452145277,5.72785161506971,34.161381625718
2.58589404904314,5.94028791427537,30.3446314064041
4.12898391508161,7.15555950763311,27.5901637600312
5.7832127303584,9.51077721838255,26.0736237341632
7.95807337510245,12.9850123044456,26.4360708686744
10.7824936423011,16.9047130320579,29.7554111416262
13.7499431394015,18.9674847651606,36.6101379298424
15.3577491648804,15.9783818556237,44.4139061140573
14.1333476637323,8.85818198446604,47.6478333369442
10.701341206147,3.02616738561059,45.0432681777871
7.09929910210838,0.776938572883601,40.1165416363034
4.56455692739034,0.763480780364679,35.2839743529603
3.23080745350749,1.59164223612364,31.0793515528105
2.8251001122794,2.7611683996895,27.4976825913651
3.11696553996852,4.33075052847001,24.5483042299601
4.05318810270712,6.62891820213576,22.3913841943802
5.76253402750063,10.1121338435274,21.5031637170603
8.48440213833819,15.065146772696,23.0124792342273
12.2578308307515,20.4666011355435,28.8911485983354
16.0363361143383,21.9200323079633,39.8947608599753
17.0621824412175,14.5751516756927,49.830815139345
13.731496138561,3.9143524689842,50.3003193232577
8.4882970275358,-1.62650080415522,44.4303309861293
4.20115833092891,-2.65555954703261,38.2148257207318
1.57365794672554,-2.26617641118791,33.1220760461994
0.148758591298591,-1.91453074565576,28.9112263526889
-0.662748240488296,-1.98667145409921,25.3290778907892
-1.29061065021171,-2.57459846173707,22.2720803367585
-2.03515058262969,-3.81686360663475,19.7384967717299
-3.16903041718768,-6.03466226467883,17.8677124099131
-5.03387969234869,-9.78209232908266,17.1400353593144
-8.07669938343902,-15.63206578912,18.8837441704532
-12.5807118649326,-22.7551405804899,25.9308969372284
-17.4278696270652,-25.1905992700261,40.3532495564028
-18.6954268133063,-14.9113944407997,53.4949046563083
-14.0254731225332,-0.806866976165686,52.7609836457269
-7.29040998107344,5.12939506671538,44.8897551466814
-2.18750571065692,5.76811172199525,38.106757180899
0.875450652117649,5.48867607743446,33.2197613204072
2.73798106855544,5.85300715723084,29.5706762618388
4.2234289062496,7.24156838467734,26.9478521919191
5.9143763927209,9.78858046208933,25.5974163266684
8.19112471132748,13.468141038434,26.2424745182759
11.1428076969129,17.4874370248318,30.0494767179025
14.1501897129419,19.2390140341511,37.4831104629433
15.5484219908295,15.4765468781491,45.3659864392914
13.9310252788675,7.90689611909849,47.9336245655139
10.2380825158299,2.29786090525285,44.7074179215913
6.60763038200426,0.384736686567697,39.5685439505745
4.15191829965474,0.530825342522745,34.7163611924382
2.89640079888124,1.37880205251326,30.5284983891933
2.52936602071029,2.49804124902199,26.9552722470267
2.81620233070229,3.97890611490076,23.9873012262314
3.70817141642213,6.16023609038741,21.7565050576364
5.34241186530515,9.52362952497852,20.6862708255188
7.98863523657271,14.4670984542074,21.8363022624017
11.7889305468115,20.2824707069582,27.2481101643968
15.8939583167422,22.8139441296152,38.3489467455862
17.5114188454779,16.1058573713888,49.6762122666983
14.4481615020726,4.54943658386134,51.3147237636941
8.95125422360086,-1.92769742950967,45.4152890904671
4.28367200388137,-3.26183049469429,38.9053407543373
1.36939422975135,-2.93712731013355,33.6549752843352
-0.254933807592179,-2.6730710631819,29.3925361411612
-1.24538626717876,-2.95274744081157,25.8268702051339
-2.09971594559004,-3.92839880391538,22.8720595933645
-3.18618638102499,-5.81637075256275,20.6144741239375
-4.85215699666027,-9.01953723778992,19.4241309224952
-7.48994321974939,-13.9924385743805,20.3086621495685
-11.3818072613233,-20.2914448628757,25.4145209196822
-15.8709622075826,-23.9086355331692,36.8614695649728
-18.0778213688282,-17.6353109484975,49.8192319938612
-15.1621380782248,-4.85647066101795,52.5595887984965
-9.25895276456054,2.62920745943392,46.3906162037649
-4.12813996765649,4.20433454316001,39.4957268457752
-0.894287528154087,3.92814144087882,34.114906790528
0.957930059151957,3.80376733357605,29.879500274058
2.17743503410505,4.39973933819392,26.4563304062342
3.34212194863314,5.9201596142608,23.8179497468936
4.88767012750115,8.61912909526942,22.2351939782764
7.19322757420501,12.7835306923693,22.4741719392665
10.5096974314371,18.0905836793794,26.1091487743202
14.4271526516169,21.8356014895572,34.8320773459523
16.9399238989085,18.5339038300113,46.0749712993753
15.4903527357073,8.39159582425353,50.9094980587409
10.8125171872481,0.425723701898412,47.0827083155545
6.03974776347521,-2.14936312841134,40.7710713812581
2.78613949394281,-2.11537078309261,35.2381425525066
0.96717425112538,-1.61116435329087,30.6832738001404
0.0199625739999465,-1.34982449600942,26.8228611843367
-0.530559472893285,-1.46335865071023,23.4928800981454
-0.994669091418104,-1.9878991950918,20.6219608501005
-1.59047114086758,-3.05015197671256,18.1986137755225
-2.53573153593593,-4.9558490510266,16.3085518579151
-4.13458918168391,-8.26278795075485,15.2917893491127
-6.84204360872899,-13.7309248575796,16.1847858359634
-11.144590763008,-21.4121815799575,21.6010796310945
-16.5984876993993,-26.9559698108729,35.21137202906
-19.6696025285911,-19.7060981399384,52.1816856737669
-16.1069459163925,-3.09583958965362,55.500252017225
-8.75890562781384,5.72810317703054,47.486038732401
-2.63738704543949,7.11248870888802,39.8713684229322
1.13712178337386,6.82232579252794,34.7140886684181
3.40343579728466,7.10845712820989,31.1498006953038
5.11171539015948,8.45387762333805,28.8178246584726
6.90942297932155,10.8732579942193,27.9375693859925
9.13422673552869,14.0575304221253,29.1498550203856
11.7159664873596,16.8733434773124,33.1703708961684
13.9069972587144,17.0282480329185,39.4826458012724
14.4008597604447,13.0088243110091,44.8153968064832
12.6026018014939,7.20963977707229,45.6584044575146
9.56157933361551,3.34072267911268,42.5940121305227
6.78501260633943,2.1310036891411,38.2503466306236
4.99928171444532,2.50324625684782,34.0778151773967
4.23925683658936,3.6305701317364,30.4642069012966
4.33700943985009,5.30305866680836,27.5393939443308
5.19649676786556,7.68335660237251,25.5325522854653
6.85460682869528,11.0357230440135,24.9699128936505
9.38718781697674,15.2861673418362,26.8711973897639
12.5703561369877,19.0322682244365,32.4953238880837
15.2544640539138,18.773002227318,41.2096634371994
15.451676674573,12.4586999253743,47.7338078271233
12.5636097529432,4.76460327040428,47.4041393154979
8.49441558954335,0.711289102797302,42.7005553043985
5.19164910746169,-0.0841849484847233,37.4187570679465
3.21014159330228,0.457636723159862,32.7700630873498
2.31397574497483,1.36162674739433,28.7897779403358
2.1637642037551,2.45259963646329,25.38975386749
2.57310944666557,3.92415696996211,22.5672488517558
3.5480774729525,6.16008209458172,20.4629895553111
5.27575012924482,9.68805744109476,19.5294248077168
8.07710396759737,14.9598829682042,20.93162771294
12.1268615102258,21.1841053350421,26.9736625571237
16.4582206688549,23.5696592336251,39.2141099070924
17.9017815108626,15.5822384305076,51.0598366845011
14.2530604186583,3.178434382894,51.7898164947742
8.32940752227828,-3.05090967649247,45.1443254265379
3.53611287881084,-4.09021479350002,38.5034493488626
0.60087487628458,-3.7548003134001,33.3432901072807
-1.08186815416175,-3.70387169523855,29.2377486832598
-2.23274614481011,-4.39159624724573,25.9062739808031
-3.39318477149943,-6.01181134901285,23.354073544449
-4.98074587775406,-8.83914319709983,21.8835873482867
-7.37094824491895,-13.1704278607258,22.3223086240984
-10.8008700338549,-18.6002965037673,26.3460810288164
-14.7737677530956,-22.1143297321791,35.6165317801839
-17.1061304189559,-18.0481959046431,46.9636538444922
-15.2810731095245,-7.48473456058822,51.0899306687299
-10.3839643834516,0.166543099769424,46.7104019708795
-5.62329948229416,2.41788479081252,40.3147231631525
-2.45469410662637,2.28678955724087,34.839834279705
-0.693706098338551,1.81951008082494,30.3483600074169
0.2486759044902,1.66481379777314,26.5461870597926
0.851710348208919,1.95136215448577,23.2804585380087
1.43620519734314,2.75362416747938,20.4998123577256
2.2495708581676,4.27382991674306,18.2406371812669
3.56539040722871,6.93108310340562,16.7170314109955
5.76667614254919,11.3773519643636,16.6104546833222
9.3320564715371,18.0660678032331,19.7356712579867
14.3323245854834,24.9924336065805,29.4693086979781
18.7198472150248,23.7819881905703,45.8508217663702
17.9582720235578,9.68012000517552,55.4159498779401
11.7716281906393,-2.63363270643936,50.6389385015594
5.1390698513841,-6.17536822888321,42.4833616941037
0.653541177325786,-6.15940694848899,36.4000988949669
-1.98251410976717,-6.05084263295088,32.0838617011599
-3.71595193077016,-6.83481010998621,28.9503019839772
-5.30815578862503,-8.72340040402747,26.9773378150819
-7.25911560869521,-11.7348700551209,26.6146051052315
-9.80953261686321,-15.4730379919365,28.7595342619871
-12.718385810773,-18.3117411260911,34.2538504765161
-14.8633325350968,-17.2355138773921,41.8558671898531
-14.6521769796164,-11.3524023101592,46.8215028494259
-11.9141229884503,-4.92641644362271,45.9987428121827
-8.3505901163066,-1.63320501738101,41.6971986189374
-5.52225623445888,-1.050710972716,36.8741758952725
-3.87849203609415,-1.70093723744123,32.5514154690725
-3.25342157907771,-2.84515889226744,28.8533096130238
-3.40892501831348,-4.40722146382235,25.804640237283
-4.2509381499618,-6.6499040941177,23.5609956906517
-5.86176252682776,-9.97732733837929,22.5713808866209
-8.43174121498655,-14.625781489234,23.8657002899862
-11.9713790556805,-19.6600525854038,29.1855438644191
-15.5400130554613,-21.2285187324093,39.202067444567
-16.691352079482,-14.9239992370943,48.6471560352276
-13.8407017136416,-5.03184869048234,49.7782068628414
-8.98859641870248,0.612020114987764,44.5663325721807
-4.85059562973112,1.8666149899433,38.5511145042621
-2.2669025358173,1.49544470363218,33.4594555166149
-0.905674426549963,0.959023551869258,29.1955085583917
-0.247056816719231,0.64630821682821,25.5310800873517
0.082066616983004,0.574842549169551,22.3423022107303
0.298225380019689,0.71027305565497,19.5592492578028
0.528323918225445,1.06856904636832,17.134810036134
0.87308804006535,1.75252765557138,15.0415688883848
1.45980401128741,2.99486922466363,13.2915943162145
2.49899578434081,5.24072330988358,12.0079168229868
4.35991145979784,9.26277951259897,11.6559752065828
7.6368196042119,16.0811883955308,13.7275020813151
12.9122850171801,25.3512663794747,22.0829732292084
19.0709013386228,29.2187186844648,40.9258572485358
20.5524593374079,14.6860152409479,58.1054484055257
14.0110260584439,-3.55219775026792,55.0507303878295
5.52992958214916,-9.34874532009556,45.0669897625897
-0.405123166436646,-9.4452229176589,38.4354932917804
-3.88985177257802,-9.2124962462661,34.6498433199513
-6.0933239247401,-9.8723673148464,32.5818365129976
-7.87572970823537,-11.35585852811,31.9990694829738
-9.62963910246488,-13.1483419283652,33.0576319025717
-11.3053273974576,-14.33293133749,35.7514330480919
-12.4589802981784,-13.8389255870525,39.2685768609015
-12.5364593874349,-11.4194132158748,41.8770207874544
-11.4266483923248,-8.3070899950588,42.1990739482557
-9.67701859945058,-6.06632645332997,40.428285544306
-8.03736925772654,-5.24719369142398,37.6677102746202
-6.9814846030718,-5.59077294945896,34.8248769276299
-6.65783665318012,-6.74594324807279,32.4124804127143
-7.05486365680548,-8.53717938143531,30.7933562956772
-8.11805412320233,-10.8562745369111,30.3805854012936
-9.7352737478418,-13.3684049690434,31.6706430636041
-11.5923918644826,-15.1589328050297,34.934243697172
-13.0163568617034,-14.8388571529981,39.4023024568418
-13.1771927530073,-11.8968461864765,42.8523279324419
-11.8249075839596,-7.95807558024995,43.338245068629
-9.6542122449555,-5.1889776227997,41.1654927533281
-7.63778360971253,-4.22220194850955,37.8648977688609
-6.33766497998442,-4.58493795853746,34.5331620664176
-5.88149760286626,-5.78770606283672,31.6729580091636
-6.22118866724771,-7.65599065418075,29.5975627129589
-7.30394688341787,-10.188153408714,28.7096414116128
-9.07721914771703,-13.2243579038022,29.6215015980349
-11.3216342724853,-15.9312548348601,32.9689297308937
-13.3593864881452,-16.4877532477814,38.4451840977623
-14.055044872054,-13.4401437200221,43.5231226158599
-12.7355414850435,-8.34175796786302,44.9995124440611
-10.1021187383642,-4.45506545578803,42.722042843985
-7.48990770431763,-2.95483050495075,38.8359824189298
-5.70324550834438,-3.12610595213627,34.8817012903842
-4.89392008068074,-4.18877851384026,31.4058072991313
-4.95471923283975,-5.87173672197985,28.6222627577324
-5.79810838322526,-8.25943123438323,26.8074278498716
-7.42943450079615,-11.5031388355021,26.5072090256994
-9.84588384582061,-15.3441313744494,28.6535667257882
-12.7054919366767,-18.2589080998618,34.1180251675546
-14.8551454353691,-17.2805575098965,41.7229517551791
-14.6814096342113,-11.4621515256664,46.7705610378783
-11.9724760376137,-5.01344644777112,46.0362999795178
-8.4091081676685,-1.66953547149169,41.7678052365021
-5.56491153930932,-1.05739895266681,36.945273826988
-3.90433438626088,-1.69701663126636,32.6158083196258
-3.26670033611154,-2.83759375221386,28.9106465471542
-3.41325088966432,-4.39575458471323,25.8547571201277
-4.24758255503267,-6.63080181849229,23.6022183771812
-5.84961750899721,-9.94521075881271,22.5983878324364
-8.40827788378135,-14.5776392803176,23.8654254003357
-11.9367343891186,-19.6096985308446,29.1365559554611
-15.5072490733083,-21.225738412832,39.1045759906204
-16.6880764246675,-15.0011166154549,48.5746097601493
-13.8744226489162,-5.12002492927173,49.7866543889247
-9.03515984207796,0.56516961923682,44.6138097591005
-4.8907517373949,1.84643027935753,38.5999295726422
-2.29752327360931,1.4807963969606,33.5019677875457
-0.930872742897832,0.939266215350554,29.2323111393037
-0.272259216712225,0.615672580158689,25.5630051534509
0.05131228496473,0.526963151712357,22.3696226376925
0.255223329230442,0.634341697848191,19.5816077237638
0.463061976465517,0.944989116736282,17.1504906047175
0.768690263253975,1.54573928004098,15.0450757191637
1.28646837024281,2.64061485954526,13.2661816415894
2.20366955436096,4.62558973270589,11.9021971642093
3.85159072286444,8.20626822483613,11.3117101374121
6.78474800036896,14.4146839332401,12.6842790986999
11.6671528159463,23.5401936411041,19.33362704509
18.007107898738,29.8796530652104,36.3209240032304
21.0589889428879,19.0280348788581,56.2930676942723
15.7892747805025,-1.0130621704518,57.0647827463854
7.03900939270458,-9.14010289641002,46.9352965671622
0.449515514539162,-9.73134095008417,39.5386403833959
-3.46545899463572,-9.37756771465843,35.3672785572146
-5.85586938389742,-9.82578909493155,33.0825555629827
-7.67202801117837,-11.1227412272247,32.2851340996064
-9.38756485325086,-12.8070719888948,33.0610644789632
-11.0289589027662,-14.046092076304,35.4252090697836
-12.2297984905093,-13.8222248220524,38.7193983323872
-12.4672237082289,-11.7516877060952,41.3995998046122
-11.560238148001,-8.80914997010513,42.0442692404072
-9.94686077446871,-6.50001847537146,40.6048951527533
-8.33713886445679,-5.51537091484961,38.0486883615915
-7.23499555793269,-5.70517272795362,35.2965900822923
-6.82914654178161,-6.73415006822563,32.9020632092192
-7.12846401550693,-8.40375839824596,31.2408245959684
-8.08235062692014,-10.5911129348092,30.7083019797118
-9.5834567282686,-12.990850459336,31.7664837995637
-11.3476462429694,-14.7923340349048,34.689722065068
-12.7691575729189,-14.7249555524754,38.8597446883946
-13.0678648234646,-12.1826801358206,42.3129443650928
-11.9299206873443,-8.47498128012582,43.1142031369071
-9.91914641657345,-5.66407026823039,41.2890323905468
-7.95397013536907,-4.54688470821145,38.2040866740337
-6.62804173456102,-4.77945194686684,34.9787293673284
-6.11343916153339,-5.88868813093252,32.1685022176302
-6.38337968572194,-7.66950415459569,30.1089251393429
-7.3844285188198,-10.0865055732791,29.1932104308413
-9.05407707198015,-12.9683030677878,29.9904612079054
-11.1752548321306,-15.5404683541538,33.0731561823609
-13.1190649245173,-16.1519754755611,38.1604552985515
-13.8434456329494,-13.4495978546997,42.9905422533615
-12.6954682716215,-8.71958943855013,44.5947045605104
-10.2582721205489,-4.94079698267335,42.6275743575422
-7.76386029812038,-3.37359686716124,38.9817204861237
-6.01654777812512,-3.46760007081408,35.1706527184267
-5.20966114392483,-4.49621303876658,31.7951950169188
-5.265896155826,-6.1753869032,29.1099506672797
-6.10525123830365,-8.55335656785119,27.4152891810279
-7.71877507425926,-11.7214145428578,27.2618432379674
-10.0645605314046,-15.3311241978265,29.5229724417048
-12.7481936198516,-17.8295412230452,34.8676242530204
-14.6345660393993,-16.549479921207,41.9010612757114
-14.2992242969428,-11.0103141748011,46.2697081169324
-11.6888705017866,-5.14275745443842,45.3657312294874
-8.36956383846663,-2.13136573969994,41.3031405799046
-5.74718749919773,-1.61491200826042,36.7110098415422
-4.24445370597421,-2.30629387396774,32.5606010595648
-3.73329859825055,-3.55600050890157,29.0258430794817
-4.01856064015987,-5.31535982738653,26.1918696544747
-5.03668234668714,-7.84458472715432,24.3005605960044
-6.8746118776453,-11.4698712230871,23.9445260312198
-9.65038320743405,-16.102728650324,26.3081334169401
-13.1078925285865,-20.0357690129751,32.8490394252868
-15.8672885094913,-19.0998015475433,42.5788718315527
-15.6697401271231,-11.4855224326992,49.0158825624892
-12.1765166842601,-3.33634940208972,47.6512345906841
-7.7599656314523,0.382246695263386,42.2583984679881
-4.38698376149759,0.882347165128703,36.768344848446
-2.42352788359986,0.305001971219015,32.0788924653802
-1.50539834287384,-0.423055048859781,28.078006921003
-1.23296369652154,-1.14961933523283,24.6214265578587
-1.37658718570938,-2.01710501464291,21.6424219984465
-1.8815421482439,-3.29351782521911,19.140037628453
-2.84667811780911,-5.38050925585642,17.2241874073431
-4.53062488135655,-8.87811294679468,16.2906123522676
-7.35947007818762,-14.4893646392655,17.4873031893044
-11.7283222981215,-21.9271981387975,23.5090775429082
-16.9215315274287,-26.1959622738311,37.3963476469268
-19.2404684795105,-17.6830968487305,52.7134496714883
-15.2315912995924,-2.21196988253683,54.2724615266649
-8.19235881267512,5.32004007281676,46.3758642778184
-2.5418916810809,6.3890850909926,39.1402344778074
0.908266241125313,6.10203944231127,34.0685554747613
2.98595967430244,6.40639786108706,30.4093573665397
4.58250015747388,7.75386033740827,27.871239365229
6.32173467202284,10.2332456988468,26.6823192356729
8.57521375978522,13.6998446897206,27.5317557165636
11.3697698048921,17.211864374648,31.4020073891865
14.030559863341,18.2812614580436,38.334497704441
15.0450299401352,14.4242764368106,45.0884898011009
13.3690933015096,7.67352135476554,46.9178537726131
9.98605780422859,2.8359263871167,43.8186822667123
6.73843718024003,1.20219969554226,39.0573822632951
4.57051581306786,1.4244480478525,34.4960642135435
3.52362101531113,2.39111937332986,30.5339119904154
3.35799928666738,3.77039270597399,27.2051593430313
3.90823630464433,5.6997624384494,24.6011108030885
5.18091868445411,8.53581885640584,23.0286861309983
7.32968433837754,12.6297197579556,23.2398133798062
10.4834436375918,17.6872233308438,26.7022743293964
14.1944088955469,21.1976570773578,34.9051612164118
16.5893737588672,18.2096825269722,45.4417186427889
15.3147421856372,8.82745101269201,50.2158035520617
10.9614596016673,1.1602020954219,46.8555053021932
6.4056218160479,-1.49555749177384,40.8371734063991
3.24961705808831,-1.51713810980685,35.3869290370251
1.49547161570255,-0.936451706809395,30.8361778328375
0.647564254233339,-0.456026433466777,26.9536468483289
0.279864305319937,-0.169561372462091,23.5827219312145
0.13966393907891,-0.0109093244454758,20.6381392537907
0.103519579086999,0.0940863536245006,18.062175672385
0.121787822796421,0.201360178326847,15.8082918668073
0.184380695697845,0.36036217785979,13.8369696482565
0.307032547178793,0.635566544514159,12.1153747037876
0.533033229373679,1.13643387383643,10.6201642886549
0.949688887618615,2.06675954986676,9.34903940886295
1.72532423770417,3.81340554625132,8.36261399374783
3.1791867777993,7.09544781902705,7.93320922165047
5.88733177978226,13.1026019778285,9.05323088556674
10.6862639011466,22.832282362039,14.8775227792016
17.6511531209987,31.9765070431618,31.8854934527367
22.2765119674848,23.1419207134049,56.3505601560382
17.4104967449814,-0.768306110010483,60.0747573167201
7.50411360806156,-11.2316580368895,48.660651540332
-0.149162661361673,-11.9631848407888,40.7626703971902
-4.65643263915482,-11.3466854937547,37.1137982849527
-7.25701710954635,-11.2934573250429,35.6951289086346
-8.91930327350226,-11.6707356511392,35.6227570514306
-10.0792796631068,-11.9847166507405,36.4767146780717
-10.8095881126476,-11.7931682073235,37.7870542725035
-11.0357297195064,-10.9475655281885,38.9288009904529
-10.7426731944169,-9.71232490362407,39.3532355451102
-10.0851345987461,-8.58210387527514,38.8880574401965
-9.33794866689625,-7.94293096633846,37.7608603554996
-8.76420712652588,-7.91914558659178,36.3752033162683
-8.52853372723757,-8.44882727564915,35.1190821583749
-8.68734360893129,-9.39132456736406,34.3104516528966
-9.20817314038026,-10.5490745123822,34.1984905985017
-9.97383945414726,-11.6241888912218,34.92348012934
-10.7710332402764,-12.2094285303083,36.3935886904199
-11.3110767875362,-11.9421142281613,38.1533379585773
-11.3414113251382,-10.812521739516,39.4731729948213
-10.8120245924686,-9.29890915460996,39.7726634892975
-9.93351320578245,-8.05262003764733,38.9985833249632
-9.04509086280563,-7.4700293995764,37.5415370356905
-8.4323980852508,-7.60626699368083,35.9028499879897
-8.24716482114825,-8.34223423718745,34.5048994956228
-8.52276282737362,-9.51204994595591,33.6826465340458
-9.20450445737533,-10.8944479436281,33.7090007903894
-10.1453483262104,-12.1297060976776,34.7391513746244
-11.0789326655829,-12.703253434573,36.6295035411376
-11.6451844346295,-12.1793882243708,38.7530709801145
-11.5517045866943,-10.6410243786172,40.1674623887616
-10.795485286385,-8.79652809442074,40.2421407401723
-9.6953577496943,-7.44298838375503,39.0801806147183
-8.674000507857,-6.94397347209666,37.2515276956611
-8.03664737692483,-7.25937268113426,35.3403657163366
-7.91645125296589,-8.21493662430329,33.7875844237502
-8.3240338114396,-9.63257934734153,32.9429809587761
-9.18724146296568,-11.2757120243533,33.1153146233004
-10.3318265172918,-12.7123309991826,34.4943644967114
-11.4300051927047,-13.2832577243873,36.8871301239607
-12.0296332368679,-12.4475211940972,39.4483041452262
-11.7861691428365,-10.4150962929451,40.9605041267556
-10.7607377444759,-8.19533057899193,40.7534816482239
-9.40740329377783,-6.73982215807899,39.1469314010261
-8.2393957529023,-6.33965820209526,36.9127341729812
-7.57279227407911,-6.83816188687636,34.7031293665674
-7.51496296101791,-8.01292754791361,32.9625807926951
-8.05517340737467,-9.69253565461191,32.0546133984443
-9.11238059533123,-11.6435273231999,32.340921595905
-10.4943880883801,-13.360865435595,34.0833039089038
-11.807945087179,-13.9930949377113,37.0704122768441
-12.4800380220981,-12.8226621456634,40.1978799805787
-12.0828200959865,-10.1981949337308,41.8734624235898
-10.7483772055571,-7.52269386959699,41.3656083490304
-9.09710396127419,-5.93387453858785,39.2711159534548
-7.74731960241127,-5.61577197842742,36.5927819570227
-7.02198784238232,-6.27218491233577,34.038853625258
-6.99748353289311,-7.63744159853813,32.0409243247798
-7.64459778121055,-9.57011200545178,30.9690822954122
-8.88770782622426,-11.8784525565447,31.2523386351829
-10.5409375232451,-14.0183221207042,33.2861174047431
-12.1605902704684,-14.9047472836499,36.9435092592102
-13.0193190659755,-13.486656386286,40.8770301861356
-12.5291891649295,-10.1621295772419,42.9460150168502
-10.8599645409729,-6.85576206151008,42.2183107660276
-8.83624197910132,-5.01228913411146,39.6154983441285
-7.22273295518172,-4.69979715877653,36.4393948928857
-6.36092302638953,-5.4426506599532,33.4629687839581
-6.29233343867544,-6.91702471811722,31.0856847327957
-6.96790734782591,-9.02982844924854,29.6572674319053
-8.3335427959121,-11.6983013892113,29.6597583386017
-10.2583658289718,-14.4605223388916,31.6879703478689
-12.3191609521391,-16.0542838222823,35.9384839962987
-13.635336567198,-14.8179024877255,41.0746037182297
-13.2956641733862,-10.7624027201446,44.1751231795014
-11.3373852099059,-6.43662087147945,43.597417926292
-8.81608207212038,-3.99350939612984,40.5316330730714
-6.75992335907717,-3.48753324953957,36.7754212601045
-5.59007540977537,-4.17376702544978,33.254176888302
-5.31356973678336,-5.58944213578149,30.3212511312299
-5.8412721841194,-7.66459128256083,28.2435488084847
-7.1353135451054,-10.4890877959171,27.4582262895479
-9.17681213311775,-13.9289404131504,28.7025938031344
-11.7399185989133,-16.9727911482536,32.7919787668322
-14.0022594384434,-17.3029488155073,39.3197764733321
-14.5668655458711,-13.242428140472,44.9565498279027
-12.7482794570405,-7.2137082487769,45.9397729711014
-9.60963830104235,-3.1683371416243,42.8162474108647
-6.7308070083986,-1.8983724688962,38.3658982566029
-4.87081774008472,-2.25258729522792,34.1045325152034
-4.05725413096544,-3.35047320650316,30.411182098953
-4.10500215813035,-4.96477136298943,27.3918359766564
-4.90546991992655,-7.2619146200863,25.2446914411177
-6.49517713440273,-10.5413779493351,24.4523891118599
-8.97849883343415,-14.8443807355182,26.003470201755
-12.2196539803501,-18.9957468392473,31.2862834371427
-15.189180027609,-19.5143986755856,40.1823524577184
-15.808627696585,-13.5420500260011,47.6768427594503
-13.103880688275,-5.28034873731113,48.1208838411204
-8.88113177416589,-0.603971737419336,43.4801998516914
-5.31790531997939,0.456435765939889,38.0198959837238
-3.11908144453306,0.00404783638001785,33.2155633306045
-2.05981559937168,-0.810707214138745,29.1130860033873
-1.75957405008184,-1.72824232737202,25.5881931394207
-1.98167907772612,-2.88618572546431,22.591668953778
-2.6784971878315,-4.60465438177645,20.1739226858465
-3.98014964007609,-7.361747138511,18.5768971217245
-6.18581366663195,-11.7672820543883,18.5151132843917
-9.67439257580667,-18.0719837871313,21.7506897693426
-14.3532127319385,-24.0295494881888,31.1660005072248
-18.1611095088772,-22.1393458559338,45.8974213810002
-17.2046891778564,-9.39299006124496,53.9428216035685
-11.5460138022068,1.51289166088962,49.5994069324571
-5.51387665166027,4.82987545584763,42.0434103372984
-1.40088096045093,4.84876257830668,36.0456745016249
0.997636281100851,4.63885836637737,31.5294746647373
2.51113130318122,5.15645713098028,28.0063340070251
3.83834205021302,6.66660939184102,25.3876368027116
5.48347039626364,9.36275254556296,23.9580456414923
7.82218473200754,13.3647773792658,24.501544101695
11.0058227277146,18.0359346351946,28.4304862480555
14.4535038865611,20.5406049368685,36.7196012089187
16.2540733021207,16.5976560650985,46.1091582956927
14.5371573598805,7.73517021313138,49.3439968729743
10.3167849545766,1.22638668556596,45.633037539286
6.18273101333552,-0.860444503776629,39.9207974681167
3.4034710461431,-0.726954755315832,34.7435007404151
1.92045925363234,-0.0387930363701239,30.3563430369203
1.30204041473978,0.67265388339094,26.5890983944
1.20843419952998,1.41203496877566,23.3292973706705
1.48217489491452,2.37585397630225,20.5340474562784
2.12864361980723,3.87185559011354,18.2308548467029
3.30313279839212,6.36458273892955,16.5972053753897
5.32740164351635,10.5276847743543,16.2132518718626
8.66958579925701,16.9607486611806,18.6782927192569
13.5469719878526,24.3264788727839,27.2728832454601
18.3631795550404,25.0982811412652,43.3917130543223
18.6013247002667,12.130067385937,55.24418458854
12.8544058955947,-1.60952844022854,51.9705006901515
5.93748290366974,-6.20569647974294,43.6240176973369
1.0653304114992,-6.39625333109244,37.201098298752
-1.81370611742745,-6.21377510470207,32.7114286837026
-3.65182420221001,-6.874618610677,29.480677966633
-5.25714579099016,-8.63110992837305,27.4166337614569
-7.1610748903395,-11.496014993983,26.9155250776787
-9.62599221732485,-15.102180498423,28.8092071568347
-12.4575843161454,-17.9658483886118,33.9173963075882
-14.6351177711477,-17.2517487326286,41.2231412951376
-14.6263877017985,-11.8376198787891,46.359465893276
-12.1238327808772,-5.50553368913781,45.9852449038828
-8.67006637326726,-2.03258773196532,41.964645989378
-5.83742589713531,-1.2975656134981,37.232349187974
-4.15239348609967,-1.89331935509834,32.9317963166885
-3.4959676869887,-3.04789299829396,29.2470315285031
-3.64434006214801,-4.65343060402657,26.2257831626557
-4.50264813861426,-6.95319425160775,24.0438060008337
-6.14391457346979,-10.3216039900969,23.1784026286322
-8.73156072215215,-14.9119880461004,24.6790862529271
-12.2083133850209,-19.6215656648354,30.1903872138654
-15.5419956162248,-20.5843332967352,39.9785469512176
-16.3686366613802,-14.0861457176288,48.5634739928061
-13.4284010486101,-4.78788657262602,49.1163165135104
-8.76784274269167,0.330041113353756,43.9777003505798
-4.87176463713759,1.41469955708148,38.1601303913991
-2.46879224100309,0.993078583466979,33.1865252964172
-1.24174496515937,0.369904062532693,28.9857394376734
-0.718920463136018,-0.1326370527654,25.3620761785457
-0.579045581900152,-0.556267249036292,22.2062333614979
-0.66805992246114,-1.03732121691456,19.456990149813
-0.954444139240135,-1.75194138453922,17.080287283217
-1.50286560626841,-2.95443411405779,15.0814613167669
-2.48440627748293,-5.06489134961146,13.5674117224971
-4.22406619350772,-8.78131822566626,12.9456124563894
-7.25289824890516,-15.0316129555041,14.4995553612027
-12.126119392405,-23.7118561011049,21.5453414463859
-18.0724680585252,-28.6068486492862,38.2499622332278
-20.3815411302923,-17.1889860914418,55.9399404686836
-15.0376342351155,0.956998750035284,55.6185576180701
-6.86467341323975,8.10163322467339,46.105192291181
-0.776683977733684,8.63139192415684,38.9451680528437
2.84964559288268,8.35348423805305,34.5696202125998
5.10193394321216,8.91981682296055,31.8895351416098
6.90734268218323,10.480429982745,30.6434972383615
8.77661435961215,12.7125757736534,31.0918610139026
10.7964927706006,14.8070431139012,33.5825238330917
12.5687099365797,15.3616718025591,37.8029147222987
13.3066320531909,13.2546054489529,41.9521653963943
12.4725252006389,9.33604319083256,43.6149472285257
10.4639630463534,5.93425907666994,42.2208791016153
8.27873849093718,4.32582576471138,39.1279072140386
6.67255626092935,4.27678122984568,35.696415579003
5.90400695240172,5.21258273563079,32.600946736904
5.95823671664503,6.84393816842565,30.1772544298189
6.77386415550081,9.1405571068479,28.7704834082434
8.31066253098288,12.0600917098135,28.9155997619248
10.4465977384895,15.0940400579085,31.3134643745422
12.708064727173,16.7469311573351,36.2060469935961
14.0659628632529,15.0625580163957,41.9452473492708
13.4954912435202,10.2778401178728,45.0569799931732
11.1702931575313,5.57570447821993,43.9648689422862
8.37864138105949,3.18598121084217,40.3906869083673
6.21230287416198,2.84321336403752,36.3223223460291
5.02853134337528,3.62978094657714,32.6069780921148
4.7670963617626,5.07645544927995,29.5108189979429
5.31052146935038,7.16673348666745,27.2501369516356
6.63150552630764,10.0767011725758,26.2408703409532
8.7613569896549,13.8059166085703,27.2704878601586
11.5588362303628,17.4561736480851,31.3976100770467
14.2332332795663,18.4436527448439,38.6369655050833
15.1675373055448,14.2665887093688,45.4941907878571
13.3236409472972,7.28734198842872,47.0982173213559
9.80793000168056,2.48490538645993,43.7426777070341
6.51607315393409,0.95929775710877,38.8617269151974
4.35410143582093,1.23734472510266,34.2598029514199
3.31999438560785,2.20277691985447,30.276571825388
3.15305875260649,3.54302516003811,26.9203603583597
3.6813884268702,5.4077895271397,24.2636517009139
4.91207493388736,8.16716180666969,22.5851282499931
7.0099601953906,12.2193524964907,22.5954832349298
10.1474666383478,17.4132034183463,25.7562411131433
13.9815965618873,21.4550408280833,33.7955917736508
16.7146032129532,19.1301408310661,44.8787782135658
15.7523246737241,9.58466511073237,50.625214859586
11.3734990259314,1.21726911121823,47.5747474046906
6.58348665628436,-1.81927332835593,41.3974252986443
3.20396591485078,-1.94207913746432,35.788554337038
1.29051226247431,-1.41209722030454,31.1505745522146
0.315827001958712,-1.04033714672337,27.2194370822259
-0.193850963807495,-0.975250849818475,23.8201406638088
-0.542501855744743,-1.21645032442431,20.8659731276501
-0.92063668867229,-1.8092646272968,18.3127518362083
-1.48560294356807,-2.92052648723259,16.1583010293702
-2.43603966650657,-4.90558692293015,14.4953711611687
-4.08826566473593,-8.39523235469167,13.6877097066415
-6.94149213839884,-14.2588945980425,14.8766906533628
-11.5424947901394,-22.5618784069432,21.0309231282871
-17.3499863519098,-28.1457663023007,36.2883716588186
-20.2297781351595,-18.9314838658023,54.2463590601294
-15.76955684271,-0.98161127031412,55.9963769455016
-7.8293288941791,7.24295286613247,46.9738862821458
-1.59259520423237,8.1722927732604,39.4774004433093
2.17542909668645,7.86893008016334,34.7329344017314
4.47696601820453,8.31552366668609,31.6868488962036
6.27263074281056,9.80935036222952,30.0183941934948
8.14373867267292,12.1578297006835,29.9854420650448
10.2788752820155,14.7112194319705,32.0849341184038
12.380697959419,16.0617576162549,36.3931366549527
13.6172673914417,14.5611664550305,41.4111472742293
13.1551588038413,10.4109467131714,44.2155396823956
11.1362456670647,6.21277074698783,43.3909974169259
8.64466384662925,3.9452635862207,40.2435797358511
6.66339730221373,3.55276088692807,36.5050713048615
5.57149375667404,4.3014047153795,33.0357870403321
5.36279440713187,5.76531212959343,30.1727516568523
5.95153649846137,7.89426466554748,28.1922444012617
7.30424799656699,10.7710040235737,27.5531171062299
9.39335454210427,14.2105388909016,29.010791921652
11.9552071064854,17.0949081816725,33.3317386749557
14.1078934158695,17.0619385429324,39.8959405488671
14.4648236227372,12.7143848641934,45.1855343190962
12.4883803197668,6.78781679057065,45.7281145485831
9.34492062677317,3.02486295133627,42.4212646692772
6.55879345778531,1.94591723579069,37.9807437318129
4.80593233065231,2.38697658094528,33.7816490901255
4.08188004520942,3.53600849311835,30.1594343164412
4.20530337994544,5.21208660821849,27.2254492907007
5.08202323817699,7.60035000230441,25.2020584911993
6.75876233207802,10.9885753445953,24.6163735553034
9.32825654791415,15.333626622013,26.5126051542902
12.5858604730968,19.2375175207922,32.2291229619131
15.3694306185389,19.0635930991417,41.2139823893453
15.6050270067888,12.5645754655542,48.0053757988681
12.6374860519532,4.60199935647249,47.6676320612219
8.44837645825273,0.448233716290632,42.8239814955625
5.05861807026792,-0.350311049109891,37.443918675931
3.02364110223262,0.181065595288809,32.7418157488013
2.08206804556511,1.03025576840088,28.7215420022278
1.8705937733571,2.00694278994593,25.2720529441047
2.18149117859674,3.28333397840148,22.3631803362066
2.99694898741492,5.21083405714409,20.0790095641597
4.47823029292624,8.30004304666673,18.741296066763
6.94784523713429,13.1351249021452,19.2498651283721
10.7347532053395,19.6210868356972,23.6647803441211
15.4216079759727,24.3873376657109,34.6213404364848
18.3412391283894,19.5871939845618,48.7998631600546
16.0415558140314,6.24012982753926,53.494012093391
10.0290475904395,-2.60004154004286,47.654114141108
4.46867682760597,-4.70742153663125,40.4176289026777
0.880623203985217,-4.50615027234239,34.8293191872332
-1.19435937227892,-4.38889077002214,30.5364031360741
-2.5617797659811,-5.04645565234508,27.1464981311984
-3.85618029658888,-6.70132309198424,24.6373521246338
-5.54378385300841,-9.57317275371081,23.3419950177428
-7.98862532700628,-13.8022377754445,24.1257885768759
-11.3235990721303,-18.6564764016148,28.5315428360225
-14.8638947134737,-20.9365121903787,37.5002419150603
-16.4926228457648,-16.1622645396272,47.104060900758
-14.3676571450617,-6.75889377362566,49.6786670240266
-9.8589302847517,-0.454233025145401,45.3494818221679
-5.67075990536153,1.33085138859612,39.4555598402755
-2.93635108720844,1.09343314701171,34.2777689523008
-1.48560945022887,0.458382169572243,29.9193879789017
-0.842168520033643,-0.0917874192201864,26.1746635989579
-0.646238179809457,-0.552995372863688,22.9180768979724
-0.71291942040396,-1.05755471009334,20.0822379494179
-0.992877617034949,-1.78641401013988,17.6312068623724
-1.54162661837961,-2.99677813377091,15.5700497961823
-2.52477337768492,-5.10621060279459,14.0063371115897
-4.26116775778122,-8.80068624794623,13.3472063098313
-7.27011749660702,-14.9797550293889,14.8626735137065
-12.0865850243574,-23.5105287574601,21.7963524467684
-17.9417999948585,-28.3174179709082,38.1667398888028
-20.2482098682169,-17.2467918106853,55.5659465469205
-15.0615333225825,0.585395287114439,55.470603765337
-7.01982874643975,7.77884582629832,46.1317426594693
-0.983159558500933,8.36675243829424,38.9447035970926
2.62187288785345,8.09089805383491,34.4704780359482
4.85780592502085,8.64602550949105,31.6597048857951
6.6537198579956,10.2250374274416,30.2567422305494
8.54000601215739,12.5575864870991,30.5435925598988
10.6369175432297,14.8841376180947,32.9516370635751
12.5693105892854,15.7513750155121,37.3232102999769
13.5016922884515,13.7889000190203,41.9028477488195
12.7668600290022,9.6620758643568,43.9898761088499
10.6944383912096,5.9062906632408,42.7273982256502
8.35116129303226,4.05795864917612,39.5371673794739
6.58501105026247,3.90037635853438,35.9387486526751
5.68998701630447,4.77855192237807,32.663313042329
5.64609034950386,6.35501475601607,30.0355832543379
6.38137589068838,8.60573761239176,28.3698686505051
7.86453594164341,11.5576398403225,28.1791253321543
10.0223809813147,14.8458546298118,30.2210660679904
12.4684485439723,17.0858642016252,35.0089482382988
14.1970943587334,16.0240007608201,41.2839702703833
13.9767614543255,11.2200882140194,45.3493658979041
11.7089516848071,5.89902990172654,44.8122799880193
8.70575046594566,2.95873227440379,41.2355336922522
6.25677961993082,2.34788632011974,36.9568103062307
4.83083752505547,3.00240989970441,33.0053080780487
4.37333166279719,4.31584059896078,29.6512670528705
4.73432934414741,6.21874927990073,27.0535067146604
5.86307706823317,8.91730316711385,25.5352950189669
7.81611195533104,12.5879496500088,25.7812163554663
10.5906801114072,16.7709610977616,28.9387958001736
13.6738295340618,19.2945783463121,35.8263893185452
15.5329061728347,16.6769341107691,44.149304356465
14.4877954548715,9.33870797988429,48.0336724822164
10.9974881867322,3.01191353969317,45.6119832707757
7.20521123263698,0.48376923681482,40.5598674270446
4.49045446311866,0.377294250206343,35.5800060778579
3.0217828046126,1.14530472105695,31.2595864643972
2.50177307702162,2.20538508043343,27.5655119749504
2.66321675494097,3.57592585402721,24.4660121634376
3.41757285012565,5.55688206558042,22.0521821366377
4.86610044410476,8.61016058253862,20.6584898371955
7.26373823367049,13.2060230681502,21.1615110842681
10.8357893490465,19.0666028165493,25.4058674586607
15.0775130672705,22.9930102172725,35.395607726016
17.5893050514288,18.528708648458,47.7751940386069
15.5332001547582,6.90798861860499,52.0027262555594
10.1980726344934,-1.13953748547983,47.0205727172561
5.14260106581947,-3.30238883419929,40.2851272150155
1.82870309098188,-3.13190054432151,34.745852468209
-0.0415360713728152,-2.80084773415999,30.2988324070984
-1.14412102425183,-2.97581534033127,26.6029315390204
-2.02413784165675,-3.84047806068251,23.535451042587
-3.07755728562628,-5.58897769062967,21.1560131584309
-4.65602745270575,-8.58863073462569,19.786651141969
-7.14475422107099,-13.2903368200612,20.3229700928942
-10.8524935164297,-19.4383877459482,24.727692055392
-15.3047728289549,-23.6572820670335,35.265602811228
-17.9454503371361,-18.8515121592701,48.4215297704136
-15.6963114032126,-6.41596196802803,52.6664767517528
-10.0281888288881,1.88558659158488,47.2079621762849
-4.76314166736555,3.9598869822731,40.2462275286059
-1.34978870005939,3.76274118261394,34.6933937430489
0.598823218957572,3.53942489319629,30.3164157940763
1.82010727497584,3.95885749750136,26.7510211460345
2.90178181132747,5.23150496149534,23.9186074153074
4.28105767461848,7.59549091685646,22.0030216995245
6.34219663274933,11.3917962826636,21.603322506917
9.41317966152507,16.6497874999569,24.0896038647853
13.3884726837127,21.5710272312266,31.4967692365241
16.7382865015047,20.815298262998,43.2301892053165
16.5480388823983,11.4671340006694,51.0339299537497
12.3168205699321,1.72984817354183,48.9957464484078
7.13092182858367,-2.23543964864953,42.623386829997
3.30299854757204,-2.62245903911415,36.6987601981428
1.06668072607138,-2.16493553239756,31.8841204995079
-0.13961052454298,-1.92155901757283,27.8663333489817
-0.871405740378926,-2.14288609756292,24.4383567912128
-1.51627149879927,-2.91564455747189,21.5288970527566
-2.35935727592698,-4.42506492198283,19.1710956792905
-3.68829994426145,-7.06332298687099,17.5818562924371
-5.88047714311365,-11.4358555927843,17.4401439396804
-9.38536922536685,-17.9147371102212,20.5064794350827
-14.2291163338633,-24.4762960917535,29.9306165867394
-18.4215565622495,-23.2365509947429,45.5397196398378
-17.7129102833952,-9.89862229305785,54.7307080833934
-11.8290414158857,1.96656177447394,50.3599002504172
-5.43227238431442,5.55339514707092,42.4530132499752
-1.06277449598636,5.58483492124274,36.3523004345373
1.49996078432099,5.42355873017189,31.904803949211
3.15118351698675,6.0800514261455,28.5600717117042
4.63425550030655,7.80683806818298,26.2582921268534
6.46381132806397,10.7204111379738,25.3789877671857
8.95852090793217,14.6823999770258,26.8075764115472
12.0655905376155,18.4750434636497,31.7480098058453
14.8558479300101,18.9125051675536,39.9680475523391
15.4678051652982,13.4823420711738,46.9377622950092
13.0177370520533,5.83770048212078,47.5566221785319
9.09255914237985,1.30646072301213,43.3314133954471
5.70936484868364,0.179939956484715,38.1160734870228
3.60066731147881,0.619518633024993,33.4256329154199
2.6157554561671,1.54040140759321,29.4007969386483
2.4304063789556,2.69886334384758,25.9734408034541
2.8516617253318,4.26841327752918,23.1538630122679
3.87864487194481,6.63124073572679,21.1110458361876
5.69129654350644,10.2952312184033,20.3550781549036
8.58159516686356,15.5949026339522,22.1337569721779
12.6141811297496,21.3875189608605,28.6894382390741
16.6002354724949,22.5983342360397,40.8231479338878
17.4149848024406,13.9776876263306,51.1441910309069
13.5123968476733,2.58897583383387,50.7184504279539
7.87137521206179,-2.71273888330448,44.1721060734429
3.46197093870243,-3.48707292268854,37.823036290277
0.804189067092385,-3.10745414514485,32.791780059021
-0.691553796544759,-2.98654932971175,28.7015785506928
-1.6809140615405,-3.50147499322524,25.3025043313233
-2.64775072362095,-4.81588269177806,22.5634495863442
-3.96779246871679,-7.20217684809674,20.6691178128063
-6.01168961005999,-11.0851983017312,20.2096034009992
-9.14757887105519,-16.6543435904096,22.6121098510891
-13.3633292183066,-22.2544911253947,30.2443284648687
-17.1303617328161,-22.0203686656275,43.0659037038116
-17.1398127476618,-11.9059903643924,52.0578837408774
-12.5913574227131,-1.06128216132783,49.9292562689538
-6.94508965755796,3.22359703394116,43.0529446461105
-2.80002439048767,3.61203571554155,36.9020626160133
-0.360472023236824,3.23360032660676,32.0626549814564
1.03751286545623,3.25251685004699,28.1218685552937
2.03757161257434,3.97581600593988,24.8740277955747
3.10982506798034,5.58395650719764,22.3413465771585
4.63482437501539,8.38777478827684,20.8082365260239
6.99089965586897,12.7786780241828,21.0763877136883
10.4763178351075,18.5556749627646,24.8891041360037
14.7169163324501,22.8603694289928,34.3501352814074
17.5066887374606,19.2927254864439,46.8613362766445
15.874473469718,7.91458773453177,52.0563638002547
10.6910837226994,-0.678108576934299,47.5864724661689
5.53175222630197,-3.21463679530144,40.8234398753888
2.07458773423149,-3.13075534845496,35.1744374985943
0.11273086202416,-2.76876353007813,30.6474676246781
-1.02436212208832,-2.87675554925898,26.8886398001884
-1.89430983857754,-3.65175115878914,23.7562313221574
-2.89910564379862,-5.27341584922167,21.2876299532248
-4.38656315158483,-8.08969647035334,19.7590905845236
-6.73759109861804,-12.5701117368971,19.9659626064998
-10.2969935955013,-18.6591469328283,23.7283678763742
-14.7705091818575,-23.5562476107338,33.5058786701127
-17.8894152680147,-20.1918647770624,47.0414230644649
-16.3014548415847,-7.9681139724402,52.9311358288252
-10.7973839474039,1.32959541439916,48.1827664586428
-5.30336967877538,3.98648457517393,41.0861957062701
-1.6335682330127,3.90365795834952,35.3393455828846
0.475245965184714,3.63858949230463,30.8458862752585
1.76973524377427,3.98961130383982,27.203858563274
2.86821074807097,5.19019880204916,24.3060116123286
4.22648160513163,7.4658679997783,22.3151890188252
6.23355118218568,11.1418274014957,21.7941170737004
9.220512076302,16.2727495521398,24.0410485783228
13.1208788724237,21.2328119255104,31.0389465559784
16.5301894622287,20.9568803422756,42.4816857351812
16.6063098638335,12.1427977109534,50.6630430657966
12.6154978433569,2.30808331497907,49.18600821793
7.47213291555018,-1.95787057857606,42.977435314754
3.58545409478461,-2.47560689094946,37.0215715262046
1.29357712993434,-2.01464438514469,32.1534828523573
0.0703688711969548,-1.70162775072114,28.0867133699636
-0.633898247721699,-1.80379897620389,24.6062706954812
-1.20148569923933,-2.38783623954391,21.6249932429951
-1.90057216152103,-3.59206504951863,19.1406305391786
-2.98521987283991,-5.74117901133768,17.2786162638571
-4.78873531174155,-9.40356501535947,16.4844161228902
-7.76850686297477,-15.2248482070049,18.0266811589477
-12.2748322702454,-22.617107805786,24.7536035465733
-17.3485923756658,-25.8693010347534,39.262474799749
-19.0434395855368,-15.9872132915512,53.5337424763438
-14.5011673222544,-1.05657239944694,53.5197223872843
-7.5283881241042,5.4766810090203,45.4687194044709
-2.16199371315482,6.23212272914536,38.4986286538959
1.07429033850027,5.95466398337781,33.586458656941
3.04506236366528,6.33896946021236,30.0070260834895
4.61061200490991,7.77542602862247,27.5280349574894
6.36777208382171,10.3530610814792,26.4151033004034
8.67295406154106,13.9249755295643,27.3999094975007
11.532400067455,17.4881732505967,31.5073693602444
14.2152978352853,18.4106702253266,38.7143115956836
15.1361418466274,14.2073075194489,45.5071614198998
13.2863487739909,7.25792619687874,47.0595777410636
9.78265031578457,2.49480299871602,43.696925897827
6.50920112725384,0.987636358631609,38.8281236120609
4.36256657903104,1.27185836495874,34.2383621771842
3.33978589287157,2.24280844124406,30.2655014998282
3.18281723364889,3.59344043414117,26.9207465356915
3.72277430092904,5.47584247434091,24.280840141378
4.96908606467569,8.26020780552186,22.6320342092095
7.0867020699542,12.3368357607069,22.6984707727568
10.2402493635888,17.5205511966843,25.9537604965896
14.0598813896769,21.4460245763716,34.0833772512706
16.7145022368282,18.9174913637464,45.0882511176102
15.6531845072214,9.34365247502708,50.5814487184108
11.2512375188107,1.13637358183374,47.4037571877104
6.50435861776536,-1.78939956400257,41.2421120687955
3.17635051781263,-1.87921348616202,35.6681746738377
1.30027567517799,-1.34184488000175,31.0524744642215
0.351271488131881,-0.959660097228762,27.1349218983485
-0.135886001572756,-0.869548202230125,23.7443198781447
-0.456392626995162,-1.0623738731892,20.7941133959573
-0.791056009964824,-1.56933836425453,18.2366081118617
-1.28348831084281,-2.53138364995704,16.0584696727961
-2.11008836646523,-4.25960446869862,14.3197346940724
-3.55229149835947,-7.32448123966548,13.2888722940343
-6.07149891079754,-12.5939236067583,13.8483485588232
-10.2670355656872,-20.6031609116955,18.4693497742354
-16.0868505676554,-28.0309140235812,31.641212354335
-20.32061905726,-22.9343926448711,51.1772317414552
-17.4924763339388,-4.46045685324993,57.5496942330335
-9.58436479317091,6.63909646791865,49.2642132308177
-2.63650773346715,8.52731460656073,40.978675275986
1.69181414369143,8.2055977722121,35.7672721024646
4.27018041723534,8.42781459150494,32.5028117508832
6.13911388997775,9.6764266373611,30.6621715693251
7.95977676826987,11.7914867999604,30.3848188301528
9.98556220880418,14.1916245933776,32.0896739681558
12.008300852899,15.6442237513363,35.8916226916887
13.3175289931132,14.6149133710142,40.5965423140809
13.1151131372846,10.9968299856475,43.6078190315256
11.3897262058478,6.95184874008546,43.3024604993951
9.05906643490426,4.51810974419657,40.5648425744995
7.09426440609611,3.91811172795096,37.0342047964165
5.94480490717155,4.52843882090793,33.6594946546658
5.65867999641741,5.90259731459908,30.8444888263795
6.16616058548367,7.93848513996075,28.8855737412835
7.42333535876122,10.6705690955495,28.2236862381122
9.38176766620866,13.8929350439363,29.5461157368012
11.7756660381727,16.5723280439999,33.5112195564923
13.7949481453374,16.6136852639618,39.5301182026916
14.19378024691,12.7563144394668,44.4979015618608
12.4511411206917,7.30190038370174,45.2392267554081
9.55872669135978,3.64919924065279,42.3173523172731
6.91964454167492,2.4944088348961,38.1470422601733
5.22603838396534,2.87699191006582,34.1097715028809
4.52980625188287,4.03802793649159,30.6163822774875
4.68775918043536,5.78267128903169,27.8335255516348
5.61805136120374,8.257795951247,26.0334448940948
7.35097584676888,11.6631070490574,25.7940697810553
9.91198027717584,15.7510984878678,28.1417007980122
12.9531081841825,18.8542583913024,34.0805460967178
15.208441900197,17.6395385021042,42.3061954432493
14.8999875615719,11.1621345933226,47.5172503784829
11.8854663859177,4.31725709202859,46.3813662700434
8.08016942117597,1.00084121469251,41.7146791380878
5.12704482370779,0.49692812308698,36.6912810346038
3.42553457996267,1.1537698050082,32.2591185464698
2.74663454124119,2.20401283854033,28.4643655444514
2.81121995524857,3.57186574843767,25.2777180259893
3.49969467301092,5.51729486373553,22.7832193924786
4.88240747241445,8.47500796955344,21.2973464208357
7.18493753863614,12.8905131421946,21.6412772402371
10.6148007210821,18.5272279389307,25.5281267799914
14.7227183976846,22.4984258168221,34.8678915639867
17.3146531146095,18.7596567958676,46.8412293574416
15.6214325434705,7.78967439614258,51.5983319898789
10.5868191319409,-0.392556850676302,47.2157366554815
5.60977219723652,-2.82486473841386,40.6283376190811
2.2779985250168,-2.7279809836739,35.0510200070503
0.403300984877887,-2.31524355128599,30.5293633214172
-0.64540206454717,-2.29556816955313,26.7371152039435
-1.39013301825977,-2.8371731102344,23.5232451087993
-2.19683241658938,-4.07487419011171,20.8750159382374
-3.37124823064649,-6.30497306235956,18.9384972570115
-5.26150929942748,-10.0358417229253,18.2098609479053
-8.29004721352893,-15.7379217823025,20.0124286431605
-12.6684641185919,-22.4154749084115,27.0094067393237
-17.2168276523932,-24.2878633112153,40.7596092543202
-18.25118433692,-14.3974925808997,52.8152267682278
-13.773703344283,-1.26669497456371,52.0195852929367
-7.40387921964517,4.36656879333135,44.5613363842119
-2.55492394107319,5.02015723017361,37.9204520181438
0.355620589179247,4.71311060300368,32.971310958087
2.09315249262418,4.9475918986987,29.1483548887278
3.43162355286508,6.11602116850427,26.227337560434
4.93598597559619,8.40701563866164,24.3685698170187
7.02207188375259,11.9892631600011,24.171957788395
9.93963475199668,16.5813950858811,26.8571778474724
13.4165926679752,20.1885763033204,33.7853812448682
15.9696436553977,18.5472078591316,43.4686716547487
15.411625281101,10.5785070485082,49.1449857944309
11.7321598462275,2.81995763137773,47.1624645893698
7.38783556735517,-0.464392812058816,41.6797298545586
4.17395090907986,-0.78590280606437,36.2774092745045
2.34343995465009,-0.166179044012204,31.6715113136307
1.51476020784782,0.578422939366588,27.7343225843521
1.30687081836935,1.34375037877343,24.3334331247335
1.51396413836574,2.29582894070295,21.4134686283823
2.10487680730251,3.72819358535709,18.9916116173044
3.2054749827879,6.08112739038701,17.2224392765673
5.10707298447907,9.9920469850384,16.6192354791461
8.25190604791564,16.0782765992315,18.6040926088111
12.9091894474957,23.3804888193321,26.1970623346648
17.8091469243411,25.3642200573361,41.3622775615048
18.7628343769631,14.0271832447721,54.2983617468563
13.6581139064731,-0.173650748441678,52.6306449821541
6.78035385959661,-5.66317595952913,44.4790987267327
1.71706923896586,-6.11771136183017,37.7974156158597
-1.30051221685734,-5.86938276333908,33.0653215908755
-3.17014007516541,-6.35803100344928,29.5950378088228
-4.71883223556361,-7.91242977344505,27.2189045000198
-6.51387386083946,-10.6151517078868,26.2506216486
-8.88863130609598,-14.2899967986471,27.4749803488089
-11.8060496121259,-17.8119821147546,31.9347716923129
-14.4433403778341,-18.3750682386072,39.4152149120878
-15.1493613366906,-13.6748942869196,46.0117654061343
-13.048102113755,-6.63509648651317,47.0310513920755
-9.44469900152323,-2.13187524156482,43.3424876777836
-6.21329297295148,-0.847160207404441,38.4061769978159
-4.15112248087705,-1.22478762584797,33.8361937970728
-3.19915626975946,-2.21854041804558,29.894277846686
-3.08868671289883,-3.57191741327415,26.5772393213456
-3.65844197535102,-5.46209141623805,23.9611258754927
-4.92964510518263,-8.27400226850405,22.335777724973
-7.08001495381537,-12.4122919117441,22.440456293273
-10.285977094622,-17.6934927806454,25.7928815207863
-14.1716555016707,-21.6737774213256,34.1402467156717
-16.8446316779248,-18.9743612585565,45.3832116920162
-15.6890183533436,-9.10928188277813,50.8270374249568
-11.158637255948,-0.836742388958047,47.4338572659848
-6.34407204836319,2.02204235121203,41.1648828020855
-2.99688643071578,2.07740888050416,35.571689569896
-1.11024235948908,1.56319715967629,30.9634553636099
-0.13474926202728,1.25545578157125,27.0611821399379
0.409946419606598,1.30004729476659,23.692909928725
0.836665755092219,1.72076379435112,20.7796634556775
1.35642451958596,2.61451706543162,18.2959885887242
2.16700413946672,4.23810804925758,16.291057136541
3.53732482216309,7.08519456523974,15.0034202479936
5.8832144713114,11.9117869145756,15.2030716295263
9.74041359225563,19.2254392324865,18.9961210054434
15.1404271526366,26.4849260830244,30.2902491441785
19.5345096032887,23.655560171227,48.3183360352792
17.8609216831564,7.3146853909598,56.6755306678078
10.7930644874264,-4.65192214644242,50.1096219533687
3.94312788646618,-7.3837098897324,41.7471183914011
-0.490816558279679,-7.18245579271236,36.0227863217086
-3.10803222884589,-7.24094121459739,32.1732734586012
-4.92685719252054,-8.31340647482498,29.6305883588906
-6.6827314479148,-10.4548177049415,28.4813680059528
-8.7781696778178,-13.4016596680502,29.2559299971525
-11.228377277617,-16.2145556181716,32.6249803766388
-13.4443450643703,-16.8938962692527,38.3526103816897
-14.2525654625943,-13.7335114164182,43.7946264835534
-12.902793729582,-8.30636505050597,45.4226350435507
-10.1311529388011,-4.17402584614079,43.0308702752399
-7.37663455781247,-2.59746130215545,38.9660932222361
-5.49123296121013,-2.75822747695519,34.8647111346145
-4.61691596565505,-3.79925881681608,31.261452779444
-4.62318069757117,-5.42964436917096,28.3360127635128
-5.40849860595403,-7.74961827276009,26.3267330592998
-6.98456370988403,-10.9714025459182,25.7402134224699
-9.39350976516349,-14.9840684058115,27.5176234317538
-12.3953802161776,-18.4639298841715,32.7602357964329
-14.9195909369617,-18.2675231542684,40.8239201447894
-15.1672162217211,-12.5573353299973,46.9852848073247
-12.5552184087543,-5.38052650546523,46.9387555943565
-8.75586803738295,-1.38970121840328,42.6393317315187
-5.59875687193246,-0.509732432989415,37.577005241891
-3.68456444380061,-1.03931572379939,33.0340416513771
-2.84851484424179,-2.04516177751902,29.1349341228478
-2.80014232023533,-3.35866092775022,25.8458159910475
-3.38837197631901,-5.19642979723008,23.2288597461003
-4.65196145536234,-7.96926975488533,21.5542238251609
-6.79402519856923,-12.1364186796926,21.5408940134613
-10.0425685844713,-17.6426129584115,24.7454139776658
-14.1099963027256,-22.1611333756947,33.1940369175576
-17.1083308944016,-19.8753596667493,45.2143775843223
-16.1242766433271,-9.50491875166585,51.4979120726273
-11.4101044227048,-0.503025818373995,48.1101826242317
-6.29803488829105,2.60984060093211,41.5577402366741
-2.72759945972248,2.70515334438727,35.8090037212378
-0.688008525925851,2.26023817781191,31.1526037991163
0.430233220686871,2.13644022576746,27.2567976098956
1.16780205252313,2.5339546552393,23.9436683088062
1.90123015645108,3.56406022002864,21.1727096621075
2.92744550475297,5.4745898779994,19.0351884151298
4.56977684492511,8.73217848031296,17.8926124596096
7.24167572507888,13.9111365670716,18.7707828638923
11.3003144109114,20.7445743250111,24.006257190579
16.1575408104887,25.058837591473,36.2834594452789
18.6800372685626,18.4059592310402,50.7054513753727
15.5281132182641,4.23483287477033,53.6781345470073
9.09004390178081,-3.77579659057688,46.8366336370442
3.58182577918967,-5.29723341580909,39.630497628475
0.138108108212825,-5.02239082186595,34.2754868183935
-1.87989205139116,-5.07996740026739,30.2249378462637
-3.31044077855232,-6.04003255551598,27.1328297326929
-4.78394613144188,-8.09640761335295,25.07978464624
-6.74917393236252,-11.3984771455896,24.5713967780513
-9.48504872102732,-15.7497046015197,26.6828017676122
-12.827566240014,-19.5319641076883,32.7454562697178
-15.5452130316682,-18.9033687262702,41.9270319310534
-15.5390370001416,-11.9478912621626,48.3675310439813
-12.3523802091664,-4.04964506208644,47.5036335193815
-8.12040524656187,-0.182683674078604,42.4526675588003
-4.79524986377556,0.452165750098825,37.068867193191
-2.83505316208494,-0.11887091336347,32.4019545877154
-1.94070270759677,-0.951274042744737,28.4123950093012
-1.74585545969316,-1.88827563673146,24.9841080879702
-2.0477163042419,-3.10817337569252,22.0827049235639
-2.83090325510365,-4.95655522236439,19.7799201866918
-4.25565367039187,-7.93976471746569,18.367939706433
-6.64747030339381,-12.670759545799,18.6859203120161
-10.3710967778772,-19.2108715755737,22.7290515420088
-15.1395719833742,-24.5514286030037,33.3498238375013
-18.4376793441419,-20.6476223824696,48.0944692471607
-16.5209632017472,-7.10214505698963,53.9549491770411
-10.4801291700272,2.53949251077267,48.3768507122908
-4.67851745683315,4.98613838388234,40.9444465510444
-0.883695422536851,4.83339068681914,35.2317508496389
1.32061984341851,4.7142083007005,30.9077845252036
2.76999964736947,5.39416104882096,27.5416947529812
4.12998092250406,7.10298113261753,25.1099722361552
5.88098503814812,10.0322710731171,23.9731849693229
8.37272418551095,14.2301281939969,25.0286154852234
11.6695926814699,18.7599450899926,29.743509680932
14.9664696594753,20.3034128579059,38.6220348008456
16.1764376097111,15.0588039412314,47.2906898556328
13.8319018348909,6.20167375667321,48.962205990501
9.48084338277793,0.621548655714117,44.5507021854584
5.58356160242709,-0.861741723424264,38.8796850103777
3.0886996468236,-0.539138347571384,33.872543638232
1.81244899402114,0.18252679248258,29.6212702665298
1.32796512654197,0.919064366380611,25.9619897789811
1.33489753187986,1.73349376847902,22.8015441331549
1.71593303441736,2.85665243513721,20.11619876178
2.51597501557453,4.6418319131525,17.9711831935918
3.93679140143787,7.61930304961218,16.6422481216106
6.35052761979415,12.4906779811205,16.9648380197968
10.2072178933831,19.5083930029301,21.0624456775195
15.3330024997331,25.6855682271265,32.3436119390763
19.0629053913174,21.7897707935605,48.7461432937059
17.0344143365426,6.68543818331443,55.2979781434277
10.4028633342462,-3.79959026415706,48.989503903492
4.13145592600499,-6.22172607072669,41.1316371048798
0.0793282783360873,-6.02994314159316,35.4495888632802
-2.3031200916528,-6.04941869741952,31.3703917757594
-3.94965533049991,-7.02372825004431,28.4196483851409
-5.56773153257563,-9.11788209349388,26.6660701126069
-7.61467616841734,-12.3236068957332,26.6428362177956
-10.2771117524513,-16.1162345088346,29.3181118651913
-13.1935487863014,-18.5754087030295,35.4041713733543
-15.0752106846026,-16.6166501250655,43.0583035185719
-14.3892763889319,-10.1727324571571,47.1830980528738
-11.3362464423565,-4.06017068103185,45.5015098799786
-7.77739149355897,-1.29891884612198,40.9133053359535
-5.11428054278588,-1.01140661833452,36.1095512695683
-3.64198304124953,-1.76772354786329,31.8673351134163
-3.14603416444818,-2.95542438825575,28.2515339253342
-3.39756283310502,-4.57121298380245,25.289425495596
-4.32789707572112,-6.91338784068775,23.1572783735321
-6.04425919254384,-10.4004158175462,22.3518735329057
-8.74823220793158,-15.2261177896209,23.9985409863162
-12.4058876238905,-20.2242890422879,29.9186305821039
-15.907100259956,-21.1231019724716,40.4422274067566
-16.65899513433,-13.8858516696717,49.420519662484
-13.3799778200639,-4.00740986577846,49.546190879222
-8.42441180882711,1.08593183383924,43.9358001459265
-4.39857715723154,2.03086919496656,37.9457137505274
-1.94586062933855,1.60227643817099,32.9430876922955
-0.659453986950951,1.12053344937772,28.7523796934236
-0.012797857822753,0.915172049407618,25.1491833026816
0.362414433351987,1.00699143068877,22.0183939859939
0.689676662338621,1.4035961848287,19.2995583531211
1.12470520566853,2.20281019205432,16.9661618894338
1.83019155429346,3.65186716767597,15.0479549663023
3.04772272744563,6.22665080637063,13.7253557035847
5.17506781016865,10.7063175081615,13.6211913207982
8.78910759032833,17.8822377664134,16.572035742818
14.2069724377999,26.2678478298806,26.6149701142779
19.4983392689016,26.4058737975415,45.4618043591154
19.1357489390882,10.2583520718684,57.6746269327578
12.138222167279,-4.39836873276934,52.2186873303877
4.55951254085378,-8.26926845511711,43.1514072658745
-0.499596015604917,-8.16048324394151,37.0789180037216
-3.47597802311433,-8.10774887602716,33.2601227277223
-5.46235090300379,-9.03941591383867,30.9187972866166
-7.24886737595628,-10.9489037739558,30.0376872472294
-9.22736351041522,-13.433982342923,31.0126971559652
-11.3606319572385,-15.4958385916138,34.2050063927716
-13.0836303490598,-15.5067145616014,39.0071847861438
-13.4940999823511,-12.5513290315648,43.0755742102022
-12.1923493329672,-8.18959194605759,43.980688922162
-9.8682051405867,-4.97675433673858,41.8189418955082
-7.62641903834518,-3.76972183013423,38.3180744669297
-6.12854764488249,-4.03059048146766,34.7441697312797
-5.52212550018895,-5.16598583634013,31.6290225769555
-5.74359704429681,-6.96428164366374,29.2546816384015
-6.73214804539662,-9.46244749953539,27.9812369822234
-8.46447418856475,-12.6319029359888,28.4148479015005
-10.810366384902,-15.8500292559668,31.3540399754474
-13.203554160249,-17.310316661536,36.9746968227178
-14.4412958737974,-14.8718552754137,43.104809659855
-13.4750343885627,-9.34928486657055,45.7919279131867
-10.7519753626205,-4.55485515995613,43.9442707156229
-7.78066222992506,-2.45102638752241,39.8876174018015
-5.61751719771524,-2.35545881473712,35.6139187769875
-4.50372879906364,-3.25502897702215,31.805623894926
-4.30946588836708,-4.73274421242496,28.6389527294492
-4.90071328327592,-6.84014450411204,26.2928535934274
-6.26719713326194,-9.82572768196789,25.171504119168
-8.48423906681932,-13.7878203247522,26.1045597144427
-11.476239437787,-17.9059660780834,30.3405790642354
-14.4708234492691,-19.3653218756339,38.220957796217
-15.6605446117507,-14.9777258968294,46.0693866204351
-13.7249499772209,-7.14338635812477,48.0508989365741
-9.85612847683198,-1.77657939427248,44.3755137852057
-6.23177181318203,-0.127475866562244,39.1159668643637
-3.85054761959491,-0.382713918493584,34.2700301640411
-2.65881567813025,-1.23654698936017,30.1058192306365
-2.32132466615325,-2.3134360471757,26.547393652218
-2.60335647017115,-3.72476377955953,23.5742743480748
-3.45994118054842,-5.81283045570835,21.2987737005724
-5.03246898259465,-9.07049620868115,20.1043897621147
-7.60787653001802,-13.9670518684229,20.9886599503138
-11.3977538169858,-20.0270356116907,26.0019207669431
-15.7130434524537,-23.3757811832725,37.0288506041804
-17.8001946857107,-17.3466315985888,49.3559377189375
-15.0180265805683,-5.19158545082989,52.0538538323496
-9.36321450140194,2.08451703008879,46.2105232955355
-4.3990727832044,3.69759374447949,39.4688311829266
-1.25488793284756,3.42262754541428,34.0918401693392
0.523697834963088,3.20534768159518,29.7944211366475
1.64065426134386,3.60655709500984,26.2532661385928
2.6416877185938,4.81216052153168,23.3970514458754
3.93560035040946,7.06426827679779,21.3831427651694
5.89778673799555,10.7462749340463,20.7492615028026
8.88938517846424,16.0519286415115,22.7979768962212
12.9370763322071,21.5680736122204,29.7335914890548
16.7149253994793,22.0128452400771,41.8517810282126
17.1268840099614,12.9558935381281,51.2517618117915
13.0376717846753,2.13405020797912,50.0986544437394
7.53555932512067,-2.61753081278016,43.5620020101468
3.34095540159623,-3.22028653867449,37.3708050698765
0.842631987798484,-2.81571154210635,32.4270493401459
-0.549746415948507,-2.67270302311166,28.369964186528
-1.45897948571267,-3.1206535196431,24.9679074084743
-2.33777833722363,-4.30438104482503,22.1796735929263
-3.53714637663895,-6.48478728427337,20.1458455816131
-5.41343614868586,-10.1092439314868,19.3545307949796
-8.36283801990169,-15.5533904559968,21.0674467690176
-12.5474004202471,-21.778130860184,27.7084990570092
-16.8270795078862,-23.463914254485,40.5159198396925
-17.8456269147433,-14.4449298393109,51.813599377303
-13.7572986721045,-2.16510060272428,51.4517138097635
-7.76868143353258,3.44372212614991,44.5113192277164
-3.11048063211178,4.21574108457478,37.9780133679804
-0.300150935187225,3.87182422388246,32.9414424979179
1.32758685547444,3.91081989700839,28.9369517157574
2.4911691391673,4.73669671212162,25.7145808304486
3.72424494771876,6.54681452296577,23.3209108608836
5.44313402109319,9.62080382499892,22.1327371397457
8.01110039423291,14.1774051531008,23.1108202165676
11.5760529440894,19.4560868369919,28.0255720321261
15.3694137671137,21.7907059166344,37.9981466821686
16.9642995660757,16.0763368466625,48.353877724712
14.3811906448074,5.67925180210657,50.4436680934869
9.40622899669787,-0.682808017733268,45.3445018845412
5.00193798450505,-2.2288255108576,39.136118248136
2.19830350161173,-1.92837590556197,33.9039048289042
0.682968044116492,-1.44922823631268,29.564267075609
-0.105565811407068,-1.26769399790033,25.8584031729296
-0.590250033276592,-1.45403937258571,22.6537149027834
-1.04184259010842,-2.04842823762889,19.8925835602184
-1.66121248845214,-3.20250977641075,17.5736629782629
-2.66797779905162,-5.25861816113097,15.8030062546144
-4.38428223627117,-8.82170534127408,14.9779802691207
-7.291172526748,-14.6677648935547,16.2938921887986
-11.8522666737239,-22.5842694933021,22.674077204759
-17.3448147632003,-27.1557927226932,37.5999830347242
-19.7081265396264,-17.6451882771215,53.9180387027875
-15.2245287999884,-1.06814087586519,54.8971868543608
-7.72747937263927,6.41307942890176,46.3386553137655
-1.87832047054616,7.28361500632738,39.0645850381005
1.65804915867267,7.00212262326366,34.2134833393097
3.82096632210227,7.44131110022555,30.8939660078421
5.53289459673778,8.95832474874712,28.8366355854351
7.39269693337545,11.5006184401356,28.3318440008378
9.67085835357398,14.624775253315,30.0432950757679
12.1819188233274,16.9759258740654,34.515176627002
14.0537394863476,16.2826665903233,40.7184416866067
14.063058843391,11.7652428254103,45.1195213622615
11.9680154144953,6.35637643508086,45.0058719833256
8.98912898895466,3.16459970130518,41.6236599848429
6.46827266755361,2.37647494089008,37.3656061241791
4.94983360924619,2.94427527252864,33.3778731157032
4.41135057138557,4.20627344228112,29.9716244878217
4.70270710520452,6.05197760926267,27.3048796856283
5.76188028738451,8.66977431342384,25.6808024835195
7.63745784601589,12.2492078332,25.7445712395199
10.3404220306256,16.4156537940162,28.6043278123583
13.4224705639798,19.1820948588556,35.1669252876537
15.4432546018468,17.0794678474712,43.5138819080095
14.6644952170626,9.99710612842768,47.9132021816577
11.3244516188351,3.4420322696255,45.9261334526917
7.50882352913027,0.633514034825498,40.981742896964
4.70111445769166,0.395975027452782,35.9742790482549
3.14760340984744,1.12881864442207,31.60956606783
2.57015716604037,2.18339173507975,27.8763343903163
2.69471666868937,3.54600930121621,24.7412937591791
3.42042216624384,5.5026274953269,22.2906165243642
4.83676097923635,8.50565718277054,20.8475065899264
7.18862754366537,13.0218112600043,21.2595127705721
10.7007666664607,18.8124050993851,25.3159612090266
14.9077829843691,22.8411769216398,35.0224040487328
17.5042772991995,18.7659945100425,47.3357371755871
15.6356939217629,7.35796259481863,51.9193176028589
10.4085824883035,-0.849607758755752,47.1993426329428
5.3483831641864,-3.16250677789546,40.4918837871422
1.99793804322068,-3.02798911730348,34.9170752421406
0.106742198124946,-2.66795694436533,30.4320038883968
-0.989031919504384,-2.77749459687017,26.6955762496421
-1.83155592162604,-3.53922305156238,23.5726683927756
-2.81077881010174,-5.13008439856171,21.0974452323691
-4.26711560088356,-7.90012532431281,19.532865694221
-6.58052000710117,-12.337345215743,19.6470365509133
-10.1129483239395,-18.4630210504536,23.2346261440154
-14.63125601187,-23.6414887588267,32.8615850299731
-17.9367945392048,-20.7151691271534,46.6717647340886
-16.5427519415531,-8.41465495761845,53.1537437964562
-11.0281154772558,1.29922521726176,48.5659893314137
-5.40562948235953,4.15080744298418,41.3690094150155
-1.62102753301385,4.10337782134806,35.5505083452821
0.563014892496611,3.84689853028369,31.0362342368555
1.91011811061102,4.22673299340309,27.4043243106845
3.05851521229824,5.4881175471924,24.547958452024
4.47776677967216,7.85492978744386,22.6524426666649
6.55969533870025,11.6222990797356,22.3280476378944
9.60853322789644,16.7218998590501,24.9226252050233
13.4585110036338,21.2465643161142,32.2868032169178
16.5589885793859,20.1077241844455,43.4717068067493
16.2002681233292,11.065981644731,50.5456884647034
12.0877651550795,1.9519348261239,48.4217040726362
7.14560473750938,-1.75971915926657,42.2865303645837
3.50932605864728,-2.10900795845824,36.5094455167672
1.40146295293172,-1.6058920055338,31.7452240574763
0.308405713522395,-1.22836032396603,27.7301627373617
-0.275379278759328,-1.18349845459098,24.2694680976035
-0.686263354823024,-1.49104707424761,21.2705031808198
-1.14132924066378,-2.21544839207821,18.6940123081749
-1.8246152379386,-3.55881346253187,16.558382663267
-2.96985863624999,-5.93562101883169,15.0169293621837
-4.94047055872116,-10.0388279019247,14.6033691255341
-8.26306325569935,-16.6242044920003,16.8788477197642
-13.2986594635097,-24.7217051663233,25.3625854885443
-18.6235166286408,-26.6311309556189,42.4896705314734
-19.3267982257778,-13.1126776154198,56.2605269819022
-13.3173885478286,2.22414027306894,53.1319250612763
-5.84168733475918,7.3034465640263,44.2121117123775
-0.573178314611881,7.48911351967268,37.6592435698772
2.54230840137281,7.31921919558163,33.3537291397442
4.54396369491739,8.05735374783134,30.4840167320116
6.2787097246842,9.86995731121684,28.9512265211786
8.24522954491089,12.5698964727162,29.1584962297549
10.5745907045273,15.4413601260385,31.747471110038
12.8658072480921,16.8004047600938,36.8191181003649
14.0960463139586,14.714156492857,42.4612582595413
13.3259243440018,9.74978809574545,45.1627756015732
10.8861821035428,5.20696563183684,43.7059467474571
8.11314770131997,3.05280652092207,39.9984143495124
6.03360645562927,2.85820946387653,35.9314375876287
4.94371609035729,3.72102632890337,32.2600754365163
4.76349259458897,5.22386703941216,29.2259306264003
5.38024737141295,7.38260812295855,27.0536890430746
6.77685146841718,10.3790603341302,26.186758675153
8.98434173902928,14.1721376671706,27.4534548884266
11.8273907332329,17.73342718574,31.9095480714415
14.4315157468165,18.3288290656171,39.3552274313599
15.1360292517356,13.6877114469431,45.9355320031188
13.0559980201996,6.6926937304852,46.9879802782945
9.47374241126542,2.19211042065831,43.3405388333364
6.25212253242192,0.895865020207134,38.4263257115767
4.19244649409951,1.26845405854656,33.8665017192673
3.24205372089814,2.266614644534,29.9318065221748
3.1360532544736,3.63259343759593,26.6240266299465
3.7151050525978,5.54294593022098,24.0241446542816
5.00126409544486,8.38085976502694,22.4304892469326
7.17045450819283,12.5395527219107,22.5963572940873
10.3879649543236,17.7941713025366,26.0475531345731
14.2463766122345,21.6262879673832,34.4693661643137
16.8231047927891,18.7122369585019,45.5796392369611
15.5660144642377,8.86457263689221,50.7335993786656
11.0297369694358,0.789486224045636,47.2303386918365
6.27567196541721,-1.95424105682533,40.9971751978143
2.99016943174191,-1.97868573373625,35.4463864813742
1.14727529619274,-1.45371810017108,30.8618695120421
0.20426776264321,-1.12437981175966,26.9721598847482
-0.307346713391193,-1.12268014020727,23.609328092522
-0.688123810760524,-1.45844573741961,20.6925714617723
-1.13427614364193,-2.20458176596741,18.1869906238542
-1.8215884150296,-3.57601477518387,16.1141113339025
-2.98463159859705,-6.00426526769116,14.6340315333095
-4.99549865531321,-10.2062382729362,14.3027254789762
-8.39484848302292,-16.9516979674222,16.7515226642186
-13.5366327687581,-25.1507213121853,25.64107496653
-18.8723641665657,-26.6405847890917,43.2668420341876
-19.3083375129573,-12.3782699716207,56.7082234082267
-13.0147860682635,2.84910787775089,52.9252248770371
-5.48977725489205,7.5978012798978,43.9258391387532
-0.269900176629654,7.69124411256366,37.4947673702541
2.81017407821153,7.55118528335488,33.3216326116291
4.81014094432793,8.34806102240972,30.5981198122179
6.5644260255881,10.2004256290968,29.2501400273514
8.54408218830622,12.8604659648168,29.6874739787742
10.8319770796699,15.5191344281599,32.4865069512547
12.9694912865813,16.4692932591774,37.5392136630557
13.9483981213586,14.0561629125397,42.7415992811967
12.9888505969963,9.21972375172871,44.8590755329862
10.5592774427612,5.08795164956382,43.1381274886167
7.94049793139695,3.24477025541521,39.4744665661439
6.03975019544559,3.19806839203226,35.5505635184192
5.09940106359156,4.14375385417336,32.0383330975397
5.04268932295551,5.73723641692138,29.1876336706926
5.77590424098475,8.01290442764839,27.2640494234108
7.28821322961066,11.1083163310987,26.7696029930303
9.57521493208067,14.8250156149054,28.5661345761302
12.3471356128978,17.845225487517,33.5285178808232
14.5777640127632,17.4111333771531,40.8168472496118
14.7054641625258,12.1995125563484,46.2047432046894
12.3057665916939,5.79154688610631,46.1223480143972
8.85431445853284,2.14114662533,42.2132826971463
5.96586286160638,1.29703430546499,37.477943443659
4.21937270259245,1.84888487845591,33.147637671634
3.51432454964027,2.98178996510476,29.4305616077634
3.62427196801348,4.56096236100445,26.3729367427166
4.44544450051122,6.8169489044439,24.1405764180788
6.04266573270168,10.1224196838574,23.189828282582
8.57864052181047,14.6573894326282,24.5341387917606
12.0207804312393,19.4225440886056,29.8047161431857
15.4077087512016,20.6971269931374,39.4397317328475
16.4156741990634,14.5542702381388,48.2871762805877
13.641800204053,5.1928649306689,49.2678242298703
9.00066134034462,-0.181161420361189,44.276934761143
5.03749008473554,-1.40382563528239,38.4353280079129
2.56444297510087,-1.01522516199215,33.4181035089854
1.29150369555714,-0.38752935993416,29.1842650742527
0.744454984362002,0.125666518175682,25.5350291441606
0.593678134891327,0.557688591074036,22.3578161376039
0.678799023490057,1.0445781022228,19.5902318001217
0.964824798303033,1.76387557942571,17.197932778034
1.5148408356484,2.97103948248538,15.1864520978069
2.49926961394295,5.08652233241292,13.6635682006187
4.24253336630017,8.80691820057451,13.0388528173303
7.27384347367333,15.0534496511708,14.5987381139235
12.1422711365387,23.7034057627097,21.6534882356837
18.0652409565946,28.5323610804719,38.3209161370825
20.3439207639107,17.1191230788882,55.897371112407
15.0085734727116,-0.928872037043994,55.5495792070079
6.86799924082214,-8.03786390970895,46.0724722518944
0.803846428643806,-8.56873958320071,38.9204438365743
-2.80912633857466,-8.2933693329404,34.530881486205
-5.05414277704398,-8.86217600019777,31.8266272814428
-6.85727873548425,-10.4320818599114,30.5510959376649
-8.73209826544179,-12.6905734493681,30.9717207630145
-10.7709345386657,-14.8360630162913,33.4554601364454
-12.5777904963016,-15.4504686650456,37.7191604925971
-13.3529514727222,-13.3600882992378,41.9615585154046
-12.5325524076418,-9.38818946074089,43.7035338656252
-10.5048051987453,-5.91312261894529,42.3249294296436
-8.28449444105286,-4.25971765001007,39.2044350057339
-6.64554434086123,-4.19220267045554,35.7346365036557
-5.85227690959955,-5.11869070742614,32.5996304224287
-5.88803315468103,-6.74117632897591,30.131976126578
-6.68939480594484,-9.03230845999931,28.6706750823618
-8.21870756379215,-11.9655431156626,28.7479893350624
-10.364696660758,-15.0612388070862,31.0809314893816
-12.6703843983313,-16.8383289291533,35.9710226662422
-14.1058710788805,-15.2664970215082,41.8388592701521
-13.5994970680145,-10.4543838831221,45.1422609648144
-11.2753732148588,-5.61886083179451,44.1455985865266
-8.4344940323342,-3.12218481914975,40.5587738887151
-6.20906232751227,-2.72956668998147,36.4419526941755
-4.97617479967056,-3.49064057418633,32.6745259994659
-4.67503437523608,-4.9098002743869,29.5210511953522
-5.18133850696608,-6.96218848047353,27.1848750940641
-6.46411456205263,-9.83405437635961,26.0626023885224
-8.56275029522667,-13.5683136084778,26.9245353423871
-11.3688637635714,-17.3609082729345,30.8648152248241
-14.1473253768065,-18.6834820129581,38.0875895495131
-15.2772205858427,-14.7752298428332,45.3015577963692
-13.5734350457692,-7.65707696534363,47.345747621262
-10.0371003954664,-2.54353947151623,44.1321110368255
-6.63383431068602,-0.833971929827844,39.199157833568
-4.35909197315538,-1.04155091148613,34.5164569002103
-3.23691365933714,-1.96362308791758,30.4600306821305
-2.99568250944385,-3.23757829197462,27.0258277498538
-3.44344134882677,-4.98931625777271,24.260958428193
-4.56898782601624,-7.5808475712809,22.3972650010618
-6.53041344628969,-11.4471516134319,22.0570190990955
-9.53872909014938,-16.6321156966887,24.5987413987765
-13.4126916474255,-21.3224706082142,31.9416098223447
-16.6061791542358,-20.3801562269438,43.3003092793337
-16.33570169252,-11.2849028969733,50.6814177324242
-12.205431802132,-1.93602611209616,48.6493373653718
-7.17965888052601,1.89919162716692,42.4471628151838
-3.46773003262537,2.27638487352419,36.6132645127034
-1.3073886498265,1.78931843241946,31.8238048746901
-0.171633073929619,1.45242121592555,27.8003067420431
0.462485105361829,1.49049280124701,24.3420963343874
0.949386829978091,1.94587119109411,21.3606445971516
1.5294721104564,2.92369096000566,18.8342246767327
2.42282128504316,4.69590184285736,16.8312340173814
3.91930993739076,7.77599680393083,15.6443822106609
6.44952341974356,12.898454852727,16.177871182066
10.5084959908642,20.3019390276892,20.7665338672751
15.8671447156711,26.5293818454847,33.1037311127512
19.4974107283156,21.3937288556763,50.2873471736304
16.8482152125698,5.16245065222192,55.8190274758408
9.74895538523726,-4.92836781838733,48.5750712203059
3.39859749080686,-6.90795107227305,40.685202370015
-0.612028500659246,-6.65128845491737,35.2293690824768
-2.99054018845467,-6.79920204357584,31.4309737008692
-4.70321838603795,-7.97362358798075,28.8451635953256
-6.44010087815767,-10.2503349099823,27.6181821872836
-8.5966702264469,-13.4348333155301,28.3480057806256
-11.2072947660808,-16.6191635428252,31.8598808297151
-13.6656043726978,-17.6069628587415,38.1085336260651
-14.6488693386258,-14.2626562589467,44.2675126698356
-13.2234161787593,-8.21615611215046,46.1851275220004
-10.1821471066816,-3.63442538608707,43.5684329786716
-7.16160265903333,-1.93471263146465,39.1763272646587
-5.0973074682631,-2.08444347128894,34.8223609080889
-4.10531024268804,-3.07953510577965,31.0089019238247
-4.00654813370361,-4.5900101623621,27.8485785828899
-4.66743078195715,-6.73288587867494,25.5047949907358
-6.0998897986909,-9.80762160692873,24.3882863380907
-8.41264675043012,-13.962280921118,25.3784463445983
-11.5620440242546,-18.3702703526812,29.8627504459622
-14.7471817011825,-19.9636185800325,38.322010860909
-15.9918453831208,-15.1487897161781,46.7374479765067
-13.8498704337992,-6.67951236964341,48.6498368012569
-9.690747315491,-1.1073573204502,44.569148580157
-5.87827626997671,0.483221203491211,39.0458138338186
-3.4057136611364,0.196264011466264,34.0814421531836
-2.14838581220601,-0.579248065135388,29.8467613626542
-1.71422134908295,-1.45308791924982,26.2089012683327
-1.82636660969265,-2.50721600886681,23.0973618943394
-2.39613040051528,-4.02427955944436,20.5316520548858
-3.51303251334032,-6.43992068294553,18.6830800010109
-5.43821248322908,-10.3502795484969,18.0926894807901
-8.56119818068876,-16.2351644702822,20.1797925023925
-13.0385567170726,-22.8938872233386,27.7151775232659
-17.5088768084044,-24.0782440509489,41.9071828372285
-18.1406025181839,-13.3396968379836,53.3291372447827
-13.3160355550654,-0.478316032065337,51.6233485899
-6.94004704140193,4.61997360709009,44.022795875523
-2.22254304651499,5.09164960032635,37.5095012085533
0.585336036902209,4.80095717568465,32.6722254539206
2.28336849522259,5.11758623234206,28.9416728353351
3.6367293731014,6.39712488902391,26.1279590569292
5.19900054767533,8.82225767526549,24.4325039519697
7.3732663972037,12.5292977372253,24.516841560896
10.3683870292665,17.0926306586419,27.651721273074
13.7947375854127,20.2194466892876,35.0201354086892
16.0234361388647,17.696282543959,44.4677614603329
15.0174602383533,9.46828662658595,49.1102334438891
11.1709265256938,2.30274475203119,46.4597422575106
6.96644799329314,-0.461530072027312,40.9427780288244
3.96913634157969,-0.586887853283554,35.6718053102771
2.31067994892941,0.0859625511690592,31.1768936274321
1.60250414483244,0.874503696997355,27.3260382061532
1.49442078388395,1.73423559330677,24.0065232073038
1.81675932827085,2.86924632258287,21.1847356284181
2.57687897358838,4.62197124459896,18.9198610156725
3.94745928366384,7.49962785034739,17.4723370488893
6.26975036226922,12.162664941212,17.6224085752647
9.96353857660124,18.8663303980121,21.3289191321784
14.8964105796717,24.9732789878765,31.7704659146458
18.6825461672687,22.0198830147303,47.4784080415718
17.1449705295644,7.9114642807012,54.7721302916335
10.9241832845737,-2.82572779129019,49.2981013956733
4.73799989532506,-5.63631502688955,41.5281224755717
0.652739903031879,-5.52171051905465,35.6876087828684
-1.73691670264392,-5.43661557616245,31.4023591435866
-3.32653287547595,-6.22087331285151,28.1827322686082
-4.82653492324469,-8.09333300853779,26.0272944506854
-6.72616458229202,-11.1605658710608,25.373843321942
-9.31475962334305,-15.2129420257959,27.1760154264697
-12.4638233204477,-18.8136103711536,32.6115888512136
-15.100768752711,-18.5796644192819,41.0421400702518
-15.3329682382497,-12.5231298416473,47.4251299146595
-12.5675829599898,-5.03478908353248,47.2282061679026
-8.61010453062426,-0.993836606030867,42.6938569581668
-5.36385607516788,-0.157434321651942,37.4976637370223
-3.40685303927498,-0.693489823477971,32.8872088939415
-2.53369157019389,-1.64065401512437,28.9353139268785
-2.4250752184447,-2.82567671495564,25.5751003958095
-2.90934613957025,-4.4533850479533,22.8289239592739
-4.00760525563125,-6.9245580905958,20.8887775985902
-5.91867310073222,-10.7547194218733,20.31821876733
-8.93835011401732,-16.2200050415284,22.4719200944394
-13.068067369404,-21.8880656002032,29.6606346583585
-16.9124662554788,-22.2302606655098,42.1834706057748
-17.2391888364554,-12.7202049137642,51.6842272980322
-12.9519076748249,-1.68126776095113,50.2170994179551
-7.32040897221381,2.98401547801288,43.4761071661169
-3.08445366253206,3.51488679600788,37.254150311931
-0.570170260234767,3.12744060059995,32.3392190716459
0.854888915861086,3.0760094888042,28.3334424612854
1.83551816055826,3.69063759118032,25.0126015607576
2.84335303831421,5.14080606285195,22.371203428935
4.25329859058698,7.72044458918437,20.6374413746335
6.44076622849191,11.8513451837557,20.4954397973043
9.75096264082027,17.5738337324073,23.5295852109296
14.0233934864996,22.6976357542935,32.0681180252201
17.4005533640278,20.9297129859915,44.978032440332
16.6280613901087,9.97538653263909,52.2810879967022
11.696757214163,0.0900909274270278,48.8939373839071
6.23085979951352,-3.31588499930662,41.9975912611981
2.39965393548751,-3.44738462299156,36.0812736818544
0.184602725550379,-3.07677505670482,31.3980711173256
-1.09547240829967,-3.15811161163273,27.5536453958873
-2.04882891086376,-3.94287474339742,24.3771065949778
-3.11690791225531,-5.61483694406023,21.907935328116
-4.66870956820902,-8.50599385578134,20.4487413476537
-7.08417358997651,-13.0264987474432,20.8433456409963
-10.6610500394413,-18.9377859857972,24.9231443610927
-14.9739470861894,-23.1532302265431,34.8290016852486
-17.6706274719795,-19.0282954857716,47.5407078544523
-15.7625778364967,-7.24616384875538,52.2644590562554
-10.388224233634,1.16501731050344,47.3685726755815
-5.20894246728567,3.47968959496696,40.5354274219891
-1.79136947089082,3.33832042017223,34.9331809460463
0.148552440630126,3.02464848768846,30.4660601214228
1.30566626576336,3.24576194420089,26.776392120872
2.24605456907469,4.20149547687063,23.7438946044957
3.38383967979255,6.09875451914091,21.4532649950536
5.08509178760341,9.30591373822893,20.2893859871438
7.73162271327093,14.1981599860507,21.2704396870918
11.5519321841832,20.1777863061951,26.4542739638337
15.8082199164835,23.2176888134526,37.5678959958749
17.7161334352055,16.8640392833721,49.5585488159756
14.7978860614921,4.87867610159177,51.8102107283672
9.17819870245308,-2.08439819725731,45.9018146511442
4.31845098568913,-3.57522815236198,39.2391279064943
1.25982955173368,-3.28005676155797,33.9131160229702
-0.463415194113823,-3.05582684410326,29.6346434969688
-1.54082776770497,-3.43255890887708,26.0927380079045
-2.50266468819286,-4.58661867513943,23.2142645842588
-3.74607024397615,-6.75698550248361,21.1390312624773
-5.64071661326128,-10.339865603112,20.3642119008088
-8.56092272801601,-15.6090954533615,22.130904556833
-12.6053407845406,-21.3955134352627,28.6797151194806
-16.5989743671141,-22.6113226014687,40.81666758144
-17.4194442228913,-13.9888848286483,51.1509472691669
-13.5169962640552,-2.58822695449071,50.7302284228473
-7.87217491814395,2.72020967191462,44.1801400476254
-3.45915431948906,3.49586485039003,37.8281408625708
-0.798910462810601,3.11686490294282,32.7960558845406
0.698786109468705,2.99773859049394,28.706228621167
1.6904038755878,3.51627750272128,25.3085735623579
2.66053169964016,4.8367515880493,22.572717941505
3.98559280979591,7.2321435456121,20.6854295333335
6.03664378168414,11.1262715946015,20.2413597626618
9.18036805427093,16.6999457290654,22.6747235776455
13.396698292805,22.2710152211581,30.3488442014637
17.140849266734,21.9560376733709,43.1660109341324
17.1090394861488,11.8038153097408,52.0617788371656
12.5437171364228,1.018580733404,49.867271131561
6.91145860310619,-3.21629293816901,42.9944767092122
2.78628877513276,-3.59058333752842,36.8581259540757
0.36094990663535,-3.21109193584595,32.0266579244999
-1.02834932677984,-3.22960723287779,28.0891482788272
-2.02239119632208,-3.94949120990036,24.8415424463038
-3.08884736467204,-5.55041850612167,22.3053225356302
-4.60675564205629,-8.34383110270751,20.7617675102935
-6.95447668169072,-12.7259415819954,21.00649704556
-10.4346432677811,-18.5139961351212,24.778534210304
-14.6870186548317,-22.8842317235914,34.2090589907411
-17.5190481388207,-19.4092006763775,46.7848188247389
-15.9283756679168,-8.01163696979188,52.1060025084218
-10.7426530349922,0.669189513431625,47.6715219221283
-5.55569315277819,3.24866876247149,40.8883298935271
-2.07326442253065,3.17383471756357,35.2229646143619
-0.0943982261005801,2.81483242687347,30.689377036973
1.05506466087721,2.93081821449678,26.9298247245209
1.9374903025117,3.72284947379302,23.8022905780842
2.95900510732254,5.37346696197043,21.3483634493071
4.4708835991473,8.2320998126193,19.8556326841321
6.85486056563547,12.7580608540051,20.1433034172605
10.4439461076628,18.8386934444849,24.0595212441007
14.8959306985129,23.5337324660483,33.9948386847762
17.8773401257828,19.8070516660476,47.3698928536255
16.1254436314815,7.58593490220148,52.8077728292514
10.6040176311075,-1.4147735803905,47.9002761707126
5.1917959665145,-3.91573254405374,40.8607793862771
1.60237728496468,-3.80243639651354,35.1683493899728
-0.454366134656568,-3.53822127897298,30.6988683530107
-1.71704528069463,-3.88488144022578,27.0629934614116
-2.79166567271915,-5.0674177995664,24.1568142890639
-4.125556282726,-7.31263886669434,22.1361502974477
-6.10517921643575,-10.958631113709,21.5469943523687
-9.07132755381391,-16.107124679701,23.6705428080706
-12.9946393452746,-21.2377892315868,30.5405627202091
-16.5256684057006,-21.2952770045889,42.0962729172679
-16.7702830048212,-12.5615800366144,50.7237496644422
-12.8197141819996,-2.42432979241806,49.4994381357495
-7.58701669430908,2.06717797038322,43.2477242500199
-3.59509724331075,2.64973876522027,37.2145385271633
-1.2270073593476,2.20630344549914,32.3062450563907
0.0512152853236848,1.92502980402154,28.2237681681686
0.809008934065525,2.09775798220822,24.7438848044296
1.44863012907017,2.81146934685425,21.784887438451
2.26040775925265,4.23575692440477,19.3684654516395
3.52724132964849,6.74006512192161,17.6856814218772
5.61547521690613,10.915707108824,17.3493328707872
8.97662344793943,17.2109856644298,19.9801527834383
13.7291043103167,24.0103503055045,28.6569916733419
18.1637931129973,23.9681110782413,44.0175499994339
18.0670258412868,11.4090759261374,54.5147672948537
12.499565934247,-1.21604454826139,51.115258541709
5.97702481289034,-5.44661781207436,43.1623389864342
1.39376000616051,-5.62247444981813,36.861650139824
-1.30658941475191,-5.41310452252454,32.2854937816541
-3.01024180897781,-5.97482204763801,28.8441512960527
-4.48441654172957,-7.59200540448783,26.4326099140191
-6.26341089792758,-10.3888018712705,25.3869005498123
-8.68719592407408,-14.2749243532179,26.5405583758816
-11.7563491061541,-18.189361032743,31.1045790466887
-14.6489970581955,-19.1167123554322,39.1257385169787
-15.5454890209139,-14.2053532202855,46.5002152291235
-13.3544926349655,-6.48928156629593,47.7730182427107
-9.47052723697125,-1.57097501008343,43.8242753301764
-5.98348726605171,-0.197856178274404,38.6025506074889
-3.75211094603122,-0.551033910073358,33.8474150881158
-2.67452662411056,-1.44645658311048,29.7625979593431
-2.42436943879939,-2.580222504781,26.2799213908847
-2.79157750490678,-4.09862488553545,23.3991976577707
-3.75706449493765,-6.36791287485824,21.2697932154001
-5.48497347080736,-9.88923305372397,20.3570722041606
-8.26361905148679,-15.0435598183445,21.8190463408148
-12.2085059228868,-20.9253985738342,27.8308350109814
-16.3055207025046,-22.8703627640133,39.5864596497187
-17.5468342911893,-15.0933577929793,50.585857937368
-14.0089147073681,-3.44128289237761,51.1481593601699
-8.37014826779625,2.46741230774065,44.8169804144044
-3.79668621815402,3.49154116842905,38.3519441688829
-0.996783820226541,3.1334760170454,33.2121964400648
0.575429713730821,2.96299488714961,29.0483300813933
1.58688793141028,3.40845135471439,25.5876339844183
2.5360130843925,4.63375417917293,22.7802115205297
3.80315755533743,6.89490302331979,20.7843730343115
5.75609151982319,10.6092499031109,20.1333428377483
8.77101635073324,16.0364204821689,22.1482837221483
12.9141796388416,21.8349464826219,29.1613001865437
16.8711601375066,22.5396011453173,41.7232279966441
17.3880898711141,13.1928665138846,51.6818757040147
13.1717270520201,1.85581361435613,50.5263228353279
7.46230058441392,-3.05824398581208,43.7570196474661
3.12260813145667,-3.65928118047765,37.4588067887793
0.533816816253875,-3.28211261431419,32.5068757101584
-0.940273499224263,-3.2451536459411,28.4913429146095
-1.96120200041436,-3.89873038455882,25.1804633850333
-3.01548563760041,-5.42003604139882,22.5769479967203
-4.48890588251475,-8.10425690975594,20.9365019813542
-6.75914880821318,-12.3448468637758,21.000311107068
-10.1419002998606,-18.0425983594427,24.4174519816051
-14.3608809922953,-22.6719243155992,33.3570102683223
-17.3944290968084,-19.9697123014178,45.9129477153869
-16.1803923829589,-8.92072503567172,52.0305246509464
-11.1733657043822,0.181489618982411,48.1247507253277
-5.92422295132506,3.11210904254614,41.3585842841494
-2.3246423219176,3.13019997088559,35.6017906265877
-0.267691458771322,2.74402565536864,30.9946796575129
0.908014788262989,2.78945973982578,27.1742526885961
1.77232502864214,3.48055035451711,23.980318720211
2.73408797509647,4.98427632028623,21.4301295962351
4.13804401334571,7.62847314953896,19.7597699511882
6.35929964158601,11.890598987938,19.6746456585423
9.76790235140005,17.8742316546303,22.8509541570402
14.2217494537543,23.3052128838596,31.8462146178136
17.7470604053469,21.3464957676102,45.5279808703729
16.8315242380841,9.57705551295464,53.0025570253392
11.5631610688948,-0.664994330232842,49.1207268806158
5.86941146125582,-3.97281164487845,41.9360515344455
1.94031183155685,-4.03841604385339,35.9890291517676
-0.337458362868944,-3.73942041189256,31.3730660813442
-1.71143176499271,-4.02169631412395,27.6523446117756
-2.83003620919719,-5.14881479353262,24.6884108383216
-4.16897011991771,-7.3358836386413,22.6222134483598
-6.12322361462336,-10.8928399755316,21.9809679000169
-9.02751135259058,-15.8975630317361,23.9936190201372
-12.8524467801544,-20.8875242490695,30.5895232133432
-16.3145640272262,-21.0727912370113,41.727944372278
-16.6520353234517,-12.8103069954163,50.259875224832
-12.9100080664575,-2.90391130351113,49.361874834701
-7.81642149854232,1.67205923724771,43.3389121098733
-3.86979959973806,2.33476385357478,37.3567428991381
-1.51726213138394,1.87912160087821,32.4358178906375
-0.271054052230838,1.50382554096177,28.3218960647546
0.412755264526762,1.49702159514575,24.7938853980164
0.912545899116795,1.90853011604593,21.7522636889803
1.4814499436593,2.83179983091059,19.1686887769146
2.34078677634252,4.51875980691095,17.1006865938961
3.77183277564846,7.4564222558583,15.8120098481574
6.19049606998983,12.3636216285035,16.1273745340558
10.0959189709577,19.5854215598632,20.2123786114569
15.3839424851741,26.19734086736,31.7410675962572
19.3485758434012,22.4175240195998,48.9566793181033
17.3094386662301,6.5691031926106,55.9493942786
10.402940381915,-4.37805408969857,49.319160408062
3.89610101565449,-6.81057036322776,41.2623499754611
-0.289147984012858,-6.59999528235171,35.6107726978237
-2.75897868239866,-6.66684442277561,31.673445178185
-4.4880253626817,-7.73384269999293,28.9500626320583
-6.19295698424746,-9.90952421596764,27.5388766415849
-8.30012563628194,-13.0514461809303,28.0010999066453
-10.8976802237665,-16.3756135373352,31.1881626554988
-13.4660538851532,-17.7998563833937,37.2827106979164
-14.7142110817452,-14.9337181015621,43.7944295853433
-13.5446130124791,-8.87888808406631,46.3540886874292
-10.5596521080294,-3.91485834039635,44.0868509152864
-7.42880017780903,-1.90495256675155,39.7184060389627
-5.21259083214513,-1.90892319468455,35.2815652023895
-4.08966638157979,-2.83036205911712,31.3701787595855
-3.88339466470543,-4.26319446854237,28.098854969297
-4.4407553287643,-6.28916225066231,25.6029586585028
-5.75539897170845,-9.20853466627209,24.2391422236195
-7.93895194902423,-13.246083445474,24.804010538028
-11.0144430531648,-17.8318862803675,28.6682224039762
-14.3572252239047,-20.2550772041343,36.7306942702987
-16.1054628988386,-16.4622122870368,45.8330934483724
-14.4609148595881,-7.90755180932584,49.0471703813204
-10.3733026972894,-1.52714906299887,45.5165231276799
-6.33316504643698,0.577984676625261,39.9316570822032
-3.60104957057223,0.460790628438212,34.8069174612854
-2.15042876754846,-0.261308241831546,30.4440145572045
-1.5774162202665,-1.06630653602536,26.6984619322985
-1.56359859480524,-1.97579596261867,23.4743911051944
-1.97561087713191,-3.22557256599211,20.7556717065484
-2.85492299651136,-5.19130171668887,18.633962421855
-4.41010957745686,-8.42145940898364,17.4519188602061
-7.01353602839862,-13.5652592708443,18.1928631533516
-11.0418727399971,-20.5188367036429,23.1693544156595
-16.0111364953312,-25.3702540252809,35.3284534073921
-18.8537235433885,-19.2752806626635,50.4170931057148
-15.914645391346,-4.68414484885477,54.1889535850476
-9.36215001294467,3.91625598301574,47.3603557028187
-3.64398915295682,5.61486354082498,39.9814962274951
-0.0460230233192101,5.35519292853259,34.5627885228698
2.06803089734033,5.42276477293799,30.5278746374621
3.56681170083322,6.42195898789714,27.5041573100715
5.10185836193152,8.53550102771051,25.58310880138
7.12207439739817,11.8585921069576,25.3002017488524
9.86860656318452,16.0556197952911,27.7241493904574
13.0822282117582,19.311730087793,33.9667217785533
15.454813128999,17.9729666667965,42.670965287326
15.0826486636309,11.0136596120619,48.0699981180289
11.855218065031,3.83826848575763,46.6807318745281
7.86371555858505,0.506548380113708,41.7343469691176
4.81413026447343,0.0585023524613499,36.5661180194284
3.06447701896904,0.70847433548445,32.0592931734319
2.33563777810897,1.66655685245615,28.1999441114156
2.31445317491236,2.85010921537418,24.9189375156746
2.85542692307609,4.49974866597943,22.2454404521295
4.00529708166778,7.03614982076155,20.3834401595179
5.98618367017365,10.9945024461184,19.9302201637694
9.11204973632396,16.6429001937959,22.3274936418548
13.3640032842914,22.3767469861132,30.0063214743326
17.2056086566753,22.2435735846778,43.0351129363767
17.2499999660344,11.9807146414028,52.2517848657283
12.6385377537506,0.926316549201841,50.0980125510152
6.90510490587449,-3.41254376051217,43.1251192200416
2.70196422392836,-3.79806264972533,36.9369661605162
0.225781693585829,-3.43367370785063,32.1003109206989
-1.20688040885608,-3.50026464197431,28.183612277288
-2.25517129757255,-4.31221334562737,24.9843084848377
-3.40213993580562,-6.06027282278055,22.54794975408
-5.03926983040324,-9.05709631396184,21.2152072400483
-7.5415439344743,-13.6305505516773,21.8960608916214
-11.1391540284597,-19.290022390763,26.4253793659626
-15.2309612881262,-22.5953084278485,36.4874002999886
-17.378232501411,-17.5404607708962,48.1215234723418
-15.0729103891195,-6.33280684101463,51.4287423853605
-9.85215472226681,1.01776422697252,46.3440735301296
-5.05042928890767,2.91061703348831,39.8113592852284
-1.94078072930121,2.68689893925935,34.3940537075599
-0.209903274433862,2.30946072378733,29.9861923104461
0.776377110165326,2.36775786579217,26.2790393835815
1.51807964155593,3.0075067372581,23.1439382282199
2.36864966762135,4.38092844556188,20.5883337670458
3.6368952974784,6.8169630698563,18.7970652182612
5.68483192753169,10.8458547887742,18.3607703693339
8.9329459249112,16.8402344576318,20.8007894602241
13.4716329173876,23.2580959792994,28.9196341866014
17.7212044778772,23.432364224233,43.2755188699653
17.8209874733095,12.0009687317179,53.5457246594645
12.7182385686304,-0.167066516836709,50.9025323213246
6.4808556462375,-4.61378161874241,43.3261681141086
1.99352650779073,-4.91400955810687,36.9991329421129
-0.654698913675229,-4.63618228996836,32.262503274553
-2.26970624017,-4.99556112682775,28.5779827562175
-3.588746193213,-6.31347428660878,25.7865335238892
-5.14550074574231,-8.7807018672719,24.1024220719537
-7.33778358595469,-12.5563128223207,24.2029274028051
-10.3801601837417,-17.2321401767055,27.4029316993624
-13.8814410757761,-20.461493828292,34.9616207320534
-16.1613742724774,-17.8495973151099,44.6807770269917
-15.1036463143391,-9.34674375456703,49.3885513994431
-11.1373132495604,-2.03618447753408,46.5832199177925
-6.84103018367519,0.71787014909129,40.9382927047707
-3.79799024532106,0.820910884542117,35.61367605227
-2.11202113940935,0.16864131201342,31.0964447736098
-1.36822720624429,-0.547595844110624,27.2283678457361
-1.19719301570445,-1.27145084777924,23.8821543491919
-1.40923079837219,-2.17652759494406,21.0039113838681
-1.98235402443031,-3.54965662916293,18.6057732761222
-3.04451813050018,-5.82182389401208,16.8271010131616
-4.88620175343556,-9.63178898122323,16.1445475463391
-7.95925845243998,-15.6558101978072,17.9113136599998
-12.5957159620142,-23.174577779647,25.1347198586349
-17.6918879047477,-25.9555953959438,40.2821412230476
-19.065386423331,-15.0836086218461,54.2562669921392
-14.1210468437117,-0.158817056649358,53.3054452318116
-7.05481179882194,5.88399017046787,45.023869349026
-1.76440971599696,6.45200703798661,38.1749311716176
1.40252237928626,6.19554548149081,33.4053212736495
3.35799108568787,6.6754701433992,29.971963651062
4.95790055354427,8.23067821139526,27.6826700381761
6.78044341067166,10.9071177508165,26.8514105131153
9.14181609389031,14.4470414812729,28.2414091627394
11.9564037665523,17.6301990271477,32.7610762405635
14.3673501338051,17.7620012129607,39.9154817262484
14.8352937328335,13.0350412184385,45.8232830328635
12.7015803224211,6.48194548233291,46.428584676733
9.27493160939397,2.40840084279417,42.802095157243
6.26112488814766,1.29051804844374,38.0624655620285
4.36824800990178,1.72870349274574,33.6573139282301
3.5448087343574,2.80503783428335,29.8586543313525
3.55998252359046,4.31730403795365,26.7096108795688
4.28895196306729,6.46397699136522,24.3513216089043
5.77665592297047,9.61275899471864,23.1888913597738
8.18358471494983,14.0064367382325,24.1470385857133
11.5356970191341,18.8947660274483,28.8152598496808
15.0464431703073,20.9372260519616,38.030546399048
16.5122722831758,15.7465355597488,47.5033145901069
14.1854353479322,6.27702859046099,49.6289304156358
9.6083833170574,0.214649845814984,45.0671401043302
5.46559695198044,-1.4001121265244,39.1648847292576
2.79785875709717,-1.11403087969687,34.0262945038411
1.39288958834623,-0.486557466086143,29.7014842338319
0.76947786201508,0.0366305273328585,25.982724163611
0.57268790732344,0.459440557550014,22.7467971543317
0.620262067613335,0.90748460448103,19.9259547685418
0.859751974205845,1.54535726565745,17.4803774962576
1.33596512830324,2.60197022223784,15.403262470192
2.1932940729105,4.44894579456706,13.7672884282297
3.7160936474257,7.71297118308267,12.8775826756144
6.38898589044165,13.3086925558133,13.7291887602412
10.81927310494,21.6536209272622,19.071613782336
16.7835831057083,28.5971112277853,33.5234936556132
20.5468962981837,21.4222167292251,53.0795603864064
16.8224917650169,2.4461261614617,57.287506515401
8.65151724404116,-7.42024104698312,48.2781660633677
1.90618315189943,-8.76299274231739,40.3155988898934
-2.21475061434283,-8.42113339862371,35.432264217554
-4.69433270637178,-8.75185709223012,32.4343155243451
-6.54531568345069,-10.09217946512,30.8749251557623
-8.37281302267199,-12.1989849945298,30.9247074893729
-10.3597897971894,-14.3879525292572,32.9453548147245
-12.2205059246827,-15.3771672177852,36.8385269973734
-13.2318486264567,-13.8698517694763,41.1545275331556
-12.7426980233214,-10.2123197487383,43.4541841905995
-10.9349223975189,-6.57970365492095,42.6546736941902
-8.73629689350288,-4.59105109690241,39.8280379110546
-6.99009692286013,-4.25988798483149,36.4282330660796
-6.04963109520396,-5.01698017746473,33.2575376895167
-5.93889784593583,-6.50506317925332,30.6931218610112
-6.5972492102177,-8.65208357396624,29.0623289854802
-7.98110143555997,-11.4388480709669,28.8514830410794
-9.9974510081258,-14.4904951429565,30.7367430180601
-12.2675044027883,-16.541549941303,35.12672256627
-13.8759409976513,-15.6196381683376,40.8567163852435
-13.7256854502073,-11.3261393600688,44.6735205676606
-11.697750849677,-6.42108882529089,44.3665544644072
-8.93098561573945,-3.56479110857775,41.1473491554157
-6.61994571040776,-2.89308719210097,37.1231642278141
-5.25525408368905,-3.50764910724499,33.3421718933957
-4.83186454915978,-4.84037295173823,30.1400266167242
-5.23067909014924,-6.80184488968016,27.7270971000463
-6.40473553409444,-9.54367019344444,26.473059949774
-8.37858272540328,-13.1194296871469,27.0863314032892
-11.0596934506074,-16.8468332367186,30.5941631209271
-13.804542511334,-18.4646906932424,37.324520238295
-15.1209363402785,-15.2193149599769,44.4952722446047
-13.752074594964,-8.46770265626233,47.1047012711694
-10.437011193215,-3.17374704178576,44.4122022750868
-7.06254382252965,-1.18925988856329,39.6715520160208
-4.72517231640954,-1.26073951744202,35.0207259306662
-3.53779390249113,-2.16039436482649,30.9620546240095
-3.26172036098295,-3.46869369148199,27.5318219685665
-3.70800835443235,-5.28047493549871,24.7959293646323
-4.85822733556081,-7.93733981170147,23.0107337157389
-6.8541559764135,-11.8284028964238,22.8324540669074
-9.86329706805505,-16.869217760746,25.6207367975424
-13.6076981897265,-21.0490852300117,33.0792739292493
-16.4674274994633,-19.4532150006388,43.8764891494206
-15.8864375517358,-10.5277323729059,50.2329191338221
-11.8023024128174,-1.95723434254014,47.8778950843885
-7.04880532806811,1.45659091299484,41.8864044922487
-3.58915001605258,1.73206565053596,36.2426142667466
-1.60585665105103,1.18906535132661,31.5445289567547
-0.613759414165741,0.718150845972539,27.5599277111659
-0.147237120644636,0.482977841322817,24.109902818899
0.0877561523820221,0.449021319053067,21.0999731356706
0.252739418793687,0.581377763878662,18.4703000384069
0.442746057904768,0.899786769056991,16.1766554731241
0.738796490679353,1.50107897081213,14.1900987179918
1.25093152491214,2.59763345930191,12.5127079482546
2.16757819808574,4.59702634203034,11.2338269601768
3.82738448804056,8.22778999453216,10.716950607661
6.80253791131531,14.5651591238654,12.1821318723983
11.7846563505926,23.9239293138522,19.0714342584051
18.2577882262316,30.3106184527424,36.6609750016162
21.24487404507,18.7244014699216,56.9909917949369
15.6566346755415,-1.74607594501951,57.1775215426504
6.71488678677523,-9.64560999976374,46.7800871752156
0.0872671946127475,-10.1082668240373,39.4976189650491
-3.82871928635553,-9.73881011113756,35.528718377793
-6.2154770263703,-10.1661150502865,33.4702630708952
-8.00599813790759,-11.3612034070769,32.8940161943448
-9.63901470597941,-12.8128334164379,33.8134848839954
-11.1124206429601,-13.7089839827522,36.1099543248493
-12.0823098702793,-13.209759517313,39.0258689086599
-12.1329549017875,-11.1807227067501,41.1608508690211
-11.2023359558418,-8.59373937158214,41.4378175181241
-9.73227440936097,-6.67898112863876,39.9637143377015
-8.33565013771826,-5.94253764184129,37.590363138549
-7.42966020609479,-6.24631854781807,35.1024396135949
-7.17100289802141,-7.31867715258136,33.0042862984216
-7.56597039913681,-8.97915991066306,31.6708442313027
-8.55569273911333,-11.0583082908363,31.4894083303145
-9.99845176316841,-13.1594890755843,32.8438096384136
-11.5599655012816,-14.4379594059842,35.7985028801438
-12.6407156870853,-13.8545494498253,39.4962624495007
-12.616075585428,-11.262844107365,42.1130814069752
-11.3882091136905,-8.05221279064508,42.2931799613837
-9.55480651250365,-5.83214154077556,40.3594593507105
-7.88614764877183,-5.08590952538217,37.4901149257193
-6.84173124663987,-5.49982852498273,34.5898242184908
-6.55008724443618,-6.71410923597658,32.1524765268003
-6.98955986942681,-8.565719905906,30.5347471995315
-8.10477884337297,-10.9578659075923,30.1598310952493
-9.78403604178552,-13.5471078475951,31.5480159693987
-11.701478446566,-15.3669951895346,34.9834787885096
-13.1486873041441,-14.9504345050491,39.6349004611944
-13.2594241297017,-11.8063299658047,43.1350453277271
-11.803563805042,-7.72056672107885,43.4981538013907
-9.54127192359274,-4.93783227125471,41.1584005324904
-7.48073282204436,-4.02241975915886,37.7391327752914
-6.17494723390165,-4.43496192321114,34.3354304171655
-5.73146630920576,-5.67200078999729,31.4259134382186
-6.09120744954179,-7.57222168664768,29.31023726269
-7.20208957804132,-10.1559252478454,28.3915892246114
-9.02097677398022,-13.2850233895453,29.3044363642675
-11.3384411818069,-16.1204044665531,32.7385706324309
-13.4640219493078,-16.7503046227061,38.4314049784592
-14.2041754455066,-13.5877007107196,43.750907810283
-12.8340870302384,-8.25492483071548,45.2856354908472
-10.0921874051106,-4.22365157081434,42.89560395683
-7.38458378303267,-2.69626010782555,38.8766118963692
-5.53920811021078,-2.87497798342404,34.822320798808
-4.69496994674841,-3.93109942387361,31.2633014176072
-4.72721738597063,-5.58576225555438,28.3885698697355
-5.53980687041878,-7.93802760062508,26.4501496378924
-7.144002602307,-11.1820489662453,25.9718698780272
-9.56791067022655,-15.154256836057,27.9005181361817
-12.5336342146527,-18.4439816190771,33.2669935159938
-14.9289376223295,-17.9345250481107,41.2185229167488
-15.0065533643913,-12.1193226124392,46.9764490029101
-12.3299142606439,-5.18166471046151,46.6304837570586
-8.59865825110852,-1.44125497659041,42.3075834315517
-5.55129123494289,-0.673254333726009,37.319893612258
-3.73013111746581,-1.24590624951454,32.8487182084919
-2.96598430925508,-2.29527732327469,29.0135604800198
-2.98495205146315,-3.68682881970216,25.7980912955114
-3.65554793938472,-5.6555799016953,23.2924411890737
-5.03341100694377,-8.61818410731557,21.8213717354681
-7.32499839154812,-12.9838185290211,22.207916334096
-10.7048276979668,-18.4475476031144,26.1163443574848
-14.6832308066619,-22.1190526791929,35.2692368099815
-17.1095953358645,-18.3106637222246,46.7186574090498
-15.4026621247006,-7.76989587813928,51.1468917008275
-10.5316813851082,0.0644238556820747,46.9019629148162
-5.72504149336026,2.43008258394438,40.4878919851172
-2.50365225554977,2.32827108650573,34.9774854375792
-0.706699274707919,1.86125295538726,30.4630281569367
0.256774498841186,1.705150217916,26.6461011953908
0.873342966072563,1.99696459887054,23.3703618375932
1.47005147159072,2.81391002103003,20.5844296965672
2.299093270064,4.36102522201403,18.3279273581327
3.6382822395538,7.06101106585237,16.8242885742601
5.87378128940031,11.5633148924727,16.7778867644528
9.47878593203155,18.2804641093726,20.0445893059264
14.4832094037956,25.0559939490121,29.9861153053756
18.7489596731782,23.4169699072865,46.3032408591281
17.7870015905692,9.20993140925721,55.3407613516524
11.5554088217582,-2.75414408111467,50.3344986638431
5.00951856130308,-6.10275350988866,42.2513137038278
0.612669655936359,-6.05680631218775,36.2319581262512
-1.96910996002338,-5.96013388236386,31.9360616150676
-3.67522190138962,-6.75823222961905,28.8010768730919
-5.2562019663596,-8.66100731535866,26.8150304456392
-7.20795099660061,-11.698692978799,26.4329693617411
-9.77508274899764,-15.4935576329822,28.5690077845623
-12.7239003005928,-18.4202016813702,34.1097262222506
-14.9226780081171,-17.3903732182582,41.8505153628982
-14.73487814639,-11.4212361933096,46.9536143676456
-11.9621195836487,-4.86418670986421,46.1412897863529
-8.33985800891169,-1.51065286308689,41.7790206299862
-5.46452773051994,-0.917276722703754,36.9028172137813
-3.78962228358045,-1.55939058008517,32.5429717694858
-3.13911871322896,-2.67819112767971,28.8109262836552
-3.26422897472193,-4.19089917502472,25.7176020731683
-4.06279290395689,-6.35806966117315,23.3989423235678
-5.61337386112195,-9.59427043254049,22.2684294591649
-8.11718148124094,-14.1981887786868,23.3043394128023
-11.6407977098283,-19.4244132548759,28.2622200266064
-15.368963349518,-21.6270303023266,38.1749730319538
-16.884687477734,-15.8763269080296,48.3166077071128
-14.2854083625678,-5.6414572271037,50.2684501578434
-9.36593528522287,0.585214706394582,45.203527265586
-5.02584162297993,2.09407687860047,39.0523353982827
-2.26786148169801,1.78387486040497,33.8484716014816
-0.786257899271012,1.28117391007155,29.5192094532712
-0.0333959333522501,1.04626249646219,25.8145884013447
0.399708573131125,1.1343117940556,22.6024571443101
0.76722097237345,1.55860703381087,19.8178457934623
1.24502298867332,2.42182150275445,17.4367595355457
2.01157733870764,3.98434882895145,15.5010074262214
3.32516142591254,6.74345197226818,14.2267678102488
5.60041085563143,11.4837429117986,14.3330169010291
9.40289103456112,18.852869385211,17.8591508763671
14.8866126024758,26.6816591724968,28.8865352391752
19.6751435633949,24.8179464268245,47.6006311801692
18.3822214733663,8.09983733971869,57.3295499157023
11.1827769252067,-4.88590901518249,50.8766892682749
4.00270425755333,-7.92776849818032,42.2118561079473
-0.673163265758177,-7.73308905006132,36.4181387036206
-3.43039258143211,-7.76977167539427,32.6615480927819
-5.32617223431635,-8.81913726324012,30.2975186097369
-7.1101797750705,-10.8801968612444,29.385155135473
-9.16023078667312,-13.5830288904442,30.3961606813337
-11.4334919516395,-15.8985103606924,33.8042443166899
-13.3171652993678,-16.0090812886714,39.0523501617424
-13.7894825314274,-12.792372211088,43.5556051485469
-12.3714106329992,-7.99126088166779,44.5341490979514
-9.83507821965328,-4.51955099108102,42.146861649257
-7.41156324313133,-3.26353114413534,38.3829342199916
-5.80246055541734,-3.54141078359272,34.5994860182549
-5.13301305815327,-4.67763421791476,31.3026238856473
-5.3111160580129,-6.45424089083463,28.7319827462768
-6.26693597458527,-8.95090642114561,27.2125480917042
-7.99979726526265,-12.2378632504409,27.3451138722431
-10.4453285886454,-15.8460776417,30.0409946715261
-13.1214573211798,-17.9913393844807,35.8315533487374
-14.7780257763204,-16.0047598484134,42.8436708447779
-14.0634207658385,-10.0632044159125,46.5182577185828
-11.2147233771992,-4.46385326726562,44.939973012171
-7.90964137104206,-1.87997018699362,40.6485166048116
-5.42815708535661,-1.60957146188426,36.070429680098
-4.073347598066,-2.40246917623997,31.9900455200261
-3.67977885560262,-3.70961051086875,28.5346586380551
-4.06118016063612,-5.54314946355514,25.7957201003422
-5.1758506735209,-8.19128834117608,24.0439432211788
-7.12848580612042,-11.9738759720906,23.9323654778193
-10.0282348626413,-16.6994444399816,26.7324509955245
-13.5318066136264,-20.3564464794929,33.8512740998642
-16.0830733629077,-18.5769592723233,43.7180141837122
-15.4407858598207,-10.3789715260953,49.349148771677
-11.6533094932162,-2.56767852361475,47.1807058320498
-7.25381547758358,0.651822867619921,41.5942943043945
-4.02965627984392,0.93042741435921,36.1657998293806
-2.19950395153009,0.315127832642147,31.5571555440227
-1.36090055055631,-0.386677854944299,27.619454181784
-1.12217800414292,-1.0705281748851,24.2124183995745
-1.26762293663214,-1.88622760901168,21.2708031336194
-1.74997342069807,-3.09329834119153,18.7885984148772
-2.66786878929676,-5.07939573801544,16.8598816350555
-4.27474848523028,-8.43534395259828,15.8397980627694
-6.99749648524469,-13.9028643880505,16.7867151038168
-11.2819099812294,-21.4326874381652,22.2976451531906
-16.6088568787281,-26.5657313934803,35.7946162340065
-19.4590586250791,-19.1346177197503,52.1041557755536
-15.8600816664051,-3.07196547785187,55.021536932832
-8.69326348612183,5.38594638324736,47.184242065304
-2.74636004868415,6.72575765655107,39.6924812900669
0.920170323215524,6.43954309127223,34.5153876824337
3.11787690345879,6.70617334061705,30.8549208132985
4.77338250063685,8.02027984678614,28.3682956176019
6.53226998271016,10.4452005453267,27.266445694974
8.76101919113024,13.7744300083072,28.2088855194733
11.4568748539768,17.0066350601498,32.0677522607687
13.9309523960669,17.75892227621,38.6848211035458
14.7676016861368,13.9280152703576,44.8655228637413
13.0926995482426,7.61515782880617,46.3770419260312
9.88279489756855,3.14776141603906,43.374308127195
6.83175814344352,1.64270531204107,38.8175150607602
4.80851504141059,1.90031906544524,34.4186134975714
3.86594010859228,2.92558834895736,30.5917371578923
3.80006109629538,4.42970856197698,27.4168637282411
4.47623406166925,6.56017071215621,25.0431114171177
5.9169484655709,9.6462325732621,23.8713845003575
8.25282962779981,13.8864894667445,24.7891339594906
11.4783118621888,18.5207031994945,29.2664772914511
14.8220667784696,20.4145377361407,37.9893675049419
16.2280115861299,15.5802818488253,46.9417856704075
14.0757553122043,6.67833948740937,49.1202418389299
9.75028540419282,0.790064874619302,44.9089748020959
5.76826232061791,-0.87829318713603,39.2137226215213
3.1797297536245,-0.611281829628318,34.1499691042038
1.83644484876047,0.0992142541382218,29.8545738394828
1.30752132700622,0.823295353589534,26.1597892916263
1.2787606086015,1.60529355748104,22.965648797525
1.61887911030409,2.66332007665704,20.2409428436451
2.35842313704345,4.3327796853628,18.0351953125605
3.68180009427314,7.11938870327275,16.5830627534187
5.94344771275739,11.721243525894,16.6149903957185
9.60843952403087,18.5550363211626,20.0518710357811
14.6769345243999,25.3193455463299,30.3304565364242
18.8923408122553,23.2486904285817,46.8801250865602
17.7041973138627,8.64503155233839,55.5181103927564
11.312034899449,-3.13148546139314,50.1314871300425
4.76359493957745,-6.27260055887887,42.0337228488682
0.409986241557678,-6.18257921591821,36.0903114626657
-2.14731420080164,-6.11966231431685,31.8713087018716
-3.8586591575743,-6.97918848859792,28.8244563010401
-5.46903141364206,-8.94995696267446,26.9624233087634
-7.46132229768603,-12.028324149724,26.7682961983556
-10.0484029174906,-15.7475245235855,29.1577999518443
-12.9301689046174,-18.3517106879865,34.8823735980153
-14.9172106929826,-16.8459241149689,42.4085951941744
-14.4742412656083,-10.7668344998008,46.8961569822636
-11.6167047582667,-4.57464746411748,45.6693730605981
-8.09756231382328,-1.57222010374806,41.2761747912684
-5.38078094620633,-1.13820245197136,36.5010795257705
-3.84113726184713,-1.84724590208343,32.2450393771852
-3.29711061091961,-3.03406445552277,28.6133971698605
-3.52261370676267,-4.6618538608147,25.6430626812197
-4.44132912740806,-7.01106818802667,23.5157611706209
-6.1490900233088,-10.4809312072758,22.7319226645213
-8.82985678358227,-15.2298074195891,24.4035756708677
-12.4232708979515,-20.0568374417501,30.2761097015363
-15.8124275196365,-20.7954772953713,40.5396934141591
-16.491197631233,-13.7031354144618,49.1687548009475
-13.2770915766826,-4.14492354836126,49.251270154117
-8.45156520779285,0.814232872019138,43.7842340887938
-4.52523191127557,1.74995052011977,37.8885431911087
-2.13487790983255,1.30788004535651,32.9216030028767
-0.901314198040823,0.763695053108886,28.7413997565582
-0.325252468135515,0.426835148033335,25.1376933297055
-0.0648690722490533,0.284881498712201,21.9968952869274
0.0677554046863124,0.278936915449866,19.2512023087717
0.169145560785545,0.381527501193018,16.8499816124463
0.296674948255711,0.611379301246663,14.7520051314514
0.503951519377492,1.04348527903719,12.9258280312564
0.869761610354472,1.83828447413673,11.357884564798
1.53417589524973,3.30680413741906,10.0822967476759
2.75711365322216,6.02972110116195,9.28429646138359
5.00962910651806,11.0018920403188,9.64907563586616
9.03065605929469,19.3680511084286,13.4006957868113
15.3006496734204,29.3730666063289,25.9120217703293
21.2439768027405,27.9315756569875,49.2221175745463
19.6175919268122,6.48599040530354,60.9348697265843
10.682990789307,-8.64677186321952,51.9736092584786
2.29921032611473,-11.2462218988945,42.5283995554747
-2.93644660877455,-10.7520527902963,37.5267962343273
-5.96304386852316,-10.6456040307306,35.1368239465791
-7.91678937338596,-11.253251796742,34.3388034720158
-9.42094157136477,-12.1493214493835,34.8330582936386
-10.6351448881954,-12.7068565090889,36.374237789383
-11.411796589925,-12.3607128260375,38.3774735582148
-11.5239168141829,-11.0072761034611,39.9222049579737
-10.9366253656165,-9.20048917802913,40.2665934372912
-9.91919696544918,-7.73296854834804,39.3470985455952
-8.88728477143709,-7.06011828023219,37.6496794226038
-8.1757898270732,-7.21079019504169,35.7601123391651
-7.95154790226647,-8.02889117694605,34.1406923104032
-8.24793565963824,-9.33823841994982,33.1500047249435
-9.01052264448878,-10.9231718504315,33.0994102388431
-10.0911302567958,-12.405327701134,34.20731129928
-11.2009411690662,-13.178028636825,36.3793288383383
-11.9146587684958,-12.6541957332655,38.923455683328
-11.8541751622047,-10.8587666659145,40.6787808901042
-10.9871716532243,-8.65329920558781,40.8251061433811
-9.69440551438958,-7.03884823884037,39.4885056291483
-8.48820053209129,-6.43876551221566,37.3785409378718
-7.72480209611786,-6.76497325655299,35.1760117265405
-7.54747822265548,-7.79858281076314,33.3554116584892
-7.96467752579255,-9.36091365957803,32.2849069247968
-8.90959266508423,-11.2415981903513,32.3194318582834
-10.2180092048078,-13.0067462643464,33.7447142896015
-11.546081584019,-13.8824752208373,36.4690644616873
-12.3580832508974,-13.0945737357336,39.5910190155513
-12.1815747535247,-10.739985170239,41.5830157104886
-11.0265467852756,-8.04570752099574,41.4943757291037
-9.43056919395508,-6.25110429528075,39.6861669535266
-8.02599729797038,-5.71167238549442,37.1219173252039
-7.19014898992061,-6.1940334107957,34.5652053973736
-7.03804921831082,-7.41822343314279,32.4843337592181
-7.55533394189009,-9.22331631555823,31.2486257035328
-8.67493596542453,-11.4373211934842,31.2668704696061
-10.2375856615704,-13.6019304833814,32.9411223173603
-11.8595836943499,-14.7495345785185,36.2703794613275
-12.8709415378222,-13.7891704877785,40.1724300611676
-12.6387020235004,-10.7933364710603,42.6141873959471
-11.1784369437493,-7.45220800101379,42.3741102094505
-9.21432574391586,-5.36403155340163,40.0786276887698
-7.53817846448271,-4.81653904599957,37.0126901333804
-6.56084865071701,-5.39310560356796,34.0343647759031
-6.36592915955519,-6.73736595841074,31.5889735734123
-6.91448336066229,-8.72045523329127,30.0240502621634
-8.15171115116625,-11.2629679838737,29.7892128077813
-9.96256462034444,-13.9823457328352,31.4513210522973
-11.9838996305874,-15.7776003522996,35.2897380847198
-13.4227677602565,-15.0389579133264,40.2737272686752
-13.3587260743424,-11.4267656459667,43.7226909665135
-11.6545242853958,-7.11597302876304,43.6952957744473
-9.22373523778894,-4.4145856902588,40.9783811507773
-7.11850690370582,-3.66782083452573,37.3442953213227
-5.84452300830807,-4.20664319276779,33.8360312687962
-5.4594004065939,-5.52484613619981,30.8701359150014
-5.88385588028922,-7.50074105971663,28.7217458340551
-7.07042233538975,-10.1974592748796,27.8018956699667
-8.99324512619762,-13.5044310303788,28.7936836502165
-11.451954951992,-16.5389209134617,32.4798105680032
-13.7123944835267,-17.1891343124737,38.6223103119414
-14.4644202509467,-13.6797861739006,44.3051887084084
-12.9279418594901,-7.90110386733792,45.7757564263436
-9.963367654176,-3.69885564312596,43.0731535721332
-7.10455064051022,-2.20718993009054,38.7965370476142
-5.18959113481256,-2.43943550558755,34.5818786262095
-4.31367472909141,-3.49674125851245,30.9011184615422
-4.31605110143395,-5.10338897318015,27.8932107087871
-5.08619347336196,-7.38876007309773,25.7677309834741
-6.64568091214204,-10.6163876027258,25.0069543404091
-9.07340769749882,-14.7809803439799,26.5659616566762
-12.2033668454511,-18.6931452623406,31.7187806596009
-15.0184018015805,-19.0583491184501,40.2108130490614
-15.5662392159314,-13.3447029896171,47.2652415991997
-12.9764012236989,-5.51871080737264,47.6919205369573
-8.94476821986241,-1.02029751726066,43.2757792851878
-5.52336363192513,0.0349725793204393,37.9802738982487
-3.40977991581552,-0.426483507793129,33.2632180633446
-2.41936350690591,-1.31858227663423,29.2221208050108
-2.21006863499964,-2.40498381789239,25.7696457206037
-2.57862522183014,-3.8548231296668,22.8968584915492
-3.51427016227447,-6.03882931970239,20.7345864481012
-5.1890847169692,-9.47324865476198,19.7108591101089
-7.91322415896134,-14.6180447423101,20.9318081908306
-11.8765405880761,-20.7981617134221,26.6164337541488
-16.2123988479573,-23.5406677229515,38.4582251569002
-17.8873927252777,-16.212003457641,50.5186365591257
-14.5257049097985,-3.84199609540178,51.915924075978
-8.67788214343598,2.7475389017895,45.5098393005431
-3.82094006547445,3.96747985750368,38.8238911510827
-0.815700070863452,3.64485746826208,33.589125269048
0.897223202728389,3.53498166351418,29.4179524465732
2.03471909642168,4.12521801213666,26.0132885621668
3.14020234928504,5.60644920923342,23.3529635036774
4.62929507447986,8.24626632397274,21.6877391030654
6.88152926206904,12.3849611499244,21.7465032599396
10.1877207503738,17.8511421604461,25.1037051984765
14.2430083652893,22.1575840295995,33.7128366473135
17.1067127824567,19.4965114005023,45.5941858143285
15.9461374981261,9.07699032928531,51.414448589193
11.1946907186639,0.371048089508932,47.8082562599142
6.16247005935517,-2.54993696319015,41.2940081837563
2.68252078618504,-2.59444794048689,35.6073248432937
0.706190587820876,-2.141771984457,30.9858562673842
-0.370351750098366,-2.004886740714,27.1073359486261
-1.07306022724901,-2.36692219093586,23.7992494046127
-1.76477386695949,-3.32882607298632,21.0166598380085
-2.72958855094424,-5.12543101016432,18.8331366484323
-4.27788114301958,-8.21258740808646,17.5641470394572
-6.81812381089945,-13.2002186520161,18.1327072800741
-10.7547171352851,-20.065373989834,22.7459984658254
-15.7077210818458,-25.2498912172444,34.4122772156599
-18.8010179168123,-20.0000021050008,49.6526771182268
-16.2341321750744,-5.53672581512979,54.3289544474775
-9.77945149640199,3.58815417307965,47.8413784768651
-3.9579595462277,5.55467887809233,40.3707112105912
-0.249644561939418,5.32314225344052,34.8412074318515
1.9218945098492,5.33782434869346,30.7263401530656
3.42883797624829,6.25999667186295,27.6239005180149
4.9356819102279,8.28411474371273,25.5947537317183
6.90350923086304,11.5228671137677,25.1363730850242
9.59838086159258,15.7175174438946,27.283796218132
12.8273003420431,19.2234066531016,33.2304383431262
15.3747357551271,18.413894206949,41.9845199457527
15.2844675112984,11.7222003252948,47.964846588176
12.2055780200288,4.25432480343588,47.0697446487107
8.15933948317496,0.570241280683499,42.2146870066293
4.9785155461941,-0.039585459199009,36.9800813034121
3.11283414650956,0.558804563298828,32.3996278740555
2.29949788976955,1.48449394467664,28.4774197790021
2.20982213850097,2.61001744388092,25.1324572464692
2.6764655021456,4.15164921528495,22.3749167702197
3.72441443710446,6.51009890454799,20.3702703823852
5.5576229157035,10.2207585621523,19.6284516075718
8.49928508850292,15.674100630596,21.4308111192957
12.6554133628186,21.7648084161931,28.1685324953263
16.8261254667877,23.1550276680687,40.8675082151036
17.693195303149,14.070765551504,51.732869828564
13.5822420134496,2.11283167472196,51.1469907724878
7.69507631906836,-3.28226707802407,44.2829701875127
3.14207199079471,-4.00809765932671,37.8272656115693
0.403217277921432,-3.65299082351871,32.8122105367801
-1.17324245108719,-3.66028587886776,28.7952130177109
-2.28584316864407,-4.41838809157995,25.5310792638644
-3.45252634159409,-6.11915226071588,23.047811250401
-5.08049330989033,-9.05242234901693,21.6746774999911
-7.54308666266768,-13.5149743853434,22.2925285803958
-11.0607805238053,-19.0126944341921,26.6554561608075
-15.0529779537987,-22.2588150556485,36.3525557408073
-17.1944531875664,-17.5315258336172,47.6596555184511
-15.0542944591594,-6.73113246776968,51.1247902212087
-10.0149042291408,0.585795357048363,46.3398239737486
-5.29821156235117,2.57271919442033,39.9196398353796
-2.21590152427846,2.37329094506606,34.5071676945767
-0.510357643232243,1.93614002043482,30.0715359649388
0.420519743410098,1.85615332161102,26.3181298239216
1.05417574532572,2.25792512465652,23.1051371731911
1.71533629404526,3.24085453829557,20.3980594129913
2.66828524877336,5.05358046995043,18.2725732497227
4.21834928880187,8.1732549407202,17.045625326927
6.78191447404891,13.2443562468072,17.6546721255006
10.7837937152022,20.2813443519468,22.3770809978236
15.850705245016,25.6280859737223,34.3834149391438
19.0008202364198,20.1207224673799,50.0756964506599
16.2892576422052,5.1632731054309,54.6677286016583
9.63806690466193,-4.034194059322,47.8772378909657
3.71516433354276,-5.91833238456064,40.3264715196526
-0.0350872769658189,-5.67316720990261,34.8438387020241
-2.24254193200333,-5.74458911936514,30.8255907035337
-3.80428054524829,-6.77059018387804,27.8699252495555
-5.39100045687426,-8.9198997635719,26.0745637054005
-7.44938565080869,-12.2314118831794,25.9937151978601
-10.1828579609369,-16.2430868148802,28.6666834181057
-13.251545252035,-19.0067534695776,34.9763065114176
-15.3124130082173,-17.131253929878,43.1588642384026
-14.6654330186204,-10.3038798641436,47.6940350587201
-11.4561326057906,-3.76153922269463,45.9578044128637
-7.69174427654397,-0.8453896385572,41.1415984982334
-4.87860013311275,-0.53875061232471,36.1674507107204
-3.30747636713037,-1.26032082028171,31.8091745569398
-2.7235789155285,-2.34158697584427,28.0825430565492
-2.86061332554243,-3.75782548091223,24.9664542682553
-3.6204553140412,-5.7938419360734,22.5636557862889
-5.0936627373924,-8.89703087599563,21.2302516377533
-7.51697075905136,-13.4879253605551,21.8704320476816
-11.0682236434124,-19.1535915742618,26.3013814992809
-15.1513863923076,-22.5627449149598,36.2408159690875
-17.3623739414295,-17.7199598330632,47.9129335695349
-15.153673970206,-6.56418866396096,51.4386519287075
-9.96854380964321,0.90285320733774,46.4673695712509
-5.14689174464415,2.87480347752627,39.9327541959379
-2.00828017807382,2.66850124785585,34.493326682064
-0.259770975723061,2.28071335406349,30.0674236713334
0.730447657744534,2.31709016831126,26.3444985548383
1.46380144795687,2.92444184959349,23.1915903683964
2.29323960254324,4.24850775954607,20.6095755645939
3.52385033658515,6.60833737622308,18.7681906862415
5.5122720289195,10.5308662563902,18.2214913452592
8.68275181808862,16.436713189115,20.4190239969237
13.178791568835,23.0034997530668,28.1363560676986
17.5715945392801,23.8490964118816,42.3633056632484
18.026105962564,12.8929303199578,53.3857225810681
13.1159156669561,0.281294287902107,51.3690803130667
6.7953961571642,-4.59324271610483,43.7862278583933
2.16108703184568,-5.00748993978646,37.3380842170773
-0.589257241211443,-4.71888224573126,32.5316094773728
-2.25535766436164,-5.04388400736677,28.8099769733123
-3.59159134996905,-6.32667083146969,25.9927707933398
-5.14422163049198,-8.75390623587288,24.2821010114514
-7.31554923577761,-12.475889745698,24.3388110276895
-10.3220232468806,-17.0927630666689,27.4469104848535
-13.7879451565102,-20.3246868810228,34.8459926216127
-16.0792415983172,-17.8691136577308,44.4447426296611
-15.1041136276992,-9.54727738420498,49.2409656444346
-11.2236676835202,-2.2458209023099,46.5989335829641
-6.96174516485485,0.574071530682073,41.028212223187
-3.91898548367606,0.711456499465915,35.717966880634
-2.22867354848323,0.053018411227071,31.2000497850343
-1.49131526031766,-0.699591535826803,27.3311182947397
-1.34473790507616,-1.49017192424182,23.9896378692546
-1.60651773777547,-2.50566636562442,21.1302342174813
-2.26719640369683,-4.05987460223161,18.7857327564326
-3.47572798886429,-6.62277820312549,17.1494228986906
-5.54912545148621,-10.8549407780958,16.8360329672117
-8.93516709602192,-17.2723206643778,19.4931902181557
-13.7737223108188,-24.2958946600172,28.3244024640089
-18.3341099104932,-24.3337880042464,44.1331418583275
-18.2356295655471,-11.350869388678,54.9355943584557
-12.4944918781741,1.60279699310974,51.3251382935315
-5.81751580223565,5.83031008752333,43.1979667000572
-1.15450696086184,5.97422502999898,36.8914970237267
1.59387669785371,5.79131653284195,32.3859727704512
3.3480242405924,6.42820509844721,29.063860288424
4.88920471038669,8.1481897112804,26.8398335158574
6.74708017992185,11.0246858695995,26.0941106279433
9.22177850342976,14.8250944768374,27.6855305369859
12.2059054191861,18.2264118351012,32.6571515192528
14.7377446194804,18.1981439870067,40.4542301406708
15.1012001904852,12.8200944212364,46.6349651935381
12.6562362354255,5.77214541437464,46.8680266124977
8.95442833793429,1.68736253620431,42.7773842392685
5.81296216510922,0.706857731188931,37.7885053010463
3.88265156925666,1.20201995982707,33.2648400772332
3.03501227940087,2.22499702903897,29.3770174683616
2.99398034183387,3.58978761088775,26.1095674428834
3.6129395526859,5.5070468658308,23.5423650629372
4.93150805999757,8.38080433971709,21.9775761433929
7.1447733226572,12.6275317281779,22.1886734114194
10.4374892934382,18.0321426509956,25.7668674503028
14.3981287586581,21.968834235415,34.5008930221129
17.0160180100522,18.8303017266694,45.9814441695534
15.6343040847663,8.55468140034585,51.0991498913402
10.9123113524492,0.361494350438469,47.3018492075332
6.05155575560635,-2.30447850437854,40.9149725533376
2.72750311950581,-2.28925389602586,35.334179536613
0.859553918260225,-1.80531605474508,30.7604166594186
-0.131187574745649,-1.59440523404835,26.8962256455352
-0.737437657675592,-1.80581800225357,23.5749968542664
-1.28835261610934,-2.50147896222309,20.7340381776751
-2.02753109929757,-3.85360995324563,18.3898265897173
-3.21155068994605,-6.23881097654372,16.7054577478376
-5.19758820520789,-10.2817718799652,16.2285947798346
-8.46600195585807,-16.588257852199,18.4839339147526
-13.2748926452304,-24.0004925839597,26.6725228376856
-18.1760768067264,-25.3620772032559,42.5207851123757
-18.7401702785893,-12.9667648073781,54.9926559938854
-13.2136287437905,1.11800651281377,52.3448699766934
-6.25573910874865,6.10011980395115,44.0066934099224
-1.27299905578795,6.38592019985208,37.4657475317619
1.67998433643757,6.17752097093339,32.8938272931746
3.54488676756326,6.78222321372526,29.5966524235167
5.1427034300138,8.47650485469331,27.4533799571459
7.01861853356822,11.2874199605121,26.8349481223115
9.45410012948944,14.8916158083611,28.5558703018563
12.2942035370173,17.8957167282247,33.4829243735312
14.5700806439861,17.4832140005194,40.7916853268331
14.7288315678236,12.2614233743082,46.2389108484086
12.3338995354209,5.80252835369346,46.1879646436025
8.86627644023145,2.11215677814082,42.2692245327191
5.95780055768636,1.25230222594917,37.5141198600621
4.1953490607716,1.79715694958182,33.1668932907122
3.4775168284675,2.92029289750757,29.4340736238215
3.57432800625647,4.48203733005332,26.3570201752253
4.37873290184389,6.71152877291098,24.0942050985849
5.95402499851145,9.98582639810674,23.0891932876212
8.46715598386134,14.5088446544271,24.3382981500647
11.9061918594106,19.3485513325824,29.4828564438669
15.3524801290772,20.8453357417077,39.0924142193369
16.4864499912153,14.8810976401926,48.1839182058417
13.7960375361532,5.40001125374015,49.4376830499975
9.13167052433116,-0.168378354502092,44.4979629127344
5.10008012668131,-1.47842780197037,38.6126242887437
2.56716540286369,-1.11290004424145,33.5562662149662
1.2520546543256,-0.498794867049883,29.2969519609597
0.671319655834544,-0.014571313905513,25.6286541420277
0.482923132155133,0.359192547794193,22.4339280020887
0.513024122619269,0.740693856187762,19.6460309201479
0.708678190931312,1.27503051288833,17.2219643630752
1.10402892426091,2.15812239782236,15.1438732244287
1.81977716225232,3.70730502725615,13.4510617209768
3.09907355970936,6.47071939350023,12.3488678657492
5.37406090409748,11.3239516837139,12.5488905432741
9.27633390079139,19.1036314798277,16.1793275294274
15.0759156165547,27.7525906185799,27.8286072044995
20.2928603670434,25.9709750940881,48.2862216442224
18.8530754008694,7.47021559499074,58.7237479169015
10.9881278596598,-6.33426382279096,51.3143493794016
3.34386451873833,-9.21029108292146,42.3005392827075
-1.55005435457989,-8.91441374143225,36.7473330606464
-4.42900049244906,-8.96667599276146,33.4631765281657
-6.40205577422972,-9.99329812835157,31.7065566517429
-8.18222644206144,-11.8015458968642,31.4812111051984
-10.0384633341364,-13.7852148028194,33.05014184473
-11.792215092063,-14.8529246989506,36.3541816702433
-12.8583922247977,-13.8342867819323,40.2647326342002
-12.6360080558658,-10.779242574571,42.7008471731669
-11.1619293189418,-7.39915560083067,42.4261713698707
-9.18075937074256,-5.30222008342677,40.0885743311718
-7.49476550365501,-4.76174976594279,36.9894526640635
-6.51498527985099,-5.34768566178726,33.9871492030625
-6.32205941705876,-6.70050215381422,31.5227272559049
-6.87555838961575,-8.69469524101145,29.9414509672819
-8.12180471770689,-11.2570878542239,29.6950687604066
-9.94880327286528,-14.0099216148962,31.360329982155
-11.9948694288229,-15.8437289265404,35.2340592635848
-13.4591682261771,-15.1148359401313,40.2882790668321
-13.4026158123153,-11.4575590767897,43.798055455129
-11.679330279276,-7.08346488439594,43.7758777616736
-9.21747619884244,-4.34758572174391,41.0259833276308
-7.08622249184588,-3.59334256943571,37.3551085459422
-5.79564571456222,-4.13226190618929,33.8158257474717
-5.40015995217957,-5.44840287027835,30.8206625561521
-5.81701059850161,-7.42053169759213,28.6388187940398
-6.99848310663784,-10.120143737012,27.6767101506194
-8.92386440958719,-13.4547646791427,28.6200069067536
-11.40457714245,-16.5643219949438,32.278503800344
-13.7166318746692,-17.3214052061651,38.476131597877
-14.5310393151692,-13.8480813666873,44.3122588828377
-13.0179414861237,-7.97739728662792,45.9081039896599
-10.0226108496295,-3.66255425867488,43.2191677107636
-7.11224127701839,-2.1136551535674,38.9017070986192
-5.15227805672285,-2.32413064530712,34.6424572447934
-4.24205465222111,-3.36342358502229,30.9197113762525
-4.21439971025012,-4.94087264433321,27.8632602371074
-4.95188996642411,-7.18380692214707,25.6679935339079
-6.47410102663746,-10.3694842107739,24.7944301106891
-8.87110062134273,-14.5440510455048,26.1781181186734
-12.0168895937122,-18.6293490508716,31.1410331682108
-14.9571583482714,-19.3732446733057,39.665565991777
-15.7157980581957,-13.8881458180662,47.1609870915827
-13.2431850200018,-5.83223263028691,48.0090710192008
-9.15808852689819,-1.01686178979196,43.6666423913274
-5.61439797515452,0.188212984112785,38.2953098324788
-3.39253838661338,-0.223063425251466,33.5020042687725
-2.32106403470215,-1.07583311510892,29.3997885875282
-2.04096977950969,-2.08937962614902,25.8857997972101
-2.32599847907121,-3.40664155792583,22.9295601921636
-3.14145146016867,-5.37257552355123,20.6209623916375
-4.63601282585079,-8.4889502880153,19.294831224557
-7.11622283276585,-13.3034777662716,19.8663415459839
-10.8749223133057,-19.6243410749481,24.3660341958825
-15.4306123114457,-24.0034098838188,35.2020684236742
-18.133476255762,-19.0068694028958,48.7700425072476
-15.7747950604155,-6.13763100246853,53.004976675873
-9.93002347658033,2.28166039845469,47.2899282579897
-4.55865223337206,4.30253870728995,40.2201780653081
-1.09603174538164,4.09241604082292,34.6722623107397
0.892473080573058,3.92647190298544,30.3446786645801
2.17479145413014,4.47044561958358,26.8649943025659
3.35793083873851,5.94173825109751,24.1836893980304
4.89363682925561,8.58061389888459,22.557723935343
7.16375227560779,12.6553679448621,22.7273779796592
10.4175742573101,17.8522241051567,26.2091416982145
14.2684724468699,21.5884517130862,34.6447109756388
16.7975854293913,18.5720748944285,45.6619609115628
15.49693152046,8.75603519710545,50.6678582043326
10.9684421101241,0.787483717201826,47.1239033817097
6.25121666219166,-1.90228404793867,40.9167994622335
2.99925013371631,-1.91336943320884,35.3890975736033
1.17990141832371,-1.3810638631693,30.8163269189022
0.255769794469377,-1.03495052886134,26.9322258999001
-0.234356641861489,-0.999168393451329,23.5710557704715
-0.583331835102657,-1.2737401032666,20.6507841367307
-0.977342733192938,-1.91389388189068,18.1307371205337
-1.57639951761911,-3.10304172938357,16.015507066938
-2.58913522688115,-5.22229532221768,14.4164182563572
-4.35000169338348,-8.93560251005109,13.7513055215351
-7.37723441566689,-15.1060724108033,15.3077174738058
-12.1797321719349,-23.5060414975124,22.3116185203069
-17.9304550492478,-27.9861256125095,38.5548872218422
-20.0781255241802,-16.8664172139659,55.4233814575026
-14.9016163145568,0.522220124923638,55.1368867975973
-7.00161862288525,7.51392472899996,45.9497099862236
-1.08034386304732,8.09287826130983,38.81563537301
2.45749360065718,7.82696593453868,34.2949710685933
4.65565097324869,8.38955168419576,31.3896008403821
6.43514903009453,9.99823258018933,29.863401194206
8.33575981321652,12.4278016107103,30.0218913389189
10.5028418325666,14.9648244650342,32.3706557060634
12.580150235972,16.1136257357286,36.8922334495575
13.6872455013532,14.2755049591861,41.876825361649
13.0357130303789,9.93858732981884,44.3542078295307
10.892539361147,5.84306990460481,43.1931811971107
8.39499706329327,3.77833781420323,39.8911412731846
6.4801518567551,3.53298365148432,36.128984693712
5.47206198962976,4.36666867144186,32.6886624127711
5.34171422611032,5.89365994215486,29.8800679514656
6.00373448778571,8.09281917105054,27.9849888935446
7.43116144372871,11.0498560679192,27.4870775682114
9.59244328038834,14.5350573401409,29.1735231516554
12.1880915531089,17.3108985625524,33.7852501205143
14.2652741551822,16.9231309406624,40.4906061119423
14.4217803768695,12.2189439882558,45.5206954175239
12.2559279348618,6.29805820254785,45.6279901585252
9.0585710810537,2.7643017737466,42.0853094965976
6.32436780963828,1.86493689286627,37.5993816721817
4.65215694104838,2.38996847269884,33.4205454820902
3.99857461324175,3.57712273196391,29.8324653342423
4.17792589697427,5.28756310125525,26.9396329350692
5.105643358246,7.72919892733113,24.973777623056
6.83995313699028,11.1966277212514,24.4868530697696
9.47691384451347,15.6176142549288,26.5672410909238
12.7850005486072,19.4748963473055,32.5684114791099
15.5240213650132,18.9795037021184,41.7449520370267
15.579535411805,12.1133353762453,48.3117743952199
12.4345245745686,4.16377626385839,47.5760875689816
8.19665575144423,0.214915625832253,42.557587082096
4.84445997958597,-0.459152153395324,37.162931426926
2.8594263815429,0.101568740931463,32.4815809262084
1.94815864469226,0.931762148595748,28.4803972512025
1.74200525674591,1.8648410322676,25.0418962141666
2.03431640867179,3.0749517004435,22.1297986057532
2.80605021702636,4.90452507314353,19.8127831084407
4.21388790304673,7.85641651965033,18.375699449632
6.58043274991092,12.5447688385018,18.640012347125
10.2740535398609,19.0616884937569,22.5705066281643
15.0376387362673,24.5068509227097,33.0372594021553
18.4155661150024,20.8786384862359,47.8200245116194
16.6255090740238,7.39864919764424,53.9881472293854
10.6220342496392,-2.42727936382962,48.5499335699679
4.7816341901605,-4.98214944444558,41.0905485428486
0.942175256529718,-4.84774333161645,35.3402022326647
-1.28869506140345,-4.71674550570015,30.9931392381724
-2.74776957382477,-5.37808516748216,27.609647231596
-4.10566818671583,-7.06521318337606,25.15850508047
-5.84604698192974,-9.9689839616572,23.992086772752
-8.32132207505877,-14.1436749668917,24.9952312570291
-11.604476338357,-18.683001435745,29.627714062701
-14.9134179573625,-20.3196069380772,38.4402253041215
-16.1800707298267,-15.2051908979539,47.1722481629791
-13.898010982679,-6.35369613621543,48.9912021476162
-9.56351421672483,-0.691136754681622,44.6488671712863
-5.64791318588237,0.846721883893621,38.9783818835718
-3.12929028843572,0.540511039526464,33.9580628534484
-1.83626182936459,-0.181120870788697,29.6955774567484
-1.3426636987352,-0.921610894454806,26.0275126079511
-1.34569741272731,-1.74012519240245,22.859927358011
-1.72590602440804,-2.86708587314511,20.1689847030391
-2.52695166858889,-4.65616054216402,18.020408473129
-3.94992790638242,-7.6374901747722,16.6912096259076
-6.36612347173406,-12.5102831340886,17.0190546850951
-10.2229228860031,-19.5182097617835,21.1279418078484
-15.339750464287,-25.6598940106451,32.4096364139838
-19.0480462935021,-21.7296109095112,48.760717992392
-17.0075815534721,-6.66289124635527,55.2551260154937
-10.388906651048,3.77553741032927,48.952615033261
-4.1355543376459,6.18667897902605,41.1104616950069
-0.0957054700485208,5.99461194929815,35.4310504975101
2.27901113780781,6.01233842677531,31.3463491848983
3.91955388314538,6.9821608540398,28.3845527319363
5.53203340003189,9.07155251334751,26.6131590069476
7.5748220092859,12.2793899533007,26.5633183150571
10.239627607101,16.0960636641528,29.208020072395
13.1744500307354,18.6144640348318,35.2881864302531
15.0931187752373,16.7155110100089,43.0049578138126
14.4384980206845,10.2548879581292,47.2273116220732
11.3835775086872,4.07177201114125,45.5858328439393
7.79922753031511,1.26271151974856,40.9848182174327
5.10887141847639,0.957377233116381,36.1588267605009
3.61547684497087,1.70442755378675,31.897701310321
3.10231065908426,2.87790298168824,28.2634359263056
3.33558238901373,4.46844005498379,25.2772366971255
4.24203586411553,6.77180070277609,23.1053857187946
5.9263745275664,10.2114143093904,22.2258593444772
8.59559479538582,15.0146966682843,23.7367222607979
12.2457147773192,20.116944876889,29.4707319948285
15.831137204587,21.3406113960657,39.9573182153469
16.7633085116505,14.3495109207713,49.2948766523169
13.5966101119224,4.2837655097011,49.7909488413793
8.60423933365564,-1.07179651305211,44.2329024475556
4.48611191310651,-2.12335339136078,38.1812588365939
1.95640856670771,-1.7179917991137,33.129896251298
0.61814687877372,-1.24770912615008,28.9101572108906
-0.0676591600826272,-1.07146599825323,25.2886522378295
-0.484519844993586,-1.22482730319383,22.1475142974533
-0.871269923217752,-1.73361245691248,19.4296917475386
-1.40287750769981,-2.72845236729158,17.1217121800883
-2.27154432894358,-4.51394146551958,15.2916185868863
-3.76538245052127,-7.64995472162942,14.2305608018532
-6.33973077600399,-12.9576127897,14.8667855179079
-10.5490469312802,-20.7992631324713,19.6969143885917
-16.2072258836714,-27.5355721553336,32.8857388998292
-20.0268531418221,-21.7919872908638,51.3706533209699
-17.006480132947,-4.16354501389779,56.7168620653318
-9.37597573448961,6.11830225077117,48.6579999694689
-2.75523052794802,7.87340427318739,40.6226031401915
1.36676098365133,7.57402901702541,35.3786622571948
3.82868711926939,7.81521612611707,31.9332966054301
5.63757422376817,9.10730505184043,29.8303849926113
7.45949369967541,11.3799484752794,29.2495769361001
9.59466663403495,14.1738294413774,30.7285996900818
11.896547475119,16.2704489973473,34.6724795494938
13.6196484743399,15.7456202722828,40.1572948778805
13.7216738576906,11.8952008266837,44.211270795099
11.947387492327,7.056301443047,44.3983308001173
9.28956383737556,3.98229889785817,41.5120284503582
6.95351809805007,3.09767042778074,37.6086453353928
5.50945360029455,3.59020394686686,33.849658221387
5.00316423547454,4.8549644029977,30.6358084692226
5.32747300045209,6.75391017266505,28.1924223478864
6.42661336537923,9.40547313480946,26.8768517713654
8.31129378127006,12.8542778620194,27.3569713466937
10.88895498679,16.4752071104303,30.5970729026113
13.5644250084221,18.1867209103058,36.9468494972568
14.9450992470914,15.3468001800996,43.926530818692
13.7826805196403,8.95606340521951,46.7874629101792
10.6583675468554,3.66523944285254,44.4618779489385
7.35933200675843,1.53536086074873,39.9149464569973
5.0190393141432,1.51524891356747,35.3331705039057
3.8111921657517,2.40157696452678,31.3066607183428
3.52944093743994,3.74888734633703,27.9119353846141
3.99500767520014,5.63182905266594,25.2394291058339
5.18847611120243,8.37218431739623,23.5777961632779
7.23727889531807,12.303134063633,23.627740635698
10.258469677342,17.1804413166081,26.7519572777784
13.8569698598941,20.754338063253,34.3890257624287
16.3261221742652,18.3865187306546,44.5665652576006
15.37363827425,9.61561602149349,49.7707278087023
11.3110428428324,1.88182653019219,47.0091539029435
6.8403898596432,-1.04871439999667,41.206316151447
3.65775727647035,-1.19008710059252,35.7675596720448
1.87399527037247,-0.580820564905183,31.1877276709041
1.04153441611341,0.0282955275754855,27.2757934465623
0.754422840015269,0.544181452559027,23.882430357285
0.783309249081029,1.08481928804677,20.929748065579
1.05142141309579,1.83611466904671,18.3787156186307
1.59980618219479,3.05976270122794,16.2341283139177
2.58572530213019,5.17083099057922,14.6049271484043
4.31948807893414,8.83981695634798,13.8989493202641
7.30452487636116,14.9276200336138,15.3708119406593
12.0472911127594,23.2558114804962,22.171008759243
17.7758803031249,27.9149209038195,38.109097734115
20.0590890474965,17.26747835977,55.0798431745425
15.0691815646175,-0.114456601303963,55.237413966135
7.21070346528477,-7.33966950161158,46.1419082144464
1.25372187905387,-8.00016486613904,38.9356104177299
-2.31554433559964,-7.72604041431341,34.3389342719468
-4.52364084165853,-8.25902505768487,31.3579973442093
-6.2985136990415,-9.84635580965321,29.7420115841316
-8.19445308243482,-12.290516704343,29.7919614286423
-10.3792510635141,-14.9179155883237,32.040118161007
-12.5228988229343,-16.2461745852716,36.5564030937616
-13.7425452507442,-14.5670845414805,41.7206639166068
-13.1845695628637,-10.1989990332082,44.4652622826932
-11.0490349717008,-5.92575920387963,43.4488851379424
-8.48734520072936,-3.70805795964981,40.1435903261209
-6.48970780044344,-3.3835577850892,36.3187938415065
-5.40953224523981,-4.17482683846276,32.8022354972624
-5.22004896986636,-5.6620364568251,29.9048957675448
-5.82902281864691,-7.81491245451116,27.8923377873737
-7.20781868316753,-10.7401904131855,27.2257855633003
-9.34161976154849,-14.2769693368503,28.6868341435111
-11.978963988497,-17.2984698465525,33.1067215481694
-14.2213420839157,-17.3284619398985,39.9117498185685
-14.6129142085205,-12.827919842827,45.438506864254
-12.5695625114161,-6.6596931409763,45.9984039780677
-9.313951275016,-2.78006765664533,42.5635899705689
-6.43941709506416,-1.68887050804194,38.0043950116387
-4.63318212909004,-2.13120213468941,33.7229315937102
-3.87217239474228,-3.25502239935985,30.0297480535883
-3.9561659234021,-4.87285168862191,27.0095359525702
-4.78024240709212,-7.17821776227586,24.8536773527775
-6.39292992178022,-10.4957665811573,24.0458599348943
-8.9173595099562,-14.8991735225266,25.5994049471102
-12.2391910375836,-19.2214202700322,30.9858380246602
-15.3183194290171,-19.8409285450632,40.1831110012403
-15.981951658182,-13.6622315931577,47.9899462447508
-13.1843437843076,-5.0817446436528,48.4232569007638
-8.82052313365835,-0.29064133181801,43.6090893603514
-5.1579609729125,0.764125246179215,38.0334812557319
-2.90127098103281,0.317129980895196,33.1740498360001
-1.79391774919605,-0.438357999570268,29.0365525873719
-1.42686424702263,-1.22664311281553,25.4719878141372
-1.53819733394395,-2.15858457432948,22.4069468127911
-2.04971736153528,-3.50447325617656,19.843781564724
-3.04880978283732,-5.67420764011615,17.9069972025133
-4.78836527687888,-9.26278759499754,17.0264128457938
-7.67893494524818,-14.9094811160592,18.4090150307365
-12.049728689822,-22.0972525528809,24.7461391298538
-17.024760645499,-25.5454516690925,38.5900970921232
-18.8965919545106,-16.5283417825554,52.7589934402902
-14.7247373577721,-1.90426411597987,53.4645623967618
-7.93487969084548,4.93595734593845,45.7442121785348
-2.57713288012533,5.86267861901488,38.7256760901015
0.67847453915082,5.57196801959014,33.6832829713777
2.63440295605035,5.8533674519773,29.9421644325851
4.14051774943016,7.14569922126213,27.238117715251
5.80409664797109,9.58662190661285,25.7788416376032
8.02192836604753,13.1629709042979,26.2416328838417
10.9112868466925,17.1667718149884,29.7549461518076
13.9252415557579,19.1653219541771,36.8893033779802
15.4828284161694,15.8724999350972,44.8315596398938
14.1029547735399,8.48787929571189,47.8642483555601
10.5331697872673,2.67185381350322,44.9866379556873
6.88305822408038,0.538695031526284,39.9322741719509
4.3556026346327,0.589169098516059,35.0642408100438
3.03749238399636,1.4189387176121,30.8478540160604
2.63242744738482,2.54810449231353,27.2511052697765
2.90178055970583,4.04485931251875,24.2674746418751
3.78901567352082,6.23921887969364,22.0323705041423
5.42326974108689,9.60284416370319,20.9742978319491
8.06280812742854,14.5091655192273,22.152081959016
11.8287867709441,20.2080070798822,27.5666986225512
15.8518300013866,22.5716813793088,38.519337970493
17.3863873593063,15.8960543269794,49.5412655042658
14.3445219381627,4.60119797182243,51.0738418677602
8.94535245120071,-1.73329051494631,45.2736950517166
4.36201530627034,-3.05002325680958,38.8381999212325
1.50113121877244,-2.71788712047782,33.6081236328384
-0.0816422894662343,-2.41423410223982,29.3382999404692
-1.02191082006282,-2.60824303302291,25.7452184719028
-1.79939620112767,-3.4352589993002,22.7311991532556
-2.76269755437841,-5.08523112534241,20.3445812113741
-4.23699324185618,-7.94079630838789,18.8613070841486
-6.60816627205448,-12.5320573802479,19.0876621022368
-10.2547229288959,-18.8914802693228,22.9308756402346
-14.9199933759102,-24.1709567640627,33.1223062856321
-18.2293847664503,-20.7019984290911,47.4823434894888
-16.542297742841,-7.67530013815386,53.635516498205
-10.7208957093974,2.01990255950531,48.4738628145617
-4.98842926007501,4.64075715232774,41.1276604837514
-1.19464918980309,4.52891535766864,35.3624279276158
1.00193859670599,4.34985630279593,30.9521120609383
2.40860238446444,4.9047860776747,27.466260779272
3.68148636392231,6.43330265065223,24.8439201990895
5.30030004878957,9.15089636901947,23.3711837031373
7.64165153736442,13.2338085044151,23.8369890524758
10.8873406261852,18.1334191440861,27.7250573168688
14.497056307417,21.0018314358135,36.2367090204082
16.4995996067528,17.1469251726545,46.2289833816889
14.8150761539512,7.82553086669081,49.8680844118118
10.4217028342846,0.90144321833512,46.0523422406863
6.08698063472667,-1.30187020931462,40.1386797093123
3.16703093218278,-1.19024437384744,34.8468169298981
1.58360324500746,-0.565877142985813,30.4001716804776
0.86062270213049,-0.0109420341879984,26.5891593847852
0.614833206127808,0.43590990274577,23.2770602260061
0.639080170457628,0.893606070159479,20.3904094518104
0.865303399041547,1.52749153276676,17.8869695342922
1.32871552209505,2.5643994801382,15.7576141886907
2.16571329990103,4.36702710713445,14.0697963165063
3.65034656304911,7.54383968851987,13.1124715882531
6.25265517708998,12.9891857908807,13.8292776761262
10.5734644551185,21.1721772344102,18.8390963856225
16.4660263168263,28.3256096952755,32.6930298602973
20.4381306075069,22.0972739619721,52.2217456784175
17.1198715153801,3.3582709457131,57.3937605760328
9.07500613163311,-7.04467789541167,48.7065601203264
2.24878517697047,-8.62406961485906,40.5998502077591
-1.95748136590301,-8.28914548603808,35.5617599585747
-4.47635738277437,-8.57134450296971,32.42988220792
-6.33325515359692,-9.87534313000962,30.7259565690044
-8.16030335302297,-12.0012030864538,30.6108924716449
-10.175638029069,-14.3161116218962,32.4836130548484
-12.1302190384659,-15.5516659494819,36.3607046329673
-13.2989313372427,-14.2713396959759,40.9093171105
-12.9477279789505,-10.5983363348325,43.5788665207256
-11.1652085350148,-6.73451658432105,43.0104262099073
-8.88571102055285,-4.51894466842829,40.2062234096776
-7.02157003740025,-4.05675314697441,36.7244116505445
-5.97264299238935,-4.74300515124465,33.4385669303173
-5.7724184275508,-6.17511134590841,30.7356016295319
-6.35486581907282,-8.26941323074139,28.9252965763723
-7.67777053171895,-11.0402881224789,28.4720628025323
-9.67456175376808,-14.2060115685913,30.0667777272302
-12.0271498483247,-16.6140244995817,34.2663627656585
-13.8666655587489,-16.1903686399695,40.2067257324134
-13.9996110263337,-12.0693616781801,44.6553396825234
-12.0969315544429,-6.83414916886562,44.868176706463
-9.24263126445254,-3.56076441690481,41.7684577936379
-6.75005362831875,-2.64741951333047,37.648697513992
-5.21044997856982,-3.14528834385508,33.7224097972302
-4.64290668758905,-4.38619289839318,30.3562477405192
-4.91340196937584,-6.22992373895381,27.733259747299
-5.95759232474885,-8.83306752423822,26.1686105605908
-7.80803797285106,-12.3412898159392,26.3036114361085
-10.4451394708369,-16.3227296069734,29.1898808768607
-13.3899154155568,-18.8080126870979,35.5771487978181
-15.2424071092213,-16.6068220344979,43.4571955218042
-14.4156191547932,-9.85185157887116,47.4739987583588
-11.2045679233306,-3.68054745644894,45.5162545598984
-7.5679262631441,-1.01782771974575,40.7609309145244
-4.89463555363141,-0.805222612649256,35.897220800461
-3.43223692492988,-1.57462986128648,31.6309308082161
-2.93700006762356,-2.72909155646232,27.9917465744787
-3.16843112055873,-4.27781489195075,24.9876165359198
-4.05410476851991,-6.52566442389878,22.7691505048877
-5.70383613875274,-9.91388727393495,21.7881016133041
-8.34287884850097,-14.7337299345639,23.1144776852583
-12.0222541823008,-20.0744898991648,28.6375546109577
-15.7873282601765,-21.831196685124,39.2327441649085
-17.0077872693283,-15.091577497486,49.2784735062582
-13.9516768226444,-4.56077654083145,50.3144961162968
-8.82141918726614,1.24690356676837,44.7278015966353
-4.51010525516056,2.44795943780711,38.5258018880815
-1.83435293746654,2.08061337458611,33.3877709176054
-0.391150336925547,1.66652906262812,29.1296205594554
0.394248096318643,1.61715566121157,25.4966712261188
0.943543069732843,2.00848863593814,22.3715559824505
1.53892347225885,2.93104079884433,19.7214271899482
2.41669139340544,4.62831374404825,17.6054663256865
3.86329134633899,7.57526148304394,16.2938674385307
6.29036635942994,12.4632896089009,16.6199211508443
10.176185345248,19.5715809122413,20.7313021266017
15.3737666397392,25.9143342779296,32.1482690807355
19.1887586016303,22.0118800388843,48.8890930186398
17.13150345791,6.58137082098218,55.5665280248245
10.3773640598872,-4.06285913137144,49.0987016106809
4.01375976980842,-6.47118165279979,41.1626216060031
-0.0869993862975054,-6.26965170512908,35.4987500465706
-2.50249764210769,-6.31329426070427,31.481574581183
-4.18388700417209,-7.3342168901729,28.6283456852952
-5.84245737964555,-9.47463585523935,27.0234444883688
-7.92297177965043,-12.6705644852747,27.2183315837263
-10.5696966447376,-16.2797775478809,30.1432257438359
-13.345985505132,-18.2819142083797,36.2852903968675
-14.9439243013384,-15.8650978631868,43.4694302822524
-14.0165648214527,-9.53869837803886,46.8623098232285
-10.9694220864633,-3.94361193843201,44.869459779288
-7.59431514820856,-1.54052641196536,40.3608448622208
-5.13267120682189,-1.39294236717559,35.7157107625201
-3.81896381839319,-2.22254586373484,31.6150719234778
-3.45281387004425,-3.51569675779168,28.1420394625722
-3.83986357495373,-5.31294204514978,25.3687274450709
-4.94286966275234,-7.92503280956109,23.5470405538487
-6.88120690500209,-11.7140870329604,23.3103106189378
-9.80032431234087,-16.5858543138897,25.9484514599755
-13.4252383567638,-20.6392057858893,33.0533579628198
-16.2279427223445,-19.2708078135234,43.4022294378267
-15.7818601869955,-10.8666153807605,49.7448173374026
-11.9289031722391,-2.49073718049249,47.7569709351609
-7.31782839831477,1.01981280344399,41.997994278667
-3.90509145682109,1.37051840549806,36.4165326502042
-1.94161045666469,0.804061344031302,31.7220494180027
-0.990435726050776,0.218130803918958,27.7279759476656
-0.614852306381322,-0.234463864458303,24.2669284906679
-0.550818433342074,-0.639470252283858,21.2492603677416
-0.686571540293982,-1.14030207001464,18.6219982500738
-1.018463243135,-1.92083333380051,16.3575500036753
-1.6341263021887,-3.2589007336073,14.4739988702301
-2.7329283750633,-5.62322811449158,13.1142781311023
-4.68164636871768,-9.78280582178676,12.7958065053389
-8.05520808216756,-16.6572216999149,15.1118496737817
-13.3286812006415,-25.4993511865618,23.919814729549
-19.1150782831471,-28.0225721103896,42.478666914994
-19.9548676438814,-13.1849237248797,57.6827234252659
-13.3819563073936,3.51997065301543,53.9190158384056
-5.34212001100115,8.63506965850428,44.3903852298795
0.221811274379559,8.69170789145057,37.9154852074825
3.49578237312754,8.5278107616006,33.9957296891145
5.60670088926817,9.30056854098401,31.6735247600806
7.39838671165454,11.0094650044447,30.8191967887754
9.28652555360189,13.2239359574386,31.7289982341456
11.2500834565106,14.9957971611577,34.6378264978991
12.7896444366692,14.9194534068219,38.9066796020628
13.1407914380851,12.2873525398811,42.4832619430752
11.9847635540773,8.43639594870577,43.3160150652507
9.91385665468874,5.52726363125462,41.4266626598614
7.88862241817907,4.37888383221345,38.2514133668915
6.52180986920477,4.61105637169777,34.9448351834435
5.98357877006719,5.72401630922124,32.0610546598302
6.24069675057695,7.50990954120268,29.9254456512541
7.23884318549779,9.94924212803408,28.9253058432739
8.92470728794543,12.902227985722,29.6411179590211
11.1000230907663,15.6236780525584,32.6998719460949
13.1461763879196,16.4170187575143,37.918005588408
13.9806894900221,13.7564019433249,43.0344502495725
12.8665609691065,8.84810525960694,44.8634919329783
10.364259848531,4.85331161531636,42.9172487232084
7.76578518939388,3.17097579445436,39.1816036883929
5.92763831823589,3.22224251845413,35.2667083474941
5.05329222148651,4.2223453738092,31.7904348440516
5.05518990196194,5.86126180065481,28.9911471867449
5.84369487963065,8.19256878246549,27.1439982046588
7.41353019176169,11.3505252536535,26.7741699850146
9.75426703433266,15.0906222114865,28.7692882863906
12.5404018822997,17.9846602840479,33.9683390695063
14.6834081249003,17.2170540208663,41.3209569547062
14.6266674924908,11.7379490169923,46.4131153784029
12.0835704989024,5.41127731041323,45.9592626525358
8.61778736051322,1.9821446873475,41.8987631763926
5.79318993746516,1.27816846885312,37.160028331668
4.12107164864971,1.88657750197654,32.8630752313644
3.4752906401838,3.04506064314199,29.1832306956308
3.63115978107335,4.65295719204943,26.166740189545
4.49535195287509,6.95746197572451,23.9897797238799
6.14305427606892,10.3356689595625,23.1317632687029
8.73978253632401,14.9418340091555,24.6481687454117
12.228292332347,19.6645518928024,30.1937531577434
15.5686854834412,20.6088567630308,40.0296332340291
16.3826953933436,14.0535470832965,48.6240734838903
13.4159811509724,4.72582561113855,49.1338563687046
8.73796377018191,-0.379414597684408,43.9617448490524
4.8376028359463,-1.44982887461469,38.1348865399178
2.43510835536947,-1.0259385227858,33.1610042227921
1.20703143012028,-0.410454995625039,28.9615780329622
0.678696614166594,0.0755401476761269,25.3391106143735
0.526631475408428,0.470870238452536,22.1834745593454
0.59332688807854,0.904214424531397,19.4319442313641
0.840788609870454,1.53711721562409,17.0465679642298
1.3217472750552,2.5977446058904,15.021706334464
2.18613411393029,4.46213125096442,13.4319397183648
3.72494501671016,7.76905477410911,12.5889036144018
6.43342953947678,13.4530287333816,13.5128283335736
10.9302711647492,21.9259551282792,19.0324967649503
16.9641341290169,28.8403409629608,33.860808627262
20.6561362059498,21.1590365933715,53.5860636524887
16.7042460016617,1.91831184126587,57.3329907842082
8.41633842669583,-7.72759884947308,48.1002165286165
1.67451270815559,-8.94650643573067,40.1999604650513
-2.42397170993396,-8.5978517355241,35.4240853829579
-4.89543918973351,-8.95051909094018,32.5417151984925
-6.74733235343052,-10.293751633453,31.1129982025165
-8.56530850095506,-12.3440927836203,31.3007035584526
-10.5040087304506,-14.3770526897239,33.4139046318247
-12.2541955655098,-15.130072918922,37.242820968081
-13.1157155285925,-13.4685972759405,41.2739542313618
-12.5266242207835,-9.90794961526822,43.2343715760494
-10.7366884290289,-6.52740638719546,42.2788008864211
-8.64228279413074,-4.74220065853378,39.4862010706891
-7.01740754737098,-4.51558028452898,36.1986123402726
-6.17902726155053,-5.32629405678489,33.1612078022334
-6.14819262926296,-6.85662244689138,30.7498328764562
-6.87009908404443,-9.03558394033697,29.3102243211317
-8.29566528252426,-11.7991709402139,29.3421295736173
-10.2998381533649,-14.6772832692039,31.48208254539
-12.4463020906734,-16.3304727144264,35.9592972745295
-13.8023493965673,-14.973000793026,41.3494989242676
-13.402589212751,-10.6524469002285,44.519182934738
-11.3148993424377,-6.14661702376629,43.7931292079833
-8.68027468229771,-3.68390950891469,40.5398723790481
-6.56441092258746,-3.22036571252282,36.6517896674493
-5.37390587012812,-3.93818296402947,33.0405930150696
-5.09222036954886,-5.3627610481709,30.0291022783366
-5.61824426020591,-7.44116964065912,27.8632832592279
-6.91728185868743,-10.298144768529,26.9703363073768
-8.99089015090591,-13.8574019620891,28.1077211789167
-11.6495066599227,-17.1589445025586,32.1937398781982
-14.0863088385664,-17.7783705174298,39.0030417530681
-14.8150899655694,-13.6949381910474,45.149422997346
-13.0013083094081,-7.28716008439031,46.4174097514774
-9.71597363968312,-2.91768197010054,43.2247672818392
-6.66552570949894,-1.5248170783769,38.6040095460628
-4.67497923896104,-1.83844030209162,34.1974876919645
-3.76497077334432,-2.88038970522424,30.3754268080552
-3.72164856349796,-4.38656504512395,27.2050160565636
-4.41210368868614,-6.51999725914147,24.8318688020576
-5.86503368486266,-9.62226642010655,23.6568966371267
-8.22027239230361,-13.9075019365776,24.5771696105958
-11.4834799109968,-18.6244455520939,29.0990915506673
-14.8827658962081,-20.5839882988614,37.9646898140252
-16.3195109867361,-15.6646838951813,47.0951239100686
-14.1252869107829,-6.58404967827425,49.2897778315681
-9.72309926006352,-0.620967955248856,44.9818889864884
-5.68533853392923,1.04269551086298,39.218868346748
-3.06614365543087,0.772596171768684,34.1264040242645
-1.69970230320862,0.0876866932717806,29.8171813901011
-1.13917360235915,-0.574406952184019,26.1100452071879
-1.05694140153054,-1.24493120629083,22.8960180429712
-1.30550915332554,-2.11410444520018,20.1289654996526
-1.89023612093044,-3.46796175477581,17.8218797080193
-2.95587801490099,-5.74130231487639,16.1123059225654
-4.80782531028241,-9.59371251744924,15.4778444802837
-7.92098715259271,-15.7504664442055,17.2999639621389
-12.6620691152029,-23.5295202190983,24.7205208641172
-17.9134284778437,-26.4330057230924,40.4291592159715
-19.2892097882106,-15.0064391152275,54.8505008101797
-14.100519444117,0.409084239421588,53.58048711635
-6.81856773324586,6.41544082396029,45.0171164705749
-1.43138417382662,6.90651850246409,38.1674938651435
1.7841780458352,6.66624552161373,33.5123602452142
3.78941252354448,7.22099444978873,30.2550749129641
5.45355537428604,8.86471577972431,28.2199340199968
7.33986099554159,11.5650042135793,27.7545836481362
9.706797018332,14.8946584842979,29.5998392545516
12.3505632282627,17.4157938742384,34.397023764736
14.3205342462087,16.622738865328,41.0599892560218
14.2731887065646,11.6772764628688,45.6808394768013
11.9758723355164,5.91352414496172,45.3701163649226
8.79858453381484,2.65852990321682,41.685002821903
6.16534860401897,1.9287812980694,37.2229351499003
4.59878605670097,2.52946903012932,33.1073434346767
4.0316347508056,3.76617422124097,29.5902584779792
4.28527213481044,5.54134066225913,26.7851197011981
5.289825786929,8.07766093541895,24.9502064400234
7.11196175561721,11.6512638016962,24.6850015208534
9.83037593517167,16.0884584899124,27.1295264436236
13.133335524456,19.6331572838564,33.5473623286386
15.6502953240564,18.4160687061537,42.6998597829674
15.3216421341159,11.1474046107123,48.4883506476291
11.9635902741519,3.58413011259345,47.0643577146029
7.79327058529053,0.117307605090003,41.9188523650774
4.61516765652415,-0.340475716365347,36.6146029204584
2.78278273654062,0.282371239180868,32.0293754066686
1.9794591950455,1.14518429659548,28.1056539523592
1.85667320573875,2.14044183945,24.7402174547132
2.23605195281897,3.47353298688315,21.9157124651305
3.12738497100073,5.51765407970143,19.7365458382398
4.71747871580575,8.80564588785817,18.5736402315573
7.34823234982973,13.9087934642135,19.4450604962108
11.3202477335915,20.5107212720313,24.5997561320333
16.0119880850082,24.5419671883338,36.4772285310435
18.4115007585915,18.116974463052,50.2585663854462
15.3915243635978,4.57742820934189,53.1939107420388
9.19881898732958,-3.23902925556296,46.6778585021079
3.85039561454404,-4.80540317458739,39.5986794397647
0.49136707030368,-4.53245278039534,34.216177223711
-1.45797105708988,-4.50780938241236,30.0674226657064
-2.79794850246984,-5.30914475923887,26.8087144808046
-4.13992234641864,-7.14446452506572,24.4692160859805
-5.93546557361725,-10.2316513998615,23.452880483791
-8.52618578233974,-14.6301996426361,24.7347991832538
-11.9551077780699,-19.2933417656244,29.8943546019565
-15.3108419866274,-20.5639323473413,39.3449465326213
-16.3361497444622,-14.5889282515969,48.0802849605419
-13.6443046067217,-5.37866465658087,49.1524210487744
-9.07922038561865,-0.00715576167284442,44.2825065757925
-5.15106805121515,1.25162679503245,38.4907235914596
-2.69061452241474,0.869542959418738,33.4852964708868
-1.43049433312545,0.212384615297505,29.2532292309423
-0.910435654743446,-0.366901850461863,25.6052687569453
-0.811879170593544,-0.914419953605808,22.4339469504821
-0.989841039409468,-1.59711906044831,19.6854072794376
-1.43624148937497,-2.65080274314383,17.3468100046889
-2.26198915360796,-4.43216815045468,15.4835167173111
-3.71789211710321,-7.51614675221276,14.3754666359847
-6.23835071838238,-12.7233935650911,14.9152353879791
-10.3708338532367,-20.4598720762171,19.513038815755
-15.9811774152525,-27.3435797379745,32.295196290993
-19.9435942100708,-22.2467608575799,50.7472703730343
-17.2100504158235,-4.81993600068711,56.7638196056879
-9.67809984801251,5.84026662241104,48.9743365515089
-2.99896585641019,7.78490338737002,40.8537565509705
1.18986161026346,7.49793082787099,35.5083959874565
3.68364556938181,7.69964068107709,31.9789351713096
5.49459560272965,8.94836882466734,29.7842222564525
7.30448643238471,11.1999393821332,29.0861035309359
9.43582322399272,14.0360543522234,30.4256316632216
11.7751386885769,16.2887599760612,34.2707972011549
13.6029960943733,15.9967060167128,39.8337453848106
13.8402046446268,12.2487772731579,44.1719809108142
12.1353027554341,7.27410698209628,44.6184342798562
9.4454254469088,4.00084068459401,41.808168710845
7.02604675991724,2.99178983675068,37.867536336073
5.49749869531539,3.42301203749229,34.0402708883951
4.92067747099178,4.64326560126942,30.7471859631906
5.18324336573546,6.48902528514237,28.2029586583833
6.22195075831523,9.08047595516899,26.7410264378686
8.05150599795394,12.5046517307907,27.0012640334119
10.6124310785219,16.2473928670595,29.9641104414072
13.3812156066543,18.3476911894128,36.1695814772092
15.001501594848,15.9642422825592,43.4672331938208
14.0792639665325,9.5740587275767,46.9484787215765
11.0032363788673,3.89938418084864,44.9567048151079
7.58886702496708,1.46276304664658,40.4115273219571
5.09689744447461,1.30785938068377,35.7348178691174
3.7624406470789,2.12992215895731,31.6100075800747
3.37855292426828,3.40441442221129,28.1122630286927
3.7444710810549,5.1685597316178,25.3042825304583
4.81866594083797,7.73442381617456,23.4234242699355
6.72092682571318,11.480109528421,23.0788996877843
9.6116288675659,16.3732309283124,25.5399335021868
13.2646121934269,20.642230035521,32.4718209762196
16.2162673124421,19.6721283051833,42.9490682986715
15.9722764529394,11.368999722189,49.7941835743883
12.1799459178794,2.67694063435317,48.108849367458
7.48235264668279,-1.08920678687056,42.3326995871875
3.95540867071023,-1.5263641224831,36.672142895243
1.90500544536922,-0.984689288594107,31.9233169939742
0.891185273177404,-0.43084209091847,27.8936587426917
0.457684642026089,-0.0480582051984727,24.4045368981619
0.318743217342046,0.224912934397512,21.3597226177513
0.337124282268369,0.49173497404759,18.698798152567
0.471461491639877,0.86207312351078,16.3772542943139
0.745187383781654,1.47732823785809,14.3656978371634
1.24456495999364,2.56690372618613,12.6651069360597
2.14670087948535,4.53972310115491,11.3615084798074
3.78159670506683,8.11544258934249,10.8072785072108
6.71188381315582,14.3597029333714,12.1862774385827
11.6284814060601,23.6379034728821,18.8525160295095
18.0802702825259,30.2458377764379,36.0902571489176
21.2415318775705,19.2524172156565,56.5936185051721
15.8750185787235,-1.28379325236153,57.3621137140503
6.95323808815347,-9.50727075759939,47.022121818411
0.261191326592919,-10.0606092315792,39.6259249907079
-3.70404295946294,-9.68373682300708,35.5687289509776
-6.11433367310711,-10.094615553901,33.4387083981111
-7.91645466142895,-11.2939236398161,32.7950882010243
-9.56537289534251,-12.7852182539138,33.6598681266268
-11.0721550754176,-13.7571081703537,35.943877516219
-12.0942363282305,-13.3350632299105,38.9205099291288
-12.1960241297502,-11.3240145230337,41.1718857566697
-11.2865148256434,-8.67912298319233,41.548553084437
-9.79885615111414,-6.68023940996937,40.1094732244838
-8.36187789873347,-5.87951772680737,37.7176390980057
-7.4120350821677,-6.14564320402824,35.1841077858425
-7.11582240890522,-7.19700061330639,33.0258732672426
-7.48233540566098,-8.84896914979931,31.6195324273322
-8.45557517520121,-10.941547938041,31.3539043962291
-9.90206082461379,-13.0993313691662,32.6287918954434
-11.5000773521304,-14.4894527274859,35.554928558032
-12.6519236082671,-14.028217852615,39.3328339369811
-12.7025622974201,-11.4698674583839,42.1204202521453
-11.5068233146391,-8.17414026621322,42.4454405442131
-9.64873691301972,-5.8342861992095,40.5582836141354
-7.92433562973737,-5.0027944768286,37.6630444328122
-6.82106609750354,-5.36863771601262,34.7055763878622
-6.4791336245935,-6.55252807368739,32.1947165882052
-6.8780419168673,-8.38280162610078,30.484682681465
-7.96401332200795,-10.774985904557,29.9932791651772
-9.63627925329105,-13.421696150165,31.2520992215252
-11.5919847502878,-15.3953616255697,34.6075196217426
-13.1383550579485,-15.1868919908635,39.3406159199166
-13.3722169196543,-12.1327972836921,43.0982786061943
-11.9808483222187,-7.93020167799282,43.702915696033
-9.69112485249565,-4.9623256722414,41.4458590573205
-7.55171964634111,-3.91976027027164,37.9959412610955
-6.16191096420724,-4.26470844385489,34.5211827008761
-5.64660944944111,-5.45595526580247,31.5233287243378
-5.94514782556982,-7.31098117042609,29.2948075927785
-7.00211428186534,-9.85807289947897,28.2205155272678
-8.78369430166088,-13.0080346267962,28.9241999764876
-11.1155947568081,-16.0152315994006,32.1475923007
-13.3597683924562,-17.0038192744871,37.82161396039
-14.3128850142995,-14.1365356021552,43.496988278161
-13.1090811729986,-8.7095244569231,45.5119264699926
-10.3706319709576,-4.35877797025401,43.3403854608468
-7.55143414145261,-2.59473111953007,39.3044876494628
-5.57338770165929,-2.65954953820971,35.1594652426907
-4.61627165508217,-3.64855619171734,31.4954261490349
-4.55293279200566,-5.22729756997146,28.4952207853403
-5.27199709412874,-7.47718561178486,26.3796443936832
-6.77743372180089,-10.6200422757017,25.6223827449798
-9.12115663803501,-14.6117376973324,27.1282811483502
-12.1154485686779,-18.2895242127175,32.0481976127221
-14.7827575078807,-18.6028838364827,40.0533092276985
-15.3151781258274,-13.2816583970256,46.7201632775364
-12.9050948866354,-5.91181002819236,47.2593530526705
-9.09204593461709,-1.53536180517798,43.1446597708648
-5.80780599481847,-0.439935642321276,38.0388463247001
-3.76478660111505,-0.892100792763154,33.4179741101339
-2.83075824707062,-1.85834182279456,29.4475062998981
-2.70466583416485,-3.11386033605227,26.084595344223
-3.21379167184526,-4.8475308113309,23.3702827542017
-4.37564937189051,-7.45517303521375,21.5327542852046
-6.380177639286,-11.4155966980361,21.2036292469062
-9.48020607780068,-16.8381993413454,23.8126361360681
-13.5340618131464,-21.8835187196447,31.4948611487057
-16.9286702388733,-20.9655907144859,43.5994082417618
-16.6301694638984,-11.1859470573345,51.4199075627078
-12.2105795886425,-1.29843232418807,49.0707092744363
-6.91499498731033,2.57211466689825,42.5230904588224
-3.05570939620577,2.89664165590274,36.5718931108251
-0.806624550355447,2.46117646784212,31.7782282568977
0.431547767842482,2.31116456904617,27.7979455267601
1.2351174549314,2.70260509901487,24.428234246986
2.0124660251872,3.7562323224315,21.6232796859718
3.08063809927235,5.71810643524352,19.483129071123
4.77303011472417,9.04465872283192,18.3945818817536
7.49874574108113,14.2615206796914,19.4290711471724
11.5710651715575,20.9345962554776,24.931971004034
16.2832490149142,24.6500572080777,37.2654995334508
18.4602980034053,17.4858948964864,50.9102052147409
15.1169680618322,3.83244628243719,53.097737594392
8.82561559810809,-3.57763264354193,46.287335625645
3.54511912277291,-4.92986551847763,39.2645308840318
0.265211837865622,-4.63814231421302,33.9728256067891
-1.64794655846457,-4.67309948194556,29.9023458414675
-2.99742730470321,-5.569104019669,26.7313986819107
-4.38860059256294,-7.52786628776486,24.5216999941408
-6.2668106521284,-10.7529628421506,23.7297380069044
-8.95107659567374,-15.2133591744024,25.4007249350593
-12.40028900654,-19.5984130049539,31.074344263599
-15.5349880229597,-20.0200678102555,40.6498812758868
-16.0831339378067,-13.3619409552574,48.4931457404122
-13.0652222740206,-4.55973647565442,48.5559553493829
-8.56215043082165,0.118458916976606,43.4643589677924
-4.86883620564939,1.05288151653689,37.8067763160016
-2.62009653197383,0.583609740156757,32.937879175206
-1.5083582500899,-0.113454142739187,28.8023757387585
-1.10094464985862,-0.773673213401509,25.2326709968198
-1.11961152933415,-1.48861399598775,22.1400765090752
-1.46185417757032,-2.47695285110469,19.4940120310784
-2.17262566921145,-4.06242558363658,17.3346756532367
-3.44075094761578,-6.74259264315825,15.8711843371627
-5.62501526800157,-11.237208397612,15.7774875945057
-9.22208380743945,-18.1019559326617,18.8972081216536
-14.3583633444403,-25.4259774866525,28.8175533134625
-18.9755652330861,-24.435344500912,45.9332407368982
-18.25150706194,-9.67306642988153,56.0691221839327
-11.8057525447027,3.19683560370708,51.0102827476446
-4.92279921953764,6.7726559379124,42.6071809108214
-0.295922091516105,6.72484189460421,36.5308018493759
2.42739054169958,6.65234688286081,32.3458821725898
4.23998800206534,7.52344314728973,29.4271098604945
5.91687902730054,9.49929431736676,27.7756809308218
7.93440154280541,12.4818568023455,27.8736283520302
10.4481457136417,15.8378931189755,30.540278794175
13.0648911544416,17.7310218435035,36.1721288812743
14.6121939239843,15.6522362784094,42.8325780900346
13.8615210890633,9.92373524773893,46.2101710510543
11.1004351306648,4.604202664203,44.6183735407825
7.92795826973063,2.14908742103273,40.4547029862005
5.5531168432328,1.90965649421006,35.9956111828795
4.27175525644775,2.72724178173718,32.0097810784486
3.93892668130447,4.09245793226416,28.6509931858208
4.38905916458578,6.02640296683541,26.0440108433108
5.59207174361986,8.80364381389218,24.5079711086982
7.64394060330816,12.6715193437747,24.7645446983425
10.5915533829659,17.2169475370833,28.1018525835293
13.9321045169712,20.0863790896679,35.5829503189078
15.9769377488471,17.2242114621722,44.7782833211285
14.7968052792274,9.04182510526243,48.9343081800747
10.9398214855793,2.21062987613159,46.0831676100652
6.84187307396549,-0.339490924203165,40.6174968536623
3.95950136276023,-0.393826582539832,35.4289118278243
2.38765540666418,0.31125827038099,30.9939238225916
1.74793193395743,1.15309117111812,27.1918884727203
1.71241986607088,2.11741519955442,23.9262096742396
2.13597094397821,3.43762785266825,21.1851913688938
3.05488456394229,5.49821105875477,19.0760653576691
4.67750914651604,8.85044328890158,17.9789706764405
7.36911477114671,14.0972046638787,18.951561514114
11.4526636474558,20.9158623411601,24.3636289485644
16.2726413435217,24.9736296672782,36.7904339280894
18.6317958729752,17.9594957035731,50.9515081004975
15.3315173779622,3.90694856759326,53.4797584000359
8.90891760046413,-3.81008706621709,46.5663470683509
3.48709320169492,-5.22228337343428,39.4324262658793
0.113549448030533,-4.93828527557936,34.1220446604425
-1.86389548098979,-5.00647574454964,30.0875189101368
-3.27366484655857,-5.9744560390034,26.9969800752904
-4.7369790837319,-8.03639819678021,24.9351331029809
-6.6994708921176,-11.3522704481714,24.4081979335933
-9.44432910365196,-15.745351899596,26.5004717271936
-12.8179917522046,-19.612090007273,32.583548137137
-15.5886512571383,-19.0541390460451,41.8841841766248
-15.6162943695177,-12.0360269572785,48.4747177666071
-12.4050159881898,-4.0063476358605,47.6372614241092
-8.11919205732389,-0.0760580698231108,42.5342113082354
-4.74931393647212,0.570759359253367,37.1071758731102
-2.75895585358998,0.00891250028027303,32.4153188311903
-1.83919773031196,-0.796067606286082,28.407355362757
-1.61245304358741,-1.67739264874438,24.9576767708066
-1.86485179651176,-2.80056506666062,22.020627295327
-2.5676379215065,-4.49052124930772,19.6443603993452
-3.8637392978662,-7.23029652369647,18.063543637898
-6.06516023562443,-11.6523113535694,17.98380216268
-9.57528189149723,-18.0695197734896,21.1837800105947
-14.3461446186024,-24.3028047818397,30.6879702555888
-18.3182871067466,-22.6031704092156,45.8805512570571
-17.4193395913403,-9.48640670929066,54.3526876013808
-11.6170821458704,1.81415604199074,49.9008892883568
-5.41666321811489,5.20284042727837,42.1761067141477
-1.1969195621443,5.21551158643089,36.1446492078743
1.27068346406727,5.03720414781795,31.6724175896454
2.84972204231068,5.63893795042499,28.2445124709629
4.26011094482392,7.27960660998097,25.7918995601744
6.01187443554174,10.1193170076122,24.6549755844975
8.45429457778403,14.1504004590258,25.6890224551742
11.6327794101884,18.4121027900757,30.2381952709714
14.7593819425699,19.7773906433796,38.647243332701
15.8903448189538,14.8355837893108,46.7862027978127
13.6911878360473,6.52171325316823,48.4451137729335
9.57879066273088,1.15256750452206,44.3376774005579
5.85033362764691,-0.349519034168462,38.8764051664723
3.44792763595225,-0.0353201907337042,33.9643957801605
2.24241464271591,0.766842481019157,29.767238551166
1.85547286433495,1.69524398562219,26.164789963419
2.02697044794989,2.85025370211172,23.1004499371623
2.68631889790636,4.53760579616833,20.6180254258309
3.94458364721752,7.22152420502162,18.945775650009
6.08316515400531,11.4960952785624,18.7591700203551
9.46994359291662,17.63803064153,21.7254089491525
14.0517260260748,23.6294224786992,30.6339463765475
17.935428094973,22.3705202741449,45.0200390461863
17.3137818136109,10.2339064082585,53.6198457747519
11.912478961338,-0.901102941293505,49.8835465736994
5.89945429685731,-4.5459857017236,42.405977337725
1.72078504839159,-4.65526854681486,36.3200202873517
-0.720550400401459,-4.39994966571798,31.7078770569554
-2.22762594955972,-4.8096250445054,28.0785537328288
-3.49879237407387,-6.16709629460293,25.308883568007
-5.04175343601495,-8.67649152658439,23.6246892235285
-7.2490773214273,-12.5331765466913,23.7173076559198
-10.3489283145056,-17.3719352483706,26.9579048062296
-13.9627471369019,-20.8054963945149,34.7384749958257
-16.3533710027864,-18.1654845886056,44.8790024739878
-15.2697921520055,-9.28827924163599,49.7934990375281
-11.1477400802061,-1.70605760006044,46.8310561172946
-6.70533229256714,1.08371518986184,41.0079379578252
-3.57514429845871,1.174370241745,35.5988587279995
-1.83216673220974,0.558624700961364,31.0451942174361
-1.02411666117524,-0.046603551601046,27.152760560295
-0.750507270840004,-0.560560824897513,23.7753232775678
-0.787901726789626,-1.10458938004114,20.8366704602621
-1.06394819210979,-1.86637739013662,18.2989071634741
-1.62336229505917,-3.11107318099544,16.1688501421974
-2.62765393622485,-5.26047911957581,14.5609302179299
-4.39304195778528,-8.99449031190405,13.8990275845876
-7.42876402212657,-15.1716241725678,15.4811438149021
-12.2297124626119,-23.5248839143736,22.5323830246721
-17.9391467542462,-27.8564870763007,38.7499257922871
-20.0104572410583,-16.6773087007428,55.3944693679169
-14.8218526378703,0.532997500455453,54.9927434502902
-6.97533419013775,7.42299221041791,45.8584361410462
-1.10378183266241,7.99089271418652,38.7526495559836
2.40402938422263,7.72923437469297,34.2210782821873
4.58564082867048,8.29615290979689,31.2852897604891
6.35789117073532,9.91610172266205,29.7174739137156
8.26278415564757,12.3798440872549,29.8314382649006
10.4541712886557,14.9915819000324,32.1585665905025
12.5830564746036,16.2429731817011,36.7326229951241
13.7537282750922,14.4528063749255,41.8645035056027
13.1331653582542,10.039466033381,44.4865157999765
10.9639533686108,5.81784411433291,43.3623287648014
8.40949658035279,3.67398033705787,40.0177668195898
6.44033574759103,3.39790738070157,36.1956327076208
5.39141333942891,4.21618673656252,32.6966317747689
5.22980328972674,5.72441142120295,29.824578726813
5.86445766555987,7.90135317458055,27.8486112919705
7.26891817704982,10.8522916221511,27.2394287505441
9.42559599586773,14.3965622499188,28.7885000858981
12.067885273725,17.3614701314114,33.3111863336247
14.2709668416127,17.244848231347,40.1461575715496
14.5794593626081,12.6187217472417,45.5434392925568
12.4684657895512,6.48064373426439,45.9270484363076
9.20481433568982,2.70726011261993,42.4139286020694
6.3617845125361,1.68912901270137,37.8521953166233
4.59401355220956,2.16391159517618,33.5894356789654
3.86506721132834,3.30482749626475,29.9183564695918
3.97533610472286,4.94209102689492,26.9241421520961
4.82509323014486,7.27739355220903,24.8052628006985
6.46745608929557,10.6346019497686,24.0597842881658
9.02416475691132,15.0649534956823,25.7226380160997
12.3615223996131,19.3300769421147,31.2622232479463
15.3939551616005,19.7339798938433,40.5282176238018
15.9357470038172,13.351113649636,48.1380294519391
13.0395468956229,4.8353100124409,48.3054487783895
8.67221132766629,0.209519860566814,43.4066530468734
5.05761595419273,-0.757690258231949,37.848468895593
2.84928488859928,-0.286721504824219,33.0179918235661
1.77529525820096,0.472267519263574,28.9033649391623
1.42962579339315,1.26486417065703,25.3577967521316
1.55738978798385,2.21025047563021,22.3109809725352
2.08708060354963,3.58418084450238,19.7690388269571
3.1126121452674,5.80385413646908,17.864927456581
4.89399063368615,9.47182668793947,17.0505003914682
7.84588695757258,15.2133652292365,18.5845299866076
12.2759920712274,22.3903434007038,25.2238939404843
17.20665257551,25.4286212105286,39.3395687400548
18.8273330793053,15.8491712146517,53.1096414931134
14.4315747287586,1.41067684889527,53.1850539494882
7.65319881729027,-5.04012852409484,45.3803936054419
2.40010602292701,-5.83652270860918,38.4606046336002
-0.774192575311971,-5.54923544701738,33.4875650492043
-2.69107333001945,-5.86803945053388,29.7898809963834
-4.19002451768914,-7.2049873590616,27.1263766038785
-5.86773934384599,-9.69466284011514,25.7226724832241
-8.11296540991574,-13.3148384249483,26.2770258886867
-11.028072867378,-17.3135749768737,29.9315825561274
-14.0303279238452,-19.1775194262136,37.1965322225975
-15.5021635859996,-15.6569161274601,45.0827264597719
-14.0067268387942,-8.20306084157999,47.8729090656887
-10.3855510507534,-2.50668418873669,44.8298292282324
-6.75501015523677,-0.487637655418609,39.7443729974574
-4.27000027716316,-0.586867496988437,34.8916220034309
-2.98799009816972,-1.42926583600825,30.6947585627083
-2.60719820808426,-2.56170516636157,27.1154215457207
-2.89298357015711,-4.06490893631263,24.1483832103587
-3.79451067144016,-6.27482526379773,21.9321308741475
-5.4462541849262,-9.66712718524531,20.9025986467358
-8.11035400100047,-14.6130021795081,22.1362469538978
-11.9040498264168,-20.3287090074285,27.6592995119631
-15.9294954436182,-22.5951346279853,38.737302144323
-17.4002398259208,-15.7240152410319,49.7175170303875
-14.270226785511,-4.3944003807917,51.0585723357978
-8.83912224652671,1.84308159650698,45.1698157037921
-4.26899656120802,3.10094921364897,38.7366604361073
-1.42755605324346,2.7607695019193,33.5249824672851
0.146247557817136,2.47431400556558,29.2724116080121
1.09113877460411,2.70064372108073,25.6975957494567
1.88771318002275,3.57782050245749,22.7086804573739
2.88783258589646,5.30561639895749,20.3660324307061
4.42300510287806,8.27716036019492,18.9744662375576
6.88336026636399,13.0082383191041,19.4051499599431
10.6238211733578,19.3975482468845,23.6590976921131
15.2671711181529,24.2089804642,34.3367744606467
18.2449923317368,19.761345192097,48.3918874986169
16.1165313666191,6.65080908734788,53.3924818844892
10.2140241405828,-2.31900964620229,47.7935955821983
4.66081757990612,-4.55291405340733,40.5757489564655
1.0504133440639,-4.3745750817211,34.9455120925405
-1.03327946927345,-4.22145228447682,30.6034195990468
-2.38437089805884,-4.80958481510048,27.1518809743458
-3.63523356847502,-6.36540410662996,24.5475383311028
-5.25201765859664,-9.1157744557273,23.0835653974656
-7.61000847338119,-13.2585110155973,23.5621060689063
-10.8985081274268,-18.260748355116,27.5095264614246
-14.5756840807822,-21.216882064578,36.1997896808607
-16.6186320516346,-17.2606245467218,46.4294882241497
-14.8791274389496,-7.69527201386456,50.0955205443835
-10.3812994400208,-0.668711084942277,46.1400998494909
-5.97284569997141,1.51937452930304,40.1319867583902
-3.01582874914197,1.39598316725298,34.8069428675286
-1.40628235009195,0.800314614430633,30.3508173015618
-0.646253879288543,0.321833544924062,26.5363958607374
-0.335271915811061,0.0144793161745556,23.2202639203117
-0.245504129822058,-0.203921281687761,20.3229835600631
-0.274971131839026,-0.426708022323157,17.7898680655265
-0.398135269170911,-0.747848883888707,15.5782974905742
-0.641549252406128,-1.29135145466913,13.6581103544098
-1.08548936623066,-2.26347036164654,12.0238572341593
-1.89196898893682,-4.03805405867497,10.7387582759663
-3.3652262541485,-7.28838446528735,10.0834129779337
-6.03979434985445,-13.0815248255822,11.0366486106563
-10.6536628554196,-22.1818547427895,16.5437889356911
-17.1782485418326,-30.4708605211298,32.2582643284843
-21.5283287071847,-22.7352900198911,54.6451385931625
-17.31497676683,-0.969887090203736,59.0364519843098
-8.16601121416837,9.52712823912455,48.6982892721887
-0.840194553755472,10.6037767883903,40.6187706637805
3.55497686582092,10.1383162438302,36.3190472104107
6.16121789228651,10.3466191540145,34.1616429226519
7.99314214627885,11.3007745954622,33.5062900913376
9.55640213533581,12.5180838147964,34.2484486957293
10.9104359072115,13.2697425946056,36.2167983146818
11.7940374635818,12.8444714727375,38.7325371840577
11.8744372273033,11.1221458361438,40.6165046398602
11.0985288006319,8.87786762913275,40.9394964663582
9.82662222250724,7.14668008495247,39.717744662825
8.58443519905295,6.42621248822105,37.6354136148346
7.75779593076374,6.66127043973458,35.3974797989779
7.51223969973439,7.63050258407477,33.4991800190641
7.86738329230294,9.15070725369551,32.3145369146866
8.76489120120552,11.0251813191652,32.2011400224241
10.055889099146,12.855069548605,33.4678206202558
11.4197027911545,13.8935016114831,36.0945416295338
12.3307300114624,13.3134242247883,39.2788807443009
12.2797477985756,11.0673317416421,41.497048897975
11.2057502385315,8.30672993478479,41.6514309243193
9.60948565369583,6.35594805151843,39.9749081316317
8.14429296235423,5.67533047872321,37.4292021542353
7.22546658210488,6.0596416225893,34.8234247797091
6.99110552329288,7.2141285613459,32.6510628395958
7.4348701909274,8.96748995642932,31.2828885963502
8.49583622588199,11.1647380095542,31.1228422583768
10.0325821289301,13.3987654678353,32.5926775392496
11.694814501495,14.7533022531139,35.7829461563049
12.8334370767095,14.0762667512606,39.7613417007151
12.767815178092,11.2251915292754,42.5112561816005
11.411280795526,7.78020051866063,42.5894397504053
9.43995649987159,5.48114053125651,40.4460956432464
7.68247825002449,4.76310202748665,37.388891003521
6.602720694032,5.23141125767006,34.3482495135938
6.3106315201326,6.49778880680012,31.8001989245949
6.77180373639036,8.4124447872961,30.0882211397126
7.93308206223591,10.9112193172329,29.644601306332
9.69715812235697,13.6789704965088,31.03888956949
11.7472359091048,15.7136349124775,34.6476820699918
13.3381765351866,15.3771858394664,39.6708670143469
13.505382658162,12.0164374727768,43.5271893306283
11.9591691801864,7.57824735034584,43.9569393558746
9.52758846710226,4.58132514571989,41.4493372053157
7.31705553369743,3.61128673818751,37.8219455742143
5.91364869699284,4.02440923864779,34.239700145712
5.41086357929621,5.25636184674838,31.1652831476662
5.73026398120715,7.14358772765625,28.8672537778834
6.81671551835059,9.74847985035742,27.725126146527
8.65204250338815,13.0243365155136,28.3871206800289
11.0854783045456,16.245628366677,31.6782981185484
13.4783386799645,17.4290725900614,37.6454890801813
14.5467753469304,14.4785941482655,43.7545954411673
13.3114279957045,8.68695471332302,45.9729463251762
10.4160811248915,4.04838832868528,43.6827713727853
7.43343239915758,2.19719391977931,39.4478233602644
5.34308781194118,2.25351705861844,35.1452853942663
4.31292786408816,3.21838968903818,31.3515687381231
4.18687262722068,4.73035406065909,28.2096609670357
4.8336693941575,6.87988102983936,25.8961244786241
6.25661425483414,9.93941444231735,24.8293525836513
8.54546848765565,14.013361716408,25.8786914876562
11.6247720016532,18.224156346568,30.3564332603785
14.6732044396271,19.5749380901549,38.5759599774973
15.7879054689045,14.7991656282208,46.5434579574129
13.6630805279207,6.69571395244448,48.249670319511
9.6469349731404,1.38220985533953,44.2847540453487
5.97714898971898,-0.145142459112137,38.9092297789714
3.60187662438558,0.158547891887852,34.0341782108495
2.416759390415,0.988947240979014,29.858942330968
2.06220202775809,1.9881557608099,26.2819384787157
2.29194860378839,3.26690509354496,23.2631403572129
3.05032926732587,5.15243688335617,20.8778166518538
4.46681299176118,8.13097891155306,19.4271814905702
6.83346964785237,12.7579999674718,19.7469546554918
10.4600438781764,18.9841188638076,23.7385208557078
14.9975275356195,23.8260066546427,33.9126572622327
18.0400292374569,19.9689066167118,47.6503279228758
16.2052148779554,7.36814864975055,53.1165505278957
10.529445926417,-1.7587942867994,47.9842429624602
5.01994068865712,-4.21430059656499,40.8381871514446
1.38637574753045,-4.08358036835214,35.1445574031674
-0.703418694358364,-3.86321055021891,30.7147815760041
-2.01575245117613,-4.31171233161768,27.1486115613528
-3.17375292758571,-5.6594659556293,24.364181443476
-4.63793211127941,-8.13793586339125,22.5755058270912
-6.79610769904796,-12.0362385560685,22.444745339456
-9.93348583010827,-17.1977296908039,25.3934081184303
-13.8009054234857,-21.445942877379,33.2171720750964
-16.6915650890609,-19.5466000187032,44.4159784048966
-15.9432865829462,-10.1032787463029,50.6782438627147
-11.6300872283117,-1.41850460250253,47.9192974776426
-6.76082154893854,1.85670843552752,41.7235116649587
-3.27752618376283,2.05325490127659,36.0443199341037
-1.28786668833687,1.53686701841641,31.3597588682904
-0.26261639441506,1.17938157863492,27.3998493293226
0.28798111620683,1.1526367629379,23.9818239776585
0.684276159572798,1.47101071036023,21.0184424109865
1.1337036413551,2.20197053457158,18.4722561334112
1.81607239499128,3.55231141457788,16.3625110968874
2.96463764772177,5.94252419301101,14.8439578591558
4.94548635369922,10.0746604807846,14.4557197597732
8.2909066267992,16.7143264757476,16.7791345432337
13.3643147734069,24.8674779716529,25.384332530556
18.7097387024539,26.6872764241462,42.6999888285689
19.3462887533625,12.9181336020151,56.4369684577586
13.2387071943391,-2.44195608824777,53.1070219117197
5.728163833003,-7.43287875835694,44.1407710413878
0.461772280015915,-7.58817429443658,37.621907931232
-2.6500494007465,-7.4271768043156,33.364692679564
-4.65594730336885,-8.18501248100455,30.5532526139016
-6.40002122479796,-10.009707594086,29.0956577797027
-8.37097584014402,-12.688497487573,29.3960988805234
-10.68062566615,-15.4667561924033,32.0676209731827
-12.9047702631022,-16.6523788655322,37.123012259253
-14.0282108152259,-14.4321092140578,42.5710881775248
-13.1804464072329,-9.53085332545144,45.0226792250783
-10.750005735673,-5.1694354731504,43.4593665612466
-8.04692349574549,-3.14829598243634,39.7782341458325
-6.045641384982,-3.01464803053938,35.7773889507855
-5.01997016359118,-3.911235751034,32.1767120979405
-4.89235917980638,-5.45252501712037,29.2225704686466
-5.55894615963597,-7.66224951200869,27.1579922364789
-7.00572240592334,-10.7033874285852,26.4524335637888
-9.24884260687642,-14.4672568600804,27.950968324817
-12.0632856478616,-17.7964769864175,32.6360334170939
-14.5049401722978,-17.931814707125,40.0268378430625
-14.9496422275132,-13.0156746208866,46.0776440908681
-12.7193461200156,-6.27665723460304,46.6041216187977
-9.19331362567262,-2.16821680501958,42.831091837832
-6.12354680383508,-1.08201925070333,37.9995411590426
-4.20723604563194,-1.53620974290449,33.5452504877047
-3.36862471064308,-2.59425514535288,29.708409235647
-3.36043260020245,-4.05612310239633,26.5108303930276
-4.04931550933312,-6.12483861307005,24.0709575842252
-5.47861152658466,-9.18449096204929,22.7572046971028
-7.82351822241494,-13.5471802612304,23.4453655753965
-11.1708180771243,-18.6569217221526,27.7479679187592
-14.8629136031588,-21.3799074474604,36.8737581480341
-16.7289077016601,-16.8046123537441,47.1107318301465
-14.6855650097596,-6.96858408071691,50.1881085747204
-10.0278053624637,-0.211443676923069,45.8170063712801
-5.63814759684959,1.72475209969744,39.744646380551
-2.75313841558049,1.52403550292648,34.4596562087746
-1.19351053468539,0.952952697789995,30.0473212060257
-0.442208451077677,0.551212971230287,26.2694821889125
-0.0964858872381776,0.368958458017837,22.9850650593912
0.0785619995844371,0.352682337621473,20.115918135599
0.207174895865052,0.470580089436755,17.6076950770635
0.362728009592309,0.742331746780857,15.4177890065643
0.610917397469056,1.25383151364999,13.5156434893453
1.04501447926291,2.19075899442503,11.894182404802
1.82820346671629,3.9114633753038,10.6111189138908
3.25920015038407,7.07281763866555,9.92943275853021
5.86368648024087,12.7342484118918,10.7753453982835
10.3855141282575,21.7442669881451,15.9753510601293
16.8965299489788,30.4065010562258,31.2019850841501
21.5458689585645,23.6612606977572,53.9314312100728
17.7072201625389,1.72999472418387,59.4382034500276
8.5400867956463,-9.46104752750576,49.1931473671085
1.04081152727318,-10.7258205595995,40.9056783012457
-3.48030135215593,-10.2439011229343,36.5148274228922
-6.14651797336841,-10.3990261535552,34.3321411313558
-7.99219944177522,-11.2932697729977,33.6601672485709
-9.54000226079464,-12.451201765061,34.3629443292007
-10.8645813247991,-13.1632657256708,36.2546896860754
-11.7245984783819,-12.7488794818716,38.672752151663
-11.807835075285,-11.0948469714914,40.4886041189467
-11.0657119551454,-8.93437405702359,40.8119803673444
-9.84135091430291,-7.25459143782305,39.6446991395863
-8.63923326768519,-6.54501384255272,37.6328373112825
-7.83550359042887,-6.76704398743836,35.4593659091429
-7.59605935747602,-7.71169276865822,33.6144073961294
-7.94302586052046,-9.19629162779519,32.4701144216503
-8.81821545039682,-11.0186383900799,32.3759006795758
-10.0714812120896,-12.7805563021737,33.6220909714735
-11.3861627034141,-13.7596659756809,36.1692046233408
-12.2548609558949,-13.1788261397603,39.2291306743632
-12.1957701381912,-11.0133744743471,41.3483885244582
-11.1571740807834,-8.36134349824389,41.4908478450707
-9.61809782761929,-6.47996598442752,39.8728429804086
-8.20391707980405,-5.81976417218071,37.4066976519992
-7.31774446463238,-6.19840134035316,34.8763987296932
-7.09845693191489,-7.33645794679626,32.7726394899696
-7.54257289345095,-9.06111983107191,31.4674346915161
-8.58759690931948,-11.2044303229377,31.3575122948231
-10.0857137169085,-13.3477336137642,32.8384304149856
-11.6835564108725,-14.5942580641898,35.9569104471044
-12.7501848685009,-13.8691400737612,39.769018724064
-12.6488838068437,-11.0985920923928,42.3489832840993
-11.321334216403,-7.80466863876692,42.3698398762862
-9.42102285410399,-5.61668068715754,40.2779704715728
-7.73570493196743,-4.94406506996338,37.3107544452414
-6.70922291070652,-5.42389459368688,34.3618696628372
-6.45155720071649,-6.69227523661785,31.905602176657
-6.932793086441,-8.59963794760621,30.2932351271116
-8.09776133231837,-11.0598245803883,29.9582370234714
-9.83542709456961,-13.719752771437,31.4438206541145
-11.8081307963377,-15.5612173343546,35.0453146460078
-13.2727966955959,-15.0431480066536,39.8665117966207
-13.3301280749556,-11.7032901156036,43.4000181394238
-11.7736938926972,-7.48691056600026,43.6346756729784
-9.4275194535253,-4.70228696501176,41.1363636377651
-7.32996680725301,-3.84001455426033,37.6104540851674
-6.02227184163571,-4.29917299968494,34.1442921364404
-5.59222180853972,-5.56628345631428,31.1922506492562
-5.97073390536353,-7.49377618158309,29.0411008244102
-7.10684717972864,-10.1228506010121,28.0941310923111
-8.96671610320412,-13.3366441492972,29.005802118382
-11.3511788542359,-16.2930598023707,32.5170276687454
-13.5593678684831,-16.9964591600558,38.4110576227419
-14.3431299460865,-13.7289744792678,43.9603975090947
-12.9268262826073,-8.17489925272026,45.5521094146977
-10.0834819995711,-4.00773778548757,43.0569072766553
-7.28675735732239,-2.45542786485446,38.9154548569127
-5.38646284258944,-2.64019925403818,34.7707907314305
-4.50879490734149,-3.68727979203317,31.1372296527725
-4.51216933857491,-5.3097600606314,28.1798467342915
-5.29142764315173,-7.61823039193717,26.1264641459536
-6.86171148713415,-10.8440186340322,25.4751874478492
-9.27861966178354,-14.9148930789144,27.1736677894385
-12.3287992967702,-18.5535721292372,32.3882008672154
-14.9590017708693,-18.5554545502271,40.6127452336144
-15.3125616283261,-12.8357177460185,47.0932874958733
-12.7057031747977,-5.42577439601033,47.2104050532831
-8.82224485217396,-1.25578535526351,42.8677986220599
-5.5704977141209,-0.313458763014151,37.7216604335506
-3.58479909231199,-0.818020606265714,33.1148308565432
-2.69313759509836,-1.78248260600016,29.1620791650204
-2.58677311179603,-3.0145598447568,25.8098591140067
-3.0964383466729,-4.71541877118847,23.0931785877057
-4.24473040566264,-7.28683155410024,21.2292218167315
-6.22873321082132,-11.225044468019,20.8314392383074
-9.32010178677217,-16.6983773684251,23.3197497428541
-13.4245703539727,-21.9792257958412,30.9172518779013
-16.9785227803563,-21.4152028064878,43.2656440195744
-16.8468941657964,-11.5871292808536,51.6185001162384
-12.4145533708526,-1.29965255741572,49.4493939028956
-6.9849606229144,2.78648084563818,42.7953068156493
-3.00130731952555,3.15753336415523,36.7555779111293
-0.666931607777385,2.74365431947515,31.9301738627178
0.637809453244305,2.64989937601584,27.9511088452608
1.51580632598673,3.15677539661757,24.610949231947
2.40064367231251,4.40979352716715,21.8837524564368
3.63615074881371,6.6870568772722,19.928497524399
5.58154818682592,10.4520616171129,19.2743866614082
8.63394746147351,16.0504725549715,21.2717180109295
12.9107458794185,22.2266347924228,28.428779350753
17.1042017865847,23.2416515401719,41.6283670123028
17.7343310508889,13.4292869467616,52.3149001235967
13.3120549630277,1.39403486440228,51.0732468806772
7.31526572556021,-3.69151810164546,43.9661125049356
2.78928888612164,-4.26814901285785,37.5428285292114
0.0877307118647182,-3.92690434414889,32.6074726821487
-1.49182096201265,-4.0359299744617,28.6811326887995
-2.66042753509876,-4.96198080176339,25.540729009348
-3.94268681857721,-6.90528164662352,23.2642159224423
-5.75159272275736,-10.1466515732582,22.2826821235816
-8.43780430993845,-14.8391065100159,23.6487450544819
-12.0777814620346,-19.955081373883,29.1696027742018
-15.7110013412955,-21.4302661880325,39.5101406137481
-16.798100412507,-14.7457611749159,49.0646284116338
-13.7735230833834,-4.6217384987078,49.9234418701863
-8.79643658084309,0.951989404121517,44.4798219362032
-4.62240700724675,2.11331483902053,38.4014594181343
-2.0368048657116,1.72899155155197,33.3122236982975
-0.664305263906985,1.24849963257725,29.0650287299245
0.0363291031991575,1.05464431164317,25.4222642294828
0.45452191159221,1.18667765834687,22.2625187282751
0.832129451583928,1.66569953693846,19.5264047027434
1.34303065368443,2.61271090262577,17.1966453861886
2.17380374206684,4.31688450950146,15.3313291544323
3.60169560733326,7.31668396817065,14.1931141405207
6.06836028346761,12.4248658194148,14.6318659680867
10.1370911307123,20.1244019876896,18.9813899214322
15.7571578069622,27.3284208143648,31.4284105526435
19.95890544264,22.9600862057796,50.1539267092485
17.5251160977503,5.46805127193275,57.048257481196
9.99426311564644,-5.76834404135155,49.4324649329641
3.16303871960093,-7.92351839316145,41.1607786500775
-1.149352319028,-7.64424339810831,35.7372521867243
-3.70983606579026,-7.81228536445334,32.193713769486
-5.54640228983596,-9.02053244250674,30.008490653342
-7.35350801054354,-11.2182232909144,29.32061522637
-9.45667299239557,-13.9746688047489,30.6437269613274
-11.7437572916586,-16.1365184578055,34.4030836683426
-13.5148319740042,-15.819548802607,39.7976429675423
-13.7366207395217,-12.1824434054431,43.9882524664697
-12.0811633590082,-7.36531429587975,44.4286361051607
-9.4685146624116,-4.17149937375515,41.7070059028998
-7.11056756350711,-3.17231574562925,37.8562459699132
-5.61854804414573,-3.59830794768548,34.0979310271045
-5.06373942512669,-4.82382539923569,30.8661519190866
-5.34430480120869,-6.68571469392355,28.3919857614056
-6.40003904101403,-9.28836005719912,27.0238672118734
-8.23682200632213,-12.6800994563052,27.4083314971873
-10.7680151088257,-16.2787684291694,30.4874443635889
-13.43069295423,-18.0964465081562,36.6533384208883
-14.8791651699547,-15.5033574349181,43.6053028461219
-13.8447652508209,-9.26794518815621,46.6752159252447
-10.8109231843404,-3.9170570926146,44.5653063910496
-7.52546718985995,-1.67174654831686,40.1059716814496
-5.1575576545817,-1.5857061422743,35.5396063239155
-3.91745496524688,-2.45113223878711,31.5101157939814
-3.61289552556601,-3.79767562064196,28.1116195544108
-4.06554707966401,-5.68372792178349,25.4396540527063
-5.25123393529012,-8.41994372017,23.7854891827587
-7.28963217071877,-12.3248419678248,23.8478775829202
-10.2858245506513,-17.133636263965,26.9682284083481
-13.8332870562214,-20.6052871966414,34.5230850883075
-16.2440041403526,-18.2219361370509,44.5092261331405
-15.289158668211,-9.60880133731779,49.5900207728014
-11.2906742541855,-2.01408651208358,46.8798126299978
-6.88882205660443,0.886679137982686,41.1564435118554
-3.75044950347249,1.02952422249522,35.7585394046126
-1.99597759042986,0.403843345101395,31.1967496816272
-1.19437972609037,-0.254305955412808,27.2961516408972
-0.954257817736356,-0.863853795284585,23.9157549543207
-1.06202564581142,-1.56671828925362,20.9863652537016
-1.46420433245354,-2.59464295256074,18.4876455494783
-2.24087164125261,-4.2894500118876,16.4740335922895
-3.61350850791946,-7.18772011414655,15.1934199671567
-5.97932083837286,-12.056951345117,15.4352436769294
-9.8581469028961,-19.3671995618104,19.3334919183958
-15.2380676210589,-26.4488681052145,30.7475652578256
-19.5051878165115,-23.28193910971,48.5881156096952
-17.6931853617042,-7.01856558352209,56.4941036048406
-10.6476537816951,4.62715288374458,49.8576916050509
-3.89468834914171,7.24670548323112,41.5843519843272
0.463674575376072,7.03916532159237,35.8925944106247
3.03706454486931,7.10643069992299,32.0298912571086
4.83261754416676,8.18740454202978,29.4504249312251
6.57948295800517,10.3486182281051,28.2486387163242
8.68422544154089,13.352884354236,28.9677624036961
11.1758393630401,16.2866781594704,32.3247930238958
13.4732115965604,17.112237179201,38.1676845089445
14.3671429057462,13.9729444290196,43.8492626227066
13.0359280069433,8.38463123190977,45.646967922976
10.2034876800039,4.08035166382474,43.2512146220034
7.36393256956744,2.4241444463501,39.10697051128
5.40894978984147,2.55835660781789,34.9266391540569
4.48377755161355,3.57600941474243,31.2510311510933
4.4465643709447,5.16564019533354,28.2433758651907
5.18566424539338,7.42874415424571,26.1186865421329
6.71224090727659,10.605577995739,25.3531233752776
9.09010914118636,14.6710001951576,26.8718006980384
12.1426542481558,18.4564470489329,31.8797517841451
14.8787943717478,18.8112776984109,40.0908018540773
15.4290613349949,13.3383282151244,46.9435421106447
12.9502175405279,5.76518256041499,47.4593766518835
9.04258815100921,1.31939695750738,43.2224222170182
5.69385655192167,0.232221104509161,38.0315752547239
3.61520077866171,0.686057899096159,33.3644320311663
2.65337184355798,1.62027826448232,29.3589838075044
2.48937437311534,2.80322329809301,25.9524313985639
2.93690810896889,4.41560588322446,23.1628571155869
4.00170188415686,6.84548443928407,21.1743613240346
5.86864464575768,10.5974722709775,20.5294493690288
8.82344483972597,15.9554442817806,22.5309080710695
12.8815086684099,21.5931183488139,29.422006128827
16.7328717732932,22.2317683704825,41.6455923274519
17.2365342835609,13.1841116434066,51.3300069480295
13.150190205802,2.15042338743723,50.2997357958902
7.57805903062267,-2.73018987880578,43.7094944874423
3.31469987082029,-3.36133575197421,37.4673948052523
0.769293756737432,-2.96678949074956,32.5060440599507
-0.658612106489549,-2.85078575073427,28.4510215310125
-1.60606409529028,-3.35567077596772,25.0672281448924
-2.53879314918696,-4.63745028611154,22.3239964532372
-3.82051980447422,-6.96936629507464,20.3932540365951
-5.81741858018626,-10.7917947537116,19.8356434638008
-8.91066698295842,-16.3646700562056,22.0396738943625
-13.1478056841771,-22.219715351683,29.432732007266
-17.1046731183059,-22.5602368458549,42.398020044341
-17.4008471489156,-12.6104038604586,52.1432444175365
-12.9248959754058,-1.25317211695743,50.4326189741877
-7.1341233560628,3.39331327225553,43.4729305682963
-2.82347622352674,3.87225973607827,37.2031999024034
-0.268695046339802,3.50930481907604,32.314918376245
1.20738861274209,3.56076557197528,28.3701633478268
2.2767563150352,4.36181065122843,25.154356502836
3.43333221204925,6.10353301912,22.7094584598701
5.07359121653562,9.09154583121219,21.3759519071754
7.57147957925542,13.6403240862075,22.0607864360685
11.1500414073631,19.2417047373676,26.5778999450427
15.2019558915986,22.4731795723785,36.5563899165099
17.3129259952426,17.445236834183,48.0390225955284
15.0250761938291,6.37687129953662,51.300650734511
9.85930037745238,-0.901750665434177,46.2794028163895
5.10180780636924,-2.79220816155361,39.7919030162995
2.01799951403245,-2.56871425894329,34.3868238127454
0.306654887372322,-2.17169065666968,29.9759248415642
-0.654756421768588,-2.18454550677419,26.2565519426247
-1.3564778624982,-2.74394793287981,23.0960476903684
-2.14077696946361,-3.98483137840145,20.4863177977825
-3.30124482568359,-6.21229472410456,18.5714425382426
-5.18349862567023,-9.95106891905299,17.8426086070999
-8.21847349932676,-15.7071597458145,19.626295642227
-12.6420720025,-22.5393510874301,26.6463229079899
-17.2931211672718,-24.5971796278979,40.6334438383832
-18.4034275315461,-14.5642861365295,53.0538192123405
-13.8570029574579,-1.10401808241479,52.2720024272081
-7.36205328292713,4.62964768777579,44.6715815361365
-2.42674105356102,5.27761442243023,37.9805897258337
0.535757427762136,4.9810898900581,33.0500763303938
2.31682488416459,5.2634491907952,29.2831710350574
3.70826721595378,6.51516834951509,26.4602821857889
5.28298469352198,8.91092974307434,24.7731714994073
7.44830420753647,12.5601834486411,24.8734758860168
10.4028782106964,17.0036534903122,27.9916357276397
13.7460595567178,19.9720081976531,35.2126215991887
15.886230878486,17.4438246098654,44.3554250770924
14.8842154108454,9.46970027274795,48.8178527849408
11.1422852576829,2.51791973405979,46.253536743162
7.04726443359276,-0.200211048946441,40.8657080526539
4.12025953513481,-0.328125056571815,35.6667609310128
2.50804753322677,0.369658131384231,31.2103844373406
1.84805951546012,1.23380110874559,27.3916654886755
1.81265000285082,2.23684508812207,24.1168589370955
2.25518861603765,3.61410511903531,21.3799219264612
3.21346284973178,5.75846415390895,19.3028377059111
4.89959804723981,9.22481438130638,18.3008817990557
7.6755036954933,14.5758914878403,19.502589432668
11.8174874580945,21.2891192176476,25.3349390363816
16.5146811848927,24.6497649175081,38.0354433784232
18.454924637284,16.8321740772051,51.4249884051527
14.8329369492615,3.19957100874167,52.9148284167247
8.49357426107095,-3.80636174094301,45.9006740136169
3.30032531334821,-4.97764897121463,38.9535012706132
0.103510691283127,-4.6745358087466,33.7429618487374
-1.7693232871097,-4.75615427723383,29.7335933763107
-3.1176317542152,-5.71996813079944,26.6254105948182
-4.53834620064205,-7.76329284306548,24.5043809978902
-6.47026539113404,-11.0812099171503,23.8629800324212
-9.21608891080803,-15.5821457773791,25.7927260965725
-12.6778327847527,-19.7812078571026,31.8004138589738
-15.6681794685791,-19.6605607306665,41.4403301497838
-15.9181982784607,-12.6038884418729,48.7190579651624
-12.7059951884268,-4.06304461083295,48.188582546665
-8.24005515691579,0.212905310668834,42.9706094924066
-4.68231032231484,0.962915534075891,37.3861833318737
-2.55485802280573,0.445726408161803,32.5941580898302
-1.5267757305,-0.269282027869246,28.5153814740776
-1.18021672141992,-0.966342474716486,24.9931963999092
-1.25867723790943,-1.76067768295331,21.9491898205165
-1.68177421508369,-2.89578739352937,19.3668121072337
-2.52058771776365,-4.73544834722764,17.3192660204386
-3.99928618830353,-7.83271962358615,16.1042475050795
-6.5147345317025,-12.9181152854219,16.6252437802844
-10.531595610223,-20.1900993449618,21.1765704497398
-15.792481051265,-26.2123814767734,33.2958315644738
-19.3271782584858,-21.1589228023527,50.0344712839932
-16.7476895934621,-5.37062176278888,55.4884474836649
-9.81424641106794,4.56849959378081,48.4732709604505
-3.57272003023216,6.58517665519363,40.6620779917027
0.383473973831877,6.33973197010235,35.1643254948651
2.72350036074792,6.4551594499812,31.2709080211227
4.39472035567638,7.57623660590247,28.5436455691279
6.08738435155758,9.81691626026314,27.1104082965029
8.22066551355313,13.0667899059824,27.561892164536
10.8902495056259,16.5618609902699,30.8180596504537
13.5710868154857,18.1380153886016,37.1580275854094
14.9039570374846,15.1898314793249,44.0237746060321
13.6961879620198,8.82180869113121,46.7285001443185
10.5744425431261,3.63228697850356,44.3364215123199
7.31209627059813,1.57252713847912,39.7996641794801
5.01201433962149,1.58115114838914,35.245594494743
3.83616937674335,2.48276790051953,31.2459122915877
3.58053335409536,3.85045165125805,27.879851814993
4.07260311301109,5.76686144560255,25.2463707535824
5.2983490546784,8.5541792771409,23.6491444907101
7.3855657830319,12.5285287295842,23.813978210168
10.4356113317516,17.3789270964868,27.1217887867712
14.0028247689493,20.7282987334194,34.922000460674
16.3239940865718,17.9915685820203,44.9487300396164
15.1894480435034,9.16839417620351,49.6962473247376
11.0805672698512,1.7167891516461,46.6933707916305
6.68531031832828,-1.00684567934052,40.9067231639938
3.59777886937288,-1.0795976138744,35.5303817268486
1.88556673378785,-0.451475864822793,30.9960041000449
1.10373940036105,0.180720726121894,27.1169086384451
0.861804087256346,0.747631405767505,23.7523774909685
0.947353107692731,1.38569909841818,20.8314613073359
1.30298066001974,2.30981622481562,18.3267746443226
1.99730770033316,3.83317625691926,16.272833137991
3.231069510467,6.45299579836176,14.8621473168239
5.37595726676266,10.9214374692412,14.7368382825091
8.9660378032195,17.9183125708598,17.7224717134005
14.2292080223934,25.7817853371466,27.6160231765437
19.1994831649813,25.4708630410203,45.5328032118072
18.7220696841219,10.1408678302456,56.8203825281073
12.0499024735304,-3.681155671229,51.6906255278815
4.81635910957364,-7.47857690680252,42.9519047004153
-0.0445893193914039,-7.41832792260214,36.8379978531899
-2.90762090166969,-7.35678278626273,32.7972731845269
-4.81691857265229,-8.26854932986739,30.1304003667214
-6.56345921200911,-10.2461173860086,28.8359895510701
-8.59105587158458,-13.0466133953734,29.3785439526319
-10.9612471487164,-15.8237134296537,32.3922271597774
-13.1687192867257,-16.7430028009035,37.7604033527032
-14.1253693061441,-14.0573077100797,43.1764138381114
-13.0260839875475,-8.91128510659558,45.1967881556879
-10.4329660785402,-4.68629307395558,43.2142337305822
-7.71683356388592,-2.90485606437617,39.3488508609297
-5.78660971770618,-2.92958533772182,35.3111290444402
-4.84840215199795,-3.90767513649153,31.7249085391562
-4.79885155568447,-5.50463051253604,28.8047763275817
-5.53638676467085,-7.78234977263037,26.7960020504476
-7.05918891668927,-10.9214692968077,26.1927250639501
-9.39066209236006,-14.7919516728425,27.888891359569
-12.2839045072406,-18.1219999093014,32.897850308658
-14.7169470568265,-17.9735961506862,40.5805189203258
-14.9982641663199,-12.6196156401884,46.5345923147313
-12.551106180352,-5.74877720248913,46.6564825735993
-8.91324837884081,-1.79731228588262,42.604176823572
-5.8430398612769,-0.863300129946271,37.6829863757474
-3.96652111165397,-1.37739473710763,33.2121549119481
-3.1608217581833,-2.4318398890179,29.3702266713485
-3.16351656658417,-3.85752978672739,26.1579482411534
-3.84087849415616,-5.8737646762816,23.678054152839
-5.24197546906639,-8.88252921887715,22.2753606870332
-7.55856448358779,-13.2490514538429,22.7980227774552
-10.9246632104623,-18.5519084835489,26.8895141253605
-14.7713041249138,-21.7793336835491,36.036591994315
-16.9332524758322,-17.596660755505,46.9171459423021
-15.063565432857,-7.38596864441639,50.6933671691861
-10.2937740921358,-0.0715507164314864,46.3870866873287
-5.68715726165175,2.08845114858056,40.1390736797123
-2.62647312901085,1.94130727911579,34.735043318602
-0.942200465631593,1.42617138422488,30.2648980627888
-0.0790457835965745,1.15442863648764,26.4593401108127
0.409688258159514,1.22293658035204,23.1668525833214
0.807931993346438,1.64936696230152,20.3160248732845
1.30941354968531,2.53418543036626,17.8826332411375
2.10292222517559,4.13773062305894,15.9132990741038
3.45334900028563,6.95808968967777,14.6386384660672
5.77766035667609,11.7671122727105,14.8122283295393
9.62605737024684,19.1303623571562,18.5271405024119
15.0765984884585,26.6277194369129,29.7853770866764
19.6239513271194,24.0966985085164,48.1522078798364
18.0562027816122,7.51290219786979,56.9762324690362
10.9016086667487,-4.82176876658952,50.3799588242535
3.91776566196967,-7.63904114195043,41.8989244956768
-0.606474225965971,-7.43458661945817,36.1645829307844
-3.27685766743545,-7.49212705509844,32.3702745153853
-5.12880398957499,-8.56687750957451,29.9209195635501
-6.9015887258366,-10.6851028165629,28.897287645724
-8.9832924195721,-13.5287664741993,29.8086659835386
-11.3563679294633,-16.1016510074257,33.2339726085353
-13.4101188163545,-16.4724832740874,38.7626500950482
-14.0364533301806,-13.2337035605604,43.7381568653312
-12.6281187178153,-8.0942133111375,45.0027519545789
-9.95760112981242,-4.30190625298635,42.5780161100661
-7.36446620421972,-2.90133463131773,38.6463342375783
-5.61956827423586,-3.12982241033099,34.6946613402503
-4.85163056371732,-4.22323722745644,31.2366621147919
-4.94811196608891,-5.9325271753934,28.4797125008511
-5.82498906110669,-8.35458838441381,26.705875903071
-7.4921093312549,-11.6404049879992,26.4758175086577
-9.94443678364544,-15.504994562263,28.7404474224738
-12.819128772816,-18.3552736331832,34.355024522858
-14.9233926911748,-17.1813525820132,42.0142724542347
-14.6433392193772,-11.1988839743688,46.900906383925
-11.8478137205765,-4.78670273114054,45.9570370941278
-8.26943397682244,-1.55912883276586,41.5995904133857
-5.4541219558846,-1.01958111813906,36.7685174755975
-3.82886353693104,-1.68527908604312,32.4507003775841
-3.21791700847623,-2.83202122906943,28.7585738195497
-3.38209054944215,-4.39346072024424,25.7145670958346
-4.2294015525109,-6.63747226677794,23.4737104461604
-5.84513536516657,-9.972496383517,22.4855498402292
-8.42345557966429,-14.6406308327443,23.7848870034756
-11.9790062069845,-19.7080268309773,29.1297155658764
-15.5687101664444,-21.2936123112845,39.2112518765151
-16.7257971503978,-14.9381043970106,48.7192340125868
-13.8511296658776,-4.97683261661138,49.8362294947568
-8.96831546191829,0.683065672675842,44.5818164904936
-4.81178926657173,1.93062822844957,38.5455234658544
-2.21860086279768,1.5593569104919,33.4482031262902
-0.848878969592172,1.03612811168973,29.1839967186321
-0.176725380159238,0.752149859853815,25.5213893062046
0.176274937351117,0.731363335602337,22.3362530638109
0.433902975677972,0.95350786131711,19.5602489359021
0.735498162731713,1.46139133418469,17.151343877143
1.20421892043632,2.40689412941629,15.0969954521672
2.0077470864521,4.10974564689739,13.453731151555
3.42639702076886,7.15458873283519,12.4799578168533
5.93105234673992,12.4498722036235,13.0433084210327
10.155687335947,20.6385678998669,17.6402531487616
16.1204825492574,28.5057755583443,31.0219448950391
20.5876367330219,23.5449593401451,51.3790125218525
17.7419918495351,4.30116321608945,58.1534450118939
9.56384269642936,-7.20141998528823,49.5323401264854
2.40184454911071,-9.07570456257372,41.1164815664579
-2.04232650652081,-8.72394965564345,36.0065025382905
-4.68473871942506,-8.93614316974559,32.9450721402968
-6.58283498694739,-10.1368679834026,31.3613017978381
-8.3796426069086,-12.0830206802462,31.350685674771
-10.2825344324117,-14.1086140126376,33.2073773416084
-12.0435599937586,-15.029369272431,36.8031992628235
-13.0125472360143,-13.6764738326847,40.8095459759189
-12.5992451118831,-10.3323864365024,43.0207255117905
-10.9490007218835,-6.92401426782353,42.3847035516101
-8.89462737698289,-4.9803834068144,39.7893274391139
-7.23145018697555,-4.60722791759631,36.5747045080066
-6.32203086340811,-5.31609885503405,33.5426792708991
-6.21349753141297,-6.76553006685145,31.0974544334837
-6.85611762625731,-8.85950846297876,29.5822969447633
-8.19845965514572,-11.5329970360824,29.473420826829
-10.1232900051829,-14.3648204148382,31.381824138192
-12.2323607063048,-16.1265781005698,35.5795587372519
-13.6545600679837,-15.0838375262946,40.8423567299159
-13.4265553313055,-11.0616871227899,44.2118195723547
-11.5056015777611,-6.58389009399664,43.8280393175532
-8.93840845789282,-3.97292706911258,40.7977615863365
-6.80307196711093,-3.36965214645951,36.9955359031847
-5.55828850424639,-4.00534761356879,33.4059747922982
-5.21936244831709,-5.37990310025663,30.3921080868438
-5.69178776146552,-7.40768040016558,28.2082262196247
-6.933940890382,-10.1906924209084,27.2697491424817
-8.93794638089936,-13.6504474454987,28.2999239554907
-11.5182295048643,-16.8825386476885,32.1722454782452
-13.911424684478,-17.6025783876039,38.7048413651933
-14.7016202672873,-13.8247348585506,44.7533931653786
-13.0394062152234,-7.64194237191431,46.220559221909
-9.88179207377554,-3.25986089197915,43.270138864824
-6.88102575581982,-1.77566067653505,38.7773846504314
-4.89134032256411,-2.03650865415594,34.4251497588064
-3.97212735512981,-3.07541567227206,30.6369161561094
-3.92957980572581,-4.61135056047352,27.5065859767241
-4.63624642430783,-6.79083590032926,25.1995587502451
-6.11641348380782,-9.92986425663372,24.1411676426753
-8.4897768432433,-14.1759103774742,25.2465736950072
-11.7085532605933,-18.6419546229845,29.9541677671874
-14.9224101347748,-20.0946428521414,38.6955512671751
-16.0740787751342,-14.9148741668735,47.1456246832065
-13.7560798369507,-6.25966021929188,48.7558500913625
-9.48590331575633,-0.790862508134873,44.4303402410264
-5.65797070655002,0.67725265759807,38.835898139215
-3.20685514197823,0.35007737051058,33.8679387236195
-1.96408733448946,-0.403161198682963,29.6396294601702
-1.52060910145195,-1.21198513447702,26.0025474418607
-1.59235000514476,-2.15612980535139,22.8762416599951
-2.08128680776579,-3.49763613484109,20.2595893328907
-3.06033393228592,-5.63987812564768,18.2730101343413
-4.76974202959649,-9.16470514600794,17.333628005026
-7.60638777702453,-14.6974742218469,18.6074686994288
-11.8948547454812,-21.7684758854869,24.6911786872313
-16.8175210911249,-25.3644433131039,38.1274531990529
-18.813513959612,-16.8987606098251,52.2640196601831
-14.8797149529032,-2.45001949550153,53.449216985843
-8.19875337012846,4.60787401046943,45.9449892737017
-2.83532411682872,5.65527369077797,38.8960420932266
0.442206564110373,5.36063865606955,33.7762023811967
2.39570314213875,5.57852239405098,29.9439366981228
3.86835437388452,6.77724248813377,27.1153554062102
5.4719970943296,9.11640662357455,25.4614580682054
7.6221200076286,12.6486654376069,25.6142461649909
10.4947352845967,16.8406394566841,28.7207930566546
13.6629553083823,19.4636073967772,35.6585898524763
15.6069097591027,16.8871426787955,44.173033010395
14.5901530786957,9.40855227855001,48.2211579066577
11.0493824801776,2.91804986647766,45.7891472373817
7.18344539106975,0.326814492400533,40.6611538393267
4.41219105692146,0.206973223026605,35.6243714359705
2.90396603703716,0.956182783399138,31.2653953934876
2.34708207795028,1.96964637670957,27.5347827880862
2.45972926628591,3.25377697537984,24.3844438333574
3.13966004979462,5.09539893178309,21.8791551475028
4.47524975420769,7.94927194990361,20.2974468563082
6.71988117428471,12.3352111754979,20.4043412976054
10.156251668805,18.2432888732738,23.9223427231747
14.5007805358442,23.1001185716191,33.1905334955441
17.6378550513261,20.2598178817797,46.2868806089101
16.3254727015423,8.6574361340007,52.5201068671598
11.0902906230878,-0.68791648019854,48.2947389700663
5.6825550683955,-3.56763525577328,41.3371597913798
2.00884050155056,-3.55155141789823,35.5517613860907
-0.0987238504731595,-3.22215738478647,30.980653835714
-1.34717707333952,-3.41760285812284,27.2336354505593
-2.33710330809534,-4.36863993826467,24.1706233918175
-3.50734375793276,-6.27957062090798,21.8763380336988
-5.23461575838979,-9.50057770048312,20.7473020367047
-7.89464676701399,-14.3592272335763,21.8138109032797
-11.6821715784592,-20.1561460330707,27.0884428980151
-15.8025469026748,-22.8259155882695,38.0570035668508
-17.5130384591454,-16.3514647537235,49.4822334080178
-14.5554203740221,-4.79483145784746,51.3756809489371
-9.08122888329469,1.82868178204017,45.5689359118337
-4.38216343301951,3.23978110390884,39.0417947844537
-1.43398617730598,2.92682231820049,33.7643362338271
0.209278164034196,2.64934450185432,29.4815893104035
1.20369377294957,2.90592948462913,25.8980025844077
2.04947267445679,3.84910177574119,22.9222587003289
3.11493763290935,5.68919894897441,20.6323411207759
4.74489839318176,8.82338930201325,19.3793984707873
7.3308457062066,13.7196088466445,20.1307578979986
11.1739685731271,20.0279751866564,24.9859615121144
15.6956561509171,23.9629444388979,36.1914595976139
18.1077496105756,18.1982833944899,49.4148383122024
15.412728887963,5.3624961679879,52.7517659573266
9.52766522378125,-2.49641760607311,46.7522369739362
4.29937694932221,-4.24417538072246,39.7856494207431
0.974749551885655,-3.99212965082033,34.33866776849
-0.931030793642809,-3.85036328052642,30.0664373695689
-2.17483886739345,-4.42491156308985,26.6201560498728
-3.3460916627602,-5.92468045158196,23.9636191178205
-4.88670517697208,-8.5981043936828,22.3617562749915
-7.17684065123879,-12.7250753885276,22.5694841671135
-10.4672155043962,-17.9886413928247,26.1370604129181
-14.3590059014622,-21.7378846984903,34.7391608783577
-16.8835195580211,-18.5636405107275,45.8976164600233
-15.4997319028136,-8.55229210681418,50.8172734423945
-10.8825744186072,-0.574583732819286,47.1101844687872
-6.12910374506666,2.05250810109708,40.8383344341143
-2.87314246630294,2.03779493828352,35.3049758851187
-1.05208048009436,1.52222290470464,30.7413024248913
-0.11296475021786,1.2269960094564,26.8701170285857
0.414217938388018,1.28143657513377,23.5262061744759
0.833205528856781,1.70756724920444,20.6332929291258
1.34981517832004,2.60436309586487,18.1667684905722
2.15967455093642,4.23143775630951,16.1761548178749
3.53167678954714,7.08623966974289,14.9007399230608
5.88356835674695,11.9308042658431,15.1141027703552
9.75484900812536,19.2783989052999,18.936717035733
15.1772620854255,26.5653074103146,30.3084580419447
19.5778416955719,23.6646775036287,48.4328143951796
17.862637223144,7.20478957314338,56.7450127807273
10.7488271227818,-4.75628497236951,50.094161670409
3.88316611939653,-7.45438721571575,41.7212946845483
-0.552708915682183,-7.2458968719886,36.0167793286519
-3.17195806794778,-7.31232963207516,32.1952945560863
-4.996192846618,-8.39620630677019,29.6888691474024
-6.75873306852581,-10.5418181193666,28.5879642696386
-8.8551912889539,-13.4671950247644,29.4211839325369
-11.287416216084,-16.2077340918704,32.8335105250847
-13.4532748614465,-16.7721085439372,38.5247435585882
-14.1934270882095,-13.55231395688,43.8204987917703
-12.8074216613068,-8.19735942620962,45.3051976691308
-10.0556358504274,-4.17993820219279,42.8755423656225
-7.34965445294988,-2.67253061879098,38.8399361990393
-5.51147902148234,-2.8630142660929,34.7811612884276
-4.674676250392,-3.92427180080882,31.221440172421
-4.71286654782639,-5.58192985772934,28.3470389011101
-5.53041539804656,-7.93845496074328,26.4097088005721
-7.14002686975251,-11.1904838852304,25.9348112266253
-9.57136427694842,-15.1751358286145,27.8737335855769
-12.5464350065498,-18.4749697029246,33.2642599340177
-14.9475472078964,-17.9545057329733,41.2485429895668
-15.0185846043823,-12.1045953907068,47.0167791678756
-12.3257222267673,-5.14452494765988,46.6495836806561
-8.58132208790178,-1.40552960301968,42.3045163669536
-5.52820087760905,-0.644084373072771,37.305870101125
-3.70520012735875,-1.21839124056076,32.8295509048132
-2.93932811892379,-2.26360245926203,28.9902529636345
-2.95448190506152,-3.64572164817554,25.7688456367251
-3.61792345457943,-5.59971546681084,23.252115291008
-4.98460951172762,-8.54314819972513,21.7585995849963
-7.26217253726632,-12.893499031211,22.1007088059945
-10.6333795330111,-18.3771894171044,25.9366322292784
-14.6322841437133,-22.1594196437829,35.0377177233152
-17.1290597397584,-18.5019109784771,46.5916568292276
-15.491408780668,-7.93454503650809,51.2225837131122
-10.6202775890983,0.0380505206762899,47.0423213330355
-5.77100626501723,2.47650436268636,40.6007227302282
-2.50856716547606,2.39238680173845,35.0629254000387
-0.683263277304723,1.93115184759978,30.5341711540817
0.300882074638707,1.78813015595816,26.7107327449269
0.938203519835384,2.10844956074326,23.4345132886159
1.56334946263976,2.9771117482876,20.6573874986167
2.43703430394494,4.6112880099389,18.4301396627676
3.84792036007846,7.44910394171268,17.0062947296488
6.19233769025872,12.1367418877441,17.1648122364321
9.9280612315974,18.9601190672582,20.8979686882964
14.9560032130424,25.2767654940096,31.524600605177
18.8515204977509,22.3117446533531,47.6733091191123
17.2750634327115,7.77292829171112,55.1391751342763
10.8885527856739,-3.1855088899999,49.4464068762468
4.57695619421839,-5.97480461055654,41.5571704713987
0.427173136788629,-5.8431992701908,35.7302251881769
-2.00613477339099,-5.79323152295773,31.5174169887541
-3.64525082520937,-6.65342308669143,28.4159353439062
-5.21033743772854,-8.62137918945877,26.4484412908929
-7.18191815569847,-11.7455980601484,26.095353003392
-9.80244330469057,-15.6603048413961,28.3165964624979
-12.8299608160899,-18.6849124480789,34.0637435624223
-15.0813455690309,-17.568510751561,42.0887789730982
-14.8420674890063,-11.3110456015674,47.2875122749931
-11.9360126995029,-4.56424468024132,46.3115154653131
-8.20209543113759,-1.21048123591579,41.7723975023855
-5.27263588156155,-0.660317006110237,36.8027807476697
-3.5750049655111,-1.30851812737187,32.3935781887561
-2.90285312183076,-2.38554662874657,28.6183896331637
-2.98860268903851,-3.81057853086385,25.4630678136364
-3.71893185458073,-5.84397192986792,23.0310068759767
-5.16762952045916,-8.91520333098913,21.6757841622834
-7.55277924136158,-13.4193577793874,22.2822374175396
-11.0314511649429,-18.9289580740639,26.5974927577878
-15.0109684348715,-22.2277558936986,36.2257075854534
-17.1807433160034,-17.6152233718605,47.539097982646
-15.092513597249,-6.85773900299143,51.1144554528607
-10.0776622406457,0.512259566110428,46.3978644331688
-5.35494537351892,2.54175371470751,39.983001303209
-2.25948248386518,2.35274763709231,34.5608109058055
-0.545903746166953,1.90910856286569,30.1159374208983
0.385348023763077,1.81400487555166,26.3539598759643
1.0115320855437,2.19197000880861,23.1310152211055
1.65605913257637,3.13711481639034,20.4089760698078
2.5794444625493,4.88872623919714,18.2547445688236
4.08054762454385,7.9132191194804,16.9624100732786
6.57012958169956,12.862112700373,17.4140723449336
10.4893660500265,19.8581807023178,21.7970889115825
15.5676140011766,25.5966087225519,33.3792717025323
18.9988774542198,20.9325315086818,49.3526894196936
16.6502932934858,5.98144559360715,54.9213144561818
10.0444010211128,-3.82997643916002,48.4182876262893
3.97078737712333,-5.99004274821711,40.7335777224042
0.0816782855306935,-5.77292685487612,35.1431287376514
-2.20381225463414,-5.8075600035139,31.0727344021535
-3.79599616453102,-6.78839692371549,28.0859620309563
-5.3827994845538,-8.88881751982154,26.2596543436056
-7.42003424131994,-12.1417327752297,26.1284144284766
-10.116870765634,-16.0960838921102,28.7024403485923
-13.151424242807,-18.8670363825,34.8523710775933
-15.2242786013295,-17.1423272624027,42.914788051424
-14.6586693590434,-10.4987871218461,47.5250308472307
-11.5399092795292,-3.98355294765811,45.9581694113751
-7.81652438827709,-1.001903818061,41.2379744459128
-5.00457175953036,-0.648490012807284,36.2935480171765
-3.42422375550456,-1.36185591749194,31.944178716383
-2.83769096001655,-2.46222864888334,28.2258874611056
-2.98501007727927,-3.91755176706372,25.1273488611611
-3.77044887603838,-6.01122734407431,22.7642667019015
-5.28507167001587,-9.18488143701994,21.5175981552919
-7.75802959518499,-13.8199426146455,22.3316999369653
-11.3291536063546,-19.3690824862719,27.0319085766676
-15.3060850403712,-22.306319584168,37.0966547999509
-17.2329205939827,-16.9588861337879,48.2536305493153
-14.8020261724633,-6.04325326078712,51.0578066571781
-9.66608141608489,0.909754692098217,45.9473003961668
-5.01764932167121,2.65765507449253,39.5388163174074
-2.02808171233678,2.4033171607842,34.19360572461
-0.380769353471519,1.99085979454627,29.8107925761472
0.53148649149668,1.96496550924557,26.1007784412563
1.1799223837178,2.44456001696927,22.9320389888737
1.88843898656321,3.54547389320949,20.2830079054083
2.93028922106861,5.54604951549968,18.2580879459692
4.62909866334644,8.9550387329179,17.2480776448683
7.41523181098444,14.3832511082711,18.3656408736207
11.6508667125334,21.4718742559734,24.1448318477877
16.6270375684842,25.4964941265289,37.3133225434158
18.8907704151084,17.6275194287003,51.8789337964774
15.1967080272209,2.97676956193688,53.763837178037
8.49497488069989,-4.5286371474222,46.3577425067543
3.00493839407724,-5.73165998742344,39.1967902109569
-0.372559616241336,-5.44129064999121,34.0053851705788
-2.37917028212388,-5.62957257512414,30.1390188781237
-3.87151551549091,-6.79584602581989,27.2898531650539
-5.47382469940665,-9.09911960629421,25.61556422684
-7.60698513300505,-12.5852705367865,25.7334958255864
-10.4497126911994,-16.727957940961,28.7658660181343
-13.5881593272233,-19.3503903709739,35.5764059247789
-15.5380000761949,-16.8899668894384,43.9911720776272
-14.582391997273,-9.55398463705198,48.0929524426039
-11.1107048846649,-3.08609779425224,45.7841425098357
-7.27787034697059,-0.451587409467286,40.7246064238448
-4.51156240316141,-0.303558563675673,35.7099089763758
-3.00159747698811,-1.05375949274322,31.35899953279
-2.44914179383504,-2.09128178082326,27.6368623666637
-2.5783644754634,-3.42044820437505,24.5036498534788
-3.29115022996236,-5.3317405331128,22.0368944177344
-4.67991196045588,-8.28204115096864,20.5422543176854
-6.99685369104905,-12.7653709755319,20.8380045797062
-10.4949206367736,-18.640130863569,24.7029076042342
-14.7817938973008,-23.0295858382357,34.3088281891151
-17.6036341394274,-19.3833308708557,47.027023334061
-15.9219139143498,-7.7889576139134,52.2380140534069
-10.6485231304478,0.878941617164803,47.6380278172608
-5.4317004081439,3.38980783639508,40.8070727207846
-1.9486172439882,3.29426626716268,35.1502078472407
0.0321557113821171,2.95730724475925,30.6381333320339
1.19836450062003,3.12728529395976,26.9081260235773
2.11942838331783,4.00879976627831,23.8270717113244
3.20952840721791,5.79800994487967,21.4596342691601
4.8302320036956,8.85457224130024,20.1475596844275
7.36467982926903,13.5920030022558,20.8221527080049
11.0892349069807,19.629151798467,25.4568027675677
15.4392481041495,23.3964737223494,36.0940200527795
17.8065294312423,18.1097474377648,48.7180288570818
15.3568345174164,5.96398541015631,52.2549166524529
9.76435107653834,-1.81460829907968,46.7142806460224
4.68225991552815,-3.6918075725594,39.8995046914363
1.41523965570244,-3.46136479484484,34.4288414683277
-0.436436024105978,-3.2146211551941,30.0704246386575
-1.58171833434994,-3.56922877840467,26.4830431718668
-2.57967758763623,-4.71846710700798,23.5802431730608
-3.8458597537233,-6.89509232497573,21.5030568590056
-5.75590100075658,-10.4755998756374,20.7567923437841
-8.67500910570728,-15.6877257397366,22.5826310672237
-12.6707685039095,-21.2869182220139,29.1521052001871
-16.5373882191378,-22.2412260648913,41.0599142037659
-17.2347452623943,-13.6892792836617,50.9454637004128
-13.3664697168025,-2.65899533912189,50.3964572623505
-7.85601970547045,2.46560544139159,43.9754214081644
-3.55730115912433,3.2143030426625,37.7116405215214
-0.971887030577139,2.81848807781685,32.7009675237544
0.465644732557733,2.64042248750073,28.596576189605
1.38506540998302,3.03856535857114,25.1533502848903
2.24717889488628,4.15557600280184,22.3182013399271
3.40419011191138,6.23882156599702,20.2133021546176
5.20794695472745,9.72583892345839,19.2850089721928
8.05597459086636,15.032254830108,20.7094364562852
12.1604896331643,21.3447121606814,26.8408729378466
16.5529653748859,23.7551012468984,39.2980975839946
17.9939664477648,15.5561896676421,51.3086236439072
14.2487969882307,2.95170195512861,51.9222467785446
8.2343405631458,-3.27397857664753,45.1406900668515
3.39983038183569,-4.27505816682841,38.4683767916135
0.446166246002887,-3.94331688578512,33.3245403614788
-1.25817071596408,-3.93712951255816,29.2548235714564
-2.44788628046401,-4.70812950099391,25.9819765098645
-3.67366685203197,-6.45470118839357,23.5343633279594
-5.3593898894829,-9.44633661051382,22.2663219498681
-7.87124898783907,-13.9083036280566,23.095813577404
-11.3751363246125,-19.1636089332412,27.7421658222484
-15.1742010482407,-21.7512199194256,37.4261511538299
-16.9341383027498,-16.5148207928446,47.8990945522293
-14.5738653582736,-6.20949916824768,50.4818497703908
-9.67871720196629,0.411391014201898,45.6328964229955
-5.23142276034879,2.13218320511083,39.4283904077686
-2.36378248600841,1.8722448987904,34.1520711542124
-0.809129465929249,1.36984647215753,29.7745983638253
-0.0125374739743938,1.13607665662468,26.0366423229739
0.4508913747462,1.24234278603667,22.79976123512
0.848992664248375,1.70972323284876,19.9986276665904
1.36954328557223,2.65241212275677,17.6142820526931
2.20465360118912,4.35182977809421,15.704586902615
3.63135800401811,7.33556066667819,14.5317289882229
6.08521148733567,12.3966124552755,14.9383366465581
10.1160335311308,19.9918183991305,19.2184504814335
15.6652280374042,27.0837360321006,31.4493681082378
19.8288129499896,22.8846623251521,49.8611013588614
17.4984164846788,5.74670520632449,56.8317391495396
10.1019803992528,-5.46584311995081,49.4380038063168
3.33057535087692,-7.69348672665612,41.1969599100194
-0.962189472106197,-7.4293593850276,35.7134328719581
-3.50813903853929,-7.577800760644,32.0783324388708
-5.32679018299643,-8.76470941983155,29.7734998610031
-7.12068570418822,-10.9766496985568,28.9337771477827
-9.23943877899915,-13.8426606876168,30.0959872997067
-11.6104539704746,-16.2637806583488,33.7917143441564
-13.5538133845467,-16.2616239511214,39.4007855294255
-13.96008673234,-12.6849269722877,44.0603894445945
-12.3607180874064,-7.58264122033718,44.8466387128938
-9.65147956431608,-4.0686773138276,42.1621674064463
-7.13983563949886,-2.89782390009224,38.1952987528272
-5.5106875296323,-3.24855649863492,34.2958091901289
-4.84835072505072,-4.41442193584771,30.9162965300231
-5.03644198828732,-6.19712772854273,28.2623717939217
-6.00200683202065,-8.71272714500657,26.640756155028
-7.76074247936649,-12.0882070954794,26.6552395331559
-10.2854461192815,-15.929788938317,29.2863522291416
-13.1341635244537,-18.4411420873237,35.2595870830978
-15.0146876549096,-16.6298126359296,42.8323403686492
-14.3941142421927,-10.3423290750263,47.0340859312182
-11.4149011509391,-4.25086870689834,45.5002029303807
-7.88871772689681,-1.43372373032608,40.9969184989873
-5.225004617128,-1.10512948501703,36.2219318355211
-3.74312370046667,-1.85205544776991,31.990134213737
-3.24266434321081,-3.05220588556706,28.3840130756139
-3.4995010583231,-4.69439082740324,25.4396195401524
-4.44555467644356,-7.07198370701238,23.3439365644634
-6.18538926701438,-10.5909979400887,22.6111407919368
-8.90840651995277,-15.4012013060178,24.3832666428943
-12.5439608668041,-20.2365346264094,30.4368401722055
-15.926160008018,-20.7989240379042,40.8733257919604
-16.4997920676955,-13.4319919057391,49.4067903071901
-13.1596825924094,-3.84473044000387,49.221315645926
-8.28960581092253,0.984294932697394,43.6311155481876
-4.37957915347287,1.84106610251024,37.7288108219148
-2.01468312341751,1.38796190624069,32.7798088173928
-0.792135675865658,0.870387435904763,28.6171962698211
-0.206731940092646,0.586043446461528,25.0292976448275
0.0865382999506078,0.529728524825393,21.9038354634859
0.283797844506678,0.666013275100313,19.1749423138592
0.500064886983127,1.01257377966392,16.7966688833934
0.828993802066036,1.67101829372397,14.7411585518146
1.39219671830709,2.86843488887739,13.0172254240212
2.39348868785935,5.03945138986944,11.7370041347353
4.19347644237031,8.94598884871439,11.3336329546268
7.38220686097833,15.6334805567168,13.2162074282316
12.5825532246258,24.9761966231331,21.1369627304896
18.8659471580907,29.6466308890192,39.6994964088305
20.7996084572588,15.8580001453694,57.9100595301011
14.4899881169145,-3.11818521961551,55.6981363060793
5.84773117793348,-9.48336653635847,45.5539920601778
-0.291919299846135,-9.66604140863705,38.7476447633149
-3.9003092326591,-9.38996348281905,34.9254030096815
-6.15518478056042,-9.97993031102855,32.8753658711043
-7.93689235713541,-11.371668723314,32.3084840473139
-9.64861806466225,-13.0469976371644,33.334383571356
-11.2521362459345,-14.1217180973582,35.9029429356689
-12.3351997714502,-13.6094095683666,39.2112501437309
-12.3937366220652,-11.3156066318598,41.6412740898206
-11.3391421517732,-8.38813360709158,41.9316831259693
-9.68470250597197,-6.26831141967354,40.2536830387393
-8.13139584544657,-5.48557316001465,37.62212464119
-7.13168883519117,-5.82281891054982,34.9003605062984
-6.83625433910536,-6.95783040265461,32.5985445652772
-7.2397525656504,-8.71401093450557,31.0856183204453
-8.28596026069508,-10.9599485375658,30.768911081812
-9.85047314691708,-13.3317015189588,32.1075865606981
-11.6066231293268,-14.9261223744788,35.2920042308356
-12.9003006860338,-14.4757024588621,39.4968806239629
-12.9757369627827,-11.6276095710625,42.6247661177747
-11.6504311401885,-7.94856400555565,42.9643126744091
-9.59391520409624,-5.39220433372965,40.8536194439731
-7.70441341558498,-4.51931384597121,37.6963687414425
-6.50230369912781,-4.9116340585347,34.5133844939341
-6.11336365761495,-6.13042579174566,31.8021456673485
-6.49949881095352,-8.00989831311693,29.8936921246219
-7.60875368255676,-10.516651648688,29.2050167436159
-9.36776885524514,-13.4181705376754,30.3278610133754
-11.5121167300416,-15.8039774028761,33.7769989075271
-13.3336889817956,-15.9416639910528,39.0146171496879
-13.780423935865,-12.7632317411651,43.4916170405721
-12.3648359268061,-8.00961254421002,44.4705471842486
-9.84498910941674,-4.56511210620226,42.1090593814395
-7.43720868980055,-3.31504278888141,38.3728536691384
-5.83820330962073,-3.59248365094001,34.6112398906939
-5.17500265947674,-4.73023917164799,31.3334765979385
-5.35815684465767,-6.51119709169934,28.7838883205529
-6.31869777453638,-9.01092445740403,27.291759292045
-8.05360213517885,-12.2891536272633,27.4598789342889
-10.4911329930572,-15.8582118409003,30.1896423027592
-13.1381943127801,-17.9248476794716,35.9729095781782
-14.7461535811644,-15.8742949859815,42.8920517434395
-13.9969301618964,-9.96887148264796,46.4463274730696
-11.1570970601826,-4.4621253409954,44.8265719412532
-7.88822722083921,-1.93750748995277,40.5571677289964
-5.44325445402011,-1.68925472868198,36.0117543465681
-4.11647834757489,-2.49464668945659,31.9602975347333
-3.74596185866902,-3.82113673612191,28.5347894234743
-4.15163861430106,-5.68700894102906,25.836006842205
-5.29645311050784,-8.37913026860132,24.1495347581443
-7.28435457610488,-12.1988054370958,24.1516180743206
-10.2080108417036,-16.8892986833352,27.127637571458
-13.6752013814657,-20.3205489046763,34.3953886575642
-16.0769825306936,-18.1783397920462,44.104252820212
-15.2526047393192,-9.92711083551715,49.2717578655295
-11.4202066425707,-2.40817161025296,46.8497465102704
-7.10284348200978,0.588715397087207,41.2813085586622
-3.98257586397374,0.789954767802341,35.9230191589288
-2.2320694748711,0.149133737167866,31.3664545839843
-1.45229920059705,-0.586252654237719,27.4677677306062
-1.26942637690927,-1.33960599673062,24.09815452725
-1.48778571795056,-2.28380829722114,21.2044416879589
-2.08349258854714,-3.71336141903375,18.8042943296673
-3.18722581726053,-6.07024092482754,17.0524241023124
-5.0946591875775,-9.99759888264702,16.4640834030539
-8.25406014431744,-16.1233949553017,18.4727239456563
-12.9410636158366,-23.4858484611929,26.1363693639043
-17.8733249192064,-25.462035727589,41.4518183805003
-18.8076272048865,-13.9585242106508,54.453359209796
-13.6326284676447,0.333847346908104,52.6734221686188
-6.70730933536912,5.79232604169024,44.4565754699452
-1.6278507213087,6.22420129389541,37.7798205501621
1.39715107728753,5.98233744339656,33.0762214412456
3.27787924124272,6.49482954090637,29.6475634956691
4.84463632934962,8.08065991455832,27.3327817216274
6.66196797573278,10.8060597247565,26.4585388002958
9.05032455334146,14.4525623702394,27.8154034110499
11.9405781884179,17.8208840845578,32.3945340850564
14.4703780215652,18.1049858855541,39.8086701329338
15.0191761994198,13.2650869947032,46.0590911442324
12.8399843352191,6.41260734108397,46.767186191427
9.28677860881963,2.15694192655802,43.0256423734097
6.15760659891244,0.995982392810853,38.1555198632105
4.18706336281193,1.42062907593835,33.65786156618
3.30592299978415,2.45389524084029,29.7809618421531
3.25916693113449,3.87473788960495,26.537342139293
3.90323188519259,5.87680197468275,24.0292642910864
5.27362170807428,8.84584091296593,22.5951795041971
7.54778677484457,13.1326423136346,23.0604949604616
10.8491282588542,18.3270586330797,27.0113807524086
14.6270173698591,21.5397017217399,35.8836071436726
16.7987431268652,17.6208203074636,46.5463626755659
15.0627647837626,7.70889226517645,50.4676638996406
10.4303174725226,0.404552971125495,46.4053317424179
5.88152181267619,-1.84343544281132,40.2525472582314
2.83179313751672,-1.72731531939788,34.8586897465612
1.15638594299019,-1.17766722369921,30.3765749973605
0.324272632277099,-0.814633822789195,26.5526641275292
-0.0957469633842348,-0.722307607179317,23.2349423263168
-0.367362963521088,-0.877329556391279,20.3435158802911
-0.648062539163545,-1.2998681422225,17.8298013145243
-1.06075449018404,-2.10780683747184,15.6714230811822
-1.75596552380451,-3.56808451629941,13.8995216932267
-2.97683530964841,-6.18373424639303,12.6964231640045
-5.13710443372582,-10.7841849835534,12.7015234004214
-8.8496519330777,-18.2373621562733,15.8428746677214
-14.465519845654,-26.9890062355629,26.4523076621448
-19.9110569241397,-26.7949236852099,46.316173291485
-19.2744277777839,-9.43235839974485,58.4914011831067
-11.8182897744693,5.41049209509164,52.201078880745
-4.03509314375825,8.98028697978417,42.9715756699492
1.07041889790664,8.77558148925291,37.0985957555489
4.06842055220059,8.74978808239271,33.5770352769679
6.0802452821607,9.69944533934141,31.5952525683757
7.86708199684321,11.5036514613388,31.1222668210515
9.75371741531299,13.6251576021667,32.4545187785785
11.6185604256026,15.0071160010048,35.6694749646472
12.8919202003218,14.3374386014503,39.8140002627799
12.8839929220244,11.3625734981862,42.7410876309224
11.4949149720223,7.72738488165657,42.8615217002715
9.43952627454922,5.30025275813873,40.6371028578442
7.59931166650568,4.53658142440885,37.4633996494781
6.46094496604621,4.99711174137694,34.311367966372
6.13236091845861,6.26351024289115,31.6552551157095
6.57270337644739,8.18650327536499,29.8269491672718
7.73084664724017,10.7288469898915,29.255283216769
9.52607979321133,13.6226479999693,30.5384646950517
11.6682864192575,15.8914552298787,34.1498763129601
13.4136212374911,15.7861364814455,39.4153215692238
13.7194520386505,12.4087306657623,43.6761479941088
12.1884575566821,7.69235327609409,44.3552528766137
9.65020114369882,4.42651983167107,41.8345652957699
7.29822230900118,3.32347043267293,38.07849088764
5.7762142858516,3.68233394970582,34.3538825857161
5.18401444145337,4.87120459228276,31.1332063972875
5.4297346838173,6.70352190605744,28.6608009556906
6.45043971061688,9.26326945341243,27.28321331811
8.24365126964486,12.5855634447573,27.629334288999
10.7167524499401,16.1002601752591,30.6031642473032
13.320965938258,17.8984706694257,36.5736167802727
14.7608777043047,15.4550016511838,43.3485923706152
13.8027920573628,9.43911017478779,46.4447525393631
10.8756466299866,4.1694141706851,44.4961893897567
7.65878380214948,1.89222133968437,40.1609155801958
5.31644666593936,1.76926912290296,35.6579995426984
4.08398756748308,2.63024522286735,31.667319606393
3.78907748194202,4.00289895822732,28.3084327691533
4.26286883805589,5.93716349971973,25.695544311189
5.48273389182435,8.72930927347935,24.1438517992754
7.55852684158539,12.6539149023496,24.3822138201825
10.5578144571802,17.3288780421624,27.7436956193766
13.9922700059149,20.3635712372546,35.3980574088202
16.1291093881277,17.483597458429,44.9267908509067
14.933933147681,9.0130939054013,49.2541023299714
10.9581789750266,1.96347258993163,46.2928544983493
6.74383751228616,-0.625504055023576,40.6885009090261
3.7888547632366,-0.675390883279314,35.4264786465384
2.16867115477126,6.75101842482323e-05,30.9531257504644
1.4763527286126,0.755450634957509,27.119062829481
1.35960016713773,1.55744610260324,23.8080961526682
1.64763261841458,2.60284656592029,20.9796684767711
2.34160682856804,4.21506180923002,18.6743750372424
3.60160173787719,6.87796211027942,17.1049762638941
5.75653123445844,11.2608638721552,16.937045613847
9.25416129175598,17.8201988209287,19.927169552004
14.163355742251,24.6573393292528,29.3379758047551
18.531775287591,23.7474085303057,45.3349237256185
17.9496980610373,10.1583139508747,55.0851699254729
11.9675572207865,-2.16828214114418,50.7163164120171
5.4003720878752,-5.88692903824899,42.6449738210938
0.910551263474147,-5.92270739964413,36.5003181606399
-1.72771978272548,-5.77825269480876,32.0927189676424
-3.43874169958884,-6.48585253745548,28.8405453643291
-4.98348998007077,-8.28458536811781,26.6943115089249
-6.87531676657084,-11.241686674101,26.0658709859545
-9.39726752429112,-15.0886555850963,27.8478565615726
-12.4029755413692,-18.395745013507,33.067196058554
-14.8611211574908,-18.0438760155631,40.971109541804
-15.0421288616205,-12.3631853248596,46.8816814887234
-12.4416109613578,-5.37300972107799,46.7277004822321
-8.71530172197305,-1.51201394186428,42.4740892377723
-5.63285224763133,-0.673255066599101,37.4804287934312
-3.7731736470872,-1.22005346689883,32.9885664800425
-2.97951113700237,-2.25871844933753,29.1332192044222
-2.97623120086294,-3.63716748396719,25.8971137002048
-3.62606291700355,-5.58197609751313,23.3654653769422
-4.97878560915147,-8.5057295732881,21.8526199298673
-7.23734633966018,-12.8234545083685,22.1598923688276
-10.5831830635662,-18.2744747379236,25.9233685596548
-14.5636995695665,-22.0838888559113,34.9089767386623
-17.0855603959731,-18.5699913235901,46.4129396687687
-15.5195185059981,-8.10835712402684,51.1627810376129
-10.6996424808134,-0.0935438342744299,47.0970416269834
-5.85713409427414,2.40406577264333,40.680541078897
-2.58417982106461,2.33830161500221,35.1347751334008
-0.751897867889535,1.86688174745175,30.5939878415897
0.228537209733349,1.69586865774902,26.7577837313111
0.848778885010322,1.96934441153756,23.4654208539703
1.43937426535463,2.76185041549729,20.6624615516145
2.25257058466954,4.27135357009683,18.3837790737695
3.56280647054044,6.91086081523202,16.8408946572711
5.75083478022815,11.3246462646761,16.7071534803792
9.29160211964131,17.9646436625577,19.7734723128759
14.2611692389672,24.8732299266689,29.378488163554
18.6533591233406,23.8036512895979,45.6347752845157
17.9711029271756,9.88551840769415,55.311478862577
11.8577662408781,-2.46551979218802,50.6934947797819
5.23919908754995,-6.08477243879073,42.5587606444133
0.744098082331933,-6.08871687664068,36.4482299938996
-1.89760430595924,-5.9669076831737,32.0986884575111
-3.62601148062713,-6.72423285249174,28.9244993835507
-5.20358032406393,-8.58249896644418,26.8934480250318
-7.13557044119785,-11.5762415732728,26.4425837166625
-9.67718155718736,-15.3512339904612,28.4686454582494
-12.6184894931431,-18.343604461906,33.8760235129521
-14.8652409599166,-17.4978727416013,41.5800036808711
-14.7784493103035,-11.6725326142563,46.8465701257022
-12.0823836331331,-5.06691236410389,46.231199467815
-8.46713766710152,-1.59697071488259,41.94437249733
-5.55904135186283,-0.934278056563707,37.0687364160215
-3.84734584822411,-1.55128601934629,32.6928061930608
-3.1689379989114,-2.66159007237047,28.9440776868577
-3.27411724607654,-4.16568114267976,25.8340236817464
-4.05563740175459,-6.31601280091513,23.4953504285271
-5.58668826597615,-9.52299743710323,22.3337140661924
-8.06490054150106,-14.0891074253398,23.3102151776019
-11.5616178232861,-19.3035540797212,28.1588407465413
-15.2894916882608,-21.6048672569527,37.9511519872438
-16.8692581480907,-16.0460201645676,48.1323153576043
-14.3593940702138,-5.85425841390243,50.2760118616506
-9.47492332679643,0.469128241378609,45.3128321435607
-5.1212026692405,2.04555659132642,39.1668101572039
-2.3402635786445,1.75075109858887,33.9472765709896
-0.845027493338717,1.23689036228266,29.6036417631474
-0.0913812018885372,0.977031175695208,25.8864621816562
0.329481412150733,1.02564006815499,22.6615739260689
0.669335774766946,1.3862085164895,19.8610721830623
1.09683720785316,2.1421713713475,17.4540435153295
1.77573962597094,3.52089627057472,15.4630883197773
2.93869016435121,5.96944387183698,14.0490105553181
4.96479065275722,10.2314738080787,13.7748890791424
8.41312563884168,17.1193787581704,16.3143365956724
13.6593301635044,25.5300284720741,25.4749443589578
19.0982504887832,26.9326441536184,43.6536601508761
19.4271931002692,12.0237567075273,57.2147864600072
12.8784777725493,-3.41781876736872,52.9836524665232
5.21475987524212,-8.0166376271559,43.8322100168267
-0.0438795553038103,-8.04460270823371,37.4798221360289
-3.14188879047652,-7.92283442007774,33.4526409337267
-5.16566025660953,-8.75615314884727,30.916945306158
-6.94222998881452,-10.6043058700953,29.8051293098088
-8.91047219691626,-13.1350851133936,30.5060390517423
-11.0954827565656,-15.4424413875613,33.4697588740031
-12.9903013112941,-15.8803482608362,38.3181455481878
-13.6581556172578,-13.2152331701716,42.8428216314773
-12.535934468482,-8.70933258437833,44.2918052925817
-10.2027742425198,-5.12512080877424,42.3778209772543
-7.82195971938331,-3.63293642277271,38.8593116340594
-6.15766862342739,-3.74135545406724,35.1662868668542
-5.4049653931109,-4.78111002887554,31.8972607791936
-5.5012473944972,-6.48440638320116,29.3279841323664
-6.3749180327618,-8.88435820525597,27.7820590973128
-8.00911872059458,-12.0218192386894,27.8246102966534
-10.3272558686734,-15.451250337993,30.2895394155815
-12.8756199956849,-17.5489418552297,35.6567778059332
-14.5089494278098,-15.8766717231782,42.2674091002017
-13.9592445541747,-10.4338991576372,45.9773141900601
-11.353976025645,-5.03944894895486,44.7696402474493
-8.20892673215216,-2.38037159039423,40.7797661454523
-5.78312660413213,-2.00819664641641,36.3544244403537
-4.43652913564543,-2.77079390752648,32.3601672817328
-4.05096755872396,-4.11449536406444,28.9851406325454
-4.46164705359945,-6.02782134765486,26.3599763248326
-5.62901898857744,-8.76494324403657,24.7988100929533
-7.63671046763952,-12.5596964445288,25.0031187208859
-10.522892611442,-17.0109023308835,28.2144092469154
-13.8003365272548,-19.8633662997278,35.4584711463289
-15.84594391311,-17.2092276001768,44.4488933926901
-14.7746874535408,-9.30253055696737,48.6902568793899
-11.0474010304631,-2.522177436167,46.0632435633813
-7.01464496517625,0.101393172106599,40.719871654989
-4.14662692483829,0.200244851392812,35.5684249728695
-2.57804202441971,-0.516085013150989,31.1451298624892
-1.95503067637463,-1.41666312310746,27.35468741655
-1.96298741420628,-2.4893153396257,24.1143041321094
-2.46918631187187,-3.9859969424485,21.4342274686896
-3.52762690210392,-6.32163471728737,19.4726447045981
-5.36770402243635,-10.0613620864731,18.730975553298
-8.34877355680946,-15.6716797270653,20.5128234609149
-12.6366666163434,-22.1415929062183,27.3764645872426
-17.0525582689806,-23.8894432953908,40.7088647726313
-18.056930548561,-14.3645399491949,52.3751974671819
-13.7430168662012,-1.64554791949822,51.7358644616292
-7.55048778645223,3.94902251073293,44.5083308824264
-2.7975734769596,4.64664350194485,37.9192708373669
0.0600988697540564,4.32203365517038,32.9297999292297
1.74382506553044,4.47056393435275,29.0198902432847
3.00239139908199,5.49051770904016,25.9533833930425
4.3880560204966,7.58133981198014,23.8381603376713
6.32259076878543,10.9797630744683,23.1776387879068
9.12052906066499,15.6604282293518,25.1096559032314
12.7126593716553,20.1611158465806,31.2945124252454
15.886980536552,20.2049360113048,41.4592725508864
16.2015392522803,12.7693013558272,49.2456037653853
12.8242350281724,3.71234301737053,48.6593916948576
8.12915627263624,-0.723785302062195,43.1652447616101
4.41506575162603,-1.46420179392107,37.4186499208147
2.1930958284283,-0.970434964528078,32.5585164995177
1.07934389939545,-0.373169721313457,28.4440995678503
0.609100390070836,0.0810264270488079,24.8878421452308
0.480534195969502,0.44871672243719,21.7876364300434
0.551237556742589,0.856455804903908,19.0833202867769
0.790193752955952,1.45841241497813,16.7369143907644
1.2510049303836,2.4732417318633,14.7401392876038
2.07979165036275,4.26448256997239,13.1586986633337
3.55976729195981,7.45669140119314,12.2780461337572
6.17864506947323,12.9905463625313,13.0486088083062
10.5750781981084,21.4192795262251,18.1715477821996
16.6401197590006,28.9065967591217,32.4934898509285
20.7398445421557,22.3576229184484,52.8192620261002
17.2144144062658,2.78676923572295,57.8936771399687
8.86534189039878,-7.71949018625089,48.7568123062158
1.88372000873839,-9.17896514437992,40.6130680982762
-2.38832880623234,-8.8141903487005,35.7443459126062
-4.94573306449323,-9.10208975777935,32.8601574126733
-6.82064590235098,-10.3630701088134,31.4518238395618
-8.61465529395652,-12.3032903901974,31.6361815650664
-10.4896633606547,-14.203256956681,33.6698149924374
-12.1548261069635,-14.8673661469376,37.3043683127136
-12.9595393959399,-13.2693801043678,41.0921038687784
-12.3949600648629,-9.91365697968135,42.9313276389806
-10.7012757319361,-6.71600490585734,42.0367824026029
-8.71369980812987,-5.00276953005953,39.3843422420004
-7.16487433727267,-4.77815395797751,36.2308448429971
-6.36875454557386,-5.57441453824518,33.3085787745572
-6.35781002644287,-7.08967818192463,31.0069666276653
-7.08333888352701,-9.23746022755308,29.6827046275765
-8.48879237463612,-11.9154882451242,29.8273843795394
-10.4271767256905,-14.6098565757338,32.0209624751159
-12.442618924851,-16.0070025621243,36.3700084139535
-13.636551572378,-14.5205721201398,41.3898971098731
-13.1544877833986,-10.3890078006911,44.181337673299
-11.1324099821125,-6.21484031580908,43.3542119564824
-8.64692611963268,-3.96337145614655,40.2160741420022
-6.67360278383556,-3.57794669646702,36.4898946416586
-5.58841689548244,-4.33031891785559,33.0326834500475
-5.3852480669888,-5.79818001022727,30.182520267279
-5.97903669773426,-7.9314954781713,28.2180690770931
-7.3360469469571,-10.8094258307376,27.6006345782234
-9.42600861605825,-14.237834567308,29.0848715304903
-11.9790603565222,-17.086500538245,33.4235048469286
-14.107811424103,-17.0013011414863,39.9644984143721
-14.4351334641478,-12.6362886052438,45.1841871561106
-12.4469700255113,-6.74990110135586,45.6711844794427
-9.31558951065296,-3.03433158885074,42.3565601611543
-6.55063952147681,-1.97981470844917,37.9304755359759
-4.81673874970231,-2.43121204369363,33.7481712325378
-4.10764896265056,-3.58916814084402,30.142693920219
-4.24456803232192,-5.27895223569808,27.229020402635
-5.13615871541452,-7.68674905597378,25.2358833034236
-6.82993682672888,-11.0941696547984,24.7003547116241
-9.4133627404815,-15.4339349638749,26.6753421092057
-12.6630948300895,-19.2569711461201,32.4742172076268
-15.3896147677839,-18.9168258931924,41.4337183968322
-15.5356932412463,-12.3368626762288,48.02930730815
-12.5249319627869,-4.48219383954946,47.5291142439443
-8.36148607094481,-0.452350947294658,42.6651891537849
-5.02098897201519,0.292111912935084,37.3157687847709
-3.02796412301897,-0.256852146751935,32.6422008485122
-2.11742634697812,-1.12091757281765,28.6446447604206
-1.93316593166969,-2.1261185027518,25.2179062237819
-2.27654949463034,-3.45492839626844,22.3395348364156
-3.13944046036693,-5.47008470731777,20.1086793185812
-4.69342534498704,-8.69178057519903,18.8827021381847
-7.26587314229688,-13.6799921507864,19.6394640462847
-11.1527708803213,-20.1638017365305,24.5392118649551
-15.7860511707243,-24.3197776524243,36.001049796734
-18.2981996203803,-18.4508533637229,49.6835021463332
-15.5340272130686,-5.1794248417392,53.111794530682
-9.48016131192006,2.85784640514461,46.9005445048145
-4.12988295888424,4.59079001764782,39.8254755603244
-0.7376839002438,4.33692889147869,34.3778553548345
1.22064631209204,4.25227494700155,30.1549522250291
2.53204888538778,4.94659098808643,26.8008503525705
3.80550597249407,6.63254219975598,24.3108777585048
5.49380905619651,9.54417464319673,23.0261296455238
7.96088439195202,13.8458160644088,23.8296161204083
11.3477959333396,18.8167983951274,28.3172412077023
14.9625253459497,21.1735209799401,37.5041332420277
16.6221620044786,16.2476176942917,47.3525274670797
14.4208510093444,6.58130621837403,49.912156091827
9.79713781992796,0.192953824120898,45.422767797856
5.5349857756835,-1.56724779159004,39.4351867564131
2.76436911387204,-1.32035172574553,34.2265792512931
1.2856764822762,-0.722689189139226,29.8596668295357
0.599423659432308,-0.263729614670118,26.1115446968803
0.327141316278441,0.0337193383601745,22.8497411412541
0.260250995562789,0.258037311345936,19.9994050705658
0.30971275323938,0.505159246735981,17.5079083232732
0.4597178679155,0.87653071393432,15.3346731906412
0.747629780334052,1.51372277665563,13.4537136472489
1.27058330216463,2.65791045698548,11.8712091351697
2.22028646003829,4.74675916449126,10.6867043949995
3.95188207552153,8.55259313178601,10.2978062315023
7.06633418027911,15.1933616864918,12.0399491376466
12.2614232980348,24.8340236770357,19.6476562184087
18.816471129505,30.5419010312075,38.3889400552874
21.2663736413464,17.0969565287171,58.2047248639062
14.9891748154714,-3.18627231176597,56.6398105209437
5.9649253696928,-10.1442452591246,46.0829273586637
-0.492096782381227,-10.3481676858097,39.1599536911813
-4.27556392149756,-9.99745562326948,35.4966915291321
-6.59588346758445,-10.4519630032427,33.7034000582864
-8.33981867303503,-11.5846422728777,33.3696566227178
-9.89195465302379,-12.8387035895918,34.45420016833
-11.2124196544796,-13.428164963506,36.7192266324573
-11.9728792385862,-12.6763005192389,39.3236614626331
-11.8489087091354,-10.6602749672963,40.9934015813258
-10.8789924764777,-8.35157143418532,40.9345524107438
-9.51309932560583,-6.76718674536781,39.3894684107503
-8.29052631029822,-6.26131804730175,37.1373686725018
-7.55707400739866,-6.68998478958763,34.8620461602037
-7.43709079056485,-7.82103759286593,33.0246445555792
-7.9273905277233,-9.48160825862972,31.9922783209004
-8.95522582480208,-11.457591979266,32.1336927176707
-10.3448153366359,-13.2778722941769,33.7463141569837
-11.7223557991803,-14.0965003947532,36.7015380996885
-12.5098784125313,-13.1056814554963,39.9719698228595
-12.2250805676834,-10.5118275804743,41.9072000561186
-10.9337410891194,-7.70574454420689,41.6051374702658
-9.24464083278431,-5.94694717900296,39.5796373685139
-7.81339957980419,-5.50340448823029,36.8701174511727
-6.99996694850614,-6.08124654190999,34.2338585931984
-6.89707246741318,-7.39328387831124,32.1199216499298
-7.47980042821701,-9.29354978326848,30.895644212144
-8.67992457363771,-11.6178845661462,30.9892937547461
-10.3338494131949,-13.879397888525,32.833903806536
-12.0314987334598,-15.0232192789771,36.421216658435
-13.0491314842203,-13.876868149655,40.5422971053806
-12.7215172552401,-10.6040246004937,42.9849426760856
-11.114421995204,-7.10506622347082,42.5448236883428
-9.03675227864895,-5.02558735595169,40.0255490241438
-7.31291947403364,-4.55403713117724,36.8034203267014
-6.33683068612696,-5.20265209544628,33.7264765684923
-6.16799640934608,-6.60674866408899,31.2136299438151
-6.75699472071035,-8.65900924992682,29.6025514557089
-8.05306487695895,-11.3078352203275,29.3571454962897
-9.95187039234263,-14.1803439566972,31.092329533618
-12.0874192694648,-16.113119308967,35.1528161462044
-13.6177483411542,-15.3356647801026,40.4722524571343
-13.5402933893168,-11.4482970575823,44.1304498686105
-11.7086225272695,-6.85612980728222,44.0294202141299
-9.12645326834911,-4.05072860873555,41.1073994377075
-6.91692004724181,-3.31480800259924,37.294312645333
-5.58920158480444,-3.87880829820989,33.6523059632274
-5.17719875150516,-5.20154852428089,30.5677155014531
-5.58415373883831,-7.1719359433123,28.2871938428921
-6.76252528282845,-9.89339510982571,27.203564708559
-8.70974006994643,-13.3319442745781,28.0149091708191
-11.2747711114659,-16.6932181405935,31.6228430368224
-13.7611086875094,-17.7823752000646,38.0464231630641
-14.76898548677,-14.3777768144007,44.4059801026807
-13.3051018954242,-8.15815819777415,46.3825556743544
-10.1821866011753,-3.46862463925486,43.6872660375893
-7.0908658641244,-1.75138707374052,39.2046615142648
-4.98342802747898,-1.90580565716257,34.7885936885988
-3.96436236970804,-2.88993464488906,30.9266134571266
-3.839810636319,-4.36558407117359,27.7121482475155
-4.4666974143935,-6.45299235032554,25.2885159958841
-5.85501032460398,-9.46908812557091,24.0381334279716
-8.12697957361622,-13.6228144335037,24.8098513492635
-11.2886080199766,-18.2337918735637,29.0306740504953
-14.6302071614001,-20.3467157572423,37.4759542293727
-16.1770330191143,-15.9432400803381,46.4895352409019
-14.2333845844912,-7.18189469427601,49.0903769839866
-10.005998202586,-1.09588919989532,45.152607969982
-6.0029649955669,0.74472512368994,39.5024265183191
-3.35954524236252,0.534241152735471,34.4157664395287
-1.97649881437467,-0.185898228366201,30.0945609715684
-1.4344863634768,-0.95072623661925,26.3807137462337
-1.4189012380437,-1.79793317831029,23.1768063519213
-1.79966014676812,-2.95669133413989,20.4595076432303
-2.61500751857865,-4.78513386829006,18.2998643404082
-4.06430506983621,-7.81563444713389,16.988489548169
-6.51579044628254,-12.7321635155553,17.3912519121054
-10.3976900384896,-19.6995468256238,21.6612175477181
-15.4632208580889,-25.5351504554774,33.0733607420806
-18.9712024053403,-21.161866476518,49.0694782163133
-16.7534100881203,-6.28461689017627,54.9516959090938
-10.1879795252776,3.70997508282777,48.5834108141352
-4.07958694301204,5.97067240114219,40.8674918870602
-0.150983668948702,5.76598951690283,35.2370094501262
2.15586389444025,5.78366339688202,31.1387627164629
3.75239320093176,6.73986651029996,28.1255735998325
5.33148670354823,8.81306240203974,26.2638540104934
7.35380054737202,12.0428998775323,26.0768575931326
10.0373958691782,16.0031078164409,28.5676764203151
13.0809118403821,18.8558166474506,34.6386096589015
15.2085795113615,17.2801124817832,42.7313728464902
14.7218057379337,10.6967638393793,47.5092013919743
11.6404761641714,4.09548258209687,46.0730475932108
7.899692937947,1.01832605349533,41.3766525530121
5.05047428759444,0.620021639542604,36.4144735794106
3.43695540522537,1.31716460598243,32.0439608808174
2.82542937233955,2.40573646287466,28.3058720115136
2.95152329075014,3.84131569629345,25.1850751878308
3.71343217166541,5.90098446003627,22.7899237559662
5.19688391836545,9.02448346183414,21.4862006623421
7.62989098692111,13.6084952282344,22.1892364578424
11.1682424792428,19.1795559977684,26.6992079730106
15.1764312328561,22.3578599035593,36.6008522346873
17.2553195880111,17.3673619412972,47.9515501807526
14.9869211170754,6.42748529790136,51.1836004275278
9.87202455821285,-0.791252039867988,46.2252147418299
5.15344942220212,-2.68287276784437,39.779118494733
2.09165457110647,-2.4602509774041,34.3848547732463
0.397206038213362,-2.0448471622993,29.9712696481803
-0.541739779964644,-2.01511002422574,26.2413634158205
-1.2065076340347,-2.49919175101766,23.0591988633073
-1.92887358332511,-3.61500281407167,20.403509568554
-2.98743000712146,-5.64212280628575,18.383296184183
-4.70926456279553,-9.08846574975709,17.4014037619785
-7.52395699648372,-14.5481760380084,18.5948071590268
-11.7762567688425,-21.5883414864031,24.5142812320541
-16.7010737624738,-25.3523646140788,37.7549540724586
-18.8119352353304,-17.2192628329296,52.0078491936829
-15.0173817594716,-2.76302847184673,53.5364051379733
-8.36222557586241,4.48909384659991,46.1256177705397
-2.95988144903857,5.61835886019891,39.0362163109781
0.353810338225671,5.32460194298551,33.8736012780971
2.3226580270501,5.51562732766555,30.0058092976956
3.79165148891726,6.67732646237976,27.136542949031
5.37727951441144,8.9746298129477,25.4223417866354
7.50125578134407,12.4751891501133,25.4766951279142
10.3560344237416,16.6964975595269,28.4394550801411
13.5535290885116,19.4929546074947,35.2635113696135
15.6094755719232,17.1780673210373,43.8926297044869
14.7263578740866,9.74280229631085,48.2644254034976
11.2253459903573,3.06045973122045,46.0226718587023
7.30887068072362,0.31056162676214,40.9003510232228
4.4661346362368,0.127534764347759,35.8203931419922
2.90009279114167,0.85383690687158,31.4220800503576
2.29979299912063,1.84328853594763,27.6565324404889
2.37263475021933,3.08232293914377,24.4668391610853
3.00383786244316,4.84489900922933,21.903452407707
4.26961975527073,7.57597318381765,20.2142288454375
6.41587463058432,11.8099821586186,20.097812489663
9.7461481039792,17.6658808251012,23.1787843574225
14.0930374796702,22.9559496875658,31.8936327921722
17.551335306789,21.1646011913464,45.1551648183429
16.7435777624665,9.86963517543164,52.6059149186753
11.6718515434882,-0.218708653334923,49.0391087623682
6.09398652760324,-3.6121760823032,42.0077143838439
2.20632325309626,-3.72103171056159,36.0655818122555
-0.0450320258032312,-3.38127006713184,31.4041023256258
-1.37151168403618,-3.55132764221247,27.6079420037471
-2.40157914391721,-4.49120314101672,24.5180135321405
-3.594635768735,-6.40291032249654,22.2165661714534
-5.33597301044482,-9.62074572745717,21.1054570546087
-7.99646692619251,-14.4363648409823,22.2162597626636
-11.747645076707,-20.0879964438454,27.5153575396174
-15.7652414174815,-22.5240839515503,38.3226713671908
-17.356704021916,-16.0459926939838,49.3504964167422
-14.4066668302663,-4.81508185617703,51.0637575417301
-9.05072555399815,1.60238351154172,45.3647636586891
-4.46299619230146,2.97793427962643,38.935340208226
-1.58769749748175,2.65418631758428,33.6890959531566
0.000402752728583821,2.33004984756282,29.4015890881035
0.93159426010016,2.48383357406273,25.7882419387367
1.68293554628017,3.24660270191593,22.7448450645512
2.59775127412341,4.79539547933687,20.3050051505412
3.9921325672108,7.49792304001044,18.7086104085161
6.24460101041516,11.8969559740396,18.6789865160403
9.75870703071437,18.1822497604463,21.9917913665706
14.4257708716335,24.0123896801626,31.4906302705767
18.148135815081,21.8907652465023,46.1116664258637
17.0884834488439,9.15368667640621,53.8484533510766
11.4281766537423,-1.5355052759636,49.4074847529608
5.46047960378405,-4.74684147028535,41.9036808554692
1.40627166079677,-4.74796785887028,35.9425104157355
-0.954406741447075,-4.53634128830437,31.4338747100539
-2.44292454042465,-5.04445608540595,27.9010184071034
-3.74885145148762,-6.53413133504922,25.2559490183522
-5.37170086521735,-9.20567076169801,23.7741124144453
-7.69046400410072,-13.2047845980017,24.226019563771
-10.8764654993303,-17.9596070149784,28.0360539281179
-14.3906533447504,-20.6995696810166,36.3031023617019
-16.3320910063568,-16.9737094638245,45.9602259437425
-14.7178519228766,-7.98991514157302,49.5446576689584
-10.4688935893059,-1.22075811602984,45.9155711682841
-6.24047630643423,0.996029405340383,40.1380378729993
-3.37576485378864,0.899956306632921,34.898993962157
-1.83062495198925,0.237120230009541,30.4719294052973
-1.15969010566059,-0.422296399788459,26.6735881985671
-1.00403285409432,-1.06055585158102,23.3801527469909
-1.18500572122791,-1.84562489851312,20.5344857983437
-1.68001549296322,-3.03667140271729,18.1323032481171
-2.60253567626198,-5.0229148082615,16.267109989587
-4.21782423544051,-8.40843010985734,15.2950005292121
-6.96921445404122,-13.9682201369565,16.2917004600996
-11.3280588912506,-21.6885233497279,21.9396277840093
-16.7770584002678,-26.9661807123458,35.8433564669811
-19.6595855401504,-19.162046981951,52.5991503643201
-15.8722366709474,-2.60551844822692,55.3091745348632
-8.5073000068546,5.84899001824579,47.17205490146
-2.47334159663717,7.09709770183637,39.6509612055137
1.22826266341563,6.8060331622064,34.5620383271572
3.45891212822104,7.12493430944811,31.0395084049563
5.15985131081261,8.50798938310953,28.7467410958502
6.96761582208105,10.9625291661085,27.9197809506376
9.20953482449903,14.1649030591684,29.2119135635024
11.7987543134285,16.9445647659843,33.3305571965633
13.9620895885373,16.9799860027591,39.6902559076446
14.3864860337366,12.8373251096809,44.9345200707171
12.5219356881581,7.03814560797027,45.6237638828329
9.46209594197498,3.25182533100168,42.4734618594755
6.70529608275914,2.10951898476254,38.1139951592939
4.95038546590378,2.51480302566473,33.9509753881454
4.21789207865054,3.65862777942003,30.3527313851916
4.33828352890223,5.34679238018738,27.4470570775996
5.21905919355091,7.75000082501386,25.4677601696299
6.90089721352795,11.1329556184797,24.9517486326434
9.45907281088031,15.4052641546105,26.9347567607801
12.6557877308086,19.1127484347645,32.672178883223
15.3095288529074,18.7058591212495,41.4394426060684
15.4249546783988,12.2532218778404,47.8398568340353
12.4681038830164,4.59027033245645,47.3389278742695
8.38942184422435,0.635616248037302,42.5709383910215
5.11189684723623,-0.10356017205559,37.2908398315162
3.15845260742554,0.4544297189453,32.6559636464427
2.28160472535022,1.35839171021181,28.6879338821592
2.14212411013737,2.44588078007545,25.2978275655792
2.55674752896946,3.91496751382643,22.483187717592
3.53449019211703,6.15124594553204,20.3846734544818
5.26500904301134,9.68494003631459,19.4551434219324
8.07232779264891,14.97269403698,20.86348752564
12.134773103321,21.2251784450924,26.9282034976341
16.4835294765947,23.6240424198743,39.2279680254428
17.9293196470799,15.5834354084912,51.1260518408722
14.2558533661269,3.12034635865388,51.8310000809971
8.30616472468283,-3.11297844778497,45.1481470364074
3.4997094474466,-4.14325873102412,38.4970286421672
0.558075729779487,-3.8089558633093,33.3404406994741
-1.13142569179449,-3.7704233672496,29.2443068113078
-2.29360316770031,-4.48158388707154,25.9287095286902
-3.47274181920686,-6.13781804548179,23.4051805639127
-5.08848983351776,-9.01289302060513,21.9906986451884
-7.51432803747103,-13.3849505297124,22.5389480244716
-10.9683293764627,-18.7735851968092,26.7422842802253
-14.8970264514774,-22.0299707356273,36.1468013620584
-17.0668040402357,-17.6096089255043,47.262007081091
-15.0789457731679,-7.0973492051357,50.9289015670666
-10.1747680176738,0.250101521444546,46.3960607487878
-5.50400253144494,2.33862893743775,40.0539211411992
-2.42418217193046,2.16767281569981,34.6380492568841
-0.72411410673286,1.69105107186397,30.1800585843622
0.17600093711012,1.51573954141529,26.39603482022
0.739763639583812,1.75381419669315,23.1374152968386
1.27297286488522,2.46559052456683,20.3482308831383
2.0068524428905,3.83106584285506,18.0472099558588
3.19424802669746,6.23789197386476,16.3996313807938
5.19538763827979,10.3267583246488,15.9612096416082
8.49965135311037,16.7214063426537,18.2878946078912
13.3705158276169,24.2321458303323,26.6614546320791
18.313887407504,25.4839316760755,42.8127145544978
18.7910051239014,12.7100610511386,55.2874025340368
13.1113336844821,-1.46237939875539,52.3504399804694
6.08253415908089,-6.33117009891856,43.9131367420737
1.09006456710413,-6.56891305984319,37.4059700309133
-1.86507578899152,-6.37719299972917,32.9001093805981
-3.74499600424377,-7.02811566448579,29.6897608713387
-5.37228826616788,-8.77523730141714,27.669638517035
-7.28230737156217,-11.6091519477995,27.2317588173981
-9.72701808948125,-15.1224637844415,29.1846874125215
-12.4910304405602,-17.8076552596331,34.2650273334598
-14.5553721244242,-16.9381801909233,41.3478152853654
-14.4630540614479,-11.6068925105496,46.1773655759922
-11.9862186615783,-5.52168979957958,45.6935402286039
-8.63187284423423,-2.2099804367292,41.7444421087567
-5.89740864241471,-1.52748592185007,37.1099819401831
-4.28426437404845,-2.14741630365427,32.8882288072402
-3.68423296427601,-3.34585440881286,29.2775677393796
-3.89167032290006,-5.0322344453588,26.3505195535238
-4.826007425168,-7.45097889686993,24.3188104535904
-6.56384267308248,-10.9457840610791,23.7194047499634
-9.24052404865451,-15.538437546539,25.6678011758378
-12.6906414485711,-19.8076384648337,31.7007735062189
-15.6979929451233,-19.7338333949312,41.4095733253322
-15.9615760121264,-12.6475043461881,48.7709089397311
-12.7342541956319,-4.03750559869966,48.2544570954623
-8.23896188404479,0.270162357951392,43.0080675485714
-4.65784284879426,1.02455519119722,37.4018164276895
-2.51519047755552,0.511119091249479,32.5987955416327
-1.4744628286203,-0.190110782708072,28.5132460063712
-1.11178590588053,-0.858392784021099,24.9841763275062
-1.16474038018685,-1.60177802787501,21.9292579239529
-1.54532147005571,-2.65039849311609,19.324370900638
-2.31286430097837,-4.34562018494348,17.2234622769616
-3.67389411563587,-7.21175180004358,15.87266283269
-6.00748240315758,-11.982971028716,16.044756158267
-9.80561439544877,-19.0852046375387,19.7935010345792
-15.0431825521674,-25.9515787712594,30.7717228991279
-19.2339915922213,-23.1144248891746,47.9812279962207
-17.629427214559,-7.58334891737759,56.0159791486247
-10.8672443885435,3.98936940634329,49.8657947722399
-4.24130109162147,6.77380695298178,41.6925794127833
0.0803231014741108,6.60746450471316,35.9020832446565
2.62561794922986,6.62318120901543,31.8761378225714
4.37520193650235,7.62006226859454,29.0742272169389
6.06466197470333,9.72603771709495,27.5617322033401
8.138820413947,12.8222314842883,27.8729172425617
10.7146053232748,16.1913465295612,30.8586315163685
13.3236953983784,17.8380309904787,36.809646691763
14.7105858860645,15.278066222225,43.452358843932
13.7037636912558,9.29136192200754,46.3724776669412
10.7821964703219,4.13915489667736,44.3496461182134
7.60966467329516,1.94415686936578,40.0290277206492
5.31537091865986,1.85524159641156,35.5617172987772
4.12112600695216,2.73456683294729,31.605696411755
3.85744407382816,4.13159087127283,28.2841004593599
4.36276012610351,6.10485401209893,25.7219616121635
5.62009633197263,8.94865949813278,24.252735634239
7.73775815524498,12.9121011765334,24.6328128783427
10.7611415669949,17.5287769955876,28.2044904205946
14.1416662673201,20.2764785226311,36.0075970776995
16.0968806248042,17.0026704566231,45.3036420801647
14.7080426031206,8.53474761727717,49.1177134298663
10.701259350538,1.81331030358952,45.9199790666446
6.5824007817671,-0.553579007909613,40.3460702568733
3.7382095118661,-0.528714522142877,35.1573282288947
2.20168493662825,0.173599819975322,30.7393072192258
1.571861894144,0.967145437769991,26.9494724581883
1.51571473047347,1.84680892560927,23.6840577397938
1.88375139418783,3.03375606879393,20.9181534408072
2.70168301239424,4.88671545273485,18.7259601676655
4.16090212010965,7.93414579538752,17.4058089805157
6.61994065053938,12.8375840443791,17.8335163925038
10.484290086669,19.6987339832412,22.1458994668384
15.4640823779146,25.2750330305513,33.4696394335826
18.8267116400505,20.7697276892925,49.033539884743
16.5781774269641,6.25296300496815,54.6045674800868
10.1417746247235,-3.45198028015909,48.3556129556221
4.16587439648181,-5.67186975322369,40.753683169274
0.319955992577724,-5.46914750833246,35.1291551124629
-1.93202347479484,-5.46009424677314,30.9778430565672
-3.47773835696509,-6.35793452641014,27.8667982952568
-4.99912456721394,-8.35899124352563,25.8439658714355
-6.96413811947656,-11.5591536811413,25.3993877949125
-9.63429034429358,-15.6749421192669,27.5448789419566
-12.8075673975484,-19.0630919528126,33.4114325149824
-15.284212426527,-18.2061929591819,41.9593877422192
-15.1738952669307,-11.6630302532054,47.7596119449507
-12.158085671449,-4.38188506635968,46.8843739973624
-8.1981287133842,-0.762279484313008,42.1304912816287
-5.0784661530225,-0.154023536925155,36.9656366687087
-3.25080439068817,-0.761826453864256,32.4253892448684
-2.47071352696004,-1.72918753406526,28.5361044542327
-2.42630676564927,-2.93887610317317,25.2342043820682
-2.96492575081939,-4.62073283008077,22.5530450142026
-4.12662353658349,-7.1911432633501,20.7062022427256
-6.12616547363622,-11.1702881418894,20.3076015702243
-9.26003369447103,-16.7723964833247,22.8093167374585
-13.4649152057772,-22.2852725180995,30.5632130620397
-17.1553785847679,-21.8113742192606,43.3539979319901
-17.0413807391569,-11.6041917664137,52.0482686256987
-12.4500300568124,-0.950989169373319,49.733493166067
-6.8521094774968,3.1850901177224,42.876553466448
-2.76963824110482,3.53304163617718,36.7710426801814
-0.374392414231327,3.15015536475509,31.9544841260784
0.995324789619933,3.163331698609,28.0212616024806
1.97346676653939,3.86825347757183,24.7700724119691
3.02182465926995,5.44191583901678,22.2189241454896
4.51536124420596,8.19609081867268,20.6380086913365
6.83225243363653,12.5404011475076,20.8007923302457
10.2885640213645,18.3514115513049,24.425557801643
14.5713371188231,22.9322217889687,33.7238280686783
17.5429617878031,19.7957100648846,46.482550952126
16.1067876417815,8.37488144376708,52.2430942319313
10.9300994686009,-0.601923584528143,47.9593251867706
5.65654166777414,-3.33833000853615,41.1174635360676
2.08978675748283,-3.2977179093364,35.3959432749979
0.054361920069674,-2.94482613211494,30.8370886104612
-1.13350036585689,-3.07791322169674,27.0710205992662
-2.050736402886,-3.91072274531225,23.9532701458948
-3.11566516120037,-5.63230003830024,21.5358638814103
-4.68865549417324,-8.59306673541153,20.1353840840151
-7.15198936491481,-13.2202854737323,20.6298649268436
-10.8045630655004,-19.2473058936331,24.9253108626907
-15.1803021668485,-23.3983428390081,35.1992240164117
-17.8054005645029,-18.820974341472,48.0829521518496
-15.675761566462,-6.71150137356989,52.43263393465
-10.1466792942135,1.56016552564542,47.2037869397655
-4.94679992820608,3.70715545735013,40.3179222032086
-1.5547389048123,3.5270894774258,34.7545743225807
0.374041864297638,3.25897509178941,30.3391614656742
1.55425851007534,3.58011401568649,26.7129150040757
2.55988700413363,4.69393319549948,23.7764909196665
3.81526661148049,6.82648652411409,21.6612768344519
5.69783524507937,10.3451910070084,20.8553283500194
8.57291705054122,15.4858376805128,22.5632479494568
12.5242203172057,21.0841030604537,28.9176860831188
16.4099871053477,22.2764230962651,40.6328358554042
17.2490150295797,14.0601735414686,50.6918854545271
13.5283111417874,3.00522207526205,50.4899243620207
8.04891081264623,-2.30741821083795,44.1801875375522
3.71397948877141,-3.14452414153329,37.8947780249326
1.09172340410551,-2.75275556743513,32.8485360587122
-0.360703042607664,-2.54076544964051,28.7127265423039
-1.27074444955084,-2.88142812606882,25.2356641892431
-2.09862338038669,-3.91116808378156,22.3526458731447
-3.19137537001859,-5.86149786051683,20.1617594379635
-4.89189096882357,-9.16017139465848,19.0527989231321
-7.59908309397706,-14.2797960961977,20.0861798995082
-11.5935007270777,-20.7141150892469,25.516495564164
-16.1445152700811,-24.1477761378803,37.4623018838222
-18.2004257593288,-17.1997207066998,50.4925752533578
-14.9779389657144,-4.13811271147959,52.6343598519252
-8.91678438901811,3.07886426150627,46.1171550292977
-3.79135704158944,4.46144942941604,39.2171916170956
-0.597222708830228,4.16575687580931,33.9092476208698
1.24543959792289,4.11673463643237,29.7569783025457
2.50202928505336,4.84858935785321,26.4407618091159
3.75551633978376,6.56628518920114,23.9724794672147
5.44550936822096,9.51911147157096,22.7012055506164
7.93621599627367,13.8958864586947,23.5284357783654
11.3770286200392,18.9862370935343,28.1053664329647
15.0673707422074,21.4157735228502,37.5221140118612
16.7542443459535,16.3215843590392,47.617840848073
14.4685525991432,6.38368487915249,50.1464968419469
9.72563087697515,-0.0803473166187297,45.4866273795245
5.39014152973511,-1.80940461760631,39.4065670306988
2.58485533930255,-1.5525890502803,34.1712468501858
1.07858337647819,-0.9949936700105,29.8004500510418
0.348243003351791,-0.632033032817322,26.0551673825371
-0.00363272906352186,-0.506128505531804,22.7987886319908
-0.210194293287264,-0.575423527540415,19.9557758774581
-0.402295645118009,-0.83451112696488,17.4748321039591
-0.671858039982154,-1.35072626185492,15.3206270392609
-1.12202635934862,-2.29620862018461,13.483598627805
-1.91628304064435,-4.01243412059311,12.021167958751
-3.3437717543743,-7.12195050819289,11.1950603718165
-5.90306835731602,-12.6093510729341,11.9053090542572
-10.2825914100757,-21.2155149122392,16.8188658223609
-16.5238778887642,-29.470522712573,31.1421747605112
-21.0780216031973,-23.6011581342963,52.6904588532434
-17.7257729502068,-2.9881185935053,58.8256145532363
-9.03971313650768,8.36149213721221,49.3524788198173
-1.70594265725339,9.91392529876016,40.9760167365581
2.7756344307028,9.50020226390557,36.2114344220445
5.43616096121536,9.71341751709897,33.5834543746393
7.32862741341793,10.8134196316183,32.4758483974233
9.03560220577163,12.4192466123445,32.894634983988
10.6818716103848,13.7850217185995,34.896965543816
11.9869573599891,13.9195521354791,38.008266945884
12.4473226183094,12.2473209891848,40.8733365168388
11.7839596126689,9.442573682789,41.9727389401314
10.3042703086882,6.97216967567704,40.9439957088133
8.68414124107245,5.72669424471411,38.5971446540834
7.47953380071877,5.6958182397475,35.8900777723865
6.93690942764004,6.55765414985057,33.439289714641
7.09348169206401,8.08412728472315,31.640583825155
7.9075091493398,10.1453906829538,30.8740905218185
9.28626480916337,12.4903059524163,31.5829686115072
10.9920599532034,14.434879761354,34.0958900272231
12.4956554530338,14.7946100336134,38.0241495166592
13.040935218817,12.7530491240949,41.6830886180082
12.1889034298618,9.21474559922237,43.0316465752915
10.3316863309051,6.1998305305936,41.6770635560039
8.35057861470537,4.78528617439568,38.8084882911248
6.91161706699131,4.79324701425256,35.6234603883005
6.25631962063982,5.74697778889395,32.7639251682329
6.38532930722954,7.39167736077717,30.5894031449072
7.24609464174392,9.66653423675746,29.4721067769829
8.77856164318636,12.4367974823314,29.9386040838872
10.802242383671,15.0656387666037,32.5636170494926
12.7790736060843,16.0779681488791,37.2704427884324
13.7402506339777,13.9903858951634,42.1981472611683
12.9258950200738,9.55263413126226,44.3941223012464
10.6951745226395,5.57885956301302,42.9827807368105
8.2090714289494,3.68611656507344,39.5861163964254
6.35764016084858,3.55542013510813,35.8259120536555
5.42163928445733,4.45522606395075,32.4238138789361
5.35715269359583,6.03478949954759,29.673531035028
6.0810109643704,8.29368989014272,27.8655531819672
7.57071848951844,11.3129861975126,27.5064949053021
9.78684280199961,14.812868531156,29.4056754815638
12.3919896070821,17.4456708531472,34.2580757646962
14.3725623515022,16.7122652463391,41.0173874712845
14.3365155427327,11.7368870368772,45.7390835406969
12.0212853994815,5.89634309027927,45.457629328916
8.80799644114876,2.59477158678451,41.7460531321819
6.14254767492656,1.85195027529822,37.2509533993738
4.55368297169964,2.44745624937794,33.1088480347894
3.96988643787455,3.67276345513266,29.5666254995857
4.20683147382111,5.42652961330367,26.7296195928596
5.19103053713632,7.93393988171857,24.8451972671008
6.99012747866225,11.4858125801751,24.4975431857559
9.69502752492289,15.9540736537546,26.8196580904008
13.0277516111427,19.6616615821264,33.1376366005607
15.653979503152,18.7061348740241,42.40337905589
15.4607739820164,11.4893036162539,48.5358688890029
12.1394997946319,3.70750480146796,47.3196943974973
7.90520442814078,0.0574723367144004,42.1651891665336
4.64222438238676,-0.469077426913035,36.8011652980581
2.7428977322204,0.128707989987436,32.1689205450727
1.88867452887116,0.959362020668119,28.2078663936716
1.71627488585658,1.89105064920683,24.8030070446948
2.03049674394679,3.11018559783797,21.9217937540852
2.82243226369731,4.96554790221565,19.6373536363
4.25757546491162,7.9675317219498,18.2451886183978
6.66662974424933,12.7346449280678,18.5951542088808
10.4181374927724,19.3223493878693,22.7103752357807
15.2144312414273,24.655906187029,33.4703487284773
18.4934522542356,20.5852976795469,48.3026002790172
16.4933874384672,6.89840540138258,54.0254423816462
10.3908486319493,-2.69101066096563,48.3173463645427
4.5801016340603,-5.07363718004045,40.8710681977359
0.793639251568618,-4.90826267339702,35.1803047739631
-1.40784299170524,-4.80703228606182,30.8839537642752
-2.86640116347926,-5.52190222457428,27.5534432155557
-4.24854909176259,-7.27859759878657,25.1766738847135
-6.0333530123299,-10.2602038983267,24.134526213297
-8.56100117520131,-14.4756925949424,25.350121373725
-11.861234365179,-18.8825572845273,30.2709585943244
-15.0613505419852,-20.0699487734982,39.1944984007122
-16.066825015809,-14.5274617346714,47.48165983249
-13.5789832695165,-5.8410838074719,48.6981995102146
-9.25711266268939,-0.581132851793067,44.1783155170006
-5.47110416514398,0.743936694542967,38.5722189837366
-3.07872340390639,0.37405840566964,33.6336076677438
-1.8768569650866,-0.374858061973069,29.431885743025
-1.4525231175885,-1.16332880784574,25.8150858087775
-1.52614964167261,-2.07919824050837,22.7027619164076
-2.00302602883555,-3.38181840020202,20.0905356540903
-2.95602398077142,-5.46801847274823,18.0892606669621
-4.62316274134652,-8.91664862246112,17.092607697618
-7.40360725173706,-14.3799447002588,18.2182001392253
-11.6538897344747,-21.526336532294,24.0227219493523
-16.6641499274865,-25.6077512340244,37.2887605134157
-18.9478850725167,-17.6696426072281,51.9874714946739
-15.2171297562532,-2.88535498989384,53.8566466282583
-8.46286049334659,4.64593387184676,46.3796688930537
-2.94226513434474,5.83559548545804,39.2002515942001
0.45098575664562,5.54581558427165,34.0219991680794
2.47107580867454,5.75136232348859,30.1836745879186
3.98108625894035,6.94672180220428,27.3787515107083
5.60667013456437,9.28216706834568,25.7759549123695
7.7630184818641,12.7770732845168,26.0072609726295
10.6071612057076,16.8395042528674,29.1843541101493
13.6812714676145,19.2203364953958,36.0532562219221
15.4809964186504,16.4924833689796,44.2328279694566
14.3894832561174,9.20728780404621,47.9368884257731
10.9150901290803,3.01365073846642,45.4622127084567
7.17440385046309,0.561149740033442,40.4428208128918
4.50833981924571,0.479304618990752,35.5018568779105
3.07585596590854,1.26263129745136,31.2113638739586
2.5861373667366,2.35106275840365,27.5456391577986
2.7819391729626,3.77401815691816,24.4834209572412
3.58446516781917,5.84006022986669,22.1331210833067
5.10336328217259,9.0132968297127,20.8654485595203
7.59283934864412,13.7252702232481,21.6261916127109
11.2365253262624,19.5159600397981,26.3192459624776
15.3874694316135,22.8218955239557,36.680975193174
17.5050055596933,17.457543035827,48.5098392602695
15.046581601338,5.96784461574078,51.6107720636082
9.69366823602578,-1.34554824071088,46.2857913469884
4.84749158871954,-3.14299494582301,39.6879302318894
1.73316215775423,-2.89870922427008,34.2819980546316
-0.00723139783095488,-2.56684705501653,29.9046350185598
-1.0289625368135,-2.72600214869084,26.2410907200847
-1.84552463314535,-3.53445461031242,23.176568841416
-2.8280111433309,-5.17733280567212,20.7559811756323
-4.31114627027012,-8.02287373715369,19.2571710511991
-6.67859996173695,-12.5744060714884,19.4853714321537
-10.2928983922227,-18.8191132449095,23.3154640585466
-14.8744457830324,-23.9082213747277,33.3540461079717
-18.0839746140701,-20.4325521406052,47.3409941923746
-16.4166172984424,-7.74916778926889,53.3200412964096
-10.7280879679248,1.73695342682998,48.3138418472066
-5.10787067140744,4.35307922462291,41.0800173245778
-1.37734770638007,4.24965137094025,35.3270711723195
0.775191822555503,4.03471865685751,30.8810919100781
2.1306029782221,4.50471457652171,27.3249039809539
3.32827505029451,5.898023099381,24.5773613671185
4.83892843037713,8.44106182800835,22.8709722291132
7.04971464500555,12.3900831081003,22.9032552419851
10.217892565324,17.4769402406528,26.115904276085
14.0109176186504,21.3241444340801,34.1425308531164
16.6380249604805,18.8264280172917,44.989216247755
15.6023061265917,9.40389510460865,50.434548408755
11.2657343835675,1.27883154733426,47.3392066145869
6.56919696344681,-1.65280578785472,41.2424334197029
3.26652246316234,-1.75332867736736,35.6901300017664
1.40652678985114,-1.20223295498079,31.0777569902104
0.478723634783971,-0.777364218315146,27.1573350330641
0.0286392413076959,-0.607744019705168,23.7600791500072
-0.226864913640151,-0.663941699200608,20.7974325761736
-0.449341235974945,-0.936773704652865,18.2140126519168
-0.748204392242777,-1.49286525925181,15.974062408579
-1.23858675800116,-2.51178466683057,14.0718098156166
-2.0962031369533,-4.3520977330847,12.5789318659331
-3.6260247823327,-7.65975357930247,11.8008104981702
-6.34145291023324,-13.4117485246486,12.7571007229105
-10.8999518296637,-22.1130104208019,18.3446516051731
-17.0983642943476,-29.3866183317925,33.5746437553649
-20.9375148180977,-21.4719186768541,54.0805925804442
-16.8223993312922,-1.45593511898191,57.8101588938021
-8.2573750262373,8.33223585705352,48.1978203869898
-1.35860597159129,9.46863541987408,40.2674084504493
2.81349010326649,9.09223700598766,35.6518389706231
5.32399398729549,9.43071721989632,33.0043413540579
7.18324039023422,10.6972596264842,31.8449400538404
8.94733773219565,12.5261367163809,32.27478043375
10.7245743211245,14.1430609045736,34.4500247708172
12.1903805027337,14.4164129503456,37.9414457199283
12.7455746063783,12.5988264126697,41.2402126765382
12.0274193531872,9.42457579294423,42.5390740526039
10.3710649051484,6.63317683076,41.4009075092049
8.55630041282908,5.24990232481409,38.8017246207732
7.20898569719186,5.20507242984547,35.8356592398652
6.58543437570262,6.09711086393545,33.1488377978273
6.70948478790517,7.67732798040869,31.1250456612319
7.53528835858024,9.8492976361756,30.1422410884221
8.98829921253893,12.4254931729257,30.6901442646958
10.8630034456572,14.7508099997255,33.2341923140698
12.6276250103938,15.4874934280816,37.5614998239941
13.4135443672345,13.4590788230937,41.906423191381
12.6061226971151,9.46567773992455,43.7497619189499
10.5665822546967,5.92704577107587,42.415298245457
8.31605102592571,4.22438268689181,39.2890309717537
6.64487769114332,4.13198045123428,35.7945184475295
5.82510588202673,5.04475306543638,32.629330552389
5.83985267887245,6.65491089905916,30.1256325263356
6.62371750763604,8.93497534063484,28.6171378649086
8.14021755358405,11.8702017754511,28.6314763496987
10.2865856999132,15.0074202177334,30.8945488853952
12.6220577692036,16.8883873000324,35.75608159157
14.1227440249668,15.4332059260729,41.7098135860777
13.6817261217269,10.6283684195528,45.1805944945904
11.3735388944875,5.690608654444,44.289159848337
8.50011816527213,3.097059518064,40.7106303450232
6.22708156725251,2.65466107696218,36.5624456487315
4.95195730817032,3.39069199842603,32.7565899668119
4.6161565343628,4.78609771311139,29.5598474042908
5.09039895151078,6.80633527478325,27.1664505618508
6.33984563508168,9.64245098369344,25.9574801500988
8.40825306652641,13.3677277812418,26.6862554742627
11.2109391673956,17.2524789639546,30.4642834538608
14.0589784665229,18.8321839750145,37.6346596666592
15.34150956429,15.1711243121544,45.0963861166059
13.7646385370339,7.98439343077828,47.5041013274707
10.2300937335983,2.62874595198594,44.4335190197679
6.74716514500402,0.763452248249983,39.4741555237124
4.385292011157,0.910651225298449,34.7332191862102
3.19445131454401,1.80087743119545,30.6234554334675
2.89718684078207,3.03006654123822,27.1343729156014
3.28677635712914,4.70402569245204,24.2963519152391
4.33750079750111,7.17540699512676,22.310272915329
6.19923533876316,10.895498132354,21.7372430150961
9.1017971878166,16.0240684430907,23.8495254039838
12.9658179178519,21.0845804456256,30.6346248898991
16.4432646703393,21.146388562541,42.0033194584966
16.6969196170928,12.5958953186064,50.5209436769697
12.8249804127564,2.60328159227269,49.3902840394605
7.6639028900958,-1.88542164184285,43.2392576466691
3.70805845891526,-2.48933698720337,37.2393325702617
1.35936667671145,-2.03699467085589,32.3319590003421
0.104081604393406,-1.71056984242299,28.2382554091788
-0.613430150843884,-1.79599915200297,24.7367961910223
-1.18214578097709,-2.36135720718146,21.736627958141
-1.87331305189443,-3.53998192718052,19.2323605530248
-2.94019007588724,-5.64849784498652,17.3430549525639
-4.71211752710803,-9.24657968226096,16.4972690568051
-7.64285962219972,-14.9865543551591,17.9219932708052
-12.0974695564779,-22.3713501762206,24.4057993922254
-17.1967975564504,-25.935346995571,38.6733718425173
-19.0867588899389,-16.5198992226576,53.2355795743495
-14.7293580521634,-1.46250057777341,53.7262700915501
-7.75618349031469,5.3743994551333,45.747328304435
-2.31330288419581,6.23090126794422,38.6988491221192
0.98256767059544,5.94795432740468,33.7279620884751
2.97993139824477,6.29830586983273,30.1069136763573
4.5465816567408,7.6942466173532,27.5838472904279
6.28815838634828,10.2310646696201,26.4077353577391
8.5704901271984,13.7795097735467,27.2937177835807
11.4191589732305,17.3877257695142,31.2716644155933
14.1389719257102,18.4776597889009,38.4094473732731
15.1593700059188,14.4598774286016,45.3356713376692
13.4050758987828,7.50060913463416,47.1257183331535
9.92103357414853,2.59772329656982,43.8797436845043
6.60965088885997,0.98894326028909,39.0154290005393
4.41367706216562,1.23109663673304,34.4002676016719
3.35066664352587,2.18416407117233,30.4005489062763
3.16260567517021,3.51590115883386,27.0279429232996
3.67370833919687,5.36613230198562,24.3524543331931
4.88599686867229,8.10001567540063,22.646618045049
6.96028228764895,12.1163895715685,22.6074844168908
10.0704184892248,17.2858640643385,25.6746972714038
13.8929410175137,21.386627900701,33.5845064413651
16.6717574096681,19.2515971835137,44.6413687589311
15.8060891614609,9.82202147092436,50.5719270533622
11.4851469546916,1.36955905395751,47.6794394306574
6.6882463985163,-1.76500519204835,41.527999243152
3.27966280329084,-1.92286383434107,35.9020336681372
1.34354883456748,-1.39164344848205,31.2467288476043
0.359047388319075,-1.00438197089861,27.3018949621647
-0.148638576779864,-0.915078725867533,23.8904357617249
-0.484085409723999,-1.1193371889506,20.9236910703061
-0.835149217298243,-1.65176347543541,18.3543423595042
-1.35167518748266,-2.66009073393289,16.1721673709196
-2.21770771192035,-4.46807388040923,14.4469278021588
-3.72556157627957,-7.66399286193868,13.4755177301032
-6.34830435959059,-13.117128608109,14.2176433741465
-10.6710004106747,-21.2278407768773,19.2974078049172
-16.4975776384504,-28.117833887014,33.1322753057182
-20.317896249948,-21.6874210050978,52.2447050565695
-16.9480617077866,-3.2962419005195,57.0794506766983
-9.01664849885533,6.82965819275971,48.5009713406905
-2.30905184616402,8.37454201573305,40.4769991899396
1.82496637292543,8.05027491152019,35.4148159176208
4.30396847726964,8.34211484125564,32.2058875766509
6.14276110570056,9.67075392313597,30.3973993873373
7.97793529923438,11.8720255114566,30.1704242899762
10.0463223428155,14.3534626994334,31.9787942789672
12.1169861196572,15.8289303067645,35.9507048092564
13.4381735367882,14.6939965310783,40.8197481373481
13.1793838078873,10.8877270124318,43.852500173175
11.357204879451,6.72855929028397,43.4223556736897
8.94907334103514,4.2963106486231,40.5420996742767
6.94947190216611,3.74045473739099,36.9154080844294
5.79528051726261,4.38665863238588,33.4799558518277
5.51711876932214,5.78252495501306,30.6180483225587
6.03734816292442,7.84013232767883,28.6144984124414
7.31477069899723,10.6165487051312,27.9105888250989
9.31254005399507,13.9318237882004,29.2166658949857
11.7782852731577,16.7522330353644,33.2533846449173
13.8912835030254,16.8847420760916,39.4894355715608
14.3430452382033,12.9191033988608,44.7092400252733
12.5563136006519,7.23332859780804,45.5176730193049
9.56061038222657,3.43778845007568,42.4981434619248
6.82805884494216,2.24844377966056,38.210528667853
5.07266596173626,2.62575932011985,34.0820306633004
4.33424370359596,3.76566769145883,30.5076383299027
4.45286428487843,5.46400525471942,27.6292877236021
5.33744108083395,7.87931000850349,25.6907599959475
7.02336090778572,11.2559517548314,25.2370548587668
9.57061399717672,15.4625629342318,27.2950078143873
12.7131348698574,18.9995018583919,33.0461886159885
15.2550679903129,18.3987435219351,41.6222264956635
15.270290512254,11.9926771865849,47.6936306159646
12.3245214280073,4.58217462909379,47.0590809086611
8.33957324189891,0.794018681002858,42.3548548658756
5.15702135353593,0.105658692489207,37.1596410545554
3.27293834718512,0.687163914225081,32.5838975859383
2.45140295994996,1.63808100980815,28.6639556267869
2.37325758495107,2.81909110703925,25.3304452803096
2.87534041529197,4.44827201361845,22.6070289987058
3.98739096415997,6.93325757848603,20.6877726623308
5.91630268343745,10.7976316339703,20.1435238190542
8.9659194921894,16.3233640121979,22.352513785474
13.1386942636625,22.0451700480219,29.672118276148
17.0064613986466,22.3047397552243,42.3800418015376
17.2769331771778,12.5669124586771,51.8852006239833
12.8913125559536,1.45490870388316,50.2435882337677
7.20701129729425,-3.14814013435977,43.4125575457288
2.96089097395456,-3.64093764161731,37.1852347022082
0.445093867210858,-3.26199949092116,32.2889988271703
-0.991740548857222,-3.253006302711,28.3107876440311
-2.00292139807795,-3.94234405420915,25.0317246023389
-3.06712151258466,-5.50871432116288,22.4645217042116
-4.56769430116878,-8.2550610567421,20.8798084284598
-6.8826641837973,-12.5732893742957,21.0501062808428
-10.3184858412651,-18.3109365863371,24.6729835893371
-14.5478786495521,-22.7695838598143,33.8833395442248
-17.4530296933566,-19.6130996607003,46.4147705596342
-16.018635152673,-8.3895502456767,52.0439269734081
-10.9191137245394,0.440554414431393,47.8373019953226
-5.71935591877486,3.15930859191603,41.073543181815
-2.1972119179623,3.1216391938163,35.3746875337654
-0.19253313109332,2.74627401423845,30.8097649683776
0.960491434326544,2.82134298146948,27.0207055060265
1.82456641945929,3.55090994107213,23.8567338545502
2.80409453727253,5.10754360965138,21.3442828902144
4.24453104804699,7.82893229637131,19.7369516620581
6.52379037047477,12.1913630519454,19.7797421205662
10.0023780009189,18.2331006228735,23.2153894194675
14.4736394040992,23.4482165165337,32.5732559934035
17.8285785580278,20.8606894301053,46.2337998999616
16.6074308613697,8.84035131460526,53.0102973946782
11.2171651275025,-0.993327011599237,48.709614304718
5.60430270806445,-3.99851467940671,41.5522384356344
1.78968694287748,-3.99187783341792,35.6954057356236
-0.412637792965787,-3.70881084376939,31.1369661076266
-1.75231055051617,-4.02645692530859,27.4549588587294
-2.8651488959276,-5.19414764226054,24.526147766779
-4.21839936420119,-7.43166916992599,22.5039370947222
-6.20438871308334,-11.0539644950985,21.93652267908
-9.15401421150381,-16.1182226794456,24.090546765458
-13.0122187437179,-21.0605817171742,30.9123067691072
-16.4246772369289,-20.9513908990786,42.1829619418947
-16.5984462874198,-12.3936561108269,50.4550182428243
-12.7222923484771,-2.57889556899129,49.2136780411439
-7.6202287959684,1.79538756918694,43.1026436565125
-3.72470049918983,2.3702254734991,37.148443153169
-1.41848835072425,1.90710250780502,32.2623137458991
-0.195644402215209,1.55568048228288,28.1754791889929
0.486755148146732,1.58800546655452,24.6714563745913
1.0047989550941,2.05763838382169,21.6558328890752
1.61427868749897,3.07330184179961,19.1084637548495
2.54633348199869,4.9125590699625,17.1072906554666
4.10008150801577,8.09470336723731,15.9713440203087
6.71027130320306,13.3349777524171,16.6666305099548
10.8455444503283,20.7278577061682,21.6160837346387
16.1480118449835,26.4114427398169,34.3365671785264
19.410281129715,20.3417373701087,50.9679666867908
16.3859272605078,4.35690534737918,55.340801776215
9.32986884951251,-4.95514632082625,47.925506840723
3.20608343210447,-6.66322935016691,40.2409652193819
-0.626176840480608,-6.39302449712515,34.8837935644675
-2.90413100694672,-6.57280820729405,31.094150955915
-4.56840225149339,-7.77867188304218,28.4740620980181
-6.29036602787715,-10.1013668826429,27.1879881009893
-8.46639345949038,-13.3884465240927,27.8577450773929
-11.149122432997,-16.7707854306044,31.3854109721976
-13.7398774961776,-17.9793801885678,37.8600485163102
-14.8490146149747,-14.619757262566,44.4262482632497
-13.4239341589175,-8.26231217656439,46.5794102771163
-10.2575010144044,-3.40594385202595,43.8961196978115
-7.0920533967684,-1.60825773979558,39.3486439133272
-4.92112590123119,-1.73461502739319,34.8682333100142
-3.85428781964319,-2.69364545033496,30.949778559958
-3.68702079981563,-4.12410212237811,27.6723229249844
-4.26455489855778,-6.13970678926907,25.1579088476297
-5.59037530020341,-9.06760320683884,23.7546754195308
-7.7952034394423,-13.1743810073296,24.2640967856866
-10.9346382769631,-17.948796249324,28.1198526087192
-14.4137670264414,-20.6444641524208,36.3953945695048
-16.3132178309477,-16.8749407508839,45.982756860991
-14.6736628608751,-7.93253422213982,49.482212726923
-10.4351304899942,-1.23284519076108,45.8397742123296
-6.23277362100998,0.951975058336352,40.0832692399638
-3.39064311154272,0.846928734606537,34.8615347861082
-1.86199251451058,0.176328882477968,30.4451761117025
-1.20578487044268,-0.499719794398869,26.6550659553736
-1.06862080292956,-1.16980311395575,23.3706431842348
-1.27807475643996,-2.01072101561897,20.53883461009
-1.82009019706157,-3.29707438408097,18.1644532332331
-2.82134739034225,-5.44286063558525,16.3651735018793
-4.56606563966444,-9.07954740380442,15.5626603623907
-7.51128667386249,-14.9498363550773,16.993875136083
-12.0684100878503,-22.679662814659,23.5781150564798
-17.3973738635599,-26.6541774467008,38.4312366394741
-19.4432156120843,-16.8382503076125,53.8728358664822
-14.8771716172388,-0.941375861937325,54.300679489732
-7.58472640973659,6.07412883392871,45.9228819116604
-1.94673707245788,6.87220230542328,38.7906923951804
1.45599873538981,6.59735863754882,33.9275688884171
3.5386492574101,7.03183540514695,30.5120868338223
5.19873374331744,8.54336531097992,28.2987959654721
7.03425335896194,11.136480397147,27.5810418394276
9.34819517962928,14.4738665832132,29.0708404596599
12.0178006055864,17.2873659107303,33.513213370921
14.1903509325779,17.0893679239732,40.1921863510422
14.4780241492336,12.5266572716686,45.4243924968518
12.4009071887941,6.52863353230917,45.7693313336507
9.20248668270795,2.83497228222286,42.3153469177295
6.41535420733208,1.83370313312934,37.8183623158848
4.68410735785942,2.3127104111876,33.6034901876361
3.9813547196375,3.47096806303441,29.9749263165927
4.11841755955438,5.14487444720479,27.0328891116639
5.00251474823378,7.5326829106419,24.9945776894925
6.68649792607492,10.9371800610463,24.3853475883068
9.27449969219881,15.3388832835787,26.2616391705676
12.5777406611473,19.3546673729436,32.0145184838731
15.433259194823,19.2697428635002,41.1667760948456
15.7117466432537,12.6776021538248,48.1627673420051
12.7056955934554,4.52897705767664,47.8549979046666
8.43875733037629,0.288522931170443,42.9309334291437
4.98624062819256,-0.522869781592523,37.4863162903497
2.91027020360148,-0.00166616481392053,32.7479981158799
1.93463977480136,0.810579877302915,28.7015275471491
1.67991761913239,1.71056956327957,25.2215529927386
1.92308820388974,2.85383048855056,22.2615285810705
2.62836258099745,4.56486931583916,19.871871252418
3.93448395413037,7.32628448830389,18.2935062460754
6.14914339187496,11.7605505657524,18.2434553605111
9.66383994730541,18.1415398681386,21.5069860779045
14.3989253107957,24.2139431960096,31.0444467681961
18.2657862603839,22.3018008475317,46.0322766513144
17.2796088471194,9.29719503870234,54.1703907334693
11.5177405886247,-1.74068372185829,49.6844500449047
5.40982308330907,-5.03759131526333,42.0447167549293
1.26055912667912,-5.04084839409156,36.0467242917158
-1.16186020773434,-4.85304944120842,31.5649689236665
-2.70576615592129,-5.42577669832876,28.1005336222795
-4.07927240298301,-7.01900284027466,25.5793053212645
-5.78870799894219,-9.80995482950664,24.3205751671453
-8.19538813432908,-13.8494048298011,25.1559203273685
-11.3907143011075,-18.3101754209404,29.4747558865381
-14.6672794998136,-20.1508722334288,37.8985268653683
-16.0716665987278,-15.553021248795,46.5980294676183
-14.0400023587225,-6.95210578619998,48.8606781187722
-9.85655087241911,-1.12459791294471,44.8650223622966
-5.95359453660274,0.595892656678624,39.285606955428
-3.39692077467333,0.34981111400885,34.2619019787613
-2.07734499521528,-0.399339228553252,29.9837578039987
-1.5909349368709,-1.22368345087632,26.3072407300327
-1.64308190180045,-2.18370286253025,23.1489280411095
-2.12570424894362,-3.5378089808345,20.507316567512
-3.10506969417057,-5.68857982431975,18.5046042298
-4.81640152057326,-9.21288027985593,17.5610600693985
-7.64933917574744,-14.7192686315542,18.8423593147964
-11.913974335741,-21.7066072022698,24.9163271748193
-16.7783037450076,-25.184636470928,38.227267964717
-18.7222603588396,-16.7779207818298,52.1325865200633
-14.8234552981154,-2.54095242624922,53.2864235772685
-8.22115230140762,4.44269594415274,45.8757923766508
-2.91334879818271,5.49504678807327,38.8627811711432
0.331959012639888,5.19769613395988,33.7307217079825
2.26012929966639,5.39074304401145,29.8614780986815
3.70343665497535,6.54578304354353,26.9705582462039
5.26987136592344,8.83383359492709,25.2125065038931
7.38184048335538,12.345944526607,25.1950831514372
10.2468477132069,16.6491555347453,28.074413928173
13.5068722723453,19.6399799080905,34.9003327756346
15.6825207632447,17.5030902584091,43.7603953803999
14.8877820543902,9.97048224008499,48.4458872274548
11.359817196692,3.04422119734232,46.2921707832228
7.35068714828576,0.158666541503172,41.1028986006472
4.42137412035406,-0.0656481571030328,35.9505877902241
2.79173098266689,0.634368946148411,31.5006881234868
2.13778969167681,1.57140702699629,27.6894908554708
2.14803750010809,2.71087004154557,24.4421182156081
2.68840909087725,4.3061379555362,21.7814675442477
3.8148785612877,6.78140258552542,19.895807151094
5.75898558797955,10.6916433053868,19.3528913430247
8.85956312914101,16.3879502779306,21.5664806573134
13.1690931595907,22.4566996010029,29.0705491662396
17.2485712221059,22.9278381699797,42.4110701208274
17.5816635791854,12.6751182047726,52.5107617410541
12.9747924252133,0.96212453982877,50.7011323992204
7.03016228036509,-3.74548652386103,43.5575334298284
2.62670112517902,-4.20395558320227,37.2313345156547
0.0159598866435553,-3.8635997803181,32.3602344453285
-1.51602177466888,-3.99974229245406,28.4711157809833
-2.66697359673455,-4.95442004434568,25.3576165510772
-3.95014726891698,-6.92906745589474,23.1069255577998
-5.77395705305409,-10.2124226007923,22.160971721058
-8.48855810639669,-14.9586561437387,23.5949253488258
-12.1638409403801,-20.1025852021162,29.247642507618
-15.8052284190407,-21.474462928279,39.7442135829618
-16.8251854480197,-14.5692483849527,49.2743914983952
-13.6992911523145,-4.38278137718369,49.9340229518527
-8.67488676025233,1.10323240612508,44.3790770761741
-4.50453134903735,2.20170551009767,38.2881663061206
-1.9339188144523,1.80798432327508,33.2116100037575
-0.566650852300212,1.35093888696656,28.9790796829792
0.145199094997575,1.2047470752078,25.3515396003969
0.595124863135312,1.41555553114236,22.2104591770226
1.0331205674005,2.02537568258291,19.5032446575993
1.64980264096907,3.19388261646111,17.2306502958973
2.66222589865303,5.27384762304774,15.5013697389253
4.39594644824636,8.88510415619974,14.72118910786
7.34080124590183,14.8208779318951,16.1152451269361
11.9666337422015,22.8438475414691,22.6866574411483
17.5090529522291,27.3209272783644,37.9545805546813
19.7785250447621,17.3475767418574,54.3208422168068
15.0996604760036,0.625888050296265,54.8987278587402
7.51655537037378,-6.67090817542577,46.1839757248452
1.67244325264056,-7.45146411542477,38.9571563558955
-1.84817827123046,-7.17499619783816,34.1873856721912
-4.01201879085356,-7.6524502341907,30.9617196230319
-5.74043224818393,-9.20741721234566,29.025002534718
-7.61888175017861,-11.7506153973445,28.6803062598632
-9.88929193751306,-14.7718726735309,30.5716443005542
-12.3198594216989,-16.8512663299941,35.1244743920437
-14.0148107975203,-15.828763808676,41.1052594400358
-13.8377891645746,-11.2680678695398,45.030362064827
-11.6924535975359,-6.15221887900701,44.5974665461605
-8.808731489214,-3.25451793209259,41.19182411535
-6.43007079134059,-2.61525012580966,37.0348703231183
-5.03646840513597,-3.25224434314203,33.1647708954809
-4.59813087145467,-4.57838693668558,29.8838626828163
-4.98086096809485,-6.51548471401411,27.3766944718334
-6.13664641531413,-9.24437944519356,25.9911752675387
-8.10726682041418,-12.8813648203125,26.4286815107278
-10.8451112862056,-16.8491921942929,29.7860505629069
-13.7655533686411,-18.9057110732111,36.6352807660944
-15.3421087779227,-15.9191265578141,44.3906681620525
-14.1092839001461,-8.84445624337218,47.5875753956945
-10.6917168489171,-3.05698835424368,44.9914775117985
-7.10981261455247,-0.824080456220256,40.0878080750667
-4.59039813246316,-0.814474820205093,35.2725796276335
-3.26763147849456,-1.64867936931373,31.0806781750661
-2.87255951286576,-2.83226651087354,27.512044896159
-3.1786364038472,-4.42674506462751,24.5814678442546
-4.13595640730277,-6.76249632124778,22.4582596089074
-5.87508022543283,-10.29178292237,21.6365634012903
-8.63019006318904,-15.2681529862122,23.2723891431104
-12.4116211918795,-20.5713058972413,29.3297749154658
-16.1088220547612,-21.705941862488,40.3694849440048
-16.958035007077,-14.1202932316227,49.9455539170956
-13.5206265021206,-3.65618574729476,50.0536335699824
-8.31875710530504,1.62616751861547,44.14505999272
-4.12368321502512,2.55700842746688,37.9942822166265
-1.57051137030535,2.14889869941556,32.9473219492803
-0.194711261284176,1.78777525294612,28.7605500526207
0.580030841840462,1.83281098499948,25.1897909003227
1.16889547371826,2.36355219195379,22.1318291299452
1.8584546312018,3.5045582973017,19.5752713601982
2.9061515595738,5.55667962570207,17.6310655545147
4.63671230051341,9.05994197475556,16.7062141528434
7.49481257405415,14.6595506092298,17.9684986458403
11.8542396244577,21.9565240732526,24.0955612354155
16.9362402689293,25.8568720221753,37.8946387414043
19.0620854530194,17.1910183530599,52.6546560768462
15.0149997601719,2.15830064711418,53.8816923075598
8.11498978837856,-5.07630141632623,46.1081351629252
2.60485406164987,-6.09808846655089,38.9713696469876
-0.755446582765218,-5.80938660710445,33.8980300836678
-2.7745907932114,-6.0935094214725,30.1803824861171
-4.32331184207945,-7.40266960535932,27.5374259436128
-6.01941913797185,-9.85557976962904,26.1829319642714
-8.25167418127534,-13.3848559384895,26.7988267524719
-11.1013454747667,-17.1849175450069,30.4551669837116
-13.9680888429082,-18.7942231229849,37.5033230701741
-15.2971926999128,-15.2600387593326,44.9401962131827
-13.7932067876752,-8.15002688346669,47.4567540457905
-10.3073041568662,-2.75861543829034,44.4915792619483
-6.83245537320454,-0.837096560841714,39.5707312437768
-4.45914514837972,-0.956748254519684,34.8354811138464
-3.25602086481706,-1.84318743765365,30.7246317502374
-2.95272239549602,-3.08091226490953,27.2359229137087
-3.3435126514837,-4.76993030355906,24.4036685028117
-4.40174075031379,-7.25979582003776,22.434365994666
-6.27482381519841,-10.9940028577533,21.8983310652397
-9.18461641441119,-16.1057758478881,24.0747991646099
-13.0300436643426,-21.0636813903729,30.9174698444518
-16.4355087372226,-20.9456325793672,42.2021614886542
-16.5990430147516,-12.3721628724837,50.465240452635
-12.7141946522243,-2.56019229239438,49.2064501907013
-7.61019047213331,1.80403537895959,43.0899081964714
-3.71641811382404,2.37410132659894,37.1367374228702
-1.41211230653808,1.91061721745463,32.2524080394743
-0.190078203919512,1.56089512803203,28.1671409984465
0.492781204826639,1.59623691907222,24.6646346220165
1.01263262127896,2.07062161623832,21.6508201243862
1.62565898563141,3.0940147137968,19.1062456784825
2.56389956037656,4.94604182408448,17.1106483608012
4.12795594478905,8.14846351094978,15.9879042714863
6.75394411380977,13.41533408972,16.7161517144624
10.9071268754453,20.8174607155869,21.7387528704965
16.206832250959,26.4138483940813,34.5504893797745
19.4071752055236,20.1626639041883,51.1124378145094
16.307454588013,4.19059543822757,55.2779037578835
9.2458755734512,-4.99171520194078,47.814361392547
3.15426824768603,-6.64823434235088,40.1610241485609
-0.650350199944765,-6.37525319181742,34.8259408485613
-2.91362910710453,-6.56419969206303,31.0471077794465
-4.57306601118827,-7.78089746112193,28.4345060590627
-6.29651382180835,-10.1152263240041,27.1575929213852
-8.47817182464716,-13.414307362381,27.8430508444788
-11.1681030399278,-16.8024532513946,31.3974826538541
-13.7614432878071,-17.9953030552029,37.9032186770936
-14.8604123904486,-14.5969887677395,44.4756311133553
-13.4155133642182,-8.21483177473834,46.5984199230889
-10.2344836354182,-3.3654797644137,43.8831952571318
-7.06555038024729,-1.58314596244846,39.3214957890225
-4.89728104791572,-1.71818092170743,34.8370481281304
-3.83396261970406,-2.67929251437317,30.9172577290428
-3.66882236875221,-4.10837559975107,27.6382835680019
-4.24679221475851,-6.12142472569358,25.1207503597302
-5.57199144704314,-9.04775376279284,23.7113817568994
-7.77675423238136,-13.158291626004,24.210831810031
-10.9202234332472,-17.9501033734235,28.0573259005462
-14.4124725260587,-20.6796820512934,36.3440183578484
-16.3315310951218,-16.9278380178818,45.9807260387548
-14.6998714308247,-7.95265569331799,49.5235711782523
-10.4499347898768,-1.21410284532174,45.8801290978635
-6.23067141049346,0.98503842756572,40.1082499718128
-3.37554734703561,0.883393678416712,34.8762323472448
-1.837581999508,0.217813114494694,30.4540116126559
-1.17241840832055,-0.446425178473107,26.6594090760806
-1.02307743939475,-1.09418210969689,23.3697235585969
-1.21310910032525,-1.89629750401014,20.5291020397135
-1.72274971309706,-3.11674439081326,18.1360106484015
-2.66970293007807,-5.15255871310878,16.2912346522331
-4.32532895274311,-8.61696085420934,15.3707414606799
-7.13792249958748,-14.2774090891285,16.499971545356
-11.5624439539412,-22.014617875916,22.439670335585
-16.9839108494951,-26.9048006726667,36.6662766653941
-19.6088160674029,-18.4351417765785,53.0509576371295
-15.5600012359185,-2.04429386349189,55.0085871387421
-8.20603634821533,5.93878167972291,46.7689292867395
-2.29708968462186,7.03105960052029,39.372683382121
1.30738337110269,6.74233864638984,34.3594200986994
3.48942936225508,7.09842025887923,30.8734629631987
5.17676029533123,8.52322451807602,28.6082407174528
6.99320860797072,11.0220033464505,27.8186755637019
9.25766120435067,14.2656604026776,29.1764206408538
11.8710342796172,17.0519530818207,33.398973111618
14.0345927003279,17.0085487988387,39.8568370205144
14.4127391352417,12.7314085647788,45.0906601873612
12.4795442253307,6.87242069028129,45.6650475876153
9.37672380279735,3.12022437439262,42.4163359938244
6.61255251001206,2.02623652391532,38.013839138495
4.86764046981084,2.45730767254585,33.835994015939
4.14698644167877,3.6080445839376,30.2302653986833
4.27520374432975,5.29487979222271,27.3161056638412
5.16009531452091,7.69764806774507,25.3232013239743
6.84637065188181,11.0922687812213,24.786935982338
9.41754618088065,15.4062477329667,26.7520492958832
12.647596500726,19.1967008639912,32.5130883203632
15.3545635876981,18.8570050086151,41.4003941816589
15.5030433366699,12.3408196553474,47.9500924192149
12.5208321322917,4.54508111064538,47.4761389806908
8.38701153733895,0.524939269170696,42.6539030448531
5.06354602625392,-0.226375902459114,37.3270202450701
3.07939826235165,0.323272018215588,32.6639423483563
2.17719687423316,1.20087210206742,28.6740390091351
2.00637919539274,2.23442686719356,25.2575560176338
2.37302665795024,3.61117639707528,22.3984931428721
3.27448502714258,5.70186578377015,20.2095564231724
4.88857875100578,9.03151195304436,19.0796613871175
7.54276757630775,14.1297584143503,20.0516995132484
11.4967591992906,20.5585195792266,25.3504695943546
16.0482381852271,24.1365634362981,37.1440386861047
18.1974439869014,17.460176284721,50.2653194310757
15.0924641843432,4.40921626109234,52.6950744852532
9.0573374346657,-2.9718144136923,46.2771151846564
3.89809125684045,-4.43558288582105,39.3518404060388
0.66895757405359,-4.14815065701162,34.0111103183355
-1.19151003522731,-4.08055940409866,29.8338554442306
-2.44917504226767,-4.7833644376898,26.4927527884975
-3.68994941231445,-6.46263606910751,23.9902840907509
-5.35493712398427,-9.36736251311478,22.6605267481261
-7.81183519959087,-13.7027150269945,23.3796883621323
-11.2284748943639,-18.8277304977183,27.784553783987
-14.9562714062923,-21.4855214972887,37.0747159004462
-16.7838544652434,-16.6942686458829,47.3628373180067
-14.6392247950474,-6.72273600099876,50.2676865790259
-9.91159192317239,-0.0222949924992236,45.74482657137
-5.51054230472683,1.8398108199628,39.6344520301792
-2.63664811655964,1.61765861320312,34.3544236726073
-1.08317548662987,1.06463419492246,29.9535655788844
-0.322408880205713,0.709056185051949,26.1873877546565
0.0537680305561725,0.605590395402128,22.9150620535632
0.288584753397217,0.720843581474084,20.0601657678131
0.523264540340332,1.06332924263729,17.5729737536547
0.863958525845244,1.72709907429845,15.424107340563
1.4374175596597,2.93385970079921,13.6223970828074
2.44833090489506,5.11150107039168,12.2820455865163
4.25366137414813,9.00644627850104,11.8398925078982
7.43075883331074,15.625276930661,13.6989349935238
12.5732532476367,24.7806299854934,21.5338155016174
18.7361622251797,29.268627907222,39.720669252205
20.6277139496395,15.8361869693735,57.5057105256901
14.4806041542939,-2.73101332933234,55.4895729893747
5.99898060101439,-9.10464018484909,45.5286302243748
-0.063378903506416,-9.33742007312738,38.6804933371863
-3.63599656754131,-9.07624400558484,34.7258522304724
-5.87610365707769,-9.69420025174105,32.5091215563377
-7.67194269321404,-11.1782971439609,31.7732787391024
-9.45051745566482,-13.053411345548,32.691832201763
-11.1953241769502,-14.4201278313238,35.332145201007
-12.4726464167497,-14.1340285310184,38.9791787281568
-12.6818263423587,-11.7795581247317,41.878228007503
-11.6317602506579,-8.52672705363493,42.4574696844764
-9.84253581496995,-6.07586202534265,40.7754130483925
-8.10618985785984,-5.1029668545618,37.9719629026426
-6.94637877074551,-5.35996021990046,35.0278907762815
-6.53387955251375,-6.4626006634277,32.4853183241917
-6.86011037787894,-8.21899521048629,30.7048333734697
-7.87323942126753,-10.5403210883996,30.0913893994015
-9.4790203728244,-13.1510153249817,31.1607399027582
-11.4012159167993,-15.2012480271468,34.2862162130444
-12.9934454948026,-15.2365029568218,38.8862042608426
-13.3663670160183,-12.4598706965687,42.7723419395909
-12.1302205479119,-8.33103329265452,43.6832535643484
-9.91659186084455,-5.23924925491329,41.6655211086991
-7.76372966786969,-4.04380842153961,38.3150235400366
-6.3154234310838,-4.28437595178963,34.8570960384475
-5.73226134923054,-5.40735063593816,31.8392263608468
-5.96494322941537,-7.20028930063742,29.5645155642616
-6.95543532644287,-9.67451012985872,28.4059641629641
-8.6671061916301,-12.7525171737841,28.960278164566
-10.9393810330508,-15.7555012108003,31.9533311629561
-13.1808329831106,-16.9189303082551,37.4006415437951
-14.2390477814971,-14.3751315128077,43.0795007075462
-13.2056943587705,-9.12724959995189,45.3791829128571
-10.5819830816084,-4.69406111190476,43.4897666823478
-7.77812102137055,-2.77703108055316,39.5800782654716
-5.75949854519345,-2.74354365607044,35.4654566318158
-4.7512516580711,-3.68656265634071,31.8003601609901
-4.64394901064563,-5.23873308911082,28.7900970393596
-5.32523862763485,-7.45580040247236,26.6574988135468
-6.79032807006814,-10.5426806008086,25.8653788534122
-9.08165524179881,-14.4526361299807,27.2884146500225
-12.01358866812,-18.0701321550137,32.0343306661936
-14.6465156521722,-18.4721595070638,39.8109987430868
-15.234193726411,-13.4098277216011,46.4156701474005
-12.9482553779121,-6.2020707707466,47.1327769471185
-9.23001269384072,-1.79617950457205,43.1957512443438
-5.97893198482951,-0.633501814768442,38.1686084358947
-3.93785544040575,-1.06087912294708,33.576602576432
-3.00497971748917,-2.04631051100763,29.6250489467818
-2.89475123114712,-3.35592634642309,26.2897446841815
-3.44184063767595,-5.17701200680601,23.6300674451854
-4.66813956883725,-7.90371026908453,21.9078534754631
-6.76049122951667,-11.9811756904603,21.8168779981837
-9.93529083397487,-17.366199740459,24.8513408992263
-13.9243767890106,-21.865660776361,32.9721391725202
-16.9368743213273,-19.9074359324482,44.7109794213667
-16.1301209575515,-9.94867165152718,51.1958995544951
-11.5994259901637,-0.941543004014654,48.171699032293
-6.55040383677796,2.32915673048976,41.7462481612627
-2.97367384198605,2.48937166560592,35.9932795830948
-0.92550347532984,2.01765508416085,31.3049346967587
0.173363986477439,1.80319271209077,27.3691670149519
0.849861242774579,2.04308019091426,24.0007810439949
1.46449251530984,2.81574649388118,21.1360721335518
2.28575000163488,4.30959647390765,18.8071640821202
3.59309729478537,6.9232050740752,17.2232909219345
5.76326829270386,11.2793399652572,17.0477403690657
9.2591298343327,17.806096884686,20.0294812368209
14.1505341219197,24.5938552888288,29.4021108970523
18.4938443241212,23.6750481334659,45.3005326575843
17.9166688605539,10.1814315511208,54.9972972481789
11.9727619608163,-2.08414094872483,50.6781808223174
5.43653212824184,-5.8070217944738,42.6399041886531
0.962213900912088,-5.84898273178259,36.4938413327208
-1.66639383080083,-5.69813274689249,32.069823751455
-3.36685202478419,-6.38970849593967,28.7909511878202
-4.89769545612599,-8.16787844777381,26.6031025819676
-6.77401021251797,-11.1122141279671,25.9092064929819
-9.28859085910373,-14.9867580660486,27.5999803156429
-12.3189172932115,-18.4141774670174,32.7474332482635
-14.8587675793032,-18.2560201939039,40.72752640369
-15.1452580545099,-12.6361136391355,46.8934289765379
-12.5826345174988,-5.4914596846687,46.9256597447448
-8.81074807657681,-1.47143088044836,42.6830830883379
-5.65742840913643,-0.562413619252329,37.639451711162
-3.73819931784063,-1.08215327375875,33.1005287243585
-2.89849647004275,-2.09247976945786,29.203462098159
-2.8517371823175,-3.4196832822986,25.9191977976733
-3.44797137205796,-5.27872860261721,23.3144883557655
-4.726187552564,-8.07886082122993,21.6678885166405
-6.88755472968373,-12.2686575797896,21.7130218825663
-10.149073431695,-17.7513974876452,25.0172356739626
-14.1904119616479,-22.1184254180249,33.5479370735639
-17.0881663738455,-19.5977387403215,45.4329187824844
-15.993938018854,-9.24136156083267,51.3981678029168
-11.2741080106809,-0.459312489060182,47.891746418409
-6.22932296410948,2.52883357936036,41.3831790564866
-2.72597094664487,2.59337100276551,35.6803622830208
-0.733051333989678,2.13853439913371,31.0460529086053
0.350974446113104,1.99258531841285,27.1578940291077
1.05394347699314,2.34221293324806,23.8409612104479
1.73993342837737,3.28648433879737,21.0481089926245
2.69244615289761,5.05575420294686,18.8488557012963
4.21948512221889,8.10068250727636,17.5485556089948
6.72714217669567,13.0337599224044,18.0459038037527
10.6267709694804,19.8785390862623,22.5086231081893
15.5825357728405,25.2279715121805,33.9856307643126
18.7944514296794,20.3409848756172,49.3334792976135
16.3859542424746,5.89732637570357,54.4230917449848
9.95813886969648,-3.48251772930482,48.0714826107037
4.07667992558105,-5.57104118366602,40.5498581171099
0.31030771320934,-5.35376731321622,34.9731443766009
-1.8939869286435,-5.35187972046559,30.8323221105678
-3.41283999123072,-6.25217100291249,27.7114769381626
-4.91785601022296,-8.25213114902298,25.6619706067303
-6.87434602589303,-11.4634928106166,25.171700583732
-9.552088299154,-15.6361555139257,27.2625767501468
-12.7688937241799,-19.1602211702094,33.1267739988384
-15.3325867592277,-18.4466238479956,41.8329693461189
-15.2954077565726,-11.8539515991694,47.8840366472322
-12.2655277649443,-4.37707913599202,47.1001748385047
-8.23151150174596,-0.634963401300808,42.2929271485048
-5.03928328996521,0.00972056148702417,37.0627459539719
-3.15894802998247,-0.579830215207223,32.4769681863591
-2.33634842251967,-1.50960803978424,28.5498040901187
-2.24404707284857,-2.64517820858655,25.202257516396
-2.71400226394827,-4.20134512783173,22.4464271344474
-3.77072131847358,-6.57924277800619,20.4521384875311
-5.61762455211514,-10.3116924457285,19.7384194336655
-8.57394363383198,-15.771351495464,21.6001997086644
-12.7288772885279,-21.7976069967477,28.4200181151034
-16.84789057312,-23.0085994719776,41.1047810020451
-17.620650956807,-13.8327520855278,51.7418216566424
-13.4726164758517,-2.02546271347206,50.9913486584215
-7.62576979090186,3.23904084605053,44.1427693249768
-3.12670776483712,3.92879456360375,37.7273389206496
-0.426397485089965,3.56872387137755,32.7299845076827
1.12474390021268,3.56849672841395,28.7152305112671
2.21652461911871,4.30660854644456,25.4419099773016
3.35952340916479,5.97230153149753,22.9330530427984
4.95648461267587,8.85853210136713,21.5027438006902
7.38289093867637,13.286427631432,22.0048495202758
10.8817148867284,18.8483426327029,26.1825002086129
14.9353216504345,22.3963420728005,35.7686877560392
17.2630041858451,18.033733796583,47.3836343847374
15.2864358021743,7.11685369585496,51.3503746637784
10.2303384278145,-0.548247848635666,46.6924728974731
5.40189840082462,-2.7010102296322,40.1950333379874
2.21831997494757,-2.53905610199878,34.7167193317598
0.443756241665535,-2.1164017039341,30.2485573309825
-0.538376580912786,-2.07203175861428,26.4822197635565
-1.22516540871954,-2.54960818869719,23.2731733757943
-1.96025703275411,-3.66764901571677,20.5982176459496
-3.02875947403451,-5.70273569756665,18.5681199630708
-4.76000028123722,-9.15675303505502,17.590722842185
-7.58064971931511,-14.6069885241636,18.8091730944841
-11.8221690797572,-21.5794462086049,24.7600152936119
-16.6952709792974,-25.1962961683205,37.9386468877176
-18.7310235528775,-17.0302630991691,51.9563307617109
-14.9322926163352,-2.76498237015588,53.368583625758
-8.34109159390101,4.37068883041558,46.0183360745823
-2.99854425557646,5.48379398976366,38.9720970276499
0.277148033241083,5.1875906091611,33.8096854404302
2.21946663280337,5.36312837041795,29.9179942198032
3.66304196311349,6.49467539071065,27.0035228292831
5.21957170020412,8.75565717662307,25.2117317679772
7.31504213808545,12.2434779632725,25.1385023898708
10.165399685282,16.5521261539167,27.9311370259952
13.434692523681,19.6316469891317,34.6734896935964
15.6697710796591,17.6561733721338,43.5724898417847
14.9582344575179,10.1776622106023,48.4428442466179
11.4649656301374,3.15044907372938,46.4179006959735
7.43369806458239,0.16799952483708,41.2431230151916
4.46536440985926,-0.0965054021134015,36.0694672055147
2.80325572680297,0.591243853706516,31.5987512330586
2.12602571470054,1.51924592920432,27.7698978688617
2.11705974868804,2.6412805031715,24.5044117907565
2.63589898906242,4.20398111208746,21.8197603912163
3.73213184553164,6.6253268257967,19.8928504989706
5.63170059002208,10.4594436387913,19.2650449694468
8.67563976324935,16.0928532240107,21.3000708538917
12.9536445772321,22.264571647609,28.5146684565833
17.1311744604873,23.2031059635066,41.7467746151174
17.7165124881367,13.3158795214953,52.3541971122203
13.2623081517743,1.32063872256239,51.0224428908785
7.26960323891141,-3.70763804484851,43.9048172673245
2.76035072991474,-4.26505509559264,37.4952483610123
0.0716492992522436,-3.92412356409688,32.5702492559358
-1.50162531281737,-4.0388670327518,28.650858927934
-2.66903759521823,-4.97219999167977,25.516744271184
-3.95378945629232,-6.92458689296293,23.2481903159112
-5.76831035675006,-10.1774825214718,22.2798801591273
-8.46252025435126,-14.8805134603098,23.6707342285181
-12.108646385309,-19.9895783556858,29.2316582229967
-15.7339821682769,-21.4136505439576,39.6003738424537
-16.7909473593026,-14.6673258113159,49.1118118978658
-13.7381457363056,-4.55412523421595,49.897823008723
-8.75796916359197,0.975985396526467,44.4308438574297
-4.59516334112997,2.11515180154395,38.3577249145488
-2.02082995238624,1.72649994183881,33.276057715678
-0.655272432080468,1.24794900480999,29.0343290685669
0.0422902588212285,1.0574638300576,25.3957722902041
0.46007076102165,1.19349875539432,22.2396853249948
0.839276418547966,1.67801465414127,19.5071261772894
1.35393335349328,2.63379880858067,17.1815097777126
2.19162869981064,4.3528811451586,15.3227160156866
3.63160831492696,7.37773572250222,14.1985323882029
6.11811814600843,12.5230105179629,14.6730189855982
10.213192576243,20.2508461932507,19.1101307424428
15.8421379325493,27.3741824621168,31.6967541838961
19.9757127364254,22.7495860461495,50.3894836580299
17.430777947066,5.21868066515412,56.994289751304
9.87777381487043,-5.83889113269164,49.2872238599686
3.08511025814327,-7.91559571268131,41.0589110363466
-1.19128844328884,-7.63141142573248,35.6697870838827
-3.73290641248548,-7.81296429953668,32.1450967157097
-5.56401721585308,-9.03689860839736,29.9755224977227
-7.37372035658041,-11.2485711175156,29.3077991272786
-9.48274267980774,-14.0119514936126,30.6600631541388
-11.7725080375837,-16.1616394498168,34.4538561931782
-13.534590867897,-15.8058641351595,39.865401904413
-13.7339248261047,-12.1285636545743,44.0305519103726
-12.0560643682303,-7.30707190605885,44.4231030622698
-9.4348669842599,-4.13595490635341,41.6701552674945
-7.0811317318431,-3.15869403083845,37.8094559674211
-5.59832234046092,-3.5974954023686,34.0512026049199
-5.05284871957956,-4.83059389456145,30.8230864397069
-5.34183690686511,-6.69960840250572,28.3550923170585
-6.40590271334321,-9.31154052036046,26.9973734892262
-8.25179063709417,-12.7138810315229,27.4004854578354
-10.7916380582683,-16.3161345507835,30.5104885657739
-13.4563106627235,-18.1126981246562,36.7109975776838
-14.8913098746721,-15.4720948524395,43.6670761372513
-13.8321760298798,-9.2075009742524,46.6958485160191
-10.7812111540935,-3.86911375294931,44.5441778461453
-7.49364548113532,-1.64671698653805,40.0682689330279
-5.13156352273953,-1.57377416043638,35.4993877046165
-3.89812384601046,-2.4435943082254,31.4709377191402
-3.59840831416924,-3.79083178975357,28.0737225619948
-4.05409544181139,-5.67712042867652,25.4024894061662
-5.24200334032108,-8.41523282814102,23.7483602765783
-7.28326422568104,-12.3260571697387,23.8110424429917
-10.2848402753489,-17.1471094094835,26.9363786743433
-13.8411699303087,-20.6327140733778,34.5104838398188
-16.2594026751992,-18.2436262582285,44.5290212632997
-15.3007409852353,-9.59965722765979,49.6222587908989
-11.289147662864,-1.98546497161698,46.8967508892226
-6.87615805111057,0.91603076596778,41.1588124398025
-3.73171990091027,1.05696260330806,35.7546339991364
-1.97345140083907,0.43386812465699,31.1904242663713
-1.1672893997556,-0.215705863396534,27.288321796795
-0.91947912820511,-0.809024701412848,23.9059151014218
-1.01390194619852,-1.48402686253039,20.9723932102418
-1.39323385064426,-2.46474580345981,18.4638062088009
-2.13108065548106,-4.07984782423901,16.424985603273
-3.43858457620207,-6.84751337216189,15.0772422010285
-5.70071466206749,-11.5287471742978,15.1393648453185
-9.4448699531492,-18.6973036801434,18.5993998885467
-14.7758781058652,-26.1669694898598,29.3032368367923
-19.3813557585146,-24.3277606684081,47.2271750143536
-18.1774200889515,-8.4256997487444,56.6855027457933
-11.288063257252,4.20674023105947,50.6861777934276
-4.3179459186045,7.33543473951826,42.1987927789446
0.26183616969647,7.18628074257184,36.3176083038364
2.96063205657056,7.19149178004628,32.3683908680888
4.80285617285611,8.1925979572802,29.7377465907273
6.54567300135935,10.269400099737,28.4772362525902
8.61403361992336,13.1880738780324,29.0950020714516
11.0559072534023,16.0755224265662,32.2783122569063
13.3299261999638,16.9872240352241,37.9146251507925
14.2784811677953,14.0819640637183,43.5290684317164
13.0684745857322,8.66999168940713,45.4866591438276
10.3382681478593,4.3555289837332,43.295266237758
7.53607537350944,2.61480278403913,39.2651922588458
5.5743093799518,2.68930933064517,35.1319766599581
4.62976118840397,3.68403287007185,31.4801761426126
4.57657494587187,5.27031407184235,28.49410241233
5.30545827901858,7.53089074975173,26.3982777935481
6.82120222933256,10.6840139435025,25.6718964247695
9.17293634061838,14.6720361653106,27.2241640146586
12.1628010887309,18.3046480079317,32.1923009791243
14.7981525819497,18.5237335566954,40.1884571530667
15.2780302896702,13.1464541207576,46.7474944883309
12.8380758402013,5.83025031372825,47.1824152774137
9.03669442202859,1.53109939350749,43.0456626996478
5.78208497964783,0.474654359278201,37.9565229925098
3.76626113177704,0.940994478348684,33.3549025175435
2.85302171755764,1.91777180378031,29.4012887869398
2.74502593317226,3.19125592675342,26.0565617335651
3.27487298783253,4.95617045578146,23.3680603044834
4.4650885863469,7.61162747786584,21.5761862002852
6.50834000421527,11.6297061834233,21.3374267532325
9.64919306750628,17.071249995849,24.1165298809974
13.7030679184104,21.956607181368,32.0148063909142
16.9773091504553,20.6335897010344,44.0834107234749
16.4743778061645,10.6825697499665,51.4343835613093
11.9711478043584,1.074560834523,48.7702090873999
6.73850801491891,-2.55909251265983,42.2282683643554
2.97278218622625,-2.81186320742378,36.3429167841861
0.79191092904025,-2.36970224811336,31.5909845633549
-0.404598356705811,-2.21904639463809,27.6337204296602
-1.18015345389397,-2.59672128337903,24.2758637193182
-1.93109634165563,-3.61710421755301,21.4707824770518
-2.96517751857799,-5.5216110869518,19.3089427000606
-4.60881544543736,-8.76586979645,18.1521644077229
-7.27142613473594,-13.9050065003784,19.0205488810069
-11.2985392314539,-20.6483907712309,24.2151070048307
-16.0955984759307,-24.8666434271467,36.3315371170817
-18.5800460747902,-18.3199177671688,50.5216058967869
-15.4869132963832,-4.38465071096128,53.5048955754423
-9.1418555450416,3.56885437612786,46.7920723282182
-3.68966715167745,5.1140165675551,39.6291047536917
-0.274188662179442,4.84054222133258,34.2594297952667
1.72011845985592,4.86685194949596,30.1685514491906
3.11797001145637,5.76810600662151,27.010296474941
4.54377460275204,7.74539101488507,24.8454621258781
6.44916453858764,10.9776670836343,24.1428327716519
9.13970282130521,15.3700511982271,25.948724586566
12.531127701659,19.5097476828655,31.7120936979019
15.4989849780393,19.5613980826219,41.0682849996823
15.8545217703044,12.8675527083878,48.3587813626099
12.8110107427581,4.46026634649118,48.1206075130014
8.44160863521329,0.08508892098496,43.0976174193
4.90069440321801,-0.752740232530243,37.566018582567
2.76513342616688,-0.247844400937216,32.7784955107695
1.74050557291072,0.514126964648909,28.6978248782892
1.42540209036912,1.30983599739602,25.180339651798
1.57517347856641,2.26997132294164,22.1598793976832
2.12771049557196,3.67711135698453,19.6472641776949
3.18566607932485,5.95745032730547,17.7858659638708
5.0182799356525,9.72306036200395,17.0549242853797
8.04561688697792,15.5817084906178,18.7779136946125
12.5484077600046,22.7429104080722,25.7918596437463
17.422603301205,25.2738915530938,40.2324862076954
18.7381147201971,15.0314389015307,53.507253513788
14.0792853739728,0.828764419697044,52.8492695360213
7.31517731577306,-5.17325046268316,44.9549656769789
2.18177286518569,-5.82421246552864,38.1508618956284
-0.901138186156197,-5.54538502628983,33.2615045383241
-2.77648726956253,-5.91333319523086,29.6210317163398
-4.27208359981709,-7.30964916202897,27.0159142914603
-5.97232118707541,-9.86347271282426,25.695484325135
-8.25476941406584,-13.5342083213925,26.3857352457593
-11.198073110931,-17.5004179621611,30.2387303043369
-14.166642825264,-19.1425174454394,37.6569816821581
-15.500937102653,-15.3067452538101,45.4041382568372
-13.8462887234677,-7.8075315317209,47.828019180984
-10.1730387032935,-2.31248238063742,44.5739932320838
-6.58809532335729,-0.456859826010181,39.4674563265615
-4.17310983913968,-0.622128392785254,34.6482619139454
-2.94816922365926,-1.48525619091977,30.4865159789856
-2.60810823782363,-2.63294801181235,26.9396953131814
-2.9270298602863,-4.16473364496825,24.0083279002414
-3.86461268180325,-6.42654941223849,21.8419364251196
-5.56452540277914,-9.8979216495939,20.9007929604366
-8.29139804124425,-14.9256231016899,22.3096338599954
-12.1361707849734,-20.6014779526843,28.1337656592935
-16.1078024848831,-22.4780776386404,39.4436434255441
-17.3450737247871,-15.1072680154379,50.085521010732
-13.9947786417606,-3.87771368933171,50.8433892563203
-8.54782466019709,2.00441590940851,44.7932737616447
-4.07053633400158,3.09774299361748,38.4182450362492
-1.31612386202739,2.73373657454589,33.2697976929358
0.207153688673952,2.46872852352865,29.0596290649627
1.13244180537499,2.72661692522614,25.5176054513712
1.93080939035763,3.64201041049602,22.5603824571773
2.94988200197387,5.42300173847226,20.2572641008887
4.52271396010063,8.47370606691388,18.9319989371837
7.04269445222068,13.3068066640015,19.4997571044717
10.8524067613592,19.7405160260887,24.0314344139204
15.4985098704628,24.2799076373468,35.0605882271891
18.2799551675766,19.2044248186568,48.9825654411949
15.8678511390961,5.990745918515,53.29221055683
9.88907917742835,-2.57198625948252,47.4032871329247
4.42165415845107,-4.57679677554812,40.2430986182166
0.907568221900369,-4.36145685109569,34.6941709635501
-1.12010924543541,-4.23807352062578,30.4057288314896
-2.45338715987979,-4.87385616877889,26.9981310141924
-3.71448150673054,-6.48846000597479,24.4454379427257
-5.36361101347449,-9.31178088293335,23.0623696118841
-7.77100482739352,-13.5268069004621,23.687435022719
-11.1045229059562,-18.5169747915398,27.8792752555284
-14.7548522436015,-21.204413056076,36.7991635572714
-16.6242682284012,-16.8010134297455,46.8633415633692
-14.6708621762722,-7.17871408470864,50.0185056081288
-10.1124236748318,-0.4471721476264,45.8091083428633
-5.77153081398584,1.53848713320419,39.8091747692343
-2.90206693126144,1.35533122468941,34.5388825933055
-1.35465251695169,0.756956577813615,30.1245928486995
-0.630526110687574,0.285060848738258,26.3410351054338
-0.339824416170147,-0.0219206738631224,23.0501132046451
-0.264344485243523,-0.250370419838835,20.174686168334
-0.309232834314103,-0.49710790964385,17.6612351661216
-0.455406954141041,-0.863746444243062,15.4685994870313
-0.737943037808382,-1.4901811283979,13.5700385103534
-1.25137747503472,-2.61313679485229,11.9700672336146
-2.1832258170161,-4.66147730898332,10.7633013679871
-3.88144506430409,-8.39333889173017,10.331276447006
-6.93744622635334,-14.9189589723889,11.9594331697303
-12.0547515903587,-24.4899429797976,19.2727543247446
-18.6109043435737,-30.563890285408,37.6171058935565
-21.3149701925743,-17.8285321282007,57.8127012415204
-15.2862949568631,2.68635587279391,56.9451416151236
-6.24489426461805,10.0448339813741,46.3862952388764
0.308855765469175,10.33872310365,39.3197808011037
4.15845522224851,9.97223204122583,35.5653987264165
6.50950934076039,10.4029887823946,33.7064821898524
8.26632510004982,11.5310805487135,33.313073308576
9.83075700553109,12.8112629505224,34.3477452486701
11.1758289324716,13.457382198954,36.5952672099597
11.9756780977087,12.7658623514667,39.2381712062946
11.891876602414,10.7692692020514,40.9901938301234
10.941936237236,8.42580917316726,41.0071470045474
9.56834616793706,6.78407938783504,39.4963431241022
8.31980483384021,6.22967481699955,37.2402197667999
7.55500617888564,6.6259181824974,34.9378654528381
7.40590071220039,7.7362510503656,33.0588056421899
7.87249092812784,9.38643107854238,31.9718799981664
8.88533245701739,11.3703624741515,32.0481556839733
10.2756893439583,13.2326610439948,33.5992120700053
11.6790575215068,14.1331772217942,36.5325298021291
12.51728007183,13.2278299925123,39.8592787293661
12.2852655194838,10.6565134095607,41.9102419348286
11.0174741691238,7.79653260448226,41.7064141354498
9.31453846172916,5.96070440294515,39.7179409564569
7.84790662499505,5.4585975366138,36.9981388977834
6.99486499779605,5.99954411283171,34.3273297710836
6.85621479962568,7.2864352214145,32.1634902646915
7.40906392059637,9.17002645088855,30.8728874377424
8.58801200934827,11.4971108152418,30.8823227413498
10.2388020405504,13.8064075772062,32.6385918763648
11.9669333859834,15.0613570812811,36.1835435475043
13.0535301747531,14.0434348540179,40.3756947228034
12.8020364365854,10.8079260726394,42.9842333021956
11.2291904744554,7.22964138402673,42.6825140038442
9.13184704138055,5.04237762199088,40.2094017130407
7.35997436403169,4.49597487501852,36.9711143740757
6.33246589997891,5.10051256477003,33.8518168906728
6.11813139335791,6.47231863212601,31.2810624636249
6.66755310141231,8.49575545330653,29.5917157328185
7.93065012744605,11.1305356883062,29.2385891342684
9.81344062419727,14.0415094023167,30.8410706262162
11.9749742306181,16.1144698553604,34.8019119470156
13.5950829923101,15.5479582696708,40.1784226472529
13.6383910968447,11.7614315522396,44.0781121948068
11.874272486108,7.06518605910431,44.2066719391522
9.27298122548154,4.09381118821832,41.3645004638792
6.99711887841162,3.24810116513803,37.5323305919295
5.59827408970024,3.75459790818421,33.8391973579807
5.12495611183212,5.03590811118113,30.6901810770661
5.47765724217737,6.95970199982958,28.3244865474551
6.60358313513231,9.63141813963711,27.115581324255
8.50474980065915,13.0551135730142,27.7404776674542
11.0594768269988,16.5297708553553,31.1238315827595
13.62874606095,17.9410371002716,37.4544577090916
14.8293372646744,14.8707322494565,44.0904628667618
13.5428637143751,8.61958552367225,46.531415147857
10.4485013608477,3.64303321880837,44.0690691676935
7.26981178381779,1.70704024415212,39.5882471458491
5.05070467955181,1.76281523263197,35.106055989274
3.93766344680011,2.69627712751739,31.1712294386823
3.73597440082242,4.11458859257832,27.8755650841847
4.28722230141831,6.11309013108404,25.3407049523002
5.58737800115328,9.00865956170624,23.9081618441101
7.75986728664364,13.0646670176436,24.361847311925
10.8590634671855,17.7929442412341,28.1042687752057
14.3112915923112,20.5341867385065,36.2108837206342
16.2469980802737,16.965230807328,45.7277406962406
14.7077037172127,8.17416185663337,49.380324187197
10.5465277716808,1.43438062181132,45.9021947366493
6.36179031997444,-0.829075764067661,40.1998002659566
3.50899685608668,-0.755120881971057,34.9810775505931
1.97091348353094,-0.0749315130404907,30.5585803163825
1.31878449127532,0.637965043842712,26.7638700702935
1.20423864233027,1.37252503636158,23.4803739118548
1.46092009874549,2.31922474504272,20.6621746415692
2.08667239708773,3.77990605529451,18.3323257890457
3.22916676383618,6.20961381088398,16.6571003317867
5.20148860044763,10.2728293130066,16.1862599210424
8.46812385605204,16.5949128765701,18.4481149885724
13.2825919428739,24.0248241951639,26.653924752046
18.1916432534185,25.3867062745762,42.5396772325549
18.7515619071874,12.9517105942745,55.0288873878791
13.2084239559062,-1.15537868626647,52.3557928807774
6.23890624173875,-6.13138261139666,44.0030638672205
1.25168701710192,-6.41264370601255,37.4636943382795
-1.70364005445931,-6.20601851992152,32.8991254597717
-3.57153145486391,-6.81617879708026,29.6127937193811
-5.17363470281445,-8.51698600939995,27.4854040265317
-7.0541590221682,-11.3306884002168,26.8905311172274
-9.49085487993734,-14.9227444027044,28.6419876388056
-12.3208027494511,-17.8842256202895,33.5895233807615
-14.568232331613,-17.4096548261712,40.8680704017192
-14.6928322850165,-12.1722558759879,46.2308922178098
-12.2867369296418,-5.76484819319725,46.1202469079421
-8.83490789094655,-2.12695698719431,42.1978620109595
-5.95053555043397,-1.29135486894091,37.459914339152
-4.20861716213169,-1.84623136178324,33.1300533674194
-3.50689178290611,-2.97956569380666,29.4137746984376
-3.61885270075782,-4.55857440468741,26.3567717680033
-4.44124743717728,-6.81482422559462,24.1247524824144
-6.03954824420163,-10.1217998311377,23.174197838166
-8.57721777724155,-14.660530488518,24.5195404124736
-12.022404610174,-19.4317087055421,29.795038204237
-15.413154901307,-20.7089229142359,39.4421033525909
-16.4219683581589,-14.5564771275708,48.3005788192722
-13.6436163472347,-5.18270888592381,49.2784563210659
-8.99687770065554,0.194202067818035,44.2797747433305
-5.03032447827051,1.41559121987325,38.4341010337308
-2.55555456636247,1.02691969478151,33.4155348385533
-1.28109714962871,0.401558950086042,29.1812527116315
-0.731629061593592,-0.106481994154346,25.5317262389288
-0.576570127242182,-0.529395930125886,22.3539927748238
-0.654246929047651,-1.00072395424946,19.5851021771348
-0.927456841269615,-1.69327480240499,17.1893547889674
-1.45534720223119,-2.85403195725539,15.1685016719187
-2.40146173731778,-4.88930202081129,13.6192491405337
-4.0793827244977,-8.47751469673586,12.9185996885957
-7.0079524946017,-14.547382560997,14.2652443152317
-11.762141373199,-23.1615629462088,20.8190865333406
-17.7372595472357,-28.6972341057454,36.9389050970457
-20.4731250640215,-18.395777628164,55.2754715865509
-15.5405260816931,0.10419098815878,56.1277858149578
-7.33788742305899,7.95346307000182,46.6792974710393
-1.06996371387853,8.67027760620092,39.3028739652321
2.68436318169422,8.36647146065147,34.796150779742
4.99314198933416,8.86784404249231,32.0310793321454
6.80784155898368,10.3696302056168,30.6981646875059
8.66469547018225,12.570890443225,31.0352057814336
10.6770191793119,14.6980497186212,33.397087759532
12.4774329954413,15.3793192638768,37.5352556582478
13.2940585171251,13.4351433718692,41.7438396627369
12.5536403809136,9.57609421036853,43.5871284208232
10.5951739686202,6.10260800350516,42.3501355143581
8.401905762092,4.39009247318134,39.3228389396078
6.75551250937254,4.26651855320899,35.8960817477105
5.93964686828368,5.15504049670819,32.7780372058907
5.94889878453974,6.7474475030546,30.3141033653674
6.72156012113239,9.00298593314633,28.8435608554692
8.21671620570216,11.8874683445944,28.8876567790877
10.3213832335446,14.9318762350515,31.1421589213659
12.5894405035906,16.7041172440703,35.9012079050743
14.0217717551559,15.2324296558347,41.6537914390295
13.5677610354143,10.5693371726555,44.9707184427606
11.3189588414402,5.79872881731687,44.0886122808175
8.52860958099495,3.28025647333397,40.6025629251955
6.32016647945275,2.85090652981967,36.5417453807378
5.08653317663202,3.59261869830206,32.8066947922257
4.78102143698938,5.00845658148393,29.6803774694568
5.28488953123623,7.06271146561076,27.376392114313
6.56531247930383,9.92582949974816,26.2971653417492
8.65228808369415,13.6144194712689,27.2079681943056
11.4195834087031,17.2936305546685,31.1615163409056
14.1188644349455,18.4671069993881,38.2688088112249
15.1643180114907,14.5448413697022,45.2327139672289
13.4498095055987,7.60970974464871,47.119191737897
9.98283423053386,2.66399159061908,43.9357856406258
6.66393298786457,1.01518210364915,39.0862370565303
4.45260606801584,1.23998311685017,34.468601040868
3.37662444358611,2.1887959452919,30.4639241930594
3.18007764455709,3.52024487114842,27.086846031015
3.68589182325385,5.36958813111201,24.4076156902707
4.89402258939738,8.0993968632721,22.6983162319447
6.96304469867217,12.1059508104347,22.6537751483327
10.064611583087,17.2588074497487,25.706623769854
13.875567436492,21.3473314730482,33.5817689670691
16.6491761809946,19.2357498798076,44.5956225062151
15.7970690569575,9.85608629907503,50.5273090901611
11.4979691483134,1.41987522306404,47.6696380007573
6.71403764131323,-1.7240003909791,41.5382357887148
3.30986620158257,-1.88783023017956,35.9168629031089
1.37609601982543,-1.35313794192571,31.2609979308101
0.396269455825765,-0.953563257607858,27.3141344987059
-0.101639163425358,-0.84159103031805,23.8996206237787
-0.419112198499753,-1.00729270045751,20.9279341432223
-0.738814131042497,-1.47402582890158,18.3489933557549
-1.20120471601171,-2.36906705318375,16.1446965136645
-1.97366320837184,-3.98112819137766,14.3619261243166
-3.32099623051485,-6.84762845183556,13.2303822609585
-5.68221718218945,-11.8153372262288,13.521821242016
-9.66100051951032,-19.5684062875059,17.4584458254636
-15.3877186192652,-27.5889828017973,29.4713084217972
-20.1534684238057,-24.6156554338202,49.1779961546265
-18.2524403956675,-6.54170887251208,57.9669564591355
-10.5385271957219,6.06029984522374,50.4528154339677
-3.27207648663804,8.60074216658317,41.7879888822866
1.3525686395173,8.31596427424917,36.2864525837928
4.08592981847735,8.42861787389908,32.8678971429783
6.00136932220883,9.55517287645208,30.9015901938621
7.80593990578234,11.569935686994,30.4653040210542
9.79445167197873,13.9359760016202,31.9518943523475
11.8095943111167,15.5002650422319,35.52214279687
13.1953739458177,14.7451536732702,40.1460773515391
13.1499860938154,11.3713311941512,43.3516034726179
11.5685352485626,7.33752209770351,43.3564803171663
9.2901818456577,4.75802634201903,40.8226314013316
7.29681774004027,4.01503291997022,37.3659408418848
6.08457130183904,4.5324580898025,33.9976362030892
5.73083956561619,5.84180885229312,31.1573788751168
6.17249543499446,7.81267915930517,29.1454765751892
7.36158574293529,10.4678446570846,28.3861727066871
9.24917234474167,13.624310970912,29.5375676392983
11.5906926057457,16.3334380064499,33.2560784670487
13.6304936539016,16.6024218358389,39.0804461486703
14.1599027505337,13.0642994394035,44.1328607042547
12.5846467373683,7.71824133431098,45.1863543825991
9.78227474696507,3.94772717270584,42.508874574131
7.14092296975337,2.65123938409321,38.4340320442386
5.40272659140464,2.95274526676845,34.417641511891
4.65798002061845,4.07653849827613,30.9225634799508
4.7753320530515,5.79598677066718,28.1311851031836
5.66928965235561,8.23451302902824,26.3151233971357
7.36033977120198,11.5760213154656,26.0377774194236
9.86486181353803,15.5757616837874,28.2887536039929
12.8421203850957,18.6326400963702,34.0310156259221
15.074603458898,17.5491538485615,42.0364228964404
14.839653176112,11.3343014721691,47.239404977235
11.9488789670785,4.60669513643098,46.2933647317914
8.22593813831914,1.24803210022626,41.7779443183274
5.30019504352375,0.690725800742087,36.8190565202283
3.60327668398305,1.33805014714313,32.4150232043562
2.93258383234173,2.42048340485957,28.6443738128832
3.0225471107489,3.85653705491708,25.4958752006554
3.76098409853041,5.90667447740001,23.0767417553182
5.22224828683257,8.99905189733355,21.7477830820929
7.62268044112568,13.5181398705617,22.405764567622
11.1090066389909,18.9986482704205,26.8019487608929
15.0610132148684,22.1655211602234,36.4763325139604
17.1499611483522,17.3981223303474,47.6545201130377
14.9921141597205,6.69315180378281,51.0160780654753
9.98492463694036,-0.528491334057314,46.2460986424333
5.31005654633257,-2.48744372078232,39.8639561463025
2.25792926826403,-2.28223538148999,34.4699810831291
0.573978627512794,-1.83212747065732,30.0395255720933
-0.33516267330572,-1.72141937886112,26.2839197172925
-0.938300134284265,-2.06624932823925,23.060647210542
-1.55056134738118,-2.95195381832148,20.3273593733238
-2.42300675626464,-4.60413549900279,18.1373619181402
-3.84254281382272,-7.47301388131203,16.7484182865022
-6.21007293958339,-12.2207625406781,16.954268321788
-9.99130836797128,-19.138369548217,20.7934736933663
-15.078084626165,-25.4927550966909,31.6587023200159
-18.9679799306415,-22.2753843757073,48.0324680853257
-17.2559300345775,-7.42930867102329,55.3118790632501
-10.7446999493173,3.47693456990619,49.372286357575
-4.40102121818782,6.15653610391555,41.4507022718716
-0.256356218225044,6.00156626925239,35.6692568298018
2.17724683911738,5.98127666663202,31.5187918874879
3.83409126495582,6.89589270441694,28.4996079828748
5.43357215853496,8.92556364459064,26.6544950659623
7.44593816452557,12.0819097390539,26.4901354816388
10.0815883843815,15.9037733254937,28.9637378615128
13.0297855948166,18.577562955134,34.8767487012851
15.0525039270446,16.9720687090993,42.635652530169
14.5539071822242,10.6455284009571,47.1731979251995
11.5810918319744,4.31296961741473,45.7948642026225
7.9724823804312,1.32118674845469,41.2560682635456
5.21473948039726,0.924526025936127,36.4050316781573
3.65856671288557,1.63777996917737,32.1069031345198
3.09776283542909,2.78985993525428,28.4362809204003
3.29177081872301,4.34741031643374,25.408801427598
4.15676249675829,6.5947483901849,23.1777992451629
5.78853008707262,9.95442762761999,22.1944480287967
8.39433528852631,14.6883215842197,23.5096635797311
12.0032100595475,19.8684537920891,28.9369712240698
15.6646920377674,21.5149848558686,39.2380543342112
16.8425210674498,14.988228147853,48.961648880664
13.8871881144108,4.79180126631808,50.0324796207392
8.90048069208581,-0.922834408203814,44.6349442996533
4.68109830145259,-2.14715675433724,38.5287516082493
2.05541565139003,-1.77625022912265,33.4138536502109
0.656457105997675,-1.2983541575574,29.1507848686154
-0.0620870197377542,-1.1124021583902,25.49761224204
-0.496591213026956,-1.2640995085769,22.331165161878
-0.895377602643883,-1.78061402420975,19.5930851626819
-1.43946958340663,-2.79351919531345,17.2708870947216
-2.32550899600035,-4.61030899022966,15.4367979589189
-3.8457159404922,-7.79444987583877,14.3937973824408
-6.45782143834458,-13.1601399443754,15.0993166391761
-10.7052052751259,-21.0044757673475,20.0961127882272
-16.3408851497378,-27.486693168216,33.4752098428981
-19.9852155730443,-21.2843808940957,51.6937263774958
-16.7861854724975,-3.79019835335343,56.4774812728859
-9.18268163578378,6.11540590368555,48.3581410555333
-2.67103772511494,7.75255677989126,40.4255623200735
1.36876178918242,7.45309417214918,35.2228302976099
3.78655761890868,7.71491888611788,31.7748143023427
5.57766838015771,9.03205508228015,29.651508570692
7.40114751028439,11.343760955075,29.0470100840774
9.55844958666195,14.2057501138772,30.5211429603561
11.9064473003642,16.3932775835085,34.5210694432527
13.6870343691319,15.9147226777956,40.1487144328389
13.8167583939862,11.9874626718602,44.3510416408618
12.01146656209,7.01002731744694,44.5715144839126
9.28979749806422,3.85213716962359,41.6255973158
6.89638255140709,2.94494305692645,37.6493062090349
5.41370056767861,3.43284454477639,33.8292327087847
4.88113980175894,4.6863635485771,30.5578540483319
5.18287736619673,6.56444359702463,28.0463358322923
6.26009749055591,9.19848134237425,26.6369927477553
8.13139288958918,12.6700037429892,26.9887591127565
10.7307060357111,16.4235706410542,30.0999080939338
13.503923143431,18.4128865346746,36.466268497123
15.0526679736785,15.7936230883517,43.7676869088568
14.0075032142104,9.27153346015081,47.0306805718955
10.853042420847,3.67633981154359,44.8335331532033
7.4371059777747,1.36096557727668,40.2176234302694
4.98060898135559,1.27130600323696,35.5384391116154
3.68301968198582,2.11486281369739,31.4259490812373
3.32575212657019,3.39448268171799,27.9410408859736
3.70939816583706,5.16339555136218,25.1446780757912
4.79778269195787,7.74249355243476,23.2757373275293
6.71696688662174,11.5170164992412,22.950096747829
9.63319385380064,16.4562720137677,25.4561988249611
13.3188850373119,20.7573302192001,32.4889493407743
16.2844646054976,19.7191440110345,43.09080691024
15.9996961488693,11.2658815417005,49.9347024979073
12.1402125712149,2.52095823033442,48.1381742451341
7.40313873434197,-1.21193828364575,42.293335122661
3.86541837018126,-1.62375528689331,36.6158326487184
1.81211096363879,-1.0862942688672,31.8671834160917
0.789304881643058,-0.562301741684464,27.8411580219996
0.33303691950717,-0.236570087748609,24.3559461671095
0.149933631396878,-0.060752872916798,21.3141039121864
0.0900013003626839,0.0406068239498062,18.6534833625114
0.0881652478549107,0.123939414469375,16.3253622344781
0.123765123303549,0.23197387769994,14.2883850611638
0.201200446266357,0.410958138146695,12.5072148796387
0.345944744254437,0.732721988660674,10.9531744334969
0.612839918444667,1.32788650061942,9.60862236079295
1.1090359844155,2.44467512049643,8.48377974711109
2.04051825148634,4.55618254537968,7.67781118902322
3.7963041747532,8.53020504657925,7.59678824543283
7.05811251270221,15.6933752822555,9.68462035520774
12.6656791871077,26.3965442129855,18.2469552843536
19.825094310663,32.4086769172127,39.639191360355
22.0153830880502,15.7680274794741,60.9436104733865
14.4339830509331,-6.11986361668326,57.0062567642416
4.64603896791024,-12.23967504587,45.6632294783073
-2.00766569946043,-12.0163081208463,39.4061604130758
-5.81337409977473,-11.4794368705296,36.7418849483635
-8.03302393118525,-11.5033041048804,35.92930250027
-9.45195204396558,-11.7504751915295,36.2406258566836
-10.3721765164851,-11.7579055499386,37.2139665193901
-10.8259692190593,-11.2424571211576,38.3185127070604
-10.7913182442903,-10.2616358601505,39.0033734680268
-10.3470897580722,-9.1725458733847,38.9434668312294
-9.70084776297757,-8.37745550748225,38.1796163235222
-9.10269571867403,-8.09938602605916,37.0106307807998
-8.7466863496144,-8.35806627060542,35.8003915560756
-8.73044733490423,-9.05599769714514,34.8715177296495
-9.06094916310751,-10.0331530252626,34.4822262036034
-9.66478895946624,-11.0557483085641,34.8051205010719
-10.385152527845,-11.7956499917244,35.8503999907867
-10.9880099506795,-11.9015329673843,37.3508831957137
-11.2257653867073,-11.2155705802695,38.7483943966397
-10.9677418940167,-9.97663026006861,39.4421033485779
-10.3012050428601,-8.71926739109721,39.1650984137887
-9.4877623920731,-7.91532697374555,38.0999755349755
-8.8132371532902,-7.7527885551343,36.6656004128784
-8.47184700797677,-8.19190258678615,35.2835924480235
-8.54214796865385,-9.09764588774312,34.2994509592635
-9.00839796428398,-10.2852660167779,33.9895359915414
-9.77069651564827,-11.4773435549236,34.5403847826971
-10.6310325849226,-12.2651245837064,35.936655350157
-11.2963721556248,-12.2179687756181,37.7968103468938
-11.4705535940779,-11.2014753314741,39.3787177589563
-11.0348498474274,-9.62128757626292,39.9712573579067
-10.1571663136408,-8.18504809404434,39.3809492378957
-9.18841084197125,-7.39854778773938,37.9563571367031
-8.45616311571815,-7.37949647885317,36.2315041937425
-8.1499900811699,-8.01935317335052,34.6692278361644
-8.32695875174065,-9.15311745535768,33.6302251309654
-8.95060644820497,-10.5788713611966,33.4141008865395
-9.89631198595281,-11.9700761151746,34.2336716031661
-10.9194974150352,-12.8118039175308,36.0506616306788
-11.6530530151036,-12.5661172460715,38.3373037153834
-11.7402197551132,-11.1389607645108,40.1130881452505
-11.0850256187085,-9.16514595246126,40.5485263959472
-9.96235414910458,-7.55307773733189,39.576375504579
-8.82553221410919,-6.81143873549079,37.749746130547
-8.03769565860771,-6.95650223367156,35.7129857005121
-7.77389214061925,-7.8085491822864,33.9538800696619
-8.06678947319128,-9.1861871380881,32.8430297089514
-8.86319157901203,-10.8837475381342,32.7130467388208
-10.0188740124492,-12.5243344185832,33.8257378808496
-11.2391664003387,-13.4551774991012,36.1373180733339
-12.0632647481765,-12.9829380310866,38.9447649015316
-12.0519536190247,-11.0596683053708,40.9550390944149
-11.1379377978815,-8.62446088839799,41.1972264575386
-9.73166204202963,-6.8232670917301,39.7861755376711
-8.40417170630741,-6.13489469837615,37.5182673871966
-7.5489705204665,-6.44399523050548,35.1397544836024
-7.31829134923006,-7.50031953484249,33.1457281003204
-7.71981566574022,-9.12400840234691,31.910322402677
-8.69182820894399,-11.1293137315906,31.8100607770779
-10.083660790594,-13.1035999125283,33.192446494425
-11.5562093674444,-14.2265245344297,36.0608824351171
-12.5331290544437,-13.5610920771135,39.536635073792
-12.4489692708263,-11.0604893940228,41.9091633665644
-11.249438451091,-8.05242476307128,41.9850211243067
-9.50880051849322,-5.99773341974327,40.1024636338366
-7.9424855177151,-5.32945270033398,37.3522250959288
-6.97801468093051,-5.76806068937358,34.5830325117493
-6.73968261693425,-6.98687166412081,32.280177128425
-7.20986751938761,-8.82480105414269,30.8073590060359
-8.32969141214609,-11.1561677705054,30.5856915632721
-9.96909289874579,-13.5895301326809,32.0946942482707
-11.7768584376905,-15.1467532340698,35.5081514212626
-13.0530376201985,-14.4980132415554,39.8802158188144
-13.0201798877669,-11.3906107785109,42.9549994917312
-11.5529103886397,-7.59641614914313,43.0615537295818
-9.40434692113099,-5.09568500182162,40.7299368305493
-7.49561762113519,-4.32971780495037,37.4464092024433
-6.32037029378685,-4.80804590011538,34.2056803855707
-5.97613335490022,-6.09002740118838,31.4720343121214
-6.41331010090792,-8.03193333487192,29.5658045083902
-7.58165845159456,-10.6198935818609,28.9144066763168
-9.41285306171316,-13.6199031167062,30.1407072531331
-11.634666310787,-16.0659301263416,33.7918213888523
-13.4980565993897,-16.1113125031858,39.2772534107571
-13.8945743168961,-12.67461788812,43.8513853710337
-12.3493816943411,-7.71361142742341,44.6843047724307
-9.70915717672102,-4.24632166748522,42.1092225004224
-7.24258378760418,-3.06156827962606,38.2296170317161
-5.63322873926493,-3.39436044790128,34.3875652658118
-4.97889467181539,-4.55717512882203,31.0541516159887
-5.17333194508056,-6.3479908640988,28.4504161554397
-6.14589640702647,-8.8684158474476,26.8947406326352
-7.90513160488372,-12.2160298593722,26.9955596887353
-10.403368939384,-15.9471286414229,29.705545226123
-13.1690135385607,-18.2431945169036,35.641532483927
-14.9162436432456,-16.267412447757,42.9407148247159
-14.2085629917575,-10.1049815525846,46.809556736153
-11.2675214758364,-4.28345303150925,45.1837187501488
-7.85044727484028,-1.62357641403969,40.7611558799533
-5.28938984773785,-1.34673334772711,36.0825523236595
-3.8835678958597,-2.12498414701167,31.9291158968497
-3.44617539316433,-3.38231510778241,28.4007571051755
-3.77280866039881,-5.12576345278877,25.5605284863435
-4.81132338829778,-7.65174783402775,23.638106898934
-6.67065286272858,-11.3311498758007,23.222582625463
-9.50599105235188,-16.1499172908458,25.5421572738093
-13.1105018335628,-20.4364474433663,32.2347562882652
-16.0889098274498,-19.7258658302028,42.5329884139149
-15.9885692118031,-11.7298144523989,49.5547335842966
-12.3389193682556,-3.02347122648039,48.1791060266468
-7.68185410523743,0.89534550351897,42.5234541477236
-4.1327516286064,1.4117605560445,36.8662107554984
-2.05503298625783,0.873915850260234,32.0984294893819
-1.03298946741011,0.281031599729984,28.0508827152119
-0.616909992386472,-0.174307687877566,24.5472538373277
-0.526187726035667,-0.566031203665024,21.4926217385095
-0.636003977475616,-1.03118200504863,18.8309936533164
-0.931444165986184,-1.7421919935492,16.5303996239138
-1.48652850541738,-2.95380087121075,14.5977805571652
-2.47968452663426,-5.09405928133386,13.143382833835
-4.24571383863459,-8.87979582345445,12.586883260249
-7.33103995230653,-15.2644347450519,14.2574402825595
-12.3012583509846,-24.1034484273153,21.598537112883
-18.3160501496264,-28.8192553204692,38.8290911980717
-20.4584274687489,-16.6625581147215,56.5101892731567
-14.8195942963516,1.60703026096918,55.5456164118541
-6.54469021834505,8.44543558383197,45.8685341999586
-0.478372379269671,8.85959377338746,38.8208688137476
3.12029580180567,8.59021079388492,34.5889806909483
5.36578266424283,9.18546056391522,32.0643693040688
7.17237688336349,10.7388182914058,30.9947388305456
9.02207172431297,12.8727314555906,31.621331546703
10.9626948006642,14.7311600612377,34.2045963308419
12.5722161452718,14.9725606821647,38.2772581454098
13.1150312721038,12.723436651467,42.0055354486815
12.1795025543531,9.00086862708942,43.254942597278
10.2265089117513,5.93479539325716,41.7205708540387
8.1900489412205,4.56301380269666,38.7061590635055
6.73964714180429,4.63012007539248,35.430208037915
6.09821098091251,5.63069916591955,32.513115176064
6.25251909515877,7.31759085539038,30.2982662696932
7.14776614802994,9.64984396673858,29.1569868943257
8.73048473905263,12.5110604966889,29.6352947498045
10.8271132393195,15.2567630763901,32.3528728165713
12.8869304948576,16.3331257150528,37.2676326001712
13.8896504388719,14.1382326534187,42.4291567154981
13.0259778569066,9.4689592914911,44.6908074933481
10.6851810747733,5.33997482084811,43.163849334921
8.10004518622034,3.41907956778221,39.6183602091034
6.19025191180846,3.30763192891224,35.7455705309847
5.22566212841734,4.21889593353832,32.2561627940024
5.14454322771409,5.79304823236466,29.4197274124283
5.85517210212903,8.04578564962403,27.5073163219999
7.34077201696877,11.096909089094,27.0154104520168
9.58706339119932,14.7355227834096,28.7810895662466
12.2994104723155,17.667473864419,33.6313332989307
14.4747069840397,17.2385783628159,40.7213730751975
14.6067862757683,12.1937393949258,45.9780438193834
12.2830537311549,5.95437203334285,45.9509084491336
8.91769182788433,2.34882613135777,42.161787070351
6.08333513789093,1.4900023611834,37.5092431511269
4.36447630735944,2.03589117209554,33.2294712295737
3.67963902299971,3.190768178891,29.5557041523123
3.81660160680447,4.8202147775873,26.5540122919131
4.6791745529361,7.14957047039486,24.4137075906097
6.3317795048459,10.5284256858534,23.6278310748407
8.91663985063492,15.0516927624453,25.2478392563254
12.3311934217072,19.5208640966267,30.8319620025202
15.49798108857,20.1206718182546,40.388503196984
16.1352918752979,13.5991583229409,48.407538328886
13.1797948123266,4.72167529636493,48.6648785304392
8.66622968075414,-0.0856981563568193,43.6184123768679
4.92974580815923,-1.08077186410166,37.9383431954432
2.64195583988434,-0.627193058788816,33.0450077366552
1.50334274099858,0.0645354300145825,28.891705717524
1.07665182350162,0.71382723053296,25.3073783954847
1.07674832836888,1.40475112809798,22.2001649370916
1.3941693920651,2.34833318541794,19.5354909040103
2.06570289939956,3.85574960012209,17.3443938994816
3.26888833448013,6.40576492743639,15.8112936594624
5.3487465471118,10.7063948543366,15.5442730267137
8.80311676767107,17.3922422014107,18.243075097911
13.8544693768589,24.9845875807843,27.4163107429947
18.7452440762113,25.2913624362185,44.3488724730735
18.6700480011524,11.2532654893391,55.9863205545528
12.4994510152643,-2.55980353659727,51.8641530233048
5.43033650167806,-6.79177506775557,43.3121202292467
0.561510880747226,-6.85913775205536,37.0152670556248
-2.30940031013981,-6.73104530823957,32.7182077703999
-4.18146514323049,-7.51687582421752,29.7313143495546
-5.85975513445838,-9.40270928045558,28.0076864400289
-7.84221810882463,-12.2948085922182,27.992367945309
-10.3047246647285,-15.5975355782836,30.4706064795722
-12.8950124220508,-17.5759680563253,35.8665551626689
-14.5022341103763,-15.7704361748569,42.4309793006596
-13.8980509832343,-10.2757706588697,46.0033894732696
-11.2649989823244,-4.94031031785231,44.6853735695978
-8.13274337080226,-2.35603450959832,40.6647569657547
-5.73719768889915,-2.02508091848813,36.2473014113364
-4.41964286645113,-2.80608609280916,32.2694279053868
-4.05743678102921,-4.16329394368175,28.9133038247911
-4.48848078857175,-6.09523094970656,26.3126631765423
-5.67726474082185,-8.85898570896238,24.7896094200218
-7.7090348109578,-12.6806078399397,25.0594283722644
-10.614916529866,-17.1245851449092,28.3743297380542
-13.8822173402352,-19.8699300711915,35.7168536288825
-15.857925776142,-17.0282655185544,44.6564968268712
-14.6919879082728,-9.06850660121428,48.6859450994272
-10.9275056229083,-2.40361901912724,45.9216455829037
-6.91936367235802,0.11722470588754,40.5646086358242
-4.09278744955684,0.17562922551581,35.4352581430418
-2.55778043530338,-0.551345997324483,31.0330814914269
-1.95785991818878,-1.45825021840509,27.2602581508216
-1.98357923655021,-2.54430567550301,24.0371276379268
-2.5084677326833,-4.06766521119052,21.3782807268166
-3.59264544847684,-6.44923800959254,19.4509463436152
-5.47126024123586,-10.2572820629298,18.7783398735441
-8.50412412116903,-15.9345694626353,20.7089669052511
-12.8298022059835,-22.3462002662434,27.8332573277303
-17.1783218498376,-23.7031079663245,41.3178199629351
-17.9624702785538,-13.7934414652247,52.5782412932428
-13.4908836117265,-1.2849587773116,51.4740371983326
-7.32580273073035,4.01051284494022,44.2003170274529
-2.66311712909301,4.61045232720279,37.6858800367855
0.126066322091196,4.28670079954253,32.7479313908835
1.77498315001333,4.46012203599289,28.8690142082072
3.02326770681,5.50905662259146,25.8274927061415
4.41496320333197,7.63360840862977,23.741215030187
6.36817006303278,11.0740028147216,23.1269507182275
9.19425003823494,15.7938039589557,25.1452072834809
12.8089702164581,20.2735251403111,31.4674148179075
15.9596350632817,20.1545450953763,41.7243380536891
16.1822936952081,12.53624243895,49.3844051135112
12.7196689250633,3.50445702161896,48.5960018114061
8.00826836805782,-0.820811575383072,43.0302710623356
4.31788207833557,-1.50381770927916,37.2887900896654
2.12148474981841,-1.00134571744763,32.4450364610549
1.02131041640942,-0.417698120113911,28.3442672816286
0.551282844844641,0.0108219456328608,24.7988879373615
0.409947143857234,0.338692841639342,21.7070697477806
0.452466356211592,0.681961247447733,19.0074699021784
0.640280951532677,1.17462539905925,16.6581391567154
1.01138299517527,1.99928357355189,14.63912379283
1.68294821570592,3.45669173421,12.9810549338275
2.88852265881844,6.07437249459141,11.8624768245837
5.04767072754325,10.7196046713992,11.9198085538586
8.79950200119806,18.3379996447639,15.1139383651205
14.5442754769836,27.4349043021062,25.9784111823077
20.1758165004671,27.3113807478638,46.5934034548342
19.4833763303823,9.15944003594221,59.1201289295791
11.7281472454429,-6.0672147969361,52.3824899476118
3.73838364476496,-9.546782023596,42.9912209556463
-1.45851752060283,-9.28537237495697,37.2397666605281
-4.50208429087824,-9.24958732625556,33.9428858589349
-6.53299597022641,-10.1551714861038,32.2326760399368
-8.29189515863678,-11.7980548130996,32.03302765559
-10.0589692261451,-13.5674502819812,33.5250611033675
-11.6759247987144,-14.4496323721204,36.5717639787227
-12.6229033129733,-13.4442597835774,40.0908291172963
-12.3915502487862,-10.6619245932686,42.2448571721551
-11.0396938362345,-7.60743035582819,41.9744614421998
-9.23219042000322,-5.68845728978303,39.8295009984053
-7.68942586083448,-5.18775811458967,36.954759316072
-6.79838572243774,-5.75961174253364,34.1553008593863
-6.65067001370035,-7.08561931780939,31.8812717908363
-7.21675852877505,-9.02748089939069,30.4931268449902
-8.43568875817971,-11.4598814027543,30.4321419441946
-10.166339379264,-13.9409021022482,32.1975788029521
-12.0177551603367,-15.385009216199,35.9136413303051
-13.229253079646,-14.4130101342773,40.4392976533557
-13.0175810907268,-10.9737121822983,43.336310574301
-11.361695697753,-7.10494526355999,43.0773354377393
-9.12111839309422,-4.74365632415697,40.4663136528112
-7.22210212591487,-4.14481880215366,37.0535063930297
-6.1086167051749,-4.74185329189524,33.7730397561626
-5.84034938430711,-6.10920314261075,31.0439694981157
-6.35625358138553,-8.13665529255388,29.1778705785074
-7.61002108672318,-10.8298916241248,28.6210015703288
-9.53626046059784,-13.9358219663562,30.0359683466568
-11.8416639670291,-16.3920705577358,33.9878804611821
-13.7128726981668,-16.2133226735862,39.7573732976327
-13.9835199193686,-12.3956991910801,44.3220472631456
-12.2415910399875,-7.23878010981378,44.844819299986
-9.46628403943706,-3.84180908717481,41.9705687152003
-6.9661149105065,-2.79464319433189,37.9371180069568
-5.38152945810238,-3.21688622419599,34.0304235700779
-4.76626612489123,-4.42090285510195,30.6630892495561
-4.9959203110762,-6.23592710004356,28.0312617775175
-6.00158147192332,-8.79594200977469,26.4473500113371
-7.80589165011728,-12.2327563601208,26.5342159605149
-10.3821266465573,-16.1262749207479,29.3028234463525
-13.2656239999484,-18.5922975453866,35.4736662150334
-15.112532244016,-16.565544387693,43.1564894769503
-14.3778727666237,-10.0668989693036,47.2189870835948
-11.2901198973377,-3.97482378560985,45.4627253989963
-7.72536084512258,-1.25689184815401,40.8455463652211
-5.07220847670177,-0.994340762257323,36.0396606527448
-3.61186120108632,-1.75881662473988,31.8015328357053
-3.12458400394438,-2.94750972440922,28.1899487764096
-3.38134588922656,-4.56292904896452,25.2310984742402
-4.3149808093603,-6.90639327880367,23.1010189342382
-6.03469166570839,-10.3991537339032,22.2970810216683
-8.74455882151712,-15.2386725150606,23.9484422927828
-12.4130690387271,-20.2581164532528,29.888003534703
-15.9272290859009,-21.1628532549754,40.4563215876482
-16.6797906469611,-13.8865861972874,49.4694293436483
-13.3830646731131,-3.96721782229572,49.5789639722557
-8.40843353586004,1.13166979585413,43.9416852384178
-4.37207032134845,2.0713535379334,37.9401711645967
-1.91396617863219,1.64353197182715,32.9351505290207
-0.622130714927249,1.17139024390522,28.7451226377526
0.0336945923617526,0.985876732876517,25.1440926027483
0.425199414730533,1.11228242469297,22.0173647933178
0.780716869526387,1.56783847270415,19.3067316789908
1.26430464044035,2.46820962995671,16.9922041095899
2.05334233279491,4.09154175598464,15.1222667375097
3.41394289266386,6.96038431171855,13.9318255545553
5.77664389280123,11.8873536073357,14.1970287297184
9.71815876074778,19.4807364472166,18.1060084193471
15.3218263410645,27.1778052815711,29.8865478912105
19.9201295680416,24.1730214734217,48.9268956366565
18.0708200386913,6.76311983077754,57.4509790491013
10.6013112955522,-5.53336391946658,50.2742679719704
3.50977534759129,-8.12151152424077,41.7336760733417
-1.02840418310504,-7.86787425667068,36.146836823463
-3.71151043240171,-7.97097852079162,32.5561025268038
-5.59333175740843,-9.10019178489662,30.3631925355219
-7.39378613850075,-11.20253124717,29.6625853822756
-9.44989712620318,-13.8383745238395,30.9231191536223
-11.6609343860731,-15.8914675885876,34.5170473261754
-13.3656757300584,-15.5922099436969,39.6572772449183
-13.5956986440757,-12.1593392457504,43.6777032432412
-12.0374112700859,-7.5651934672918,44.1698850942725
-9.54296707551454,-4.45409272016026,41.6113873575819
-7.26546316956859,-3.44121411876119,37.9008759838741
-5.81244257299921,-3.84176311071045,34.2415335126724
-5.27509357471668,-5.06077579662732,31.092711755276
-5.56697303303616,-6.92894241736566,28.7087232932932
-6.63031554419344,-9.52402275739375,27.4541926113677
-8.45689077896825,-12.8421302711714,27.9736746919146
-10.9253864290903,-16.227908896871,31.1421652169472
-13.4352010214304,-17.707682190379,37.1666106119391
-14.6811065227833,-14.950987637191,43.6379859681564
-13.5544509971713,-8.99375913683241,46.2571011387348
-10.6158769425276,-4.04144449545236,44.0833634773991
-7.50633019072536,-2.00033103337744,39.7710258093371
-5.29161854776188,-1.98119432034368,35.3586044794642
-4.16441664528668,-2.89745778512238,31.4607978887726
-3.95638907945459,-4.33758440542832,28.2033432499567
-4.51706192364097,-6.37695052854524,25.7285252556181
-5.83888097411187,-9.3074086783757,24.4005155502136
-8.02743001629388,-13.3340495847726,25.0216826322061
-11.0899467186353,-17.8465880745945,28.945032760887
-14.3771739021857,-20.1127887180069,36.9806781959423
-16.0335745002586,-16.2166101411758,45.8770146870134
-14.3398414058537,-7.78117548934815,48.8817246415127
-10.2893567353579,-1.57362073355372,45.3279443631007
-6.31968601126558,0.455460454036369,39.8000698468503
-3.64632689393544,0.316766129218245,34.7216590247584
-2.23855331277586,-0.426504205593468,30.3894549662576
-1.70453656037866,-1.27716651883039,26.6707212772039
-1.74035854043384,-2.27251598488899,23.4807579122316
-2.2284402454223,-3.66932039900596,20.8209205764452
-3.23025811598105,-5.87432548573423,18.8234220617418
-4.97886408211647,-9.46183207544447,17.9315592761091
-7.85537216587167,-15.001249128057,19.3513437863234
-12.1291784395837,-21.8454576848604,25.6538956245131
-16.8660135394104,-24.8153859308127,38.9858652081121
-18.5290714440816,-16.0487644229433,52.2270692788064
-14.499488508112,-2.26685294731455,52.8180842819545
-8.02197954700593,4.28291930279312,45.4633251096518
-2.8854165164749,5.22566286063224,38.5826253611683
0.240578091550085,4.92090078851691,33.4909079803941
2.09390883063772,5.10147022547978,29.6025658954772
3.48146481876491,6.21840199023677,26.6491969177008
4.99544955123294,8.45546287836962,24.7718500218693
7.06115856415447,11.9558239614258,24.5512641511869
9.92380945125384,16.4170659352804,27.1579977561635
13.3128360973712,19.8993014939134,33.8656500623336
15.8011477672468,18.3465665309239,43.2191113658798
15.2992904359664,10.7116083842614,48.792076849117
11.7674675203817,3.15060755575775,46.999217787361
7.54048248011229,-0.144937412550392,41.6888920110817
4.38313322793154,-0.503689316438903,36.3600178768477
2.58249784749392,0.130684675640339,31.7833257780261
1.79080900624609,0.952011533254585,27.8673112913704
1.65031293214807,1.86628836344578,24.4985178511138
1.97741228535138,3.07035075573001,21.6458672757686
2.77209688909693,4.91493354556817,19.3813018668303
4.20612425224547,7.91404089714885,17.9973441409938
6.61719652188514,12.6995074907596,18.342261749584
10.3868789991996,19.3567997785754,22.4567622127583
15.2358719912013,24.8197167606517,33.3032916151257
18.5835050574141,20.7682013422717,48.3781649614779
16.5767153082738,6.86262155697835,54.2234743852821
10.3919272819627,-2.86341162151686,48.4224647767167
4.50978504237632,-5.25255264621557,40.9104669261481
0.681969657034643,-5.08368216180714,35.2171497166001
-1.54821357205045,-5.0035289658828,30.9496188649228
-3.03802853696021,-5.7651725713708,27.6722998436666
-4.4622542334702,-7.58939461123653,25.3867506763999
-6.30029144675413,-10.6378188769864,24.5041841138644
-8.87402352072587,-14.842404811368,25.9790652729034
-12.1509779228301,-18.9858078871638,31.1913569648058
-15.1566337733234,-19.5740435246312,40.065938835093
-15.8280502239713,-13.6631130999042,47.6408980735154
-13.1580002264106,-5.36343865558683,48.1809485072961
-8.93161258938811,-0.619774964085149,43.5646357008555
-5.34636206279054,0.474726348451567,38.0926178734273
-3.12644720140936,0.0331070329329078,33.2742633411928
-2.05167651346069,-0.776003184115197,29.1606857926036
-1.73912313559582,-1.68374606263699,25.625582423609
-1.94811184911136,-2.82278914945303,22.6169307210298
-2.62673192587341,-4.50833542683755,20.1801897480696
-3.90036608267434,-7.21285186578161,18.5455579957489
-6.06406954124851,-11.5476328281621,18.3997147915974
-9.50218083983173,-17.8092275997061,21.4554057806454
-14.1678083417714,-23.9227776492443,30.6074652504347
-18.1031017899445,-22.511626582677,45.3571482187373
-17.3790589408273,-9.95180777712613,53.9548582763045
-11.8043880022737,1.29390125615585,49.9245557124173
-5.69889858009906,4.84503503381316,42.3268957861952
-1.49291004181366,4.91357965375617,36.2553077917686
0.965423403776461,4.69116520573447,31.6995526770767
2.50747860065206,5.18665306512995,28.155051568652
3.84334780924801,6.67479399191349,25.521117690617
5.48440698536634,9.34478518543246,24.0750935649139
7.80834459490288,13.3107265847053,24.5894120629503
10.9676261577665,17.9438782184955,28.4548172823188
14.3933263200283,20.4583318916912,36.6376936542811
16.2058047451935,16.6246489017977,45.9615607800808
14.543779489757,7.86606831246225,49.2640067411794
10.3743313805011,1.353852652837,45.6481625793615
6.25953806044575,-0.770299052449884,39.97532168414
3.48131341881843,-0.652392505185216,34.8057982312535
1.99819485338144,0.0445489174149631,30.4189372462808
1.38740386944555,0.784397537872822,26.6524157522893
1.31406888593004,1.57418909717887,23.3976898643593
1.62648044500625,2.62153566801796,20.6185982823339
2.33989339662735,4.25488042288489,18.3593027029793
3.62562828697595,6.96729023194165,16.8409744774261
5.82421625287275,11.4417624989802,16.7548988287024
9.39275085021186,18.1245164468512,19.9259649782007
14.3766612646187,24.9608474996137,29.7024110918825
18.699784066994,23.5945699909513,45.9807253881388
17.8718057107632,9.53467965467009,55.3180366404886
11.7005264932297,-2.60695547434193,50.5007723718012
5.12366731515857,-6.08374614770556,42.3964015799712
0.682211225004993,-6.06165822186271,36.3333872861137
-1.92658078496817,-5.95193212593165,32.009606257196
-3.64171600435092,-6.72845267823878,28.8520316529666
-5.21913949387504,-8.60750012752838,26.8384436189145
-7.15955162118245,-11.6233401283076,26.4142378301057
-9.71416293946165,-15.414308688967,28.4856946973519
-12.6639909856313,-18.3907503162395,33.955735310063
-14.8977054622072,-17.4734401595484,41.6942072675044
-14.7712523460628,-11.5752180895653,46.9102921263909
-12.0378222510336,-4.97214122890782,46.2124214426813
-8.41156968242835,-1.54366750232766,41.8849710297797
-5.51110405470375,-0.909280560779732,37.0018759256002
-3.81097716169881,-1.53609022958142,32.6279166173085
-3.14115296816818,-2.64674338092853,28.881916989327
-3.25086055274132,-4.1479978371638,25.7732744339119
-4.03391425398885,-6.29540689982313,23.4335258075915
-5.56521885499373,-9.5022854805049,22.2669983271924
-8.04514669933144,-14.0771317819662,23.2349749104198
-11.5500335831419,-19.319053562168,28.0807339101285
-15.2974863981155,-21.6614610612235,37.9044850318357
-16.8987508999081,-16.1022646424448,48.1573040014902
-14.3875878954722,-5.8519488587698,50.3352988216646
-9.48124711864016,0.51125404440273,45.3531655155358
-5.10620813426387,2.09563779366605,39.1868466856435
-2.31110999700472,1.8029676172202,33.9584403964228
-0.805232039785969,1.29790564309299,29.6120186711519
-0.0393943339505199,1.05812999978056,25.8949235780773
0.400057406699653,1.14335833782949,22.6727388170039
0.770814021867226,1.56712778359854,19.8797292889194
1.25076714219379,2.43156876273077,17.4917830823917
2.01940377219826,3.99665349758917,15.551008547085
3.3354614029073,6.75915196228672,14.274528749663
5.61344604199202,11.5018440149507,14.383336882069
9.4172182817062,18.8654434960822,17.9187000677595
14.8950888134512,26.6653293311107,28.9513461364159
19.6645546682704,24.7622614959864,47.6243337990546
18.3574845635582,8.07325728988718,57.2917465577212
11.1688564989956,-4.86398476530922,50.8420598861543
4.00610773317205,-7.89460155902959,42.1928351703503
-0.658118056598114,-7.70057028692756,36.4000648458037
-3.40863463865064,-7.73788247595485,32.6357128473116
-5.30054657677575,-8.78805995514856,30.2591703232327
-7.08322864810545,-10.8540475548273,29.3309789420812
-9.13645160375439,-13.5724995133036,30.3267524061155
-11.421096246705,-15.919134294301,33.7328281227014
-13.3254693664159,-16.0638795807727,39.0111506711089
-13.8181057141092,-12.8494390520984,43.5711049643525
-12.4040008002733,-8.01080701301934,44.5882508798288
-9.85361705996454,-4.49977737458605,42.2012678490618
-7.41021918697439,-3.2239863383894,38.4197087421253
-5.78425313819743,-3.49415172521243,34.6167142250037
-5.10215257117953,-4.62441801251274,31.3003194480263
-5.26978358766121,-6.39279517105235,28.7067699289995
-6.2157773978192,-8.88092098855234,27.1561194847406
-7.94085534349961,-12.1689354798471,27.2448137624078
-10.3878997333524,-15.8097220210198,29.8902900315683
-13.088651561432,-18.0389904440605,35.6640948847604
-14.7977423236827,-16.1424085624593,42.7558131068658
-14.1314009297822,-10.1900550064115,46.5672457766688
-11.2868772844729,-4.49842884014024,45.0569130194485
-7.95035302577089,-1.84368340495188,40.7574028577953
-5.43122253487045,-1.54315599584099,36.1510150899928
-4.04577699775908,-2.32104563847323,32.043215235293
-3.62732091009297,-3.60938966853085,28.5594488388311
-3.98382019942167,-5.41213752744268,25.7830818340818
-5.06843652553775,-8.01680437967395,23.9710686894464
-6.9851936153092,-11.7578806012845,23.753702647071
-9.85658916144492,-16.5019052083082,26.3838397432057
-13.384123485189,-20.3549803573842,33.3388138889817
-16.0686857062917,-18.931295801798,43.3144236823847
-15.6072468310479,-10.828524188273,49.3807549778807
-11.8798617661076,-2.75440725489574,47.4831786099492
-7.41225189986248,0.686409134861749,41.8958854826309
-4.09185100715126,1.04485583077687,36.4041751360403
-2.18668011734558,0.452656238801898,31.7470771862985
-1.29427826564178,-0.224088903073083,27.7739145586099
-1.0076436665251,-0.854509107959118,24.3347054709835
-1.09352425231253,-1.5689062817102,21.3551463613753
-1.48475851288447,-2.59795572669295,18.8130098372683
-2.25273751954531,-4.2815555530078,16.7611625144327
-3.61185787922675,-7.14892742540357,15.4429816478958
-5.95068816481034,-11.9538474585697,15.6313591971284
-9.77953547436668,-19.1644646591923,19.4086683982375
-15.0982851647789,-26.2199682277504,30.5540799177372
-19.3847972933777,-23.3678016972741,48.1665433089839
-17.7380121562706,-7.43302952528329,56.3404012422026
-10.8226720203293,4.32262677083029,49.9771504604754
-4.08834589001017,7.0751530091827,41.7111063807791
0.286322954596911,6.89100515190318,35.9533359872724
2.86610448284224,6.93022851356741,32.0133616132678
4.65080058011747,7.96980638846554,29.3383799998009
6.37661413481762,10.1030625678691,28.0068182750547
8.46837151024954,13.1400632140254,28.5570001496836
10.9918871265911,16.2449581663092,31.7600772591569
13.4112888332071,17.3934197815805,37.6402734018821
14.4981525063476,14.4801194820097,43.6912398645926
13.2951158962486,8.74403809590002,45.9194625726098
10.4334441736844,4.12120968697559,43.6740106559798
7.47036923217501,2.25790705611616,39.4720760297865
5.38660775646008,2.30239948243775,35.1866539126732
4.35761466360038,3.26416173140933,31.4037939989231
4.23265095675702,4.78005601854996,28.2730710193805
4.88248887539799,6.93673318955765,25.9756203621138
6.30970892053428,10.0002027727336,24.934411461872
8.59960476354203,14.0603439032433,26.020337016823
11.6658444549334,18.2147032690734,30.5277014719558
14.6739312392414,19.4679218293197,38.7088712560939
15.7340171818247,14.6549580856372,46.5384618546646
13.5900356147585,6.64103850926501,48.1376243243615
9.60334423953847,1.42339453329973,44.1736731599758
5.9765801949435,-0.0657259349998114,38.8340358279584
3.63560076270213,0.250074195378966,33.9870953341332
2.47607868480136,1.09562433874822,29.8326217681408
2.14617266939901,2.12625135493477,26.2766925014554
2.40828010998346,3.46152843613083,23.2881282612152
3.21573662875645,5.43913910984081,20.9584592442486
4.70743214250798,8.55309079304305,19.6257568797274
7.1785854344783,13.3306627698155,20.2033763093526
10.90326249107,19.5433574571394,24.6869108297964
15.3809656220751,23.7621001875141,35.368484802832
18.0040514526828,18.8000901788419,48.6152481672817
15.6767511349598,6.22818288381979,52.7439800176066
9.94624051408199,-2.03994025364783,47.1651250214915
4.66531760290239,-4.06091182400491,40.1808490839747
1.25424223752591,-3.85318062751075,34.6418575925728
-0.695966010623515,-3.65053372430901,30.2868338727178
-1.9312092199042,-4.11302694615064,26.7515152520459
-3.04321391745626,-5.45251962317429,23.9677012925172
-4.47296658642254,-7.91038954822264,22.1426380401416
-6.60519456084458,-11.8107557938242,21.9221963289914
-9.74689024975296,-17.0830792189063,24.7357650424721
-13.7059857014757,-21.6651384160024,32.5304213466049
-16.8081133113525,-20.1361877435977,44.1364974399926
-16.2284684566832,-10.5076643896622,51.0177256294543
-11.8540082918847,-1.3328015737968,48.3901622855638
-6.80477473550886,2.17081926144974,42.0405742883278
-3.1680170892205,2.41533991300703,36.2488492833596
-1.07232694085056,1.93569670809914,31.5176350113408
0.0426721534830621,1.6726900560453,27.5453513479631
0.703679412281577,1.83443862091616,24.1396083310282
1.26965637326453,2.48544163194552,21.2260469091807
1.99888213532722,3.78282606361161,18.8137938755789
3.14920393672966,6.0805976038534,17.052386206926
5.06863152922127,9.97734649703619,16.4515762314141
8.22605775237983,16.0851959547744,18.4361683396984
12.9092659901463,23.4554371980243,26.0573892070382
17.8544742037296,25.4993075459043,41.3506644869023
18.8268282888807,14.0559383516443,54.4300811729827
13.6746576208528,-0.284222539629819,52.7236419162945
6.74042173984671,-5.79191962316564,44.5049095201907
1.6446833269012,-6.23603948536915,37.8137912491534
-1.39142291392867,-5.99249923535891,33.1029263525404
-3.27753203665638,-6.50083115714313,29.6710820987773
-4.84585969024986,-8.08225609609479,27.3543055824728
-6.66226643006109,-10.8024220595163,26.4774767708535
-9.04770254580377,-14.4423404582752,27.8287223013732
-11.9337021233399,-17.805473859693,32.395923684227
-14.460671884878,-18.0943003163612,39.7936414685142
-15.01254749753,-13.2716131999977,46.0376667070437
-12.8416770068071,-6.43177878715468,46.7562703682769
-9.29557362794844,-2.17576295938092,43.027248487409
-6.16943921966944,-1.01066290211392,38.1635775116894
-4.19952244090026,-1.43346893307545,33.6687743578073
-3.31867621062242,-2.46781326532463,29.7939006181598
-3.27303868979909,-3.89207904589322,26.5529637191166
-3.91955709027083,-5.89951821570326,24.0496758895756
-5.29383548590021,-8.87500797202085,22.6248865899687
-7.57250712336514,-13.1653309050661,23.1075492955741
-10.8752907672438,-18.3479137485959,27.0840002509785
-14.6427466988133,-21.516126919802,35.9681929146866
-16.7872057206585,-17.5475707299861,46.5840684448081
-15.0283363794387,-7.65381345996531,50.4331214734096
-10.3991104687052,-0.400968653032548,46.3516841192474
-5.86761460606685,1.82125934487051,40.2106104752251
-2.83380551131733,1.698468724271,34.8275558513808
-1.16964870866025,1.14530892830925,30.3514835944506
-0.34647200782385,0.774650624198975,26.5310523948802
0.0635669462504603,0.666822957721797,23.2153171173819
0.320563258623368,0.793840637321498,20.3242321970023
0.577289236798906,1.1674559326757,17.8077140066262
0.949085920310207,1.88994745036958,15.6387441169091
1.57332814269851,3.20035985527454,13.8346239788365
2.67056906208277,5.55640593103954,12.5358756389713
4.62096408336406,9.73925442219354,12.2578909781416
8.01855511597768,16.7112001614937,14.6108517260016
13.370811574279,25.7718891976647,23.5642269104722
19.2853520683037,28.4049930102561,42.594766065069
20.1198446037266,13.0776491630225,58.1399196806379
13.3457532819095,-3.97632470266721,54.0852738018847
5.14772621608865,-9.038651332506,44.3920661363039
-0.485493731878397,-9.04438243822676,37.9771586646592
-3.79296645813132,-8.87651951148578,34.2004943604484
-5.92296822655966,-9.63832618491129,32.0601487190153
-7.71021238632119,-11.2719372923089,31.4053788554349
-9.54095876803536,-13.2847525026664,32.4734760062552
-11.3587416139718,-14.7144168144126,35.3594109592815
-12.671091902005,-14.3201497246819,39.2740785723397
-12.8217543595474,-11.7023114171755,42.2800622281284
-11.6337335735865,-8.22507718405587,42.7290933043265
-9.70769009763109,-5.71743075362042,40.819010085955
-7.8928264318727,-4.79742330638024,37.8263798867235
-6.71262730110545,-5.12818538679301,34.7547653933544
-6.31500400317407,-6.29595735645436,32.1239070990166
-6.6760047327106,-8.12177248386332,30.2796129071934
-7.74341568109174,-10.5444815661586,29.6342564353079
-9.43274824605794,-13.3073184461257,30.7437157857168
-11.4712061743469,-15.5228990117586,34.0505157365942
-13.1771864959338,-15.5925194565869,38.9832259221735
-13.5784275002851,-12.5945016260004,43.1599979921709
-12.2416379808092,-8.1450701653302,44.0875984812667
-9.86772843156056,-4.88011906616674,41.8815985656856
-7.58532590961214,-3.66438794411333,38.3268018987995
-6.06325891198264,-3.93061767069035,34.709608909236
-5.44391271950278,-5.06856990833133,31.557173500209
-5.6576008778451,-6.86568854386407,29.1433099589007
-6.64168597447798,-9.36821485360074,27.8219805527633
-8.37757907694347,-12.5673853973154,28.2005901109208
-10.747722704087,-15.8676109580799,31.1035916493347
-13.1994340064753,-17.4563284388087,36.775205787398
-14.5150506919574,-15.0842601645851,43.0835131729502
-13.5874542025965,-9.46516711272501,45.9460232243219
-10.8323833020198,-4.51932714589294,44.1336317616902
-7.79489561163425,-2.3308534854936,40.0252239109183
-5.57151840986163,-2.2052798780337,35.6902787276525
-4.41272952350377,-3.0852015606361,31.826726473781
-4.18116916708941,-4.5307441295543,28.6002207278745
-4.73336314677202,-6.58865355082323,26.1721922753027
-6.05486161224767,-9.5202129259582,24.9214365364871
-8.23073883708994,-13.4759823993798,25.6503785648178
-11.2269469637331,-17.7609956554258,29.6396123470757
-14.3492652014324,-19.6619493877785,37.474957892738
-15.7987110016363,-15.6579091664949,45.7966223356913
-14.0540192235002,-7.6320441805014,48.3845475468025
-10.1531201308853,-1.83296412345348,44.88574532491
-6.37586843603718,0.0548074008880409,39.541988799195
-3.84618986922312,-0.119257850893661,34.5903203456556
-2.54241231137974,-0.923866426518683,30.3419690822442
