0.344765;0.114922;10.036.493
0.354342;0.143652;9.988.609
0.316035;0.114922;9.883.265
0.335188;0.124498;9.921.572
0.296881;0.134075;9.950.302
0.335188;0.134075;10.026.917
0.325611;0.124498;10.103.531
0.306458;0.105345;10.141.838
0.316035;0.114922;10.113.108
0.325611;0.114922;10.055.647
0.325611;0.095768;9.883.265
0.316035;0.105345;9.787.497
0.296881;0.114922;9.777.920
0.363919;0.124498;9.959.879
0.354342;0.143652;10.007.763
0.325611;0.134075;10.036.493
0.316035;0.143652;10.199.299
0.344765;0.124498;10.208.876
0.335188;0.143652;10.189.722
0.296881;0.124498;9.921.572
0.325611;0.114922;9.816.227
0.316035;0.105345;9.806.650
0.306458;0.114922;9.864.111
0.335188;0.124498;9.940.725
0.373495;0.134075;10.046.070
0.402226;0.134075;10.132.261
0.354342;0.134075;10.141.838
0.325611;0.105345;10.170.568
0.354342;0.124498;10.170.568
0.325611;0.134075;10.199.299
0.344765;0.114922;10.007.763
0.316035;0.086191;9.835.381
0.306458;0.105345;9.634.268
0.402226;0.134075;9.433.155
0.411803;0.134075;9.538.500
0.392649;0.105345;9.777.920
0.363919;0.095768;9.892.841
0.392649;0.105345;10.160.992
0.363919;0.105345;10.218.452
0.325611;0.105345;10.352.529
0.306458;0.076614;10.275.913
0.363919;0.095768;10.218.452
0.411803;0.105345;10.103.531
0.421380;0.114922;10.065.224
0.354342;0.124498;9.758.766
0.363919;0.105345;9.672.575
0.354342;0.095768;9.605.537
0.287304;0.105345;9.739.613
0.354342;0.114922;9.931.149
0.392649;0.105345;10.036.493
0.363919;0.114922;10.256.760
0.363919;0.134075;10.285.490
0.383072;0.124498;10.275.913
0.354342;0.114922;10.113.108
0.392649;0.114922;10.036.493
0.354342;0.095768;9.911.995
0.344765;0.095768;9.854.534
0.392649;0.114922;9.768.343
0.383072;0.114922;9.768.343
0.344765;0.114922;9.797.073
0.354342;0.105345;9.883.265
0.363919;0.134075;10.007.763
0.335188;0.124498;10.026.917
0.373495;0.105345;10.141.838
0.373495;0.105345;10.160.992
0.373495;0.105345;10.132.261
0.344765;0.124498;10.036.493
0.344765;0.134075;9.892.841
0.344765;0.105345;9.816.227
0.363919;0.095768;9.758.766
0.383072;0.105345;9.758.766
0.354342;0.134075;9.806.650
0.344765;0.114922;9.921.572
0.392649;0.134075;10.103.531
0.392649;0.114922;10.160.992
0.354342;0.134075;10.122.684
0.344765;0.124498;10.141.838
0.373495;0.114922;10.007.763
0.383072;0.114922;10.017.340
0.373495;0.124498;9.940.725
0.373495;0.105345;9.873.688
0.335188;0.105345;9.787.497
0.363919;0.114922;9.816.227
0.363919;0.114922;9.854.534
0.373495;0.124498;9.969.456
0.363919;0.124498;10.046.070
0.344765;0.124498;10.084.377
0.354342;0.105345;10.113.108
0.335188;0.124498;10.084.377
0.363919;0.105345;10.046.070
0.354342;0.124498;9.998.186
0.392649;0.124498;9.969.456
0.383072;0.124498;9.892.841
0.392649;0.105345;9.873.688
0.344765;0.124498;9.873.688
0.335188;0.105345;9.902.418
0.344765;0.105345;9.854.534
0.354342;0.114922;9.892.841
0.363919;0.114922;10.026.917
0.363919;0.095768;10.103.531
0.373495;0.114922;10.113.108
0.363919;0.114922;10.103.531
0.363919;0.105345;10.065.224
0.335188;0.095768;9.979.033
0.344765;0.114922;9.864.111
0.354342;0.095768;9.816.227
0.335188;0.114922;9.777.920
0.373495;0.105345;9.806.650
0.335188;0.086191;9.864.111
0.344765;0.124498;9.959.879
0.373495;0.114922;10.065.224
0.373495;0.114922;10.180.145
0.373495;0.124498;10.218.452
0.373495;0.124498;10.180.145
0.344765;0.105345;9.902.418
0.354342;0.124498;9.816.227
0.335188;0.105345;9.797.073
0.325611;0.105345;9.825.804
0.316035;0.124498;9.921.572
0.383072;0.124498;10.046.070
0.354342;0.134075;10.084.377
0.344765;0.114922;10.113.108
0.363919;0.105345;10.170.568
0.344765;0.114922;10.237.606
0.335188;0.114922;10.208.876
0.344765;0.095768;10.247.183
0.316035;0.143652;10.285.490
0.277727;0.114922;10.342.952
0.344765;0.105345;10.448.297
0.296881;0.105345;10.783.484
0.402226;0.143652;11.032.481
0.603339;0.134075;11.042.058
0.641646;0.143652;10.773.908
-0.038307;0.124498;8.216.900
-0.651223;0.019154;6.406.884
-0.019154;0.057461;7.038.953
0.995988;0.153229;8.552.089
0.612916;0.162806;8.485.051
0.373495;0.076614;10.266.336
-0.124498;0.067038;10.400.413
0.287304;0.105345;12.191.275
0.545878;0.143652;12.354.081
0.794875;0.181959;13.599.066
0.306458;0.086191;10.007.763
-0.067038;0.067038;7.738.060
0.076614;0.057461;7.163.452
0.344765;0.086191;7.776.367
0.660800;0.134075;7.910.442
0.689530;0.114922;8.216.900
-0.095768;0.086191;9.414.001
-0.201113;0.038307;10.917.560
0.191536;0.105345;11.741.165
0.890643;0.134075;13.455.414
0.574608;0.143652;12.708.423
0.038307;0.086191;10.237.606
0.124498;0.086191;9.117.120
0.220267;0.095768;8.092.402
0.210690;0.086191;7.498.640
0.392649;0.086191;7.374.141
0.565032;0.095768;8.044.518
0.363919;0.114922;8.207.323
0.028730;0.076614;8.944.737
0.124498;0.114922;11.233.594
0.651223;0.134075;12.804.191
0.823605;0.143652;13.062.764
0.287304;0.114922;12.392.388
0.067038;0.086191;10.946.290
0.210690;0.086191;10.093.954
0.268151;0.067038;8.609.550
0.277727;0.105345;7.738.060
0.306458;0.076614;7.402.872
0.450110;0.076614;7.680.599
0.210690;0.095768;8.638.280
-0.019154;0.105345;9.567.230
0.105345;0.095768;10.860.099
0.450110;0.124498;12.162.544
0.679953;0.143652;13.225.570
0.335188;0.124498;12.526.464
0.143652;0.086191;11.817.780
0.248997;0.086191;9.404.425
0.354342;0.095768;8.743.625
0.287304;0.114922;7.795.521
0.316035;0.095768;7.383.718
0.325611;0.067038;7.441.179
0.268151;0.076614;8.121.132
0.086191;0.114922;8.858.546
0.354342;0.105345;11.415.554
0.603339;0.114922;12.469.003
0.421380;0.134075;12.746.730
0.277727;0.114922;12.363.658
0.191536;0.086191;11.243.171
0.248997;0.095768;10.314.221
0.316035;0.095768;9.279.925
0.306458;0.076614;7.843.405
0.277727;0.086191;7.278.373
0.306458;0.076614;7.364.564
0.124498;0.076614;8.398.860
0.143652;0.114922;9.615.114
0.287304;0.114922;10.716.447
0.593762;0.134075;12.622.231
0.507571;0.143652;12.938.266
0.316035;0.143652;12.660.539
0.306458;0.095768;11.042.058
0.325611;0.086191;9.864.111
0.296881;0.095768;8.944.737
0.277727;0.095768;8.101.978
0.316035;0.105345;7.307.104
0.268151;0.076614;7.268.796
0.229843;0.086191;7.996.634
0.153229;0.105345;8.925.584
0.411803;0.114922;11.348.516
0.526724;0.124498;12.162.544
0.517148;0.114922;12.832.921
0.277727;0.124498;12.344.504
0.306458;0.124498;11.587.936
0.325611;0.076614;10.524.911
0.239420;0.095768;8.504.205
0.229843;0.076614;7.824.251
0.229843;0.095768;7.287.950
0.239420;0.105345;7.603.985
0.181959;0.086191;8.331.821
0.248997;0.086191;9.519.346
0.344765;0.105345;10.668.563
0.497994;0.124498;12.449.849
0.402226;0.105345;12.727.576
0.325611;0.114922;12.698.846
0.354342;0.076614;11.252.748
0.373495;0.086191;10.189.722
0.316035;0.086191;9.097.966
0.229843;0.067038;7.460.332
0.229843;0.086191;7.192.182
0.239420;0.076614;7.287.950
0.210690;0.086191;7.872.135
0.306458;0.095768;9.950.302
0.421380;0.105345;11.147.403
0.469264;0.134075;11.980.585
0.363919;0.105345;12.737.153
0.325611;0.124498;12.411.542
0.373495;0.105345;11.817.780
0.354342;0.105345;10.802.638
0.287304;0.095768;8.753.201
0.229843;0.086191;7.833.828
0.229843;0.095768;7.335.834
0.229843;0.076614;7.536.947
0.248997;0.095768;8.264.784
0.287304;0.095768;9.327.810
0.383072;0.105345;10.438.720
0.402226;0.134075;12.287.044
0.383072;0.114922;12.679.692
0.344765;0.114922;12.708.423
0.354342;0.124498;11.425.131
0.354342;0.095768;10.438.720
0.296881;0.086191;9.308.656
0.210690;0.076614;7.575.254
0.201113;0.067038;7.201.759
0.239420;0.067038;7.268.796
0.220267;0.095768;7.785.944
0.306458;0.095768;9.787.497
0.363919;0.105345;10.860.099
0.383072;0.114922;11.808.203
0.363919;0.124498;12.765.883
0.411803;0.114922;12.516.887
0.392649;0.114922;11.971.008
0.344765;0.124498;11.070.788
0.277727;0.067038;8.896.853
0.239420;0.067038;7.929.596
0.220267;0.095768;7.364.564
0.229843;0.095768;7.479.486
0.258574;0.086191;8.197.746
0.316035;0.114922;9.126.697
0.383072;0.105345;11.262.324
0.383072;0.105345;12.124.237
0.373495;0.134075;12.660.539
0.373495;0.134075;12.708.423
0.363919;0.134075;11.607.090
0.335188;0.095768;10.639.832
0.277727;0.105345;9.509.769
0.220267;0.086191;7.651.869
0.210690;0.086191;7.259.220
0.201113;0.086191;7.268.796
0.268151;0.105345;8.542.512
0.306458;0.095768;9.586.384
0.344765;0.114922;10.649.409
0.383072;0.114922;11.626.244
0.411803;0.124498;12.737.153
0.421380;0.114922;12.641.385
0.421380;0.134075;12.076.353
0.325611;0.095768;10.160.992
0.258574;0.086191;9.078.813
0.248997;0.057461;8.101.978
0.239420;0.067038;7.402.872
0.248997;0.076614;8.054.094
0.296881;0.067038;8.944.737
0.335188;0.114922;11.089.942
0.373495;0.124498;11.961.432
0.411803;0.105345;12.536.040
0.383072;0.114922;11.779.472
0.325611;0.095768;10.783.484
0.229843;0.086191;7.795.521
0.210690;0.086191;7.297.527
0.277727;0.086191;8.370.130
0.306458;0.124498;9.385.271
0.354342;0.095768;11.453.861
0.392649;0.124498;12.698.846
0.430956;0.124498;12.689.269
0.335188;0.095768;10.323.798
0.277727;0.105345;9.260.772
0.268151;0.105345;8.274.361
0.229843;0.076614;7.249.643
0.229843;0.086191;7.374.141
0.248997;0.095768;7.920.019
0.268151;0.076614;8.781.932
0.325611;0.076614;10.888.829
0.363919;0.114922;11.856.087
0.383072;0.134075;12.497.733
0.411803;0.143652;12.488.156
0.383072;0.114922;11.884.817
0.354342;0.105345;10.946.290
0.287304;0.105345;8.839.393
0.229843;0.114922;7.939.173
0.248997;0.086191;7.441.179
0.229843;0.086191;7.220.912
0.268151;0.105345;8.207.323
0.277727;0.086191;9.184.157
0.306458;0.095768;10.266.336
0.373495;0.124498;12.133.814
0.430956;0.124498;12.622.231
0.411803;0.114922;12.679.692
0.392649;0.114922;12.315.774
0.325611;0.105345;10.534.488
0.287304;0.095768;9.433.155
0.268151;0.095768;8.437.167
0.220267;0.095768;7.287.950
0.239420;0.076614;7.335.834
0.258574;0.076614;7.785.944
0.316035;0.095768;9.586.384
0.335188;0.076614;10.697.293
0.383072;0.114922;11.693.281
0.411803;0.134075;12.373.235
0.421380;0.095768;12.574.347
0.373495;0.124498;12.018.892
0.335188;0.124498;11.156.980
0.296881;0.076614;9.011.775
0.239420;0.076614;8.111.555
0.239420;0.086191;7.517.793
0.220267;0.067038;7.479.486
0.258574;0.076614;8.073.248
0.268151;0.105345;8.983.045
0.296881;0.086191;10.046.070
0.383072;0.105345;12.018.892
0.402226;0.143652;12.555.194
0.421380;0.134075;12.708.423
0.373495;0.095768;11.683.704
0.344765;0.124498;10.726.024
0.306458;0.095768;9.662.998
0.268151;0.076614;8.609.550
0.220267;0.105345;7.335.834
0.229843;0.086191;7.287.950
0.239420;0.105345;7.690.176
0.316035;0.076614;9.433.155
0.335188;0.124498;10.524.911
0.354342;0.114922;11.501.745
0.411803;0.134075;12.708.423
0.402226;0.114922;12.631.808
0.392649;0.095768;12.124.237
0.363919;0.124498;11.319.786
0.268151;0.076614;9.184.157
0.258574;0.076614;8.255.207
0.239420;0.086191;7.584.831
0.239420;0.095768;7.431.602
0.229843;0.086191;7.929.596
0.277727;0.095768;8.820.239
0.287304;0.095768;9.854.534
0.392649;0.114922;11.846.510
0.402226;0.124498;12.478.580
0.421380;0.114922;12.698.846
0.383072;0.114922;11.827.356
0.354342;0.114922;10.888.829
0.335188;0.114922;9.864.111
0.277727;0.105345;7.920.019
0.229843;0.095768;7.402.872
0.229843;0.095768;7.287.950
0.258574;0.105345;7.632.715
0.296881;0.086191;9.232.041
0.325611;0.086191;10.323.798
0.335188;0.105345;11.310.209
0.411803;0.105345;12.612.655
0.392649;0.124498;12.660.539
0.392649;0.143652;12.248.735
0.325611;0.095768;10.467.450
0.268151;0.095768;9.414.001
0.277727;0.105345;8.437.167
0.239420;0.114922;7.680.599
0.229843;0.114922;7.402.872
0.258574;0.134075;7.852.982
0.268151;0.086191;8.667.010
0.344765;0.095768;10.716.447
0.373495;0.124498;11.693.281
0.411803;0.105345;12.354.081
0.430956;0.105345;12.670.115
0.373495;0.134075;11.951.855
0.354342;0.114922;11.099.519
0.296881;0.086191;10.036.493
0.220267;0.095768;8.121.132
0.229843;0.095768;7.498.640
0.210690;0.076614;7.307.104
0.258574;0.086191;8.111.555
0.268151;0.095768;9.069.236
0.316035;0.095768;10.113.108
0.335188;0.114922;11.147.403
0.421380;0.114922;12.536.040
0.411803;0.153229;12.641.385
0.392649;0.124498;12.344.504
0.354342;0.114922;10.639.832
0.316035;0.105345;9.576.807
0.268151;0.076614;8.609.550
0.229843;0.076614;7.402.872
0.239420;0.095768;7.335.834
0.268151;0.086191;7.757.214
0.277727;0.095768;8.494.628
0.335188;0.076614;10.524.911
0.354342;0.114922;11.501.745
0.383072;0.114922;12.239.159
0.402226;0.105345;12.574.347
0.363919;0.114922;12.085.930
0.344765;0.114922;11.243.171
0.325611;0.095768;10.208.876
0.258574;0.076614;8.216.900
0.239420;0.086191;7.603.985
0.210690;0.076614;7.326.257
0.258574;0.076614;8.054.094
0.287304;0.114922;8.916.007
0.296881;0.114922;9.931.149
0.383072;0.114922;11.865.664
0.373495;0.105345;12.469.003
0.402226;0.134075;12.641.385
0.383072;0.105345;12.411.542
0.335188;0.095768;10.840.945
0.277727;0.105345;9.758.766
0.277727;0.095768;8.743.625
0.220267;0.095768;7.431.602
0.248997;0.095768;7.345.411
0.239420;0.067038;7.661.446
0.248997;0.086191;8.360.553
0.316035;0.086191;10.362.105
0.354342;0.124498;11.358.093
0.392649;0.124498;12.114.660
0.383072;0.134075;12.603.078
0.392649;0.124498;12.124.237
0.354342;0.134075;11.405.977
0.287304;0.105345;9.337.387
0.268151;0.086191;8.379.706
0.239420;0.095768;7.699.753
0.239420;0.095768;7.383.718
0.258574;0.076614;7.910.442
0.277727;0.105345;8.734.048
0.296881;0.095768;9.739.613
0.373495;0.114922;11.683.704
0.392649;0.095768;12.363.658
0.421380;0.143652;12.631.808
0.354342;0.095768;11.865.664
0.325611;0.105345;11.003.751
0.287304;0.124498;9.969.456
0.268151;0.076614;8.935.161
0.220267;0.067038;7.517.793
0.220267;0.076614;7.354.988
0.248997;0.095768;7.603.985
0.296881;0.095768;9.126.697
0.306458;0.105345;10.180.145
0.344765;0.114922;11.176.133
0.383072;0.124498;11.999.739
0.421380;0.124498;12.622.231
0.383072;0.124498;12.258.312
0.373495;0.114922;11.559.206
0.306458;0.114922;9.528.923
0.248997;0.086191;8.552.089
0.248997;0.076614;7.795.521
0.220267;0.086191;7.402.872
0.258574;0.086191;7.833.828
0.287304;0.076614;8.590.396
0.306458;0.086191;9.548.077
0.373495;0.114922;11.559.206
0.392649;0.114922;12.277.467
0.383072;0.124498;12.603.078
0.363919;0.134075;11.999.739
0.335188;0.086191;11.166.556
0.248997;0.095768;8.216.900
0.220267;0.086191;7.603.985
0.239420;0.105345;7.326.257
0.239420;0.095768;7.517.793
0.277727;0.086191;8.944.737
0.325611;0.124498;9.969.456
0.354342;0.114922;11.022.904
0.392649;0.124498;12.440.272
0.421380;0.114922;12.593.501
0.411803;0.105345;12.315.774
0.354342;0.134075;11.693.281
0.316035;0.095768;9.691.729
0.277727;0.076614;8.724.471
0.239420;0.076614;7.939.173
0.220267;0.076614;7.383.718
0.239420;0.095768;7.747.637
0.296881;0.095768;8.437.167
0.344765;0.095768;10.400.413
0.335188;0.095768;11.386.824
0.383072;0.124498;12.143.391
0.392649;0.105345;12.583.924
0.383072;0.105345;12.085.930
0.354342;0.105345;11.358.093
0.325611;0.105345;10.333.375
0.268151;0.076614;8.379.706
0.229843;0.105345;7.709.330
0.239420;0.067038;7.364.564
0.239420;0.057461;7.479.486
0.277727;0.105345;8.820.239
0.325611;0.105345;9.797.073
0.335188;0.105345;10.812.215
0.411803;0.124498;12.373.235
0.402226;0.124498;12.583.924
0.402226;0.114922;12.363.658
0.335188;0.095768;10.936.713
0.296881;0.086191;9.883.265
0.287304;0.095768;8.887.277
0.229843;0.067038;8.063.671
0.220267;0.095768;7.383.718
0.248997;0.067038;7.651.869
0.258574;0.086191;8.293.514
0.316035;0.105345;10.237.606
0.363919;0.105345;11.195.287
0.363919;0.114922;12.018.892
0.421380;0.124498;12.583.924
0.383072;0.086191;12.210.428
0.354342;0.124498;11.453.861
0.306458;0.114922;10.515.334
0.268151;0.086191;8.504.205
0.248997;0.105345;7.843.405
0.210690;0.086191;7.412.448
0.248997;0.086191;7.891.289
0.277727;0.086191;8.638.280
0.325611;0.105345;9.615.114
0.363919;0.105345;11.587.936
0.383072;0.114922;12.258.312
0.411803;0.134075;12.564.771
0.402226;0.143652;12.440.272
0.287304;0.105345;10.084.377
0.268151;0.086191;9.088.389
0.239420;0.086191;7.603.985
0.220267;0.076614;7.402.872
0.258574;0.095768;7.623.138
0.268151;0.095768;8.197.746
0.325611;0.124498;10.046.070
0.354342;0.105345;11.051.635
0.402226;0.114922;11.856.087
0.421380;0.114922;12.574.347
0.392649;0.134075;12.287.044
0.363919;0.124498;11.597.513
0.296881;0.114922;9.682.152
0.248997;0.095768;8.686.164
0.258574;0.067038;7.910.442
0.229843;0.057461;7.469.909
0.258574;0.095768;7.795.521
0.258574;0.105345;8.504.205
0.287304;0.076614;9.452.309
0.363919;0.124498;11.444.284
0.392649;0.114922;12.152.967
0.402226;0.124498;12.526.464
0.392649;0.143652;12.459.426
0.354342;0.105345;11.243.171
0.306458;0.086191;10.266.336
0.277727;0.095768;9.232.041
0.229843;0.086191;7.709.330
0.239420;0.086191;7.402.872
0.239420;0.086191;7.556.100
0.296881;0.086191;8.877.700
0.335188;0.086191;9.844.957
0.354342;0.124498;10.869.676
0.363919;0.095768;11.760.319
0.411803;0.143652;12.564.771
0.411803;0.124498;12.344.504
0.363919;0.134075;11.741.165
0.316035;0.086191;9.835.381
0.248997;0.105345;8.848.969
0.220267;0.095768;8.034.941
0.239420;0.067038;7.431.602
0.258574;0.095768;7.757.214
0.258574;0.086191;8.360.553
0.287304;0.086191;9.260.772
0.344765;0.095768;11.262.324
0.392649;0.124498;12.038.046
0.411803;0.134075;12.469.003
0.373495;0.124498;12.152.967
0.363919;0.143652;11.405.977
0.325611;0.095768;10.438.720
0.277727;0.086191;9.414.001
0.248997;0.086191;7.795.521
0.220267;0.086191;7.460.332
0.229843;0.086191;7.498.640
0.277727;0.086191;8.734.048
0.296881;0.095768;9.682.152
0.325611;0.105345;10.697.293
0.411803;0.124498;12.210.428
0.402226;0.134075;12.526.464
0.402226;0.124498;12.382.812
0.373495;0.105345;11.865.664
0.316035;0.086191;10.017.340
0.268151;0.095768;9.021.352
0.239420;0.086191;8.197.746
0.229843;0.105345;7.412.448
0.258574;0.057461;7.642.292
0.268151;0.086191;8.255.207
0.306458;0.134075;10.113.108
0.354342;0.114922;11.061.212
0.373495;0.134075;11.903.971
0.402226;0.143652;12.401.965
0.411803;0.124498;12.210.428
0.354342;0.114922;11.549.629
0.335188;0.124498;10.630.256
0.268151;0.095768;8.686.164
0.239420;0.067038;7.920.019
0.229843;0.095768;7.536.947
0.239420;0.105345;7.479.486
0.268151;0.076614;8.552.089
0.287304;0.086191;9.490.616
0.306458;0.105345;10.515.334
0.392649;0.134075;12.143.391
0.411803;0.114922;12.507.310
0.402226;0.114922;12.440.272
0.354342;0.114922;11.176.133
0.335188;0.095768;10.218.452
0.296881;0.105345;9.222.465
0.268151;0.086191;8.331.821
0.239420;0.095768;7.441.179
0.239420;0.095768;7.613.562
0.258574;0.086191;8.121.132
0.296881;0.086191;9.902.418
0.344765;0.114922;10.917.560
0.383072;0.086191;11.789.049
0.373495;0.114922;12.296.620
0.392649;0.124498;12.287.044
0.383072;0.114922;11.664.551
0.335188;0.105345;10.773.908
0.277727;0.086191;8.820.239
0.258574;0.086191;8.044.518
0.248997;0.076614;7.536.947
0.248997;0.086191;7.766.790
0.277727;0.086191;8.418.014
0.306458;0.114922;9.327.810
0.325611;0.086191;10.323.798
0.383072;0.114922;12.018.892
0.392649;0.114922;12.440.272
0.402226;0.124498;12.488.156
0.344765;0.124498;11.348.516
0.335188;0.095768;10.390.836
0.287304;0.105345;9.404.425
0.248997;0.086191;7.805.098
0.220267;0.076614;7.479.486
0.220267;0.086191;7.575.254
0.248997;0.114922;7.996.634
0.316035;0.086191;9.739.613
0.335188;0.114922;10.735.600
0.354342;0.105345;11.635.820
0.402226;0.143652;12.488.156
0.392649;0.124498;12.354.081
0.383072;0.124498;11.817.780
0.344765;0.114922;10.965.444
0.306458;0.114922;9.002.198
0.248997;0.086191;8.169.016
0.239420;0.076614;7.642.292
0.229843;0.095768;7.690.176
0.268151;0.095768;8.303.091
0.287304;0.095768;9.136.273
0.354342;0.095768;11.109.096
0.373495;0.124498;11.913.548
0.421380;0.143652;12.373.235
0.411803;0.105345;12.469.003
0.363919;0.124498;11.463.438
0.325611;0.114922;10.544.065
0.306458;0.067038;9.567.230
0.229843;0.086191;7.920.019
0.239420;0.095768;7.527.370
0.229843;0.114922;7.556.100
0.258574;0.086191;8.638.280
0.296881;0.095768;9.548.077
0.335188;0.076614;10.524.911
0.354342;0.114922;11.482.592
0.411803;0.114922;12.478.580
0.402226;0.114922;12.401.965
0.373495;0.114922;11.903.971
0.316035;0.124498;10.180.145
0.277727;0.086191;9.155.427
0.258574;0.095768;8.312.668
0.239420;0.086191;7.718.906
0.229843;0.067038;7.632.715
0.268151;0.095768;8.178.593
0.277727;0.095768;9.011.775
0.335188;0.124498;10.936.713
0.373495;0.105345;11.741.165
0.392649;0.134075;12.287.044
0.392649;0.095768;12.229.582
0.363919;0.114922;11.597.513
0.335188;0.105345;10.745.177
0.306458;0.105345;9.768.343
0.258574;0.076614;8.063.671
0.239420;0.086191;7.613.562
0.239420;0.076614;7.517.793
0.258574;0.076614;8.494.628
0.296881;0.086191;9.394.848
0.344765;0.095768;11.291.056
0.373495;0.124498;12.009.315
0.392649;0.105345;12.401.965
0.392649;0.105345;12.411.542
0.383072;0.124498;11.990.162
0.296881;0.076614;10.333.375
0.287304;0.086191;9.337.387
0.268151;0.086191;8.427.590
0.239420;0.086191;7.517.793
0.239420;0.086191;7.632.715
0.258574;0.086191;8.101.978
0.277727;0.095768;8.848.969
0.344765;0.114922;10.754.754
0.354342;0.095768;11.645.397
0.363919;0.114922;12.258.312
0.392649;0.105345;12.325.351
0.373495;0.114922;11.750.742
0.335188;0.105345;10.898.406
0.268151;0.105345;8.973.468
0.239420;0.086191;8.159.439
0.229843;0.067038;7.651.869
0.239420;0.086191;7.517.793
0.268151;0.086191;8.360.553
0.287304;0.076614;9.212.888
0.335188;0.105345;10.160.992
0.373495;0.114922;11.913.548
0.392649;0.114922;12.373.235
0.392649;0.095768;12.430.696
0.344765;0.114922;11.396.400
0.325611;0.105345;10.505.757
0.306458;0.105345;9.519.346
0.268151;0.086191;8.628.703
0.239420;0.047884;7.556.100
0.248997;0.076614;7.594.408
0.258574;0.086191;7.977.480
0.287304;0.114922;9.605.537
0.335188;0.086191;10.582.372
0.363919;0.105345;11.463.438
0.392649;0.105345;12.114.660
0.373495;0.124498;12.334.928
0.392649;0.095768;11.836.933
0.363919;0.114922;11.051.635
0.296881;0.076614;9.165.004
0.258574;0.086191;8.312.668
0.268151;0.067038;7.747.637
0.239420;0.095768;7.699.753
0.258574;0.114922;8.197.746
0.287304;0.095768;9.040.505
0.335188;0.076614;9.979.033
0.354342;0.105345;11.789.049
0.392649;0.114922;12.306.197
0.383072;0.143652;12.421.119
0.363919;0.124498;11.578.360
0.354342;0.095768;10.658.986
0.296881;0.095768;9.682.152
0.258574;0.105345;8.791.509
0.248997;0.067038;7.623.138
0.248997;0.086191;7.565.677
0.258574;0.095768;7.891.289
0.287304;0.114922;9.423.578
0.325611;0.105345;10.409.989
0.354342;0.114922;11.329.363
0.392649;0.124498;12.392.388
0.402226;0.095768;12.363.658
0.402226;0.105345;11.942.278
0.344765;0.114922;11.243.171
0.268151;0.086191;9.318.233
0.258574;0.076614;8.427.590
0.248997;0.105345;7.824.251
0.248997;0.086191;7.651.869
0.268151;0.114922;8.111.555
0.287304;0.105345;8.896.853
0.335188;0.086191;10.764.331
0.354342;0.114922;11.607.090
0.411803;0.124498;12.421.119
0.411803;0.124498;12.421.119
0.363919;0.124498;11.664.551
0.344765;0.095768;10.860.099
0.316035;0.095768;9.902.418
0.268151;0.067038;8.149.862
0.258574;0.105345;7.651.869
0.248997;0.076614;7.565.677
0.258574;0.086191;7.785.944
0.296881;0.124498;9.279.925
0.316035;0.105345;10.237.606
0.344765;0.114922;11.147.403
0.411803;0.114922;12.334.928
0.411803;0.124498;12.421.119
0.373495;0.134075;12.047.623
0.325611;0.086191;10.467.450
0.316035;0.114922;9.500.193
0.248997;0.105345;8.609.550
0.229843;0.086191;7.594.408
0.248997;0.086191;7.623.138
0.239420;0.095768;8.044.518
0.287304;0.105345;8.743.625
0.325611;0.114922;10.630.256
0.363919;0.114922;11.463.438
0.383072;0.124498;12.114.660
0.383072;0.114922;12.287.044
0.354342;0.124498;11.798.626
0.344765;0.105345;10.984.597
0.296881;0.105345;10.065.224
0.248997;0.076614;8.264.784
0.239420;0.067038;7.747.637
0.248997;0.095768;7.565.677
0.268151;0.086191;8.322.245
0.287304;0.095768;9.126.697
0.325611;0.114922;10.046.070
0.344765;0.114922;10.975.020
0.411803;0.134075;12.277.467
0.421380;0.124498;12.392.388
0.392649;0.114922;12.133.814
0.335188;0.114922;10.630.256
0.287304;0.095768;9.643.845
0.287304;0.095768;8.762.778
0.239420;0.047884;7.642.292
0.268151;0.086191;7.603.985
0.248997;0.086191;7.948.750
0.268151;0.095768;8.609.550
0.316035;0.095768;10.457.873
0.344765;0.105345;11.367.670
0.373495;0.095768;12.009.315
0.392649;0.114922;12.325.351
0.402226;0.114922;11.894.394
0.354342;0.134075;11.166.556
0.296881;0.095768;10.228.029
0.268151;0.086191;8.427.590
0.239420;0.086191;7.833.828
0.248997;0.076614;7.575.254
0.248997;0.105345;8.216.900
0.277727;0.086191;8.944.737
0.306458;0.105345;9.892.841
0.363919;0.134075;11.635.820
0.402226;0.114922;12.200.851
0.411803;0.114922;12.392.388
0.383072;0.124498;12.181.698
0.335188;0.114922;10.802.638
0.325611;0.095768;9.854.534
0.248997;0.095768;7.690.176
0.258574;0.076614;7.862.558
0.306458;0.095768;9.337.387
0.316035;0.095768;10.266.336
0.344765;0.105345;11.176.133
0.392649;0.124498;12.354.081
0.373495;0.114922;11.971.008
0.344765;0.105345;11.291.056
0.287304;0.086191;9.433.155
0.268151;0.095768;8.571.242
0.248997;0.095768;7.948.750
0.258574;0.095768;7.623.138
0.277727;0.095768;8.801.085
0.335188;0.105345;9.701.305
0.354342;0.105345;11.501.745
0.411803;0.124498;12.114.660
0.402226;0.114922;12.344.504
0.373495;0.114922;11.731.588
0.344765;0.114922;10.965.444
0.325611;0.095768;10.017.340
0.277727;0.095768;9.059.659
0.239420;0.095768;7.776.367
0.210690;0.105345;7.594.408
0.248997;0.086191;7.805.098
0.287304;0.095768;9.136.273
0.325611;0.114922;10.103.531
0.325611;0.114922;11.003.751
0.392649;0.124498;12.267.890
0.392649;0.143652;12.382.812
0.402226;0.114922;12.076.353
0.363919;0.095768;11.434.708
0.287304;0.086191;9.615.114
0.258574;0.095768;8.724.471
0.229843;0.095768;8.025.364
0.239420;0.086191;7.661.446
0.258574;0.067038;7.987.057
0.268151;0.114922;8.638.280
0.306458;0.124498;9.538.500
0.335188;0.114922;11.348.516
0.383072;0.095768;12.028.469
0.421380;0.124498;12.344.504
0.373495;0.124498;11.836.933
0.344765;0.105345;11.109.096
0.316035;0.095768;10.170.568
0.248997;0.095768;8.437.167
0.239420;0.076614;7.843.405
0.239420;0.095768;7.603.985
0.229843;0.086191;7.766.790
0.277727;0.105345;9.030.929
0.306458;0.114922;9.931.149
0.344765;0.105345;10.869.676
0.421380;0.105345;12.172.121
0.421380;0.143652;12.373.235
0.392649;0.143652;12.114.660
0.325611;0.095768;10.735.600
0.287304;0.095768;9.777.920
0.296881;0.105345;8.868.123
0.229843;0.076614;8.130.709
0.248997;0.076614;7.623.138
0.258574;0.114922;7.929.596
0.277727;0.095768;8.532.935
0.316035;0.105345;10.323.798
0.335188;0.105345;11.214.440
0.373495;0.114922;11.884.817
0.383072;0.105345;12.306.197
0.354342;0.124498;11.951.855
0.344765;0.105345;11.224.017
0.325611;0.105345;10.352.529
0.277727;0.105345;8.571.242
0.239420;0.086191;7.920.019
0.229843;0.076614;7.623.138
0.258574;0.086191;8.159.439
0.287304;0.105345;8.868.123
0.316035;0.105345;9.739.613
0.354342;0.105345;10.697.293
0.383072;0.105345;12.085.930
0.402226;0.114922;12.334.928
0.373495;0.114922;12.181.698
0.363919;0.095768;10.869.676
0.316035;0.105345;9.959.879
0.277727;0.105345;9.030.929
0.277727;0.114922;8.293.514
0.248997;0.105345;7.642.292
0.239420;0.076614;7.852.982
0.268151;0.095768;8.437.167
0.325611;0.095768;10.122.684
0.335188;0.105345;11.042.058
0.363919;0.124498;11.779.472
0.402226;0.105345;12.315.774
0.363919;0.134075;12.018.892
0.354342;0.105345;11.405.977
0.316035;0.105345;10.496.181
0.258574;0.076614;8.724.471
0.229843;0.095768;8.044.518
0.239420;0.086191;7.671.022
0.248997;0.095768;8.063.671
0.277727;0.105345;8.724.471
0.296881;0.114922;9.605.537
0.354342;0.105345;11.358.093
0.383072;0.114922;11.971.008
0.392649;0.114922;12.315.774
0.383072;0.114922;12.220.005
0.344765;0.095768;11.051.635
0.306458;0.124498;10.141.838
0.277727;0.095768;9.193.734
0.239420;0.095768;7.862.558
0.229843;0.105345;7.642.292
0.239420;0.076614;7.795.521
0.277727;0.114922;9.097.966
0.306458;0.105345;9.988.609
0.325611;0.086191;10.898.406
0.363919;0.124498;11.664.551
0.402226;0.105345;12.325.351
0.402226;0.114922;12.076.353
0.344765;0.114922;11.482.592
0.296881;0.095768;9.758.766
0.277727;0.057461;8.858.546
0.248997;0.067038;8.159.439
0.239420;0.095768;7.680.599
0.258574;0.086191;7.958.326
0.258574;0.105345;8.599.973
0.287304;0.076614;9.442.732
0.373495;0.105345;11.214.440
0.383072;0.124498;11.932.701
0.383072;0.124498;12.287.044
0.402226;0.105345;11.875.240
0.344765;0.105345;11.185.710
0.316035;0.105345;10.333.375
0.277727;0.095768;9.346.964
0.239420;0.086191;7.958.326
0.239420;0.095768;7.661.446
0.248997;0.076614;7.766.790
0.268151;0.076614;8.925.584
0.306458;0.105345;9.806.650
0.335188;0.114922;10.716.447
0.373495;0.114922;12.066.776
0.383072;0.134075;12.325.351
0.383072;0.114922;12.133.814
0.354342;0.095768;11.587.936
0.287304;0.124498;9.902.418
0.277727;0.095768;9.059.659
0.268151;0.095768;8.274.361
0.258574;0.095768;7.651.869
0.268151;0.076614;7.900.866
0.268151;0.076614;8.465.898
0.287304;0.086191;9.251.195
0.344765;0.114922;11.089.942
0.383072;0.114922;11.789.049
0.402226;0.134075;12.277.467
0.373495;0.095768;11.961.432
0.354342;0.124498;11.329.363
0.335188;0.105345;10.477.027
0.258574;0.086191;8.705.317
0.268151;0.095768;8.006.210
0.248997;0.105345;7.718.906
0.248997;0.105345;7.718.906
0.296881;0.124498;8.781.932
0.296881;0.095768;9.634.268
0.344765;0.114922;10.572.795
0.373495;0.114922;11.999.739
0.383072;0.134075;12.296.620
0.402226;0.134075;12.191.275
0.325611;0.114922;10.994.174
0.325611;0.095768;10.084.377
0.277727;0.124498;9.174.581
0.258574;0.086191;8.408.437
0.239420;0.076614;7.680.599
0.258574;0.095768;7.862.558
0.268151;0.095768;8.379.706
0.287304;0.086191;10.017.340
0.344765;0.105345;10.898.406
0.363919;0.114922;11.674.128
0.383072;0.143652;12.306.197
0.383072;0.114922;12.028.469
0.354342;0.134075;11.453.861
0.325611;0.086191;10.649.409
0.277727;0.105345;8.829.816
0.239420;0.076614;8.159.439
0.248997;0.095768;7.757.214
0.258574;0.067038;8.025.364
0.287304;0.114922;8.638.280
0.296881;0.095768;9.481.039
0.344765;0.114922;10.381.259
0.363919;0.105345;11.913.548
0.383072;0.124498;12.258.312
0.411803;0.134075;12.191.275
0.344765;0.105345;11.176.133
0.316035;0.105345;10.247.183
0.277727;0.095768;9.337.387
0.277727;0.105345;8.542.512
0.239420;0.095768;7.690.176
0.248997;0.105345;7.795.521
0.277727;0.086191;8.245.630
0.306458;0.095768;9.854.534
0.306458;0.095768;10.726.024
0.373495;0.105345;11.540.052
0.402226;0.095768;12.267.890
0.373495;0.114922;12.105.083
0.354342;0.114922;11.549.629
0.335188;0.105345;10.764.331
0.287304;0.086191;8.983.045
0.248997;0.076614;8.245.630
0.248997;0.086191;7.805.098
0.229843;0.086191;7.929.596
0.268151;0.086191;8.523.358
0.296881;0.105345;9.327.810
0.354342;0.124498;11.118.672
0.354342;0.124498;11.789.049
0.392649;0.114922;12.210.428
0.402226;0.134075;12.258.312
0.363919;0.105345;11.281.479
0.325611;0.114922;10.438.720
0.296881;0.114922;9.509.769
0.268151;0.105345;8.054.094
0.248997;0.076614;7.718.906
0.248997;0.095768;7.795.521
0.268151;0.105345;8.169.016
0.296881;0.105345;9.710.882
0.325611;0.095768;10.611.102
0.363919;0.124498;11.396.400
0.411803;0.134075;12.248.735
0.383072;0.105345;12.143.391
0.363919;0.095768;11.674.128
0.306458;0.105345;10.046.070
0.287304;0.095768;9.126.697
0.277727;0.076614;8.398.860
0.248997;0.076614;7.872.135
0.258574;0.076614;7.891.289
0.268151;0.086191;8.418.014
0.296881;0.086191;9.165.004
0.316035;0.095768;10.975.020
0.363919;0.114922;11.674.128
0.392649;0.124498;12.152.967
0.383072;0.114922;11.980.585
0.363919;0.114922;11.405.977
0.344765;0.095768;10.563.218
0.287304;0.076614;9.643.845
0.258574;0.105345;8.140.285
0.239420;0.095768;7.776.367
0.258574;0.095768;7.757.214
0.287304;0.086191;8.705.317
0.306458;0.086191;9.538.500
0.325611;0.114922;10.419.566
0.383072;0.124498;11.875.240
0.392649;0.114922;12.220.005
0.373495;0.105345;12.181.698
0.354342;0.134075;11.760.319
0.316035;0.076614;10.237.606
0.277727;0.114922;9.318.233
0.268151;0.067038;8.504.205
0.229843;0.086191;7.728.483
0.239420;0.086191;7.833.828
0.258574;0.105345;8.283.937
0.296881;0.076614;9.040.505
0.335188;0.114922;10.783.484
0.383072;0.105345;11.530.476
0.392649;0.095768;12.057.199
0.383072;0.143652;12.057.199
0.363919;0.105345;11.501.745
0.316035;0.086191;10.726.024
0.306458;0.086191;9.854.534
0.258574;0.076614;8.245.630
0.229843;0.076614;7.805.098
0.229843;0.076614;7.728.483
0.268151;0.095768;8.590.396
0.296881;0.086191;9.375.694
0.325611;0.105345;10.237.606
0.383072;0.105345;11.789.049
0.392649;0.114922;12.191.275
0.392649;0.124498;12.181.698
0.344765;0.114922;11.224.017
0.344765;0.086191;10.362.105
0.287304;0.095768;9.490.616
0.268151;0.095768;8.647.857
0.248997;0.095768;7.766.790
0.258574;0.086191;7.814.674
0.268151;0.086191;8.207.323
0.316035;0.105345;9.720.459
0.344765;0.095768;10.611.102
0.363919;0.114922;11.415.554
0.383072;0.124498;11.942.278
0.392649;0.124498;12.105.083
0.363919;0.124498;11.607.090
0.344765;0.143652;10.907.983
0.277727;0.086191;9.088.389
0.258574;0.086191;8.389.283
0.239420;0.095768;7.872.135
0.229843;0.095768;7.728.483
0.277727;0.067038;8.446.744
0.277727;0.105345;9.212.888
0.306458;0.095768;10.074.800
0.373495;0.124498;11.654.974
0.402226;0.124498;12.114.660
0.392649;0.124498;12.210.428
0.363919;0.095768;11.358.093
0.344765;0.114922;10.534.488
0.306458;0.105345;9.634.268
0.277727;0.095768;8.791.509
0.258574;0.095768;7.833.828
0.258574;0.095768;7.785.944
0.258574;0.086191;8.092.402
0.296881;0.105345;9.567.230
0.325611;0.114922;10.477.027
0.344765;0.095768;11.252.748
0.402226;0.153229;12.162.544
0.392649;0.124498;12.114.660
0.392649;0.114922;11.702.858
0.344765;0.105345;11.032.481
0.268151;0.095768;9.279.925
0.248997;0.095768;8.523.358
0.258574;0.095768;7.776.367
0.248997;0.086191;7.891.289
0.258574;0.076614;8.341.399
0.248997;0.105345;9.078.813
0.306458;0.105345;9.940.725
0.354342;0.124498;11.559.206
0.392649;0.105345;12.047.623
0.373495;0.105345;12.191.275
0.344765;0.114922;11.463.438
0.325611;0.086191;10.706.870
0.306458;0.105345;9.806.650
0.239420;0.086191;8.264.784
0.229843;0.105345;7.843.405
0.239420;0.076614;7.805.098
0.258574;0.105345;8.044.518
0.287304;0.114922;9.423.578
0.335188;0.095768;10.295.067
0.335188;0.114922;11.137.826
0.383072;0.114922;12.143.391
0.383072;0.114922;12.162.544
0.392649;0.105345;11.798.626
0.335188;0.105345;10.314.221
0.296881;0.105345;9.442.732
0.258574;0.114922;8.657.434
0.258574;0.076614;8.063.671
0.258574;0.105345;7.843.405
0.258574;0.076614;8.274.361
0.277727;0.086191;8.935.161
0.335188;0.105345;10.639.832
0.363919;0.124498;11.405.977
0.373495;0.114922;11.951.855
0.392649;0.134075;12.181.698
0.344765;0.105345;11.587.936
0.335188;0.105345;10.812.215
0.316035;0.076614;9.931.149
0.258574;0.105345;8.370.130
0.248997;0.076614;7.910.442
0.258574;0.086191;7.785.944
0.258574;0.086191;8.513.782
0.287304;0.067038;9.299.079
0.306458;0.105345;10.141.838
0.344765;0.114922;10.975.020
0.383072;0.114922;12.085.930
0.392649;0.114922;12.162.544
0.392649;0.095768;11.875.240
0.335188;0.105345;10.477.027
0.287304;0.105345;9.605.537
0.287304;0.095768;8.791.509
0.248997;0.095768;8.159.439
0.248997;0.095768;7.814.674
0.277727;0.086191;8.169.016
0.287304;0.095768;8.791.509
0.316035;0.114922;10.467.450
0.344765;0.105345;11.281.479
0.373495;0.124498;11.884.817
0.392649;0.095768;12.095.507
0.363919;0.114922;11.674.128
0.344765;0.105345;10.984.597
0.296881;0.095768;10.132.261
0.268151;0.076614;8.485.051
0.248997;0.076614;7.987.057
0.248997;0.086191;7.785.944
0.258574;0.105345;8.418.014
0.296881;0.105345;9.126.697
0.306458;0.105345;9.988.609
0.354342;0.105345;11.549.629
0.392649;0.134075;12.028.469
0.373495;0.114922;12.191.275
0.383072;0.114922;11.932.701
0.335188;0.095768;10.620.679
0.306458;0.114922;9.768.343
0.296881;0.076614;8.916.007
0.248997;0.086191;7.872.135
0.248997;0.086191;7.795.521
0.268151;0.086191;8.054.094
0.296881;0.086191;9.461.885
0.316035;0.095768;10.333.375
0.344765;0.114922;11.147.403
0.363919;0.095768;11.789.049
0.373495;0.114922;12.143.391
0.354342;0.095768;11.779.472
0.344765;0.105345;11.089.942
0.306458;0.086191;9.423.578
0.258574;0.086191;8.657.434
0.258574;0.076614;8.063.671
0.229843;0.095768;7.814.674
0.268151;0.076614;8.312.668
0.277727;0.086191;8.963.891
0.306458;0.095768;9.806.650
0.344765;0.105345;11.405.977
0.383072;0.114922;11.951.855
0.373495;0.086191;12.172.121
0.363919;0.105345;11.520.899
0.325611;0.086191;10.773.908
0.296881;0.086191;9.931.149
0.287304;0.105345;9.069.236
0.239420;0.086191;7.929.596
0.239420;0.086191;7.785.944
0.248997;0.105345;8.025.364
0.306458;0.114922;9.308.656
0.316035;0.095768;10.160.992
0.344765;0.105345;11.003.751
0.373495;0.095768;11.654.974
0.383072;0.124498;12.143.391
0.383072;0.124498;11.846.510
0.354342;0.105345;11.233.594
0.306458;0.095768;9.538.500
0.268151;0.095768;8.762.778
0.229843;0.105345;8.169.016
0.248997;0.086191;7.881.712
0.239420;0.076614;8.245.630
0.296881;0.105345;8.868.123
0.306458;0.086191;9.653.421
0.354342;0.124498;11.300.632
0.392649;0.124498;11.846.510
0.411803;0.124498;12.114.660
0.344765;0.105345;11.607.090
0.344765;0.105345;10.917.560
0.296881;0.105345;10.055.647
0.248997;0.086191;8.504.205
0.258574;0.067038;7.996.634
0.239420;0.095768;7.824.251
0.268151;0.095768;8.006.210
0.296881;0.095768;9.155.427
0.316035;0.095768;9.998.186
0.335188;0.105345;10.860.099
0.392649;0.105345;12.028.469
0.383072;0.105345;12.143.391
0.373495;0.134075;11.875.240
0.344765;0.134075;11.367.670
0.306458;0.086191;9.720.459
0.287304;0.067038;8.916.007
0.248997;0.105345;8.255.207
0.268151;0.086191;7.862.558
0.248997;0.105345;8.159.439
0.277727;0.105345;8.724.471
0.325611;0.095768;10.352.529
0.354342;0.105345;11.147.403
0.363919;0.114922;11.808.203
0.392649;0.124498;12.105.083
0.383072;0.114922;11.702.858
0.344765;0.095768;11.051.635
0.316035;0.086191;10.266.336
0.258574;0.105345;8.609.550
0.239420;0.095768;8.092.402
0.248997;0.105345;7.862.558
0.268151;0.086191;8.360.553
0.306458;0.124498;9.825.804
0.335188;0.086191;10.716.447
0.373495;0.124498;11.961.432
0.383072;0.134075;12.124.237
0.383072;0.105345;11.942.278
0.325611;0.114922;10.745.177
0.296881;0.095768;9.892.841
0.277727;0.095768;9.050.082
0.248997;0.086191;8.360.553
0.248997;0.076614;7.862.558
0.258574;0.076614;8.073.248
0.268151;0.086191;8.619.126
0.306458;0.105345;10.189.722
0.354342;0.095768;11.003.751
0.344765;0.114922;11.645.397
0.392649;0.114922;12.105.083
0.373495;0.105345;11.789.049
0.344765;0.114922;11.195.287
0.325611;0.095768;10.419.566
0.258574;0.067038;8.772.355
0.239420;0.095768;8.188.169
0.239420;0.086191;7.900.866
0.258574;0.086191;8.264.784
0.296881;0.086191;8.906.430
0.287304;0.124498;9.701.305
0.344765;0.124498;11.291.056
0.373495;0.114922;11.865.664
0.392649;0.124498;12.114.660
0.392649;0.114922;12.028.469
0.344765;0.095768;10.869.676
0.306458;0.095768;10.036.493
0.306458;0.105345;9.241.618
0.248997;0.076614;8.006.210
0.239420;0.095768;7.824.251
0.248997;0.095768;8.025.364
0.268151;0.095768;8.485.051
0.306458;0.095768;10.026.917
0.325611;0.114922;10.888.829
0.363919;0.124498;11.540.052
0.392649;0.124498;12.114.660
0.383072;0.114922;11.875.240
0.363919;0.105345;11.310.209
0.287304;0.076614;8.906.430
0.277727;0.086191;8.264.784
0.248997;0.086191;7.910.442
0.268151;0.076614;8.178.593
0.268151;0.086191;8.772.355
0.306458;0.095768;9.528.923
0.354342;0.124498;11.204.864
0.373495;0.105345;11.779.472
0.392649;0.105345;12.057.199
0.363919;0.114922;11.674.128
0.335188;0.095768;11.022.904
0.316035;0.105345;10.180.145
0.268151;0.114922;9.356.541
0.268151;0.095768;8.092.402
0.258574;0.095768;7.862.558
0.248997;0.095768;7.977.480
0.296881;0.105345;9.078.813
0.316035;0.086191;9.902.418
0.344765;0.086191;10.726.024
0.383072;0.105345;12.085.930
0.373495;0.095768;11.913.548
0.363919;0.105345;11.425.131
0.306458;0.105345;9.864.111
0.287304;0.105345;9.040.505
0.258574;0.114922;8.370.130
0.239420;0.086191;7.872.135
0.277727;0.086191;8.111.555
0.316035;0.114922;10.228.029
0.363919;0.153229;11.674.128
0.392649;0.153229;12.066.776
0.373495;0.124498;11.731.588
0.335188;0.124498;11.137.826
0.316035;0.114922;10.352.529
0.287304;0.086191;8.791.509
0.248997;0.105345;7.910.442
0.248997;0.105345;7.967.903
0.296881;0.095768;9.730.036
0.363919;0.095768;10.582.372
0.373495;0.134075;11.827.356
0.383072;0.114922;12.057.199
0.392649;0.105345;11.961.432
0.325611;0.095768;10.017.340
0.277727;0.095768;9.184.157
0.277727;0.095768;8.504.205
0.248997;0.095768;7.900.866
0.268151;0.067038;8.044.518
0.268151;0.105345;8.513.782
0.316035;0.114922;10.084.377
0.325611;0.114922;10.917.560
0.363919;0.086191;11.549.629
0.373495;0.114922;11.980.585
0.383072;0.095768;11.808.203
0.383072;0.124498;11.252.748
0.335188;0.095768;10.505.757
0.268151;0.076614;8.887.277
0.268151;0.114922;8.293.514
0.258574;0.095768;7.958.326
0.277727;0.086191;8.236.053
0.296881;0.095768;8.839.393
0.296881;0.095768;9.605.537
0.316035;0.124498;10.429.143
0.373495;0.086191;11.760.319
0.383072;0.143652;12.038.046
0.392649;0.114922;11.980.585
0.354342;0.105345;10.975.020
0.325611;0.105345;10.170.568
0.277727;0.095768;9.394.848
0.287304;0.105345;8.619.126
0.248997;0.086191;7.900.866
0.258574;0.095768;8.025.364
0.268151;0.095768;8.446.744
0.306458;0.105345;9.921.572
0.325611;0.114922;10.745.177
0.363919;0.134075;11.463.438
0.383072;0.134075;12.047.623
0.383072;0.134075;11.856.087
0.363919;0.143652;11.377.247
0.354342;0.105345;10.630.256
0.287304;0.076614;9.021.352
0.268151;0.095768;8.370.130
0.248997;0.076614;7.987.057
0.239420;0.067038;8.169.016
0.258574;0.095768;8.705.317
0.277727;0.086191;9.423.578
0.354342;0.105345;11.022.904
0.363919;0.114922;11.664.551
0.392649;0.095768;12.009.315
0.383072;0.134075;12.018.892
0.354342;0.095768;11.080.365
0.335188;0.105345;10.323.798
0.287304;0.095768;9.500.193
0.248997;0.086191;8.169.016
0.268151;0.086191;7.910.442
0.248997;0.086191;7.987.057
0.258574;0.105345;8.379.706
0.287304;0.095768;9.758.766
0.325611;0.105345;10.563.218
0.344765;0.134075;11.338.940
0.383072;0.114922;12.047.623
0.402226;0.105345;11.923.124
0.363919;0.143652;11.482.592
0.325611;0.086191;9.959.879
0.287304;0.076614;9.155.427
0.277727;0.095768;8.513.782
0.258574;0.105345;8.044.518
0.258574;0.095768;8.111.555
0.268151;0.095768;8.590.396
0.296881;0.105345;9.318.233
0.335188;0.105345;10.927.136
0.354342;0.114922;11.568.783
0.402226;0.114922;12.018.892
0.363919;0.105345;11.779.472
0.354342;0.124498;11.224.017
0.306458;0.114922;10.505.757
0.296881;0.095768;9.662.998
0.258574;0.095768;8.283.937
0.239420;0.076614;7.967.903
0.258574;0.076614;7.958.326
0.296881;0.105345;8.858.546
0.316035;0.105345;9.624.691
0.325611;0.105345;10.429.143
0.354342;0.124498;11.195.287
0.373495;0.114922;12.009.315
0.383072;0.124498;11.961.432
0.373495;0.114922;11.568.783
0.325611;0.095768;10.122.684
0.306458;0.105345;9.327.810
0.277727;0.095768;8.619.126
0.258574;0.086191;7.920.019
0.268151;0.095768;8.063.671
0.277727;0.067038;8.504.205
0.287304;0.095768;9.145.850
0.344765;0.095768;10.773.908
0.383072;0.105345;11.453.861
0.363919;0.114922;11.884.817
0.383072;0.114922;11.808.203
0.363919;0.114922;11.329.363
0.325611;0.105345;10.620.679
0.306458;0.086191;9.787.497
0.258574;0.095768;8.398.860
0.258574;0.095768;8.025.364
0.258574;0.095768;7.948.750
0.287304;0.086191;8.762.778
0.316035;0.114922;9.442.732
0.316035;0.124498;10.323.798
0.354342;0.095768;11.645.397
0.392649;0.143652;11.971.008
0.383072;0.124498;11.990.162
0.373495;0.124498;11.674.128
0.325611;0.124498;10.256.760
0.287304;0.114922;9.433.155
0.277727;0.067038;8.753.201
0.258574;0.095768;7.948.750
0.258574;0.114922;8.025.364
0.287304;0.086191;8.398.860
0.296881;0.114922;9.777.920
0.325611;0.124498;10.649.409
0.354342;0.114922;11.281.479
0.373495;0.114922;11.827.356
0.373495;0.114922;11.865.664
0.354342;0.105345;11.425.131
0.335188;0.105345;10.764.331
0.287304;0.086191;9.165.004
0.268151;0.095768;8.513.782
0.258574;0.076614;8.092.402
0.258574;0.086191;7.948.750
0.277727;0.095768;8.638.280
0.287304;0.095768;9.346.964
0.316035;0.105345;10.132.261
0.363919;0.105345;11.559.206
0.373495;0.105345;11.951.855
0.373495;0.124498;12.009.315
0.354342;0.105345;11.185.710
0.287304;0.124498;9.605.537
0.287304;0.095768;8.896.853
0.248997;0.086191;7.996.634
0.268151;0.086191;7.987.057
0.268151;0.086191;8.331.821
0.296881;0.095768;9.662.998
0.344765;0.114922;11.214.440
0.383072;0.105345;12.009.315
0.392649;0.124498;11.923.124
0.325611;0.105345;10.869.676
0.296881;0.095768;9.299.079
0.287304;0.095768;8.609.550
0.258574;0.095768;8.149.862
0.248997;0.095768;8.101.978
0.268151;0.114922;8.532.935
0.277727;0.086191;9.193.734
0.316035;0.095768;9.979.033
0.354342;0.124498;11.473.015
0.363919;0.134075;11.865.664
0.392649;0.105345;11.990.162
0.344765;0.105345;11.262.324
0.335188;0.114922;10.572.795
0.316035;0.086191;9.758.766
0.258574;0.086191;8.389.283
0.258574;0.105345;7.996.634
0.258574;0.114922;8.245.630
0.296881;0.124498;9.528.923
0.335188;0.114922;11.070.788
0.373495;0.114922;11.951.855
0.383072;0.095768;11.951.855
0.363919;0.114922;11.597.513
0.306458;0.105345;10.237.606
0.296881;0.114922;9.442.732
0.268151;0.095768;8.734.048
0.248997;0.105345;8.236.053
0.248997;0.086191;8.044.518
0.268151;0.105345;8.446.744
0.296881;0.057461;9.069.236
0.335188;0.105345;10.630.256
0.344765;0.124498;11.319.786
0.383072;0.114922;11.817.780
0.373495;0.086191;11.980.585
0.354342;0.095768;11.396.400
0.306458;0.105345;9.921.572
0.248997;0.086191;8.513.782
0.258574;0.105345;8.121.132
0.268151;0.086191;7.977.480
0.277727;0.086191;8.695.741
0.296881;0.095768;9.404.425
0.306458;0.105345;10.132.261
0.354342;0.114922;10.946.290
0.383072;0.114922;11.923.124
0.383072;0.105345;11.683.704
0.325611;0.105345;10.381.259
0.287304;0.067038;8.868.123
0.239420;0.086191;8.025.364
0.248997;0.086191;8.044.518
0.268151;0.095768;8.398.860
0.287304;0.076614;8.925.584
0.325611;0.086191;10.486.604
0.354342;0.095768;11.224.017
0.373495;0.124498;11.731.588
0.363919;0.124498;11.894.394
0.373495;0.114922;11.463.438
0.344765;0.114922;10.860.099
0.316035;0.076614;10.046.070
0.258574;0.067038;8.590.396
0.248997;0.086191;8.169.016
0.258574;0.076614;7.987.057
0.287304;0.086191;8.580.819
0.306458;0.095768;9.270.349
0.335188;0.114922;10.017.340
0.373495;0.095768;11.434.708
0.383072;0.114922;11.884.817
0.402226;0.124498;11.951.855
0.373495;0.134075;11.760.319
0.325611;0.086191;10.524.911
0.296881;0.076614;9.720.459
0.287304;0.105345;9.002.198
0.268151;0.086191;8.015.787
0.268151;0.086191;8.006.210
0.248997;0.114922;8.303.091
0.296881;0.086191;9.567.230
0.316035;0.095768;10.362.105
0.363919;0.105345;11.099.519
0.363919;0.105345;11.635.820
0.383072;0.134075;11.932.701
0.373495;0.124498;11.559.206
0.325611;0.095768;10.975.020
0.296881;0.095768;9.423.578
0.268151;0.076614;8.714.894
0.258574;0.095768;8.245.630
0.258574;0.076614;8.015.787
0.268151;0.095768;8.494.628
0.287304;0.086191;9.136.273
0.306458;0.105345;9.873.688
0.373495;0.124498;11.808.203
0.392649;0.114922;11.980.585
0.354342;0.114922;11.338.940
0.335188;0.095768;10.668.563
0.316035;0.095768;9.864.111
0.296881;0.086191;9.136.273
0.248997;0.076614;8.111.555
0.248997;0.086191;8.015.787
0.248997;0.076614;8.226.477
0.296881;0.105345;9.433.155
0.316035;0.105345;10.208.876
0.363919;0.124498;10.927.136
0.363919;0.105345;11.559.206
0.373495;0.114922;11.942.278
0.373495;0.124498;11.645.397
0.354342;0.114922;11.089.942
0.306458;0.105345;9.567.230
0.277727;0.114922;8.848.969
0.248997;0.095768;8.303.091
0.248997;0.095768;8.073.248
0.258574;0.086191;8.418.014
0.268151;0.105345;8.992.621
0.306458;0.095768;9.777.920
0.363919;0.114922;11.741.165
0.383072;0.134075;11.961.432
0.363919;0.095768;11.425.131
0.344765;0.095768;10.802.638
0.306458;0.114922;10.026.917
0.258574;0.105345;8.628.703
0.248997;0.105345;8.159.439
0.268151;0.095768;8.015.787
0.248997;0.095768;8.178.593
0.277727;0.114922;9.299.079
0.325611;0.095768;10.065.224
0.335188;0.086191;10.831.368
0.373495;0.134075;11.865.664
0.373495;0.095768;11.693.281
0.316035;0.114922;10.496.181
0.306458;0.095768;9.701.305
0.268151;0.086191;8.973.468
0.268151;0.095768;8.398.860
0.268151;0.086191;8.044.518
0.268151;0.095768;8.331.821
0.277727;0.076614;8.848.969
0.344765;0.086191;10.381.259
0.344765;0.114922;11.061.212
0.392649;0.095768;11.626.244
0.383072;0.114922;11.932.701
0.373495;0.114922;11.511.322
0.335188;0.095768;10.936.713
0.325611;0.095768;10.199.299
0.287304;0.086191;8.724.471
0.258574;0.086191;8.216.900
0.268151;0.086191;8.025.364
0.268151;0.076614;8.532.935
0.296881;0.095768;9.145.850
0.306458;0.095768;9.911.995
0.335188;0.086191;10.678.140
0.383072;0.114922;11.779.472
0.373495;0.114922;11.903.971
0.363919;0.124498;11.760.319
0.306458;0.114922;10.611.102
0.296881;0.095768;9.844.957
0.296881;0.076614;9.117.120
0.248997;0.105345;8.101.978
0.258574;0.076614;8.025.364
0.258574;0.086191;8.303.091
0.296881;0.095768;8.801.085
0.316035;0.105345;10.228.029
0.335188;0.114922;10.975.020
0.383072;0.105345;11.875.240
0.383072;0.114922;11.875.240
0.373495;0.095768;11.587.936
0.344765;0.105345;11.042.058
0.316035;0.095768;10.314.221
0.287304;0.095768;8.810.662
0.277727;0.086191;8.293.514
0.268151;0.076614;8.044.518
0.268151;0.114922;8.475.474
0.258574;0.086191;9.030.929
0.306458;0.095768;9.758.766
0.344765;0.095768;10.534.488
0.392649;0.114922;11.683.704
0.392649;0.114922;11.913.548
0.344765;0.114922;11.386.824
0.344765;0.124498;10.783.484
0.306458;0.105345;9.988.609
0.296881;0.076614;9.241.618
0.248997;0.095768;8.169.016
0.248997;0.086191;8.015.787
0.258574;0.105345;8.226.477
0.258574;0.086191;8.686.164
0.325611;0.114922;10.103.531
0.335188;0.095768;10.831.368
0.363919;0.095768;11.453.861
0.383072;0.105345;11.894.394
0.363919;0.124498;11.683.704
0.354342;0.124498;11.137.826
0.296881;0.086191;9.662.998
0.268151;0.086191;8.954.314
0.258574;0.076614;8.437.167
0.248997;0.076614;8.082.825
0.277727;0.095768;8.379.706
0.277727;0.105345;8.935.161
0.296881;0.114922;9.634.268
0.354342;0.114922;11.080.365
0.392649;0.114922;11.616.667
0.383072;0.105345;11.903.971
0.373495;0.114922;11.511.322
0.344765;0.114922;10.898.406
0.316035;0.086191;10.151.415
0.248997;0.086191;8.724.471
0.248997;0.095768;8.236.053
0.248997;0.086191;8.054.094
0.268151;0.076614;8.188.169
0.296881;0.086191;9.184.157
0.306458;0.095768;9.950.302
0.335188;0.095768;10.687.716
0.363919;0.114922;11.348.516
0.392649;0.134075;11.903.971
0.354342;0.105345;11.722.012
0.344765;0.076614;11.243.171
0.316035;0.105345;9.844.957
0.287304;0.114922;9.078.813
0.258574;0.086191;8.494.628
0.248997;0.095768;8.063.671
0.287304;0.086191;8.312.668
0.258574;0.086191;8.839.393
0.316035;0.095768;9.500.193
0.344765;0.114922;10.965.444
0.363919;0.114922;11.511.322
0.383072;0.105345;11.865.664
0.363919;0.105345;11.559.206
0.325611;0.105345;11.003.751
0.325611;0.095768;10.266.336
0.277727;0.105345;8.839.393
0.268151;0.105345;8.293.514
0.239420;0.086191;8.101.978
0.258574;0.114922;8.121.132
0.306458;0.095768;9.059.659
0.316035;0.095768;9.777.920
0.344765;0.105345;10.572.795
0.363919;0.124498;11.664.551
0.392649;0.114922;11.903.971
0.373495;0.105345;11.779.472
0.373495;0.124498;11.358.093
0.316035;0.124498;9.959.879
0.296881;0.105345;9.212.888
0.268151;0.067038;8.638.280
0.258574;0.095768;8.054.094
0.277727;0.095768;8.245.630
0.277727;0.105345;8.714.894
0.306458;0.095768;10.113.108
0.335188;0.105345;10.869.676
0.363919;0.076614;11.463.438
0.363919;0.095768;11.798.626
0.383072;0.124498;11.607.090
0.335188;0.124498;11.118.672
0.325611;0.095768;10.409.989
0.287304;0.086191;8.944.737
0.239420;0.076614;8.389.283
0.268151;0.086191;8.092.402
0.277727;0.095768;8.427.590
0.277727;0.076614;8.963.891
0.306458;0.076614;9.662.998
0.325611;0.114922;10.409.989
0.363919;0.095768;11.626.244
0.363919;0.114922;11.884.817
0.363919;0.134075;11.453.861
0.344765;0.105345;10.850.522
0.296881;0.114922;10.122.684
0.277727;0.086191;9.366.117
0.277727;0.095768;8.714.894
0.268151;0.086191;8.092.402
0.268151;0.095768;8.207.323
0.268151;0.105345;8.628.703
0.335188;0.076614;9.988.609
0.325611;0.114922;10.706.870
0.363919;0.114922;11.358.093
0.373495;0.124498;11.875.240
0.383072;0.124498;11.702.858
0.354342;0.105345;11.224.017
0.335188;0.095768;10.544.065
0.287304;0.095768;9.117.120
0.268151;0.095768;8.504.205
0.248997;0.095768;8.121.132
0.268151;0.095768;8.360.553
0.277727;0.095768;8.858.546
0.296881;0.095768;9.548.077
0.344765;0.105345;10.936.713
0.335188;0.105345;11.530.476
0.392649;0.124498;11.798.626
0.335188;0.105345;10.984.597
0.316035;0.105345;10.237.606
0.287304;0.086191;9.509.769
0.239420;0.105345;8.312.668
0.258574;0.095768;8.178.593
0.258574;0.095768;8.178.593
0.287304;0.095768;8.542.512
0.316035;0.105345;9.816.227
0.335188;0.086191;10.563.218
0.354342;0.114922;11.243.171
0.383072;0.114922;11.856.087
0.373495;0.124498;11.731.588
0.344765;0.124498;11.291.056
0.316035;0.095768;9.950.302
0.287304;0.105345;9.232.041
0.277727;0.095768;8.599.973
0.258574;0.086191;8.216.900
0.248997;0.086191;8.293.514
0.287304;0.114922;8.762.778
0.296881;0.086191;9.414.001
0.373495;0.076614;11.453.861
0.373495;0.114922;11.779.472
0.392649;0.124498;11.865.664
0.344765;0.114922;11.061.212
0.325611;0.114922;10.390.836
0.296881;0.105345;9.624.691
0.277727;0.067038;8.398.860
0.248997;0.086191;8.140.285
0.248997;0.076614;8.169.016
0.277727;0.086191;9.021.352
0.306458;0.095768;9.701.305
0.316035;0.095768;10.419.566
0.344765;0.114922;11.099.519
0.373495;0.105345;11.827.356
0.392649;0.124498;11.760.319
0.354342;0.134075;11.405.977
0.306458;0.105345;10.093.954
0.287304;0.086191;9.356.541
0.268151;0.095768;8.724.471
0.248997;0.076614;8.092.402
0.239420;0.095768;8.264.784
0.287304;0.095768;8.647.857
0.325611;0.105345;10.017.340
0.344765;0.114922;10.726.024
0.363919;0.114922;11.348.516
0.354342;0.124498;11.731.588
0.383072;0.105345;11.645.397
0.354342;0.134075;11.185.710
0.316035;0.124498;10.515.334
0.277727;0.105345;9.050.082
0.248997;0.105345;8.494.628
0.258574;0.067038;8.169.016
0.258574;0.105345;8.149.862
0.277727;0.105345;8.916.007
0.296881;0.095768;9.595.961
0.306458;0.124498;10.295.067
0.383072;0.114922;11.559.206
0.363919;0.105345;11.817.780
0.383072;0.124498;11.789.049
0.354342;0.095768;11.473.015
0.306458;0.095768;10.199.299
0.296881;0.105345;9.471.462
0.248997;0.086191;8.820.239
0.268151;0.086191;8.130.709
0.258574;0.076614;8.197.746
0.268151;0.105345;8.561.666
0.316035;0.105345;9.864.111
0.335188;0.095768;10.591.949
0.344765;0.134075;11.262.324
0.363919;0.124498;11.674.128
0.383072;0.095768;11.722.012
0.344765;0.124498;11.281.479
0.325611;0.114922;10.658.986
0.277727;0.086191;9.165.004
0.277727;0.124498;8.580.819
0.248997;0.095768;8.226.477
0.258574;0.086191;8.341.399
0.287304;0.086191;8.781.932
0.296881;0.076614;9.423.578
0.306458;0.105345;10.151.415
0.363919;0.124498;11.425.131
0.383072;0.105345;11.750.742
0.363919;0.124498;11.549.629
0.325611;0.095768;11.070.788
0.325611;0.095768;10.352.529
0.306458;0.095768;9.615.114
0.277727;0.086191;8.954.314
0.239420;0.095768;8.149.862
0.248997;0.095768;8.178.593
0.287304;0.105345;8.475.474
0.306458;0.076614;9.730.036
0.335188;0.095768;10.457.873
0.344765;0.105345;11.109.096
0.373495;0.114922;11.817.780
0.373495;0.114922;11.750.742
0.354342;0.105345;11.358.093
0.344765;0.114922;10.773.908
0.287304;0.105345;9.299.079
0.268151;0.095768;8.714.894
0.277727;0.067038;8.283.937
0.287304;0.076614;8.274.361
0.268151;0.086191;8.686.164
0.287304;0.086191;9.299.079
0.316035;0.067038;10.017.340
0.354342;0.095768;11.338.940
0.354342;0.114922;11.712.435
0.402226;0.114922;11.798.626
0.344765;0.114922;11.137.826
0.325611;0.114922;10.477.027
0.306458;0.124498;9.749.189
0.258574;0.095768;8.523.358
0.268151;0.105345;8.197.746
0.239420;0.076614;8.169.016
0.248997;0.086191;8.418.014
0.316035;0.105345;9.576.807
0.325611;0.114922;10.333.375
0.335188;0.105345;11.022.904
0.373495;0.086191;11.789.049
0.402226;0.114922;11.769.896
0.373495;0.143652;11.425.131
0.316035;0.114922;10.170.568
0.277727;0.095768;9.452.309
0.268151;0.095768;8.820.239
0.268151;0.095768;8.341.399
0.268151;0.095768;8.255.207
0.258574;0.095768;8.609.550
0.287304;0.114922;9.165.004
0.344765;0.105345;10.620.679
0.335188;0.095768;11.233.594
0.373495;0.105345;11.654.974
0.392649;0.095768;11.693.281
0.363919;0.086191;11.243.171
0.325611;0.095768;10.620.679
0.296881;0.086191;9.883.265
0.258574;0.076614;8.599.973
0.258574;0.086191;8.236.053
0.268151;0.067038;8.159.439
0.287304;0.086191;8.829.816
0.306458;0.086191;9.423.578
0.325611;0.105345;10.180.145
0.344765;0.114922;10.888.829
0.383072;0.105345;11.750.742
0.373495;0.124498;11.769.896
0.363919;0.105345;11.520.899
0.306458;0.114922;10.304.645
0.306458;0.086191;9.586.384
0.277727;0.086191;8.925.584
0.248997;0.095768;8.188.169
0.248997;0.076614;8.216.900
0.268151;0.067038;8.532.935
0.268151;0.105345;9.088.389
0.316035;0.114922;10.467.450
0.335188;0.105345;11.137.826
0.363919;0.124498;11.578.360
0.373495;0.105345;11.693.281
0.354342;0.124498;11.338.940
0.325611;0.095768;10.745.177
0.306458;0.086191;10.036.493
0.287304;0.086191;8.724.471
0.248997;0.076614;8.312.668
0.258574;0.067038;8.159.439
0.248997;0.095768;8.724.471
0.287304;0.076614;9.327.810
0.296881;0.076614;10.026.917
0.354342;0.105345;11.338.940
0.383072;0.124498;11.683.704
0.363919;0.086191;11.769.896
0.373495;0.114922;11.559.206
0.316035;0.095768;10.448.297
0.306458;0.095768;9.701.305
0.277727;0.086191;9.059.659
0.248997;0.086191;8.255.207
0.268151;0.067038;8.207.323
0.277727;0.095768;8.456.321
0.296881;0.076614;9.615.114
0.335188;0.114922;10.352.529
0.344765;0.114922;11.022.904
0.363919;0.124498;11.511.322
0.383072;0.134075;11.722.012
0.354342;0.114922;11.425.131
0.335188;0.095768;10.860.099
0.287304;0.114922;9.442.732
0.287304;0.095768;8.810.662
0.248997;0.114922;8.360.553
0.258574;0.095768;8.283.937
0.277727;0.076614;8.638.280
0.287304;0.076614;9.232.041
0.306458;0.086191;9.892.841
0.373495;0.095768;11.243.171
0.373495;0.124498;11.645.397
0.373495;0.114922;11.789.049
0.354342;0.114922;11.185.710
0.325611;0.086191;10.582.372
0.306458;0.114922;9.892.841
0.287304;0.067038;9.165.004
0.258574;0.095768;8.264.784
0.248997;0.095768;8.197.746
0.258574;0.076614;8.418.014
0.287304;0.095768;9.490.616
0.316035;0.105345;10.228.029
0.344765;0.095768;10.898.406
0.383072;0.124498;11.731.588
0.373495;0.105345;11.741.165
0.344765;0.086191;11.473.015
0.325611;0.105345;10.955.867
0.287304;0.095768;9.557.653
0.268151;0.105345;8.906.430
0.268151;0.105345;8.427.590
0.258574;0.086191;8.264.784
0.277727;0.105345;8.580.819
0.287304;0.105345;9.117.120
0.287304;0.086191;9.787.497
0.344765;0.114922;11.137.826
0.354342;0.114922;11.578.360
0.392649;0.134075;11.760.319
0.363919;0.114922;11.291.056
0.325611;0.086191;10.716.447
0.306458;0.105345;9.998.186
0.268151;0.095768;8.695.741
0.248997;0.095768;8.312.668
0.248997;0.095768;8.207.323
0.268151;0.076614;8.331.821
0.296881;0.086191;9.366.117
0.325611;0.114922;10.055.647
0.335188;0.105345;10.764.331
0.363919;0.114922;11.683.704
0.383072;0.124498;11.769.896
0.363919;0.153229;11.520.899
0.344765;0.124498;11.061.212
0.306458;0.105345;9.720.459
0.277727;0.095768;9.011.775
0.268151;0.105345;8.226.477
0.229843;0.076614;8.226.477
0.277727;0.095768;8.504.205
0.268151;0.086191;9.011.775
0.325611;0.095768;10.352.529
0.335188;0.124498;11.013.328
0.354342;0.143652;11.511.322
0.363919;0.105345;11.683.704
0.354342;0.095768;11.377.247
0.344765;0.086191;10.831.368
0.306458;0.086191;10.132.261
0.268151;0.086191;8.810.662
0.268151;0.076614;8.389.283
0.248997;0.105345;8.216.900
0.287304;0.086191;8.695.741
0.287304;0.114922;9.270.349
0.316035;0.114922;9.950.302
0.354342;0.124498;11.233.594
0.373495;0.124498;11.616.667
0.373495;0.124498;11.769.896
0.383072;0.114922;11.578.360
0.344765;0.114922;10.563.218
0.277727;0.095768;9.825.804
0.296881;0.086191;9.155.427
0.268151;0.095768;8.580.819
0.268151;0.076614;8.216.900
0.268151;0.076614;8.427.590
0.277727;0.105345;8.906.430
0.325611;0.114922;10.237.606
0.335188;0.105345;10.898.406
0.383072;0.105345;11.405.977
0.383072;0.105345;11.722.012
0.383072;0.114922;11.444.284
0.335188;0.114922;10.917.560
0.325611;0.095768;10.247.183
0.258574;0.086191;8.446.744
0.229843;0.076614;8.226.477
0.296881;0.086191;8.638.280
0.277727;0.095768;9.136.273
0.306458;0.086191;9.816.227
0.344765;0.134075;11.118.672
0.402226;0.105345;11.760.319
0.402226;0.143652;11.616.667
0.335188;0.086191;10.658.986
0.316035;0.086191;9.959.879
0.258574;0.095768;8.331.821
0.248997;0.086191;8.226.477
0.248997;0.076614;8.389.283
0.277727;0.076614;8.781.932
0.335188;0.105345;10.103.531
0.325611;0.105345;10.783.484
0.363919;0.105345;11.338.940
0.383072;0.124498;11.712.435
0.344765;0.114922;11.501.745
0.363919;0.114922;11.042.058
0.306458;0.067038;9.691.729
0.287304;0.086191;9.040.505
0.268151;0.086191;8.542.512
0.258574;0.095768;8.255.207
0.268151;0.086191;8.542.512
0.287304;0.067038;9.021.352
0.325611;0.086191;9.701.305
0.344765;0.095768;11.022.904
0.354342;0.105345;11.492.168
0.373495;0.124498;11.731.588
0.354342;0.114922;11.319.786
0.335188;0.114922;10.783.484
0.335188;0.114922;10.084.377
0.287304;0.086191;9.414.001
0.248997;0.076614;8.398.860
0.258574;0.095768;8.245.630
0.277727;0.076614;8.341.399
0.287304;0.124498;9.289.502
0.296881;0.095768;9.950.302
0.325611;0.124498;10.649.409
0.392649;0.086191;11.616.667
0.373495;0.105345;11.722.012
0.373495;0.105345;11.549.629
0.325611;0.105345;10.524.911
0.325611;0.105345;9.816.227
0.296881;0.105345;9.155.427
0.287304;0.095768;8.619.126
0.268151;0.076614;8.245.630
0.268151;0.105345;8.475.474
0.277727;0.105345;8.925.584
0.296881;0.086191;9.576.807
0.325611;0.114922;10.907.983
0.354342;0.105345;11.415.554
0.383072;0.105345;11.683.704
0.354342;0.114922;11.405.977
0.344765;0.114922;10.888.829
0.306458;0.105345;10.228.029
0.268151;0.076614;8.906.430
0.258574;0.076614;8.494.628
0.258574;0.076614;8.236.053
0.277727;0.095768;8.638.280
0.277727;0.095768;9.184.157
0.325611;0.095768;9.835.381
0.335188;0.114922;10.505.757
0.354342;0.105345;11.549.629
0.354342;0.114922;11.712.435
0.363919;0.114922;11.587.936
0.335188;0.124498;10.611.102
0.296881;0.095768;9.931.149
0.306458;0.086191;9.270.349
0.268151;0.095768;8.724.471
0.258574;0.086191;8.236.053
0.277727;0.105345;8.398.860
0.268151;0.105345;8.820.239
0.325611;0.114922;10.122.684
0.354342;0.124498;10.793.061
0.373495;0.114922;11.281.479
0.392649;0.114922;11.722.012
0.354342;0.124498;11.425.131
0.344765;0.134075;10.994.174
0.316035;0.095768;10.352.529
0.277727;0.095768;9.021.352
0.268151;0.095768;8.552.089
0.258574;0.105345;8.283.937
0.268151;0.067038;8.580.819
0.296881;0.095768;9.078.813
0.296881;0.105345;9.701.305
0.363919;0.095768;11.022.904
0.383072;0.124498;11.463.438
0.373495;0.095768;11.722.012
0.344765;0.124498;11.664.551
0.335188;0.114922;10.754.754
0.306458;0.105345;10.055.647
0.296881;0.095768;9.394.848
0.258574;0.086191;8.398.860
0.258574;0.095768;8.255.207
0.296881;0.086191;8.379.706
0.296881;0.086191;9.299.079
0.296881;0.114922;10.007.763
0.335188;0.114922;10.678.140
0.354342;0.124498;11.233.594
0.373495;0.124498;11.702.858
0.373495;0.124498;11.520.899
0.344765;0.114922;11.070.788
0.306458;0.105345;10.486.604
0.277727;0.105345;9.145.850
0.268151;0.086191;8.628.703
0.248997;0.076614;8.312.668
0.268151;0.076614;8.513.782
0.287304;0.105345;8.944.737
0.296881;0.114922;9.605.537
0.344765;0.095768;10.907.983
0.354342;0.105345;11.425.131
0.363919;0.105345;11.674.128
0.373495;0.134075;11.635.820
0.325611;0.086191;10.850.522
0.325611;0.095768;10.189.722
0.239420;0.086191;8.475.474
0.258574;0.067038;8.283.937
0.258574;0.105345;8.350.976
0.277727;0.076614;9.203.311
0.316035;0.086191;9.864.111
0.316035;0.095768;10.524.911
0.354342;0.105345;11.137.826
0.392649;0.114922;11.559.206
0.335188;0.114922;11.185.710
0.296881;0.086191;9.902.418
0.277727;0.114922;8.705.317
0.248997;0.086191;8.274.361
0.268151;0.095768;8.456.321
0.277727;0.124498;8.877.700
0.306458;0.086191;9.452.309
0.354342;0.105345;10.812.215
0.383072;0.105345;11.626.244
0.373495;0.105345;11.444.284
0.325611;0.105345;10.965.444
0.316035;0.086191;10.304.645
0.306458;0.105345;9.624.691
0.248997;0.095768;8.571.242
0.268151;0.095768;8.312.668
0.258574;0.086191;8.312.668
0.296881;0.095768;9.117.120
0.306458;0.105345;9.787.497
0.316035;0.105345;10.429.143
0.354342;0.086191;11.473.015
0.373495;0.124498;11.674.128
0.373495;0.114922;11.607.090
0.373495;0.105345;11.281.479
0.316035;0.114922;10.036.493
0.296881;0.095768;9.375.694
0.248997;0.095768;8.437.167
0.268151;0.095768;8.274.361
0.258574;0.076614;8.408.437
0.287304;0.086191;8.791.509
0.277727;0.076614;9.346.964
0.325611;0.095768;10.687.716
0.344765;0.105345;11.224.017
0.383072;0.105345;11.587.936
0.383072;0.095768;11.473.015
0.354342;0.086191;11.051.635
0.335188;0.086191;10.429.143
0.296881;0.105345;9.136.273
0.258574;0.086191;8.619.126
0.248997;0.076614;8.341.399
0.268151;0.114922;8.532.935
0.277727;0.095768;8.963.891
0.316035;0.086191;9.586.384
0.325611;0.114922;10.333.375
0.354342;0.105345;11.377.247
0.383072;0.095768;11.654.974
0.373495;0.095768;11.635.820
0.354342;0.114922;11.300.632
0.296881;0.095768;10.160.992
0.296881;0.114922;9.509.769
0.277727;0.076614;8.887.277
0.248997;0.095768;8.293.514
0.277727;0.105345;8.389.283
0.287304;0.086191;8.705.317
0.316035;0.095768;9.911.995
0.335188;0.114922;10.582.372
0.363919;0.086191;11.147.403
0.363919;0.095768;11.520.899
0.383072;0.114922;11.530.476
0.354342;0.114922;11.137.826
0.316035;0.114922;10.582.372
0.296881;0.095768;9.232.041
0.258574;0.076614;8.724.471
0.268151;0.105345;8.389.283
0.277727;0.086191;8.475.474
0.277727;0.076614;8.925.584
0.306458;0.086191;9.500.193
0.325611;0.095768;10.170.568
0.344765;0.105345;11.310.209
0.373495;0.105345;11.635.820
0.363919;0.134075;11.635.820
0.354342;0.105345;10.917.560
0.325611;0.114922;10.295.067
0.306458;0.105345;9.615.114
0.277727;0.076614;8.992.621
0.268151;0.076614;8.312.668
0.248997;0.076614;8.350.976
0.258574;0.105345;8.638.280
0.287304;0.095768;9.768.343
0.306458;0.105345;10.457.873
0.354342;0.114922;11.051.635
0.383072;0.105345;11.654.974
0.373495;0.105345;11.568.783
0.363919;0.095768;11.224.017
0.316035;0.114922;10.697.293
0.287304;0.086191;9.356.541
0.277727;0.086191;8.801.085
0.258574;0.095768;8.398.860
0.268151;0.095768;8.427.590
0.296881;0.086191;8.839.393
0.296881;0.095768;9.404.425
0.325611;0.105345;10.668.563
0.354342;0.114922;11.233.594
0.363919;0.114922;11.587.936
0.383072;0.124498;11.664.551
0.354342;0.095768;11.051.635
0.316035;0.095768;10.429.143
0.296881;0.105345;9.758.766
0.258574;0.076614;8.609.550
0.258574;0.095768;8.350.976
0.258574;0.105345;8.350.976
0.277727;0.095768;8.590.396
0.306458;0.095768;9.653.421
0.316035;0.105345;10.304.645
0.344765;0.105345;10.936.713
0.383072;0.105345;11.645.397
0.363919;0.114922;11.587.936
0.344765;0.105345;11.300.632
0.335188;0.095768;10.132.261
0.296881;0.095768;9.471.462
0.287304;0.086191;8.896.853
0.268151;0.086191;8.485.051
0.268151;0.086191;8.408.437
0.277727;0.095768;8.753.201
0.287304;0.095768;9.279.925
0.316035;0.095768;10.582.372
0.354342;0.105345;11.156.980
0.383072;0.153229;11.501.745
0.383072;0.124498;11.492.168
0.344765;0.095768;11.128.249
0.316035;0.105345;10.534.488
0.306458;0.095768;9.854.534
0.268151;0.086191;8.734.048
0.258574;0.105345;8.379.706
0.277727;0.095768;8.322.245
0.287304;0.095768;8.944.737
0.306458;0.076614;9.538.500
0.325611;0.124498;10.180.145
0.335188;0.095768;10.821.792
0.383072;0.114922;11.597.513
0.354342;0.114922;11.616.667
0.354342;0.124498;11.358.093
0.316035;0.124498;10.247.183
0.287304;0.086191;9.634.268
0.277727;0.095768;9.002.198
0.258574;0.105345;8.341.399
0.287304;0.076614;8.370.130
0.287304;0.105345;8.676.587
0.296881;0.086191;9.145.850
0.335188;0.105345;10.429.143
0.354342;0.086191;11.032.481
0.344765;0.124498;11.463.438
0.363919;0.105345;11.511.322
0.344765;0.114922;11.185.710
0.335188;0.114922;10.649.409
0.306458;0.105345;10.007.763
0.287304;0.095768;8.810.662
0.277727;0.086191;8.456.321
0.277727;0.124498;8.350.976
0.277727;0.086191;8.868.123
0.306458;0.086191;9.433.155
0.306458;0.095768;10.065.224
0.344765;0.105345;11.204.864
0.373495;0.134075;11.549.629
0.373495;0.114922;11.616.667
0.363919;0.114922;10.975.020
0.335188;0.105345;10.390.836
0.306458;0.105345;9.730.036
0.277727;0.114922;9.097.966
0.268151;0.076614;8.379.706
0.248997;0.095768;8.360.553
0.258574;0.105345;8.580.819
0.306458;0.105345;9.691.729
0.325611;0.114922;10.333.375
0.354342;0.105345;10.927.136
0.363919;0.095768;11.396.400
0.363919;0.114922;11.568.783
0.354342;0.114922;11.262.324
0.354342;0.095768;10.735.600
0.277727;0.086191;9.471.462
0.258574;0.076614;8.896.853
0.258574;0.086191;8.523.358
0.268151;0.086191;8.437.167
0.268151;0.095768;8.781.932
0.296881;0.095768;9.308.656
0.335188;0.095768;10.591.949
0.363919;0.095768;11.156.980
0.363919;0.124498;11.492.168
0.363919;0.114922;11.597.513
0.354342;0.105345;11.080.365
0.335188;0.114922;10.496.181
0.306458;0.086191;9.864.111
0.277727;0.124498;9.222.465
0.258574;0.057461;8.398.860
0.258574;0.095768;8.571.242
0.316035;0.114922;9.557.653
0.316035;0.114922;10.218.452
0.344765;0.114922;10.821.792
0.373495;0.086191;11.597.513
0.363919;0.124498;11.329.363
0.325611;0.095768;10.850.522
0.287304;0.105345;9.040.505
0.258574;0.076614;8.571.242
0.277727;0.086191;8.408.437
0.277727;0.095768;8.695.741
0.287304;0.095768;9.212.888
0.316035;0.086191;9.806.650
0.363919;0.086191;11.042.058
0.363919;0.105345;11.453.861
0.373495;0.124498;11.587.936
0.354342;0.124498;11.166.556
0.344765;0.105345;10.611.102
0.325611;0.095768;9.950.302
0.268151;0.076614;8.791.509
0.277727;0.086191;8.465.898
0.248997;0.086191;8.360.553
0.277727;0.095768;8.523.358
0.316035;0.086191;10.065.224
0.344765;0.105345;10.697.293
0.373495;0.095768;11.549.629
0.383072;0.105345;11.597.513
0.373495;0.114922;11.386.824
0.316035;0.105345;10.362.105
0.296881;0.095768;9.701.305
0.287304;0.067038;9.088.389
0.277727;0.086191;8.647.857
0.248997;0.076614;8.379.706
0.268151;0.086191;8.628.703
0.287304;0.095768;9.097.966
0.316035;0.105345;10.362.105
0.354342;0.095768;10.936.713
0.373495;0.095768;11.348.516
0.354342;0.114922;11.520.899
0.335188;0.095768;11.214.440
0.325611;0.105345;10.754.754
0.316035;0.114922;10.084.377
0.287304;0.095768;8.906.430
0.258574;0.086191;8.485.051
0.277727;0.105345;8.341.399
0.277727;0.076614;8.791.509
0.306458;0.105345;9.969.456
0.335188;0.114922;10.572.795
0.373495;0.124498;11.549.629
0.354342;0.095768;11.444.284
0.344765;0.105345;10.467.450
0.306458;0.124498;9.825.804
0.287304;0.095768;9.203.311
0.277727;0.076614;8.418.014
0.268151;0.105345;8.408.437
0.268151;0.095768;8.590.396
0.316035;0.105345;10.228.029
0.325611;0.105345;10.802.638
0.354342;0.114922;11.281.479
0.363919;0.134075;11.549.629
0.373495;0.114922;11.281.479
0.344765;0.095768;10.840.945
0.306458;0.095768;10.247.183
0.277727;0.105345;8.983.045
0.248997;0.086191;8.571.242
0.248997;0.095768;8.389.283
0.287304;0.114922;8.734.048
0.306458;0.076614;9.241.618
0.325611;0.114922;9.844.957
0.344765;0.095768;11.013.328
0.383072;0.105345;11.425.131
0.363919;0.124498;11.568.783
0.363919;0.114922;11.473.015
0.335188;0.114922;10.563.218
0.316035;0.105345;9.959.879
0.287304;0.086191;9.327.810
0.248997;0.095768;8.485.051
0.277727;0.086191;8.350.976
0.258574;0.086191;8.532.935
0.296881;0.105345;9.481.039
0.325611;0.086191;10.113.108
0.335188;0.124498;10.754.754
0.344765;0.105345;11.233.594
0.373495;0.124498;11.540.052
0.354342;0.114922;11.338.940
0.363919;0.105345;10.917.560
0.306458;0.076614;9.682.152
0.296881;0.095768;9.088.389
0.277727;0.067038;8.657.434
0.248997;0.067038;8.446.744
0.277727;0.076614;8.705.317
0.296881;0.105345;9.117.120
0.316035;0.086191;10.352.529
0.354342;0.134075;10.927.136
0.354342;0.114922;11.386.824
0.363919;0.114922;11.559.206
0.335188;0.095768;11.195.287
0.335188;0.124498;10.687.716
0.296881;0.105345;10.065.224
0.296881;0.076614;9.452.309
0.268151;0.095768;8.513.782
0.258574;0.076614;8.379.706
0.258574;0.095768;8.858.546
0.287304;0.086191;9.356.541
0.325611;0.086191;9.979.033
0.344765;0.086191;10.591.949
0.363919;0.105345;11.463.438
0.363919;0.095768;11.578.360
0.373495;0.105345;11.396.400
0.344765;0.095768;11.032.481
0.287304;0.086191;9.806.650
0.268151;0.105345;9.212.888
0.268151;0.095768;8.714.894
0.277727;0.114922;8.408.437
0.268151;0.105345;8.638.280
0.287304;0.076614;9.040.505
0.316035;0.095768;10.247.183
0.344765;0.105345;10.831.368
0.354342;0.105345;11.291.056
0.373495;0.105345;11.520.899
0.344765;0.086191;11.252.748
0.344765;0.105345;10.802.638
0.335188;0.105345;10.189.722
0.268151;0.076614;8.992.621
0.277727;0.105345;8.571.242
0.268151;0.076614;8.389.283
0.268151;0.095768;8.456.321
0.316035;0.114922;9.251.195
0.287304;0.095768;9.873.688
0.325611;0.095768;10.496.181
0.363919;0.105345;11.415.554
0.363919;0.124498;11.540.052
0.344765;0.114922;11.434.708
0.335188;0.114922;10.553.641
0.306458;0.114922;9.950.302
0.268151;0.095768;9.318.233
0.287304;0.095768;8.810.662
0.268151;0.086191;8.389.283
0.268151;0.076614;8.609.550
0.277727;0.105345;8.944.737
0.335188;0.124498;10.141.838
0.344765;0.105345;10.716.447
0.354342;0.095768;11.214.440
0.363919;0.114922;11.540.052
0.354342;0.105345;11.310.209
0.344765;0.105345;10.869.676
0.325611;0.086191;10.295.067
0.277727;0.076614;9.117.120
0.258574;0.086191;8.676.587
0.258574;0.086191;8.437.167
0.287304;0.086191;8.714.894
0.287304;0.105345;9.155.427
0.277727;0.105345;9.758.766
0.316035;0.086191;10.390.836
0.354342;0.124498;11.358.093
0.354342;0.114922;11.520.899
0.373495;0.105345;11.482.592
0.344765;0.105345;10.649.409
0.316035;0.105345;10.017.340
0.296881;0.095768;9.442.732
0.258574;0.095768;8.542.512
0.268151;0.095768;8.427.590
0.277727;0.095768;8.523.358
0.296881;0.086191;9.404.425
0.296881;0.105345;10.007.763
0.344765;0.095768;10.620.679
0.316035;0.124498;11.118.672
0.354342;0.114922;11.530.476
0.363919;0.124498;11.329.363
0.354342;0.124498;10.975.020
0.344765;0.114922;10.409.989
0.296881;0.114922;9.222.465
0.258574;0.095768;8.743.625
0.268151;0.076614;8.485.051
0.258574;0.086191;8.628.703
0.287304;0.086191;9.040.505
0.287304;0.086191;9.605.537
0.344765;0.105345;10.831.368
0.344765;0.095768;11.530.476
0.363919;0.105345;11.492.168
0.325611;0.105345;10.773.908
0.296881;0.076614;10.170.568
0.277727;0.095768;9.538.500
0.268151;0.095768;8.609.550
0.258574;0.086191;8.408.437
0.268151;0.076614;8.485.051
0.277727;0.095768;9.289.502
0.306458;0.095768;9.911.995
0.335188;0.114922;10.515.334
0.344765;0.114922;11.061.212
0.373495;0.114922;11.511.322
0.383072;0.124498;11.405.977
0.344765;0.095768;11.061.212
0.306458;0.105345;9.911.995
0.296881;0.086191;9.299.079
0.296881;0.095768;8.810.662
0.268151;0.095768;8.513.782
0.287304;0.086191;8.571.242
0.287304;0.105345;9.002.198
0.306458;0.105345;9.509.769
0.335188;0.134075;10.735.600
0.354342;0.076614;11.204.864
0.373495;0.105345;11.473.015
0.373495;0.105345;11.310.209
0.363919;0.114922;10.850.522
0.325611;0.114922;10.304.645
0.287304;0.086191;9.701.305
0.277727;0.105345;8.695.741
0.258574;0.105345;8.446.744
0.258574;0.076614;8.485.051
0.277727;0.076614;9.174.581
0.316035;0.076614;9.768.343
0.325611;0.105345;10.381.259
0.363919;0.124498;11.338.940
0.373495;0.114922;11.520.899
0.354342;0.114922;11.444.284
0.354342;0.114922;11.137.826
0.296881;0.095768;10.036.493
0.296881;0.086191;9.423.578
0.268151;0.114922;8.935.161
0.258574;0.086191;8.446.744
0.277727;0.095768;8.590.396
0.287304;0.114922;8.887.277
0.296881;0.105345;9.988.609
0.335188;0.086191;10.649.409
0.344765;0.095768;11.128.249
0.354342;0.105345;11.434.708
0.354342;0.124498;11.329.363
0.325611;0.105345;10.946.290
0.316035;0.095768;10.409.989
0.287304;0.095768;9.184.157
0.277727;0.086191;8.743.625
0.268151;0.095768;8.465.898
0.268151;0.095768;8.456.321
0.277727;0.086191;9.078.813
0.296881;0.095768;9.662.998
0.306458;0.095768;10.275.913
0.363919;0.086191;11.281.479
0.363919;0.134075;11.501.745
0.363919;0.114922;11.473.015
0.325611;0.105345;10.745.177
0.296881;0.086191;10.141.838
0.296881;0.086191;9.519.346
0.287304;0.076614;8.992.621
0.258574;0.095768;8.437.167
0.268151;0.076614;8.523.358
0.287304;0.086191;9.308.656
0.325611;0.095768;9.883.265
0.344765;0.105345;10.505.757
0.363919;0.095768;11.042.058
0.354342;0.124498;11.501.745
0.354342;0.134075;11.377.247
0.373495;0.114922;11.032.481
0.325611;0.105345;10.505.757
0.277727;0.086191;9.299.079
0.268151;0.086191;8.839.393
0.268151;0.105345;8.532.935
0.258574;0.076614;8.619.126
0.287304;0.086191;9.011.775
0.296881;0.105345;9.557.653
0.354342;0.124498;10.151.415
0.354342;0.114922;11.204.864
0.354342;0.105345;11.463.438
0.373495;0.105345;11.291.056
0.335188;0.086191;10.850.522
0.316035;0.095768;10.266.336
0.306458;0.086191;9.643.845
0.277727;0.105345;8.686.164
0.268151;0.086191;8.456.321
0.268151;0.095768;8.485.051
0.277727;0.105345;8.772.355
0.306458;0.086191;9.797.073
0.316035;0.076614;10.419.566
0.344765;0.105345;10.955.867
0.373495;0.114922;11.511.322
0.363919;0.114922;11.434.708
0.354342;0.086191;11.118.672
0.335188;0.105345;10.611.102
0.287304;0.076614;9.414.001
0.277727;0.086191;8.925.584
0.277727;0.076614;8.580.819
0.296881;0.076614;8.552.089
0.277727;0.076614;8.906.430
0.296881;0.114922;9.452.309
0.344765;0.124498;10.639.832
0.335188;0.134075;11.137.826
0.363919;0.124498;11.396.400
0.373495;0.095768;11.492.168
0.335188;0.124498;10.955.867
0.335188;0.114922;10.371.682
0.306458;0.124498;9.758.766
0.258574;0.086191;8.714.894
0.248997;0.095768;8.504.205
0.268151;0.095768;8.465.898
0.287304;0.095768;9.126.697
0.277727;0.095768;9.653.421
0.325611;0.095768;10.275.913
0.354342;0.114922;11.233.594
0.383072;0.124498;11.444.284
0.354342;0.124498;11.434.708
0.344765;0.086191;11.166.556
0.296881;0.114922;10.132.261
0.268151;0.105345;9.538.500
0.287304;0.095768;8.992.621
0.248997;0.086191;8.628.703
0.287304;0.086191;8.561.666
0.277727;0.076614;8.848.969
0.287304;0.095768;9.356.541
0.335188;0.067038;10.524.911
0.344765;0.114922;11.022.904
0.335188;0.114922;11.358.093
0.373495;0.086191;11.358.093
0.344765;0.086191;11.013.328
0.296881;0.124498;10.467.450
0.316035;0.105345;9.883.265
0.296881;0.105345;8.839.393
0.258574;0.086191;8.513.782
0.277727;0.086191;8.475.474
0.277727;0.095768;9.040.505
0.306458;0.105345;9.567.230
0.325611;0.095768;10.170.568
0.383072;0.095768;11.176.133
0.363919;0.095768;11.453.861
0.373495;0.086191;11.444.284
0.363919;0.105345;11.262.324
0.306458;0.105345;10.237.606
0.316035;0.095768;9.615.114
0.287304;0.105345;9.097.966
0.268151;0.086191;8.475.474
0.277727;0.105345;8.504.205
0.287304;0.105345;8.791.509
0.277727;0.086191;9.232.041
0.325611;0.124498;10.419.566
0.344765;0.105345;10.936.713
0.363919;0.105345;11.300.632
0.344765;0.124498;11.396.400
0.344765;0.114922;11.070.788
0.354342;0.105345;10.553.641
0.296881;0.095768;9.404.425
0.296881;0.086191;8.906.430
0.287304;0.086191;8.590.396
0.258574;0.095768;8.456.321
0.287304;0.105345;8.983.045
0.306458;0.114922;9.471.462
0.296881;0.114922;10.036.493
0.354342;0.105345;11.099.519
0.363919;0.114922;11.396.400
0.363919;0.105345;11.444.284
0.354342;0.114922;10.879.252
0.316035;0.086191;10.352.529
0.287304;0.114922;9.768.343
0.287304;0.095768;9.184.157
0.268151;0.114922;8.513.782
0.268151;0.086191;8.513.782
0.277727;0.086191;8.753.201
0.296881;0.105345;9.691.729
0.335188;0.105345;10.323.798
0.354342;0.114922;10.831.368
0.363919;0.095768;11.463.438
0.363919;0.105345;11.425.131
0.354342;0.134075;11.147.403
0.325611;0.105345;10.678.140
0.296881;0.086191;9.500.193
0.277727;0.095768;9.030.929
0.248997;0.095768;8.628.703
0.258574;0.076614;8.580.819
0.296881;0.086191;8.877.700
0.296881;0.114922;9.366.117
0.306458;0.105345;9.950.302
0.335188;0.105345;11.042.058
0.354342;0.143652;11.367.670
0.373495;0.105345;11.473.015
0.335188;0.105345;10.965.444
0.335188;0.114922;10.448.297
0.296881;0.095768;9.854.534
0.306458;0.105345;8.829.816
0.258574;0.076614;8.532.935
0.268151;0.095768;8.494.628
0.268151;0.076614;8.676.587
0.306458;0.095768;9.605.537
0.306458;0.114922;10.189.722
0.344765;0.105345;10.754.754
0.363919;0.124498;11.434.708
0.373495;0.114922;11.415.554
0.344765;0.134075;11.195.287
0.325611;0.114922;10.773.908
0.306458;0.124498;9.624.691
0.287304;0.086191;9.078.813
0.277727;0.076614;8.705.317
0.258574;0.095768;8.542.512
0.258574;0.086191;8.839.393
0.287304;0.095768;9.279.925
0.335188;0.105345;10.448.297
0.335188;0.095768;10.975.020
0.363919;0.095768;11.319.786
0.363919;0.105345;11.367.670
0.344765;0.124498;11.042.058
0.325611;0.105345;10.553.641
0.296881;0.095768;9.969.456
0.277727;0.105345;8.896.853
0.268151;0.095768;8.599.973
0.268151;0.076614;8.494.628
0.306458;0.114922;8.983.045
0.277727;0.076614;9.509.769
0.325611;0.095768;10.084.377
0.344765;0.114922;10.668.563
0.363919;0.095768;11.396.400
0.363919;0.124498;11.425.131
0.354342;0.114922;11.271.901
0.316035;0.105345;10.323.798
0.296881;0.114922;9.739.613
0.268151;0.076614;9.184.157
0.277727;0.086191;8.724.471
0.248997;0.067038;8.542.512
0.268151;0.095768;8.762.778
0.287304;0.095768;9.174.581
0.316035;0.105345;10.323.798
0.344765;0.095768;10.850.522
0.344765;0.095768;11.262.324
0.344765;0.114922;11.396.400
0.325611;0.095768;11.118.672
0.344765;0.095768;10.639.832
0.316035;0.067038;10.074.800
0.277727;0.086191;9.050.082
0.268151;0.086191;8.628.703
0.258574;0.095768;8.523.358
0.268151;0.105345;8.935.161
0.296881;0.095768;9.404.425
0.335188;0.105345;9.969.456
0.335188;0.105345;11.042.058
0.373495;0.095768;11.348.516
0.354342;0.114922;11.405.977
0.373495;0.114922;11.291.056
0.316035;0.105345;10.381.259
0.296881;0.095768;9.825.804
0.287304;0.086191;9.260.772
0.268151;0.086191;8.571.242
0.287304;0.095768;8.542.512
0.287304;0.105345;8.714.894
0.277727;0.105345;9.126.697
0.325611;0.095768;10.228.029
0.325611;0.105345;10.764.331
0.344765;0.105345;11.185.710
0.354342;0.105345;11.405.977
0.354342;0.095768;11.166.556
0.344765;0.105345;10.745.177
0.287304;0.114922;9.615.114
0.296881;0.095768;9.069.236
0.287304;0.095768;8.695.741
0.277727;0.105345;8.523.358
0.268151;0.095768;8.839.393
0.287304;0.086191;9.318.233
0.316035;0.086191;9.864.111
0.354342;0.114922;10.955.867
0.335188;0.105345;11.300.632
0.363919;0.114922;11.444.284
0.344765;0.095768;11.013.328
0.335188;0.086191;10.534.488
0.306458;0.095768;9.959.879
0.306458;0.114922;9.366.117
0.268151;0.086191;8.609.550
0.268151;0.095768;8.523.358
0.258574;0.086191;8.657.434
0.316035;0.105345;9.519.346
0.306458;0.095768;10.132.261
0.335188;0.105345;10.658.986
0.325611;0.095768;11.128.249
0.354342;0.114922;11.425.131
0.363919;0.114922;11.224.017
0.335188;0.095768;10.821.792
0.287304;0.095768;9.730.036
0.277727;0.095768;9.174.581
0.268151;0.095768;8.743.625
0.258574;0.086191;8.580.819
0.268151;0.057461;8.820.239
0.277727;0.086191;9.232.041
0.296881;0.086191;9.739.613
0.344765;0.124498;10.840.945
0.354342;0.124498;11.224.017
0.373495;0.114922;11.405.977
0.316035;0.114922;11.070.788
0.325611;0.124498;10.601.525
0.335188;0.114922;10.055.647
0.277727;0.076614;8.992.621
0.258574;0.086191;8.647.857
0.248997;0.105345;8.532.935
0.277727;0.105345;8.628.703
0.296881;0.086191;9.423.578
0.306458;0.105345;9.988.609
0.335188;0.105345;10.553.641
0.363919;0.124498;11.338.940
0.373495;0.105345;11.453.861
0.354342;0.114922;11.281.479
0.306458;0.095768;10.390.836
0.325611;0.086191;9.825.804
0.296881;0.095768;9.289.502
0.277727;0.076614;8.820.239
0.277727;0.076614;8.532.935
0.248997;0.095768;8.734.048
0.277727;0.086191;9.126.697
0.325611;0.095768;10.237.606
0.335188;0.105345;10.764.331
0.354342;0.105345;11.176.133
0.344765;0.105345;11.377.247
0.335188;0.105345;11.156.980
0.335188;0.114922;10.687.716
0.306458;0.114922;10.160.992
0.287304;0.095768;9.078.813
0.277727;0.076614;8.695.741
0.277727;0.095768;8.523.358
0.277727;0.095768;8.609.550
0.287304;0.105345;9.356.541
0.296881;0.086191;9.883.265
0.354342;0.105345;10.477.027
0.363919;0.114922;11.281.479
0.373495;0.105345;11.396.400
0.344765;0.114922;11.300.632
0.335188;0.095768;10.524.911
0.296881;0.095768;9.950.302
0.306458;0.086191;9.385.271
0.287304;0.067038;8.916.007
0.277727;0.105345;8.542.512
0.287304;0.105345;8.724.471
0.287304;0.086191;9.040.505
0.344765;0.105345;10.132.261
0.316035;0.095768;10.678.140
0.344765;0.105345;11.099.519
0.354342;0.095768;11.386.824
0.373495;0.114922;11.166.556
0.344765;0.105345;10.793.061
0.316035;0.105345;10.266.336
0.287304;0.095768;9.174.581
0.287304;0.076614;8.599.973
0.287304;0.086191;8.829.816
0.287304;0.086191;9.251.195
0.316035;0.086191;9.806.650
0.325611;0.114922;10.888.829
0.363919;0.105345;11.262.324
0.373495;0.114922;11.405.977
0.354342;0.114922;11.329.363
0.335188;0.105345;10.591.949
0.316035;0.105345;10.036.493
0.296881;0.095768;9.452.309
0.277727;0.114922;8.647.857
0.258574;0.057461;8.552.089
0.268151;0.114922;8.657.434
0.277727;0.095768;8.983.045
0.316035;0.086191;10.026.917
0.325611;0.086191;10.582.372
0.373495;0.114922;11.386.824
0.363919;0.124498;11.233.594
0.354342;0.095768;10.888.829
0.306458;0.105345;9.787.497
0.296881;0.095768;9.270.349
0.268151;0.086191;8.848.969
0.268151;0.095768;8.571.242
0.287304;0.095768;8.753.201
0.277727;0.086191;9.165.004
0.306458;0.095768;9.662.998
0.354342;0.095768;10.793.061
0.383072;0.114922;11.195.287
0.354342;0.095768;11.377.247
0.363919;0.105345;11.329.363
0.325611;0.095768;10.678.140
0.325611;0.086191;10.141.838
0.316035;0.124498;9.586.384
0.248997;0.086191;8.724.471
0.268151;0.086191;8.580.819
0.277727;0.114922;8.657.434
0.287304;0.095768;9.394.848
0.316035;0.095768;9.911.995
0.335188;0.114922;10.477.027
0.354342;0.134075;11.291.056
0.373495;0.124498;11.405.977
0.354342;0.114922;11.262.324
0.363919;0.086191;10.955.867
0.316035;0.124498;9.902.418
0.296881;0.105345;9.356.541
0.277727;0.114922;8.896.853
0.258574;0.086191;8.552.089
0.287304;0.095768;8.724.471
0.287304;0.095768;9.097.966
0.287304;0.086191;9.576.807
0.335188;0.095768;10.668.563
0.344765;0.114922;11.089.942
0.354342;0.105345;11.358.093
0.354342;0.105345;11.185.710
0.325611;0.095768;10.773.908
0.306458;0.105345;10.247.183
0.296881;0.095768;9.165.004
0.287304;0.114922;8.781.932
0.258574;0.095768;8.590.396
0.277727;0.086191;8.628.703
0.306458;0.095768;9.260.772
0.325611;0.095768;9.806.650
0.325611;0.095768;10.381.259
0.354342;0.086191;11.224.017
0.354342;0.105345;11.386.824
0.373495;0.105345;11.262.324
0.344765;0.105345;11.032.481
0.306458;0.076614;10.007.763
0.277727;0.095768;9.461.885
0.268151;0.086191;8.973.468
0.277727;0.076614;8.580.819
0.277727;0.095768;8.686.164
0.287304;0.067038;9.021.352
0.316035;0.086191;10.055.647
0.325611;0.114922;10.591.949
0.354342;0.124498;11.022.904
0.363919;0.114922;11.310.209
0.354342;0.105345;11.224.017
0.363919;0.105345;10.840.945
0.325611;0.114922;10.342.952
0.277727;0.105345;9.270.349
0.277727;0.095768;8.820.239
0.277727;0.086191;8.609.550
0.287304;0.114922;8.810.662
0.296881;0.105345;9.212.888
0.306458;0.105345;9.710.882
0.325611;0.105345;10.275.913
0.363919;0.124498;11.166.556
0.344765;0.124498;11.377.247
0.354342;0.086191;11.080.365
0.316035;0.124498;10.658.986
0.316035;0.076614;10.093.954
0.296881;0.105345;9.567.230
0.287304;0.067038;9.069.236
0.268151;0.076614;8.599.973
0.287304;0.067038;8.676.587
0.258574;0.076614;8.935.161
0.306458;0.095768;9.959.879
0.325611;0.143652;10.505.757
0.344765;0.114922;10.975.020
0.344765;0.124498;11.348.516
0.363919;0.095768;11.243.171
0.344765;0.105345;10.946.290
0.306458;0.095768;10.438.720
0.287304;0.086191;9.346.964
0.277727;0.095768;8.906.430
0.268151;0.086191;8.657.434
0.258574;0.076614;8.753.201
0.296881;0.086191;9.117.120
0.306458;0.095768;9.624.691
0.335188;0.095768;10.170.568
0.344765;0.105345;11.118.672
0.363919;0.114922;11.319.786
0.344765;0.076614;11.118.672
0.316035;0.114922;10.726.024
0.306458;0.124498;10.228.029
0.296881;0.095768;9.662.998
0.277727;0.086191;8.791.509
0.258574;0.105345;8.599.973
0.268151;0.076614;8.647.857
0.287304;0.105345;9.289.502
0.306458;0.114922;9.854.534
0.325611;0.105345;10.381.259
0.344765;0.095768;10.879.252
0.344765;0.114922;11.358.093
0.344765;0.114922;11.291.056
0.354342;0.086191;10.955.867
0.325611;0.095768;9.979.033
0.277727;0.057461;9.442.732
0.277727;0.095768;9.011.775
0.277727;0.086191;8.686.164
0.268151;0.095768;8.705.317
0.277727;0.095768;9.040.505
0.306458;0.076614;9.519.346
0.335188;0.105345;10.601.525
0.344765;0.124498;11.032.481
0.363919;0.086191;11.319.786
0.354342;0.114922;11.377.247
0.335188;0.105345;10.793.061
0.335188;0.114922;10.295.067
0.296881;0.114922;9.749.189
0.277727;0.095768;8.858.546
0.277727;0.086191;8.638.280
0.277727;0.086191;8.609.550
0.258574;0.095768;9.222.465
0.316035;0.095768;9.758.766
0.335188;0.076614;10.295.067
0.335188;0.124498;10.773.908
0.354342;0.114922;11.348.516
0.335188;0.076614;11.310.209
0.354342;0.114922;11.032.481
0.325611;0.086191;10.084.377
0.296881;0.114922;9.528.923
0.277727;0.114922;9.059.659
0.268151;0.067038;8.619.126
0.287304;0.086191;8.676.587
0.268151;0.105345;8.992.621
0.316035;0.076614;9.959.879
0.335188;0.086191;10.505.757
0.344765;0.124498;10.984.597
0.373495;0.105345;11.262.324
0.354342;0.114922;11.262.324
0.344765;0.114922;10.879.252
0.325611;0.095768;10.409.989
0.306458;0.105345;9.873.688
0.258574;0.086191;8.896.853
0.287304;0.086191;8.676.587
0.287304;0.086191;8.619.126
0.287304;0.086191;9.155.427
0.335188;0.086191;9.653.421
0.325611;0.076614;10.228.029
0.344765;0.086191;11.118.672
0.344765;0.105345;11.319.786
0.344765;0.124498;11.319.786
0.354342;0.105345;11.109.096
0.316035;0.086191;10.189.722
0.316035;0.086191;9.634.268
0.296881;0.095768;9.145.850
0.268151;0.086191;8.609.550
0.277727;0.095768;8.676.587
0.277727;0.076614;8.906.430
0.287304;0.095768;9.356.541
0.325611;0.095768;10.390.836
0.344765;0.095768;10.879.252
0.373495;0.095768;11.195.287
0.373495;0.095768;11.252.748
0.325611;0.095768;10.975.020
0.325611;0.076614;10.515.334
0.287304;0.095768;9.442.732
0.287304;0.095768;8.983.045
0.258574;0.105345;8.686.164
0.258574;0.086191;8.609.550
0.296881;0.095768;9.059.659
0.306458;0.086191;9.548.077
0.354342;0.086191;10.620.679
0.344765;0.114922;11.042.058
0.344765;0.095768;11.252.748
0.373495;0.114922;11.338.940
0.325611;0.105345;10.764.331
0.335188;0.114922;10.266.336
0.296881;0.095768;9.749.189
0.277727;0.086191;9.222.465
0.287304;0.105345;8.647.857
0.277727;0.095768;8.638.280
0.287304;0.095768;8.877.700
0.306458;0.105345;9.768.343
0.344765;0.095768;10.295.067
0.325611;0.095768;10.812.215
0.354342;0.114922;11.329.363
0.354342;0.105345;11.271.901
0.354342;0.114922;11.022.904
0.335188;0.124498;10.572.795
0.306458;0.076614;9.528.923
0.268151;0.095768;9.069.236
0.268151;0.086191;8.753.201
0.287304;0.114922;8.734.048
0.287304;0.076614;9.011.775
0.287304;0.086191;9.481.039
0.316035;0.105345;9.998.186
0.354342;0.076614;10.965.444
0.344765;0.114922;11.243.171
0.363919;0.134075;11.319.786
0.335188;0.114922;10.831.368
0.325611;0.086191;10.371.682
0.306458;0.086191;9.825.804
0.277727;0.076614;8.916.007
0.258574;0.105345;8.647.857
0.268151;0.086191;8.667.010
0.296881;0.124498;9.682.152
0.316035;0.076614;10.180.145
0.335188;0.086191;10.735.600
0.373495;0.105345;11.310.209
0.363919;0.124498;11.291.056
0.363919;0.114922;11.070.788
0.296881;0.105345;9.624.691
0.296881;0.095768;9.136.273
0.268151;0.086191;8.801.085
0.268151;0.124498;8.705.317
0.287304;0.105345;8.963.891
0.306458;0.086191;9.366.117
0.344765;0.095768;10.448.297
0.363919;0.114922;10.869.676
0.363919;0.114922;11.195.287
0.363919;0.105345;11.348.516
0.363919;0.114922;10.917.560
0.316035;0.076614;10.457.873
0.306458;0.105345;9.940.725
0.287304;0.086191;8.973.468
0.268151;0.076614;8.695.741
0.287304;0.095768;8.619.126
0.287304;0.095768;9.117.120
0.306458;0.095768;9.586.384
0.325611;0.105345;10.093.954
0.344765;0.124498;10.591.949
0.354342;0.124498;11.243.171
0.354342;0.114922;11.300.632
0.354342;0.114922;11.109.096
0.316035;0.105345;10.266.336
0.268151;0.086191;9.758.766
0.277727;0.095768;9.212.888
0.268151;0.086191;8.667.010
0.258574;0.076614;8.657.434
0.277727;0.095768;8.896.853
0.287304;0.114922;9.279.925
0.335188;0.095768;10.342.952
0.354342;0.124498;10.812.215
0.344765;0.124498;11.147.403
0.354342;0.105345;11.243.171
0.316035;0.114922;10.984.597
0.325611;0.095768;10.582.372
0.296881;0.095768;9.528.923
0.287304;0.076614;9.059.659
0.277727;0.095768;8.762.778
0.268151;0.086191;8.647.857
0.277727;0.076614;9.030.929
0.296881;0.086191;9.500.193
0.325611;0.105345;9.998.186
0.316035;0.105345;10.946.290
0.363919;0.086191;11.233.594
0.363919;0.095768;11.291.056
0.344765;0.105345;11.137.826
0.316035;0.076614;10.362.105
0.296881;0.105345;9.835.381
0.277727;0.086191;9.318.233
0.268151;0.086191;8.676.587
0.277727;0.057461;8.628.703
0.287304;0.105345;8.810.662
0.296881;0.105345;9.691.729
0.316035;0.105345;10.199.299
0.354342;0.095768;10.726.024
0.363919;0.124498;11.099.519
0.354342;0.105345;11.252.748
0.335188;0.105345;11.061.212
0.325611;0.134075;10.658.986
0.306458;0.095768;9.605.537
0.277727;0.086191;9.155.427
0.258574;0.114922;8.820.239
0.258574;0.086191;8.647.857
0.277727;0.095768;8.983.045
0.287304;0.105345;9.404.425
0.306458;0.095768;9.921.572
0.354342;0.095768;10.888.829
0.325611;0.114922;11.185.710
0.354342;0.124498;11.300.632
0.335188;0.095768;10.898.406
0.316035;0.114922;10.457.873
0.316035;0.095768;9.921.572
0.296881;0.095768;9.423.578
0.268151;0.105345;8.705.317
0.268151;0.095768;8.667.010
0.287304;0.095768;8.810.662
0.306458;0.105345;9.605.537
0.316035;0.095768;10.151.415
0.325611;0.086191;10.630.256
0.344765;0.095768;11.051.635
0.354342;0.095768;11.271.901
0.354342;0.095768;11.099.519
0.344765;0.105345;10.735.600
0.296881;0.105345;9.720.459
0.296881;0.105345;9.232.041
0.258574;0.086191;8.868.123
0.277727;0.086191;8.676.587
0.277727;0.076614;8.896.853
0.287304;0.076614;9.318.233
0.325611;0.105345;9.787.497
0.354342;0.114922;10.773.908
0.354342;0.124498;11.137.826
0.363919;0.095768;11.291.056
0.335188;0.124498;10.965.444
0.325611;0.086191;10.534.488
0.316035;0.095768;9.998.186
0.277727;0.086191;9.059.659
0.268151;0.105345;8.772.355
0.258574;0.086191;8.647.857
0.268151;0.076614;8.781.932
0.287304;0.105345;9.509.769
0.316035;0.095768;10.036.493
0.363919;0.114922;11.252.748
0.354342;0.105345;11.291.056
0.354342;0.095768;11.156.980
0.335188;0.076614;10.333.375
0.296881;0.086191;9.787.497
0.277727;0.076614;9.318.233
0.287304;0.095768;8.925.584
0.277727;0.067038;8.686.164
0.277727;0.067038;8.868.123
0.296881;0.105345;9.222.465
0.316035;0.067038;10.247.183
0.325611;0.095768;10.706.870
0.335188;0.105345;11.089.942
0.354342;0.114922;11.262.324
0.344765;0.095768;11.032.481
0.306458;0.095768;10.122.684
0.287304;0.095768;8.820.239
0.268151;0.076614;8.676.587
0.277727;0.086191;9.040.505
0.306458;0.086191;9.414.001
0.316035;0.095768;9.959.879
0.363919;0.095768;11.176.133
0.354342;0.095768;11.271.901
0.363919;0.114922;11.185.710
0.316035;0.095768;10.429.143
0.316035;0.086191;9.902.418
0.277727;0.086191;9.394.848
0.268151;0.095768;9.002.198
0.268151;0.105345;8.848.969
0.287304;0.105345;9.165.004
0.306458;0.095768;10.170.568
0.344765;0.095768;10.601.525
0.344765;0.105345;11.013.328
0.363919;0.114922;11.252.748
0.335188;0.095768;11.061.212
0.325611;0.105345;10.189.722
0.287304;0.095768;9.222.465
0.287304;0.076614;8.858.546
0.268151;0.086191;8.695.741
0.287304;0.076614;8.944.737
0.296881;0.095768;9.375.694
0.306458;0.086191;9.844.957
0.344765;0.114922;11.156.980
0.373495;0.114922;11.281.479
0.373495;0.124498;11.224.017
0.325611;0.105345;10.505.757
0.306458;0.095768;9.998.186
0.287304;0.124498;9.500.193
0.248997;0.086191;8.781.932
0.277727;0.067038;8.705.317
0.287304;0.086191;8.801.085
0.277727;0.095768;9.078.813
0.316035;0.086191;10.036.493
0.325611;0.114922;10.563.218
0.344765;0.124498;10.965.444
0.363919;0.134075;11.262.324
0.335188;0.105345;11.118.672
0.335188;0.114922;10.754.754
0.296881;0.095768;9.777.920
0.296881;0.095768;9.270.349
0.268151;0.086191;8.925.584
0.268151;0.076614;8.734.048
0.277727;0.095768;8.896.853
0.316035;0.076614;9.279.925
0.306458;0.095768;9.739.613
0.344765;0.114922;10.735.600
0.344765;0.105345;11.252.748
0.344765;0.114922;10.975.020
0.316035;0.086191;10.572.795
0.325611;0.095768;10.093.954
0.306458;0.105345;9.567.230
0.268151;0.095768;8.810.662
0.268151;0.076614;8.657.434
0.296881;0.105345;8.762.778
0.287304;0.114922;9.461.885
0.306458;0.076614;9.969.456
0.325611;0.124498;10.477.027
0.335188;0.105345;10.879.252
0.344765;0.114922;11.271.901
0.335188;0.134075;11.147.403
0.316035;0.105345;10.409.989
0.306458;0.124498;9.883.265
0.277727;0.086191;9.394.848
0.287304;0.086191;8.973.468
0.287304;0.076614;8.686.164
0.296881;0.057461;8.887.277
0.296881;0.105345;9.193.734
0.306458;0.105345;10.180.145
0.344765;0.114922;10.639.832
0.344765;0.105345;11.013.328
0.363919;0.114922;11.224.017
0.373495;0.105345;11.042.058
0.316035;0.095768;10.706.870
0.316035;0.076614;10.189.722
0.287304;0.095768;9.222.465
0.268151;0.076614;8.714.894
0.287304;0.095768;9.394.848
0.296881;0.114922;9.864.111
0.296881;0.105345;10.362.105
0.354342;0.095768;11.147.403
0.344765;0.105345;11.262.324
0.344765;0.086191;11.156.980
0.344765;0.095768;10.860.099
0.316035;0.124498;9.979.033
0.306458;0.067038;9.461.885
0.287304;0.086191;9.059.659
0.258574;0.095768;8.695.741
0.287304;0.076614;8.801.085
0.287304;0.114922;9.097.966
0.306458;0.124498;10.084.377
0.325611;0.105345;10.984.597
0.344765;0.124498;11.243.171
0.363919;0.114922;11.118.672
0.325611;0.095768;10.773.908
0.296881;0.095768;9.270.349
0.268151;0.076614;8.944.737
0.268151;0.105345;8.743.625
0.268151;0.076614;8.906.430
0.296881;0.086191;9.299.079
0.306458;0.086191;9.768.343
0.316035;0.086191;10.285.490
0.354342;0.105345;11.080.365
0.363919;0.124498;11.252.748
0.344765;0.105345;11.214.440
0.335188;0.086191;10.553.641
0.287304;0.105345;10.074.800
0.277727;0.114922;9.548.077
0.287304;0.105345;9.107.543
0.277727;0.086191;8.714.894
0.287304;0.076614;8.810.662
0.268151;0.057461;9.050.082
0.306458;0.095768;9.988.609
0.316035;0.114922;10.457.873
0.354342;0.124498;10.907.983
0.354342;0.114922;11.252.748
0.354342;0.124498;11.109.096
0.335188;0.105345;10.802.638
0.306458;0.105345;10.362.105
0.287304;0.114922;9.385.271
0.287304;0.076614;8.983.045
0.248997;0.105345;8.753.201
0.277727;0.076614;8.887.277
0.287304;0.095768;9.232.041
0.306458;0.114922;9.691.729
0.325611;0.114922;10.649.409
0.354342;0.124498;11.013.328
0.354342;0.134075;11.224.017
0.363919;0.095768;11.214.440
0.344765;0.105345;10.630.256
0.335188;0.114922;10.160.992
0.287304;0.105345;9.653.421
0.287304;0.114922;8.887.277
0.268151;0.114922;8.724.471
0.277727;0.095768;8.772.355
0.287304;0.095768;9.050.082
0.325611;0.086191;9.931.149
0.316035;0.086191;10.400.413
0.325611;0.095768;10.821.792
0.354342;0.134075;11.262.324
0.344765;0.114922;11.156.980
0.344765;0.114922;10.879.252
0.325611;0.124498;10.448.297
0.296881;0.105345;9.433.155
0.287304;0.086191;9.030.929
0.277727;0.086191;8.781.932
0.258574;0.095768;8.868.123
0.296881;0.086191;9.174.581
0.316035;0.105345;9.557.653
0.344765;0.086191;10.553.641
0.344765;0.124498;10.975.020
0.354342;0.105345;11.156.980
0.344765;0.124498;11.233.594
0.325611;0.105345;10.716.447
0.296881;0.124498;9.730.036
0.287304;0.086191;8.925.584
0.287304;0.095768;8.734.048
0.287304;0.076614;9.346.964
0.325611;0.114922;9.797.073
0.344765;0.105345;10.314.221
0.344765;0.114922;10.754.754
0.354342;0.105345;11.224.017
0.383072;0.124498;11.156.980
0.354342;0.114922;10.917.560
0.325611;0.095768;10.036.493
0.287304;0.095768;9.548.077
0.268151;0.105345;9.078.813
0.258574;0.086191;8.734.048
0.268151;0.095768;8.820.239
0.287304;0.114922;9.097.966
0.296881;0.124498;9.519.346
0.325611;0.095768;10.496.181
0.344765;0.105345;10.907.983
0.363919;0.114922;11.128.249
0.354342;0.105345;11.089.942
0.354342;0.076614;10.754.754
0.316035;0.105345;10.304.645
0.287304;0.105345;9.366.117
0.277727;0.086191;8.983.045
0.268151;0.095768;8.772.355
0.277727;0.086191;8.743.625
0.277727;0.095768;9.270.349
0.316035;0.114922;9.710.882
0.325611;0.095768;10.199.299
0.344765;0.114922;11.013.328
0.344765;0.114922;11.185.710
0.335188;0.114922;11.195.287
0.344765;0.105345;10.620.679
0.316035;0.086191;10.122.684
0.296881;0.095768;9.615.114
0.287304;0.076614;9.165.004
0.296881;0.086191;8.743.625
0.268151;0.095768;8.772.355
0.268151;0.086191;9.050.082
0.296881;0.095768;9.921.572
0.335188;0.095768;10.409.989
0.354342;0.114922;10.802.638
0.363919;0.105345;11.137.826
0.363919;0.114922;11.128.249
0.344765;0.105345;10.831.368
0.325611;0.105345;10.448.297
0.296881;0.105345;9.471.462
0.277727;0.057461;9.040.505
0.268151;0.105345;8.791.509
0.258574;0.086191;8.753.201
0.287304;0.095768;9.184.157
0.296881;0.067038;9.624.691
0.335188;0.095768;10.113.108
0.344765;0.105345;10.946.290
0.373495;0.095768;11.176.133
0.363919;0.095768;11.195.287
0.335188;0.105345;10.658.986
0.306458;0.124498;10.228.029
0.306458;0.086191;9.720.459
0.306458;0.105345;9.260.772
0.287304;0.095768;8.734.048
0.277727;0.095768;8.801.085
0.277727;0.086191;8.983.045
0.306458;0.095768;9.825.804
0.325611;0.114922;10.314.221
0.354342;0.124498;10.754.754
0.335188;0.095768;11.195.287
0.335188;0.114922;11.147.403
0.344765;0.114922;10.898.406
0.316035;0.086191;10.046.070
0.277727;0.095768;9.519.346
0.268151;0.086191;9.126.697
0.277727;0.076614;8.848.969
0.287304;0.095768;8.829.816
0.287304;0.086191;9.117.120
0.287304;0.095768;9.528.923
0.316035;0.095768;10.046.070
0.335188;0.095768;10.927.136
0.354342;0.095768;11.156.980
0.363919;0.105345;11.243.171
0.335188;0.105345;10.783.484
0.316035;0.134075;10.285.490
0.287304;0.086191;9.797.073
0.287304;0.095768;8.992.621
0.287304;0.095768;8.772.355
0.287304;0.086191;8.743.625
0.277727;0.105345;8.954.314
0.306458;0.114922;9.749.189
0.316035;0.095768;10.208.876
0.344765;0.086191;10.668.563
0.363919;0.114922;11.195.287
0.335188;0.124498;11.166.556
0.325611;0.105345;10.572.795
0.296881;0.114922;9.624.691
0.296881;0.095768;9.203.311
0.258574;0.095768;8.896.853
0.277727;0.076614;8.829.816
0.277727;0.067038;9.059.659
0.287304;0.095768;9.471.462
0.306458;0.114922;10.419.566
0.363919;0.086191;10.860.099
0.363919;0.105345;11.109.096
0.363919;0.114922;11.214.440
0.335188;0.095768;10.812.215
0.316035;0.114922;10.390.836
0.316035;0.076614;9.902.418
0.258574;0.076614;9.040.505
0.268151;0.086191;8.791.509
0.287304;0.095768;8.762.778
0.296881;0.105345;9.241.618
0.306458;0.095768;9.634.268
0.316035;0.086191;10.141.838
0.335188;0.095768;10.582.372
0.335188;0.114922;11.185.710
0.363919;0.114922;11.185.710
0.354342;0.086191;10.965.444
0.316035;0.105345;10.180.145
0.306458;0.086191;9.682.152
0.296881;0.095768;9.251.195
0.277727;0.086191;8.935.161
0.277727;0.114922;8.810.662
0.296881;0.105345;9.021.352
0.316035;0.086191;9.844.957
0.335188;0.105345;10.295.067
0.325611;0.086191;10.764.331
0.344765;0.105345;11.051.635
0.344765;0.105345;11.099.519
0.344765;0.114922;10.869.676
0.316035;0.095768;10.448.297
0.287304;0.114922;9.528.923
0.306458;0.114922;9.117.120
0.277727;0.095768;8.820.239
0.277727;0.095768;8.791.509
0.287304;0.076614;9.136.273
0.287304;0.114922;9.538.500
0.316035;0.114922;10.055.647
0.344765;0.095768;10.898.406
0.344765;0.114922;11.128.249
0.354342;0.105345;11.176.133
0.344765;0.114922;11.051.635
0.316035;0.086191;10.295.067
0.316035;0.086191;9.806.650
0.296881;0.086191;9.318.233
0.268151;0.086191;8.791.509
0.277727;0.076614;8.781.932
0.287304;0.095768;8.983.045
0.277727;0.095768;9.327.810
0.316035;0.086191;10.237.606
0.335188;0.086191;10.687.716
0.373495;0.076614;11.003.751
0.363919;0.134075;11.156.980
0.335188;0.105345;10.917.560
0.325611;0.095768;10.563.218
0.306458;0.095768;9.624.691
0.287304;0.105345;9.193.734
0.287304;0.086191;8.887.277
0.268151;0.086191;8.772.355
0.316035;0.095768;9.097.966
0.287304;0.114922;9.490.616
0.316035;0.086191;9.959.879
0.344765;0.105345;10.831.368
0.344765;0.095768;11.080.365
0.344765;0.124498;11.195.287
0.363919;0.114922;10.802.638
0.306458;0.095768;10.371.682
0.306458;0.095768;9.844.957
0.287304;0.086191;9.414.001
0.268151;0.086191;8.848.969
0.268151;0.086191;8.762.778
0.277727;0.105345;8.935.161
0.296881;0.086191;9.662.998
0.316035;0.095768;10.151.415
0.354342;0.095768;10.630.256
0.344765;0.105345;10.936.713
0.363919;0.114922;11.128.249
0.363919;0.105345;10.994.174
0.335188;0.114922;10.611.102
0.296881;0.086191;9.701.305
0.287304;0.095768;9.251.195
0.287304;0.086191;8.925.584
0.306458;0.095768;8.810.662
0.287304;0.124498;9.040.505
0.277727;0.086191;9.404.425
0.316035;0.095768;9.883.265
0.344765;0.124498;10.764.331
0.344765;0.124498;11.061.212
0.344765;0.114922;11.176.133
0.325611;0.114922;10.840.945
0.325611;0.095768;10.438.720
0.296881;0.076614;9.969.456
0.296881;0.114922;9.126.697
0.277727;0.067038;8.858.546
0.277727;0.105345;8.801.085
0.287304;0.114922;8.868.123
0.296881;0.105345;9.576.807
0.316035;0.114922;10.046.070
0.325611;0.105345;10.515.334
0.354342;0.124498;11.099.519
0.363919;0.095768;11.147.403
0.344765;0.114922;10.994.174
0.316035;0.095768;10.228.029
0.287304;0.105345;9.768.343
0.268151;0.105345;9.346.964
0.268151;0.095768;8.983.045
0.268151;0.095768;8.810.662
0.277727;0.067038;8.992.621
0.325611;0.086191;9.337.387
0.325611;0.105345;10.256.760
0.363919;0.095768;10.706.870
0.344765;0.114922;11.003.751
0.354342;0.095768;11.176.133
0.335188;0.095768;10.879.252
0.335188;0.105345;10.505.757
0.306458;0.124498;10.065.224
0.287304;0.086191;9.165.004
0.287304;0.095768;8.896.853
0.287304;0.105345;8.781.932
0.306458;0.105345;9.097.966
0.296881;0.086191;9.528.923
0.306458;0.124498;9.969.456
0.335188;0.105345;10.457.873
0.344765;0.076614;11.099.519
0.363919;0.114922;11.137.826
0.354342;0.095768;11.061.212
0.316035;0.095768;10.333.375
0.306458;0.076614;9.883.265
0.306458;0.095768;9.404.425
0.268151;0.086191;9.040.505
0.268151;0.086191;8.791.509
0.287304;0.114922;8.935.161
0.296881;0.086191;9.299.079
0.306458;0.095768;10.151.415
0.344765;0.114922;10.611.102
0.325611;0.105345;10.965.444
0.354342;0.114922;11.118.672
0.325611;0.114922;10.936.713
0.335188;0.095768;10.611.102
0.344765;0.124498;10.141.838
0.296881;0.086191;9.232.041
0.306458;0.086191;8.935.161
0.277727;0.095768;8.781.932
0.277727;0.105345;9.050.082
0.306458;0.095768;9.414.001
0.296881;0.105345;9.883.265
0.344765;0.105345;10.773.908
0.344765;0.105345;11.061.212
0.335188;0.114922;11.156.980
0.373495;0.095768;11.051.635
0.325611;0.086191;10.419.566
0.306458;0.076614;9.959.879
0.296881;0.105345;9.500.193
0.306458;0.086191;8.848.969
0.287304;0.095768;8.791.509
0.268151;0.105345;8.925.584
0.296881;0.114922;9.615.114
0.325611;0.086191;10.074.800
0.335188;0.095768;10.544.065
0.335188;0.105345;10.907.983
0.354342;0.105345;11.147.403
0.363919;0.114922;10.984.597
0.325611;0.114922;10.630.256
0.287304;0.114922;9.758.766
0.277727;0.095768;9.356.541
0.277727;0.086191;8.954.314
0.258574;0.076614;8.801.085
0.277727;0.076614;9.011.775
0.296881;0.086191;9.366.117
0.306458;0.076614;9.816.227
0.354342;0.114922;10.716.447
0.354342;0.105345;11.013.328
0.354342;0.095768;11.137.826
0.335188;0.114922;10.486.604
0.306458;0.114922;10.026.917
0.277727;0.067038;9.567.230
0.287304;0.095768;8.916.007
0.277727;0.076614;8.772.355
0.277727;0.086191;8.887.277
0.296881;0.114922;9.538.500
0.325611;0.105345;9.988.609
0.335188;0.095768;10.419.566
0.354342;0.095768;10.831.368
0.335188;0.095768;11.147.403
0.354342;0.114922;10.984.597
0.325611;0.095768;10.716.447
0.296881;0.095768;9.864.111
0.287304;0.124498;9.404.425
0.277727;0.105345;9.050.082
0.277727;0.086191;8.781.932
0.277727;0.095768;8.983.045
0.287304;0.086191;9.289.502
0.306458;0.095768;9.739.613
0.335188;0.124498;10.611.102
0.344765;0.114922;10.946.290
0.363919;0.095768;11.128.249
0.354342;0.124498;10.907.983
0.316035;0.067038;10.553.641
0.316035;0.086191;10.103.531
0.296881;0.095768;9.672.575
0.268151;0.086191;8.944.737
0.277727;0.086191;8.781.932
0.287304;0.076614;8.877.700
0.296881;0.114922;9.471.462
0.306458;0.114922;9.911.995
0.325611;0.114922;10.342.952
0.344765;0.086191;11.013.328
0.344765;0.105345;11.137.826
0.354342;0.095768;11.051.635
0.335188;0.105345;10.390.836
0.306458;0.124498;9.931.149
0.296881;0.086191;9.490.616
0.296881;0.086191;9.107.543
0.277727;0.095768;8.801.085
0.296881;0.105345;8.944.737
0.287304;0.067038;9.222.465
0.335188;0.086191;10.113.108
0.344765;0.105345;10.524.911
0.354342;0.105345;10.879.252
0.354342;0.095768;11.080.365
0.325611;0.095768;10.965.444
0.344765;0.105345;10.639.832
0.325611;0.086191;10.208.876
0.296881;0.095768;9.318.233
0.258574;0.105345;9.011.775
0.277727;0.095768;8.839.393
0.287304;0.095768;9.040.505
0.287304;0.076614;9.394.848
0.306458;0.105345;9.844.957
0.325611;0.095768;10.266.336
0.335188;0.105345;11.013.328
0.354342;0.095768;11.109.096
0.344765;0.095768;11.051.635
0.325611;0.086191;10.477.027
0.316035;0.105345;10.026.917
0.316035;0.086191;9.557.653
0.277727;0.086191;9.174.581
0.287304;0.086191;8.810.662
0.287304;0.095768;8.906.430
0.287304;0.086191;9.184.157
0.316035;0.114922;10.017.340
0.335188;0.086191;10.457.873
0.335188;0.105345;10.840.945
0.354342;0.105345;11.118.672
0.344765;0.105345;11.013.328
0.335188;0.114922;10.687.716
0.306458;0.076614;10.295.067
0.268151;0.067038;9.423.578
0.296881;0.105345;9.050.082
0.268151;0.086191;8.868.123
0.268151;0.076614;8.992.621
0.306458;0.086191;9.299.079
0.316035;0.124498;9.777.920
0.335188;0.124498;10.228.029
0.363919;0.095768;10.955.867
0.335188;0.114922;11.128.249
0.344765;0.124498;11.089.942
0.344765;0.095768;10.524.911
0.306458;0.134075;10.093.954
0.287304;0.105345;9.643.845
0.268151;0.076614;8.935.161
0.258574;0.086191;8.839.393
0.287304;0.086191;8.877.700
0.296881;0.095768;9.500.193
0.316035;0.086191;9.921.572
0.354342;0.076614;10.390.836
0.335188;0.105345;10.783.484
0.354342;0.105345;11.118.672
0.344765;0.105345;11.022.904
0.344765;0.114922;10.773.908
0.344765;0.095768;10.352.529
0.287304;0.105345;9.471.462
0.277727;0.095768;9.117.120
0.287304;0.086191;8.858.546
0.287304;0.095768;8.954.314
0.306458;0.105345;9.260.772
0.296881;0.095768;9.691.729
0.325611;0.105345;10.563.218
0.363919;0.114922;10.888.829
0.354342;0.105345;11.089.942
0.354342;0.067038;10.917.560
0.344765;0.095768;10.611.102
0.316035;0.095768;10.199.299
0.296881;0.105345;9.739.613
0.277727;0.076614;8.992.621
0.287304;0.076614;8.868.123
0.268151;0.067038;8.877.700
0.296881;0.095768;9.404.425
0.325611;0.086191;9.864.111
0.335188;0.076614;10.285.490
0.325611;0.105345;10.697.293
0.363919;0.114922;11.109.096
0.354342;0.105345;11.061.212
0.325611;0.105345;10.429.143
0.306458;0.086191;9.998.186
0.277727;0.086191;9.538.500
0.287304;0.105345;9.155.427
0.258574;0.076614;8.820.239
0.287304;0.105345;8.944.737
0.287304;0.114922;9.203.311
0.306458;0.086191;10.065.224
0.335188;0.124498;10.496.181
0.344765;0.114922;10.821.792
0.344765;0.105345;11.070.788
0.373495;0.105345;10.984.597
0.335188;0.114922;10.658.986
0.325611;0.086191;10.285.490
0.296881;0.095768;9.825.804
0.277727;0.086191;9.040.505
0.258574;0.095768;8.877.700
0.277727;0.076614;8.868.123
0.296881;0.124498;9.366.117
0.306458;0.076614;9.758.766
0.296881;0.095768;10.199.299
0.344765;0.095768;10.946.290
0.363919;0.095768;11.080.365
0.354342;0.114922;11.070.788
0.335188;0.114922;10.869.676
0.306458;0.105345;10.065.224
0.306458;0.105345;9.605.537
0.296881;0.095768;9.241.618
0.277727;0.086191;8.839.393
0.268151;0.067038;8.906.430
0.258574;0.086191;9.145.850
0.325611;0.086191;9.940.725
0.335188;0.086191;10.352.529
0.344765;0.105345;10.754.754
0.344765;0.114922;11.022.904
0.363919;0.095768;10.975.020
0.344765;0.095768;10.726.024
0.325611;0.086191;10.323.798
0.306458;0.086191;9.442.732
0.296881;0.105345;9.088.389
0.287304;0.105345;8.906.430
0.277727;0.095768;8.839.393
0.296881;0.095768;9.289.502
0.316035;0.105345;9.691.729
0.316035;0.095768;10.141.838
0.344765;0.124498;10.907.983
0.354342;0.114922;11.070.788
0.344765;0.105345;11.042.058
0.344765;0.105345;10.572.795
0.325611;0.067038;10.141.838
0.287304;0.095768;9.720.459
0.268151;0.114922;9.299.079
0.306458;0.086191;8.829.816
0.268151;0.076614;8.877.700
0.277727;0.095768;9.461.885
0.316035;0.105345;9.873.688
0.325611;0.114922;10.333.375
0.344765;0.105345;10.706.870
0.344765;0.124498;11.099.519
0.344765;0.114922;11.022.904
0.335188;0.114922;10.802.638
0.325611;0.105345;10.390.836
0.306458;0.076614;9.528.923
0.277727;0.076614;9.165.004
0.277727;0.095768;8.925.584
0.258574;0.095768;8.963.891
0.287304;0.086191;9.222.465
0.296881;0.076614;9.605.537
0.325611;0.105345;10.486.604
0.316035;0.124498;10.840.945
0.354342;0.114922;11.042.058
0.354342;0.095768;11.099.519
0.335188;0.105345;10.630.256
0.325611;0.095768;10.237.606
0.306458;0.086191;9.806.650
0.277727;0.095768;9.050.082
0.268151;0.076614;8.877.700
0.287304;0.076614;8.868.123
0.306458;0.105345;9.059.659
0.306458;0.095768;9.787.497
0.316035;0.095768;10.256.760
0.335188;0.095768;10.668.563
0.325611;0.134075;11.080.365
0.344765;0.105345;11.032.481
0.335188;0.124498;10.831.368
0.325611;0.105345;10.505.757
0.287304;0.086191;9.615.114
0.258574;0.086191;9.232.041
0.268151;0.095768;8.954.314
0.296881;0.105345;8.925.584
0.287304;0.086191;9.184.157
0.287304;0.076614;9.567.230
0.325611;0.114922;10.409.989
0.354342;0.114922;10.793.061
0.344765;0.095768;11.022.904
0.354342;0.095768;11.080.365
0.325611;0.105345;10.697.293
0.325611;0.095768;10.323.798
0.296881;0.105345;9.873.688
0.277727;0.086191;9.107.543
0.258574;0.076614;8.925.584
0.287304;0.086191;8.877.700
0.325611;0.086191;9.758.766
0.335188;0.095768;10.170.568
0.325611;0.114922;10.563.218
0.354342;0.114922;11.061.212
0.335188;0.086191;10.869.676
0.325611;0.114922;10.122.684
0.316035;0.095768;9.682.152
0.296881;0.095768;9.289.502
0.258574;0.105345;8.992.621
0.296881;0.086191;8.887.277
0.287304;0.105345;9.145.850
0.287304;0.095768;9.461.885
0.325611;0.105345;10.342.952
0.325611;0.105345;10.716.447
0.373495;0.076614;10.984.597
0.344765;0.124498;10.994.174
0.354342;0.124498;10.745.177
0.306458;0.114922;10.400.413
0.325611;0.105345;9.959.879
0.277727;0.086191;9.165.004
0.258574;0.086191;8.916.007
0.258574;0.086191;8.896.853
0.287304;0.105345;9.270.349
0.296881;0.114922;9.662.998
0.316035;0.105345;10.055.647
0.325611;0.095768;10.496.181
0.354342;0.114922;11.042.058
0.354342;0.124498;11.080.365
0.335188;0.114922;10.917.560
0.316035;0.095768;10.199.299
0.316035;0.086191;9.797.073
0.268151;0.086191;9.385.271
0.277727;0.095768;8.896.853
0.287304;0.095768;8.868.123
0.287304;0.095768;9.088.389
0.287304;0.086191;9.404.425
0.325611;0.105345;10.256.760
0.325611;0.105345;10.668.563
0.344765;0.114922;10.955.867
0.354342;0.105345;11.013.328
0.354342;0.086191;10.783.484
0.325611;0.095768;10.448.297
0.296881;0.095768;9.595.961
0.296881;0.086191;9.222.465
0.277727;0.086191;8.963.891
0.268151;0.076614;8.877.700
0.287304;0.067038;9.203.311
0.296881;0.095768;9.557.653
0.335188;0.095768;9.988.609
0.344765;0.134075;10.793.061
0.354342;0.114922;11.003.751
0.335188;0.095768;11.061.212
0.354342;0.095768;10.946.290
0.316035;0.105345;10.295.067
0.306458;0.105345;9.864.111
0.316035;0.105345;9.375.694
0.277727;0.124498;8.896.853
0.277727;0.105345;8.877.700
0.287304;0.086191;9.069.236
0.296881;0.114922;9.758.766
0.316035;0.086191;10.189.722
0.335188;0.105345;10.630.256
0.335188;0.114922;10.917.560
0.335188;0.114922;11.042.058
0.316035;0.114922;10.840.945
0.316035;0.105345;10.505.757
0.306458;0.095768;9.662.998
0.277727;0.095768;9.299.079
0.296881;0.105345;9.002.198
0.296881;0.076614;8.954.314
0.287304;0.095768;9.155.427
0.277727;0.095768;9.471.462
0.316035;0.114922;9.931.149
0.335188;0.114922;10.735.600
0.335188;0.105345;10.946.290
0.325611;0.124498;11.051.635
0.335188;0.124498;10.764.331
0.316035;0.114922;10.352.529
0.306458;0.095768;9.921.572
0.296881;0.114922;9.519.346
0.287304;0.095768;8.944.737
0.296881;0.095768;8.896.853
0.277727;0.114922;8.992.621
0.316035;0.105345;9.662.998
0.296881;0.086191;10.093.954
0.335188;0.124498;10.534.488
0.344765;0.124498;11.042.058
0.344765;0.124498;11.051.635
0.344765;0.114922;10.917.560
0.325611;0.086191;10.180.145
0.296881;0.095768;9.720.459
0.306458;0.105345;9.356.541
0.277727;0.086191;9.040.505
0.287304;0.076614;8.916.007
0.287304;0.076614;9.117.120
0.287304;0.105345;9.442.732
0.316035;0.095768;9.825.804
0.344765;0.105345;10.668.563
0.344765;0.095768;10.936.713
0.354342;0.105345;11.042.058
0.344765;0.114922;10.783.484
0.325611;0.114922;10.419.566
0.316035;0.086191;10.007.763
0.287304;0.095768;9.222.465
0.277727;0.086191;8.954.314
0.287304;0.076614;8.887.277
0.277727;0.076614;8.983.045
0.316035;0.095768;9.595.961
0.296881;0.095768;10.046.070
0.325611;0.114922;10.477.027
0.335188;0.105345;11.051.635
0.335188;0.114922;10.927.136
0.325611;0.114922;10.256.760
0.296881;0.086191;9.797.073
0.316035;0.095768;9.414.001
0.268151;0.105345;9.107.543
0.277727;0.067038;8.925.584
0.287304;0.067038;9.088.389
0.296881;0.095768;9.346.964
0.335188;0.095768;10.199.299
0.325611;0.114922;10.591.949
0.344765;0.114922;10.888.829
0.335188;0.105345;10.994.174
0.363919;0.114922;10.812.215
0.325611;0.086191;10.486.604
0.306458;0.124498;9.643.845
0.296881;0.124498;9.260.772
0.268151;0.095768;8.992.621
0.258574;0.086191;8.887.277
0.287304;0.086191;9.184.157
0.296881;0.124498;9.538.500
0.325611;0.086191;9.959.879
0.335188;0.095768;10.362.105
0.335188;0.124498;10.965.444
0.344765;0.095768;11.042.058
0.344765;0.114922;10.965.444
0.325611;0.095768;10.314.221
0.316035;0.124498;9.902.418
0.296881;0.095768;9.452.309
0.296881;0.095768;8.925.584
0.277727;0.086191;8.925.584
0.296881;0.095768;9.030.929
0.287304;0.076614;9.327.810
0.325611;0.095768;10.132.261
0.344765;0.114922;10.524.911
0.354342;0.114922;10.860.099
0.344765;0.095768;11.003.751
0.335188;0.095768;10.869.676
0.316035;0.143652;10.534.488
0.316035;0.095768;10.170.568
0.296881;0.086191;9.318.233
0.277727;0.076614;9.040.505
0.296881;0.105345;8.906.430
0.296881;0.086191;9.126.697
0.306458;0.095768;9.461.885
0.306458;0.095768;9.873.688
0.325611;0.114922;10.678.140
0.344765;0.105345;10.907.983
0.354342;0.114922;11.042.058
0.354342;0.095768;10.975.020
0.316035;0.114922;10.419.566
0.316035;0.105345;9.959.879
0.306458;0.105345;9.557.653
0.277727;0.086191;8.973.468
0.277727;0.095768;8.925.584
0.268151;0.086191;9.011.775
0.306458;0.114922;9.634.268
0.316035;0.105345;10.055.647
0.325611;0.114922;10.467.450
0.325611;0.105345;10.821.792
0.335188;0.105345;11.022.904
0.325611;0.095768;10.898.406
0.344765;0.124498;10.601.525
0.296881;0.105345;9.787.497
0.277727;0.095768;9.404.425
0.277727;0.095768;9.107.543
0.277727;0.086191;8.944.737
0.306458;0.095768;9.385.271
0.325611;0.114922;9.797.073
0.335188;0.105345;10.611.102
0.344765;0.095768;10.917.560
0.325611;0.105345;11.032.481
0.325611;0.086191;10.802.638
0.335188;0.086191;10.467.450
0.335188;0.076614;10.065.224
0.325611;0.076614;9.643.845
0.287304;0.095768;9.021.352
0.277727;0.095768;8.896.853
0.287304;0.086191;8.992.621
0.306458;0.114922;9.548.077
0.325611;0.095768;9.969.456
0.316035;0.114922;10.390.836
0.344765;0.114922;10.745.177
0.335188;0.114922;11.032.481
0.325611;0.086191;10.946.290
0.354342;0.124498;10.658.986
0.306458;0.086191;9.864.111
0.296881;0.114922;9.471.462
0.287304;0.086191;9.136.273
0.287304;0.086191;8.896.853
0.287304;0.095768;9.050.082
0.306458;0.114922;9.366.117
0.344765;0.105345;10.141.838
0.325611;0.086191;10.572.795
0.335188;0.124498;10.840.945
0.344765;0.105345;11.003.751
0.344765;0.095768;10.831.368
0.335188;0.114922;10.515.334
0.287304;0.124498;9.691.729
0.296881;0.095768;9.337.387
0.296881;0.095768;9.059.659
0.296881;0.095768;8.925.584
0.277727;0.086191;8.973.468
0.296881;0.114922;9.500.193
0.306458;0.114922;9.911.995
0.354342;0.114922;10.314.221
0.335188;0.114922;10.907.983
0.344765;0.086191;11.013.328
0.335188;0.124498;10.936.713
0.335188;0.095768;10.342.952
0.306458;0.086191;9.969.456
0.296881;0.086191;9.538.500
0.296881;0.086191;9.203.311
0.277727;0.095768;8.925.584
0.258574;0.095768;9.021.352
0.287304;0.086191;9.260.772
0.325611;0.105345;10.055.647
0.325611;0.105345;10.429.143
0.335188;0.105345;10.793.061
0.363919;0.124498;10.994.174
0.325611;0.114922;10.850.522
0.335188;0.095768;10.572.795
0.325611;0.095768;10.189.722
0.296881;0.076614;9.385.271
0.287304;0.095768;9.088.389
0.287304;0.095768;8.963.891
0.287304;0.114922;9.117.120
0.316035;0.105345;9.442.732
0.325611;0.105345;9.835.381
0.316035;0.086191;10.228.029
0.335188;0.095768;10.898.406
0.344765;0.124498;11.032.481
0.344765;0.124498;10.955.867
0.335188;0.105345;10.419.566
0.316035;0.114922;10.036.493
0.306458;0.105345;9.595.961
0.277727;0.076614;9.260.772
0.287304;0.086191;8.925.584
0.296881;0.105345;9.002.198
0.287304;0.114922;9.222.465
0.306458;0.105345;9.979.033
0.335188;0.095768;10.400.413
0.335188;0.076614;10.745.177
0.325611;0.105345;10.994.174
0.335188;0.095768;10.907.983
0.354342;0.105345;10.620.679
0.306458;0.086191;10.247.183
0.287304;0.076614;9.471.462
0.296881;0.086191;9.136.273
0.277727;0.095768;8.954.314
0.287304;0.095768;9.078.813
0.316035;0.095768;9.366.117
0.296881;0.086191;9.787.497
0.335188;0.095768;10.582.372
0.325611;0.114922;10.812.215
0.363919;0.114922;10.984.597
0.344765;0.105345;10.994.174
0.325611;0.114922;10.505.757
0.325611;0.105345;10.084.377
0.306458;0.095768;9.730.036
0.287304;0.114922;9.040.505
0.287304;0.086191;8.916.007
0.296881;0.105345;8.963.891
0.277727;0.095768;9.184.157
0.325611;0.114922;9.921.572
0.335188;0.105345;10.323.798
0.335188;0.114922;10.706.870
0.354342;0.095768;11.013.328
0.354342;0.124498;10.927.136
0.335188;0.114922;10.697.293
0.316035;0.105345;9.921.572
0.296881;0.105345;9.538.500
0.277727;0.124498;9.193.734
0.287304;0.095768;8.973.468
0.287304;0.086191;9.059.659
0.287304;0.114922;9.308.656
0.325611;0.105345;9.691.729
0.344765;0.086191;10.496.181
0.344765;0.095768;10.773.908
0.344765;0.105345;10.975.020
0.325611;0.114922;10.831.368
0.325611;0.095768;10.563.218
0.306458;0.076614;10.180.145
0.296881;0.105345;9.739.613
0.296881;0.095768;9.136.273
0.277727;0.095768;8.963.891
0.287304;0.105345;9.136.273
0.287304;0.105345;9.471.462
0.306458;0.114922;9.825.804
0.316035;0.105345;10.247.183
0.344765;0.114922;10.649.409
0.354342;0.095768;11.022.904
0.335188;0.105345;10.965.444
0.344765;0.095768;10.745.177
0.335188;0.086191;9.998.186
0.316035;0.076614;9.595.961
0.296881;0.095768;9.251.195
0.268151;0.076614;8.963.891
0.277727;0.076614;9.050.082
0.287304;0.095768;9.279.925
0.296881;0.095768;9.624.691
0.335188;0.105345;10.419.566
0.335188;0.114922;10.754.754
0.325611;0.095768;10.936.713
0.325611;0.095768;10.888.829
0.316035;0.095768;10.639.832
0.325611;0.114922;10.266.336
0.287304;0.076614;9.471.462
0.287304;0.105345;9.145.850
0.287304;0.105345;8.983.045
0.268151;0.095768;8.973.468
0.316035;0.105345;9.394.848
0.306458;0.095768;9.777.920
0.335188;0.086191;10.189.722
0.354342;0.105345;10.831.368
0.344765;0.105345;11.003.751
0.335188;0.105345;10.955.867
0.344765;0.114922;10.486.604
0.316035;0.105345;10.065.224
0.296881;0.095768;9.710.882
0.306458;0.105345;9.318.233
0.268151;0.114922;8.954.314
0.296881;0.105345;9.002.198
0.287304;0.095768;9.203.311
0.316035;0.114922;9.969.456
0.325611;0.114922;10.323.798
0.354342;0.095768;10.697.293
0.344765;0.105345;10.927.136
0.316035;0.114922;10.907.983
0.335188;0.114922;10.678.140
0.316035;0.095768;9.921.572
0.316035;0.095768;9.519.346
0.287304;0.086191;9.193.734
0.277727;0.095768;9.030.929
0.277727;0.095768;9.059.659
0.296881;0.086191;9.394.848
0.306458;0.105345;9.730.036
0.316035;0.095768;10.113.108
0.344765;0.114922;10.783.484
0.335188;0.114922;10.955.867
0.363919;0.086191;10.975.020
0.325611;0.124498;10.544.065
0.306458;0.095768;10.160.992
0.306458;0.095768;9.768.343
0.296881;0.076614;9.375.694
0.277727;0.095768;8.954.314
0.277727;0.095768;9.011.775
0.287304;0.086191;9.155.427
0.316035;0.095768;9.854.534
0.335188;0.086191;10.275.913
0.344765;0.105345;10.620.679
0.344765;0.114922;10.984.597
0.373495;0.105345;10.946.290
0.325611;0.086191;10.726.024
0.344765;0.105345;10.381.259
0.287304;0.057461;9.567.230
0.296881;0.095768;9.251.195
0.277727;0.076614;9.040.505
0.287304;0.076614;9.021.352
0.287304;0.086191;9.279.925
0.296881;0.076614;9.672.575
0.316035;0.105345;10.026.917
0.325611;0.105345;10.735.600
0.354342;0.114922;10.946.290
0.354342;0.095768;10.975.020
0.344765;0.134075;10.601.525
0.316035;0.086191;10.247.183
0.306458;0.105345;9.816.227
0.268151;0.095768;9.174.581
0.296881;0.095768;8.973.468
0.306458;0.105345;8.963.891
0.277727;0.076614;9.136.273
0.306458;0.095768;9.806.650
0.325611;0.086191;10.180.145
0.335188;0.086191;10.553.641
0.344765;0.105345;10.975.020
0.335188;0.114922;10.975.020
0.354342;0.124498;10.754.754
0.316035;0.086191;10.074.800
0.316035;0.095768;9.653.421
0.287304;0.076614;9.327.810
0.277727;0.076614;9.088.389
0.287304;0.086191;9.011.775
0.287304;0.095768;9.232.041
0.296881;0.105345;9.557.653
0.306458;0.095768;10.362.105
0.354342;0.095768;10.687.716
0.325611;0.134075;10.898.406
0.344765;0.095768;10.994.174
0.354342;0.086191;10.668.563
0.325611;0.114922;10.333.375
0.325611;0.105345;9.892.841
0.296881;0.095768;9.203.311
0.287304;0.086191;9.011.775
0.296881;0.076614;8.973.468
0.287304;0.105345;9.375.694
0.306458;0.114922;9.691.729
0.325611;0.076614;10.122.684
0.344765;0.095768;10.505.757
0.354342;0.105345;10.955.867
0.344765;0.105345;10.965.444
0.344765;0.105345;10.802.638
0.335188;0.095768;10.151.415
0.296881;0.095768;9.758.766
0.296881;0.086191;9.366.117
0.277727;0.086191;8.983.045
0.296881;0.105345;9.030.929
0.287304;0.076614;9.193.734
0.306458;0.095768;9.509.769
0.325611;0.105345;10.295.067
0.335188;0.086191;10.620.679
0.335188;0.095768;10.888.829
0.325611;0.114922;10.917.560
0.335188;0.105345;10.687.716
0.306458;0.114922;10.342.952
0.325611;0.105345;9.959.879
0.268151;0.076614;9.260.772
0.287304;0.105345;9.040.505
0.287304;0.076614;8.983.045
0.296881;0.076614;9.318.233
0.316035;0.086191;9.653.421
0.325611;0.095768;10.046.070
0.325611;0.086191;10.764.331
0.354342;0.105345;10.917.560
0.363919;0.105345;10.946.290
0.335188;0.114922;10.850.522
0.335188;0.105345;10.208.876
0.316035;0.076614;9.825.804
0.268151;0.095768;9.433.155
0.277727;0.076614;9.021.352
0.296881;0.114922;9.011.775
0.268151;0.095768;9.145.850
0.296881;0.105345;9.825.804
0.335188;0.114922;10.208.876
0.335188;0.124498;10.553.641
0.354342;0.114922;10.831.368
0.344765;0.105345;10.917.560
0.325611;0.095768;10.764.331
0.344765;0.086191;10.429.143
0.296881;0.095768;9.682.152
0.287304;0.086191;9.318.233
0.277727;0.095768;9.069.236
0.258574;0.095768;8.992.621
0.296881;0.076614;9.260.772
0.287304;0.095768;9.605.537
0.306458;0.095768;9.979.033
0.344765;0.105345;10.706.870
0.335188;0.105345;10.888.829
0.344765;0.095768;10.955.867
0.335188;0.105345;10.620.679
0.306458;0.086191;10.285.490
0.325611;0.124498;9.892.841
0.306458;0.095768;9.481.039
0.287304;0.086191;9.030.929
0.287304;0.076614;9.002.198
0.296881;0.105345;9.117.120
0.296881;0.114922;9.758.766
0.335188;0.095768;10.122.684
0.354342;0.114922;10.534.488
0.344765;0.095768;10.936.713
0.354342;0.114922;10.936.713
0.325611;0.105345;10.802.638
0.316035;0.105345;10.486.604
0.316035;0.076614;9.739.613
0.277727;0.114922;9.394.848
0.268151;0.086191;9.097.966
0.277727;0.076614;9.021.352
0.287304;0.095768;9.212.888
0.316035;0.105345;9.509.769
0.306458;0.095768;9.921.572
0.335188;0.095768;10.649.409
0.344765;0.114922;10.860.099
0.335188;0.114922;10.955.867
0.325611;0.095768;10.649.409
0.325611;0.114922;10.352.529
0.306458;0.095768;9.979.033
0.277727;0.086191;9.241.618
0.296881;0.086191;9.059.659
0.296881;0.086191;9.002.198
0.296881;0.095768;9.327.810
0.296881;0.114922;9.691.729
0.306458;0.086191;10.084.377
0.335188;0.095768;10.438.720
0.335188;0.105345;10.946.290
0.335188;0.105345;10.955.867
0.344765;0.095768;10.821.792
0.306458;0.095768;10.160.992
0.296881;0.067038;9.806.650
0.296881;0.086191;9.452.309
0.296881;0.095768;9.155.427
0.287304;0.095768;9.021.352
0.296881;0.105345;9.174.581
0.306458;0.095768;9.471.462
0.325611;0.086191;10.228.029
0.335188;0.114922;10.601.525
0.344765;0.095768;10.840.945
0.354342;0.114922;10.927.136
0.344765;0.105345;10.716.447
0.325611;0.095768;10.409.989
0.325611;0.086191;10.017.340
0.287304;0.076614;9.299.079
0.316035;0.086191;9.040.505
0.287304;0.095768;8.992.621
0.296881;0.086191;9.279.925
0.296881;0.076614;9.615.114
0.316035;0.086191;9.979.033
0.335188;0.086191;10.362.105
0.354342;0.114922;10.927.136
0.335188;0.086191;10.936.713
0.344765;0.086191;10.840.945
0.354342;0.114922;10.237.606
0.325611;0.105345;9.892.841
0.296881;0.095768;9.509.769
0.287304;0.095768;9.021.352
0.296881;0.076614;8.983.045
0.287304;0.086191;9.117.120
0.287304;0.076614;9.442.732
0.306458;0.095768;10.122.684
0.344765;0.105345;10.486.604
0.335188;0.105345;10.764.331
0.306458;0.095768;10.946.290
0.306458;0.095768;10.793.061
0.354342;0.095768;10.477.027
0.344765;0.095768;10.065.224
0.287304;0.086191;9.375.694
0.277727;0.095768;9.107.543
0.296881;0.095768;9.011.775
0.325611;0.105345;9.241.618
0.306458;0.095768;9.557.653
0.277727;0.095768;9.911.995
0.325611;0.086191;10.630.256
0.354342;0.105345;10.840.945
0.363919;0.124498;10.946.290
0.325611;0.114922;10.879.252
0.325611;0.105345;10.323.798
0.316035;0.095768;9.950.302
0.325611;0.086191;9.538.500
0.277727;0.105345;9.078.813
0.268151;0.105345;9.002.198
0.287304;0.095768;9.136.273
0.296881;0.095768;9.375.694
0.296881;0.095768;10.084.377
0.306458;0.095768;10.438.720
0.335188;0.114922;10.726.024
0.335188;0.095768;10.917.560
0.363919;0.105345;10.802.638
0.335188;0.105345;10.544.065
0.316035;0.086191;9.787.497
0.325611;0.114922;9.452.309
0.296881;0.105345;9.165.004
0.296881;0.086191;8.992.621
0.296881;0.105345;9.184.157
0.296881;0.114922;9.481.039
0.316035;0.086191;9.835.381
0.325611;0.105345;10.591.949
0.325611;0.114922;10.802.638
0.306458;0.105345;10.946.290
0.344765;0.095768;10.697.293
0.296881;0.105345;10.371.682
0.325611;0.105345;10.026.917
0.296881;0.114922;9.289.502
0.306458;0.086191;9.078.813
0.296881;0.095768;9.011.775
0.287304;0.105345;9.069.236
0.296881;0.105345;9.634.268
0.296881;0.105345;10.017.340
0.335188;0.114922;10.371.682
0.344765;0.114922;10.687.716
0.344765;0.095768;10.936.713
0.325611;0.095768;10.601.525
0.325611;0.095768;10.601.525
0.335188;0.105345;9.844.957
0.287304;0.105345;9.509.769
0.287304;0.095768;9.212.888
0.268151;0.105345;9.011.775
0.277727;0.114922;9.145.850
0.296881;0.076614;9.385.271
0.296881;0.105345;9.806.650
0.316035;0.114922;10.524.911
0.344765;0.114922;10.831.368
0.325611;0.105345;10.927.136
0.335188;0.095768;10.745.177
0.325611;0.086191;10.457.873
0.325611;0.086191;10.084.377
0.296881;0.114922;9.375.694
0.296881;0.124498;9.126.697
0.277727;0.114922;9.021.352
0.287304;0.124498;9.069.236
0.306458;0.114922;9.548.077
0.325611;0.105345;9.950.302
0.316035;0.086191;10.304.645
0.335188;0.105345;10.850.522
0.335188;0.095768;10.936.713
0.344765;0.105345;10.860.099
0.344765;0.105345;10.611.102
0.306458;0.105345;9.950.302
0.287304;0.086191;9.548.077
0.287304;0.076614;9.232.041
0.287304;0.105345;9.021.352
0.287304;0.076614;9.126.697
0.268151;0.076614;9.394.848
0.316035;0.095768;10.084.377
0.335188;0.114922;10.448.297
0.354342;0.095768;10.735.600
0.363919;0.105345;10.888.829
0.354342;0.105345;10.783.484
0.344765;0.095768;10.524.911
0.316035;0.086191;10.160.992
0.296881;0.095768;9.433.155
0.268151;0.105345;9.174.581
0.287304;0.105345;9.040.505
0.306458;0.114922;9.203.311
0.306458;0.124498;9.509.769
0.306458;0.105345;9.864.111
0.306458;0.105345;10.237.606
0.335188;0.095768;10.821.792
0.335188;0.105345;10.927.136
0.325611;0.095768;10.907.983
0.316035;0.095768;10.371.682
0.296881;0.086191;9.988.609
0.316035;0.076614;9.624.691
0.287304;0.076614;9.289.502
0.268151;0.076614;9.021.352
0.287304;0.124498;9.107.543
0.306458;0.105345;9.308.656
0.335188;0.114922;10.007.763
0.325611;0.114922;10.429.143
0.344765;0.114922;10.706.870
0.354342;0.114922;10.917.560
0.344765;0.114922;10.812.215
0.335188;0.114922;10.582.372
0.325611;0.124498;10.237.606
0.287304;0.086191;9.509.769
0.287304;0.076614;9.203.311
0.296881;0.076614;9.059.659
0.277727;0.086191;9.193.734
0.296881;0.076614;9.471.462
0.325611;0.124498;9.768.343
0.316035;0.095768;10.524.911
0.344765;0.114922;10.783.484
0.344765;0.105345;10.907.983
0.363919;0.095768;10.840.945
0.325611;0.105345;10.409.989
0.306458;0.095768;10.084.377
0.316035;0.095768;9.710.882
0.277727;0.076614;9.126.697
0.277727;0.095768;9.021.352
0.287304;0.124498;9.078.813
0.306458;0.067038;9.260.772
0.325611;0.124498;9.959.879
0.335188;0.095768;10.323.798
0.335188;0.095768;10.620.679
0.344765;0.105345;10.907.983
0.335188;0.114922;10.831.368
0.325611;0.114922;10.620.679
0.306458;0.086191;9.931.149
0.277727;0.105345;9.586.384
0.277727;0.095768;9.232.041
0.287304;0.086191;9.069.236
0.296881;0.095768;9.145.850
0.325611;0.105345;9.404.425
0.325611;0.086191;9.739.613
0.335188;0.095768;10.477.027
0.354342;0.105345;10.745.177
0.344765;0.105345;10.898.406
0.344765;0.095768;10.783.484
0.335188;0.105345;10.448.297
0.306458;0.095768;10.151.415
0.296881;0.076614;9.423.578
0.277727;0.095768;9.155.427
0.268151;0.124498;9.040.505
0.277727;0.076614;9.059.659
0.296881;0.095768;9.528.923
0.316035;0.095768;9.883.265
0.306458;0.095768;10.256.760
0.344765;0.105345;10.572.795
0.354342;0.095768;10.898.406
0.354342;0.105345;10.879.252
0.354342;0.086191;10.649.409
0.316035;0.086191;9.969.456
0.287304;0.086191;9.605.537
0.296881;0.086191;9.299.079
0.287304;0.076614;9.050.082
0.296881;0.095768;9.126.697
0.296881;0.095768;9.346.964
0.306458;0.086191;9.672.575
0.354342;0.124498;10.400.413
0.335188;0.124498;10.668.563
0.344765;0.086191;10.879.252
0.344765;0.114922;10.773.908
0.325611;0.114922;10.534.488
0.287304;0.114922;10.218.452
0.287304;0.076614;9.471.462
0.277727;0.067038;9.212.888
0.277727;0.086191;9.050.082
0.287304;0.076614;9.471.462
0.316035;0.095768;9.806.650
0.325611;0.114922;10.180.145
0.325611;0.124498;10.793.061
0.344765;0.095768;10.907.983
0.373495;0.095768;10.869.676
0.335188;0.114922;10.419.566
0.316035;0.124498;10.055.647
0.296881;0.105345;9.710.882
0.296881;0.086191;9.366.117
0.287304;0.086191;9.030.929
0.258574;0.076614;9.097.966
0.287304;0.076614;9.299.079
0.316035;0.105345;9.959.879
0.325611;0.095768;10.342.952
0.335188;0.124498;10.649.409
0.363919;0.134075;10.840.945
0.335188;0.105345;10.821.792
0.325611;0.124498;10.601.525
0.316035;0.105345;10.285.490
0.287304;0.105345;9.557.653
0.287304;0.086191;9.279.925
0.277727;0.114922;9.088.389
0.287304;0.086191;9.155.427
0.287304;0.076614;9.394.848
0.306458;0.105345;9.758.766
0.335188;0.105345;10.132.261
0.335188;0.124498;10.735.600
0.344765;0.095768;10.869.676
0.354342;0.086191;10.898.406
0.316035;0.105345;10.486.604
0.316035;0.095768;10.151.415
0.306458;0.086191;9.768.343
0.287304;0.076614;9.414.001
0.268151;0.095768;9.050.082
0.268151;0.105345;9.069.236
0.268151;0.095768;9.251.195
0.316035;0.086191;9.873.688
0.306458;0.095768;10.228.029
0.325611;0.114922;10.601.525
0.354342;0.105345;10.907.983
0.335188;0.124498;10.840.945
0.344765;0.114922;10.611.102
0.335188;0.105345;10.323.798
0.306458;0.095768;9.605.537
0.287304;0.114922;9.327.810
0.296881;0.105345;9.107.543
0.296881;0.095768;9.145.850
0.277727;0.095768;9.356.541
0.306458;0.095768;9.682.152
0.335188;0.095768;10.429.143
0.335188;0.105345;10.678.140
0.344765;0.114922;10.860.099
0.354342;0.105345;10.764.331
0.335188;0.114922;10.515.334
0.316035;0.095768;10.170.568
0.306458;0.105345;9.825.804
0.277727;0.095768;9.232.041
0.277727;0.086191;9.088.389
0.258574;0.095768;9.078.813
0.268151;0.057461;9.193.734
0.287304;0.114922;9.835.381
0.306458;0.086191;10.208.876
0.344765;0.095768;10.505.757
0.363919;0.095768;10.898.406
0.335188;0.114922;10.879.252
0.344765;0.105345;10.706.870
0.325611;0.134075;10.036.493
0.306458;0.105345;9.710.882
0.296881;0.105345;9.346.964
0.296881;0.095768;9.136.273
0.287304;0.076614;9.155.427
0.306458;0.086191;9.318.233
0.306458;0.076614;9.605.537
0.306458;0.114922;10.333.375
0.344765;0.105345;10.649.409
0.316035;0.095768;10.821.792
0.354342;0.095768;10.773.908
0.344765;0.095768;10.591.949
0.316035;0.105345;10.256.760
0.296881;0.105345;9.892.841
0.287304;0.067038;9.241.618
0.277727;0.095768;9.088.389
0.287304;0.095768;9.040.505
0.296881;0.076614;9.433.155
0.287304;0.095768;9.739.613
0.325611;0.095768;10.132.261
0.335188;0.114922;10.496.181
0.344765;0.095768;10.850.522
0.354342;0.134075;10.860.099
0.335188;0.086191;10.706.870
0.316035;0.086191;10.122.684
0.316035;0.095768;9.701.305
0.306458;0.095768;9.414.001
0.287304;0.105345;9.040.505
0.287304;0.095768;9.088.389
0.296881;0.086191;9.241.618
0.306458;0.114922;9.557.653
0.325611;0.095768;10.275.913
0.325611;0.095768;10.582.372
0.335188;0.105345;10.783.484
0.335188;0.086191;10.812.215
0.306458;0.105345;10.620.679
0.316035;0.095768;10.304.645
0.325611;0.105345;9.615.114
0.296881;0.095768;9.289.502
0.287304;0.076614;9.097.966
0.306458;0.105345;9.050.082
0.296881;0.105345;9.394.848
0.296881;0.124498;9.691.729
0.306458;0.095768;10.046.070
0.335188;0.114922;10.697.293
0.344765;0.114922;10.850.522
0.316035;0.105345;10.869.676
0.344765;0.124498;10.735.600
0.325611;0.114922;10.141.838
0.296881;0.095768;9.777.920
0.287304;0.105345;9.461.885
0.277727;0.095768;9.088.389
0.277727;0.105345;9.088.389
0.306458;0.105345;9.203.311
0.316035;0.105345;9.825.804
0.335188;0.114922;10.208.876
0.335188;0.086191;10.524.911
0.335188;0.095768;10.773.908
0.363919;0.105345;10.850.522
0.335188;0.105345;10.630.256
0.335188;0.086191;10.371.682
0.316035;0.076614;9.662.998
0.316035;0.086191;9.346.964
0.287304;0.105345;9.174.581
0.296881;0.076614;9.117.120
0.296881;0.086191;9.337.387
0.296881;0.076614;9.634.268
0.325611;0.105345;10.314.221
0.335188;0.086191;10.639.832
0.325611;0.134075;10.821.792
0.344765;0.095768;10.879.252
0.325611;0.095768;10.553.641
0.325611;0.105345;10.256.760
0.316035;0.095768;9.883.265
0.306458;0.105345;9.548.077
0.277727;0.086191;9.097.966
0.306458;0.105345;9.097.966
0.316035;0.114922;9.184.157
0.316035;0.095768;9.787.497
0.335188;0.105345;10.132.261
0.316035;0.095768;10.448.297
0.354342;0.114922;10.850.522
0.335188;0.086191;10.840.945
0.325611;0.105345;10.697.293
0.335188;0.095768;10.429.143
0.325611;0.105345;9.701.305
0.296881;0.105345;9.414.001
0.268151;0.086191;9.184.157
0.296881;0.095768;9.107.543
0.268151;0.114922;9.260.772
0.296881;0.086191;9.567.230
0.325611;0.114922;10.295.067
0.325611;0.105345;10.591.949
0.335188;0.114922;10.812.215
0.325611;0.076614;10.869.676
0.344765;0.086191;10.601.525
0.325611;0.105345;10.295.067
0.316035;0.095768;9.931.149
0.277727;0.076614;9.318.233
0.296881;0.086191;9.126.697
0.287304;0.105345;9.059.659
0.277727;0.124498;9.174.581
0.306458;0.095768;9.682.152
0.325611;0.114922;10.065.224
0.335188;0.105345;10.409.989
0.325611;0.105345;10.850.522
0.344765;0.076614;10.850.522
0.335188;0.095768;10.706.870
0.325611;0.105345;10.151.415
0.306458;0.105345;9.787.497
0.268151;0.095768;9.481.039
0.248997;0.105345;9.222.465
0.277727;0.105345;9.107.543
0.277727;0.105345;9.260.772
0.296881;0.124498;9.519.346
0.306458;0.105345;10.199.299
0.325611;0.105345;10.553.641
0.354342;0.105345;10.764.331
0.344765;0.095768;10.812.215
0.325611;0.095768;10.620.679
0.335188;0.095768;10.371.682
0.316035;0.086191;10.017.340
0.287304;0.114922;9.356.541
0.287304;0.086191;9.126.697
0.277727;0.086191;9.088.389
0.296881;0.105345;9.356.541
0.287304;0.114922;9.634.268
0.316035;0.105345;9.998.186
0.316035;0.067038;10.371.682
0.344765;0.105345;10.831.368
0.325611;0.095768;10.860.099
0.316035;0.105345;10.735.600
0.335188;0.086191;10.199.299
0.277727;0.095768;9.864.111
0.306458;0.105345;9.509.769
0.296881;0.124498;9.107.543
0.277727;0.105345;9.088.389
0.306458;0.095768;9.222.465
0.296881;0.095768;9.461.885
0.335188;0.124498;10.141.838
0.335188;0.105345;10.486.604
0.335188;0.105345;10.706.870
0.344765;0.124498;10.831.368
0.325611;0.105345;10.687.716
0.335188;0.095768;10.429.143
0.325611;0.105345;9.701.305
0.277727;0.086191;9.404.425
0.268151;0.105345;9.193.734
0.306458;0.114922;9.069.236
0.287304;0.105345;9.308.656
0.306458;0.105345;9.595.961
0.325611;0.114922;9.969.456
0.335188;0.095768;10.582.372
0.344765;0.095768;10.793.061
0.344765;0.095768;10.860.099
0.344765;0.095768;10.793.061
0.335188;0.124498;10.275.913
0.306458;0.086191;9.940.725
0.306458;0.095768;9.595.961
0.277727;0.095768;9.117.120
0.287304;0.095768;9.097.966
0.296881;0.095768;9.404.425
0.306458;0.143652;9.730.036
0.316035;0.095768;10.074.800
0.335188;0.095768;10.429.143
0.325611;0.105345;10.697.293
0.344765;0.134075;10.840.945
0.325611;0.095768;10.706.870
0.325611;0.105345;10.457.873
0.296881;0.095768;9.777.920
0.296881;0.086191;9.471.462
0.316035;0.086191;9.222.465
0.277727;0.076614;9.145.850
0.306458;0.095768;9.279.925
0.287304;0.095768;9.548.077
0.296881;0.105345;9.864.111
0.335188;0.105345;10.534.488
0.344765;0.124498;10.754.754
0.344765;0.114922;10.840.945
0.325611;0.105345;10.630.256
0.335188;0.076614;10.333.375
0.325611;0.114922;9.969.456
0.296881;0.105345;9.624.691
0.287304;0.076614;9.155.427
0.287304;0.086191;9.078.813
0.287304;0.086191;9.165.004
0.296881;0.095768;9.682.152
0.306458;0.086191;10.017.340
0.325611;0.114922;10.381.259
0.325611;0.114922;10.802.638
0.354342;0.105345;10.860.099
0.344765;0.105345;10.726.024
0.316035;0.095768;10.534.488
0.296881;0.095768;9.835.381
0.306458;0.086191;9.509.769
0.296881;0.095768;9.251.195
0.277727;0.086191;9.126.697
0.287304;0.114922;9.232.041
0.296881;0.114922;9.490.616
0.306458;0.114922;10.180.145
0.335188;0.095768;10.467.450
0.344765;0.105345;10.697.293
0.344765;0.105345;10.831.368
0.335188;0.105345;10.649.409
0.316035;0.095768;10.381.259
0.335188;0.105345;10.065.224
0.296881;0.114922;9.414.001
0.277727;0.095768;9.184.157
0.277727;0.105345;9.107.543
0.287304;0.105345;9.165.004
0.316035;0.095768;9.595.961
0.325611;0.114922;9.979.033
0.325611;0.095768;10.314.221
0.316035;0.086191;10.754.754
0.344765;0.105345;10.821.792
0.354342;0.134075;10.754.754
0.325611;0.086191;10.266.336
0.296881;0.095768;9.921.572
0.316035;0.095768;9.557.653
0.296881;0.086191;9.318.233
0.296881;0.086191;9.107.543
0.287304;0.095768;9.203.311
0.287304;0.105345;9.452.309
0.325611;0.076614;10.093.954
0.325611;0.095768;10.419.566
0.335188;0.095768;10.678.140
0.335188;0.086191;10.821.792
0.335188;0.105345;10.697.293
0.316035;0.114922;10.429.143
0.296881;0.095768;10.113.108
0.306458;0.086191;9.452.309
0.277727;0.095768;9.232.041
0.287304;0.086191;9.107.543
0.306458;0.076614;9.270.349
0.287304;0.114922;9.557.653
0.316035;0.086191;9.921.572
0.344765;0.124498;10.534.488
0.354342;0.114922;10.754.754
0.335188;0.095768;10.850.522
0.335188;0.114922;10.773.908
0.325611;0.095768;10.333.375
0.306458;0.086191;10.007.763
0.287304;0.086191;9.634.268
0.287304;0.095768;9.174.581
0.287304;0.086191;9.088.389
0.287304;0.076614;9.193.734
0.287304;0.086191;9.385.271
0.325611;0.086191;10.007.763
0.325611;0.114922;10.371.682
0.325611;0.086191;10.639.832
0.335188;0.124498;10.821.792
0.354342;0.124498;10.706.870
0.335188;0.105345;10.477.027
0.296881;0.095768;9.825.804
0.306458;0.095768;9.528.923
0.296881;0.105345;9.270.349
0.296881;0.095768;9.117.120
0.296881;0.105345;9.279.925
0.287304;0.124498;9.490.616
0.316035;0.086191;9.825.804
0.316035;0.114922;10.467.450
0.344765;0.105345;10.697.293
0.344765;0.086191;10.812.215
0.316035;0.114922;10.639.832
0.335188;0.124498;10.381.259
0.296881;0.095768;10.046.070
0.316035;0.114922;9.701.305
0.268151;0.114922;9.184.157
0.277727;0.105345;9.126.697
0.287304;0.095768;9.174.581
0.296881;0.105345;9.615.114
0.325611;0.086191;9.969.456
0.335188;0.114922;10.285.490
0.344765;0.114922;10.591.949
0.335188;0.105345;10.860.099
0.335188;0.095768;10.735.600
0.335188;0.114922;10.266.336
0.316035;0.086191;9.911.995
0.316035;0.105345;9.548.077
0.306458;0.086191;9.308.656
0.277727;0.095768;9.126.697
0.277727;0.095768;9.251.195
0.296881;0.095768;9.481.039
0.306458;0.086191;9.768.343
0.325611;0.086191;10.429.143
0.344765;0.114922;10.687.716
0.344765;0.095768;10.821.792
0.325611;0.124498;10.668.563
0.325611;0.105345;10.390.836
0.325611;0.076614;10.113.108
0.296881;0.114922;9.758.766
0.277727;0.086191;9.222.465
0.277727;0.114922;9.107.543
0.287304;0.095768;9.136.273
0.287304;0.105345;9.586.384
0.306458;0.105345;9.911.995
0.306458;0.095768;10.256.760
0.344765;0.114922;10.735.600
0.354342;0.105345;10.812.215
0.335188;0.105345;10.754.754
0.325611;0.105345;10.563.218
0.335188;0.114922;9.959.879
0.306458;0.105345;9.653.421
0.287304;0.105345;9.385.271
0.287304;0.105345;9.145.850
0.287304;0.076614;9.203.311
0.296881;0.086191;9.414.001
0.306458;0.095768;9.701.305
0.325611;0.105345;10.390.836
0.335188;0.095768;10.658.986
0.344765;0.114922;10.812.215
0.325611;0.076614;10.716.447
0.335188;0.105345;10.477.027
0.306458;0.105345;10.141.838
0.316035;0.114922;9.500.193
0.287304;0.105345;9.279.925
0.296881;0.095768;9.145.850
0.287304;0.095768;9.145.850
0.306458;0.095768;9.528.923
0.316035;0.067038;9.873.688
0.325611;0.105345;10.199.299
0.335188;0.095768;10.706.870
0.344765;0.105345;10.831.368
0.344765;0.114922;10.783.484
0.316035;0.105345;10.362.105
0.306458;0.114922;10.036.493
0.277727;0.095768;9.682.152
0.306458;0.095768;9.404.425
0.287304;0.095768;9.145.850
0.296881;0.095768;9.155.427
0.277727;0.086191;9.385.271
0.325611;0.095768;9.959.879
0.335188;0.105345;10.304.645
0.325611;0.134075;10.601.525
0.363919;0.134075;10.745.177
0.316035;0.095768;10.735.600
0.335188;0.105345;10.515.334
0.325611;0.105345;10.199.299
0.316035;0.086191;9.586.384
0.296881;0.086191;9.318.233
0.287304;0.086191;9.126.697
0.296881;0.086191;9.241.618
0.287304;0.095768;9.490.616
0.306458;0.105345;9.797.073
0.306458;0.124498;10.429.143
0.335188;0.114922;10.687.716
0.344765;0.105345;10.802.638
0.344765;0.124498;10.821.792
0.325611;0.095768;10.390.836
0.325611;0.105345;10.084.377
0.287304;0.105345;9.768.343
0.296881;0.095768;9.241.618
0.316035;0.086191;9.136.273
0.287304;0.105345;9.174.581
0.277727;0.114922;9.327.810
0.316035;0.105345;9.940.725
0.316035;0.105345;10.256.760
0.335188;0.105345;10.544.065
0.335188;0.105345;10.821.792
0.354342;0.105345;10.754.754
0.335188;0.105345;10.563.218
0.316035;0.086191;10.266.336
0.277727;0.076614;9.643.845
0.287304;0.105345;9.366.117
0.277727;0.105345;9.165.004
0.287304;0.086191;9.232.041
0.287304;0.095768;9.404.425
0.306458;0.105345;9.739.613
0.335188;0.095768;10.381.259
0.344765;0.086191;10.630.256
0.335188;0.114922;10.783.484
0.335188;0.124498;10.821.792
0.306458;0.086191;10.457.873
0.316035;0.095768;10.151.415
0.296881;0.086191;9.844.957
0.287304;0.095768;9.270.349
0.287304;0.086191;9.136.273
0.296881;0.076614;9.145.850
0.296881;0.114922;9.528.923
0.306458;0.076614;9.854.534
0.325611;0.105345;10.208.876
0.335188;0.095768;10.477.027
0.354342;0.114922;10.783.484
0.335188;0.095768;10.773.908
0.344765;0.086191;10.611.102
0.325611;0.114922;9.998.186
0.296881;0.095768;9.682.152
0.296881;0.086191;9.423.578
0.296881;0.095768;9.232.041
0.287304;0.114922;9.222.465
0.306458;0.105345;9.414.001
0.296881;0.095768;9.682.152
0.316035;0.105345;10.314.221
0.335188;0.105345;10.611.102
0.325611;0.095768;10.764.331
0.354342;0.086191;10.697.293
0.316035;0.105345;10.515.334
0.306458;0.095768;10.218.452
0.296881;0.114922;9.548.077
0.296881;0.095768;9.299.079
0.287304;0.105345;9.184.157
0.268151;0.086191;9.126.697
0.306458;0.095768;9.481.039
0.316035;0.095768;9.797.073
0.325611;0.105345;10.113.108
0.306458;0.143652;10.668.563
0.325611;0.086191;10.812.215
0.335188;0.124498;10.783.484
0.306458;0.105345;10.649.409
0.306458;0.105345;10.065.224
0.296881;0.114922;9.730.036
0.306458;0.114922;9.442.732
0.296881;0.086191;9.165.004
0.296881;0.105345;9.165.004
0.287304;0.105345;9.356.541
0.306458;0.095768;9.615.114
0.335188;0.095768;10.266.336
0.335188;0.095768;10.544.065
0.344765;0.124498;10.706.870
0.344765;0.105345;10.754.754
0.325611;0.105345;10.563.218
0.296881;0.114922;10.256.760
0.296881;0.114922;9.624.691
0.277727;0.095768;9.346.964
0.287304;0.114922;9.193.734
0.287304;0.086191;9.136.273
0.296881;0.105345;9.442.732
0.287304;0.105345;9.739.613
0.306458;0.095768;10.065.224
0.344765;0.114922;10.611.102
0.354342;0.114922;10.754.754
0.354342;0.134075;10.793.061
0.325611;0.095768;10.438.720
0.335188;0.105345;10.132.261
0.306458;0.095768;9.787.497
0.296881;0.124498;9.500.193
0.277727;0.095768;9.165.004
0.306458;0.086191;9.155.427
0.287304;0.086191;9.337.387
0.335188;0.105345;9.902.418
0.325611;0.114922;10.170.568
0.316035;0.086191;10.496.181
0.335188;0.114922;10.812.215
0.354342;0.095768;10.745.177
0.306458;0.095768;10.611.102
0.325611;0.086191;10.314.221
0.296881;0.095768;9.691.729
0.296881;0.105345;9.375.694
0.287304;0.076614;9.193.734
0.306458;0.105345;9.222.465
0.306458;0.095768;9.414.001
0.316035;0.095768;9.691.729
0.316035;0.105345;9.988.609
0.354342;0.095768;10.591.949
0.344765;0.105345;10.754.754
0.354342;0.124498;10.793.061
0.335188;0.105345;10.496.181
0.306458;0.124498;10.189.722
0.296881;0.086191;9.873.688
0.296881;0.095768;9.289.502
0.296881;0.095768;9.174.581
0.277727;0.105345;9.174.581
0.287304;0.076614;9.308.656
0.296881;0.105345;9.806.650
0.335188;0.114922;10.122.684
0.316035;0.124498;10.448.297
0.354342;0.086191;10.793.061
0.354342;0.086191;10.745.177
0.335188;0.105345;10.620.679
0.325611;0.086191;10.093.954
0.296881;0.105345;9.720.459
0.306458;0.095768;9.461.885
0.277727;0.095768;9.222.465
0.287304;0.124498;9.193.734
0.296881;0.105345;9.356.541
0.306458;0.086191;9.615.114
0.316035;0.076614;10.256.760
0.344765;0.114922;10.505.757
0.344765;0.124498;10.745.177
0.344765;0.105345;10.764.331
0.335188;0.105345;10.524.911
0.296881;0.086191;10.285.490
0.316035;0.095768;9.931.149
0.296881;0.095768;9.346.964
0.287304;0.076614;9.193.734
0.287304;0.105345;9.174.581
0.296881;0.105345;9.452.309
0.325611;0.105345;9.739.613
0.306458;0.076614;10.103.531
0.335188;0.114922;10.381.259
0.344765;0.105345;10.745.177
0.354342;0.114922;10.764.331
0.354342;0.067038;10.400.413
0.325611;0.095768;10.103.531
0.316035;0.114922;9.816.227
0.306458;0.086191;9.481.039
0.287304;0.105345;9.270.349
0.287304;0.076614;9.184.157
0.296881;0.105345;9.346.964
0.296881;0.095768;9.576.807
0.325611;0.114922;10.208.876
0.316035;0.086191;10.486.604
0.325611;0.105345;10.697.293
0.354342;0.105345;10.735.600
0.335188;0.124498;10.572.795
0.306458;0.086191;10.295.067
0.316035;0.105345;9.979.033
0.296881;0.105345;9.414.001
0.296881;0.095768;9.203.311
0.277727;0.124498;9.165.004
0.296881;0.105345;9.423.578
0.316035;0.105345;9.691.729
0.316035;0.105345;10.026.917
0.344765;0.105345;10.611.102
0.354342;0.124498;10.716.447
0.344765;0.095768;10.754.754
0.325611;0.095768;10.678.140
0.316035;0.114922;10.180.145
0.306458;0.105345;9.844.957
0.296881;0.095768;9.538.500
0.306458;0.086191;9.203.311
0.287304;0.076614;9.193.734
0.277727;0.105345;9.279.925
0.296881;0.105345;9.548.077
0.335188;0.095768;10.170.568
0.316035;0.105345;10.429.143
0.335188;0.105345;10.639.832
0.335188;0.124498;10.754.754
0.325611;0.124498;10.620.679
0.335188;0.105345;10.371.682
0.306458;0.095768;9.720.459
0.306458;0.086191;9.452.309
0.277727;0.076614;9.251.195
0.296881;0.086191;9.136.273
0.296881;0.086191;9.385.271
0.316035;0.086191;9.643.845
0.287304;0.095768;9.959.879
0.363919;0.086191;10.553.641
0.325611;0.124498;10.716.447
0.344765;0.114922;10.754.754
0.325611;0.086191;10.505.757
0.316035;0.076614;10.237.606
0.306458;0.095768;9.921.572
0.277727;0.095768;9.605.537
0.287304;0.105345;9.222.465
0.268151;0.076614;9.165.004
0.296881;0.105345;9.270.349
0.306458;0.095768;9.797.073
0.306458;0.105345;10.103.531
0.325611;0.105345;10.362.105
0.316035;0.124498;10.649.409
0.344765;0.114922;10.745.177
0.325611;0.114922;10.630.256
0.335188;0.114922;10.400.413
0.287304;0.105345;9.787.497
0.306458;0.086191;9.471.462
0.296881;0.086191;9.289.502
0.296881;0.095768;9.193.734
0.296881;0.086191;9.327.810
0.287304;0.086191;9.576.807
0.316035;0.105345;9.931.149
0.335188;0.114922;10.505.757
0.335188;0.105345;10.697.293
0.325611;0.124498;10.773.908
0.316035;0.124498;10.553.641
0.316035;0.095768;10.266.336
0.325611;0.105345;9.998.186
0.306458;0.095768;9.394.848
0.287304;0.105345;9.232.041
0.287304;0.076614;9.174.581
0.277727;0.095768;9.241.618
0.325611;0.105345;9.730.036
0.325611;0.076614;10.362.105
0.335188;0.095768;10.745.177
0.325611;0.095768;10.745.177
0.344765;0.105345;10.687.716
0.325611;0.105345;10.438.720
0.287304;0.124498;9.835.381
0.296881;0.114922;9.538.500
0.287304;0.105345;9.308.656
0.287304;0.086191;9.165.004
0.287304;0.086191;9.308.656
0.316035;0.105345;9.557.653
0.306458;0.114922;10.160.992
0.344765;0.095768;10.448.297
0.354342;0.086191;10.668.563
0.344765;0.105345;10.754.754
0.344765;0.095768;10.582.372
0.316035;0.124498;10.323.798
0.316035;0.105345;10.036.493
0.296881;0.105345;9.433.155
0.296881;0.095768;9.232.041
0.287304;0.067038;9.184.157
0.296881;0.105345;9.414.001
0.296881;0.095768;9.672.575
0.325611;0.095768;9.979.033
0.316035;0.114922;10.304.645
0.344765;0.124498;10.697.293
0.335188;0.095768;10.773.908
0.335188;0.095768;10.678.140
0.335188;0.095768;10.208.876
0.316035;0.095768;9.873.688
0.296881;0.086191;9.576.807
0.296881;0.095768;9.356.541
0.287304;0.105345;9.174.581
0.296881;0.086191;9.299.079
0.306458;0.105345;9.500.193
0.316035;0.105345;10.122.684
0.335188;0.095768;10.390.836
0.335188;0.114922;10.620.679
0.344765;0.095768;10.754.754
0.335188;0.105345;10.611.102
0.306458;0.095768;10.371.682
0.325611;0.095768;10.065.224
0.306458;0.086191;9.528.923
0.287304;0.114922;9.299.079
0.287304;0.095768;9.193.734
0.287304;0.105345;9.375.694
0.296881;0.086191;9.615.114
0.306458;0.114922;9.921.572
0.344765;0.095768;10.496.181
0.325611;0.095768;10.697.293
0.344765;0.095768;10.764.331
0.335188;0.114922;10.726.024
0.316035;0.105345;10.266.336
0.306458;0.114922;9.959.879
0.296881;0.105345;9.643.845
0.306458;0.086191;9.222.465
0.296881;0.076614;9.184.157
0.306458;0.095768;9.251.195
0.277727;0.095768;9.461.885
0.306458;0.086191;10.036.493
0.335188;0.114922;10.371.682
0.325611;0.095768;10.611.102
0.325611;0.114922;10.726.024
0.344765;0.095768;10.658.986
0.306458;0.095768;10.141.838
0.316035;0.114922;9.854.534
0.306458;0.095768;9.567.230
0.287304;0.076614;9.346.964
0.277727;0.095768;9.174.581
0.277727;0.086191;9.346.964
0.296881;0.114922;9.576.807
0.344765;0.114922;9.854.534
0.344765;0.114922;10.438.720
0.344765;0.086191;10.639.832
0.344765;0.124498;10.745.177
0.354342;0.095768;10.591.949
0.335188;0.095768;10.314.221
0.306458;0.105345;10.017.340
0.316035;0.095768;9.701.305
0.296881;0.086191;9.241.618
0.287304;0.086191;9.184.157
0.268151;0.114922;9.251.195
0.296881;0.095768;9.691.729
0.325611;0.124498;10.007.763
0.316035;0.114922;10.295.067
0.316035;0.114922;10.706.870
0.335188;0.105345;10.754.754
0.325611;0.114922;10.706.870
0.354342;0.086191;10.486.604
0.325611;0.095768;9.873.688
0.296881;0.095768;9.586.384
0.287304;0.095768;9.346.964
0.296881;0.095768;9.174.581
0.268151;0.124498;9.299.079
0.296881;0.095768;9.519.346
0.306458;0.105345;9.787.497
0.344765;0.086191;10.381.259
0.344765;0.076614;10.658.986
0.335188;0.086191;10.735.600
0.316035;0.134075;10.591.949
0.335188;0.105345;10.352.529
0.325611;0.105345;10.084.377
0.296881;0.105345;9.500.193
0.287304;0.105345;9.270.349
0.268151;0.114922;9.212.888
0.287304;0.134075;9.232.041
0.296881;0.105345;9.634.268
0.306458;0.076614;9.921.572
0.344765;0.105345;10.218.452
0.344765;0.114922;10.706.870
0.344765;0.124498;10.764.331
0.344765;0.114922;10.687.716
0.354342;0.105345;10.534.488
0.296881;0.114922;9.940.725
0.296881;0.124498;9.643.845
0.296881;0.095768;9.385.271
0.287304;0.095768;9.203.311
0.287304;0.095768;9.279.925
0.287304;0.105345;9.490.616
0.316035;0.086191;10.046.070
0.325611;0.114922;10.352.529
0.335188;0.114922;10.553.641
0.344765;0.105345;10.726.024
0.335188;0.095768;10.630.256
0.325611;0.105345;10.400.413
0.316035;0.105345;10.160.992
0.296881;0.086191;9.509.769
0.277727;0.076614;9.318.233
0.287304;0.086191;9.203.311
0.306458;0.076614;9.366.117
0.306458;0.114922;9.595.961
0.316035;0.105345;9.864.111
0.325611;0.095768;10.199.299
0.344765;0.114922;10.668.563
0.335188;0.105345;10.754.754
0.316035;0.105345;10.726.024
0.306458;0.095768;10.304.645
0.325611;0.095768;10.007.763
0.316035;0.105345;9.701.305
0.268151;0.086191;9.270.349
0.287304;0.105345;9.212.888
0.287304;0.105345;9.260.772
0.306458;0.095768;9.452.309
0.325611;0.086191;10.017.340
0.296881;0.105345;10.304.645
0.325611;0.105345;10.563.218
0.335188;0.124498;10.735.600
0.325611;0.124498;10.649.409
0.316035;0.114922;10.467.450
0.306458;0.086191;10.160.992
0.316035;0.086191;9.595.961
0.296881;0.086191;9.356.541
0.287304;0.086191;9.222.465
0.296881;0.095768;9.318.233
0.296881;0.095768;9.509.769
0.287304;0.095768;9.816.227
0.316035;0.105345;10.400.413
0.325611;0.095768;10.611.102
0.335188;0.105345;10.745.177
0.325611;0.086191;10.706.870
0.296881;0.105345;10.333.375
0.325611;0.076614;10.074.800
0.296881;0.086191;9.730.036
0.287304;0.086191;9.299.079
0.296881;0.105345;9.222.465
0.277727;0.105345;9.270.349
0.316035;0.086191;9.442.732
0.306458;0.114922;9.950.302
0.306458;0.105345;10.199.299
0.325611;0.086191;10.505.757
0.316035;0.086191;10.716.447
0.325611;0.114922;10.678.140
0.325611;0.105345;10.477.027
0.306458;0.095768;9.921.572
0.306458;0.067038;9.624.691
0.306458;0.086191;9.423.578
0.287304;0.095768;9.222.465
0.306458;0.114922;9.318.233
0.277727;0.095768;9.509.769
0.306458;0.095768;9.749.189
0.335188;0.105345;10.342.952
0.325611;0.095768;10.582.372
0.344765;0.114922;10.726.024
0.344765;0.124498;10.697.293
0.335188;0.095768;10.381.259
0.325611;0.114922;10.113.108
0.306458;0.114922;9.825.804
0.277727;0.086191;9.327.810
0.287304;0.095768;9.222.465
0.296881;0.114922;9.241.618
0.296881;0.105345;9.595.961
0.325611;0.114922;9.911.995
0.316035;0.114922;10.218.452
0.354342;0.095768;10.639.832
0.344765;0.095768;10.716.447
0.335188;0.105345;10.697.293
0.306458;0.105345;10.295.067
0.325611;0.095768;10.007.763
0.296881;0.095768;9.691.729
0.306458;0.114922;9.442.732
0.296881;0.105345;9.212.888
0.296881;0.095768;9.279.925
0.287304;0.086191;9.461.885
0.316035;0.095768;9.720.459
0.306458;0.095768;10.304.645
0.316035;0.114922;10.544.065
0.335188;0.105345;10.678.140
0.335188;0.095768;10.639.832
0.335188;0.076614;10.429.143
0.325611;0.095768;10.170.568
0.316035;0.105345;9.873.688
0.277727;0.086191;9.356.541
0.277727;0.086191;9.241.618
0.296881;0.086191;9.241.618
0.316035;0.114922;9.528.923
0.296881;0.114922;9.844.957
0.344765;0.095768;10.132.261
0.306458;0.095768;10.620.679
0.335188;0.105345;10.726.024
0.354342;0.134075;10.716.447
0.344765;0.114922;10.563.218
0.316035;0.114922;10.065.224
0.296881;0.105345;9.758.766
0.296881;0.105345;9.452.309
0.287304;0.076614;9.241.618
0.277727;0.086191;9.279.925
0.306458;0.095768;9.414.001
0.306458;0.105345;9.988.609
0.325611;0.105345;10.275.913
0.335188;0.095768;10.515.334
0.344765;0.114922;10.668.563
0.335188;0.114922;10.649.409
0.335188;0.134075;10.496.181
0.325611;0.134075;10.199.299
0.306458;0.095768;9.634.268
0.306458;0.095768;9.414.001
0.316035;0.095768;9.232.041
0.277727;0.105345;9.318.233
0.296881;0.086191;9.509.769
0.306458;0.086191;9.787.497
0.335188;0.095768;10.093.954
0.335188;0.114922;10.630.256
0.335188;0.105345;10.706.870
0.316035;0.105345;10.381.259
0.325611;0.114922;10.093.954
0.335188;0.105345;9.806.650
0.306458;0.095768;9.557.653
0.268151;0.086191;9.222.465
0.277727;0.095768;9.251.195
0.287304;0.095768;9.356.541
0.316035;0.067038;9.921.572
0.335188;0.086191;10.208.876
0.335188;0.114922;10.457.873
0.335188;0.105345;10.716.447
0.344765;0.114922;10.678.140
0.316035;0.105345;10.496.181
0.325611;0.105345;10.256.760
0.316035;0.105345;9.720.459
0.296881;0.086191;9.423.578
0.296881;0.076614;9.279.925
0.287304;0.105345;9.327.810
0.277727;0.105345;9.471.462
0.316035;0.086191;9.739.613
0.335188;0.076614;10.333.375
0.325611;0.086191;10.563.218
0.335188;0.095768;10.706.870
0.335188;0.114922;10.726.024
0.335188;0.114922;10.448.297
0.325611;0.105345;10.160.992
0.335188;0.105345;9.835.381
0.287304;0.086191;9.375.694
0.306458;0.076614;9.232.041
0.296881;0.076614;9.222.465
0.296881;0.086191;9.337.387
0.306458;0.114922;9.835.381
0.316035;0.105345;10.122.684
0.335188;0.114922;10.409.989
0.325611;0.124498;10.735.600
0.335188;0.105345;10.706.870
0.306458;0.105345;10.553.641
0.325611;0.086191;10.026.917
0.316035;0.114922;9.777.920
0.287304;0.095768;9.481.039
0.277727;0.114922;9.299.079
0.296881;0.114922;9.289.502
0.306458;0.076614;9.442.732
0.306458;0.095768;9.701.305
0.325611;0.105345;10.266.336
0.335188;0.105345;10.496.181
0.344765;0.114922;10.678.140
0.335188;0.105345;10.706.870
0.325611;0.095768;10.467.450
0.306458;0.124498;10.199.299
0.316035;0.105345;9.921.572
0.296881;0.095768;9.404.425
0.296881;0.076614;9.270.349
0.306458;0.114922;9.232.041
0.296881;0.105345;9.538.500
0.296881;0.114922;9.806.650
0.325611;0.086191;10.132.261
0.325611;0.105345;10.390.836
0.344765;0.114922;10.716.447
0.335188;0.086191;10.687.716
0.325611;0.105345;10.582.372
0.316035;0.114922;10.065.224
0.316035;0.114922;9.806.650
0.296881;0.105345;9.500.193
0.296881;0.095768;9.251.195
0.277727;0.067038;9.260.772
0.296881;0.095768;9.394.848
0.306458;0.114922;9.634.268
0.335188;0.095768;10.208.876
0.335188;0.124498;10.457.873
0.344765;0.095768;10.668.563
0.335188;0.105345;10.668.563
0.325611;0.095768;10.496.181
0.335188;0.086191;10.256.760
0.287304;0.095768;9.414.001
0.316035;0.086191;9.289.502
0.287304;0.095768;9.232.041
0.296881;0.076614;9.461.885
0.306458;0.076614;9.739.613
0.316035;0.095768;10.046.070
0.344765;0.105345;10.563.218
0.335188;0.114922;10.697.293
0.335188;0.114922;10.716.447
0.316035;0.095768;10.601.525
0.316035;0.105345;10.151.415
0.306458;0.114922;9.844.957
0.296881;0.095768;9.586.384
0.296881;0.095768;9.260.772
0.287304;0.105345;9.279.925
0.287304;0.095768;9.375.694
0.287304;0.095768;9.844.957
0.316035;0.114922;10.151.415
0.316035;0.105345;10.409.989
0.335188;0.086191;10.649.409
0.335188;0.086191;10.678.140
0.335188;0.105345;10.496.181
0.316035;0.086191;10.304.645
0.325611;0.105345;9.758.766
0.287304;0.095768;9.481.039
0.287304;0.105345;9.299.079
0.277727;0.134075;9.241.618
0.316035;0.105345;9.452.309
0.316035;0.114922;9.710.882
0.325611;0.095768;9.988.609
0.335188;0.114922;10.524.911
0.335188;0.114922;10.639.832
0.344765;0.114922;10.716.447
0.335188;0.114922;10.429.143
0.306458;0.095768;10.199.299
0.306458;0.095768;9.892.841
0.277727;0.095768;9.634.268
0.306458;0.095768;9.251.195
0.306458;0.105345;9.222.465
0.306458;0.095768;9.327.810
0.316035;0.095768;9.835.381
0.316035;0.105345;10.093.954
0.325611;0.105345;10.371.682
0.335188;0.124498;10.726.024
0.335188;0.095768;10.697.293
0.316035;0.086191;10.591.949
0.335188;0.124498;10.362.105
0.306458;0.095768;9.787.497
0.316035;0.095768;9.538.500
0.316035;0.086191;9.346.964
0.325611;0.095768;9.279.925
0.296881;0.124498;9.433.155
0.306458;0.105345;9.643.845
0.335188;0.105345;9.940.725
0.325611;0.114922;10.467.450
0.335188;0.095768;10.639.832
0.344765;0.086191;10.678.140
0.325611;0.124498;10.477.027
0.316035;0.086191;10.237.606
0.306458;0.105345;9.950.302
0.296881;0.124498;9.433.155
0.287304;0.105345;9.289.502
0.287304;0.095768;9.251.195
0.287304;0.076614;9.346.964
0.316035;0.076614;9.787.497
0.325611;0.105345;10.055.647
0.306458;0.105345;10.323.798
0.325611;0.134075;10.697.293
0.354342;0.105345;10.726.024
0.335188;0.114922;10.572.795
0.306458;0.105345;10.113.108
0.287304;0.076614;9.825.804
0.306458;0.095768;9.586.384
0.277727;0.114922;9.366.117
0.296881;0.105345;9.289.502
0.296881;0.095768;9.394.848
0.325611;0.105345;9.854.534
0.325611;0.086191;10.170.568
0.325611;0.114922;10.438.720
0.335188;0.095768;10.620.679
0.325611;0.095768;10.697.293
0.316035;0.124498;10.496.181
0.325611;0.086191;10.266.336
0.316035;0.105345;10.007.763
0.296881;0.114922;9.471.462
0.277727;0.076614;9.337.387
0.287304;0.105345;9.260.772
0.277727;0.114922;9.481.039
0.306458;0.095768;9.730.036
0.306458;0.105345;10.017.340
0.325611;0.105345;10.275.913
0.344765;0.105345;10.658.986
0.325611;0.124498;10.687.716
0.325611;0.105345;10.601.525
0.325611;0.105345;10.180.145
0.306458;0.105345;9.911.995
0.287304;0.095768;9.605.537
0.287304;0.067038;9.385.271
0.316035;0.086191;9.270.349
0.287304;0.114922;9.366.117
0.306458;0.076614;9.586.384
0.325611;0.105345;10.113.108
0.335188;0.105345;10.371.682
0.354342;0.114922;10.563.218
0.335188;0.124498;10.678.140
0.335188;0.114922;10.515.334
0.325611;0.095768;10.314.221
0.325611;0.086191;10.055.647
0.306458;0.124498;9.528.923
0.287304;0.105345;9.337.387
0.296881;0.086191;9.270.349
0.287304;0.105345;9.442.732
0.296881;0.124498;9.682.152
0.316035;0.105345;9.931.149
0.325611;0.095768;10.477.027
0.354342;0.105345;10.639.832
0.344765;0.086191;10.687.716
0.344765;0.105345;10.649.409
0.316035;0.095768;10.218.452
0.306458;0.124498;9.950.302
0.316035;0.114922;9.634.268
0.296881;0.105345;9.318.233
0.287304;0.095768;9.260.772
0.287304;0.114922;9.337.387
0.306458;0.105345;9.787.497
0.306458;0.105345;10.074.800
0.316035;0.105345;10.352.529
0.325611;0.114922;10.553.641
0.325611;0.095768;10.697.293
0.316035;0.105345;10.582.372
0.306458;0.095768;10.113.108
0.316035;0.095768;9.835.381
0.296881;0.095768;9.576.807
0.296881;0.095768;9.385.271
0.296881;0.086191;9.260.772
0.296881;0.095768;9.414.001
0.287304;0.105345;9.624.691
0.306458;0.086191;9.902.418
0.344765;0.105345;10.448.297
0.335188;0.105345;10.620.679
0.325611;0.105345;10.687.716
0.335188;0.095768;10.486.604
0.316035;0.105345;10.295.067
0.325611;0.086191;9.988.609
0.306458;0.114922;9.701.305
0.306458;0.067038;9.327.810
0.287304;0.076614;9.260.772
0.287304;0.114922;9.318.233
0.335188;0.086191;9.739.613
0.316035;0.086191;10.017.340
0.316035;0.124498;10.266.336
0.363919;0.114922;10.639.832
0.325611;0.124498;10.678.140
0.344765;0.134075;10.611.102
0.316035;0.086191;10.400.413
0.296881;0.086191;9.902.418
0.306458;0.086191;9.634.268
0.296881;0.095768;9.394.848
0.277727;0.086191;9.299.079
0.296881;0.086191;9.366.117
0.296881;0.095768;9.567.230
0.335188;0.095768;9.854.534
0.354342;0.134075;10.400.413
0.335188;0.114922;10.572.795
0.335188;0.124498;10.668.563
0.335188;0.105345;10.524.911
0.325611;0.076614;10.323.798
0.316035;0.105345;10.046.070
0.296881;0.095768;9.500.193
0.296881;0.114922;9.356.541
0.296881;0.095768;9.270.349
0.296881;0.105345;9.279.925
0.296881;0.095768;9.682.152
0.325611;0.095768;9.950.302
0.335188;0.076614;10.228.029
0.335188;0.105345;10.630.256
0.316035;0.124498;10.687.716
0.335188;0.095768;10.639.832
0.306458;0.105345;10.189.722
0.306458;0.095768;9.940.725
0.287304;0.086191;9.672.575
0.287304;0.086191;9.433.155
0.268151;0.086191;9.279.925
0.296881;0.086191;9.366.117
0.296881;0.095768;9.576.807
0.335188;0.114922;10.055.647
0.316035;0.095768;10.323.798
0.325611;0.114922;10.544.065
0.325611;0.105345;10.687.716
0.325611;0.095768;10.572.795
0.335188;0.105345;10.352.529
0.316035;0.086191;10.113.108
0.287304;0.095768;9.557.653
0.287304;0.095768;9.366.117
0.268151;0.095768;9.279.925
0.287304;0.105345;9.414.001
0.306458;0.105345;9.634.268
0.306458;0.105345;9.902.418
0.335188;0.114922;10.160.992
0.344765;0.095768;10.611.102
0.335188;0.105345;10.687.716
0.335188;0.095768;10.620.679
0.316035;0.095768;10.247.183
0.306458;0.086191;9.969.456
0.306458;0.095768;9.720.459
0.287304;0.105345;9.471.462
0.306458;0.105345;9.251.195
0.277727;0.086191;9.327.810
0.316035;0.114922;9.519.346
0.296881;0.124498;10.046.070
0.344765;0.095768;10.314.221
0.335188;0.105345;10.505.757
0.335188;0.114922;10.658.986
0.335188;0.114922;10.591.949
0.306458;0.105345;10.390.836
0.335188;0.114922;10.160.992
0.287304;0.095768;9.595.961
0.296881;0.105345;9.394.848
0.287304;0.076614;9.279.925
0.306458;0.076614;9.385.271
0.306458;0.095768;9.605.537
0.306458;0.105345;9.854.534
0.316035;0.114922;10.390.836
0.325611;0.086191;10.582.372
0.325611;0.095768;10.649.409
0.325611;0.105345;10.639.832
0.325611;0.095768;10.285.490
0.316035;0.105345;10.074.800
0.296881;0.067038;9.758.766
0.287304;0.086191;9.318.233
0.296881;0.086191;9.260.772
0.287304;0.086191;9.318.233
0.287304;0.086191;9.461.885
0.306458;0.105345;9.950.302
0.335188;0.095768;10.228.029
0.325611;0.105345;10.477.027
0.354342;0.124498;10.678.140
0.316035;0.095768;10.620.679
0.316035;0.114922;10.438.720
0.316035;0.076614;9.921.572
0.296881;0.095768;9.682.152
0.287304;0.095768;9.423.578
0.306458;0.095768;9.279.925
0.306458;0.095768;9.366.117
0.287304;0.095768;9.548.077
0.316035;0.095768;9.797.073
0.316035;0.095768;10.342.952
0.335188;0.105345;10.553.641
0.335188;0.124498;10.649.409
0.325611;0.124498;10.563.218
0.335188;0.095768;10.093.954
0.306458;0.114922;9.806.650
0.287304;0.105345;9.366.117
0.296881;0.114922;9.270.349
0.296881;0.086191;9.308.656
0.325611;0.095768;9.643.845
0.306458;0.095768;9.911.995
0.316035;0.095768;10.170.568
0.316035;0.114922;10.438.720
0.335188;0.105345;10.658.986
0.316035;0.114922;10.630.256
0.316035;0.086191;10.457.873
0.306458;0.086191;9.959.879
0.296881;0.086191;9.710.882
0.296881;0.076614;9.461.885
0.268151;0.086191;9.270.349
0.306458;0.105345;9.356.541
0.287304;0.095768;9.538.500
0.296881;0.086191;9.749.189
0.335188;0.105345;10.304.645
0.344765;0.105345;10.496.181
0.335188;0.114922;10.649.409
0.335188;0.114922;10.563.218
0.325611;0.114922;10.371.682
0.316035;0.114922;10.113.108
0.306458;0.105345;9.615.114
0.296881;0.105345;9.385.271
0.296881;0.095768;9.308.656
0.306458;0.095768;9.279.925
0.306458;0.105345;9.615.114
0.287304;0.086191;9.873.688
0.316035;0.076614;10.132.261
0.335188;0.105345;10.582.372
0.344765;0.105345;10.639.832
0.325611;0.105345;10.620.679
0.335188;0.114922;10.505.757
0.296881;0.086191;10.007.763
0.287304;0.095768;9.777.920
0.296881;0.114922;9.500.193
0.277727;0.086191;9.327.810
0.287304;0.105345;9.337.387
0.306458;0.114922;9.739.613
0.325611;0.095768;9.979.033
0.316035;0.095768;10.256.760
0.335188;0.095768;10.477.027
0.344765;0.114922;10.630.256
0.335188;0.086191;10.611.102
0.325611;0.086191;10.390.836
0.316035;0.105345;10.170.568
0.306458;0.076614;9.643.845
0.306458;0.114922;9.442.732
0.296881;0.086191;9.299.079
0.277727;0.086191;9.394.848
0.306458;0.086191;9.576.807
0.325611;0.086191;9.835.381
0.296881;0.086191;10.084.377
0.325611;0.105345;10.524.911
0.344765;0.095768;10.668.563
0.325611;0.114922;10.658.986
0.306458;0.124498;10.314.221
0.306458;0.105345;10.084.377
0.306458;0.105345;9.797.073
0.306458;0.105345;9.557.653
0.268151;0.095768;9.279.925
0.287304;0.076614;9.308.656
0.287304;0.095768;9.442.732
0.316035;0.105345;9.931.149
0.335188;0.105345;10.199.299
0.316035;0.095768;10.429.143
0.344765;0.095768;10.639.832
0.325611;0.095768;10.611.102
0.325611;0.105345;10.448.297
0.306458;0.105345;9.959.879
0.316035;0.095768;9.710.882
0.287304;0.095768;9.481.039
0.277727;0.076614;9.318.233
0.287304;0.105345;9.375.694
0.306458;0.114922;9.519.346
0.296881;0.114922;9.777.920
0.325611;0.105345;10.295.067
0.325611;0.105345;10.496.181
0.335188;0.095768;10.620.679
0.344765;0.105345;10.534.488
0.316035;0.076614;10.352.529
0.316035;0.105345;10.113.108
0.296881;0.095768;9.586.384
0.306458;0.076614;9.394.848
0.306458;0.076614;9.308.656
0.287304;0.095768;9.327.810
0.287304;0.067038;9.452.309
0.325611;0.105345;9.911.995
0.325611;0.095768;10.141.838
0.325611;0.095768;10.371.682
0.335188;0.114922;10.649.409
0.344765;0.105345;10.601.525
0.316035;0.105345;10.477.027
0.306458;0.105345;9.988.609
0.316035;0.105345;9.730.036
0.287304;0.095768;9.490.616
0.287304;0.105345;9.346.964
0.296881;0.105345;9.356.541
0.287304;0.105345;9.481.039
0.316035;0.086191;9.739.613
0.325611;0.114922;10.256.760
0.316035;0.114922;10.467.450
0.325611;0.114922;10.601.525
0.335188;0.095768;10.582.372
0.306458;0.095768;10.409.989
0.306458;0.095768;10.141.838
0.306458;0.086191;9.883.265
0.287304;0.095768;9.442.732
0.296881;0.076614;9.337.387
0.306458;0.095768;9.308.656
0.316035;0.095768;9.586.384
0.316035;0.095768;9.835.381
0.306458;0.086191;10.113.108
0.316035;0.095768;10.381.259
0.325611;0.105345;10.649.409
0.344765;0.086191;10.620.679
0.335188;0.105345;10.505.757
0.335188;0.114922;10.036.493
0.306458;0.105345;9.787.497
0.306458;0.076614;9.557.653
0.296881;0.086191;9.299.079
0.287304;0.086191;9.327.810
0.316035;0.095768;9.433.155
0.306458;0.067038;9.691.729
0.325611;0.105345;10.218.452
0.306458;0.095768;10.429.143
0.354342;0.114922;10.601.525
0.325611;0.105345;10.611.102
0.335188;0.095768;10.457.873
0.344765;0.114922;10.218.452
0.306458;0.105345;9.682.152
0.296881;0.105345;9.490.616
0.287304;0.124498;9.327.810
0.287304;0.114922;9.308.656
0.296881;0.086191;9.548.077
0.306458;0.086191;9.777.920
0.325611;0.105345;10.074.800
0.335188;0.095768;10.524.911
0.335188;0.105345;10.639.832
0.325611;0.076614;10.620.679
0.306458;0.105345;10.342.952
0.335188;0.105345;10.103.531
0.306458;0.105345;9.854.534
0.277727;0.114922;9.576.807
0.296881;0.086191;9.308.656
0.296881;0.086191;9.318.233
0.316035;0.086191;9.892.841
0.316035;0.095768;10.160.992
0.344765;0.124498;10.381.259
0.344765;0.105345;10.553.641
0.335188;0.105345;10.620.679
0.325611;0.105345;10.448.297
0.325611;0.105345;10.256.760
0.306458;0.095768;9.749.189
0.287304;0.105345;9.500.193
0.277727;0.086191;9.346.964
0.306458;0.114922;9.385.271
0.296881;0.124498;9.528.923
0.306458;0.095768;9.758.766
0.325611;0.114922;10.007.763
0.344765;0.095768;10.457.873
0.344765;0.105345;10.611.102
0.335188;0.114922;10.620.679
0.306458;0.124498;10.371.682
0.316035;0.095768;10.132.261
0.296881;0.124498;9.892.841
0.296881;0.105345;9.624.691
0.306458;0.086191;9.337.387
0.287304;0.086191;9.346.964
0.287304;0.105345;9.433.155
0.316035;0.105345;9.844.957
0.306458;0.076614;10.122.684
0.325611;0.095768;10.544.065
0.335188;0.105345;10.611.102
0.335188;0.114922;10.620.679
0.325611;0.095768;10.505.757
0.335188;0.105345;10.285.490
0.306458;0.095768;9.777.920
0.306458;0.086191;9.567.230
0.287304;0.095768;9.375.694
0.296881;0.095768;9.346.964
0.306458;0.095768;9.490.616
0.306458;0.095768;9.691.729
0.325611;0.105345;9.959.879
0.335188;0.086191;10.409.989
0.325611;0.134075;10.582.372
0.325611;0.124498;10.591.949
0.316035;0.086191;10.419.566
0.316035;0.067038;10.218.452
0.306458;0.095768;9.950.302
0.296881;0.095768;9.500.193
0.287304;0.086191;9.327.810
0.296881;0.095768;9.318.233
0.306458;0.095768;9.394.848
0.316035;0.134075;9.797.073
0.316035;0.105345;10.093.954
0.316035;0.095768;10.295.067
0.335188;0.105345;10.630.256
0.316035;0.105345;10.630.256
0.325611;0.105345;10.524.911
0.306458;0.076614;10.103.531
0.306458;0.095768;9.835.381
0.306458;0.105345;9.567.230
0.306458;0.086191;9.404.425
0.287304;0.076614;9.327.810
0.325611;0.114922;9.442.732
0.306458;0.086191;9.662.998
0.335188;0.095768;10.170.568
0.354342;0.114922;10.409.989
0.325611;0.114922;10.572.795
0.316035;0.105345;10.639.832
0.344765;0.114922;10.438.720
0.325611;0.086191;10.247.183
0.316035;0.095768;9.969.456
0.306458;0.095768;9.500.193
0.296881;0.086191;9.366.117
0.277727;0.057461;9.289.502
0.287304;0.095768;9.538.500
0.306458;0.095768;9.749.189
0.344765;0.105345;10.017.340
0.325611;0.095768;10.256.760
0.344765;0.095768;10.601.525
0.344765;0.086191;10.630.256
0.325611;0.114922;10.352.529
0.325611;0.105345;10.122.684
0.306458;0.095768;9.864.111
0.296881;0.105345;9.634.268
0.287304;0.067038;9.308.656
0.287304;0.095768;9.337.387
0.287304;0.076614;9.423.578
0.287304;0.086191;9.643.845
0.325611;0.105345;10.141.838
0.354342;0.105345;10.342.952
0.325611;0.095768;10.534.488
0.325611;0.105345;10.601.525
0.325611;0.105345;10.467.450
0.316035;0.095768;10.266.336
0.306458;0.095768;9.749.189
0.287304;0.095768;9.557.653
0.287304;0.076614;9.385.271
0.296881;0.105345;9.318.233
0.296881;0.105345;9.500.193
0.316035;0.095768;9.710.882
0.316035;0.086191;9.969.456
0.335188;0.095768;10.419.566
0.335188;0.114922;10.582.372
0.335188;0.095768;10.649.409
0.335188;0.105345;10.572.795
0.335188;0.086191;10.199.299
0.316035;0.114922;9.911.995
0.296881;0.076614;9.653.421
0.277727;0.095768;9.318.233
0.306458;0.086191;9.327.810
0.287304;0.095768;9.385.271
0.316035;0.105345;9.825.804
0.296881;0.105345;10.046.070
0.325611;0.095768;10.314.221
0.335188;0.105345;10.505.757
0.325611;0.105345;10.601.525
0.316035;0.105345;10.467.450
0.325611;0.105345;10.304.645
0.306458;0.067038;9.787.497
0.296881;0.086191;9.567.230
0.296881;0.114922;9.366.117
0.296881;0.114922;9.327.810
0.306458;0.105345;9.471.462
0.306458;0.086191;9.672.575
0.316035;0.095768;9.902.418
0.335188;0.095768;10.400.413
0.354342;0.086191;10.572.795
0.335188;0.124498;10.457.873
0.335188;0.095768;10.218.452
0.325611;0.105345;9.959.879
0.287304;0.105345;9.672.575
0.296881;0.095768;9.356.541
0.296881;0.095768;9.308.656
0.296881;0.095768;9.375.694
0.316035;0.105345;9.777.920
0.316035;0.095768;10.017.340
0.344765;0.105345;10.285.490
0.325611;0.086191;10.620.679
0.325611;0.114922;10.620.679
0.335188;0.124498;10.524.911
0.335188;0.105345;10.323.798
0.306458;0.095768;9.873.688
0.306458;0.105345;9.634.268
0.277727;0.095768;9.423.578
0.277727;0.076614;9.337.387
0.287304;0.086191;9.442.732
0.316035;0.095768;9.634.268
0.316035;0.114922;9.854.534
0.325611;0.086191;10.362.105
0.344765;0.114922;10.544.065
0.325611;0.095768;10.601.525
0.325611;0.067038;10.448.297
0.306458;0.105345;10.285.490
0.316035;0.095768;10.007.763
0.287304;0.057461;9.548.077
0.296881;0.086191;9.394.848
0.296881;0.095768;9.327.810
0.277727;0.095768;9.366.117
0.325611;0.114922;9.730.036
0.296881;0.095768;9.988.609
0.325611;0.105345;10.208.876
0.354342;0.114922;10.591.949
0.325611;0.095768;10.620.679
0.325611;0.095768;10.563.218
0.316035;0.105345;10.160.992
0.306458;0.067038;9.911.995
0.296881;0.095768;9.672.575
0.277727;0.086191;9.452.309
0.296881;0.095768;9.346.964
0.296881;0.124498;9.433.155
0.296881;0.105345;9.576.807
0.344765;0.105345;10.065.224
0.325611;0.114922;10.285.490
0.325611;0.105345;10.524.911
0.344765;0.095768;10.601.525
0.325611;0.105345;10.467.450
0.325611;0.095768;10.304.645
0.316035;0.095768;10.065.224
0.306458;0.105345;9.586.384
0.287304;0.095768;9.414.001
0.287304;0.095768;9.327.810
0.287304;0.086191;9.481.039
0.306458;0.105345;9.691.729
0.296881;0.105345;9.921.572
0.325611;0.095768;10.180.145
0.306458;0.114922;10.534.488
0.316035;0.095768;10.601.525
0.335188;0.086191;10.582.372
0.316035;0.114922;10.199.299
0.296881;0.105345;9.950.302
0.296881;0.095768;9.701.305
0.277727;0.086191;9.394.848
0.287304;0.105345;9.327.810
0.287304;0.086191;9.404.425
0.306458;0.086191;9.548.077
0.306458;0.105345;10.036.493
0.316035;0.095768;10.256.760
0.344765;0.105345;10.467.450
0.325611;0.105345;10.601.525
0.325611;0.105345;10.486.604
0.335188;0.086191;10.352.529
0.335188;0.095768;10.103.531
0.306458;0.105345;9.643.845
0.277727;0.105345;9.452.309
0.296881;0.114922;9.327.810
0.287304;0.114922;9.433.155
0.296881;0.086191;9.662.998
0.316035;0.086191;9.883.265
0.325611;0.086191;10.362.105
0.335188;0.105345;10.524.911
0.335188;0.124498;10.601.525
0.325611;0.105345;10.582.372
0.316035;0.095768;10.228.029
0.316035;0.086191;10.007.763
0.325611;0.114922;9.739.613
0.287304;0.105345;9.375.694
0.306458;0.095768;9.327.810
0.287304;0.095768;9.385.271
0.306458;0.105345;9.749.189
0.316035;0.086191;9.988.609
0.306458;0.086191;10.247.183
0.316035;0.114922;10.467.450
0.316035;0.095768;10.591.949
0.325611;0.086191;10.342.952
0.306458;0.095768;9.892.841
0.306458;0.086191;9.653.421
0.296881;0.114922;9.490.616
0.316035;0.086191;9.346.964
0.296881;0.095768;9.452.309
0.296881;0.076614;9.624.691
0.296881;0.134075;9.825.804
0.335188;0.114922;10.323.798
0.316035;0.105345;10.486.604
0.325611;0.086191;10.591.949
0.325611;0.095768;10.486.604
0.316035;0.095768;10.285.490
0.335188;0.095768;10.046.070
0.296881;0.105345;9.768.343
0.277727;0.114922;9.414.001
0.287304;0.105345;9.337.387
0.296881;0.105345;9.394.848
0.306458;0.095768;9.691.729
0.316035;0.105345;9.931.149
0.316035;0.105345;10.199.299
0.325611;0.095768;10.553.641
0.316035;0.086191;10.591.949
0.344765;0.124498;10.544.065
0.344765;0.105345;10.400.413
0.316035;0.105345;9.959.879
0.306458;0.095768;9.682.152
0.306458;0.095768;9.490.616
0.287304;0.105345;9.346.964
0.287304;0.086191;9.404.425
0.296881;0.095768;9.595.961
0.325611;0.124498;10.055.647
0.325611;0.095768;10.295.067
0.335188;0.095768;10.496.181
0.335188;0.095768;10.563.218
0.325611;0.105345;10.496.181
0.316035;0.105345;10.074.800
0.306458;0.086191;9.624.691
0.306458;0.095768;9.423.578
0.296881;0.076614;9.337.387
0.296881;0.086191;9.662.998
0.316035;0.114922;9.902.418
0.306458;0.114922;10.160.992
0.325611;0.105345;10.534.488
0.316035;0.095768;10.591.949
0.354342;0.086191;10.553.641
0.306458;0.095768;10.438.720
0.335188;0.105345;9.979.033
0.306458;0.114922;9.720.459
0.316035;0.124498;9.509.769
0.296881;0.114922;9.356.541
0.306458;0.114922;9.414.001
0.306458;0.095768;9.557.653
0.306458;0.105345;9.998.186
0.325611;0.124498;10.237.606
0.325611;0.105345;10.409.989
0.335188;0.105345;10.563.218
0.325611;0.095768;10.544.065
0.316035;0.086191;10.362.105
0.306458;0.105345;10.132.261
0.306458;0.095768;9.643.845
0.287304;0.086191;9.452.309
0.296881;0.095768;9.366.117
0.296881;0.105345;9.461.885
0.306458;0.076614;9.634.268
0.306458;0.105345;9.854.534
0.316035;0.114922;10.103.531
0.325611;0.114922;10.505.757
0.325611;0.114922;10.601.525
0.325611;0.095768;10.572.795
0.316035;0.114922;10.285.490
0.296881;0.105345;10.017.340
0.287304;0.086191;9.749.189
0.306458;0.095768;9.576.807
0.296881;0.105345;9.337.387
0.287304;0.067038;9.404.425
0.296881;0.095768;9.500.193
0.306458;0.124498;9.988.609
0.344765;0.095768;10.199.299
0.344765;0.086191;10.400.413
0.335188;0.105345;10.601.525
0.316035;0.105345;10.534.488
0.325611;0.114922;10.352.529
0.335188;0.086191;10.170.568
0.306458;0.086191;9.682.152
0.306458;0.095768;9.490.616
0.268151;0.076614;9.433.155
0.287304;0.095768;9.414.001
0.316035;0.086191;9.605.537
0.306458;0.086191;9.806.650
0.335188;0.105345;10.285.490
0.325611;0.114922;10.486.604
0.316035;0.105345;10.553.641
0.335188;0.114922;10.591.949
0.344765;0.114922;10.295.067
0.306458;0.095768;10.065.224
0.296881;0.095768;9.825.804
0.287304;0.086191;9.461.885
0.277727;0.124498;9.394.848
0.325611;0.095768;9.356.541
0.316035;0.086191;9.528.923
0.296881;0.105345;9.940.725
0.316035;0.114922;10.132.261
0.335188;0.095768;10.371.682
0.344765;0.114922;10.572.795
0.325611;0.105345;10.544.065
0.316035;0.095768;10.409.989
0.316035;0.086191;9.950.302
0.306458;0.095768;9.720.459
0.306458;0.105345;9.519.346
0.296881;0.086191;9.366.117
0.287304;0.095768;9.433.155
0.296881;0.105345;9.538.500
0.316035;0.086191;9.777.920
0.325611;0.114922;10.266.336
0.335188;0.114922;10.438.720
0.316035;0.095768;10.572.795
0.344765;0.095768;10.515.334
0.325611;0.086191;10.333.375
0.316035;0.114922;10.132.261
0.296881;0.095768;9.873.688
0.296881;0.095768;9.461.885
0.296881;0.105345;9.375.694
0.306458;0.095768;9.366.117
0.287304;0.105345;9.643.845
0.296881;0.114922;9.864.111
0.325611;0.095768;10.132.261
0.344765;0.105345;10.314.221
0.325611;0.114922;10.591.949
0.306458;0.095768;10.553.641
0.325611;0.095768;10.419.566
0.316035;0.086191;9.998.186
0.287304;0.095768;9.787.497
0.296881;0.095768;9.586.384
0.287304;0.105345;9.346.964
0.296881;0.105345;9.528.923
0.325611;0.095768;10.218.452
0.335188;0.105345;10.419.566
0.344765;0.095768;10.534.488
0.316035;0.095768;10.381.259
0.316035;0.076614;10.141.838
0.316035;0.086191;9.672.575
0.296881;0.086191;9.481.039
0.296881;0.086191;9.394.848
0.296881;0.086191;9.385.271
0.296881;0.086191;9.605.537
0.325611;0.095768;9.835.381
0.316035;0.086191;10.084.377
0.325611;0.095768;10.477.027
0.344765;0.124498;10.563.218
0.335188;0.114922;10.601.525
0.325611;0.114922;10.457.873
0.316035;0.095768;10.055.647
0.306458;0.114922;9.797.073
0.296881;0.095768;9.452.309
0.306458;0.095768;9.356.541
0.287304;0.114922;9.366.117
0.287304;0.086191;9.500.193
0.316035;0.086191;9.940.725
0.325611;0.095768;10.189.722
0.335188;0.105345;10.362.105
0.325611;0.114922;10.515.334
0.335188;0.114922;10.524.911
0.325611;0.105345;10.419.566
0.316035;0.095768;10.180.145
0.335188;0.095768;9.739.613
0.296881;0.105345;9.528.923
0.287304;0.095768;9.394.848
0.296881;0.105345;9.375.694
0.306458;0.105345;9.567.230
0.316035;0.124498;9.797.073
0.316035;0.086191;10.017.340
0.316035;0.105345;10.448.297
0.325611;0.105345;10.534.488
0.344765;0.124498;10.563.218
0.306458;0.095768;10.295.067
0.316035;0.114922;10.084.377
0.306458;0.105345;9.873.688
0.287304;0.105345;9.634.268
0.306458;0.086191;9.375.694
0.287304;0.105345;9.404.425
0.306458;0.095768;9.490.616
0.306458;0.095768;9.902.418
0.316035;0.105345;10.132.261
0.316035;0.095768;10.342.952
0.344765;0.114922;10.572.795
0.325611;0.105345;10.563.218
0.325611;0.124498;10.419.566
0.335188;0.124498;10.256.760
0.306458;0.095768;9.758.766
0.316035;0.105345;9.567.230
0.296881;0.105345;9.414.001
0.287304;0.086191;9.414.001
0.296881;0.095768;9.548.077
0.306458;0.086191;9.749.189
0.335188;0.095768;10.208.876
0.325611;0.086191;10.400.413
0.325611;0.105345;10.544.065
0.335188;0.124498;10.591.949
0.335188;0.095768;10.362.105
0.296881;0.086191;10.141.838
0.325611;0.105345;9.902.418
0.296881;0.114922;9.509.769
0.296881;0.076614;9.375.694
0.296881;0.105345;9.385.271
0.306458;0.086191;9.624.691
0.335188;0.105345;9.854.534
0.335188;0.105345;10.122.684
0.335188;0.114922;10.333.375
0.325611;0.105345;10.553.641
0.325611;0.105345;10.563.218
0.335188;0.095768;10.448.297
0.325611;0.124498;10.046.070
0.316035;0.095768;9.835.381
0.306458;0.105345;9.605.537
0.296881;0.067038;9.442.732
0.277727;0.114922;9.394.848
0.287304;0.114922;9.509.769
0.296881;0.067038;9.720.459
0.335188;0.095768;10.180.145
0.316035;0.095768;10.362.105
0.325611;0.105345;10.505.757
0.296881;0.105345;10.515.334
0.325611;0.105345;10.400.413
0.344765;0.095768;10.160.992
0.306458;0.105345;9.950.302
0.296881;0.105345;9.528.923
0.287304;0.105345;9.375.694
0.306458;0.095768;9.375.694
0.306458;0.105345;9.615.114
0.316035;0.086191;9.816.227
0.296881;0.105345;10.036.493
0.344765;0.114922;10.275.913
0.335188;0.105345;10.544.065
0.325611;0.095768;10.534.488
0.325611;0.114922;10.477.027
0.335188;0.076614;10.084.377
0.296881;0.105345;9.864.111
0.296881;0.105345;9.653.421
0.287304;0.086191;9.375.694
0.306458;0.095768;9.404.425
0.316035;0.105345;9.519.346
0.296881;0.105345;9.691.729
0.316035;0.095768;10.132.261
0.344765;0.105345;10.342.952
0.354342;0.095768;10.496.181
0.335188;0.076614;10.534.488
0.325611;0.076614;10.419.566
0.306458;0.114922;9.988.609
0.306458;0.095768;9.749.189
0.277727;0.095768;9.538.500
0.306458;0.095768;9.433.155
0.287304;0.086191;9.366.117
0.316035;0.095768;9.576.807
0.306458;0.105345;9.749.189
0.316035;0.105345;10.007.763
0.325611;0.124498;10.390.836
0.325611;0.114922;10.534.488
0.325611;0.095768;10.572.795
0.325611;0.114922;10.515.334
0.306458;0.114922;10.113.108
0.316035;0.086191;9.883.265
0.287304;0.095768;9.682.152
0.277727;0.095768;9.394.848
0.296881;0.095768;9.414.001
0.296881;0.086191;9.481.039
0.325611;0.105345;9.873.688
0.296881;0.114922;10.084.377
0.316035;0.105345;10.314.221
0.344765;0.095768;10.477.027
0.354342;0.114922;10.544.065
0.325611;0.095768;10.429.143
0.306458;0.067038;10.275.913
0.306458;0.114922;9.787.497
0.306458;0.095768;9.586.384
0.306458;0.076614;9.442.732
0.287304;0.105345;9.375.694
0.306458;0.124498;9.548.077
0.306458;0.105345;9.710.882
0.325611;0.095768;10.199.299
0.325611;0.095768;10.371.682
0.325611;0.114922;10.534.488
0.344765;0.124498;10.563.218
0.325611;0.095768;10.381.259
0.335188;0.105345;10.160.992
0.316035;0.095768;9.940.725
0.306458;0.114922;9.720.459
0.316035;0.095768;9.423.578
0.306458;0.105345;9.375.694
0.296881;0.105345;9.433.155
0.287304;0.086191;9.806.650
0.335188;0.105345;10.036.493
0.325611;0.086191;10.285.490
0.325611;0.095768;10.524.911
0.325611;0.105345;10.563.218
0.335188;0.095768;10.467.450
0.316035;0.124498;10.295.067
0.306458;0.105345;9.854.534
0.306458;0.095768;9.634.268
0.287304;0.105345;9.481.039
0.277727;0.095768;9.394.848
0.316035;0.086191;9.481.039
0.316035;0.086191;9.691.729
0.306458;0.086191;9.911.995
0.325611;0.105345;10.323.798
0.335188;0.114922;10.524.911
0.316035;0.114922;10.563.218
0.325611;0.114922;10.381.259
0.344765;0.124498;10.189.722
0.306458;0.095768;9.969.456
0.296881;0.105345;9.538.500
0.296881;0.105345;9.442.732
0.296881;0.095768;9.385.271
0.296881;0.076614;9.423.578
0.306458;0.095768;9.806.650
0.306458;0.105345;10.017.340
0.316035;0.105345;10.228.029
0.335188;0.105345;10.534.488
0.325611;0.086191;10.544.065
0.325611;0.095768;10.496.181
0.306458;0.105345;10.132.261
0.306458;0.114922;9.902.418
0.296881;0.105345;9.662.998
0.296881;0.076614;9.509.769
0.287304;0.105345;9.394.848
0.316035;0.095768;9.490.616
0.296881;0.105345;9.643.845
0.325611;0.095768;10.093.954
0.316035;0.105345;10.323.798
0.335188;0.114922;10.457.873
0.325611;0.105345;10.553.641
0.344765;0.105345;10.429.143
0.296881;0.095768;10.237.606
0.316035;0.105345;10.036.493
0.287304;0.114922;9.576.807
0.287304;0.095768;9.442.732
0.306458;0.095768;9.375.694
0.306458;0.095768;9.567.230
0.296881;0.095768;9.739.613
0.316035;0.105345;9.979.033
0.316035;0.095768;10.208.876
0.335188;0.105345;10.553.641
0.325611;0.114922;10.553.641
0.335188;0.095768;10.505.757
0.325611;0.105345;10.160.992
0.306458;0.095768;9.921.572
0.335188;0.076614;9.730.036
0.296881;0.086191;9.394.848
0.277727;0.076614;9.385.271
0.316035;0.086191;9.471.462
0.306458;0.095768;9.624.691
0.325611;0.105345;10.065.224
0.325611;0.095768;10.275.913
0.316035;0.105345;10.448.297
0.344765;0.086191;10.534.488
0.325611;0.134075;10.429.143
0.335188;0.105345;10.304.645
0.316035;0.105345;10.074.800
0.306458;0.114922;9.605.537
0.306458;0.086191;9.490.616
0.296881;0.095768;9.366.117
0.316035;0.095768;9.509.769
0.306458;0.095768;9.701.305
0.316035;0.114922;9.940.725
0.335188;0.105345;10.362.105
0.344765;0.105345;10.496.181
0.335188;0.105345;10.572.795
0.335188;0.095768;10.524.911
0.325611;0.095768;10.170.568
0.316035;0.086191;9.950.302
0.306458;0.114922;9.758.766
0.296881;0.086191;9.442.732
0.306458;0.095768;9.423.578
0.296881;0.095768;9.442.732
0.277727;0.095768;9.624.691
0.325611;0.105345;10.017.340
0.316035;0.095768;10.266.336
0.325611;0.105345;10.409.989
0.344765;0.124498;10.572.795
0.335188;0.105345;10.477.027
0.325611;0.076614;10.304.645
0.306458;0.105345;9.883.265
0.296881;0.095768;9.672.575
0.277727;0.095768;9.509.769
0.296881;0.095768;9.394.848
0.287304;0.086191;9.509.769
0.325611;0.105345;9.672.575
0.306458;0.114922;9.902.418
0.325611;0.105345;10.333.375
0.344765;0.105345;10.467.450
0.325611;0.114922;10.553.641
0.335188;0.086191;10.390.836
0.325611;0.114922;10.228.029
0.306458;0.095768;10.017.340
0.296881;0.086191;9.787.497
0.296881;0.086191;9.433.155
0.287304;0.086191;9.385.271
0.296881;0.105345;9.452.309
0.316035;0.114922;9.768.343
0.325611;0.114922;9.988.609
0.325611;0.114922;10.180.145
0.306458;0.114922;10.362.105
0.316035;0.114922;10.544.065
0.325611;0.086191;10.486.604
0.325611;0.095768;10.323.798
0.268151;0.076614;9.911.995
0.296881;0.114922;9.691.729
0.296881;0.086191;9.509.769
0.296881;0.095768;9.375.694
0.306458;0.095768;9.490.616
0.316035;0.105345;9.643.845
0.306458;0.134075;9.835.381
0.306458;0.076614;10.266.336
0.325611;0.095768;10.429.143
0.335188;0.105345;10.515.334
0.335188;0.105345;10.448.297
0.306458;0.095768;10.256.760
0.316035;0.086191;10.055.647
0.296881;0.086191;9.605.537
0.277727;0.086191;9.481.039
0.277727;0.114922;9.423.578
0.287304;0.105345;9.394.848
0.316035;0.114922;9.720.459
0.306458;0.105345;9.921.572
0.316035;0.105345;10.160.992
0.335188;0.124498;10.486.604
0.335188;0.124498;10.534.488
0.325611;0.114922;10.496.181
0.325611;0.086191;10.180.145
0.306458;0.095768;9.969.456
0.306458;0.095768;9.730.036
0.287304;0.086191;9.519.346
0.296881;0.095768;9.385.271
0.296881;0.095768;9.461.885
0.306458;0.076614;9.595.961
0.325611;0.095768;10.036.493
0.316035;0.124498;10.256.760
0.316035;0.105345;10.419.566
0.335188;0.086191;10.534.488
0.316035;0.095768;10.448.297
0.335188;0.114922;10.275.913
0.316035;0.114922;10.113.108
0.316035;0.105345;9.662.998
0.306458;0.095768;9.490.616
0.325611;0.095768;9.404.425
0.316035;0.095768;9.528.923
0.316035;0.124498;9.682.152
0.316035;0.114922;9.902.418
0.316035;0.095768;10.141.838
0.325611;0.095768;10.467.450
0.325611;0.114922;10.524.911
0.325611;0.134075;10.524.911
0.335188;0.095768;10.218.452
0.306458;0.076614;10.007.763
0.316035;0.105345;9.730.036
0.296881;0.086191;9.452.309
0.296881;0.095768;9.404.425
0.287304;0.095768;9.461.885
0.287304;0.095768;9.576.807
0.306458;0.105345;9.998.186
0.325611;0.095768;10.199.299
0.325611;0.114922;10.409.989
0.335188;0.095768;10.572.795
0.335188;0.105345;10.457.873
0.316035;0.114922;10.314.221
0.325611;0.095768;10.103.531
0.306458;0.086191;9.691.729
0.306458;0.105345;9.509.769
0.287304;0.095768;9.414.001
0.287304;0.105345;9.500.193
0.316035;0.105345;9.653.421
0.296881;0.086191;9.892.841
0.344765;0.105345;10.074.800
0.316035;0.086191;10.467.450
0.335188;0.086191;10.534.488
0.335188;0.076614;10.486.604
0.325611;0.105345;10.256.760
0.325611;0.095768;10.036.493
0.306458;0.095768;9.806.650
0.296881;0.095768;9.461.885
0.316035;0.076614;9.404.425
0.306458;0.095768;9.442.732
0.287304;0.095768;9.576.807
0.306458;0.095768;9.959.879
0.325611;0.114922;10.180.145
0.335188;0.114922;10.333.375
0.344765;0.105345;10.524.911
0.335188;0.095768;10.467.450
0.325611;0.114922;10.362.105
0.325611;0.086191;9.940.725
0.325611;0.095768;9.730.036
0.306458;0.086191;9.519.346
0.287304;0.105345;9.442.732
0.287304;0.086191;9.481.039
0.306458;0.114922;9.634.268
0.306458;0.095768;9.825.804
0.316035;0.114922;10.247.183
0.335188;0.105345;10.429.143
0.344765;0.114922;10.515.334
0.335188;0.086191;10.515.334
0.325611;0.076614;10.247.183
0.316035;0.095768;10.074.800
0.306458;0.095768;9.854.534
0.296881;0.076614;9.481.039
0.287304;0.105345;9.414.001
0.296881;0.095768;9.442.732
0.287304;0.086191;9.691.729
0.306458;0.095768;9.902.418
0.316035;0.105345;10.132.261
0.316035;0.114922;10.304.645
0.316035;0.105345;10.534.488
0.325611;0.114922;10.505.757
0.335188;0.124498;10.371.682
0.316035;0.095768;9.979.033
0.306458;0.086191;9.768.343
0.296881;0.095768;9.586.384
0.296881;0.095768;9.423.578
0.296881;0.086191;9.481.039
0.296881;0.086191;9.586.384
0.296881;0.095768;9.787.497
0.335188;0.124498;10.208.876
0.325611;0.114922;10.390.836
0.335188;0.095768;10.486.604
0.335188;0.086191;10.486.604
0.316035;0.095768;10.285.490
0.306458;0.105345;10.122.684
0.306458;0.105345;9.902.418
0.306458;0.095768;9.509.769
0.316035;0.124498;9.414.001
0.296881;0.086191;9.394.848
0.306458;0.086191;9.682.152
0.306458;0.114922;9.854.534
0.335188;0.124498;10.304.645
0.335188;0.124498;10.419.566
0.335188;0.124498;10.524.911
0.335188;0.095768;10.486.604
0.335188;0.114922;10.429.143
0.316035;0.086191;10.026.917
0.296881;0.124498;9.816.227
0.287304;0.095768;9.595.961
0.306458;0.086191;9.404.425
0.296881;0.095768;9.461.885
0.287304;0.105345;9.595.961
0.316035;0.086191;9.959.879
0.316035;0.086191;10.208.876
0.316035;0.114922;10.362.105
0.344765;0.105345;10.515.334
0.325611;0.086191;10.448.297
0.316035;0.124498;10.333.375
0.325611;0.105345;10.141.838
0.316035;0.086191;9.730.036
0.306458;0.076614;9.557.653
0.316035;0.076614;9.461.885
0.287304;0.105345;9.404.425
0.306458;0.076614;9.624.691
0.316035;0.114922;9.844.957
0.306458;0.086191;10.065.224
0.316035;0.105345;10.400.413
0.306458;0.095768;10.505.757
0.344765;0.095768;10.524.911
0.335188;0.114922;10.266.336
0.335188;0.105345;10.046.070
0.316035;0.105345;9.844.957
0.296881;0.076614;9.643.845
0.316035;0.095768;9.385.271
0.306458;0.086191;9.423.578
0.306458;0.095768;9.548.077
0.306458;0.105345;9.921.572
0.325611;0.114922;10.160.992
0.325611;0.105345;10.314.221
0.325611;0.086191;10.534.488
0.344765;0.105345;10.486.604
0.344765;0.095768;10.362.105
0.316035;0.086191;10.208.876
0.296881;0.105345;9.749.189
0.306458;0.105345;9.567.230
0.306458;0.095768;9.452.309
0.306458;0.086191;9.509.769
0.296881;0.095768;9.643.845
0.306458;0.105345;9.825.804
0.316035;0.105345;10.017.340
0.306458;0.105345;10.381.259
0.335188;0.086191;10.496.181
0.325611;0.086191;10.524.911
0.306458;0.086191;10.304.645
0.335188;0.095768;10.093.954
0.344765;0.105345;9.892.841
0.316035;0.095768;9.538.500
0.287304;0.086191;9.414.001
0.296881;0.114922;9.433.155
0.306458;0.095768;9.538.500
0.316035;0.105345;9.892.841
0.306458;0.114922;10.103.531
0.316035;0.114922;10.314.221
0.335188;0.095768;10.515.334
0.325611;0.095768;10.477.027
0.325611;0.105345;10.371.682
0.316035;0.114922;9.988.609
0.316035;0.095768;9.777.920
0.306458;0.114922;9.595.961
0.306458;0.114922;9.461.885
0.287304;0.086191;9.461.885
0.306458;0.095768;9.557.653
0.316035;0.095768;9.988.609
0.325611;0.086191;10.180.145
0.344765;0.095768;10.352.529
0.335188;0.114922;10.486.604
0.344765;0.105345;10.524.911
0.316035;0.114922;10.342.952
0.316035;0.105345;10.151.415
0.306458;0.105345;9.921.572
0.296881;0.124498;9.557.653
0.316035;0.067038;9.442.732
0.296881;0.095768;9.423.578
0.296881;0.076614;9.643.845
0.316035;0.086191;9.864.111
0.325611;0.105345;10.055.647
0.316035;0.105345;10.256.760
0.344765;0.086191;10.505.757
0.335188;0.105345;10.496.181
0.325611;0.086191;10.400.413
0.306458;0.086191;10.036.493
0.306458;0.095768;9.825.804
0.325611;0.095768;9.605.537
0.277727;0.095768;9.414.001
0.296881;0.095768;9.461.885
0.306458;0.105345;9.557.653
0.287304;0.105345;9.730.036
0.325611;0.086191;10.160.992
0.335188;0.095768;10.342.952
0.344765;0.114922;10.496.181
0.335188;0.095768;10.486.604
0.316035;0.105345;10.323.798
0.325611;0.114922;10.189.722
0.325611;0.095768;9.950.302
0.277727;0.086191;9.548.077
0.277727;0.086191;9.461.885
0.277727;0.067038;9.404.425
0.287304;0.105345;9.624.691
0.296881;0.095768;9.797.073
0.316035;0.114922;10.017.340
0.335188;0.095768;10.371.682
0.325611;0.124498;10.505.757
0.335188;0.105345;10.515.334
0.325611;0.095768;10.438.720
0.325611;0.105345;10.065.224
0.325611;0.114922;9.883.265
0.306458;0.095768;9.682.152
0.287304;0.095768;9.433.155
0.287304;0.086191;9.442.732
0.306458;0.086191;9.557.653
0.316035;0.105345;9.892.841
0.316035;0.095768;10.132.261
0.306458;0.114922;10.285.490
0.335188;0.105345;10.467.450
0.325611;0.086191;10.486.604
0.335188;0.095768;10.352.529
0.306458;0.105345;10.199.299
0.306458;0.105345;9.768.343
0.296881;0.076614;9.586.384
0.306458;0.086191;9.461.885
0.316035;0.086191;9.423.578
0.296881;0.095768;9.605.537
0.306458;0.105345;9.768.343
0.287304;0.095768;9.988.609
0.316035;0.095768;10.371.682
0.325611;0.086191;10.486.604
0.325611;0.105345;10.515.334
0.335188;0.114922;10.304.645
0.316035;0.095768;10.151.415
0.306458;0.095768;9.921.572
0.277727;0.095768;9.710.882
0.296881;0.086191;9.452.309
0.287304;0.095768;9.519.346
0.316035;0.095768;9.854.534
0.316035;0.105345;10.065.224
0.325611;0.086191;10.275.913
0.354342;0.105345;10.400.413
0.335188;0.095768;10.496.181
0.344765;0.105345;10.409.989
0.325611;0.095768;10.247.183
0.306458;0.076614;9.806.650
0.306458;0.086191;9.643.845
0.306458;0.095768;9.509.769
0.296881;0.095768;9.471.462
0.306458;0.105345;9.557.653
0.316035;0.095768;9.749.189
0.296881;0.105345;9.921.572
0.335188;0.095768;10.333.375
0.335188;0.105345;10.467.450
0.335188;0.105345;10.505.757
0.325611;0.105345;10.333.375
0.325611;0.095768;10.160.992
0.306458;0.105345;9.950.302
0.316035;0.076614;9.567.230
0.296881;0.105345;9.471.462
0.306458;0.114922;9.442.732
0.277727;0.076614;9.490.616
0.316035;0.095768;9.825.804
0.306458;0.095768;10.036.493
0.316035;0.076614;10.228.029
0.316035;0.105345;10.496.181
0.344765;0.105345;10.505.757
0.335188;0.095768;10.400.413
0.344765;0.095768;10.074.800
0.296881;0.095768;9.844.957
0.306458;0.114922;9.653.421
0.306458;0.105345;9.509.769
0.296881;0.114922;9.461.885
0.306458;0.095768;9.548.077
0.306458;0.095768;9.720.459
0.316035;0.105345;10.122.684
0.325611;0.095768;10.304.645
0.325611;0.095768;10.438.720
0.325611;0.086191;10.496.181
0.335188;0.105345;10.362.105
0.316035;0.086191;10.208.876
0.306458;0.114922;9.797.073
0.306458;0.105345;9.595.961
0.306458;0.095768;9.490.616
0.296881;0.076614;9.433.155
0.316035;0.076614;9.615.114
0.306458;0.124498;9.816.227
0.325611;0.114922;9.988.609
0.325611;0.095768;10.180.145
0.335188;0.086191;10.477.027
0.325611;0.086191;10.477.027
0.325611;0.095768;10.429.143
0.316035;0.076614;10.122.684
0.316035;0.105345;9.892.841
0.306458;0.105345;9.672.575
0.316035;0.095768;9.461.885
0.316035;0.114922;9.442.732
0.296881;0.086191;9.538.500
0.296881;0.095768;9.701.305
0.316035;0.095768;10.084.377
0.316035;0.114922;10.266.336
0.335188;0.105345;10.400.413
0.344765;0.124498;10.467.450
0.335188;0.114922;10.409.989
0.316035;0.086191;10.237.606
0.306458;0.105345;10.026.917
0.296881;0.095768;9.615.114
0.287304;0.095768;9.528.923
0.316035;0.105345;9.452.309
0.306458;0.095768;9.576.807
0.296881;0.105345;9.797.073
0.325611;0.105345;9.969.456
0.325611;0.114922;10.333.375
0.335188;0.105345;10.467.450
0.335188;0.086191;10.496.181
0.325611;0.105345;10.429.143
0.335188;0.105345;10.132.261
0.316035;0.105345;9.950.302
0.306458;0.086191;9.739.613
0.287304;0.086191;9.442.732
0.296881;0.114922;9.452.309
0.306458;0.114922;9.500.193
0.325611;0.095768;9.653.421
0.296881;0.105345;10.046.070
0.344765;0.105345;10.266.336
0.344765;0.076614;10.400.413
0.316035;0.105345;10.457.873
0.325611;0.105345;10.390.836
0.296881;0.105345;10.256.760
0.325611;0.076614;9.844.957
0.306458;0.105345;9.643.845
0.287304;0.095768;9.519.346
0.296881;0.105345;9.442.732
0.316035;0.095768;9.548.077
0.296881;0.095768;9.720.459
0.335188;0.114922;9.931.149
0.316035;0.086191;10.304.645
0.316035;0.114922;10.457.873
0.325611;0.105345;10.486.604
0.316035;0.105345;10.352.529
0.306458;0.095768;10.160.992
0.325611;0.095768;9.959.879
0.316035;0.095768;9.739.613
0.296881;0.095768;9.481.039
0.287304;0.095768;9.471.462
0.306458;0.105345;9.509.769
0.335188;0.105345;9.797.073
0.335188;0.095768;10.017.340
0.325611;0.124498;10.218.452
0.306458;0.114922;10.371.682
0.316035;0.095768;10.486.604
0.316035;0.095768;10.266.336
0.316035;0.086191;9.883.265
0.306458;0.095768;9.701.305
0.287304;0.124498;9.538.500
0.296881;0.076614;9.471.462
0.306458;0.076614;9.557.653
0.325611;0.105345;9.691.729
0.325611;0.105345;10.093.954
0.344765;0.086191;10.285.490
0.316035;0.095768;10.409.989
0.344765;0.095768;10.496.181
0.325611;0.076614;10.362.105
0.335188;0.105345;10.218.452
0.296881;0.095768;9.988.609
0.316035;0.105345;9.797.073
0.306458;0.095768;9.519.346
0.287304;0.105345;9.490.616
0.296881;0.095768;9.471.462
0.316035;0.105345;9.768.343
0.316035;0.095768;9.969.456
0.325611;0.105345;10.180.145
0.325611;0.095768;10.467.450
0.325611;0.105345;10.486.604
0.335188;0.095768;10.438.720
0.316035;0.076614;10.160.992
0.316035;0.095768;9.959.879
0.325611;0.114922;9.720.459
0.306458;0.086191;9.567.230
0.287304;0.114922;9.481.039
0.287304;0.095768;9.519.346
0.296881;0.086191;9.710.882
0.316035;0.086191;10.046.070
0.296881;0.134075;10.247.183
0.325611;0.114922;10.371.682
0.316035;0.105345;10.467.450
0.335188;0.124498;10.371.682
0.325611;0.057461;10.228.029
0.316035;0.095768;10.046.070
0.306458;0.086191;9.653.421
0.306458;0.105345;9.528.923
0.287304;0.095768;9.471.462
0.306458;0.086191;9.586.384
0.306458;0.105345;9.710.882
0.325611;0.095768;9.931.149
0.325611;0.105345;10.122.684
0.325611;0.105345;10.419.566
0.335188;0.105345;10.496.181
0.325611;0.086191;10.457.873
0.335188;0.114922;10.160.992
0.316035;0.105345;9.969.456
0.296881;0.105345;9.768.343
0.296881;0.095768;9.605.537
0.306458;0.095768;9.461.885
0.296881;0.067038;9.509.769
0.287304;0.095768;9.634.268
0.316035;0.105345;10.017.340
0.306458;0.114922;10.228.029
0.316035;0.095768;10.371.682
0.354342;0.114922;10.467.450
0.335188;0.114922;10.400.413
0.316035;0.076614;10.256.760
0.316035;0.105345;9.864.111
0.287304;0.095768;9.701.305
0.287304;0.076614;9.528.923
0.296881;0.095768;9.471.462
0.287304;0.086191;9.557.653
0.306458;0.086191;9.710.882
0.316035;0.124498;9.902.418
0.287304;0.095768;10.103.531
0.335188;0.095768;10.400.413
0.335188;0.105345;10.496.181
0.325611;0.095768;10.429.143
0.316035;0.095768;10.170.568
0.316035;0.095768;9.998.186
0.296881;0.086191;9.787.497
0.296881;0.076614;9.509.769
0.306458;0.095768;9.471.462
0.296881;0.067038;9.481.039
0.306458;0.095768;9.787.497
0.306458;0.105345;9.959.879
0.316035;0.105345;10.180.145
0.335188;0.095768;10.342.952
0.325611;0.114922;10.477.027
0.325611;0.114922;10.419.566
0.335188;0.095768;10.266.336
0.296881;0.095768;9.931.149
0.296881;0.105345;9.710.882
0.306458;0.105345;9.576.807
0.287304;0.086191;9.461.885
0.296881;0.095768;9.548.077
0.306458;0.105345;9.682.152
0.306458;0.114922;9.854.534
0.335188;0.114922;10.266.336
0.335188;0.095768;10.409.989
0.354342;0.095768;10.448.297
0.325611;0.095768;10.467.450
0.306458;0.076614;10.237.606
0.316035;0.105345;10.055.647
0.296881;0.095768;9.835.381
0.306458;0.105345;9.538.500
0.306458;0.076614;9.452.309
0.287304;0.124498;9.490.616
0.316035;0.105345;9.758.766
0.306458;0.095768;9.921.572
0.316035;0.114922;10.151.415
0.306458;0.124498;10.333.375
0.335188;0.114922;10.477.027
0.335188;0.095768;10.409.989
0.316035;0.086191;10.323.798
0.316035;0.105345;9.940.725
0.296881;0.086191;9.758.766
0.296881;0.105345;9.595.961
0.325611;0.105345;9.509.769
0.296881;0.105345;9.528.923
0.316035;0.105345;9.634.268
0.325611;0.095768;9.825.804
0.316035;0.105345;10.237.606
0.306458;0.086191;10.390.836
0.316035;0.095768;10.448.297
0.325611;0.114922;10.381.259
0.325611;0.086191;10.247.183
0.325611;0.067038;10.084.377
0.306458;0.095768;9.873.688
0.287304;0.105345;9.548.077
0.296881;0.095768;9.490.616
0.316035;0.086191;9.461.885
0.296881;0.105345;9.701.305
0.316035;0.114922;9.931.149
0.316035;0.095768;10.122.684
0.344765;0.105345;10.429.143
0.325611;0.095768;10.467.450
0.325611;0.105345;10.457.873
0.316035;0.105345;10.352.529
0.316035;0.086191;9.998.186
0.325611;0.105345;9.787.497
0.306458;0.114922;9.634.268
0.306458;0.095768;9.471.462
0.287304;0.095768;9.509.769
0.296881;0.086191;9.605.537
0.316035;0.105345;9.979.033
0.325611;0.105345;10.199.299
0.335188;0.114922;10.352.529
0.325611;0.095768;10.429.143
0.335188;0.086191;10.400.413
0.325611;0.095768;10.295.067
0.316035;0.114922;10.113.108
0.316035;0.086191;9.720.459
0.277727;0.086191;9.567.230
0.306458;0.114922;9.471.462
0.296881;0.105345;9.490.616
0.316035;0.095768;9.691.729
0.287304;0.095768;9.892.841
0.306458;0.086191;10.074.800
0.335188;0.105345;10.390.836
0.316035;0.076614;10.486.604
0.316035;0.095768;10.199.299
0.325611;0.095768;10.026.917
0.306458;0.095768;9.825.804
0.316035;0.095768;9.624.691
0.296881;0.114922;9.461.885
0.277727;0.086191;9.481.039
0.296881;0.105345;9.586.384
0.306458;0.076614;9.959.879
0.316035;0.095768;10.160.992
0.316035;0.105345;10.314.221
0.335188;0.114922;10.457.873
0.306458;0.105345;10.429.143
0.335188;0.095768;10.314.221
0.306458;0.105345;10.132.261
0.306458;0.086191;9.758.766
0.277727;0.086191;9.576.807
0.306458;0.095768;9.500.193
0.287304;0.076614;9.548.077
0.316035;0.086191;9.682.152
0.325611;0.086191;9.825.804
0.306458;0.076614;10.036.493
0.325611;0.095768;10.390.836
0.335188;0.105345;10.448.297
0.325611;0.114922;10.467.450
0.335188;0.105345;10.237.606
0.325611;0.095768;10.055.647
0.306458;0.095768;9.864.111
0.306458;0.095768;9.528.923
0.296881;0.105345;9.490.616
0.306458;0.086191;9.481.039
0.306458;0.095768;9.586.384
0.325611;0.095768;9.921.572
0.335188;0.114922;10.132.261
0.335188;0.114922;10.295.067
0.325611;0.086191;10.448.297
0.335188;0.105345;10.429.143
0.316035;0.114922;10.314.221
0.344765;0.095768;10.160.992
0.306458;0.095768;9.787.497
0.296881;0.105345;9.615.114
0.296881;0.105345;9.500.193
0.306458;0.105345;9.528.923
0.287304;0.095768;9.634.268
0.316035;0.086191;9.825.804
0.335188;0.105345;10.199.299
0.316035;0.095768;10.352.529
0.344765;0.114922;10.457.873
0.325611;0.124498;10.467.450
0.335188;0.105345;10.247.183
0.316035;0.086191;10.084.377
0.316035;0.114922;9.892.841
0.277727;0.095768;9.557.653
0.287304;0.076614;9.490.616
0.296881;0.076614;9.490.616
0.296881;0.076614;9.710.882
0.296881;0.124498;9.873.688
0.296881;0.095768;10.084.377
0.325611;0.067038;10.266.336
0.306458;0.105345;10.448.297
0.335188;0.095768;10.429.143
0.335188;0.076614;10.352.529
0.306458;0.095768;10.007.763
0.306458;0.105345;9.816.227
0.306458;0.086191;9.643.845
0.306458;0.095768;9.490.616
0.306458;0.095768;9.538.500
0.306458;0.095768;9.615.114
0.306458;0.114922;9.758.766
0.325611;0.086191;10.141.838
0.325611;0.086191;10.323.798
0.335188;0.105345;10.429.143
0.306458;0.114922;10.400.413
0.344765;0.086191;10.285.490
0.325611;0.086191;10.141.838
0.306458;0.105345;9.921.572
0.296881;0.105345;9.605.537
0.306458;0.095768;9.509.769
0.306458;0.105345;9.471.462
0.306458;0.105345;9.662.998
0.316035;0.105345;9.854.534
0.306458;0.086191;10.065.224
0.316035;0.095768;10.381.259
0.316035;0.105345;10.457.873
0.325611;0.086191;10.438.720
0.316035;0.095768;10.237.606
0.306458;0.095768;10.036.493
0.316035;0.095768;9.854.534
0.316035;0.086191;9.662.998
0.296881;0.086191;9.490.616
0.296881;0.095768;9.490.616
0.287304;0.076614;9.586.384
0.296881;0.114922;9.931.149
0.325611;0.114922;10.141.838
0.316035;0.086191;10.285.490
0.325611;0.114922;10.409.989
0.335188;0.114922;10.409.989
0.335188;0.076614;10.323.798
0.296881;0.105345;10.160.992
0.306458;0.114922;9.768.343
0.306458;0.086191;9.615.114
0.287304;0.105345;9.500.193
0.287304;0.086191;9.490.616
0.287304;0.105345;9.634.268
0.306458;0.095768;9.816.227
0.325611;0.105345;10.007.763
0.316035;0.086191;10.352.529
0.325611;0.105345;10.457.873
0.335188;0.114922;10.457.873
0.316035;0.086191;10.247.183
0.306458;0.086191;10.065.224
0.296881;0.114922;9.864.111
0.296881;0.114922;9.720.459
0.287304;0.095768;9.481.039
0.306458;0.095768;9.481.039
0.296881;0.114922;9.595.961
0.296881;0.076614;9.883.265
0.316035;0.105345;10.065.224
0.335188;0.086191;10.256.760
0.306458;0.105345;10.438.720
0.316035;0.095768;10.448.297
0.325611;0.076614;10.323.798
0.306458;0.095768;10.189.722
0.306458;0.095768;9.825.804
0.306458;0.105345;9.615.114
0.296881;0.095768;9.528.923
0.306458;0.095768;9.528.923
0.296881;0.095768;9.624.691
0.325611;0.105345;9.777.920
0.306458;0.095768;9.979.033
0.325611;0.114922;10.342.952
0.335188;0.105345;10.429.143
0.335188;0.095768;10.477.027
0.335188;0.086191;10.304.645
0.296881;0.114922;10.113.108
0.296881;0.134075;9.931.149
0.296881;0.086191;9.605.537
0.306458;0.095768;9.481.039
0.306458;0.105345;9.481.039
0.306458;0.086191;9.567.230
0.316035;0.095768;9.892.841
0.306458;0.105345;10.093.954
0.325611;0.114922;10.228.029
0.316035;0.105345;10.438.720
0.316035;0.086191;10.457.873
0.335188;0.086191;10.362.105
0.316035;0.095768;10.237.606
0.316035;0.105345;9.864.111
0.306458;0.114922;9.653.421
0.306458;0.114922;9.538.500
0.296881;0.105345;9.490.616
0.296881;0.095768;9.586.384
0.325611;0.105345;9.730.036
0.344765;0.095768;10.141.838
0.316035;0.105345;10.304.645
0.335188;0.095768;10.390.836
0.344765;0.105345;10.448.297
0.325611;0.095768;10.304.645
0.344765;0.105345;10.160.992
0.296881;0.105345;9.969.456
0.316035;0.095768;9.615.114
0.287304;0.095768;9.500.193
0.306458;0.076614;9.509.769
0.316035;0.095768;9.672.575
0.287304;0.095768;9.854.534
0.325611;0.105345;10.007.763
0.316035;0.105345;10.180.145
0.344765;0.105345;10.438.720
0.316035;0.105345;10.400.413
0.296881;0.105345;10.074.800
0.316035;0.105345;9.873.688
0.296881;0.114922;9.691.729
0.306458;0.086191;9.500.193
0.287304;0.105345;9.509.769
0.306458;0.086191;9.557.653
0.325611;0.076614;9.710.882
0.316035;0.076614;10.113.108
0.325611;0.086191;10.237.606
0.354342;0.105345;10.371.682
0.335188;0.086191;10.419.566
0.325611;0.095768;10.323.798
0.316035;0.105345;10.189.722
0.316035;0.095768;10.007.763
0.296881;0.095768;9.634.268
0.306458;0.076614;9.519.346
0.296881;0.086191;9.500.193
0.306458;0.095768;9.643.845
0.296881;0.105345;9.825.804
0.296881;0.076614;9.979.033
0.325611;0.105345;10.333.375
0.335188;0.095768;10.429.143
0.325611;0.095768;10.457.873
0.335188;0.105345;10.419.566
0.306458;0.095768;10.113.108
0.325611;0.114922;9.902.418
0.316035;0.095768;9.710.882
0.306458;0.095768;9.490.616
0.277727;0.105345;9.519.346
0.296881;0.086191;9.567.230
0.306458;0.114922;9.672.575
0.316035;0.086191;10.093.954
0.306458;0.124498;10.247.183
0.325611;0.095768;10.381.259
0.325611;0.105345;10.429.143
0.325611;0.105345;10.362.105
0.335188;0.105345;10.208.876
0.306458;0.086191;9.854.534
0.296881;0.124498;9.682.152
0.296881;0.114922;9.557.653
0.306458;0.114922;9.481.039
0.296881;0.076614;9.605.537
0.306458;0.124498;9.777.920
0.316035;0.114922;9.969.456
0.335188;0.105345;10.323.798
0.316035;0.124498;10.419.566
0.325611;0.105345;10.448.297
0.344765;0.095768;10.295.067
0.325611;0.095768;10.113.108
0.296881;0.095768;9.959.879
0.306458;0.095768;9.605.537
0.277727;0.114922;9.500.193
0.306458;0.086191;9.519.346
0.287304;0.086191;9.557.653
0.306458;0.095768;9.864.111
0.325611;0.086191;10.017.340
0.316035;0.095768;10.189.722
0.344765;0.124498;10.342.952
0.344765;0.105345;10.438.720
0.335188;0.095768;10.362.105
0.296881;0.095768;10.237.606
0.296881;0.086191;9.854.534
0.296881;0.095768;9.710.882
0.296881;0.067038;9.576.807
0.277727;0.086191;9.519.346
0.296881;0.095768;9.605.537
0.316035;0.095768;9.730.036
0.316035;0.095768;9.921.572
0.316035;0.095768;10.256.760
0.325611;0.086191;10.381.259
0.325611;0.086191;10.429.143
0.316035;0.114922;10.295.067
0.316035;0.095768;10.160.992
0.316035;0.086191;9.969.456
0.306458;0.076614;9.797.073
0.306458;0.095768;9.519.346
0.316035;0.095768;9.509.769
0.335188;0.076614;9.528.923
0.306458;0.105345;9.816.227
0.306458;0.095768;10.007.763
0.316035;0.105345;10.170.568
0.335188;0.114922;10.400.413
0.325611;0.095768;10.438.720
0.344765;0.105345;10.390.836
0.335188;0.105345;10.247.183
0.316035;0.095768;9.902.418
0.296881;0.076614;9.739.613
0.287304;0.105345;9.586.384
0.296881;0.105345;9.500.193
0.316035;0.095768;9.567.230
0.325611;0.105345;9.710.882
0.325611;0.095768;10.065.224
0.316035;0.105345;10.247.183
0.335188;0.114922;10.352.529
0.335188;0.095768;10.419.566
0.316035;0.095768;10.323.798
0.325611;0.086191;10.180.145
0.306458;0.076614;9.988.609
0.277727;0.095768;9.643.845
0.306458;0.105345;9.528.923
0.287304;0.095768;9.519.346
0.296881;0.105345;9.528.923
0.316035;0.105345;9.768.343
0.325611;0.086191;9.959.879
0.316035;0.095768;10.132.261
0.316035;0.095768;10.390.836
0.325611;0.114922;10.438.720
0.325611;0.095768;10.371.682
0.316035;0.095768;10.141.838
0.325611;0.105345;9.940.725
0.316035;0.086191;9.777.920
0.287304;0.095768;9.605.537
0.296881;0.095768;9.519.346
0.306458;0.105345;9.576.807
0.296881;0.076614;9.691.729
0.316035;0.095768;10.026.917
0.316035;0.095768;10.218.452
0.344765;0.124498;10.362.105
0.344765;0.095768;10.400.413
0.335188;0.095768;10.323.798
0.306458;0.095768;10.237.606
0.296881;0.086191;10.046.070
0.296881;0.105345;9.691.729
0.316035;0.095768;9.576.807
0.287304;0.095768;9.528.923
0.296881;0.086191;9.595.961
0.306458;0.095768;9.768.343
0.316035;0.105345;9.921.572
0.316035;0.095768;10.132.261
0.335188;0.076614;10.381.259
0.316035;0.095768;10.409.989
0.325611;0.095768;10.419.566
0.325611;0.095768;10.160.992
0.306458;0.095768;9.959.879
0.306458;0.095768;9.777.920
0.287304;0.124498;9.576.807
0.306458;0.086191;9.490.616
0.296881;0.086191;9.538.500
0.316035;0.095768;9.662.998
0.325611;0.105345;10.007.763
0.306458;0.086191;10.170.568
0.316035;0.105345;10.323.798
0.316035;0.095768;10.419.566
0.325611;0.086191;10.352.529
0.325611;0.114922;10.218.452
0.306458;0.067038;9.892.841
0.306458;0.105345;9.720.459
0.316035;0.086191;9.567.230
0.316035;0.105345;9.528.923
0.306458;0.124498;9.595.961
0.325611;0.134075;9.730.036
0.306458;0.086191;9.892.841
0.306458;0.105345;10.237.606
0.335188;0.114922;10.390.836
0.325611;0.114922;10.438.720
0.316035;0.105345;10.400.413
0.316035;0.105345;10.170.568
0.296881;0.076614;10.017.340
0.306458;0.095768;9.825.804
0.296881;0.086191;9.557.653
0.316035;0.095768;9.490.616
0.287304;0.114922;9.567.230
0.325611;0.076614;9.787.497
0.325611;0.105345;9.998.186
0.306458;0.105345;10.151.415
0.325611;0.095768;10.323.798
0.344765;0.105345;10.438.720
0.316035;0.114922;10.390.836
0.325611;0.086191;10.266.336
0.306458;0.095768;9.883.265
0.306458;0.086191;9.777.920
0.296881;0.076614;9.624.691
0.306458;0.095768;9.481.039
0.296881;0.114922;9.586.384
0.296881;0.124498;9.701.305
0.306458;0.095768;9.873.688
0.316035;0.086191;10.208.876
0.335188;0.086191;10.342.952
0.325611;0.095768;10.438.720
0.306458;0.114922;10.333.375
0.335188;0.105345;10.199.299
0.316035;0.124498;10.026.917
0.316035;0.114922;9.854.534
0.325611;0.105345;9.548.077
0.306458;0.095768;9.509.769
0.306458;0.086191;9.548.077
0.296881;0.114922;9.758.766
0.316035;0.095768;9.931.149
0.316035;0.095768;10.122.684
0.325611;0.086191;10.400.413
0.325611;0.086191;10.419.566
0.325611;0.114922;10.390.836
0.325611;0.124498;10.304.645
0.316035;0.105345;9.931.149
0.306458;0.105345;9.787.497
0.316035;0.086191;9.615.114
0.306458;0.076614;9.519.346
0.306458;0.095768;9.557.653
0.296881;0.086191;9.662.998
0.306458;0.114922;9.835.381
0.325611;0.114922;10.208.876
0.316035;0.124498;10.314.221
0.325611;0.086191;10.409.989
0.316035;0.114922;10.342.952
0.325611;0.086191;10.228.029
0.316035;0.105345;10.055.647
0.306458;0.105345;9.710.882
0.287304;0.105345;9.500.193
0.306458;0.086191;9.595.961
0.306458;0.095768;9.739.613
0.296881;0.105345;9.959.879
0.316035;0.095768;10.093.954
0.335188;0.105345;10.371.682
0.335188;0.114922;10.419.566
0.325611;0.114922;10.419.566
0.325611;0.095768;10.151.415
0.306458;0.095768;9.979.033
0.296881;0.086191;9.787.497
0.306458;0.105345;9.662.998
0.316035;0.114922;9.500.193
0.287304;0.086191;9.548.077
0.316035;0.095768;9.768.343
0.306458;0.095768;9.988.609
0.325611;0.086191;10.160.992
0.344765;0.086191;10.285.490
0.325611;0.095768;10.390.836
0.335188;0.105345;10.381.259
0.316035;0.114922;10.237.606
0.335188;0.076614;10.113.108
0.287304;0.105345;9.730.036
0.296881;0.114922;9.576.807
0.277727;0.095768;9.538.500
0.296881;0.095768;9.605.537
0.306458;0.095768;9.720.459
0.316035;0.086191;9.892.841
0.306458;0.086191;10.065.224
0.325611;0.105345;10.352.529
0.344765;0.086191;10.390.836
0.335188;0.105345;10.419.566
0.325611;0.095768;10.228.029
0.316035;0.124498;10.007.763
0.306458;0.105345;9.864.111
0.287304;0.114922;9.672.575
0.296881;0.095768;9.481.039
0.306458;0.105345;9.538.500
0.287304;0.105345;9.624.691
0.316035;0.105345;9.959.879
0.306458;0.095768;10.151.415
0.316035;0.105345;10.275.913
0.316035;0.105345;10.429.143
0.316035;0.114922;10.381.259
0.306458;0.095768;10.275.913
0.316035;0.105345;10.122.684
0.306458;0.086191;9.787.497
0.316035;0.086191;9.634.268
0.306458;0.114922;9.538.500
0.296881;0.105345;9.567.230
0.296881;0.114922;9.682.152
0.316035;0.095768;9.854.534
0.316035;0.076614;10.189.722
0.335188;0.105345;10.295.067
0.335188;0.095768;10.409.989
0.306458;0.105345;10.390.836
0.316035;0.086191;10.218.452
0.316035;0.105345;10.065.224
0.306458;0.095768;9.892.841
0.306458;0.086191;9.586.384
0.296881;0.095768;9.500.193
0.306458;0.076614;9.509.769
0.287304;0.076614;9.624.691
0.306458;0.134075;9.902.418
0.335188;0.095768;10.093.954
0.325611;0.114922;10.275.913
0.316035;0.095768;10.438.720
0.316035;0.105345;10.409.989
0.335188;0.114922;10.285.490
0.325611;0.105345;10.007.763
0.306458;0.086191;9.816.227
0.316035;0.095768;9.672.575
0.316035;0.086191;9.548.077
0.306458;0.095768;9.538.500
0.296881;0.095768;9.662.998
0.316035;0.095768;9.825.804
0.316035;0.114922;10.170.568
0.325611;0.105345;10.314.221
0.325611;0.095768;10.400.413
0.335188;0.095768;10.362.105
0.316035;0.105345;10.247.183
0.316035;0.095768;10.074.800
0.306458;0.105345;9.902.418
0.296881;0.114922;9.605.537
0.287304;0.086191;9.538.500
0.306458;0.067038;9.519.346
0.306458;0.105345;9.730.036
0.296881;0.105345;9.892.841
0.325611;0.105345;10.065.224
0.306458;0.114922;10.352.529
0.325611;0.105345;10.409.989
0.335188;0.095768;10.400.413
0.316035;0.095768;10.314.221
0.306458;0.114922;9.988.609
0.296881;0.076614;9.854.534
0.306458;0.086191;9.682.152
0.306458;0.095768;9.519.346
0.306458;0.095768;9.548.077
0.296881;0.086191;9.653.421
0.316035;0.086191;9.787.497
0.306458;0.114922;10.141.838
0.325611;0.095768;10.266.336
0.344765;0.095768;10.400.413
0.306458;0.114922;10.362.105
0.325611;0.086191;10.256.760
0.325611;0.095768;10.113.108
0.316035;0.105345;9.787.497
0.306458;0.086191;9.643.845
0.306458;0.105345;9.538.500
0.296881;0.095768;9.528.923
0.306458;0.095768;9.682.152
0.325611;0.086191;9.883.265
0.344765;0.114922;10.026.917
0.335188;0.095768;10.352.529
0.325611;0.105345;10.390.836
0.335188;0.086191;10.400.413
0.316035;0.124498;10.218.452
0.335188;0.095768;10.046.070
0.296881;0.086191;9.854.534
0.306458;0.105345;9.682.152
0.306458;0.086191;9.538.500
0.296881;0.086191;9.557.653
0.306458;0.105345;9.615.114
0.316035;0.105345;9.931.149
0.335188;0.095768;10.093.954
0.325611;0.076614;10.237.606
0.325611;0.124498;10.371.682
0.335188;0.086191;10.352.529
0.325611;0.076614;10.304.645
0.325611;0.105345;10.141.838
0.277727;0.105345;9.806.650
0.287304;0.095768;9.662.998
0.287304;0.095768;9.557.653
0.316035;0.076614;9.528.923
0.316035;0.095768;9.672.575
0.296881;0.105345;9.864.111
0.325611;0.114922;10.189.722
0.325611;0.095768;10.352.529
0.335188;0.134075;10.400.413
0.325611;0.105345;10.390.836
0.306458;0.086191;10.237.606
0.306458;0.076614;10.084.377
0.316035;0.105345;9.902.418
0.325611;0.105345;9.739.613
0.296881;0.086191;9.538.500
0.287304;0.095768;9.538.500
0.287304;0.095768;9.586.384
0.306458;0.095768;9.892.841
0.296881;0.105345;10.093.954
0.335188;0.095768;10.237.606
0.325611;0.086191;10.362.105
0.316035;0.095768;10.285.490
0.325611;0.105345;9.979.033
0.296881;0.095768;9.825.804
0.287304;0.095768;9.643.845
0.287304;0.095768;9.548.077
0.296881;0.076614;9.595.961
0.296881;0.076614;9.653.421
0.306458;0.086191;9.806.650
0.325611;0.086191;9.950.302
0.316035;0.105345;10.314.221
0.316035;0.095768;10.381.259
0.325611;0.105345;10.390.836
0.306458;0.105345;10.237.606
0.316035;0.086191;10.122.684
0.325611;0.076614;9.921.572
0.296881;0.105345;9.624.691
0.316035;0.105345;9.548.077
0.306458;0.086191;9.548.077
0.306458;0.086191;9.586.384
0.306458;0.105345;9.864.111
0.335188;0.086191;10.046.070
0.316035;0.095768;10.208.876
0.335188;0.105345;10.400.413
0.335188;0.095768;10.390.836
0.325611;0.124498;10.314.221
0.306458;0.095768;10.017.340
0.316035;0.105345;9.854.534
0.306458;0.086191;9.701.305
0.306458;0.086191;9.595.961
0.306458;0.086191;9.557.653
0.296881;0.086191;9.634.268
0.277727;0.105345;9.768.343
0.325611;0.076614;10.113.108
0.325611;0.114922;10.266.336
0.325611;0.114922;10.333.375
0.306458;0.095768;10.371.682
0.335188;0.086191;10.275.913
0.306458;0.105345;10.132.261
0.306458;0.105345;9.969.456
0.287304;0.086191;9.624.691
0.287304;0.114922;9.557.653
0.296881;0.086191;9.509.769
0.316035;0.105345;9.672.575
0.316035;0.105345;9.844.957
0.325611;0.114922;10.036.493
0.316035;0.095768;10.180.145
0.325611;0.095768;10.381.259
0.316035;0.105345;10.381.259
0.306458;0.114922;10.026.917
0.306458;0.114922;9.883.265
0.287304;0.095768;9.710.882
0.287304;0.086191;9.538.500
0.296881;0.095768;9.557.653
0.316035;0.105345;9.605.537
0.296881;0.105345;9.758.766
0.306458;0.095768;10.065.224
0.325611;0.105345;10.237.606
0.335188;0.095768;10.323.798
0.325611;0.105345;10.371.682
0.325611;0.114922;10.295.067
0.325611;0.105345;10.160.992
0.306458;0.095768;9.806.650
0.296881;0.095768;9.662.998
0.296881;0.086191;9.586.384
0.296881;0.086191;9.528.923
0.296881;0.114922;9.672.575
0.316035;0.095768;9.806.650
0.335188;0.086191;9.998.186
0.325611;0.095768;10.285.490
0.316035;0.095768;10.371.682
0.335188;0.095768;10.390.836
0.335188;0.095768;10.362.105
0.325611;0.095768;10.093.954
0.296881;0.086191;9.892.841
0.316035;0.095768;9.749.189
0.296881;0.095768;9.557.653
0.296881;0.086191;9.548.077
0.287304;0.086191;9.576.807
0.287304;0.095768;9.902.418
0.325611;0.105345;10.046.070
0.335188;0.114922;10.228.029
0.335188;0.114922;10.342.952
0.325611;0.095768;10.362.105
0.306458;0.095768;10.304.645
0.316035;0.086191;10.170.568
0.316035;0.086191;9.844.957
0.306458;0.095768;9.682.152
0.316035;0.095768;9.605.537
0.306458;0.095768;9.567.230
0.316035;0.086191;9.672.575
0.306458;0.095768;9.777.920
0.306458;0.086191;9.931.149
0.306458;0.086191;10.285.490
0.335188;0.095768;10.371.682
0.306458;0.086191;10.381.259
0.335188;0.105345;10.247.183
0.325611;0.105345;10.093.954
0.316035;0.095768;9.940.725
0.287304;0.105345;9.758.766
0.316035;0.095768;9.567.230
0.306458;0.095768;9.500.193
0.306458;0.076614;9.586.384
0.306458;0.105345;9.864.111
0.344765;0.105345;10.036.493
0.316035;0.076614;10.199.299
0.344765;0.124498;10.362.105
0.335188;0.105345;10.381.259
0.325611;0.086191;10.323.798
0.335188;0.095768;10.218.452
0.287304;0.095768;9.710.882
0.296881;0.095768;9.605.537
0.296881;0.105345;9.548.077
0.296881;0.095768;9.624.691
0.306458;0.105345;9.768.343
0.325611;0.095768;9.931.149
0.296881;0.095768;10.237.606
0.316035;0.095768;10.362.105
0.325611;0.105345;10.381.259
0.325611;0.086191;10.275.913
0.325611;0.105345;10.132.261
0.296881;0.076614;9.653.421
0.306458;0.105345;9.586.384
0.306458;0.086191;9.567.230
0.296881;0.095768;9.595.961
0.306458;0.095768;9.825.804
0.306458;0.105345;10.017.340
0.325611;0.105345;10.180.145
0.325611;0.095768;10.371.682
0.325611;0.095768;10.390.836
0.325611;0.076614;10.352.529
0.325611;0.105345;10.228.029
0.316035;0.095768;9.911.995
0.296881;0.095768;9.749.189
0.306458;0.114922;9.595.961
0.306458;0.095768;9.538.500
0.306458;0.086191;9.624.691
0.316035;0.095768;9.739.613
0.316035;0.095768;10.074.800
0.325611;0.095768;10.208.876
0.316035;0.086191;10.314.221
0.325611;0.095768;10.371.682
0.344765;0.076614;10.304.645
0.325611;0.105345;10.180.145
0.316035;0.105345;9.998.186
0.296881;0.076614;9.662.998
0.296881;0.105345;9.557.653
0.306458;0.086191;9.548.077
0.306458;0.067038;9.643.845
0.306458;0.076614;9.835.381
0.306458;0.114922;9.959.879
0.316035;0.095768;10.122.684
0.335188;0.105345;10.342.952
0.335188;0.114922;10.362.105
0.306458;0.105345;10.132.261
0.325611;0.076614;9.911.995
0.325611;0.086191;9.777.920
0.306458;0.114922;9.643.845
0.296881;0.114922;9.557.653
0.296881;0.095768;9.605.537
0.306458;0.095768;9.710.882
0.306458;0.095768;10.046.070
0.316035;0.095768;10.199.299
0.335188;0.095768;10.314.221
0.325611;0.095768;10.371.682
0.316035;0.114922;10.314.221
0.316035;0.086191;10.199.299
0.306458;0.105345;9.701.305
0.306458;0.095768;9.615.114
0.287304;0.086191;9.548.077
0.296881;0.095768;9.643.845
0.306458;0.095768;9.940.725
0.316035;0.095768;10.285.490
0.316035;0.095768;10.371.682
0.335188;0.114922;10.381.259
0.325611;0.114922;10.141.838
0.306458;0.095768;9.940.725
0.306458;0.095768;9.806.650
0.287304;0.105345;9.548.077
0.296881;0.114922;9.557.653
0.316035;0.076614;9.605.537
0.296881;0.114922;9.701.305
0.306458;0.086191;9.979.033
0.296881;0.067038;10.199.299
0.335188;0.114922;10.295.067
0.344765;0.114922;10.390.836
0.335188;0.105345;10.323.798
0.316035;0.105345;10.218.452
0.287304;0.095768;9.749.189
0.306458;0.105345;9.653.421
0.296881;0.086191;9.548.077
0.296881;0.095768;9.653.421
0.306458;0.114922;9.768.343
0.316035;0.105345;9.921.572
0.316035;0.086191;10.228.029
0.335188;0.114922;10.323.798
0.316035;0.105345;10.381.259
0.316035;0.095768;10.285.490
0.325611;0.105345;10.180.145
0.306458;0.095768;9.998.186
0.316035;0.086191;9.835.381
0.316035;0.105345;9.595.961
0.306458;0.086191;9.567.230
0.287304;0.076614;9.567.230
0.306458;0.086191;9.787.497
0.306458;0.095768;9.998.186
0.306458;0.095768;10.151.415
0.316035;0.105345;10.304.645
0.335188;0.095768;10.381.259
0.316035;0.105345;10.323.798
0.325611;0.105345;10.256.760
0.325611;0.086191;9.931.149
0.306458;0.086191;9.758.766
0.306458;0.076614;9.624.691
0.296881;0.105345;9.548.077
0.296881;0.114922;9.605.537
0.306458;0.095768;9.720.459
0.316035;0.086191;10.026.917
0.306458;0.105345;10.189.722
0.316035;0.105345;10.323.798
0.325611;0.105345;10.371.682
0.325611;0.095768;10.323.798
0.316035;0.095768;10.180.145
0.306458;0.105345;10.026.917
0.306458;0.095768;9.710.882
0.296881;0.105345;9.586.384
0.306458;0.105345;9.538.500
0.316035;0.086191;9.548.077
0.316035;0.105345;9.768.343
0.296881;0.105345;9.959.879
0.316035;0.114922;10.141.838
0.335188;0.086191;10.352.529
0.325611;0.095768;10.381.259
0.306458;0.114922;10.352.529
0.316035;0.105345;10.247.183
0.316035;0.086191;9.969.456
0.325611;0.095768;9.806.650
0.306458;0.095768;9.672.575
0.316035;0.095768;9.548.077
0.306458;0.105345;9.586.384
0.296881;0.105345;9.682.152
0.306458;0.086191;10.007.763
0.325611;0.105345;10.199.299
0.325611;0.095768;10.304.645
0.335188;0.095768;10.371.682
0.296881;0.086191;10.323.798
0.316035;0.095768;10.199.299
0.316035;0.105345;10.065.224
0.306458;0.124498;9.720.459
0.287304;0.095768;9.634.268
0.296881;0.114922;9.576.807
0.316035;0.105345;9.643.845
0.306458;0.105345;9.768.343
0.296881;0.086191;9.931.149
0.306458;0.105345;10.093.954
0.325611;0.095768;10.333.375
0.316035;0.114922;10.362.105
0.325611;0.105345;10.362.105
0.335188;0.114922;10.151.415
0.325611;0.105345;9.979.033
0.306458;0.095768;9.835.381
0.296881;0.114922;9.682.152
0.335188;0.076614;9.567.230
0.296881;0.095768;9.567.230
0.316035;0.114922;9.672.575
0.316035;0.105345;9.988.609
0.335188;0.105345;10.160.992
0.335188;0.114922;10.266.336
0.335188;0.086191;10.381.259
0.335188;0.105345;10.352.529
0.325611;0.095768;10.237.606
0.306458;0.076614;10.093.954
0.277727;0.095768;9.768.343
0.287304;0.095768;9.634.268
0.268151;0.095768;9.576.807
0.306458;0.105345;9.615.114
0.306458;0.114922;9.739.613
0.306458;0.114922;9.921.572
0.325611;0.114922;10.199.299
0.325611;0.105345;10.314.221
0.335188;0.095768;10.362.105
0.325611;0.114922;10.362.105
0.296881;0.095768;10.189.722
0.316035;0.076614;10.026.917
0.316035;0.086191;9.873.688
0.296881;0.086191;9.605.537
0.306458;0.086191;9.557.653
0.296881;0.114922;9.567.230
0.306458;0.086191;9.662.998
0.306458;0.086191;9.969.456
0.316035;0.095768;10.132.261
0.325611;0.105345;10.266.336
0.335188;0.114922;10.362.105
0.344765;0.105345;10.352.529
0.306458;0.114922;10.218.452
0.306458;0.095768;9.950.302
0.306458;0.105345;9.777.920
0.306458;0.114922;9.662.998
0.306458;0.105345;9.567.230
0.287304;0.086191;9.595.961
0.296881;0.095768;9.730.036
0.306458;0.095768;9.864.111
0.335188;0.095768;10.189.722
0.344765;0.095768;10.285.490
0.325611;0.095768;10.342.952
0.325611;0.095768;10.295.067
0.325611;0.086191;10.180.145
0.325611;0.105345;10.055.647
0.335188;0.095768;9.873.688
0.287304;0.095768;9.634.268
0.287304;0.114922;9.576.807
0.296881;0.086191;9.576.807
0.316035;0.086191;9.739.613
0.306458;0.105345;9.931.149
0.316035;0.114922;10.093.954
0.325611;0.124498;10.218.452
0.325611;0.095768;10.390.836
0.325611;0.095768;10.333.375
0.316035;0.095768;10.275.913
0.316035;0.095768;9.969.456
0.306458;0.095768;9.816.227
0.306458;0.114922;9.691.729
0.296881;0.095768;9.538.500
0.306458;0.105345;9.615.114
0.325611;0.114922;9.682.152
0.316035;0.095768;9.844.957
0.325611;0.114922;10.151.415
0.335188;0.114922;10.295.067
0.335188;0.105345;10.352.529
0.325611;0.105345;10.304.645
0.316035;0.095768;10.228.029
0.316035;0.114922;10.055.647
0.306458;0.086191;9.749.189
0.296881;0.105345;9.615.114
0.296881;0.105345;9.557.653
0.296881;0.086191;9.576.807
0.316035;0.095768;9.749.189
0.316035;0.076614;9.911.995
0.316035;0.095768;10.046.070
0.325611;0.095768;10.314.221
0.344765;0.124498;10.381.259
0.335188;0.124498;10.352.529
0.325611;0.095768;10.285.490
0.325611;0.114922;10.036.493
0.306458;0.105345;9.854.534
0.306458;0.114922;9.720.459
0.316035;0.114922;9.557.653
0.306458;0.095768;9.595.961
0.296881;0.105345;9.672.575
0.306458;0.095768;9.959.879
0.325611;0.105345;10.141.838
0.296881;0.067038;10.256.760
0.325611;0.105345;10.333.375
0.325611;0.105345;10.314.221
0.325611;0.086191;10.228.029
0.316035;0.076614;10.065.224
0.316035;0.086191;9.777.920
0.277727;0.095768;9.634.268
0.316035;0.105345;9.605.537
0.296881;0.105345;9.586.384
0.316035;0.105345;9.739.613
0.306458;0.095768;9.864.111
0.316035;0.105345;10.036.493
0.306458;0.105345;10.295.067
0.316035;0.105345;10.342.952
0.344765;0.105345;10.342.952
0.335188;0.105345;10.170.568
0.325611;0.086191;10.036.493
0.316035;0.095768;9.864.111
0.316035;0.086191;9.720.459
0.296881;0.095768;9.576.807
0.306458;0.095768;9.605.537
0.306458;0.086191;9.653.421
0.306458;0.095768;9.940.725
0.306458;0.105345;10.103.531
0.325611;0.095768;10.237.606
0.325611;0.086191;10.381.259
0.306458;0.095768;10.342.952
0.316035;0.095768;10.266.336
0.306458;0.095768;10.122.684
0.287304;0.095768;9.816.227
0.277727;0.105345;9.643.845
0.287304;0.105345;9.595.961
0.306458;0.114922;9.615.114
0.296881;0.076614;9.710.882
0.306458;0.095768;9.854.534
0.306458;0.095768;10.007.763
0.325611;0.105345;10.266.336
0.325611;0.114922;10.342.952
0.316035;0.076614;10.333.375
0.316035;0.105345;10.199.299
0.316035;0.105345;10.065.224
0.306458;0.114922;9.892.841
0.306458;0.086191;9.624.691
0.316035;0.086191;9.548.077
0.296881;0.076614;9.576.807
0.296881;0.114922;9.768.343
0.316035;0.086191;9.883.265
0.325611;0.076614;10.093.954
0.325611;0.095768;10.208.876
0.335188;0.114922;10.342.952
0.316035;0.095768;10.352.529
0.306458;0.095768;10.266.336
0.325611;0.095768;10.122.684
0.316035;0.105345;9.835.381
0.296881;0.105345;9.682.152
0.296881;0.095768;9.624.691
0.296881;0.095768;9.595.961
0.306458;0.086191;9.710.882
0.316035;0.076614;9.844.957
0.325611;0.095768;10.132.261
0.325611;0.105345;10.237.606
0.325611;0.105345;10.333.375
0.316035;0.086191;10.362.105
0.325611;0.086191;10.228.029
0.306458;0.105345;10.093.954
0.296881;0.067038;9.892.841
0.277727;0.095768;9.624.691
0.296881;0.086191;9.586.384
0.306458;0.076614;9.567.230
0.316035;0.095768;9.749.189
0.306458;0.105345;9.883.265
0.316035;0.095768;10.065.224
0.316035;0.105345;10.208.876
0.325611;0.124498;10.371.682
0.316035;0.095768;10.362.105
0.325611;0.095768;10.304.645
0.306458;0.086191;10.026.917
0.296881;0.114922;9.844.957
0.287304;0.105345;9.701.305
0.306458;0.095768;9.634.268
0.296881;0.105345;9.605.537
0.296881;0.076614;9.682.152
0.306458;0.095768;9.787.497
0.325611;0.095768;10.093.954
0.316035;0.134075;10.228.029
0.325611;0.105345;10.323.798
0.335188;0.114922;10.333.375
0.335188;0.134075;10.237.606
0.316035;0.086191;10.122.684
0.306458;0.086191;9.950.302
0.316035;0.095768;9.682.152
0.296881;0.105345;9.586.384
0.287304;0.124498;9.576.807
0.296881;0.086191;9.720.459
0.325611;0.086191;9.854.534
0.296881;0.095768;10.017.340
0.335188;0.095768;10.275.913
0.325611;0.124498;10.333.375
0.316035;0.105345;10.342.952
0.306458;0.105345;10.323.798
0.316035;0.095768;9.998.186
0.296881;0.114922;9.892.841
0.316035;0.086191;9.739.613
0.296881;0.114922;9.605.537
0.316035;0.095768;9.595.961
0.306458;0.086191;9.653.421
0.306458;0.076614;9.787.497
0.306458;0.086191;10.084.377
0.316035;0.076614;10.237.606
0.335188;0.105345;10.304.645
0.354342;0.095768;10.314.221
0.325611;0.086191;10.256.760
0.306458;0.095768;10.122.684
0.296881;0.095768;9.825.804
0.306458;0.095768;9.710.882
0.277727;0.105345;9.624.691
0.306458;0.095768;9.567.230
0.316035;0.124498;9.720.459
0.306458;0.105345;9.854.534
0.335188;0.076614;9.979.033
0.335188;0.095768;10.247.183
0.335188;0.076614;10.333.375
0.335188;0.105345;10.352.529
0.325611;0.105345;10.304.645
0.316035;0.095768;9.921.572
0.306458;0.095768;9.730.036
0.306458;0.086191;9.595.961
0.306458;0.105345;9.615.114
0.287304;0.095768;9.634.268
0.335188;0.095768;9.873.688
0.316035;0.076614;10.046.070
0.316035;0.095768;10.189.722
0.335188;0.086191;10.304.645
0.325611;0.134075;10.323.798
0.325611;0.114922;10.285.490
0.316035;0.095768;10.160.992
0.316035;0.095768;9.844.957
0.287304;0.105345;9.710.882
0.296881;0.095768;9.615.114
0.296881;0.124498;9.615.114
0.316035;0.076614;9.682.152
0.316035;0.105345;9.825.804
0.325611;0.095768;9.940.725
0.325611;0.105345;10.247.183
0.316035;0.095768;10.342.952
0.316035;0.114922;10.362.105
0.335188;0.095768;10.256.760
0.316035;0.095768;10.093.954
0.316035;0.105345;9.940.725
0.306458;0.095768;9.806.650
0.306458;0.105345;9.595.961
0.287304;0.105345;9.567.230
0.296881;0.105345;9.615.114
0.325611;0.095768;9.883.265
0.316035;0.095768;10.017.340
0.344765;0.105345;10.180.145
0.325611;0.105345;10.362.105
0.316035;0.105345;10.342.952
0.325611;0.067038;10.266.336
0.316035;0.114922;10.180.145
0.296881;0.105345;9.854.534
0.306458;0.095768;9.777.920
0.306458;0.086191;9.576.807
0.296881;0.105345;9.586.384
0.306458;0.095768;9.653.421
0.316035;0.076614;9.787.497
0.296881;0.105345;10.093.954
0.316035;0.095768;10.228.029
0.335188;0.095768;10.333.375
0.335188;0.114922;10.352.529
0.316035;0.114922;10.275.913
0.325611;0.095768;10.122.684
0.325611;0.105345;9.979.033
0.287304;0.124498;9.691.729
0.306458;0.086191;9.634.268
0.296881;0.095768;9.576.807
0.287304;0.105345;9.730.036
0.316035;0.076614;9.835.381
0.316035;0.076614;10.026.917
0.325611;0.095768;10.141.838
0.325611;0.095768;10.342.952
0.335188;0.095768;10.352.529
0.325611;0.124498;10.314.221
0.325611;0.095768;10.065.224
0.306458;0.105345;9.892.841
0.316035;0.105345;9.787.497
0.296881;0.114922;9.643.845
0.296881;0.095768;9.595.961
0.306458;0.086191;9.653.421
0.316035;0.105345;9.768.343
0.296881;0.105345;10.055.647
0.306458;0.105345;10.228.029
0.306458;0.086191;10.304.645
0.325611;0.095768;10.352.529
0.316035;0.095768;10.275.913
0.354342;0.114922;10.160.992
0.306458;0.105345;9.854.534
0.306458;0.105345;9.701.305
0.306458;0.076614;9.624.691
0.306458;0.095768;9.557.653
0.306458;0.105345;9.710.882
0.306458;0.105345;9.835.381
0.316035;0.105345;9.998.186
0.325611;0.105345;10.122.684
0.325611;0.086191;10.342.952
0.335188;0.086191;10.352.529
0.325611;0.105345;10.314.221
0.296881;0.095768;10.093.954
0.306458;0.105345;9.959.879
0.325611;0.114922;9.777.920
0.316035;0.095768;9.615.114
0.287304;0.105345;9.586.384
0.316035;0.095768;9.653.421
0.316035;0.105345;9.749.189
0.316035;0.086191;10.026.917
0.325611;0.095768;10.189.722
0.316035;0.086191;10.304.645
0.325611;0.086191;10.371.682
0.277727;0.086191;10.285.490
0.296881;0.095768;10.170.568
0.306458;0.095768;9.883.265
0.287304;0.086191;9.758.766
0.287304;0.095768;9.624.691
0.306458;0.095768;9.586.384
0.296881;0.095768;9.672.575
0.306458;0.114922;9.825.804
0.335188;0.105345;10.228.029
0.316035;0.086191;10.314.221
0.335188;0.105345;10.333.375
0.335188;0.114922;10.132.261
0.335188;0.114922;10.132.261
0.316035;0.095768;9.950.302
0.296881;0.105345;9.605.537
0.316035;0.114922;9.605.537
0.296881;0.086191;9.653.421
0.306458;0.105345;9.825.804
0.335188;0.095768;10.007.763
0.335188;0.105345;10.151.415
0.316035;0.105345;10.256.760
0.316035;0.114922;10.362.105
0.325611;0.095768;10.314.221
0.316035;0.086191;10.208.876
0.335188;0.086191;9.911.995
0.296881;0.095768;9.758.766
0.306458;0.095768;9.662.998
0.277727;0.095768;9.576.807
0.296881;0.086191;9.672.575
0.296881;0.114922;9.777.920
0.296881;0.114922;9.902.418
0.316035;0.105345;10.199.299
0.325611;0.095768;10.295.067
0.306458;0.114922;10.362.105
0.325611;0.095768;10.275.913
0.306458;0.086191;10.151.415
0.325611;0.114922;9.998.186
0.296881;0.134075;9.835.381
0.287304;0.086191;9.634.268
0.296881;0.086191;9.624.691
0.296881;0.086191;9.624.691
0.296881;0.086191;9.844.957
0.306458;0.105345;9.969.456
0.306458;0.095768;10.160.992
0.325611;0.124498;10.314.221
0.325611;0.105345;10.352.529
0.335188;0.105345;10.304.645
0.316035;0.095768;10.208.876
0.325611;0.114922;9.940.725
0.287304;0.095768;9.816.227
0.316035;0.105345;9.710.882
0.287304;0.105345;9.605.537
0.306458;0.076614;9.634.268
0.296881;0.076614;9.777.920
0.325611;0.086191;10.036.493
0.363919;0.114922;10.180.145
0.325611;0.105345;10.256.760
0.344765;0.095768;10.333.375
0.325611;0.086191;10.256.760
0.335188;0.095768;10.180.145
0.316035;0.105345;10.026.917
0.296881;0.095768;9.739.613
0.287304;0.095768;9.643.845
0.306458;0.086191;9.576.807
0.287304;0.105345;9.624.691
0.306458;0.086191;9.825.804
0.325611;0.095768;9.969.456
0.316035;0.095768;10.093.954
0.335188;0.114922;10.333.375
0.316035;0.086191;10.342.952
0.335188;0.095768;10.304.645
0.325611;0.105345;10.132.261
0.306458;0.095768;9.940.725
0.296881;0.114922;9.806.650
0.287304;0.076614;9.701.305
0.306458;0.105345;9.615.114
0.296881;0.105345;9.624.691
0.296881;0.076614;9.720.459
0.335188;0.095768;10.017.340
0.316035;0.095768;10.160.992
0.335188;0.076614;10.285.490
0.344765;0.114922;10.323.798
0.335188;0.124498;10.275.913
0.296881;0.105345;10.160.992
0.287304;0.095768;10.074.800
0.316035;0.095768;9.739.613
0.316035;0.076614;9.653.421
0.296881;0.086191;9.595.961
0.325611;0.114922;9.691.729
0.344765;0.105345;9.768.343
0.316035;0.076614;9.911.995
0.316035;0.105345;10.103.531
0.316035;0.086191;10.295.067
0.316035;0.105345;10.333.375
0.296881;0.076614;10.314.221
0.335188;0.105345;10.141.838
0.316035;0.105345;9.988.609
0.316035;0.095768;9.854.534
0.296881;0.105345;9.710.882
0.306458;0.124498;9.615.114
0.306458;0.114922;9.643.845
0.296881;0.114922;9.710.882
0.325611;0.114922;9.979.033
0.306458;0.105345;10.122.684
0.325611;0.086191;10.228.029
0.344765;0.114922;10.352.529
0.325611;0.095768;10.275.913
0.325611;0.086191;10.199.299
0.325611;0.105345;10.065.224
0.287304;0.076614;9.768.343
0.306458;0.086191;9.662.998
0.296881;0.067038;9.615.114
0.306458;0.086191;9.739.613
0.306458;0.086191;9.883.265
0.335188;0.105345;10.180.145
0.325611;0.095768;10.275.913
0.325611;0.124498;10.333.375
0.335188;0.105345;10.333.375
0.325611;0.124498;10.151.415
0.306458;0.105345;10.036.493
0.296881;0.105345;9.835.381
0.296881;0.076614;9.662.998
0.296881;0.095768;9.595.961
0.306458;0.114922;9.605.537
0.306458;0.095768;9.825.804
0.306458;0.124498;9.988.609
0.316035;0.105345;10.113.108
0.325611;0.124498;10.247.183
0.335188;0.114922;10.323.798
0.325611;0.086191;10.304.645
0.335188;0.105345;10.228.029
0.306458;0.105345;9.940.725
0.296881;0.105345;9.816.227
0.316035;0.105345;9.605.537
0.296881;0.086191;9.595.961
0.287304;0.105345;9.634.268
0.296881;0.105345;9.720.459
0.325611;0.095768;9.883.265
0.306458;0.086191;10.160.992
0.325611;0.105345;10.275.913
0.316035;0.086191;10.314.221
0.316035;0.105345;10.247.183
0.316035;0.095768;10.151.415
0.325611;0.114922;10.026.917
0.316035;0.086191;9.873.688
0.296881;0.105345;9.653.421
0.306458;0.076614;9.605.537
0.306458;0.105345;9.615.114
0.296881;0.095768;9.797.073
0.296881;0.086191;9.940.725
0.296881;0.095768;10.084.377
0.316035;0.105345;10.323.798
0.335188;0.114922;10.314.221
0.316035;0.095768;10.304.645
0.325611;0.105345;10.189.722
0.316035;0.105345;9.979.033
0.325611;0.095768;9.835.381
0.306458;0.105345;9.643.845
0.287304;0.105345;9.605.537
0.306458;0.086191;9.643.845
0.306458;0.105345;9.730.036
0.316035;0.086191;9.854.534
0.316035;0.095768;10.132.261
0.335188;0.095768;10.237.606
0.325611;0.095768;10.314.221
0.325611;0.076614;10.256.760
0.325611;0.114922;10.189.722
0.335188;0.105345;10.065.224
0.325611;0.086191;9.931.149
0.316035;0.105345;9.672.575
0.316035;0.086191;9.586.384
0.296881;0.095768;9.615.114
0.296881;0.105345;9.777.920
0.316035;0.095768;9.911.995
0.325611;0.105345;10.065.224
0.344765;0.114922;10.304.645
0.335188;0.114922;10.314.221
0.306458;0.095768;10.314.221
0.344765;0.114922;10.266.336
0.325611;0.105345;9.979.033
0.306458;0.086191;9.854.534
0.287304;0.095768;9.730.036
0.296881;0.105345;9.586.384
0.306458;0.086191;9.615.114
0.287304;0.095768;9.701.305
0.296881;0.086191;9.950.302
0.316035;0.086191;10.113.108
0.325611;0.105345;10.228.029
0.325611;0.105345;10.304.645
0.344765;0.086191;10.285.490
0.325611;0.114922;10.228.029
0.325611;0.095768;9.931.149
0.306458;0.114922;9.806.650
0.296881;0.086191;9.682.152
0.296881;0.086191;9.634.268
0.306458;0.095768;9.653.421
0.296881;0.086191;9.768.343
0.296881;0.086191;9.892.841
0.316035;0.086191;10.017.340
0.325611;0.095768;10.275.913
0.316035;0.086191;10.304.645
0.306458;0.095768;10.323.798
0.325611;0.095768;10.151.415
0.316035;0.124498;10.017.340
0.316035;0.114922;9.883.265
0.296881;0.114922;9.662.998
0.306458;0.095768;9.615.114
0.277727;0.086191;9.595.961
0.325611;0.076614;9.710.882
0.316035;0.095768;9.950.302
0.306458;0.095768;10.093.954
0.316035;0.095768;10.218.452
0.335188;0.114922;10.342.952
0.335188;0.124498;10.295.067
0.325611;0.095768;10.228.029
0.316035;0.086191;10.122.684
0.316035;0.095768;9.825.804
0.316035;0.095768;9.691.729
0.277727;0.086191;9.653.421
0.306458;0.076614;9.634.268
0.306458;0.095768;9.720.459
0.306458;0.095768;9.844.957
0.316035;0.086191;10.026.917
0.316035;0.114922;10.256.760
0.325611;0.086191;10.323.798
0.325611;0.095768;10.275.913
0.316035;0.105345;10.180.145
0.316035;0.095768;10.046.070
0.296881;0.086191;9.902.418
0.306458;0.124498;9.662.998
0.306458;0.095768;9.605.537
0.316035;0.086191;9.624.691
0.306458;0.095768;9.691.729
0.296881;0.086191;9.940.725
0.325611;0.114922;10.103.531
0.316035;0.086191;10.208.876
0.325611;0.086191;10.304.645
0.335188;0.114922;10.314.221
0.325611;0.095768;10.228.029
0.306458;0.105345;9.988.609
0.296881;0.105345;9.864.111
0.306458;0.095768;9.739.613
0.296881;0.114922;9.605.537
0.316035;0.095768;9.624.691
0.287304;0.086191;9.720.459
0.306458;0.105345;9.835.381
0.306458;0.076614;10.141.838
0.316035;0.086191;10.247.183
0.306458;0.105345;10.304.645
0.335188;0.086191;10.295.067
0.335188;0.095768;10.199.299
0.325611;0.086191;10.074.800
0.296881;0.114922;9.931.149
0.325611;0.067038;9.701.305
0.287304;0.086191;9.624.691
0.306458;0.105345;9.634.268
0.325611;0.095768;9.749.189
0.306458;0.086191;9.902.418
0.316035;0.124498;10.046.070
0.325611;0.124498;10.180.145
0.316035;0.095768;10.304.645
0.325611;0.095768;10.323.798
0.306458;0.095768;10.247.183
0.306458;0.086191;9.988.609
0.306458;0.114922;9.873.688
0.325611;0.095768;9.730.036
0.316035;0.086191;9.605.537
0.296881;0.067038;9.615.114
0.306458;0.095768;9.691.729
0.325611;0.105345;9.797.073
0.296881;0.095768;10.103.531
0.316035;0.086191;10.189.722
0.335188;0.124498;10.314.221
0.344765;0.124498;10.314.221
0.316035;0.105345;10.208.876
0.306458;0.086191;10.084.377
0.296881;0.057461;9.940.725
0.296881;0.076614;9.710.882
0.296881;0.095768;9.634.268
0.287304;0.095768;9.605.537
0.316035;0.086191;9.768.343
0.296881;0.095768;9.864.111
0.306458;0.095768;10.017.340
0.325611;0.114922;10.247.183
0.306458;0.105345;10.304.645
0.316035;0.114922;10.314.221
0.325611;0.105345;10.266.336
0.306458;0.114922;10.036.493
0.316035;0.105345;9.902.418
0.306458;0.076614;9.749.189
0.287304;0.086191;9.624.691
0.287304;0.095768;9.634.268
0.316035;0.086191;9.701.305
0.296881;0.114922;9.816.227
0.316035;0.095768;10.074.800
0.316035;0.076614;10.218.452
0.316035;0.114922;10.275.913
0.335188;0.114922;10.304.645
0.325611;0.105345;10.237.606
0.325611;0.114922;10.132.261
0.306458;0.086191;9.854.534
0.325611;0.086191;9.749.189
0.306458;0.095768;9.615.114
0.296881;0.105345;9.615.114
0.277727;0.076614;9.758.766
0.316035;0.124498;9.854.534
0.306458;0.076614;10.007.763
0.316035;0.114922;10.237.606
0.335188;0.105345;10.295.067
0.306458;0.067038;10.314.221
0.325611;0.105345;10.189.722
0.325611;0.105345;10.046.070
0.316035;0.105345;9.911.995
0.296881;0.105345;9.768.343
0.306458;0.086191;9.624.691
0.296881;0.095768;9.595.961
0.306458;0.095768;9.672.575
0.325611;0.105345;9.911.995
0.335188;0.124498;10.046.070
0.316035;0.076614;10.189.722
0.316035;0.076614;10.314.221
0.335188;0.105345;10.314.221
0.316035;0.095768;10.247.183
0.306458;0.105345;10.141.838
0.316035;0.086191;9.854.534
0.306458;0.095768;9.749.189
0.296881;0.086191;9.634.268
0.325611;0.095768;9.634.268
0.316035;0.095768;9.701.305
0.306458;0.105345;9.806.650
0.325611;0.076614;9.969.456
0.335188;0.105345;10.218.452
0.316035;0.095768;10.304.645
0.335188;0.105345;10.314.221
0.335188;0.095768;10.199.299
0.316035;0.105345;10.093.954
0.316035;0.105345;9.959.879
0.306458;0.086191;9.710.882
0.306458;0.105345;9.662.998
0.287304;0.095768;9.615.114
0.296881;0.095768;9.653.421
0.316035;0.095768;9.892.841
0.316035;0.095768;10.046.070
0.335188;0.095768;10.160.992
0.316035;0.114922;10.314.221
0.316035;0.095768;10.323.798
0.316035;0.086191;10.237.606
0.316035;0.105345;10.141.838
0.296881;0.095768;9.883.265
0.306458;0.086191;9.758.766
0.316035;0.095768;9.682.152
0.316035;0.095768;9.624.691
0.296881;0.105345;9.720.459
0.325611;0.105345;9.825.804
0.316035;0.086191;10.103.531
0.316035;0.105345;10.208.876
0.335188;0.086191;10.285.490
0.335188;0.114922;10.304.645
0.316035;0.095768;10.218.452
0.296881;0.105345;10.093.954
0.316035;0.095768;9.979.033
0.316035;0.095768;9.710.882
0.306458;0.076614;9.643.845
0.287304;0.105345;9.595.961
0.287304;0.095768;9.662.998
0.306458;0.105345;9.873.688
0.316035;0.086191;9.998.186
0.325611;0.086191;10.141.838
0.306458;0.086191;10.314.221
0.325611;0.105345;10.323.798
0.325611;0.105345;10.275.913
0.316035;0.105345;10.026.917
0.296881;0.114922;9.921.572
0.316035;0.076614;9.749.189
0.325611;0.076614;9.672.575
0.316035;0.105345;9.615.114
0.296881;0.105345;9.653.421
0.306458;0.086191;9.950.302
0.335188;0.086191;10.065.224
0.316035;0.105345;10.256.760
0.325611;0.114922;10.295.067
0.325611;0.124498;10.141.838
0.325611;0.114922;9.988.609
0.277727;0.114922;9.643.845
0.277727;0.105345;9.624.691
0.306458;0.086191;9.730.036
0.316035;0.105345;9.854.534
0.316035;0.086191;9.969.456
0.325611;0.114922;10.093.954
0.325611;0.095768;10.314.221
0.325611;0.105345;10.275.913
0.316035;0.095768;10.055.647
0.306458;0.114922;9.931.149
0.306458;0.095768;9.806.650
0.277727;0.105345;9.634.268
0.306458;0.086191;9.615.114
0.306458;0.095768;9.682.152
0.316035;0.086191;9.758.766
0.296881;0.095768;10.007.763
0.325611;0.095768;10.160.992
0.335188;0.095768;10.247.183
0.325611;0.095768;10.295.067
0.325611;0.086191;10.266.336
0.316035;0.105345;10.170.568
0.316035;0.067038;9.873.688
0.316035;0.086191;9.758.766
0.316035;0.105345;9.662.998
0.296881;0.105345;9.605.537
0.306458;0.105345;9.691.729
0.306458;0.105345;9.816.227
0.296881;0.114922;9.950.302
0.335188;0.105345;10.189.722
0.316035;0.105345;10.275.913
0.335188;0.105345;10.314.221
0.316035;0.114922;10.295.067
0.306458;0.086191;10.074.800
0.325611;0.114922;9.940.725
0.306458;0.105345;9.806.650
0.296881;0.095768;9.653.421
0.306458;0.095768;9.634.268
0.316035;0.095768;9.653.421
0.316035;0.076614;9.873.688
0.316035;0.105345;10.036.493
0.316035;0.114922;10.122.684
0.325611;0.095768;10.247.183
0.335188;0.086191;10.304.645
0.335188;0.105345;10.266.336
0.306458;0.105345;10.160.992
0.296881;0.095768;9.892.841
0.325611;0.086191;9.787.497
0.296881;0.105345;9.682.152
0.306458;0.086191;9.634.268
0.296881;0.095768;9.691.729
0.325611;0.105345;9.777.920
0.316035;0.086191;9.911.995
0.306458;0.105345;10.199.299
0.325611;0.105345;10.247.183
0.335188;0.114922;10.295.067
0.325611;0.086191;10.237.606
0.316035;0.134075;10.103.531
0.316035;0.105345;9.969.456
0.316035;0.105345;9.844.957
0.316035;0.086191;9.653.421
0.316035;0.095768;9.634.268
0.306458;0.095768;9.643.845
0.316035;0.076614;9.864.111
0.325611;0.095768;10.026.917
0.325611;0.105345;10.113.108
0.316035;0.095768;10.275.913
0.316035;0.105345;10.285.490
0.325611;0.095768;10.247.183
0.335188;0.095768;10.199.299
0.325611;0.105345;9.883.265
0.325611;0.105345;9.787.497
0.296881;0.105345;9.701.305
0.287304;0.086191;9.624.691
0.316035;0.067038;9.691.729
0.306458;0.095768;9.787.497
0.316035;0.114922;9.911.995
0.325611;0.095768;10.170.568
0.316035;0.086191;10.256.760
0.325611;0.124498;10.304.645
0.325611;0.086191;10.237.606
0.316035;0.114922;10.141.838
0.316035;0.105345;10.017.340
0.296881;0.086191;9.758.766
0.296881;0.095768;9.672.575
0.306458;0.114922;9.634.268
0.306458;0.095768;9.653.421
0.306458;0.095768;9.844.957
0.325611;0.105345;9.969.456
0.335188;0.095768;10.093.954
0.316035;0.095768;10.275.913
0.316035;0.114922;10.295.067
0.325611;0.105345;10.266.336
0.316035;0.095768;10.093.954
0.296881;0.095768;9.950.302
0.306458;0.095768;9.816.227
0.316035;0.095768;9.701.305
0.296881;0.095768;9.605.537
0.296881;0.105345;9.701.305
0.325611;0.086191;9.758.766
0.306458;0.105345;10.007.763
0.316035;0.076614;10.141.838
0.325611;0.095768;10.247.183
0.316035;0.114922;10.304.645
0.316035;0.086191;10.256.760
0.325611;0.114922;10.151.415
0.306458;0.105345;10.026.917
0.306458;0.095768;9.749.189
0.316035;0.105345;9.662.998
0.306458;0.095768;9.615.114
0.325611;0.105345;9.710.882
0.287304;0.095768;9.825.804
0.325611;0.095768;9.921.572
0.316035;0.095768;10.074.800
0.325611;0.105345;10.275.913
0.316035;0.105345;10.295.067
0.325611;0.095768;10.199.299
0.325611;0.076614;10.113.108
0.316035;0.124498;9.988.609
0.306458;0.114922;9.835.381
0.325611;0.076614;9.624.691
0.306458;0.095768;9.624.691
0.296881;0.114922;9.662.998
0.306458;0.105345;9.758.766
0.325611;0.105345;9.969.456
0.335188;0.095768;10.132.261
0.316035;0.114922;10.228.029
0.316035;0.095768;10.314.221
0.344765;0.124498;10.247.183
0.325611;0.095768;10.160.992
0.306458;0.105345;10.036.493
0.296881;0.095768;9.787.497
0.296881;0.105345;9.682.152
0.277727;0.076614;9.624.691
0.287304;0.086191;9.720.459
0.296881;0.105345;9.787.497
0.306458;0.105345;9.902.418
0.325611;0.105345;10.160.992
0.316035;0.076614;10.256.760
0.316035;0.095768;10.304.645
0.306458;0.095768;10.122.684
0.316035;0.095768;9.998.186
0.306458;0.114922;9.844.957
0.287304;0.095768;9.662.998
0.335188;0.095768;9.634.268
0.306458;0.086191;9.672.575
0.296881;0.114922;9.864.111
0.316035;0.095768;9.969.456
0.316035;0.105345;10.093.954
0.316035;0.095768;10.208.876
0.316035;0.105345;10.285.490
0.335188;0.095768;10.266.336
0.316035;0.095768;10.189.722
0.316035;0.105345;9.931.149
0.306458;0.105345;9.797.073
0.316035;0.105345;9.710.882
0.296881;0.095768;9.653.421
0.296881;0.114922;9.691.729
0.316035;0.095768;9.797.073
0.287304;0.105345;9.902.418
0.306458;0.105345;10.180.145
0.325611;0.105345;10.228.029
0.325611;0.114922;10.304.645
0.325611;0.086191;10.237.606
0.306458;0.105345;10.151.415
0.296881;0.105345;9.988.609
0.306458;0.105345;9.883.265
0.306458;0.095768;9.682.152
0.306458;0.095768;9.653.421
0.296881;0.114922;9.653.421
0.316035;0.095768;9.816.227
0.316035;0.105345;9.950.302
0.306458;0.105345;10.074.800
0.325611;0.086191;10.285.490
0.325611;0.105345;10.304.645
0.335188;0.114922;10.266.336
0.316035;0.124498;10.208.876
0.316035;0.114922;9.979.033
0.316035;0.095768;9.825.804
0.306458;0.114922;9.710.882
0.296881;0.105345;9.643.845
0.325611;0.086191;9.662.998
0.316035;0.105345;9.739.613
0.306458;0.114922;9.892.841
0.316035;0.095768;10.113.108
0.316035;0.105345;10.237.606
0.325611;0.124498;10.285.490
0.325611;0.105345;10.256.760
0.316035;0.105345;10.141.838
0.306458;0.095768;10.046.070
0.325611;0.086191;9.797.073
0.316035;0.114922;9.701.305
0.306458;0.086191;9.662.998
0.296881;0.105345;9.624.691
0.277727;0.086191;9.806.650
0.296881;0.114922;9.921.572
0.306458;0.114922;10.055.647
0.335188;0.114922;10.247.183
0.325611;0.105345;10.275.913
0.316035;0.114922;10.275.913
0.335188;0.095768;10.132.261
0.316035;0.114922;9.979.033
0.296881;0.067038;9.854.534
0.306458;0.105345;9.672.575
0.296881;0.105345;9.643.845
0.287304;0.095768;9.634.268
0.316035;0.114922;9.730.036
0.316035;0.105345;9.979.033
0.306458;0.076614;10.093.954
0.335188;0.076614;10.228.029
0.325611;0.105345;10.275.913
0.325611;0.124498;10.275.913
0.306458;0.086191;10.180.145
0.306458;0.105345;10.074.800
0.306458;0.095768;9.806.650
0.306458;0.095768;9.682.152
0.296881;0.086191;9.662.998
0.306458;0.105345;9.682.152
0.296881;0.114922;9.797.073
0.325611;0.105345;9.911.995
0.325611;0.114922;10.026.917
0.325611;0.105345;10.256.760
0.325611;0.095768;10.295.067
0.325611;0.086191;10.256.760
0.306458;0.105345;10.141.838
0.316035;0.114922;10.017.340
0.325611;0.095768;9.873.688
0.306458;0.105345;9.768.343
0.296881;0.114922;9.672.575
0.296881;0.095768;9.662.998
0.306458;0.105345;9.710.882
0.316035;0.124498;9.931.149
0.325611;0.114922;10.093.954
0.306458;0.105345;10.180.145
0.325611;0.124498;10.304.645
0.335188;0.114922;10.275.913
0.335188;0.095768;10.189.722
0.306458;0.086191;10.074.800
0.296881;0.114922;9.835.381
0.296881;0.105345;9.720.459
0.316035;0.086191;9.662.998
0.296881;0.095768;9.691.729
0.296881;0.114922;9.768.343
0.316035;0.095768;9.902.418
0.316035;0.095768;10.122.684
0.335188;0.124498;10.228.029
0.335188;0.105345;10.275.913
0.316035;0.095768;10.323.798
0.335188;0.114922;10.151.415
0.316035;0.105345;9.911.995
0.287304;0.095768;9.701.305
0.296881;0.086191;9.634.268
0.277727;0.124498;9.653.421
0.316035;0.114922;9.730.036
0.316035;0.105345;9.940.725
0.325611;0.114922;10.017.340
0.335188;0.114922;10.170.568
0.306458;0.095768;10.275.913
0.335188;0.124498;10.285.490
0.316035;0.105345;10.218.452
0.316035;0.105345;9.959.879
0.325611;0.124498;9.844.957
0.296881;0.095768;9.720.459
0.296881;0.086191;9.701.305
0.316035;0.095768;9.682.152
0.316035;0.095768;9.749.189
0.335188;0.095768;9.835.381
0.306458;0.095768;10.113.108
0.325611;0.114922;10.189.722
0.335188;0.105345;10.256.760
0.316035;0.124498;10.247.183
0.335188;0.105345;10.160.992
0.325611;0.124498;10.065.224
0.287304;0.086191;9.931.149
0.316035;0.114922;9.720.459
0.296881;0.076614;9.662.998
0.296881;0.105345;9.662.998
0.296881;0.105345;9.768.343
0.306458;0.076614;9.911.995
0.306458;0.114922;10.046.070
0.325611;0.095768;10.151.415
0.335188;0.105345;10.304.645
0.325611;0.114922;10.275.913
0.316035;0.124498;10.199.299
0.316035;0.095768;10.017.340
0.306458;0.105345;9.902.418
0.316035;0.095768;9.749.189
0.306458;0.086191;9.643.845
0.306458;0.095768;9.672.575
0.316035;0.105345;9.730.036
0.296881;0.105345;9.835.381
0.344765;0.114922;10.084.377
0.325611;0.105345;10.189.722
0.325611;0.105345;10.247.183
0.325611;0.095768;10.275.913
0.325611;0.105345;10.208.876
0.316035;0.086191;10.074.800
0.325611;0.105345;9.835.381
0.296881;0.095768;9.730.036
0.325611;0.095768;9.662.998
0.296881;0.124498;9.662.998
0.296881;0.105345;9.777.920
0.287304;0.114922;9.864.111
0.316035;0.076614;10.017.340
0.325611;0.095768;10.228.029
0.316035;0.076614;10.295.067
0.316035;0.095768;10.275.913
0.316035;0.095768;10.237.606
0.335188;0.076614;10.055.647
0.325611;0.105345;9.883.265
0.316035;0.105345;9.797.073
0.325611;0.086191;9.643.845
0.296881;0.124498;9.634.268
0.306458;0.095768;9.691.729
0.296881;0.105345;9.902.418
0.316035;0.095768;10.065.224
0.325611;0.105345;10.160.992
0.325611;0.114922;10.275.913
0.316035;0.114922;10.275.913
0.306458;0.105345;10.208.876
0.325611;0.105345;9.979.033
0.325611;0.086191;9.816.227
0.296881;0.095768;9.730.036
0.268151;0.114922;9.672.575
0.325611;0.086191;9.691.729
0.316035;0.095768;9.768.343
0.316035;0.114922;9.854.534
0.325611;0.114922;9.979.033
0.335188;0.114922;10.199.299
0.306458;0.105345;10.285.490
0.316035;0.105345;10.275.913
0.316035;0.105345;10.141.838
0.296881;0.114922;10.046.070
0.325611;0.095768;9.902.418
0.325611;0.105345;9.806.650
0.296881;0.124498;9.682.152
0.306458;0.114922;9.653.421
0.306458;0.105345;9.701.305
0.306458;0.105345;9.902.418
0.335188;0.105345;10.036.493
0.316035;0.105345;10.170.568
0.325611;0.086191;10.295.067
0.335188;0.095768;10.285.490
0.316035;0.095768;10.208.876
0.296881;0.086191;10.103.531
0.316035;0.095768;9.864.111
0.306458;0.105345;9.758.766
0.296881;0.105345;9.701.305
0.296881;0.105345;9.672.575
0.316035;0.114922;9.749.189
0.306458;0.114922;9.854.534
0.306458;0.114922;9.979.033
0.296881;0.076614;10.199.299
0.325611;0.105345;10.247.183
0.335188;0.114922;10.266.336
0.325611;0.105345;10.170.568
0.306458;0.095768;10.065.224
0.316035;0.095768;9.940.725
0.306458;0.124498;9.710.882
0.306458;0.076614;9.643.845
0.306458;0.114922;9.653.421
0.296881;0.105345;9.691.729
0.306458;0.086191;9.902.418
0.316035;0.105345;10.036.493
0.325611;0.114922;10.141.838
0.316035;0.095768;10.266.336
0.325611;0.095768;10.256.760
0.325611;0.105345;10.237.606
0.316035;0.076614;9.998.186
0.316035;0.105345;9.883.265
0.306458;0.086191;9.749.189
0.296881;0.105345;9.682.152
0.316035;0.095768;9.662.998
0.306458;0.114922;9.720.459
0.316035;0.105345;9.835.381
0.325611;0.095768;10.093.954
0.316035;0.105345;10.189.722
0.335188;0.114922;10.237.606
0.316035;0.095768;10.275.913
0.325611;0.124498;10.199.299
0.316035;0.105345;10.084.377
0.306458;0.067038;10.017.340
0.296881;0.095768;9.739.613
0.316035;0.105345;9.653.421
0.306458;0.105345;9.662.998
0.306458;0.105345;9.777.920
0.287304;0.095768;9.864.111
0.306458;0.095768;9.998.186
0.306458;0.124498;10.218.452
0.316035;0.086191;10.256.760
0.325611;0.095768;10.275.913
0.316035;0.105345;10.237.606
0.316035;0.095768;10.026.917
0.335188;0.086191;9.911.995
0.316035;0.086191;9.768.343
0.296881;0.114922;9.643.845
0.296881;0.095768;9.653.421
0.296881;0.124498;9.710.882
0.287304;0.095768;9.816.227
0.325611;0.105345;10.074.800
0.306458;0.086191;10.170.568
0.316035;0.095768;10.266.336
0.325611;0.095768;10.247.183
0.325611;0.086191;10.237.606
0.335188;0.095768;10.113.108
0.296881;0.095768;9.883.265
0.306458;0.105345;9.758.766
0.306458;0.095768;9.701.305
0.296881;0.086191;9.634.268
0.277727;0.086191;9.768.343
0.296881;0.086191;9.854.534
0.296881;0.095768;9.988.609
0.316035;0.105345;10.218.452
0.316035;0.095768;10.266.336
0.335188;0.105345;10.275.913
0.306458;0.114922;10.228.029
0.306458;0.086191;10.036.493
0.306458;0.076614;9.950.302
0.306458;0.086191;9.691.729
0.306458;0.095768;9.672.575
0.296881;0.095768;9.653.421
0.306458;0.114922;9.730.036
0.325611;0.076614;9.892.841
0.306458;0.105345;10.036.493
0.316035;0.105345;10.132.261
0.325611;0.095768;10.208.876
0.325611;0.124498;10.266.336
0.325611;0.124498;10.228.029
0.316035;0.076614;10.132.261
0.325611;0.095768;9.892.841
0.316035;0.095768;9.777.920
0.316035;0.095768;9.672.575
0.306458;0.105345;9.653.421
0.296881;0.114922;9.739.613
0.296881;0.086191;9.844.957
0.325611;0.095768;9.979.033
0.335188;0.114922;10.180.145
0.335188;0.105345;10.266.336
0.316035;0.105345;10.285.490
0.335188;0.105345;10.189.722
0.325611;0.114922;10.074.800
0.306458;0.105345;9.950.302
0.296881;0.086191;9.825.804
0.306458;0.095768;9.662.998
0.287304;0.095768;9.643.845
0.306458;0.086191;9.682.152
0.325611;0.114922;9.883.265
0.325611;0.114922;10.007.763
0.296881;0.134075;10.132.261
0.325611;0.105345;10.247.183
0.325611;0.114922;10.275.913
0.316035;0.114922;10.208.876
0.325611;0.105345;10.141.838
0.296881;0.105345;9.902.418
0.325611;0.086191;9.777.920
0.296881;0.095768;9.691.729
0.316035;0.086191;9.672.575
0.306458;0.076614;9.730.036
0.296881;0.095768;9.816.227
0.306458;0.105345;9.940.725
0.325611;0.095768;10.180.145
0.316035;0.095768;10.266.336
0.316035;0.086191;10.266.336
0.316035;0.114922;10.199.299
0.335188;0.114922;10.113.108
0.325611;0.095768;9.979.033
0.306458;0.124498;9.768.343
0.306458;0.095768;9.691.729
0.296881;0.105345;9.672.575
0.306458;0.086191;9.701.305
0.325611;0.095768;9.864.111
0.316035;0.095768;9.969.456
0.287304;0.095768;10.093.954
0.306458;0.105345;10.275.913
0.316035;0.124498;10.285.490
0.316035;0.095768;10.247.183
0.316035;0.095768;10.046.070
0.316035;0.095768;9.931.149
0.306458;0.095768;9.806.650
0.316035;0.105345;9.701.305
0.325611;0.086191;9.653.421
0.306458;0.095768;9.730.036
0.306458;0.105345;9.777.920
0.316035;0.095768;10.036.493
0.306458;0.105345;10.151.415
0.325611;0.105345;10.247.183
0.316035;0.114922;10.247.183
0.316035;0.114922;10.132.261
0.325611;0.076614;10.017.340
0.306458;0.086191;9.797.073
0.316035;0.095768;9.691.729
0.316035;0.095768;9.662.998
0.306458;0.105345;9.749.189
0.325611;0.095768;9.854.534
0.316035;0.086191;9.969.456
0.316035;0.076614;10.103.531
0.335188;0.105345;10.256.760
0.325611;0.105345;10.295.067
0.316035;0.105345;10.237.606
0.306458;0.095768;10.065.224
0.325611;0.105345;9.940.725
0.306458;0.095768;9.816.227
0.316035;0.105345;9.672.575
0.325611;0.076614;9.672.575
0.306458;0.095768;9.701.305
0.316035;0.095768;9.777.920
0.316035;0.105345;10.007.763
0.306458;0.105345;10.132.261
0.335188;0.105345;10.189.722
0.316035;0.086191;10.266.336
0.316035;0.114922;10.199.299
0.306458;0.124498;10.141.838
0.306458;0.114922;10.007.763
0.316035;0.076614;9.787.497
0.316035;0.076614;9.701.305
0.306458;0.105345;9.653.421
0.316035;0.114922;9.701.305
0.287304;0.105345;9.835.381
0.296881;0.086191;9.959.879
0.325611;0.105345;10.170.568
0.316035;0.086191;10.247.183
0.325611;0.086191;10.247.183
0.344765;0.114922;10.228.029
0.325611;0.105345;10.084.377
0.306458;0.095768;9.844.957
0.306458;0.124498;9.682.152
0.296881;0.086191;9.682.152
0.296881;0.086191;9.701.305
0.325611;0.114922;9.797.073
0.316035;0.134075;10.007.763
0.335188;0.105345;10.093.954
0.296881;0.086191;10.199.299
0.325611;0.095768;10.266.336
0.316035;0.114922;10.151.415
0.325611;0.105345;9.902.418
0.306458;0.095768;9.806.650
0.306458;0.086191;9.749.189
0.316035;0.095768;9.710.882
0.306458;0.105345;9.797.073
0.316035;0.105345;9.921.572
0.325611;0.076614;10.141.838
0.325611;0.086191;10.266.336
0.316035;0.105345;10.208.876
0.306458;0.095768;10.093.954
0.335188;0.086191;9.979.033
0.316035;0.095768;9.873.688
0.306458;0.086191;9.662.998
0.306458;0.076614;9.662.998
0.296881;0.105345;9.682.152
0.316035;0.105345;9.864.111
0.306458;0.124498;9.979.033
0.335188;0.095768;10.103.531
0.335188;0.105345;10.170.568
0.306458;0.105345;10.275.913
0.306458;0.124498;10.237.606
0.306458;0.095768;10.180.145
0.306458;0.105345;9.940.725
0.325611;0.105345;9.825.804
0.296881;0.105345;9.730.036
0.316035;0.095768;9.653.421
0.306458;0.105345;9.730.036
0.287304;0.095768;9.777.920
0.325611;0.114922;10.132.261
0.306458;0.095768;10.218.452
0.325611;0.095768;10.256.760
0.325611;0.134075;10.132.261
0.306458;0.105345;9.998.186
0.296881;0.086191;9.873.688
0.306458;0.067038;9.720.459
0.306458;0.076614;9.682.152
0.296881;0.086191;9.682.152
0.296881;0.105345;9.844.957
0.325611;0.124498;9.940.725
0.316035;0.105345;10.046.070
0.306458;0.095768;10.228.029
0.335188;0.086191;10.285.490
0.344765;0.105345;10.256.760
0.316035;0.105345;10.199.299
0.296881;0.095768;9.950.302
0.316035;0.105345;9.854.534
0.296881;0.086191;9.739.613
0.316035;0.086191;9.662.998
0.296881;0.067038;9.682.152
0.325611;0.105345;9.768.343
0.325611;0.086191;10.007.763
0.335188;0.114922;10.141.838
0.335188;0.095768;10.189.722
0.344765;0.105345;10.266.336
0.306458;0.086191;10.237.606
0.306458;0.105345;10.141.838
0.325611;0.095768;10.026.917
0.306458;0.086191;9.787.497
0.296881;0.114922;9.730.036
0.296881;0.086191;9.653.421
0.296881;0.105345;9.653.421
0.306458;0.086191;9.816.227
0.306458;0.105345;9.902.418
0.325611;0.105345;10.055.647
0.325611;0.114922;10.228.029
0.316035;0.095768;10.275.913
0.306458;0.095768;10.228.029
0.306458;0.105345;10.093.954
0.306458;0.124498;9.979.033
0.316035;0.105345;9.844.957
0.316035;0.114922;9.768.343
0.287304;0.095768;9.672.575
0.306458;0.114922;9.701.305
0.296881;0.095768;9.749.189
0.325611;0.105345;9.988.609
0.325611;0.105345;10.074.800
0.325611;0.105345;10.189.722
0.335188;0.095768;10.266.336
0.325611;0.105345;10.237.606
0.325611;0.086191;10.160.992
0.316035;0.114922;10.055.647
0.316035;0.124498;9.816.227
0.296881;0.086191;9.758.766
0.296881;0.095768;9.662.998
0.296881;0.105345;9.739.613
0.325611;0.086191;9.787.497
0.325611;0.124498;9.902.418
0.306458;0.095768;9.998.186
0.316035;0.105345;10.237.606
0.325611;0.105345;10.275.913
0.335188;0.086191;10.247.183
0.306458;0.076614;10.113.108
0.316035;0.124498;9.979.033
0.296881;0.114922;9.873.688
0.306458;0.105345;9.701.305
0.325611;0.105345;9.653.421
0.306458;0.095768;9.710.882
0.296881;0.095768;9.739.613
0.316035;0.105345;9.959.879
0.344765;0.086191;10.084.377
0.325611;0.105345;10.189.722
0.316035;0.105345;10.256.760
0.325611;0.095768;10.237.606
0.306458;0.095768;10.160.992
0.296881;0.076614;9.940.725
0.287304;0.086191;9.835.381
0.306458;0.114922;9.739.613
0.325611;0.105345;9.672.575
0.306458;0.105345;9.739.613
0.287304;0.095768;9.768.343
0.325611;0.114922;9.902.418
0.344765;0.105345;10.132.261
0.325611;0.076614;10.199.299
0.316035;0.105345;10.247.183
0.306458;0.114922;10.275.913
0.316035;0.105345;10.132.261
0.306458;0.095768;10.046.070
0.325611;0.105345;9.892.841
0.306458;0.124498;9.720.459
0.296881;0.086191;9.672.575
0.306458;0.114922;9.672.575
0.335188;0.105345;9.816.227
0.316035;0.095768;9.911.995
0.335188;0.114922;10.046.070
0.316035;0.124498;10.160.992
0.335188;0.095768;10.285.490
0.325611;0.105345;10.247.183
0.306458;0.114922;10.160.992
0.306458;0.114922;9.998.186
0.335188;0.095768;9.883.265
0.277727;0.095768;9.758.766
0.296881;0.105345;9.682.152
0.287304;0.105345;9.701.305
0.306458;0.105345;9.768.343
0.325611;0.105345;9.864.111
0.316035;0.114922;10.113.108
0.325611;0.095768;10.218.452
0.316035;0.095768;10.247.183
0.316035;0.076614;10.199.299
0.306458;0.105345;10.151.415
0.296881;0.105345;10.046.070
0.316035;0.105345;9.931.149
0.306458;0.095768;9.720.459
0.306458;0.095768;9.662.998
0.325611;0.095768;9.672.575
0.316035;0.105345;9.806.650
0.306458;0.086191;9.921.572
0.335188;0.095768;10.046.070
0.335188;0.076614;10.208.876
0.325611;0.124498;10.256.760
0.316035;0.124498;10.256.760
0.325611;0.095768;10.189.722
0.306458;0.095768;9.969.456
0.316035;0.095768;9.883.265
0.306458;0.105345;9.768.343
0.306458;0.076614;9.682.152
0.296881;0.114922;9.720.459
0.316035;0.105345;9.749.189
0.325611;0.095768;9.921.572
0.325611;0.105345;10.055.647
0.316035;0.114922;10.160.992
0.316035;0.114922;10.247.183
0.316035;0.095768;10.237.606
0.306458;0.086191;10.199.299
0.316035;0.105345;10.055.647
0.296881;0.114922;9.825.804
0.296881;0.114922;9.730.036
0.296881;0.095768;9.662.998
0.287304;0.095768;9.682.152
0.325611;0.105345;9.806.650
0.316035;0.086191;9.892.841
0.306458;0.057461;10.036.493
0.325611;0.095768;10.199.299
0.325611;0.114922;10.247.183
0.306458;0.105345;10.237.606
0.306458;0.105345;10.132.261
0.316035;0.114922;10.017.340
0.296881;0.105345;9.883.265
0.306458;0.095768;9.797.073
0.306458;0.095768;9.682.152
0.296881;0.095768;9.730.036
0.296881;0.095768;9.768.343
0.325611;0.095768;9.940.725
0.316035;0.095768;10.055.647
0.344765;0.114922;10.170.568
0.335188;0.095768;10.256.760
0.335188;0.086191;10.247.183
0.325611;0.095768;10.180.145
0.325611;0.114922;10.074.800
0.296881;0.095768;9.825.804
0.316035;0.086191;9.758.766
0.277727;0.143652;9.691.729
0.306458;0.114922;9.710.882
0.316035;0.105345;9.787.497
0.296881;0.105345;9.892.841
0.316035;0.114922;9.969.456
0.316035;0.105345;10.189.722
0.325611;0.095768;10.256.760
0.344765;0.105345;10.266.336
0.325611;0.086191;10.160.992
0.316035;0.086191;10.046.070
0.316035;0.095768;9.883.265
0.306458;0.086191;9.720.459
0.296881;0.057461;9.710.882
0.306458;0.095768;9.710.882
0.325611;0.105345;9.806.650
0.306458;0.114922;9.921.572
0.316035;0.095768;10.046.070
0.325611;0.105345;10.160.992
0.296881;0.105345;10.256.760
0.335188;0.105345;10.218.452
0.316035;0.134075;10.170.568
0.306458;0.095768;9.959.879
0.306458;0.095768;9.873.688
0.296881;0.105345;9.749.189
0.316035;0.086191;9.653.421
0.296881;0.124498;9.701.305
0.306458;0.114922;9.787.497
0.296881;0.105345;9.864.111
0.306458;0.105345;10.074.800
0.335188;0.124498;10.189.722
0.325611;0.076614;10.256.760
0.306458;0.105345;10.266.336
0.325611;0.105345;10.141.838
0.306458;0.114922;10.065.224
0.325611;0.086191;9.940.725
0.306458;0.105345;9.730.036
0.296881;0.095768;9.691.729
0.325611;0.105345;9.691.729
0.306458;0.105345;9.835.381
0.316035;0.105345;9.921.572
0.316035;0.105345;10.036.493
0.325611;0.105345;10.151.415
0.316035;0.105345;10.275.913
0.325611;0.105345;10.256.760
0.316035;0.095768;10.199.299
0.335188;0.105345;9.988.609
0.296881;0.095768;9.883.265
0.296881;0.086191;9.777.920
0.325611;0.105345;9.691.729
0.277727;0.086191;9.710.882
0.316035;0.095768;9.768.343
0.306458;0.105345;9.844.957
0.296881;0.095768;10.074.800
0.316035;0.095768;10.170.568
0.306458;0.095768;10.237.606
0.306458;0.114922;10.237.606
0.325611;0.105345;10.180.145
0.306458;0.095768;10.074.800
0.316035;0.095768;9.959.879
0.296881;0.067038;9.768.343
0.296881;0.095768;9.701.305
0.306458;0.105345;9.701.305
0.325611;0.095768;9.777.920
0.296881;0.086191;9.873.688
0.306458;0.086191;9.988.609
0.335188;0.076614;10.237.606
0.316035;0.095768;10.247.183
0.306458;0.114922;10.189.722
0.325611;0.105345;10.036.493
0.296881;0.095768;9.902.418
0.306458;0.076614;9.825.804
0.316035;0.114922;9.682.152
0.306458;0.105345;9.710.882
0.306458;0.086191;9.749.189
0.325611;0.095768;9.844.957
0.306458;0.095768;10.046.070
0.316035;0.114922;10.151.415
0.316035;0.105345;10.237.606
0.325611;0.095768;10.237.606
0.335188;0.095768;10.180.145
0.306458;0.095768;10.084.377
0.296881;0.086191;9.873.688
0.316035;0.114922;9.758.766
0.296881;0.095768;9.701.305
0.306458;0.086191;9.672.575
0.296881;0.076614;9.777.920
0.306458;0.105345;9.864.111
0.316035;0.105345;9.959.879
0.325611;0.086191;10.189.722
0.335188;0.114922;10.247.183
0.325611;0.105345;10.275.913
0.325611;0.114922;10.122.684
0.325611;0.076614;10.007.763
0.306458;0.086191;9.940.725
0.287304;0.086191;9.816.227
0.316035;0.076614;9.682.152
0.296881;0.076614;9.682.152
0.296881;0.095768;9.730.036
0.296881;0.095768;9.921.572
0.325611;0.095768;10.046.070
0.325611;0.086191;10.122.684
0.316035;0.086191;10.189.722
0.296881;0.095768;10.275.913
0.335188;0.124498;10.218.452
0.306458;0.105345;10.113.108
0.306458;0.105345;9.892.841
0.306458;0.105345;9.777.920
0.306458;0.086191;9.691.729
0.306458;0.086191;9.682.152
0.306458;0.095768;9.749.189
0.316035;0.105345;9.854.534
0.325611;0.114922;9.988.609
0.325611;0.095768;10.160.992
0.325611;0.105345;10.237.606
0.325611;0.095768;10.237.606
0.316035;0.124498;10.160.992
0.306458;0.086191;10.017.340
0.306458;0.086191;9.969.456
0.316035;0.086191;9.844.957
0.306458;0.105345;9.682.152
0.277727;0.086191;9.682.152
0.306458;0.086191;9.720.459
0.316035;0.095768;9.921.572
0.316035;0.095768;10.007.763
0.316035;0.095768;10.074.800
0.335188;0.095768;10.228.029
0.325611;0.095768;10.256.760
0.306458;0.114922;10.208.876
0.325611;0.086191;10.141.838
0.325611;0.095768;9.892.841
0.287304;0.105345;9.806.650
0.316035;0.105345;9.730.036
0.316035;0.105345;9.710.882
0.316035;0.095768;9.730.036
0.296881;0.086191;9.854.534
0.335188;0.076614;10.046.070
0.306458;0.124498;10.160.992
0.335188;0.086191;10.237.606
0.335188;0.114922;10.247.183
0.316035;0.095768;10.180.145
0.325611;0.095768;10.074.800
0.306458;0.086191;9.940.725
0.296881;0.095768;9.787.497
0.306458;0.095768;9.730.036
0.316035;0.086191;9.662.998
0.325611;0.095768;9.768.343
0.296881;0.095768;9.873.688
0.296881;0.105345;10.026.917
0.316035;0.114922;10.122.684
0.316035;0.114922;10.237.606
0.306458;0.105345;10.256.760
0.325611;0.114922;10.237.606
0.316035;0.086191;10.046.070
0.335188;0.095768;9.940.725
0.316035;0.124498;9.816.227
0.316035;0.124498;9.701.305
0.287304;0.105345;9.682.152
0.287304;0.095768;9.749.189
0.296881;0.114922;9.825.804
0.316035;0.105345;10.036.493
0.306458;0.086191;10.132.261
0.306458;0.114922;10.208.876
0.306458;0.086191;10.237.606
0.316035;0.114922;10.180.145
0.316035;0.095768;10.103.531
0.316035;0.086191;10.017.340
0.306458;0.095768;9.797.073
0.316035;0.095768;9.710.882
0.296881;0.105345;9.691.729
0.306458;0.105345;9.797.073
0.287304;0.105345;9.864.111
0.306458;0.086191;9.979.033
0.306458;0.105345;10.160.992
0.316035;0.076614;10.189.722
0.316035;0.105345;10.247.183
0.316035;0.095768;10.199.299
0.296881;0.105345;10.084.377
0.335188;0.086191;9.940.725
0.335188;0.095768;9.835.381
0.316035;0.105345;9.701.305
0.306458;0.114922;9.691.729
0.316035;0.095768;9.720.459
0.316035;0.086191;9.892.841
0.306458;0.086191;10.017.340
0.335188;0.114922;10.122.684
0.325611;0.105345;10.208.876
0.316035;0.124498;10.237.606
0.335188;0.095768;10.208.876
0.325611;0.105345;10.093.954
0.306458;0.105345;9.911.995
0.306458;0.086191;9.825.804
0.335188;0.076614;9.720.459
0.316035;0.076614;9.720.459
0.306458;0.095768;9.739.613
0.296881;0.095768;9.835.381
0.287304;0.105345;9.950.302
0.325611;0.095768;10.180.145
0.325611;0.095768;10.218.452
0.325611;0.086191;10.237.606
0.316035;0.095768;10.180.145
0.316035;0.124498;10.103.531
0.296881;0.105345;9.979.033
0.335188;0.095768;9.883.265
0.316035;0.095768;9.730.036
0.296881;0.105345;9.710.882
0.306458;0.095768;9.730.036
0.306458;0.105345;9.902.418
0.306458;0.114922;10.017.340
0.296881;0.086191;10.113.108
0.316035;0.124498;10.180.145
0.316035;0.095768;10.256.760
0.316035;0.114922;10.218.452
0.316035;0.105345;10.141.838
0.316035;0.105345;9.950.302
0.296881;0.105345;9.825.804
0.316035;0.086191;9.749.189
0.296881;0.105345;9.682.152
0.306458;0.086191;9.739.613
0.325611;0.105345;9.854.534
0.316035;0.105345;9.931.149
0.316035;0.105345;10.151.415
0.335188;0.095768;10.256.760
0.316035;0.086191;10.266.336
0.296881;0.105345;10.199.299
0.335188;0.124498;10.113.108
0.306458;0.105345;9.988.609
0.316035;0.105345;9.873.688
0.316035;0.086191;9.730.036
0.296881;0.105345;9.701.305
0.287304;0.105345;9.797.073
0.306458;0.095768;9.892.841
0.306458;0.105345;9.988.609
0.325611;0.114922;10.180.145
0.325611;0.124498;10.247.183
0.344765;0.114922;10.237.606
0.325611;0.105345;10.199.299
0.316035;0.105345;10.170.568
0.306458;0.076614;9.940.725
0.306458;0.086191;9.825.804
0.316035;0.105345;9.768.343
0.296881;0.105345;9.701.305
0.306458;0.076614;9.739.613
0.296881;0.105345;9.797.073
0.296881;0.105345;10.026.917
0.316035;0.105345;10.132.261
0.306458;0.086191;10.180.145
0.335188;0.095768;10.228.029
0.325611;0.105345;10.199.299
0.316035;0.114922;10.122.684
0.306458;0.105345;10.026.917
0.296881;0.105345;9.816.227
0.296881;0.105345;9.720.459
0.306458;0.105345;9.701.305
0.316035;0.095768;9.710.882
0.296881;0.095768;9.835.381
0.325611;0.105345;9.969.456
0.296881;0.134075;10.065.224
0.325611;0.095768;10.208.876
0.316035;0.105345;10.247.183
0.335188;0.105345;10.228.029
0.325611;0.095768;10.065.224
0.316035;0.105345;9.950.302
0.296881;0.124498;9.854.534
0.316035;0.105345;9.777.920
0.316035;0.105345;9.662.998
0.296881;0.095768;9.730.036
0.306458;0.095768;9.806.650
0.316035;0.105345;10.026.917
0.306458;0.086191;10.103.531
0.325611;0.105345;10.189.722
0.316035;0.114922;10.237.606
0.325611;0.095768;10.208.876
0.316035;0.086191;10.103.531
0.296881;0.095768;10.036.493
0.325611;0.105345;9.806.650
0.306458;0.114922;9.758.766
0.296881;0.095768;9.710.882
0.316035;0.114922;9.739.613
0.306458;0.105345;9.816.227
0.306458;0.105345;9.950.302
0.335188;0.105345;10.065.224
0.325611;0.105345;10.180.145
0.325611;0.124498;10.256.760
0.335188;0.105345;10.228.029
0.325611;0.105345;10.084.377
0.306458;0.095768;9.873.688
0.306458;0.105345;9.710.882
0.296881;0.114922;9.691.729
0.325611;0.095768;9.720.459
0.306458;0.086191;9.777.920
0.325611;0.105345;9.988.609
0.325611;0.105345;10.103.531
0.316035;0.076614;10.237.606
0.325611;0.105345;10.247.183
0.316035;0.105345;10.228.029
0.316035;0.105345;10.141.838
0.325611;0.114922;9.931.149
0.306458;0.114922;9.835.381
0.316035;0.114922;9.758.766
0.325611;0.105345;9.730.036
0.316035;0.095768;9.720.459
0.316035;0.095768;9.844.957
0.306458;0.095768;9.931.149
0.316035;0.086191;10.151.415
0.325611;0.095768;10.199.299
0.325611;0.086191;10.266.336
0.344765;0.105345;10.189.722
0.325611;0.095768;10.103.531
0.316035;0.105345;10.017.340
0.325611;0.134075;9.921.572
0.296881;0.086191;9.730.036
0.296881;0.124498;9.710.882
0.316035;0.095768;9.720.459
0.306458;0.095768;9.864.111
0.316035;0.114922;9.950.302
0.306458;0.105345;10.055.647
0.335188;0.086191;10.160.992
0.335188;0.105345;10.247.183
0.325611;0.095768;10.228.029
0.316035;0.095768;10.160.992
0.306458;0.114922;9.940.725
0.316035;0.086191;9.873.688
0.296881;0.076614;9.777.920
0.287304;0.095768;9.720.459
0.306458;0.105345;9.730.036
0.316035;0.105345;9.806.650
0.287304;0.076614;9.911.995
0.325611;0.114922;10.103.531
0.325611;0.105345;10.208.876
0.316035;0.086191;10.228.029
0.325611;0.105345;10.199.299
0.306458;0.114922;10.122.684
0.335188;0.095768;10.017.340
0.316035;0.095768;9.883.265
0.306458;0.086191;9.739.613
0.296881;0.105345;9.701.305
0.296881;0.114922;9.701.305
0.287304;0.105345;9.835.381
0.306458;0.095768;9.931.149
0.316035;0.105345;10.151.415
0.316035;0.114922;10.218.452
0.316035;0.114922;10.247.183
0.325611;0.124498;10.199.299
0.316035;0.105345;10.160.992
0.296881;0.114922;9.979.033
0.316035;0.105345;9.883.265
0.306458;0.105345;9.797.073
0.316035;0.086191;9.710.882
0.316035;0.095768;9.739.613
0.306458;0.105345;9.787.497
0.296881;0.086191;9.892.841
0.316035;0.114922;10.103.531
0.306458;0.124498;10.199.299
0.325611;0.095768;10.247.183
0.316035;0.086191;10.199.299
0.325611;0.105345;10.132.261
0.296881;0.105345;10.026.917
0.296881;0.114922;9.864.111
0.316035;0.067038;9.777.920
0.306458;0.114922;9.682.152
0.296881;0.086191;9.682.152
0.306458;0.124498;9.854.534
0.316035;0.086191;9.950.302
0.325611;0.095768;10.007.763
0.316035;0.076614;10.199.299
0.316035;0.095768;10.218.452
0.316035;0.095768;10.237.606
0.316035;0.105345;10.103.531
0.325611;0.124498;9.988.609
0.306458;0.114922;9.892.841
0.296881;0.114922;9.797.073
0.316035;0.095768;9.720.459
0.316035;0.095768;9.710.882
0.296881;0.095768;9.787.497
0.335188;0.114922;9.959.879
0.325611;0.105345;10.074.800
0.316035;0.114922;10.170.568
0.316035;0.095768;10.237.606
0.325611;0.105345;10.199.299
0.306458;0.105345;10.160.992
0.316035;0.076614;10.046.070
0.306458;0.114922;9.854.534
0.306458;0.095768;9.768.343
0.306458;0.124498;9.720.459
0.316035;0.114922;9.730.036
0.306458;0.095768;9.806.650
0.296881;0.114922;9.902.418
0.296881;0.114922;10.036.493
0.316035;0.105345;10.228.029
0.316035;0.114922;10.237.606
0.316035;0.076614;10.218.452
0.325611;0.086191;10.103.531
0.325611;0.086191;9.988.609
0.316035;0.086191;9.921.572
0.296881;0.114922;9.749.189
0.296881;0.114922;9.730.036
0.306458;0.095768;9.720.459
0.306458;0.105345;9.768.343
0.325611;0.095768;9.959.879
0.306458;0.086191;10.036.493
0.325611;0.114922;10.151.415
0.325611;0.105345;10.256.760
0.325611;0.095768;10.228.029
0.335188;0.095768;10.132.261
0.325611;0.114922;9.979.033
0.296881;0.105345;9.873.688
0.316035;0.095768;9.787.497
0.316035;0.095768;9.720.459
0.325611;0.095768;9.710.882
0.306458;0.114922;9.797.073
0.316035;0.086191;9.902.418
0.325611;0.114922;10.093.954
0.335188;0.095768;10.189.722
0.325611;0.095768;10.247.183
0.325611;0.095768;10.208.876
0.316035;0.105345;10.113.108
0.296881;0.095768;10.046.070
0.306458;0.086191;9.950.302
0.296881;0.095768;9.768.343
0.316035;0.095768;9.701.305
0.306458;0.095768;9.720.459
0.306458;0.114922;9.825.804
0.306458;0.095768;9.950.302
0.316035;0.114922;10.036.493
0.316035;0.086191;10.122.684
0.316035;0.105345;10.247.183
0.316035;0.095768;10.247.183
0.306458;0.105345;10.180.145
0.316035;0.086191;9.998.186
0.325611;0.105345;9.892.841
0.306458;0.114922;9.787.497
0.296881;0.105345;9.739.613
0.296881;0.095768;9.720.459
0.316035;0.086191;9.777.920
0.296881;0.095768;9.854.534
0.316035;0.105345;10.065.224
0.306458;0.105345;10.160.992
0.306458;0.124498;10.218.452
0.316035;0.105345;10.218.452
0.316035;0.114922;10.151.415
0.306458;0.095768;10.036.493
0.325611;0.124498;9.950.302
0.306458;0.105345;9.768.343
0.296881;0.114922;9.730.036
0.306458;0.114922;9.701.305
0.306458;0.105345;9.835.381
0.306458;0.114922;9.911.995
0.325611;0.105345;10.026.917
0.325611;0.105345;10.218.452
0.316035;0.105345;10.237.606
0.316035;0.114922;10.218.452
0.325611;0.105345;10.189.722
0.306458;0.095768;10.017.340
0.306458;0.086191;9.902.418
0.287304;0.095768;9.797.073
0.296881;0.095768;9.701.305
0.306458;0.086191;9.720.459
0.316035;0.095768;9.749.189
0.325611;0.086191;9.950.302
0.316035;0.105345;10.046.070
0.325611;0.095768;10.160.992
0.325611;0.105345;10.208.876
0.306458;0.124498;10.199.299
0.325611;0.114922;10.151.415
0.306458;0.114922;10.055.647
0.316035;0.114922;9.883.265
0.296881;0.095768;9.806.650
0.306458;0.105345;9.720.459
0.296881;0.095768;9.701.305
0.325611;0.105345;9.844.957
0.306458;0.095768;9.892.841
0.325611;0.095768;9.988.609
0.335188;0.095768;10.160.992
0.325611;0.095768;10.208.876
0.325611;0.095768;10.218.452
0.325611;0.114922;10.093.954
0.325611;0.114922;10.017.340
0.306458;0.095768;9.940.725
0.296881;0.114922;9.835.381
0.287304;0.105345;9.720.459
0.316035;0.105345;9.739.613
0.306458;0.105345;9.758.766
0.325611;0.086191;9.969.456
0.316035;0.114922;10.046.070
0.316035;0.114922;10.132.261
0.344765;0.105345;10.218.452
0.325611;0.105345;10.237.606
0.316035;0.105345;10.170.568
0.316035;0.095768;9.979.033
0.316035;0.095768;9.873.688
0.296881;0.076614;9.816.227
0.287304;0.086191;9.739.613
0.306458;0.105345;9.739.613
0.316035;0.086191;9.797.073
0.325611;0.114922;9.883.265
0.306458;0.095768;9.988.609
0.306458;0.105345;10.160.992
0.325611;0.086191;10.208.876
0.316035;0.095768;10.228.029
0.335188;0.124498;10.151.415
0.316035;0.095768;10.036.493
0.316035;0.086191;9.931.149
0.306458;0.095768;9.873.688
0.306458;0.086191;9.739.613
0.296881;0.105345;9.720.459
0.306458;0.086191;9.758.766
0.296881;0.105345;9.940.725
0.306458;0.105345;10.046.070
0.306458;0.105345;10.113.108
0.335188;0.114922;10.237.606
0.316035;0.095768;10.208.876
0.335188;0.095768;10.170.568
0.316035;0.086191;10.103.531
0.325611;0.086191;9.892.841
0.296881;0.095768;9.825.804
0.316035;0.105345;9.730.036
0.296881;0.105345;9.797.073
0.316035;0.095768;9.902.418
0.316035;0.095768;10.046.070
0.325611;0.095768;10.141.838
0.344765;0.105345;10.189.722
0.316035;0.114922;10.237.606
0.335188;0.105345;10.132.261
0.316035;0.105345;10.055.647
0.306458;0.086191;9.959.879
0.316035;0.086191;9.777.920
0.316035;0.086191;9.730.036
0.306458;0.114922;9.720.459
0.335188;0.095768;9.806.650
0.306458;0.105345;9.911.995
0.306458;0.095768;9.998.186
0.306458;0.105345;10.113.108
0.325611;0.105345;10.208.876
0.316035;0.095768;10.208.876
0.306458;0.105345;10.180.145
0.296881;0.114922;10.007.763
0.325611;0.086191;9.902.418
0.325611;0.095768;9.825.804
0.296881;0.114922;9.768.343
0.296881;0.105345;9.749.189
0.306458;0.086191;9.749.189
0.306458;0.105345;9.825.804
0.306458;0.105345;10.065.224
0.335188;0.105345;10.141.838
0.316035;0.095768;10.180.145
0.296881;0.095768;10.218.452
0.316035;0.095768;10.160.992
0.325611;0.086191;10.074.800
0.296881;0.067038;9.969.456
0.306458;0.114922;9.806.650
0.296881;0.095768;9.710.882
0.306458;0.086191;9.710.882
0.306458;0.114922;9.806.650
0.296881;0.105345;9.873.688
0.306458;0.124498;9.979.033
0.335188;0.076614;10.084.377
0.296881;0.095768;10.208.876
0.316035;0.105345;10.228.029
0.306458;0.095768;10.199.299
0.316035;0.105345;10.036.493
0.316035;0.095768;9.921.572
0.287304;0.105345;9.835.381
0.316035;0.095768;9.710.882
0.306458;0.095768;9.730.036
0.296881;0.124498;9.749.189
0.306458;0.086191;9.835.381
0.306458;0.095768;10.026.917
0.316035;0.086191;10.122.684
0.325611;0.114922;10.170.568
0.306458;0.105345;10.199.299
0.316035;0.114922;10.160.992
0.335188;0.105345;10.055.647
0.316035;0.124498;9.892.841
0.325611;0.095768;9.797.073
0.316035;0.095768;9.749.189
0.316035;0.095768;9.730.036
0.296881;0.076614;9.777.920
0.306458;0.124498;9.883.265
0.316035;0.095768;10.074.800
0.325611;0.095768;10.160.992
0.306458;0.095768;10.208.876
0.335188;0.095768;10.208.876
0.325611;0.095768;10.122.684
0.325611;0.086191;10.046.070
0.306458;0.105345;9.950.302
0.306458;0.095768;9.844.957
0.287304;0.095768;9.701.305
0.277727;0.105345;9.739.613
0.306458;0.086191;9.749.189
0.316035;0.095768;9.911.995
0.316035;0.114922;10.007.763
0.316035;0.095768;10.093.954
0.306458;0.095768;10.170.568
0.316035;0.095768;10.189.722
0.325611;0.095768;10.189.722
0.306458;0.095768;10.113.108
0.296881;0.105345;9.902.418
0.325611;0.095768;9.835.381
0.306458;0.114922;9.758.766
0.306458;0.095768;9.710.882
0.306458;0.086191;9.768.343
0.325611;0.114922;9.844.957
0.306458;0.105345;9.959.879
0.316035;0.114922;10.132.261
0.296881;0.114922;10.189.722
0.287304;0.095768;10.199.299
0.316035;0.114922;10.132.261
0.316035;0.076614;10.065.224
0.325611;0.105345;9.969.456
0.306458;0.095768;9.892.841
0.316035;0.076614;9.720.459
0.306458;0.076614;9.730.036
0.287304;0.095768;9.739.613
0.316035;0.086191;9.902.418
0.335188;0.105345;10.026.917
0.306458;0.095768;10.093.954
0.316035;0.095768;10.199.299
0.325611;0.105345;10.208.876
0.316035;0.095768;10.189.722
0.316035;0.086191;10.103.531
0.306458;0.105345;9.931.149
0.306458;0.114922;9.825.804
0.306458;0.105345;9.710.882
0.306458;0.086191;9.777.920
0.306458;0.095768;9.825.804
0.306458;0.095768;10.036.493
0.325611;0.105345;10.122.684
0.316035;0.114922;10.180.145
0.344765;0.086191;10.218.452
0.344765;0.086191;10.151.415
0.316035;0.105345;10.093.954
0.344765;0.105345;9.979.033
0.325611;0.086191;9.777.920
0.296881;0.114922;9.739.613
0.296881;0.114922;9.720.459
0.306458;0.086191;9.730.036
0.316035;0.124498;9.883.265
0.287304;0.095768;9.988.609
0.316035;0.124498;10.084.377
0.306458;0.095768;10.189.722
0.335188;0.086191;10.189.722
0.306458;0.105345;10.189.722
0.296881;0.095768;10.026.917
0.306458;0.114922;9.931.149
0.306458;0.105345;9.854.534
0.296881;0.105345;9.787.497
0.306458;0.114922;9.730.036
0.306458;0.114922;9.758.766
0.296881;0.114922;9.825.804
0.325611;0.095768;9.998.186
0.316035;0.086191;10.122.684
0.316035;0.105345;10.180.145
0.335188;0.086191;10.218.452
0.306458;0.114922;10.180.145
0.316035;0.095768;10.074.800
0.316035;0.086191;9.998.186
0.306458;0.105345;9.844.957
0.306458;0.114922;9.739.613
0.287304;0.076614;9.739.613
0.306458;0.105345;9.777.920
0.306458;0.114922;9.873.688
0.325611;0.086191;9.979.033
0.316035;0.095768;10.093.954
0.306458;0.095768;10.199.299
0.325611;0.105345;10.256.760
0.316035;0.095768;10.180.145
0.325611;0.105345;10.055.647
0.306458;0.105345;9.959.879
0.296881;0.086191;9.825.804
0.325611;0.105345;9.739.613
0.296881;0.095768;9.739.613
0.306458;0.086191;9.758.766
0.306458;0.105345;9.816.227
0.316035;0.105345;10.017.340
0.316035;0.095768;10.122.684
0.316035;0.105345;10.132.261
0.325611;0.095768;10.208.876
0.325611;0.105345;10.151.415
0.306458;0.095768;10.093.954
0.316035;0.105345;9.911.995
0.296881;0.076614;9.816.227
0.296881;0.086191;9.787.497
0.287304;0.105345;9.720.459
0.316035;0.076614;9.777.920
0.306458;0.105345;9.825.804
0.296881;0.114922;9.950.302
0.344765;0.067038;10.122.684
0.325611;0.095768;10.180.145
0.325611;0.105345;10.237.606
0.316035;0.114922;10.141.838
0.306458;0.114922;10.084.377
0.325611;0.105345;9.979.033
0.316035;0.095768;9.873.688
0.316035;0.095768;9.730.036
0.316035;0.086191;9.739.613
0.306458;0.095768;9.749.189
0.287304;0.095768;9.902.418
0.306458;0.105345;9.988.609
0.316035;0.105345;10.084.377
0.306458;0.095768;10.180.145
0.325611;0.114922;10.189.722
0.325611;0.086191;10.199.299
0.306458;0.105345;10.132.261
0.335188;0.105345;9.940.725
0.306458;0.086191;9.854.534
0.316035;0.086191;9.768.343
0.296881;0.086191;9.739.613
0.325611;0.095768;9.768.343
0.296881;0.086191;9.825.804
0.316035;0.095768;9.911.995
0.325611;0.105345;10.141.838
0.335188;0.114922;10.180.145
0.325611;0.095768;10.228.029
0.316035;0.095768;10.151.415
0.316035;0.086191;10.093.954
0.316035;0.086191;9.979.033
0.306458;0.105345;9.816.227
0.316035;0.076614;9.749.189
0.296881;0.095768;9.720.459
0.296881;0.086191;9.730.036
0.325611;0.095768;9.864.111
0.316035;0.095768;9.940.725
0.325611;0.076614;10.055.647
0.316035;0.095768;10.180.145
0.316035;0.095768;10.228.029
0.296881;0.095768;10.180.145
0.325611;0.124498;10.122.684
0.306458;0.095768;9.959.879
0.287304;0.086191;9.854.534
0.296881;0.086191;9.777.920
0.296881;0.095768;9.710.882
0.287304;0.095768;9.749.189
0.316035;0.086191;9.825.804
0.325611;0.105345;9.902.418
0.325611;0.114922;10.103.531
0.316035;0.105345;10.141.838
0.316035;0.095768;10.199.299
0.306458;0.095768;10.170.568
0.316035;0.114922;10.093.954
0.316035;0.086191;10.007.763
0.306458;0.095768;9.844.957
0.296881;0.114922;9.768.343
0.277727;0.114922;9.730.036
0.306458;0.105345;9.701.305
0.325611;0.086191;9.950.302
0.325611;0.086191;9.950.302
0.316035;0.095768;10.055.647
0.316035;0.105345;10.160.992
0.306458;0.095768;10.218.452
0.287304;0.105345;10.218.452
0.335188;0.086191;10.065.224
0.316035;0.114922;9.883.265
0.316035;0.095768;9.787.497
0.306458;0.086191;9.739.613
0.325611;0.105345;9.720.459
0.344765;0.124498;9.816.227
0.306458;0.095768;9.979.033
0.316035;0.105345;10.093.954
0.325611;0.095768;10.170.568
0.306458;0.114922;10.218.452
0.325611;0.105345;10.170.568
0.325611;0.095768;10.103.531
0.325611;0.105345;10.026.917
0.296881;0.095768;9.844.957
0.306458;0.095768;9.749.189
0.316035;0.105345;9.739.613
0.306458;0.124498;9.768.343
0.325611;0.095768;9.835.381
0.287304;0.124498;9.950.302
0.316035;0.095768;10.036.493
0.306458;0.105345;10.170.568
0.325611;0.067038;10.218.452
0.306458;0.095768;10.208.876
0.325611;0.124498;10.065.224
0.316035;0.105345;9.969.456
0.306458;0.105345;9.864.111
0.306458;0.114922;9.758.766
0.306458;0.095768;9.730.036
0.325611;0.114922;9.749.189
0.316035;0.095768;9.835.381
0.316035;0.095768;9.940.725
0.325611;0.095768;10.065.224
0.316035;0.114922;10.151.415
0.306458;0.095768;10.189.722
0.316035;0.124498;10.199.299
0.325611;0.095768;10.132.261
0.316035;0.086191;10.036.493
0.306458;0.095768;9.854.534
0.296881;0.095768;9.777.920
0.316035;0.095768;9.758.766
0.316035;0.105345;9.758.766
0.325611;0.095768;9.816.227
0.306458;0.114922;9.931.149
0.306458;0.095768;10.103.531
0.316035;0.105345;10.180.145
0.344765;0.095768;10.189.722
0.325611;0.105345;10.199.299
0.316035;0.095768;10.084.377
0.296881;0.076614;10.017.340
0.296881;0.105345;9.902.418
0.325611;0.086191;9.758.766
0.306458;0.095768;9.710.882
0.296881;0.105345;9.730.036
0.306458;0.105345;9.768.343
0.316035;0.105345;9.959.879
0.316035;0.095768;10.046.070
0.316035;0.124498;10.141.838
0.316035;0.105345;10.208.876
0.306458;0.105345;10.199.299
0.344765;0.105345;10.122.684
0.306458;0.105345;9.940.725
0.306458;0.105345;9.892.841
0.316035;0.114922;9.816.227
0.306458;0.105345;9.739.613
0.296881;0.086191;9.758.766
0.287304;0.114922;9.816.227
0.316035;0.095768;9.921.572
0.316035;0.095768;10.103.531
0.325611;0.095768;10.170.568
0.316035;0.114922;10.208.876
0.316035;0.105345;10.189.722
0.306458;0.076614;10.132.261
0.316035;0.114922;10.007.763
0.306458;0.105345;9.911.995
0.316035;0.095768;9.739.613
0.287304;0.105345;9.720.459
0.316035;0.095768;9.730.036
0.306458;0.095768;9.873.688
0.316035;0.114922;9.940.725
0.306458;0.095768;10.065.224
0.306458;0.114922;10.093.954
0.325611;0.124498;10.228.029
0.296881;0.086191;10.199.299
0.335188;0.095768;10.151.415
0.316035;0.105345;9.969.456
0.325611;0.114922;9.902.418
0.316035;0.095768;9.787.497
0.287304;0.095768;9.720.459
0.306458;0.105345;9.758.766
0.296881;0.124498;9.816.227
0.296881;0.124498;9.883.265
0.335188;0.095768;10.065.224
0.335188;0.105345;10.141.838
0.325611;0.114922;10.208.876
0.325611;0.105345;10.180.145
0.325611;0.114922;10.141.838
0.325611;0.114922;10.017.340
0.316035;0.114922;9.921.572
0.287304;0.086191;9.749.189
0.296881;0.105345;9.749.189
0.306458;0.086191;9.758.766
0.277727;0.114922;9.825.804
0.325611;0.105345;9.902.418
0.316035;0.095768;10.017.340
0.316035;0.134075;10.151.415
0.306458;0.114922;10.208.876
0.325611;0.095768;10.199.299
0.296881;0.095768;10.151.415
0.316035;0.067038;9.998.186
0.325611;0.086191;9.902.418
0.316035;0.105345;9.816.227
0.306458;0.105345;9.710.882
0.296881;0.086191;9.739.613
0.306458;0.114922;9.787.497
0.325611;0.105345;9.959.879
0.335188;0.086191;10.055.647
0.325611;0.114922;10.141.838
0.306458;0.114922;10.218.452
0.325611;0.124498;10.160.992
0.316035;0.095768;10.141.838
0.306458;0.095768;10.065.224
0.306458;0.086191;9.864.111
0.325611;0.095768;9.806.650
0.306458;0.105345;9.739.613
0.287304;0.095768;9.730.036
0.316035;0.095768;9.835.381
0.316035;0.114922;9.911.995
0.325611;0.095768;9.998.186
0.316035;0.105345;10.141.838
0.316035;0.095768;10.189.722
0.325611;0.114922;10.122.684
0.306458;0.095768;9.998.186
0.325611;0.105345;9.921.572
0.306458;0.114922;9.835.381
0.306458;0.095768;9.768.343
0.306458;0.114922;9.749.189
0.316035;0.095768;9.787.497
0.325611;0.105345;9.950.302
0.316035;0.105345;10.132.261
0.306458;0.095768;10.199.299
0.316035;0.105345;10.189.722
0.306458;0.105345;10.132.261
0.306458;0.124498;10.084.377
0.296881;0.105345;9.883.265
0.296881;0.086191;9.787.497
0.325611;0.086191;9.758.766
0.306458;0.067038;9.758.766
0.296881;0.095768;9.825.804
0.316035;0.086191;9.911.995
0.306458;0.086191;9.979.033
0.335188;0.114922;10.151.415
0.306458;0.086191;10.189.722
0.335188;0.095768;10.228.029
0.335188;0.095768;10.122.684
0.306458;0.105345;10.036.493
0.325611;0.114922;9.950.302
0.296881;0.086191;9.787.497
0.296881;0.114922;9.768.343
0.306458;0.105345;9.730.036
0.296881;0.105345;9.787.497
0.287304;0.095768;9.921.572
0.316035;0.095768;9.998.186
0.306458;0.105345;10.122.684
0.325611;0.086191;10.228.029
0.325611;0.095768;10.180.145
0.335188;0.105345;10.160.992
0.316035;0.095768;10.055.647
0.325611;0.105345;9.892.841
0.316035;0.095768;9.835.381
0.306458;0.105345;9.768.343
0.306458;0.076614;9.749.189
0.296881;0.095768;9.816.227
0.306458;0.095768;9.873.688
0.316035;0.095768;10.084.377
0.316035;0.095768;10.122.684
0.316035;0.114922;10.189.722
0.306458;0.124498;10.208.876
0.316035;0.105345;10.132.261
0.316035;0.095768;10.046.070
0.306458;0.095768;9.950.302
0.296881;0.105345;9.797.073
0.316035;0.095768;9.758.766
0.296881;0.086191;9.730.036
0.296881;0.105345;9.835.381
0.325611;0.124498;9.921.572
0.335188;0.095768;10.017.340
0.325611;0.095768;10.103.531
0.316035;0.095768;10.208.876
0.316035;0.095768;10.170.568
0.325611;0.105345;10.170.568
0.316035;0.086191;10.017.340
0.316035;0.105345;9.931.149
0.296881;0.105345;9.835.381
0.306458;0.095768;9.730.036
0.316035;0.105345;9.777.920
0.296881;0.076614;9.825.804
0.306458;0.086191;9.883.265
0.316035;0.086191;10.046.070
0.316035;0.095768;10.170.568
0.316035;0.105345;10.199.299
0.335188;0.095768;10.170.568
0.316035;0.105345;10.113.108
0.335188;0.105345;10.065.224
0.306458;0.114922;9.979.033
0.316035;0.114922;9.816.227
0.306458;0.095768;9.777.920
0.316035;0.095768;9.730.036
0.287304;0.105345;9.835.381
0.325611;0.114922;9.921.572
0.325611;0.076614;9.998.186
0.335188;0.086191;10.151.415
0.325611;0.105345;10.208.876
0.335188;0.105345;10.208.876
0.316035;0.143652;10.160.992
0.316035;0.076614;9.988.609
0.325611;0.105345;9.950.302
0.316035;0.095768;9.835.381
0.296881;0.095768;9.730.036
0.306458;0.086191;9.768.343
0.306458;0.105345;9.758.766
0.296881;0.095768;9.844.957
0.316035;0.105345;10.036.493
0.316035;0.086191;10.113.108
0.306458;0.114922;10.170.568
0.306458;0.105345;10.208.876
0.325611;0.086191;10.141.838
0.316035;0.114922;10.084.377
0.296881;0.095768;9.883.265
0.296881;0.105345;9.806.650
0.306458;0.105345;9.758.766
0.316035;0.086191;9.720.459
0.306458;0.095768;9.806.650
0.287304;0.124498;9.902.418
0.335188;0.105345;9.998.186
0.306458;0.114922;10.151.415
0.316035;0.105345;10.170.568
0.325611;0.114922;10.199.299
0.316035;0.086191;10.113.108
0.306458;0.105345;10.017.340
0.316035;0.095768;9.959.879
0.287304;0.095768;9.873.688
0.316035;0.095768;9.749.189
0.296881;0.105345;9.749.189
0.306458;0.105345;9.797.073
0.316035;0.114922;9.950.302
0.316035;0.114922;10.017.340
0.325611;0.114922;10.103.531
0.316035;0.105345;10.160.992
0.316035;0.086191;10.170.568
0.316035;0.086191;10.132.261
0.335188;0.105345;10.084.377
0.325611;0.086191;9.892.841
0.316035;0.114922;9.835.381
0.325611;0.105345;9.749.189
0.306458;0.086191;9.787.497
0.306458;0.086191;9.816.227
0.306458;0.114922;9.864.111
0.316035;0.086191;9.969.456
0.316035;0.086191;10.122.684
0.335188;0.105345;10.199.299
0.335188;0.086191;10.160.992
0.325611;0.095768;10.132.261
0.296881;0.095768;10.046.070
0.316035;0.095768;9.940.725
0.316035;0.114922;9.797.073
0.287304;0.105345;9.739.613
0.306458;0.114922;9.749.189
0.306458;0.086191;9.787.497
0.306458;0.105345;9.902.418
0.325611;0.086191;10.007.763
0.325611;0.095768;10.093.954
0.306458;0.095768;10.189.722
0.316035;0.086191;10.180.145
0.316035;0.105345;10.151.415
0.316035;0.095768;10.113.108
0.296881;0.086191;9.921.572
0.316035;0.105345;9.835.381
0.316035;0.095768;9.816.227
0.296881;0.105345;9.739.613
0.296881;0.095768;9.797.073
0.325611;0.086191;9.864.111
0.296881;0.095768;10.026.917
0.316035;0.134075;10.122.684
0.316035;0.086191;10.180.145
0.325611;0.105345;10.199.299
0.296881;0.124498;10.084.377
0.316035;0.114922;9.979.033
0.296881;0.095768;9.816.227
0.316035;0.105345;9.749.189
0.296881;0.095768;9.777.920
0.296881;0.095768;9.777.920
0.316035;0.114922;9.864.111
0.306458;0.095768;9.969.456
0.325611;0.095768;10.103.531
0.325611;0.086191;10.141.838
0.325611;0.105345;10.199.299
0.316035;0.105345;10.151.415
0.335188;0.105345;10.065.224
0.306458;0.095768;9.931.149
0.316035;0.076614;9.873.688
0.306458;0.095768;9.787.497
0.306458;0.086191;9.768.343
0.287304;0.067038;9.797.073
0.325611;0.105345;9.873.688
0.306458;0.095768;10.017.340
0.335188;0.105345;10.074.800
0.316035;0.095768;10.180.145
0.306458;0.105345;10.180.145
0.316035;0.076614;10.141.838
0.335188;0.095768;10.084.377
0.325611;0.105345;10.007.763
0.306458;0.105345;9.806.650
0.296881;0.114922;9.787.497
0.306458;0.105345;9.749.189
0.316035;0.095768;9.806.650
0.306458;0.105345;9.873.688
0.316035;0.105345;9.969.456
0.325611;0.114922;10.113.108
0.335188;0.086191;10.160.992
0.325611;0.086191;10.208.876
0.306458;0.143652;10.180.145
0.335188;0.105345;10.026.917
0.316035;0.105345;9.979.033
0.325611;0.105345;9.873.688
0.287304;0.095768;9.758.766
0.316035;0.076614;9.777.920
0.306458;0.105345;9.854.534
0.335188;0.095768;10.007.763
0.306458;0.114922;10.084.377
0.316035;0.095768;10.170.568
0.306458;0.124498;10.189.722
0.306458;0.105345;10.141.838
0.306458;0.114922;10.084.377
0.296881;0.076614;9.921.572
0.306458;0.086191;9.816.227
0.296881;0.086191;9.768.343
0.296881;0.114922;9.739.613
0.296881;0.086191;9.797.073
0.296881;0.105345;9.854.534
0.296881;0.114922;9.950.302
0.316035;0.095768;10.132.261
0.335188;0.105345;10.180.145
0.316035;0.114922;10.199.299
0.335188;0.105345;10.189.722
0.316035;0.086191;10.065.224
0.306458;0.105345;9.950.302
0.316035;0.105345;9.883.265
0.296881;0.095768;9.749.189
0.306458;0.086191;9.739.613
0.316035;0.086191;9.768.343
0.296881;0.095768;9.921.572
0.296881;0.095768;9.979.033
0.325611;0.105345;10.055.647
0.316035;0.105345;10.132.261
0.335188;0.086191;10.180.145
0.325611;0.095768;10.160.992
0.296881;0.086191;10.036.493
0.306458;0.105345;9.921.572
0.316035;0.095768;9.864.111
0.316035;0.105345;9.768.343
0.296881;0.105345;9.768.343
0.306458;0.095768;9.768.343
0.306458;0.114922;9.873.688
0.306458;0.095768;9.959.879
0.325611;0.114922;10.093.954
0.325611;0.095768;10.160.992
0.335188;0.095768;10.208.876
0.316035;0.124498;10.151.415
0.306458;0.114922;10.074.800
0.306458;0.095768;9.979.033
0.325611;0.086191;9.873.688
0.316035;0.105345;9.768.343
0.296881;0.086191;9.749.189
0.306458;0.067038;9.768.343
0.306458;0.105345;9.911.995
0.296881;0.086191;9.969.456
0.316035;0.105345;10.046.070
0.335188;0.086191;10.199.299
0.316035;0.086191;10.170.568
0.316035;0.105345;10.170.568
0.306458;0.114922;10.141.838
0.316035;0.076614;9.959.879
0.306458;0.105345;9.873.688
0.296881;0.114922;9.797.073
0.306458;0.067038;9.749.189
0.316035;0.105345;9.777.920
0.296881;0.114922;9.854.534
0.325611;0.086191;10.036.493
0.296881;0.114922;10.074.800
0.325611;0.105345;10.160.992
0.316035;0.076614;10.170.568
0.335188;0.076614;10.132.261
0.316035;0.076614;10.084.377
0.306458;0.095768;9.988.609
0.316035;0.086191;9.816.227
0.316035;0.095768;9.787.497
0.306458;0.105345;9.739.613
0.316035;0.105345;9.768.343
0.306458;0.086191;9.883.265
0.316035;0.105345;9.950.302
0.325611;0.114922;10.046.070
0.325611;0.114922;10.151.415
0.344765;0.086191;10.199.299
0.325611;0.095768;10.180.145
0.316035;0.105345;10.046.070
0.325611;0.114922;9.988.609
0.306458;0.095768;9.892.841
0.306458;0.095768;9.797.073
0.306458;0.095768;9.758.766
0.287304;0.095768;9.758.766
0.316035;0.105345;9.816.227
0.316035;0.086191;9.979.033
0.316035;0.076614;10.093.954
0.306458;0.105345;10.151.415
0.325611;0.086191;10.199.299
0.306458;0.105345;10.189.722
0.306458;0.114922;10.103.531
0.316035;0.105345;10.007.763
0.296881;0.076614;9.864.111
0.296881;0.114922;9.806.650
0.296881;0.076614;9.749.189
0.277727;0.095768;9.797.073
0.325611;0.095768;9.864.111
0.316035;0.095768;9.969.456
0.306458;0.086191;10.036.493
0.325611;0.086191;10.132.261
0.325611;0.105345;10.199.299
0.325611;0.105345;10.170.568
0.316035;0.105345;10.065.224
0.296881;0.105345;9.959.879
0.306458;0.095768;9.892.841
0.287304;0.095768;9.758.766
0.316035;0.105345;9.758.766
0.306458;0.076614;9.777.920
0.335188;0.076614;9.816.227
0.306458;0.095768;9.959.879
0.316035;0.086191;10.065.224
0.325611;0.105345;10.151.415
0.335188;0.114922;10.199.299
0.325611;0.086191;10.151.415
0.325611;0.114922;10.122.684
0.325611;0.095768;9.931.149
0.325611;0.105345;9.873.688
0.316035;0.095768;9.787.497
0.325611;0.095768;9.758.766
0.306458;0.095768;9.787.497
0.316035;0.095768;9.844.957
0.306458;0.105345;9.950.302
0.325611;0.076614;10.113.108
0.316035;0.105345;10.132.261
0.306458;0.105345;10.180.145
0.306458;0.114922;10.180.145
0.325611;0.095768;10.046.070
0.306458;0.114922;9.988.609
0.325611;0.095768;9.902.418
0.306458;0.086191;9.806.650
0.296881;0.105345;9.749.189
0.306458;0.076614;9.768.343
0.306458;0.095768;9.797.073
0.325611;0.057461;9.988.609
0.316035;0.095768;10.065.224
0.325611;0.105345;10.113.108
0.335188;0.114922;10.199.299
0.316035;0.105345;10.180.145
0.316035;0.076614;10.132.261
0.306458;0.114922;9.959.879
0.325611;0.095768;9.883.265
0.306458;0.076614;9.835.381
0.325611;0.114922;9.768.343
0.316035;0.105345;9.777.920
0.316035;0.095768;9.864.111
0.316035;0.105345;9.892.841
0.316035;0.095768;10.103.531
0.316035;0.095768;10.151.415
0.335188;0.095768;10.189.722
0.335188;0.114922;10.141.838
0.316035;0.086191;10.084.377
0.335188;0.095768;9.998.186
0.306458;0.105345;9.902.418
0.306458;0.095768;9.777.920
0.316035;0.105345;9.787.497
0.316035;0.124498;9.777.920
0.296881;0.105345;9.883.265
0.306458;0.095768;9.979.033
0.316035;0.105345;10.017.340
0.306458;0.095768;10.103.531
0.325611;0.095768;10.208.876
0.306458;0.105345;10.132.261
0.316035;0.105345;9.979.033
0.306458;0.095768;9.892.841
0.306458;0.086191;9.816.227
0.306458;0.086191;9.777.920
0.296881;0.076614;9.777.920
0.316035;0.095768;9.816.227
0.306458;0.105345;9.892.841
0.306458;0.086191;10.055.647
0.316035;0.095768;10.141.838
0.296881;0.095768;10.160.992
0.316035;0.086191;10.141.838
0.316035;0.095768;10.103.531
0.316035;0.105345;10.017.340
0.287304;0.086191;9.844.957
0.316035;0.095768;9.787.497
0.306458;0.105345;9.758.766
0.316035;0.114922;9.768.343
0.316035;0.114922;9.844.957
0.335188;0.114922;9.940.725
0.316035;0.095768;10.036.493
0.325611;0.114922;10.189.722
0.325611;0.114922;10.180.145
0.306458;0.105345;10.065.224
0.306458;0.105345;9.998.186
0.325611;0.105345;9.835.381
0.316035;0.086191;9.758.766
0.316035;0.105345;9.777.920
0.325611;0.114922;9.825.804
0.325611;0.095768;9.969.456
0.316035;0.114922;10.065.224
0.316035;0.086191;10.141.838
0.306458;0.076614;10.199.299
0.316035;0.086191;10.141.838
0.316035;0.095768;10.113.108
0.316035;0.095768;9.950.302
0.316035;0.105345;9.873.688
0.306458;0.095768;9.797.073
0.306458;0.095768;9.768.343
0.306458;0.086191;9.816.227
0.316035;0.114922;9.844.957
0.316035;0.105345;9.931.149
0.306458;0.105345;9.988.609
0.335188;0.086191;10.189.722
0.325611;0.114922;10.218.452
0.325611;0.105345;10.180.145
0.325611;0.114922;10.103.531
0.306458;0.086191;10.007.763
0.296881;0.095768;9.931.149
0.316035;0.095768;9.768.343
0.316035;0.105345;9.777.920
0.296881;0.095768;9.777.920
0.287304;0.076614;9.825.804
0.325611;0.076614;9.950.302
0.296881;0.105345;10.055.647
0.316035;0.095768;10.103.531
0.306458;0.095768;10.199.299
0.306458;0.105345;10.160.992
0.325611;0.095768;10.132.261
0.325611;0.086191;10.055.647
0.316035;0.095768;9.883.265
0.306458;0.086191;9.816.227
0.306458;0.105345;9.777.920
0.316035;0.076614;9.806.650
0.306458;0.095768;9.844.957
0.306458;0.086191;9.911.995
0.325611;0.086191;9.988.609
0.325611;0.124498;10.151.415
0.325611;0.114922;10.199.299
0.306458;0.105345;10.151.415
0.335188;0.124498;10.093.954
0.325611;0.095768;10.017.340
0.316035;0.105345;9.921.572
0.306458;0.095768;9.806.650
0.306458;0.095768;9.797.073
0.287304;0.105345;9.768.343
0.296881;0.105345;9.806.650
0.316035;0.114922;9.950.302
0.316035;0.105345;10.007.763
0.306458;0.114922;10.113.108
0.296881;0.105345;10.189.722
0.306458;0.086191;10.189.722
0.325611;0.105345;10.141.838
0.306458;0.076614;9.979.033
0.325611;0.095768;9.911.995
0.306458;0.086191;9.854.534
0.287304;0.095768;9.777.920
0.325611;0.114922;9.768.343
0.296881;0.067038;9.835.381
0.316035;0.105345;9.911.995
0.316035;0.105345;10.093.954
0.306458;0.105345;10.141.838
0.316035;0.105345;10.170.568
0.325611;0.105345;10.160.992
0.316035;0.114922;10.103.531
0.316035;0.105345;10.026.917
0.316035;0.105345;9.950.302
0.277727;0.086191;9.835.381
0.316035;0.086191;9.777.920
0.306458;0.086191;9.797.073
0.306458;0.095768;9.864.111
0.316035;0.114922;9.959.879
0.325611;0.105345;10.017.340
0.325611;0.105345;10.132.261
0.316035;0.105345;10.170.568
0.306458;0.105345;10.160.992
0.335188;0.114922;10.160.992
0.325611;0.105345;9.998.186
0.296881;0.086191;9.931.149
0.296881;0.095768;9.797.073
0.296881;0.095768;9.749.189
0.316035;0.076614;9.777.920
0.306458;0.095768;9.825.804
0.316035;0.105345;9.883.265
0.306458;0.095768;10.055.647
0.316035;0.095768;10.113.108
0.325611;0.114922;10.199.299
0.316035;0.095768;10.189.722
0.335188;0.105345;10.103.531
0.335188;0.095768;10.046.070
0.316035;0.086191;9.950.302
0.306458;0.086191;9.816.227
0.296881;0.086191;9.768.343
0.316035;0.124498;9.777.920
0.306458;0.105345;9.854.534
0.306458;0.105345;9.902.418
0.306458;0.095768;10.017.340
0.316035;0.095768;10.141.838
0.325611;0.095768;10.170.568
0.306458;0.105345;10.160.992
0.325611;0.114922;10.180.145
0.306458;0.095768;10.017.340
0.316035;0.105345;9.931.149
0.306458;0.086191;9.854.534
0.296881;0.105345;9.749.189
0.316035;0.105345;9.777.920
0.296881;0.105345;9.806.650
0.325611;0.086191;9.950.302
0.325611;0.095768;10.055.647
0.296881;0.114922;10.141.838
0.316035;0.086191;10.160.992
0.316035;0.114922;10.151.415
0.316035;0.095768;10.113.108
0.306458;0.105345;9.959.879
0.306458;0.095768;9.902.418
0.296881;0.124498;9.806.650
0.296881;0.095768;9.787.497
0.296881;0.095768;9.768.343
0.306458;0.105345;9.825.804
0.306458;0.086191;9.892.841
0.325611;0.095768;9.969.456
0.344765;0.105345;10.122.684
0.335188;0.114922;10.151.415
0.325611;0.105345;10.189.722
0.306458;0.105345;10.122.684
0.316035;0.114922;10.007.763
0.325611;0.086191;9.959.879
0.306458;0.086191;9.816.227
0.296881;0.114922;9.768.343
0.296881;0.086191;9.749.189
0.306458;0.095768;9.797.073
0.335188;0.086191;9.931.149
0.325611;0.114922;10.026.917
0.325611;0.114922;10.103.531
0.335188;0.095768;10.180.145
0.306458;0.076614;10.151.415
0.316035;0.105345;10.132.261
0.325611;0.114922;10.074.800
0.306458;0.105345;9.911.995
0.306458;0.105345;9.854.534
0.316035;0.114922;9.768.343
0.296881;0.105345;9.787.497
0.316035;0.105345;9.816.227
0.325611;0.114922;9.892.841
0.306458;0.095768;9.979.033
0.316035;0.105345;10.122.684
0.306458;0.095768;10.180.145
0.325611;0.105345;10.180.145
0.316035;0.095768;10.103.531
0.325611;0.114922;10.055.647
0.306458;0.105345;9.950.302
0.316035;0.114922;9.797.073
0.287304;0.095768;9.768.343
0.316035;0.095768;9.758.766
0.287304;0.105345;9.787.497
0.325611;0.105345;9.931.149
0.335188;0.095768;9.969.456
0.306458;0.105345;10.084.377
0.335188;0.095768;10.180.145
0.316035;0.114922;10.170.568
0.306458;0.095768;10.122.684
0.316035;0.114922;10.103.531
0.296881;0.105345;9.911.995
0.296881;0.095768;9.844.957
0.306458;0.114922;9.787.497
0.306458;0.067038;9.758.766
0.306458;0.095768;9.806.650
0.296881;0.095768;9.883.265
0.325611;0.105345;10.065.224
0.306458;0.095768;10.122.684
0.325611;0.114922;10.151.415
0.325611;0.095768;10.189.722
0.325611;0.067038;10.122.684
0.306458;0.105345;10.065.224
0.325611;0.095768;9.979.033
0.316035;0.095768;9.825.804
0.287304;0.086191;9.768.343
0.306458;0.105345;9.758.766
0.306458;0.086191;9.844.957
0.306458;0.086191;9.902.418
0.296881;0.105345;9.998.186
0.316035;0.105345;10.065.224
0.316035;0.095768;10.160.992
0.306458;0.095768;10.160.992
0.335188;0.105345;10.151.415
0.306458;0.095768;10.026.917
0.316035;0.095768;9.940.725
0.325611;0.095768;9.864.111
0.306458;0.086191;9.806.650
0.277727;0.086191;9.768.343
0.316035;0.086191;9.806.650
0.325611;0.105345;9.864.111
0.316035;0.095768;10.055.647
0.316035;0.095768;10.084.377
0.296881;0.076614;10.141.838
0.316035;0.105345;10.160.992
0.335188;0.105345;10.103.531
0.335188;0.105345;10.065.224
0.296881;0.105345;9.969.456
0.296881;0.105345;9.835.381
0.296881;0.057461;9.777.920
0.306458;0.095768;9.749.189
0.306458;0.086191;9.854.534
0.306458;0.095768;9.921.572
0.325611;0.105345;10.007.763
0.325611;0.095768;10.132.261
0.325611;0.095768;10.160.992
0.325611;0.105345;10.180.145
0.335188;0.095768;10.160.992
0.306458;0.095768;10.017.340
0.316035;0.134075;9.931.149
0.306458;0.124498;9.854.534
0.296881;0.086191;9.768.343
0.316035;0.095768;9.730.036
0.306458;0.076614;9.806.650
0.316035;0.105345;9.864.111
0.296881;0.076614;10.007.763
0.316035;0.095768;10.084.377
0.335188;0.095768;10.122.684
0.316035;0.095768;10.170.568
0.316035;0.124498;10.141.838
0.335188;0.105345;10.046.070
0.306458;0.095768;9.921.572
0.316035;0.105345;9.835.381
0.306458;0.067038;9.797.073
0.316035;0.095768;9.777.920
0.306458;0.095768;9.835.381
0.316035;0.095768;9.883.265
0.296881;0.095768;9.969.456
0.306458;0.095768;10.093.954
0.306458;0.105345;10.132.261
0.316035;0.086191;10.180.145
0.335188;0.076614;10.103.531
0.306458;0.105345;10.036.493
0.306458;0.114922;9.959.879
0.296881;0.095768;9.883.265
0.296881;0.086191;9.768.343
0.306458;0.095768;9.739.613
0.306458;0.076614;9.816.227
0.296881;0.076614;9.902.418
0.306458;0.086191;9.998.186
0.316035;0.086191;10.093.954
0.316035;0.095768;10.141.838
0.325611;0.124498;10.170.568
0.306458;0.105345;10.122.684
0.316035;0.124498;10.084.377
0.296881;0.095768;9.921.572
0.316035;0.105345;9.835.381
0.296881;0.114922;9.816.227
0.316035;0.076614;9.787.497
0.316035;0.105345;9.816.227
0.316035;0.086191;9.864.111
0.296881;0.086191;9.959.879
0.316035;0.114922;10.103.531
0.316035;0.114922;10.160.992
0.325611;0.095768;10.189.722
0.316035;0.095768;10.132.261
0.306458;0.095768;10.046.070
0.316035;0.105345;9.969.456
0.316035;0.114922;9.835.381
0.306458;0.095768;9.806.650
0.316035;0.114922;9.768.343
0.306458;0.086191;9.797.073
0.316035;0.105345;9.921.572
0.316035;0.086191;9.988.609
0.316035;0.086191;10.065.224
0.335188;0.095768;10.160.992
0.316035;0.105345;10.199.299
0.325611;0.095768;10.151.415
0.325611;0.114922;10.036.493
0.306458;0.086191;9.959.879
0.316035;0.114922;9.873.688
0.325611;0.076614;9.825.804
0.287304;0.095768;9.787.497
0.306458;0.095768;9.816.227
0.287304;0.095768;9.864.111
0.325611;0.105345;10.017.340
0.296881;0.105345;10.084.377
0.306458;0.095768;10.151.415
0.316035;0.114922;10.160.992
0.325611;0.095768;10.122.684
0.316035;0.076614;10.065.224
0.306458;0.105345;9.969.456
0.316035;0.076614;9.835.381
0.306458;0.105345;9.806.650
0.296881;0.095768;9.777.920
0.306458;0.086191;9.777.920
0.306458;0.086191;9.883.265
0.306458;0.086191;9.979.033
0.316035;0.086191;10.084.377
0.306458;0.114922;10.160.992
0.316035;0.095768;10.218.452
0.316035;0.086191;10.151.415
0.316035;0.076614;10.055.647
0.316035;0.086191;9.950.302
0.316035;0.114922;9.873.688
0.325611;0.086191;9.835.381
0.296881;0.086191;9.768.343
0.296881;0.105345;9.806.650
0.316035;0.105345;9.854.534
0.325611;0.105345;9.988.609
0.335188;0.086191;10.065.224
0.325611;0.086191;10.122.684
0.335188;0.067038;10.151.415
0.325611;0.095768;10.141.838
0.325611;0.095768;10.093.954
0.296881;0.095768;10.017.340
0.306458;0.086191;9.835.381
0.306458;0.095768;9.787.497
0.306458;0.105345;9.768.343
0.325611;0.114922;9.816.227
0.316035;0.105345;9.883.265
0.306458;0.086191;9.979.033
0.296881;0.095768;10.036.493
0.306458;0.095768;10.170.568
0.325611;0.114922;10.160.992
0.344765;0.105345;10.113.108
0.306458;0.114922;10.036.493
0.325611;0.086191;9.979.033
0.325611;0.105345;9.825.804
0.296881;0.105345;9.787.497
0.306458;0.105345;9.797.073
0.316035;0.095768;9.787.497
0.296881;0.095768;9.816.227
0.316035;0.095768;9.988.609
0.335188;0.095768;10.046.070
0.325611;0.105345;10.141.838
0.325611;0.095768;10.141.838
0.335188;0.086191;10.113.108
0.325611;0.095768;10.084.377
0.287304;0.086191;9.931.149
0.296881;0.105345;9.873.688
0.325611;0.124498;9.816.227
0.306458;0.086191;9.797.073
0.306458;0.076614;9.797.073
0.306458;0.086191;9.864.111
0.335188;0.086191;10.036.493
0.306458;0.114922;10.103.531
0.325611;0.105345;10.132.261
0.316035;0.086191;10.170.568
0.316035;0.095768;10.141.838
0.296881;0.114922;10.074.800
0.306458;0.086191;9.988.609
0.344765;0.105345;9.902.418
0.335188;0.114922;9.787.497
0.316035;0.105345;9.806.650
0.306458;0.086191;9.768.343
0.316035;0.105345;9.892.841
0.316035;0.095768;9.959.879
0.316035;0.086191;10.055.647
0.296881;0.095768;10.151.415
0.316035;0.105345;10.141.838
0.316035;0.114922;10.132.261
0.306458;0.086191;10.074.800
0.306458;0.095768;9.940.725
0.287304;0.095768;9.892.841
0.296881;0.095768;9.825.804
0.316035;0.086191;9.768.343
0.306458;0.086191;9.787.497
0.306458;0.105345;9.864.111
0.316035;0.114922;9.931.149
0.316035;0.105345;10.074.800
0.316035;0.086191;10.132.261
0.306458;0.105345;10.151.415
0.335188;0.095768;10.122.684
0.306458;0.086191;10.065.224
0.316035;0.086191;9.988.609
0.306458;0.095768;9.873.688
0.306458;0.076614;9.806.650
0.306458;0.105345;9.787.497
0.306458;0.067038;9.797.073
0.316035;0.095768;9.892.841
0.296881;0.076614;9.988.609
0.325611;0.095768;10.036.493
0.316035;0.095768;10.151.415
0.344765;0.105345;10.189.722
0.316035;0.114922;10.170.568
0.306458;0.105345;10.007.763
0.325611;0.105345;9.959.879
0.316035;0.114922;9.883.265
0.296881;0.086191;9.835.381
0.306458;0.095768;9.797.073
0.316035;0.086191;9.797.073
0.306458;0.086191;9.844.957
0.316035;0.095768;9.911.995
0.325611;0.114922;10.055.647
0.325611;0.095768;10.151.415
0.335188;0.095768;10.180.145
0.316035;0.095768;10.132.261
0.325611;0.105345;10.093.954
0.344765;0.095768;9.988.609
0.306458;0.076614;9.854.534
0.277727;0.114922;9.806.650
0.306458;0.086191;9.768.343
0.316035;0.086191;9.816.227
0.325611;0.095768;9.892.841
0.325611;0.114922;9.940.725
0.316035;0.143652;10.036.493
0.316035;0.095768;10.160.992
0.335188;0.095768;10.160.992
0.306458;0.114922;10.160.992
0.306458;0.076614;10.036.493
0.316035;0.095768;9.979.033
0.306458;0.105345;9.902.418
0.306458;0.105345;9.797.073
0.306458;0.086191;9.777.920
0.296881;0.105345;9.797.073
0.325611;0.095768;9.854.534
0.325611;0.114922;9.979.033
0.306458;0.086191;10.065.224
0.306458;0.095768;10.122.684
0.316035;0.086191;10.189.722
0.316035;0.105345;10.141.838
0.316035;0.124498;10.103.531
0.316035;0.114922;10.017.340
0.306458;0.076614;9.892.841
0.306458;0.114922;9.806.650
0.296881;0.095768;9.797.073
0.316035;0.086191;9.825.804
0.296881;0.086191;9.892.841
0.306458;0.105345;9.950.302
0.287304;0.095768;10.007.763
0.306458;0.086191;10.132.261
0.316035;0.105345;10.151.415
0.325611;0.114922;10.151.415
0.325611;0.105345;10.074.800
0.316035;0.095768;10.017.340
0.296881;0.105345;9.911.995
0.316035;0.095768;9.825.804
0.316035;0.076614;9.797.073
0.316035;0.076614;9.768.343
0.306458;0.105345;9.825.804
0.316035;0.124498;9.998.186
0.316035;0.095768;10.046.070
0.316035;0.076614;10.113.108
0.344765;0.105345;10.189.722
0.325611;0.105345;10.151.415
0.325611;0.095768;10.093.954
0.316035;0.105345;9.959.879
0.296881;0.086191;9.873.688
0.306458;0.105345;9.816.227
0.296881;0.095768;9.768.343
0.296881;0.105345;9.797.073
0.325611;0.105345;9.854.534
0.306458;0.076614;10.084.377
0.316035;0.114922;10.141.838
0.335188;0.086191;10.151.415
0.335188;0.067038;10.151.415
0.335188;0.095768;10.074.800
0.316035;0.095768;9.998.186
0.316035;0.105345;9.940.725
0.296881;0.095768;9.825.804
0.325611;0.105345;9.768.343
0.316035;0.114922;9.777.920
0.306458;0.076614;9.902.418
0.287304;0.095768;9.950.302
0.316035;0.105345;10.017.340
0.316035;0.105345;10.084.377
0.316035;0.086191;10.141.838
0.325611;0.105345;10.132.261
0.306458;0.105345;10.103.531
0.325611;0.086191;9.979.033
0.306458;0.114922;9.892.841
0.296881;0.095768;9.835.381
0.306458;0.095768;9.797.073
0.316035;0.086191;9.806.650
0.325611;0.095768;9.864.111
0.316035;0.114922;10.036.493
0.335188;0.105345;10.141.838
0.354342;0.095768;10.151.415
0.325611;0.086191;10.122.684
0.325611;0.086191;10.074.800
0.306458;0.095768;9.988.609
0.287304;0.105345;9.940.725
0.325611;0.086191;9.816.227
0.325611;0.067038;9.777.920
0.316035;0.124498;9.768.343
0.306458;0.086191;9.883.265
0.316035;0.076614;9.950.302
0.316035;0.114922;10.026.917
0.325611;0.105345;10.160.992
0.306458;0.105345;10.141.838
0.306458;0.095768;10.160.992
0.296881;0.076614;10.141.838
0.316035;0.095768;9.950.302
0.296881;0.114922;9.921.572
0.296881;0.124498;9.844.957
0.316035;0.095768;9.816.227
0.316035;0.095768;9.787.497
0.316035;0.095768;9.844.957
0.306458;0.095768;9.873.688
0.306458;0.114922;10.084.377
0.306458;0.124498;10.103.531
0.325611;0.105345;10.160.992
0.316035;0.124498;10.151.415
0.306458;0.105345;10.103.531
0.316035;0.105345;10.017.340
0.296881;0.086191;9.854.534
0.306458;0.095768;9.844.957
0.306458;0.095768;9.816.227
0.316035;0.114922;9.797.073
0.296881;0.086191;9.854.534
0.306458;0.086191;9.931.149
0.287304;0.124498;9.998.186
0.316035;0.095768;10.132.261
0.316035;0.114922;10.180.145
0.335188;0.105345;10.180.145
0.325611;0.086191;10.065.224
0.306458;0.076614;9.988.609
0.306458;0.114922;9.921.572
0.306458;0.105345;9.854.534
0.306458;0.105345;9.758.766
0.306458;0.114922;9.768.343
0.287304;0.105345;9.825.804
0.325611;0.086191;9.950.302
0.316035;0.086191;10.055.647
0.325611;0.105345;10.103.531
0.316035;0.095768;10.132.261
0.325611;0.095768;10.122.684
0.325611;0.086191;10.122.684
0.306458;0.105345;10.026.917
0.316035;0.086191;9.902.418
0.316035;0.105345;9.835.381
0.306458;0.114922;9.816.227
0.306458;0.076614;9.797.073
0.306458;0.076614;9.873.688
0.287304;0.076614;9.911.995
0.335188;0.095768;10.093.954
0.335188;0.095768;10.113.108
0.306458;0.105345;10.132.261
0.316035;0.076614;10.160.992
0.325611;0.114922;10.084.377
0.325611;0.105345;10.036.493
0.325611;0.105345;9.950.302
0.316035;0.095768;9.854.534
0.296881;0.076614;9.777.920
0.316035;0.076614;9.768.343
0.296881;0.095768;9.835.381
0.296881;0.086191;9.950.302
0.306458;0.105345;10.007.763
0.335188;0.105345;10.084.377
0.316035;0.105345;10.170.568
0.316035;0.124498;10.132.261
0.325611;0.095768;10.113.108
0.316035;0.124498;9.988.609
0.296881;0.076614;9.902.418
0.306458;0.095768;9.835.381
0.306458;0.105345;9.797.073
0.306458;0.114922;9.816.227
0.296881;0.114922;9.854.534
0.306458;0.095768;9.911.995
0.316035;0.114922;9.940.725
0.316035;0.086191;10.122.684
0.325611;0.114922;10.132.261
0.316035;0.095768;10.189.722
0.296881;0.095768;10.074.800
0.325611;0.105345;10.007.763
0.306458;0.086191;9.950.302
0.296881;0.095768;9.825.804
0.316035;0.095768;9.806.650
0.306458;0.095768;9.787.497
0.316035;0.095768;9.825.804
0.316035;0.095768;9.950.302
0.335188;0.105345;10.017.340
0.316035;0.124498;10.084.377
0.296881;0.095768;10.141.838
0.296881;0.095768;10.160.992
0.325611;0.095768;10.103.531
0.316035;0.105345;9.988.609
0.306458;0.105345;9.931.149
0.306458;0.095768;9.864.111
0.296881;0.095768;9.797.073
0.306458;0.095768;9.787.497
0.325611;0.105345;9.825.804
0.296881;0.095768;9.902.418
0.296881;0.105345;10.046.070
0.316035;0.105345;10.103.531
0.325611;0.095768;10.160.992
0.296881;0.095768;10.160.992
0.316035;0.105345;10.093.954
0.306458;0.105345;10.036.493
0.306458;0.095768;9.988.609
0.306458;0.105345;9.835.381
0.316035;0.095768;9.806.650
0.306458;0.086191;9.787.497
0.325611;0.086191;9.844.957
0.316035;0.095768;9.921.572
0.306458;0.105345;9.998.186
0.296881;0.114922;10.065.224
0.325611;0.105345;10.141.838
0.316035;0.105345;10.151.415
0.316035;0.095768;10.113.108
0.325611;0.114922;9.998.186
0.306458;0.105345;9.931.149
0.296881;0.114922;9.816.227
0.316035;0.105345;9.797.073
0.306458;0.095768;9.806.650
0.306458;0.086191;9.844.957
0.306458;0.105345;9.864.111
0.306458;0.095768;10.036.493
0.306458;0.095768;10.113.108
0.306458;0.095768;10.160.992
0.325611;0.105345;10.084.377
0.316035;0.105345;10.046.070
0.306458;0.114922;9.979.033
0.306458;0.095768;9.816.227
0.306458;0.095768;9.825.804
0.296881;0.086191;9.777.920
0.306458;0.105345;9.825.804
0.325611;0.086191;9.911.995
0.306458;0.086191;9.969.456
0.325611;0.105345;10.122.684
0.316035;0.095768;10.141.838
0.316035;0.095768;10.151.415
0.316035;0.095768;10.132.261
0.316035;0.105345;9.998.186
0.306458;0.114922;9.931.149
0.306458;0.076614;9.892.841
0.316035;0.105345;9.806.650
0.316035;0.086191;9.787.497
0.316035;0.086191;9.825.804
0.306458;0.105345;9.950.302
0.306458;0.076614;10.017.340
0.316035;0.086191;10.084.377
0.296881;0.105345;10.122.684
0.335188;0.086191;10.122.684
0.335188;0.095768;10.122.684
0.325611;0.086191;10.065.224
0.316035;0.095768;9.921.572
0.306458;0.124498;9.844.957
0.325611;0.086191;9.816.227
0.306458;0.105345;9.797.073
0.316035;0.086191;9.825.804
0.325611;0.086191;9.911.995
0.306458;0.114922;9.959.879
0.306458;0.086191;10.122.684
0.344765;0.124498;10.132.261
0.316035;0.095768;10.170.568
0.325611;0.095768;10.074.800
0.316035;0.114922;9.998.186
0.335188;0.114922;9.950.302
0.296881;0.095768;9.883.265
0.316035;0.086191;9.816.227
0.325611;0.076614;9.816.227
0.296881;0.095768;9.825.804
0.325611;0.095768;9.911.995
0.325611;0.105345;10.026.917
0.325611;0.105345;10.046.070
0.296881;0.105345;10.132.261
0.325611;0.095768;10.141.838
0.306458;0.124498;10.122.684
0.325611;0.114922;10.065.224
0.306458;0.114922;9.911.995
0.296881;0.114922;9.844.957
0.296881;0.095768;9.816.227
0.296881;0.086191;9.806.650
0.296881;0.095768;9.825.804
0.306458;0.105345;9.864.111
0.306458;0.095768;9.950.302
0.316035;0.086191;10.093.954
0.335188;0.086191;10.141.838
0.306458;0.114922;10.151.415
0.316035;0.124498;10.084.377
0.316035;0.086191;10.055.647
0.316035;0.076614;9.959.879
0.325611;0.095768;9.816.227
0.287304;0.095768;9.806.650
0.287304;0.086191;9.797.073
0.335188;0.105345;9.873.688
0.335188;0.076614;9.921.572
0.296881;0.114922;9.998.186
0.316035;0.095768;10.055.647
0.325611;0.095768;10.132.261
0.325611;0.114922;10.180.145
0.306458;0.095768;10.113.108
0.306458;0.095768;10.084.377
0.316035;0.095768;9.931.149
0.287304;0.095768;9.892.841
0.306458;0.095768;9.825.804
0.287304;0.095768;9.797.073
0.296881;0.124498;9.825.804
0.296881;0.095768;9.892.841
0.316035;0.105345;10.017.340
0.335188;0.095768;10.103.531
0.316035;0.095768;10.103.531
0.296881;0.124498;10.180.145
0.325611;0.095768;10.132.261
0.316035;0.105345;10.036.493
0.316035;0.086191;9.940.725
0.316035;0.095768;9.864.111
0.287304;0.105345;9.806.650
0.287304;0.095768;9.797.073
0.306458;0.095768;9.835.381
0.316035;0.114922;9.892.841
0.306458;0.095768;9.950.302
0.306458;0.105345;10.065.224
0.335188;0.095768;10.151.415
0.306458;0.124498;10.141.838
0.325611;0.095768;10.132.261
0.325611;0.105345;9.998.186
0.325611;0.086191;9.969.456
0.316035;0.105345;9.892.841
0.306458;0.095768;9.835.381
0.287304;0.076614;9.806.650
0.306458;0.095768;9.825.804
0.306458;0.114922;9.883.265
0.306458;0.105345;9.998.186
0.316035;0.076614;10.074.800
0.325611;0.124498;10.132.261
0.316035;0.076614;10.122.684
0.335188;0.095768;10.093.954
0.316035;0.105345;10.036.493
0.306458;0.076614;9.988.609
0.306458;0.095768;9.873.688
0.296881;0.105345;9.816.227
0.306458;0.105345;9.777.920
0.296881;0.086191;9.854.534
0.306458;0.095768;9.892.841
0.316035;0.086191;9.979.033
0.306458;0.105345;10.065.224
0.325611;0.086191;10.122.684
0.325611;0.114922;10.151.415
0.306458;0.095768;10.036.493
0.306458;0.105345;9.959.879
0.316035;0.076614;9.911.995
0.316035;0.095768;9.797.073
0.296881;0.105345;9.777.920
0.296881;0.105345;9.806.650
0.316035;0.095768;9.854.534
0.296881;0.095768;9.998.186
0.316035;0.095768;10.074.800
0.306458;0.086191;10.093.954
0.325611;0.086191;10.151.415
0.316035;0.095768;10.122.684
0.335188;0.105345;10.093.954
0.316035;0.086191;9.950.302
0.287304;0.105345;9.892.841
0.325611;0.114922;9.806.650
0.316035;0.095768;9.787.497
0.296881;0.095768;9.825.804
0.287304;0.086191;9.921.572
0.306458;0.086191;9.969.456
0.325611;0.105345;10.074.800
0.316035;0.114922;10.122.684
0.316035;0.105345;10.151.415
0.316035;0.105345;10.065.224
0.325611;0.105345;10.065.224
0.316035;0.086191;10.007.763
0.296881;0.086191;9.902.418
0.316035;0.105345;9.797.073
0.316035;0.095768;9.797.073
0.306458;0.086191;9.816.227
0.306458;0.105345;9.902.418
0.316035;0.086191;9.988.609
0.306458;0.086191;10.065.224
0.316035;0.086191;10.122.684
0.325611;0.095768;10.170.568
0.316035;0.105345;10.113.108
0.316035;0.105345;10.084.377
0.316035;0.076614;9.921.572
0.325611;0.095768;9.892.841
0.306458;0.124498;9.835.381
0.316035;0.105345;9.806.650
0.306458;0.095768;9.825.804
0.306458;0.105345;9.854.534
0.316035;0.105345;9.931.149
0.306458;0.105345;10.074.800
0.306458;0.095768;10.151.415
0.316035;0.105345;10.151.415
0.316035;0.086191;10.093.954
0.325611;0.105345;10.065.224
0.316035;0.086191;9.979.033
0.306458;0.095768;9.911.995
0.306458;0.124498;9.806.650
0.296881;0.057461;9.787.497
0.316035;0.095768;9.787.497
0.325611;0.095768;9.902.418
0.316035;0.076614;9.979.033
0.316035;0.076614;10.046.070
0.306458;0.095768;10.151.415
0.325611;0.095768;10.151.415
0.335188;0.124498;10.170.568
0.306458;0.105345;9.988.609
0.306458;0.086191;9.959.879
0.306458;0.095768;9.883.265
0.316035;0.105345;9.844.957
0.306458;0.086191;9.797.073
0.325611;0.105345;9.835.381
0.316035;0.095768;9.873.688
0.325611;0.076614;10.007.763
0.306458;0.095768;10.074.800
0.325611;0.095768;10.132.261
0.316035;0.095768;10.132.261
0.325611;0.095768;10.055.647
0.325611;0.124498;10.007.763
0.306458;0.105345;9.873.688
0.325611;0.114922;9.835.381
0.316035;0.105345;9.787.497
0.306458;0.124498;9.806.650
0.296881;0.095768;9.883.265
0.296881;0.086191;9.969.456
0.325611;0.105345;10.017.340
0.325611;0.067038;10.122.684
0.316035;0.105345;10.132.261
0.325611;0.086191;10.141.838
0.316035;0.095768;10.026.917
0.287304;0.095768;9.959.879
0.316035;0.095768;9.921.572
0.316035;0.105345;9.825.804
0.316035;0.095768;9.806.650
0.306458;0.095768;9.825.804
0.316035;0.095768;9.854.534
0.306458;0.076614;9.979.033
0.335188;0.105345;10.055.647
0.325611;0.114922;10.093.954
0.287304;0.105345;10.132.261
0.335188;0.095768;10.141.838
0.306458;0.105345;10.065.224
0.296881;0.086191;10.017.340
0.296881;0.105345;9.883.265
0.306458;0.086191;9.825.804
0.287304;0.086191;9.787.497
0.325611;0.105345;9.816.227
0.306458;0.086191;9.883.265
0.316035;0.095768;9.940.725
0.325611;0.095768;10.065.224
0.325611;0.105345;10.103.531
0.316035;0.114922;10.132.261
0.325611;0.105345;10.151.415
0.325611;0.086191;10.074.800
0.325611;0.086191;9.998.186
0.296881;0.095768;9.892.841
0.306458;0.114922;9.806.650
0.296881;0.095768;9.797.073
0.316035;0.114922;9.844.957
0.296881;0.114922;9.844.957
0.306458;0.105345;9.969.456
0.325611;0.095768;10.055.647
0.344765;0.095768;10.170.568
0.316035;0.095768;10.160.992
0.316035;0.086191;10.141.838
0.316035;0.076614;10.093.954
0.316035;0.105345;9.931.149
0.316035;0.095768;9.902.418
0.306458;0.095768;9.825.804
0.306458;0.095768;9.806.650
0.287304;0.076614;9.825.804
0.306458;0.095768;9.883.265
0.296881;0.114922;9.921.572
0.325611;0.105345;10.065.224
0.335188;0.095768;10.122.684
0.325611;0.095768;10.141.838
0.316035;0.086191;10.151.415
0.306458;0.086191;10.074.800
0.316035;0.105345;9.979.033
0.287304;0.095768;9.931.149
0.316035;0.086191;9.806.650
0.296881;0.095768;9.787.497
0.316035;0.105345;9.883.265
0.296881;0.105345;9.969.456
0.316035;0.095768;10.026.917
0.296881;0.086191;10.084.377
0.316035;0.105345;10.122.684
0.325611;0.095768;10.103.531
0.306458;0.105345;9.969.456
0.287304;0.086191;9.873.688
0.306458;0.086191;9.835.381
0.296881;0.114922;9.816.227
0.306458;0.095768;9.816.227
0.316035;0.095768;9.864.111
0.306458;0.067038;9.902.418
0.306458;0.086191;10.046.070
0.325611;0.095768;10.093.954
0.325611;0.114922;10.170.568
0.316035;0.086191;10.113.108
0.316035;0.086191;10.074.800
0.335188;0.095768;9.979.033
0.296881;0.114922;9.911.995
0.306458;0.086191;9.835.381
0.316035;0.095768;9.787.497
0.306458;0.114922;9.797.073
0.306458;0.114922;9.883.265
0.306458;0.086191;9.979.033
0.316035;0.114922;9.998.186
0.316035;0.105345;10.113.108
0.325611;0.086191;10.151.415
0.306458;0.086191;10.093.954
0.306458;0.086191;10.093.954
0.316035;0.105345;9.969.456
0.306458;0.105345;9.873.688
0.316035;0.095768;9.844.957
0.306458;0.105345;9.844.957
0.296881;0.076614;9.816.227
0.306458;0.105345;9.864.111
0.306458;0.086191;9.921.572
0.316035;0.095768;10.055.647
0.335188;0.105345;10.113.108
0.316035;0.086191;10.122.684
0.306458;0.114922;10.103.531
0.316035;0.105345;10.055.647
0.316035;0.105345;10.036.493
0.325611;0.105345;9.883.265
0.306458;0.095768;9.825.804
0.316035;0.086191;9.768.343
0.316035;0.095768;9.873.688
0.325611;0.086191;9.950.302
0.325611;0.086191;10.007.763
0.316035;0.114922;10.113.108
0.325611;0.105345;10.122.684
0.325611;0.095768;10.122.684
0.335188;0.105345;10.055.647
0.316035;0.105345;10.007.763
0.306458;0.095768;9.931.149
0.296881;0.124498;9.873.688
0.306458;0.105345;9.797.073
0.316035;0.114922;9.825.804
0.316035;0.095768;9.873.688
0.306458;0.095768;9.979.033
0.306458;0.105345;10.036.493
0.325611;0.086191;10.065.224
0.325611;0.124498;10.132.261
0.316035;0.095768;10.093.954
0.335188;0.086191;10.074.800
0.287304;0.086191;10.046.070
0.316035;0.095768;9.873.688
0.296881;0.095768;9.854.534
0.287304;0.105345;9.806.650
0.306458;0.095768;9.835.381
0.287304;0.086191;9.864.111
0.296881;0.086191;9.940.725
0.325611;0.105345;9.979.033
0.325611;0.095768;10.122.684
0.316035;0.105345;10.151.415
0.306458;0.114922;10.122.684
0.306458;0.105345;10.055.647
0.316035;0.105345;9.988.609
0.316035;0.105345;9.931.149
0.306458;0.095768;9.835.381
0.306458;0.095768;9.797.073
0.306458;0.095768;9.835.381
0.325611;0.086191;9.844.957
0.296881;0.095768;9.959.879
0.325611;0.086191;10.026.917
0.316035;0.095768;10.093.954
0.316035;0.105345;10.132.261
0.306458;0.095768;10.132.261
0.316035;0.105345;10.103.531
0.296881;0.086191;10.026.917
0.306458;0.114922;9.911.995
0.306458;0.114922;9.873.688
0.296881;0.095768;9.816.227
0.306458;0.086191;9.806.650
0.316035;0.076614;9.864.111
0.325611;0.105345;9.931.149
0.306458;0.086191;10.065.224
0.325611;0.114922;10.122.684
0.316035;0.067038;10.141.838
0.335188;0.095768;10.141.838
0.325611;0.105345;10.065.224
0.316035;0.095768;9.998.186
0.306458;0.095768;9.940.725
0.296881;0.105345;9.835.381
0.306458;0.105345;9.806.650
0.306458;0.105345;9.787.497
0.306458;0.076614;9.902.418
0.316035;0.095768;9.969.456
0.306458;0.124498;10.007.763
0.325611;0.105345;10.132.261
0.325611;0.105345;10.141.838
0.335188;0.095768;10.122.684
0.335188;0.114922;10.084.377
0.306458;0.095768;9.969.456
0.325611;0.086191;9.931.149
0.316035;0.095768;9.864.111
0.296881;0.095768;9.806.650
0.306458;0.105345;9.806.650
0.325611;0.105345;9.864.111
0.306458;0.105345;9.988.609
0.325611;0.086191;10.026.917
0.316035;0.105345;10.074.800
0.316035;0.095768;10.103.531
0.325611;0.095768;10.113.108
0.316035;0.095768;10.055.647
0.306458;0.105345;9.998.186
0.335188;0.105345;9.921.572
0.296881;0.114922;9.835.381
0.316035;0.095768;9.787.497
0.325611;0.105345;9.797.073
0.325611;0.105345;9.873.688
0.316035;0.086191;9.931.149
0.306458;0.114922;9.998.186
0.296881;0.095768;10.046.070
0.316035;0.105345;10.132.261
0.316035;0.076614;10.113.108
0.316035;0.095768;10.103.531
0.296881;0.105345;9.969.456
0.325611;0.095768;9.921.572
0.287304;0.095768;9.854.534
0.306458;0.095768;9.825.804
0.287304;0.076614;9.816.227
0.306458;0.095768;9.854.534
0.306458;0.095768;9.931.149
0.316035;0.114922;10.026.917
0.296881;0.105345;10.103.531
0.316035;0.076614;10.084.377
0.325611;0.086191;10.113.108
0.306458;0.095768;10.084.377
0.306458;0.076614;10.036.493
0.316035;0.114922;9.969.456
0.287304;0.086191;9.835.381
0.306458;0.086191;9.844.957
0.296881;0.105345;9.816.227
0.306458;0.105345;9.864.111
0.316035;0.086191;9.931.149
0.325611;0.095768;9.988.609
0.335188;0.105345;10.084.377
0.316035;0.105345;10.122.684
0.316035;0.076614;10.151.415
0.316035;0.095768;10.122.684
0.306458;0.086191;10.007.763
0.306458;0.105345;9.940.725
0.325611;0.095768;9.864.111
0.296881;0.086191;9.806.650
0.296881;0.114922;9.787.497
0.316035;0.105345;9.835.381
0.306458;0.086191;9.959.879
0.335188;0.086191;10.026.917
0.316035;0.095768;10.065.224
0.306458;0.086191;10.122.684
0.306458;0.086191;10.103.531
0.316035;0.095768;10.046.070
0.287304;0.105345;9.892.841
0.316035;0.086191;9.864.111
0.306458;0.076614;9.806.650
0.316035;0.095768;9.806.650
0.335188;0.105345;9.864.111
0.316035;0.105345;9.921.572
0.316035;0.086191;9.959.879
0.325611;0.114922;10.065.224
0.316035;0.114922;10.141.838
0.306458;0.105345;10.132.261
0.316035;0.105345;10.065.224
0.296881;0.095768;10.026.917
0.296881;0.086191;9.969.456
0.316035;0.095768;9.873.688
0.306458;0.114922;9.816.227
0.325611;0.105345;9.816.227
0.325611;0.105345;9.806.650
0.306458;0.086191;9.950.302
0.325611;0.095768;10.017.340
0.316035;0.114922;10.065.224
0.316035;0.086191;10.151.415
0.306458;0.105345;10.132.261
0.335188;0.105345;10.103.531
0.306458;0.105345;10.065.224
0.316035;0.086191;9.931.149
0.316035;0.086191;9.835.381
0.306458;0.105345;9.816.227
0.306458;0.095768;9.835.381
0.306458;0.086191;9.864.111
0.325611;0.105345;9.921.572
0.306458;0.095768;9.979.033
0.316035;0.095768;10.093.954
0.296881;0.114922;10.141.838
0.316035;0.095768;10.141.838
0.316035;0.095768;10.055.647
0.325611;0.086191;10.017.340
0.316035;0.086191;9.950.302
0.306458;0.086191;9.873.688
0.316035;0.114922;9.797.073
0.306458;0.105345;9.835.381
0.296881;0.095768;9.911.995
0.316035;0.095768;10.026.917
0.316035;0.105345;10.074.800
0.335188;0.086191;10.122.684
0.306458;0.105345;10.141.838
0.316035;0.105345;10.093.954
0.335188;0.105345;10.046.070
0.335188;0.105345;9.911.995
0.306458;0.105345;9.854.534
0.306458;0.076614;9.797.073
0.316035;0.095768;9.816.227
0.296881;0.086191;9.854.534
0.316035;0.114922;9.902.418
0.325611;0.114922;10.007.763
0.296881;0.105345;10.074.800
0.316035;0.095768;10.132.261
0.296881;0.095768;10.122.684
0.335188;0.086191;10.093.954
0.306458;0.105345;10.055.647
0.296881;0.114922;9.969.456
0.335188;0.095768;9.864.111
0.316035;0.105345;9.806.650
0.316035;0.105345;9.816.227
0.316035;0.086191;9.873.688
0.306458;0.105345;9.911.995
0.306458;0.095768;9.988.609
0.306458;0.114922;10.055.647
0.316035;0.086191;10.151.415
0.316035;0.114922;10.132.261
0.325611;0.086191;10.103.531
0.306458;0.095768;10.026.917
0.316035;0.076614;9.921.572
0.306458;0.105345;9.883.265
0.316035;0.095768;9.816.227
0.316035;0.086191;9.844.957
0.296881;0.095768;9.883.265
0.335188;0.095768;9.998.186
0.325611;0.086191;10.055.647
0.344765;0.095768;10.113.108
0.316035;0.105345;10.113.108
0.287304;0.105345;10.122.684
0.306458;0.086191;10.065.224
0.316035;0.095768;9.950.302
0.316035;0.086191;9.873.688
0.316035;0.105345;9.835.381
0.287304;0.105345;9.825.804
0.296881;0.086191;9.864.111
0.296881;0.095768;9.921.572
0.296881;0.095768;9.959.879
0.325611;0.114922;10.084.377
0.306458;0.095768;10.141.838
0.316035;0.095768;10.122.684
0.306458;0.134075;10.103.531
0.325611;0.124498;10.026.917
0.325611;0.114922;9.950.302
0.335188;0.076614;9.883.265
0.306458;0.095768;9.806.650
0.306458;0.086191;9.816.227
0.306458;0.105345;9.816.227
0.316035;0.086191;9.959.879
0.335188;0.105345;9.988.609
0.306458;0.095768;10.055.647
0.296881;0.095768;10.103.531
0.306458;0.105345;10.151.415
0.316035;0.105345;10.074.800
0.306458;0.105345;10.055.647
0.335188;0.105345;9.950.302
0.306458;0.086191;9.873.688
0.306458;0.095768;9.806.650
0.306458;0.105345;9.825.804
0.306458;0.105345;9.844.957
0.306458;0.095768;9.921.572
0.316035;0.114922;9.979.033
0.316035;0.105345;10.084.377
0.325611;0.114922;10.113.108
0.325611;0.134075;10.103.531
0.316035;0.095768;10.093.954
0.306458;0.095768;10.065.224
0.316035;0.086191;10.007.763
0.316035;0.105345;9.883.265
0.306458;0.086191;9.835.381
0.316035;0.105345;9.816.227
0.316035;0.105345;9.835.381
0.306458;0.095768;9.940.725
0.335188;0.124498;9.998.186
0.316035;0.095768;10.036.493
0.335188;0.105345;10.084.377
0.325611;0.105345;10.132.261
0.316035;0.105345;10.122.684
0.325611;0.095768;10.065.224
0.316035;0.076614;9.931.149
0.316035;0.105345;9.883.265
0.296881;0.114922;9.835.381
0.316035;0.105345;9.816.227
0.325611;0.095768;9.844.957
0.325611;0.076614;9.892.841
0.316035;0.076614;9.959.879
0.316035;0.114922;10.103.531
0.306458;0.095768;10.141.838
0.325611;0.095768;10.113.108
0.306458;0.114922;10.122.684
0.316035;0.114922;10.036.493
0.316035;0.086191;9.979.033
0.316035;0.095768;9.844.957
0.296881;0.114922;9.825.804
0.316035;0.105345;9.825.804
0.306458;0.086191;9.816.227
0.316035;0.086191;9.902.418
0.306458;0.105345;9.969.456
0.316035;0.076614;10.046.070
0.316035;0.105345;10.151.415
0.296881;0.086191;10.084.377
0.306458;0.114922;10.084.377
0.325611;0.095768;10.055.647
0.287304;0.076614;9.969.456
0.316035;0.105345;9.883.265
0.316035;0.076614;9.854.534
0.316035;0.114922;9.816.227
0.325611;0.124498;9.835.381
0.268151;0.086191;9.892.841
0.316035;0.086191;9.998.186
0.325611;0.105345;10.036.493
0.316035;0.095768;10.103.531
0.296881;0.095768;10.151.415
0.316035;0.076614;10.084.377
0.335188;0.105345;10.026.917
0.325611;0.114922;9.969.456
0.306458;0.095768;9.902.418
0.316035;0.086191;9.825.804
0.335188;0.095768;9.844.957
0.316035;0.105345;9.825.804
0.306458;0.114922;9.931.149
0.296881;0.086191;9.959.879
0.335188;0.086191;10.036.493
0.296881;0.095768;10.113.108
0.277727;0.095768;10.151.415
0.296881;0.095768;10.084.377
0.344765;0.105345;10.026.917
0.335188;0.095768;9.979.033
0.306458;0.076614;9.911.995
0.287304;0.095768;9.864.111
0.344765;0.105345;9.777.920
0.316035;0.114922;9.816.227
0.287304;0.095768;9.892.841
0.325611;0.095768;10.017.340
0.325611;0.067038;10.046.070
0.335188;0.086191;10.113.108
0.296881;0.095768;10.160.992
0.306458;0.086191;10.103.531
0.316035;0.095768;10.036.493
0.325611;0.095768;9.969.456
0.287304;0.086191;9.873.688
0.306458;0.095768;9.844.957
0.306458;0.105345;9.825.804
0.344765;0.086191;9.825.804
0.296881;0.105345;9.892.841
0.296881;0.105345;9.969.456
0.296881;0.086191;10.017.340
0.335188;0.086191;10.093.954
0.316035;0.105345;10.132.261
0.316035;0.095768;10.132.261
0.325611;0.095768;10.036.493
0.316035;0.086191;9.940.725
0.316035;0.105345;9.902.418
0.316035;0.095768;9.835.381
0.296881;0.076614;9.816.227
0.325611;0.095768;9.806.650
0.296881;0.114922;9.892.841
0.296881;0.105345;9.988.609
0.306458;0.114922;10.074.800
0.325611;0.105345;10.113.108
0.306458;0.095768;10.113.108
0.316035;0.095768;10.084.377
0.316035;0.105345;10.065.224
0.316035;0.095768;9.921.572
0.316035;0.105345;9.892.841
0.316035;0.076614;9.835.381
0.296881;0.105345;9.825.804
0.296881;0.076614;9.854.534
0.296881;0.114922;9.883.265
0.325611;0.095768;9.940.725
0.325611;0.095768;10.084.377
0.306458;0.076614;10.113.108
0.325611;0.105345;10.093.954
0.316035;0.057461;10.074.800
0.316035;0.095768;10.036.493
0.306458;0.086191;10.007.763
0.306458;0.086191;9.931.149
0.316035;0.105345;9.835.381
0.316035;0.095768;9.797.073
0.306458;0.095768;9.816.227
0.316035;0.124498;9.902.418
0.306458;0.076614;10.017.340
0.316035;0.114922;10.017.340
0.316035;0.114922;10.093.954
0.325611;0.095768;10.132.261
0.316035;0.095768;10.122.684
0.296881;0.086191;10.055.647
0.316035;0.086191;9.969.456
0.287304;0.095768;9.902.418
0.306458;0.105345;9.844.957
0.296881;0.076614;9.816.227
0.325611;0.134075;9.844.957
0.316035;0.105345;9.892.841
0.306458;0.105345;9.902.418
0.325611;0.124498;10.046.070
0.287304;0.105345;10.113.108
0.306458;0.086191;10.122.684
0.335188;0.086191;10.093.954
0.306458;0.105345;10.074.800
0.296881;0.076614;9.959.879
0.296881;0.114922;9.921.572
0.296881;0.086191;9.835.381
0.306458;0.114922;9.806.650
0.325611;0.086191;9.825.804
0.316035;0.095768;9.902.418
0.306458;0.086191;9.959.879
0.325611;0.086191;10.017.340
0.335188;0.124498;10.113.108
0.325611;0.105345;10.122.684
0.316035;0.095768;10.113.108
0.296881;0.105345;10.055.647
0.306458;0.086191;9.979.033
0.287304;0.086191;9.911.995
0.296881;0.067038;9.854.534
0.306458;0.105345;9.816.227
0.296881;0.076614;9.854.534
0.316035;0.095768;9.873.688
0.325611;0.076614;10.007.763
0.316035;0.095768;10.074.800
0.335188;0.095768;10.074.800
0.316035;0.095768;10.113.108
0.316035;0.114922;10.103.531
0.306458;0.114922;10.055.647
0.325611;0.086191;9.998.186
0.316035;0.105345;9.902.418
0.296881;0.114922;9.844.957
0.306458;0.095768;9.797.073
0.296881;0.086191;9.797.073
0.316035;0.095768;9.902.418
0.335188;0.095768;9.959.879
0.344765;0.095768;10.017.340
0.316035;0.105345;10.132.261
0.335188;0.095768;10.093.954
0.325611;0.086191;10.141.838
0.325611;0.105345;10.055.647
0.316035;0.095768;9.988.609
0.316035;0.095768;9.921.572
0.325611;0.095768;9.844.957
0.296881;0.105345;9.835.381
0.296881;0.086191;9.835.381
0.296881;0.095768;9.864.111
0.306458;0.105345;9.959.879
0.325611;0.086191;10.055.647
0.296881;0.134075;10.103.531
0.316035;0.095768;10.103.531
0.325611;0.114922;10.122.684
0.316035;0.105345;10.046.070
0.287304;0.086191;10.017.340
0.316035;0.105345;9.911.995
0.296881;0.095768;9.835.381
0.296881;0.105345;9.816.227
0.306458;0.105345;9.825.804
0.335188;0.095768;9.873.688
0.316035;0.124498;9.940.725
0.306458;0.086191;10.074.800
0.316035;0.105345;10.074.800
0.306458;0.114922;10.122.684
0.316035;0.086191;10.113.108
0.335188;0.114922;10.055.647
0.287304;0.105345;9.988.609
0.306458;0.095768;9.950.302
0.316035;0.086191;9.844.957
0.306458;0.105345;9.787.497
0.296881;0.105345;9.835.381
0.296881;0.095768;9.873.688
0.316035;0.095768;9.979.033
0.306458;0.095768;10.026.917
0.316035;0.076614;10.084.377
0.325611;0.095768;10.122.684
0.335188;0.076614;10.113.108
0.325611;0.105345;10.065.224
0.325611;0.105345;10.007.763
0.306458;0.086191;9.883.265
0.316035;0.095768;9.864.111
0.287304;0.086191;9.825.804
0.287304;0.095768;9.835.381
0.316035;0.086191;9.864.111
0.306458;0.076614;9.931.149
0.306458;0.105345;10.055.647
0.316035;0.095768;10.103.531
0.316035;0.095768;10.122.684
0.316035;0.095768;10.065.224
0.316035;0.086191;9.998.186
0.306458;0.086191;9.883.265
0.316035;0.124498;9.844.957
0.296881;0.124498;9.816.227
0.287304;0.095768;9.797.073
0.316035;0.114922;9.883.265
0.316035;0.095768;9.959.879
0.306458;0.105345;10.036.493
0.325611;0.095768;10.074.800
0.335188;0.134075;10.093.954
0.296881;0.114922;10.113.108
0.306458;0.095768;10.065.224
0.316035;0.124498;9.979.033
0.316035;0.114922;9.911.995
0.306458;0.086191;9.864.111
0.296881;0.095768;9.825.804
0.306458;0.105345;9.835.381
0.335188;0.095768;9.864.111
0.306458;0.105345;9.931.149
0.316035;0.086191;10.065.224
0.316035;0.095768;10.113.108
0.316035;0.095768;10.122.684
0.325611;0.105345;10.113.108
0.316035;0.114922;10.046.070
0.306458;0.105345;10.007.763
0.306458;0.095768;9.959.879
0.306458;0.067038;9.844.957
0.306458;0.095768;9.816.227
0.316035;0.095768;9.825.804
0.325611;0.105345;9.911.995
0.296881;0.095768;9.950.302
0.325611;0.114922;9.998.186
0.335188;0.076614;10.122.684
0.325611;0.076614;10.141.838
0.335188;0.095768;10.113.108
0.335188;0.086191;10.084.377
0.306458;0.095768;9.998.186
0.316035;0.086191;9.911.995
0.296881;0.086191;9.864.111
0.306458;0.086191;9.806.650
0.325611;0.076614;9.825.804
0.316035;0.134075;9.902.418
0.316035;0.134075;9.902.418
0.306458;0.105345;10.055.647
0.306458;0.095768;10.093.954
0.325611;0.086191;10.103.531
0.335188;0.095768;10.103.531
0.306458;0.076614;10.055.647
0.316035;0.095768;10.046.070
0.325611;0.095768;9.892.841
0.316035;0.086191;9.864.111
0.306458;0.105345;9.825.804
0.316035;0.086191;9.825.804
0.335188;0.095768;9.873.688
0.335188;0.095768;9.940.725
0.306458;0.105345;9.988.609
0.316035;0.105345;10.084.377
0.325611;0.095768;10.103.531
0.296881;0.105345;10.084.377
0.325611;0.095768;10.132.261
0.325611;0.095768;9.969.456
0.287304;0.105345;9.940.725
0.306458;0.095768;9.892.841
0.306458;0.114922;9.825.804
0.325611;0.076614;9.825.804
0.316035;0.124498;9.844.957
0.306458;0.095768;9.969.456
0.316035;0.086191;10.026.917
0.335188;0.086191;10.074.800
0.335188;0.095768;10.093.954
0.335188;0.114922;10.103.531
0.325611;0.086191;10.084.377
0.325611;0.124498;10.036.493
0.306458;0.105345;9.911.995
0.325611;0.124498;9.873.688
0.316035;0.095768;9.825.804
0.316035;0.095768;9.835.381
0.325611;0.114922;9.892.841
0.316035;0.095768;9.950.302
0.316035;0.086191;9.979.033
0.287304;0.105345;10.084.377
0.316035;0.105345;10.132.261
0.325611;0.095768;10.132.261
0.325611;0.105345;10.046.070
0.325611;0.105345;9.979.033
0.296881;0.114922;9.940.725
0.316035;0.076614;9.854.534
0.287304;0.105345;9.825.804
0.316035;0.105345;9.816.227
0.316035;0.076614;9.854.534
0.325611;0.105345;9.940.725
0.316035;0.086191;10.007.763
0.316035;0.086191;10.046.070
0.316035;0.105345;10.132.261
0.306458;0.105345;10.113.108
0.325611;0.124498;10.065.224
0.316035;0.095768;9.969.456
0.316035;0.114922;9.921.572
0.296881;0.086191;9.835.381
0.306458;0.095768;9.816.227
0.306458;0.105345;9.816.227
0.316035;0.095768;9.873.688
0.306458;0.114922;9.940.725
0.316035;0.105345;9.988.609
0.296881;0.086191;10.046.070
0.335188;0.105345;10.113.108
0.316035;0.095768;10.122.684
0.296881;0.076614;10.065.224
0.316035;0.105345;9.998.186
0.306458;0.105345;9.979.033
0.316035;0.086191;9.835.381
0.316035;0.095768;9.825.804
0.306458;0.095768;9.844.957
0.316035;0.086191;9.892.841
0.316035;0.067038;9.950.302
0.316035;0.086191;9.998.186
0.306458;0.105345;10.065.224
0.296881;0.067038;10.103.531
0.306458;0.086191;10.132.261
0.306458;0.076614;10.103.531
0.316035;0.114922;10.017.340
0.316035;0.095768;9.921.572
0.316035;0.105345;9.873.688
0.316035;0.086191;9.844.957
0.325611;0.105345;9.864.111
0.296881;0.105345;9.864.111
0.306458;0.086191;9.931.149
0.325611;0.076614;10.007.763
0.316035;0.086191;10.074.800
0.296881;0.086191;10.093.954
0.296881;0.114922;10.103.531
0.316035;0.095768;10.084.377
0.306458;0.095768;10.007.763
0.316035;0.124498;9.969.456
0.306458;0.105345;9.873.688
0.306458;0.086191;9.835.381
0.296881;0.105345;9.873.688
0.316035;0.086191;9.931.149
0.316035;0.095768;9.988.609
0.325611;0.105345;10.055.647
0.296881;0.114922;10.122.684
0.316035;0.095768;10.113.108
0.316035;0.114922;10.084.377
0.325611;0.095768;9.998.186
0.306458;0.086191;9.950.302
0.306458;0.114922;9.864.111
0.306458;0.124498;9.816.227
0.316035;0.095768;9.816.227
0.306458;0.105345;9.835.381
0.306458;0.095768;9.883.265
0.316035;0.114922;9.998.186
0.316035;0.095768;10.074.800
0.316035;0.095768;10.113.108
0.344765;0.095768;10.122.684
0.316035;0.095768;10.074.800
0.316035;0.095768;10.036.493
0.316035;0.105345;9.921.572
0.316035;0.105345;9.873.688
0.306458;0.095768;9.835.381
0.306458;0.076614;9.806.650
0.316035;0.095768;9.854.534
0.325611;0.095768;9.950.302
0.287304;0.105345;10.007.763
0.325611;0.105345;10.093.954
0.316035;0.086191;10.122.684
0.316035;0.124498;10.093.954
0.296881;0.076614;10.093.954
0.306458;0.095768;10.017.340
0.316035;0.095768;9.950.302
0.316035;0.124498;9.921.572
0.296881;0.105345;9.825.804
0.316035;0.076614;9.806.650
0.325611;0.095768;9.854.534
0.316035;0.086191;9.931.149
0.316035;0.105345;10.026.917
0.325611;0.105345;10.036.493
0.316035;0.095768;10.132.261
0.335188;0.105345;10.113.108
0.316035;0.086191;10.074.800
0.296881;0.086191;10.026.917
0.306458;0.086191;9.931.149
0.325611;0.086191;9.873.688
0.306458;0.086191;9.844.957
0.316035;0.086191;9.854.534
0.316035;0.076614;9.873.688
0.325611;0.124498;9.892.841
0.325611;0.095768;9.969.456
0.316035;0.124498;10.084.377
0.306458;0.124498;10.113.108
0.306458;0.105345;10.103.531
0.316035;0.105345;10.093.954
0.296881;0.105345;10.017.340
0.335188;0.105345;9.950.302
0.316035;0.114922;9.902.418
0.287304;0.095768;9.854.534
0.296881;0.057461;9.825.804
0.306458;0.086191;9.854.534
0.325611;0.105345;9.940.725
0.287304;0.095768;10.007.763
0.287304;0.105345;10.055.647
0.306458;0.086191;10.122.684
0.316035;0.095768;10.132.261
0.316035;0.114922;10.084.377
0.316035;0.114922;10.074.800
0.325611;0.086191;9.950.302
0.306458;0.086191;9.892.841
0.296881;0.076614;9.835.381
0.316035;0.105345;9.844.957
0.316035;0.105345;9.864.111
0.296881;0.105345;9.892.841
0.316035;0.105345;10.026.917
0.296881;0.105345;10.093.954
0.306458;0.086191;10.122.684
0.325611;0.086191;10.122.684
0.316035;0.086191;10.055.647
0.306458;0.076614;10.017.340
0.325611;0.086191;9.988.609
0.316035;0.095768;9.854.534
0.316035;0.095768;9.816.227
0.306458;0.086191;9.825.804
0.306458;0.095768;9.825.804
0.306458;0.105345;9.921.572
0.325611;0.095768;9.979.033
0.306458;0.114922;10.036.493
0.306458;0.095768;10.103.531
0.316035;0.095768;10.103.531
0.325611;0.095768;10.084.377
0.325611;0.095768;9.988.609
0.325611;0.086191;9.940.725
0.287304;0.076614;9.892.841
0.296881;0.086191;9.844.957
0.306458;0.124498;9.864.111
0.325611;0.114922;9.835.381
0.325611;0.134075;9.911.995
0.306458;0.095768;9.998.186
0.306458;0.095768;10.084.377
0.325611;0.095768;10.084.377
0.325611;0.095768;10.113.108
0.306458;0.076614;10.093.954
0.306458;0.076614;10.046.070
0.316035;0.095768;9.969.456
0.306458;0.114922;9.883.265
0.306458;0.076614;9.844.957
0.306458;0.086191;9.835.381
0.296881;0.086191;9.883.265
0.316035;0.076614;9.931.149
0.306458;0.114922;9.988.609
0.316035;0.095768;10.046.070
0.335188;0.095768;10.103.531
0.316035;0.114922;10.132.261
0.316035;0.114922;10.093.954
0.316035;0.105345;9.998.186
0.296881;0.105345;9.959.879
0.316035;0.057461;9.883.265
0.306458;0.114922;9.864.111
0.296881;0.095768;9.797.073
0.306458;0.114922;9.854.534
0.316035;0.105345;9.873.688
0.325611;0.086191;9.988.609
0.325611;0.076614;10.036.493
0.335188;0.095768;10.074.800
0.316035;0.086191;10.122.684
0.325611;0.095768;10.074.800
0.296881;0.095768;10.026.917
0.306458;0.105345;9.988.609
0.287304;0.076614;9.854.534
0.287304;0.086191;9.844.957
0.316035;0.086191;9.835.381
0.316035;0.086191;9.883.265
0.316035;0.076614;9.892.841
0.325611;0.067038;9.940.725
0.325611;0.124498;10.074.800
0.306458;0.114922;10.113.108
0.325611;0.076614;10.113.108
0.316035;0.086191;10.093.954
0.325611;0.105345;10.026.917
0.287304;0.105345;9.959.879
0.316035;0.105345;9.911.995
0.306458;0.067038;9.816.227
0.296881;0.076614;9.825.804
0.306458;0.086191;9.844.957
0.316035;0.086191;9.873.688
0.325611;0.095768;9.998.186
0.316035;0.095768;10.017.340
0.306458;0.114922;10.065.224
0.316035;0.095768;10.122.684
0.306458;0.105345;10.065.224
0.316035;0.095768;10.046.070
0.335188;0.105345;9.931.149
0.287304;0.105345;9.883.265
0.296881;0.095768;9.854.534
0.296881;0.086191;9.844.957
0.296881;0.095768;9.883.265
0.325611;0.095768;9.892.841
0.316035;0.086191;9.950.302
0.335188;0.086191;10.065.224
0.316035;0.095768;10.093.954
0.316035;0.095768;10.113.108
0.316035;0.114922;10.065.224
0.335188;0.095768;10.036.493
0.325611;0.105345;9.931.149
0.325611;0.095768;9.921.572
0.316035;0.095768;9.854.534
0.316035;0.086191;9.835.381
0.287304;0.095768;9.825.804
0.306458;0.105345;9.902.418
0.316035;0.105345;9.979.033
0.325611;0.086191;10.017.340
0.306458;0.086191;10.084.377
0.316035;0.105345;10.084.377
0.316035;0.095768;10.103.531
0.316035;0.105345;10.036.493
0.306458;0.095768;9.950.302
0.287304;0.086191;9.902.418
0.306458;0.105345;9.864.111
0.306458;0.095768;9.825.804
0.306458;0.086191;9.835.381
0.316035;0.095768;9.873.688
0.316035;0.095768;9.959.879
0.316035;0.076614;10.074.800
0.316035;0.134075;10.103.531
0.296881;0.105345;10.113.108
0.335188;0.114922;10.093.954
0.316035;0.076614;10.046.070
0.316035;0.105345;9.979.033
0.325611;0.076614;9.931.149
0.316035;0.086191;9.873.688
0.296881;0.095768;9.835.381
0.316035;0.105345;9.844.957
0.306458;0.095768;9.892.841
0.316035;0.076614;9.959.879
0.316035;0.086191;10.017.340
0.325611;0.105345;10.103.531
0.306458;0.105345;10.113.108
0.306458;0.076614;10.103.531
0.296881;0.095768;10.084.377
0.335188;0.076614;9.969.456
0.325611;0.095768;9.892.841
0.316035;0.114922;9.883.265
0.306458;0.105345;9.816.227
0.306458;0.105345;9.844.957
0.296881;0.086191;9.979.033
0.296881;0.095768;10.036.493
0.306458;0.114922;10.084.377
0.316035;0.095768;10.132.261
0.306458;0.105345;10.103.531
0.306458;0.114922;10.036.493
0.316035;0.114922;10.007.763
0.306458;0.076614;9.864.111
0.325611;0.105345;9.835.381
0.296881;0.105345;9.806.650
0.306458;0.095768;9.854.534
0.306458;0.095768;9.911.995
0.316035;0.095768;9.979.033
0.316035;0.124498;9.988.609
0.316035;0.086191;10.103.531
0.325611;0.086191;10.113.108
0.325611;0.105345;10.113.108
0.316035;0.114922;10.026.917
0.325611;0.114922;9.950.302
0.306458;0.095768;9.921.572
0.316035;0.105345;9.844.957
0.325611;0.114922;9.835.381
0.296881;0.105345;9.844.957
0.325611;0.076614;9.854.534
0.306458;0.095768;9.998.186
0.296881;0.124498;10.026.917
0.306458;0.095768;10.065.224
0.325611;0.086191;10.113.108
0.316035;0.105345;10.084.377
0.306458;0.114922;10.036.493
0.325611;0.105345;10.017.340
0.325611;0.095768;9.892.841
0.296881;0.086191;9.825.804
0.296881;0.105345;9.825.804
0.287304;0.086191;9.854.534
0.296881;0.095768;9.911.995
0.316035;0.076614;9.931.149
0.316035;0.105345;9.969.456
0.316035;0.105345;10.084.377
0.316035;0.086191;10.093.954
0.325611;0.086191;10.103.531
0.306458;0.105345;10.036.493
0.316035;0.114922;9.998.186
0.316035;0.114922;9.921.572
0.296881;0.095768;9.844.957
0.296881;0.086191;9.835.381
0.306458;0.105345;9.835.381
0.316035;0.095768;9.873.688
0.325611;0.095768;9.979.033
0.287304;0.105345;9.998.186
0.335188;0.076614;10.055.647
0.306458;0.095768;10.103.531
0.316035;0.086191;10.093.954
0.335188;0.105345;10.055.647
0.296881;0.105345;9.950.302
0.316035;0.086191;9.892.841
0.306458;0.095768;9.844.957
0.325611;0.086191;9.844.957
0.306458;0.095768;9.854.534
0.296881;0.105345;9.911.995
0.306458;0.095768;9.931.149
0.306458;0.086191;10.036.493
0.325611;0.076614;10.084.377
0.306458;0.095768;10.103.531
0.325611;0.114922;10.103.531
0.306458;0.067038;10.036.493
0.325611;0.095768;9.969.456
0.325611;0.105345;9.931.149
0.306458;0.105345;9.873.688
0.316035;0.105345;9.844.957
0.316035;0.095768;9.835.381
0.296881;0.095768;9.883.265
0.335188;0.105345;9.950.302
0.296881;0.086191;9.998.186
0.316035;0.095768;10.065.224
0.316035;0.086191;10.093.954
0.335188;0.095768;10.103.531
0.296881;0.124498;10.065.224
0.316035;0.095768;9.950.302
0.344765;0.114922;9.911.995
0.325611;0.105345;9.873.688
0.325611;0.105345;9.835.381
0.325611;0.086191;9.854.534
0.316035;0.124498;9.883.265
0.316035;0.105345;9.902.418
0.296881;0.114922;10.036.493
0.316035;0.114922;10.055.647
0.335188;0.105345;10.113.108
0.296881;0.105345;10.113.108
0.296881;0.095768;10.055.647
0.325611;0.105345;9.998.186
0.306458;0.105345;9.950.302
0.296881;0.086191;9.883.265
0.287304;0.095768;9.844.957
0.316035;0.086191;9.825.804
0.316035;0.067038;9.911.995
0.306458;0.076614;9.959.879
0.306458;0.086191;10.007.763
0.316035;0.114922;10.122.684
0.306458;0.095768;10.113.108
0.306458;0.095768;10.084.377
0.296881;0.076614;10.074.800
0.316035;0.114922;9.988.609
0.316035;0.095768;9.921.572
0.316035;0.076614;9.873.688
0.296881;0.086191;9.854.534
0.306458;0.095768;9.854.534
0.296881;0.076614;9.873.688
0.335188;0.105345;9.969.456
0.306458;0.105345;10.026.917
0.316035;0.105345;10.074.800
0.316035;0.134075;10.103.531
0.335188;0.095768;10.093.954
0.325611;0.105345;10.017.340
0.325611;0.114922;9.988.609
0.296881;0.105345;9.902.418
0.316035;0.114922;9.854.534
0.296881;0.095768;9.835.381
0.335188;0.105345;9.825.804
0.306458;0.105345;9.892.841
0.316035;0.105345;9.950.302
0.325611;0.076614;9.988.609
0.316035;0.124498;10.084.377
0.316035;0.086191;10.122.684
0.296881;0.105345;10.084.377
0.335188;0.105345;10.017.340
0.306458;0.105345;9.988.609
0.316035;0.086191;9.921.572
0.306458;0.095768;9.892.841
0.316035;0.105345;9.825.804
0.316035;0.095768;9.844.957
0.325611;0.095768;9.864.111
0.335188;0.095768;9.979.033
0.325611;0.105345;10.026.917
0.306458;0.076614;10.084.377
0.316035;0.105345;10.074.800
0.306458;0.114922;10.103.531
0.316035;0.114922;10.065.224
0.316035;0.086191;10.026.917
0.316035;0.086191;9.911.995
0.306458;0.095768;9.873.688
0.306458;0.105345;9.854.534
0.306458;0.105345;9.864.111
0.306458;0.095768;9.892.841
0.335188;0.105345;9.940.725
0.306458;0.105345;9.969.456
0.296881;0.095768;10.065.224
0.306458;0.105345;10.093.954
0.325611;0.086191;10.103.531
0.306458;0.086191;10.007.763
0.316035;0.095768;10.026.917
0.296881;0.124498;9.950.302
0.287304;0.095768;9.854.534
0.306458;0.086191;9.844.957
0.316035;0.105345;9.835.381
0.316035;0.105345;9.931.149
0.306458;0.095768;9.950.302
0.316035;0.095768;9.988.609
0.306458;0.105345;10.093.954
0.306458;0.105345;10.103.531
0.316035;0.105345;10.065.224
0.296881;0.086191;9.959.879
0.325611;0.105345;9.950.302
0.306458;0.105345;9.873.688
0.306458;0.095768;9.844.957
0.316035;0.086191;9.883.265
0.316035;0.086191;9.931.149
0.316035;0.095768;10.046.070
0.344765;0.105345;10.065.224
0.325611;0.086191;10.093.954
0.316035;0.114922;10.122.684
0.316035;0.105345;10.017.340
0.306458;0.095768;10.007.763
0.325611;0.105345;9.931.149
0.316035;0.105345;9.854.534
0.325611;0.086191;9.854.534
0.325611;0.086191;9.844.957
0.316035;0.095768;9.892.841
0.316035;0.095768;9.950.302
0.296881;0.114922;10.007.763
0.316035;0.086191;10.036.493
0.306458;0.105345;10.103.531
0.316035;0.095768;10.084.377
0.306458;0.095768;10.074.800
0.316035;0.095768;9.969.456
0.316035;0.095768;9.921.572
0.306458;0.086191;9.902.418
0.296881;0.095768;9.873.688
0.296881;0.095768;9.844.957
0.316035;0.095768;9.873.688
0.306458;0.114922;9.921.572
0.306458;0.095768;9.988.609
0.335188;0.086191;10.055.647
0.344765;0.105345;10.113.108
0.316035;0.114922;10.093.954
0.335188;0.114922;10.065.224
0.325611;0.086191;10.007.763
0.306458;0.086191;9.988.609
0.316035;0.086191;9.873.688
0.316035;0.095768;9.825.804
0.306458;0.124498;9.854.534
0.316035;0.105345;9.902.418
0.316035;0.067038;9.931.149
0.325611;0.105345;9.979.033
0.316035;0.076614;10.065.224
0.306458;0.105345;10.093.954
0.325611;0.105345;10.113.108
0.316035;0.105345;10.065.224
0.316035;0.086191;9.998.186
0.316035;0.105345;9.969.456
0.316035;0.095768;9.883.265
0.296881;0.095768;9.835.381
0.316035;0.095768;9.825.804
0.306458;0.114922;9.864.111
0.296881;0.095768;9.902.418
0.287304;0.086191;10.017.340
0.325611;0.105345;10.065.224
0.306458;0.095768;10.084.377
0.316035;0.124498;10.103.531
0.316035;0.105345;10.074.800
0.316035;0.105345;10.017.340
0.306458;0.076614;9.931.149
0.296881;0.076614;9.864.111
0.316035;0.105345;9.854.534
0.296881;0.095768;9.835.381
0.306458;0.105345;9.902.418
0.306458;0.105345;9.911.995
0.306458;0.095768;9.969.456
0.344765;0.086191;10.113.108
0.325611;0.086191;10.065.224
0.296881;0.105345;10.132.261
0.316035;0.086191;10.065.224
0.325611;0.105345;9.988.609
0.316035;0.095768;9.969.456
0.316035;0.095768;9.902.418
0.306458;0.105345;9.844.957
0.316035;0.095768;9.864.111
0.325611;0.095768;9.959.879
0.316035;0.095768;10.017.340
0.306458;0.105345;10.046.070
0.325611;0.105345;10.093.954
0.306458;0.114922;10.055.647
0.325611;0.124498;10.074.800
0.306458;0.105345;10.036.493
0.325611;0.095768;9.931.149
0.316035;0.095768;9.873.688
0.306458;0.095768;9.844.957
0.316035;0.086191;9.854.534
0.325611;0.076614;9.892.841
0.316035;0.105345;9.892.841
0.335188;0.105345;9.998.186
0.316035;0.095768;10.026.917
0.316035;0.095768;10.084.377
0.335188;0.095768;10.093.954
0.306458;0.086191;10.074.800
0.296881;0.095768;10.007.763
0.325611;0.076614;9.931.149
0.316035;0.086191;9.864.111
0.316035;0.095768;9.854.534
0.306458;0.105345;9.835.381
0.316035;0.105345;9.883.265
0.316035;0.095768;9.950.302
0.306458;0.105345;9.998.186
0.325611;0.086191;10.065.224
0.335188;0.095768;10.113.108
0.316035;0.095768;10.084.377
0.335188;0.095768;10.074.800
0.306458;0.105345;9.921.572
0.316035;0.086191;9.902.418
0.325611;0.124498;9.892.841
0.316035;0.095768;9.864.111
0.296881;0.105345;9.864.111
0.306458;0.095768;9.911.995
0.325611;0.105345;10.017.340
0.316035;0.076614;10.046.070
0.325611;0.105345;10.093.954
0.325611;0.095768;10.103.531
0.335188;0.086191;10.046.070
0.316035;0.086191;10.017.340
0.316035;0.086191;9.950.302
0.316035;0.086191;9.864.111
0.306458;0.086191;9.854.534
0.296881;0.095768;9.844.957
0.316035;0.095768;9.844.957
0.316035;0.105345;9.959.879
0.306458;0.095768;10.007.763
0.306458;0.095768;10.084.377
0.306458;0.105345;10.093.954
0.306458;0.105345;10.074.800
0.306458;0.095768;9.988.609
0.306458;0.105345;9.950.302
0.306458;0.086191;9.873.688
0.306458;0.095768;9.835.381
0.306458;0.095768;9.873.688
0.325611;0.114922;9.883.265
0.306458;0.105345;10.046.070
0.325611;0.086191;10.046.070
0.325611;0.105345;10.074.800
0.316035;0.095768;10.084.377
0.306458;0.124498;10.084.377
0.316035;0.095768;10.017.340
0.316035;0.067038;9.950.302
0.316035;0.105345;9.892.841
0.296881;0.086191;9.864.111
0.325611;0.086191;9.854.534
0.316035;0.114922;9.883.265
0.306458;0.086191;9.902.418
0.316035;0.114922;9.969.456
0.306458;0.114922;10.026.917
0.316035;0.105345;10.046.070
0.316035;0.105345;10.103.531
0.306458;0.105345;10.055.647
0.335188;0.086191;10.017.340
0.325611;0.095768;9.931.149
0.296881;0.086191;9.911.995
0.316035;0.095768;9.835.381
0.316035;0.086191;9.825.804
0.316035;0.105345;9.864.111
0.316035;0.086191;9.921.572
0.306458;0.105345;10.017.340
0.325611;0.105345;10.046.070
0.335188;0.114922;10.103.531
0.325611;0.114922;10.103.531
0.316035;0.114922;10.036.493
0.306458;0.124498;10.046.070
0.296881;0.095768;9.911.995
0.306458;0.105345;9.844.957
0.316035;0.076614;9.873.688
0.306458;0.105345;9.921.572
0.325611;0.095768;9.988.609
0.306458;0.076614;10.065.224
0.325611;0.067038;10.103.531
0.325611;0.095768;10.093.954
0.296881;0.086191;10.093.954
0.296881;0.105345;9.998.186
0.335188;0.086191;9.950.302
0.325611;0.095768;9.892.841
0.296881;0.095768;9.854.534
0.325611;0.095768;9.854.534
0.296881;0.105345;9.873.688
0.296881;0.114922;9.931.149
0.306458;0.086191;9.959.879
0.316035;0.095768;10.036.493
0.316035;0.076614;10.074.800
0.325611;0.105345;10.074.800
0.316035;0.124498;10.074.800
0.316035;0.076614;10.046.070
0.335188;0.076614;9.950.302
0.296881;0.095768;9.892.841
0.296881;0.105345;9.883.265
0.316035;0.095768;9.844.957
0.316035;0.105345;9.864.111
0.316035;0.134075;9.911.995
0.325611;0.095768;9.950.302
0.296881;0.105345;10.065.224
0.325611;0.086191;10.055.647
0.316035;0.095768;10.103.531
0.316035;0.067038;10.046.070
0.316035;0.105345;10.026.917
0.316035;0.105345;9.979.033
0.296881;0.105345;9.950.302
0.316035;0.076614;9.873.688
0.306458;0.105345;9.844.957
0.316035;0.105345;9.864.111
0.306458;0.105345;9.959.879
0.316035;0.086191;9.969.456
0.306458;0.105345;10.036.493
0.335188;0.086191;10.113.108
0.306458;0.086191;10.103.531
0.335188;0.095768;10.074.800
0.316035;0.105345;9.979.033
0.296881;0.095768;9.940.725
0.325611;0.114922;9.892.841
0.325611;0.086191;9.873.688
0.296881;0.105345;9.844.957
0.306458;0.105345;9.883.265
0.316035;0.086191;9.921.572
0.277727;0.095768;9.959.879
0.335188;0.095768;10.065.224
0.325611;0.076614;10.074.800
0.325611;0.095768;10.074.800
0.306458;0.105345;10.036.493
0.325611;0.095768;10.026.917
0.325611;0.086191;9.988.609
0.325611;0.105345;9.864.111
0.316035;0.095768;9.873.688
0.316035;0.086191;9.816.227
0.316035;0.114922;9.816.227
0.316035;0.105345;9.931.149
0.335188;0.086191;10.007.763
0.316035;0.105345;10.007.763
0.306458;0.095768;10.093.954
0.316035;0.086191;10.093.954
0.316035;0.114922;10.065.224
0.306458;0.095768;10.055.647
0.306458;0.095768;9.931.149
0.325611;0.086191;9.902.418
0.325611;0.076614;9.902.418
0.306458;0.105345;9.816.227
0.296881;0.086191;9.873.688
0.316035;0.095768;9.911.995
0.325611;0.105345;10.007.763
0.296881;0.095768;10.026.917
0.306458;0.095768;10.074.800
0.335188;0.114922;10.093.954
0.306458;0.095768;10.055.647
0.306458;0.105345;10.036.493
0.325611;0.086191;9.969.456
0.306458;0.095768;9.883.265
0.316035;0.095768;9.854.534
0.325611;0.105345;9.854.534
0.316035;0.105345;9.883.265
0.296881;0.076614;9.911.995
0.296881;0.095768;9.959.879
0.325611;0.114922;10.026.917
0.316035;0.086191;10.084.377
0.306458;0.095768;10.132.261
0.316035;0.095768;10.093.954
0.316035;0.076614;9.998.186
0.316035;0.095768;9.950.302
0.325611;0.114922;9.921.572
0.306458;0.105345;9.844.957
0.306458;0.086191;9.844.957
0.325611;0.086191;9.844.957
0.306458;0.095768;9.883.265
0.316035;0.095768;9.979.033
0.325611;0.095768;10.036.493
0.316035;0.095768;10.084.377
0.335188;0.105345;10.093.954
0.316035;0.114922;10.113.108
0.306458;0.095768;10.026.917
0.296881;0.095768;9.998.186
0.316035;0.114922;9.892.841
0.306458;0.114922;9.873.688
0.306458;0.124498;9.873.688
0.296881;0.095768;9.835.381
0.296881;0.095768;9.911.995
0.306458;0.086191;9.940.725
0.316035;0.095768;10.036.493
0.316035;0.095768;10.084.377
0.316035;0.076614;10.084.377
0.316035;0.105345;10.074.800
0.287304;0.105345;10.036.493
0.306458;0.076614;9.979.033
0.306458;0.095768;9.921.572
0.306458;0.086191;9.844.957
0.325611;0.095768;9.825.804
0.306458;0.105345;9.883.265
0.325611;0.095768;9.911.995
0.325611;0.105345;9.950.302
0.316035;0.105345;10.007.763
0.306458;0.114922;10.065.224
0.325611;0.095768;10.103.531
0.316035;0.105345;10.103.531
0.325611;0.114922;10.036.493
0.296881;0.095768;9.950.302
0.296881;0.105345;9.911.995
0.287304;0.105345;9.864.111
0.316035;0.105345;9.825.804
0.335188;0.095768;9.883.265
0.325611;0.086191;9.902.418
0.306458;0.114922;9.950.302
0.316035;0.105345;10.046.070
0.325611;0.105345;10.055.647
0.306458;0.105345;10.113.108
0.325611;0.114922;10.093.954
0.296881;0.086191;10.017.340
0.287304;0.095768;9.969.456
0.316035;0.095768;9.931.149
0.316035;0.086191;9.854.534
0.306458;0.105345;9.854.534
0.316035;0.105345;9.864.111
0.306458;0.095768;9.940.725
0.335188;0.095768;9.988.609
0.316035;0.105345;9.998.186
0.325611;0.086191;10.065.224
0.306458;0.095768;10.103.531
0.306458;0.114922;10.093.954
0.335188;0.095768;10.065.224
0.316035;0.095768;9.959.879
0.287304;0.105345;9.921.572
0.306458;0.095768;9.883.265
0.296881;0.086191;9.844.957
0.306458;0.086191;9.883.265
0.296881;0.086191;9.892.841
0.325611;0.086191;9.950.302
0.316035;0.105345;10.074.800
0.325611;0.105345;10.074.800
0.335188;0.095768;10.122.684
0.316035;0.095768;10.084.377
0.316035;0.105345;10.036.493
0.316035;0.095768;9.988.609
0.316035;0.095768;9.940.725
0.306458;0.086191;9.864.111
0.306458;0.095768;9.854.534
0.316035;0.105345;9.844.957
0.316035;0.086191;9.911.995
0.325611;0.114922;9.940.725
0.296881;0.105345;10.007.763
0.306458;0.095768;10.074.800
0.335188;0.095768;10.084.377
0.316035;0.095768;10.084.377
0.325611;0.076614;10.055.647
0.306458;0.086191;9.959.879
0.296881;0.095768;9.921.572
0.306458;0.095768;9.864.111
0.325611;0.095768;9.825.804
0.316035;0.105345;9.864.111
0.316035;0.095768;9.883.265
0.316035;0.095768;9.940.725
0.316035;0.095768;9.998.186
0.306458;0.114922;10.103.531
0.316035;0.095768;10.093.954
0.325611;0.095768;10.055.647
0.335188;0.076614;9.998.186
0.325611;0.086191;9.979.033
0.316035;0.057461;9.883.265
0.316035;0.095768;9.873.688
0.316035;0.114922;9.844.957
0.306458;0.095768;9.902.418
0.325611;0.095768;9.969.456
0.335188;0.086191;9.959.879
0.316035;0.086191;10.074.800
0.325611;0.095768;10.065.224
0.325611;0.114922;10.103.531
0.325611;0.095768;10.026.917
0.306458;0.086191;9.988.609
0.316035;0.095768;9.921.572
0.316035;0.114922;9.902.418
0.306458;0.105345;9.835.381
0.316035;0.086191;9.864.111
0.306458;0.105345;9.902.418
0.287304;0.067038;9.950.302
0.325611;0.095768;10.007.763
0.316035;0.095768;10.036.493
0.316035;0.124498;10.074.800
0.325611;0.114922;10.084.377
0.306458;0.095768;10.065.224
0.325611;0.105345;10.007.763
0.287304;0.114922;9.921.572
0.306458;0.095768;9.835.381
0.316035;0.076614;9.854.534
0.316035;0.114922;9.864.111
0.306458;0.105345;9.921.572
0.316035;0.095768;9.950.302
0.306458;0.105345;9.979.033
0.316035;0.095768;10.074.800
0.325611;0.095768;10.074.800
0.335188;0.086191;10.093.954
0.306458;0.086191;10.026.917
0.306458;0.114922;9.959.879
0.316035;0.114922;9.950.302
0.306458;0.095768;9.873.688
0.306458;0.095768;9.864.111
0.287304;0.076614;9.844.957
0.306458;0.086191;9.883.265
0.316035;0.114922;9.950.302
0.325611;0.076614;10.007.763
0.316035;0.095768;10.026.917
0.325611;0.095768;10.074.800
0.296881;0.105345;10.084.377
0.296881;0.114922;10.065.224
0.306458;0.105345;10.017.340
0.306458;0.114922;9.921.572
0.306458;0.086191;9.892.841
0.316035;0.095768;9.844.957
0.316035;0.095768;9.864.111
0.316035;0.095768;9.902.418
0.296881;0.114922;9.931.149
0.325611;0.114922;10.026.917
0.296881;0.114922;10.065.224
0.316035;0.095768;10.074.800
0.325611;0.095768;10.084.377
0.306458;0.086191;10.017.340
0.335188;0.114922;9.998.186
0.296881;0.105345;9.931.149
0.296881;0.095768;9.844.957
0.316035;0.114922;9.864.111
0.325611;0.086191;9.844.957
0.296881;0.124498;9.911.995
0.325611;0.086191;9.979.033
0.335188;0.095768;10.017.340
0.306458;0.076614;10.026.917
0.306458;0.076614;10.113.108
0.325611;0.076614;10.074.800
0.316035;0.105345;10.074.800
0.306458;0.095768;9.959.879
0.306458;0.086191;9.921.572
0.296881;0.095768;9.873.688
0.316035;0.095768;9.844.957
0.316035;0.095768;9.864.111
0.316035;0.114922;9.883.265
0.316035;0.086191;9.940.725
0.325611;0.095768;10.026.917
0.325611;0.105345;10.026.917
0.306458;0.114922;10.132.261
0.325611;0.105345;10.065.224
0.325611;0.086191;10.065.224
0.316035;0.086191;10.007.763
0.316035;0.086191;9.979.033
0.306458;0.105345;9.864.111
0.316035;0.086191;9.844.957
0.316035;0.114922;9.864.111
0.306458;0.076614;9.921.572
0.296881;0.114922;9.979.033
0.316035;0.114922;9.988.609
0.325611;0.114922;10.065.224
0.325611;0.124498;10.084.377
0.316035;0.095768;10.065.224
0.335188;0.095768;10.074.800
0.306458;0.105345;9.979.033
0.296881;0.095768;9.931.149
0.306458;0.095768;9.883.265
0.296881;0.105345;9.844.957
0.316035;0.105345;9.864.111
0.325611;0.095768;9.892.841
0.306458;0.105345;9.979.033
0.306458;0.114922;10.017.340
0.316035;0.095768;10.065.224
0.316035;0.095768;10.084.377
0.316035;0.105345;10.065.224
0.316035;0.076614;10.093.954
0.316035;0.095768;9.998.186
0.296881;0.105345;9.931.149
0.287304;0.124498;9.902.418
0.306458;0.095768;9.854.534
0.306458;0.086191;9.854.534
0.316035;0.114922;9.892.841
0.306458;0.095768;9.969.456
0.325611;0.086191;9.988.609
0.316035;0.105345;10.103.531
0.316035;0.105345;10.113.108
0.325611;0.114922;10.074.800
0.306458;0.086191;10.065.224
0.316035;0.114922;9.979.033
0.316035;0.114922;9.959.879
0.325611;0.086191;9.892.841
0.316035;0.114922;9.854.534
0.306458;0.095768;9.844.957
0.306458;0.086191;9.864.111
0.316035;0.105345;9.950.302
0.306458;0.105345;10.026.917
0.316035;0.105345;10.036.493
0.316035;0.105345;10.074.800
0.316035;0.076614;10.084.377
0.325611;0.086191;10.036.493
0.306458;0.105345;10.026.917
0.306458;0.086191;9.931.149
0.316035;0.095768;9.892.841
0.306458;0.095768;9.844.957
0.306458;0.076614;9.854.534
0.296881;0.105345;9.873.688
0.306458;0.105345;9.931.149
0.287304;0.086191;9.950.302
0.296881;0.095768;10.065.224
0.325611;0.114922;10.065.224
0.306458;0.095768;10.074.800
0.306458;0.076614;10.065.224
0.316035;0.095768;9.998.186
0.306458;0.086191;9.940.725
0.316035;0.086191;9.883.265
0.316035;0.095768;9.825.804
0.306458;0.086191;9.854.534
0.277727;0.105345;9.892.841
0.296881;0.105345;9.959.879
0.316035;0.086191;9.988.609
0.306458;0.105345;10.065.224
0.306458;0.095768;10.103.531
0.306458;0.095768;10.093.954
0.316035;0.134075;10.065.224
0.325611;0.114922;10.026.917
0.325611;0.114922;9.892.841
0.296881;0.124498;9.883.265
0.296881;0.086191;9.844.957
0.316035;0.086191;9.854.534
0.287304;0.095768;9.892.841
0.306458;0.086191;9.911.995
0.296881;0.086191;10.036.493
0.316035;0.086191;10.074.800
0.325611;0.086191;10.074.800
0.316035;0.086191;10.113.108
0.306458;0.086191;10.007.763
0.306458;0.105345;9.998.186
0.306458;0.105345;9.959.879
0.316035;0.095768;9.883.265
0.277727;0.105345;9.864.111
0.306458;0.095768;9.844.957
0.306458;0.124498;9.873.688
0.316035;0.095768;9.931.149
0.316035;0.114922;10.017.340
0.316035;0.095768;10.036.493
0.325611;0.095768;10.093.954
0.296881;0.105345;10.046.070
0.306458;0.095768;10.074.800
0.296881;0.105345;9.998.186
0.306458;0.105345;9.931.149
0.316035;0.086191;9.892.841
0.306458;0.095768;9.883.265
0.316035;0.105345;9.864.111
0.296881;0.105345;9.873.688
0.306458;0.124498;9.911.995
0.306458;0.086191;10.017.340
0.325611;0.105345;10.046.070
0.306458;0.114922;10.084.377
0.316035;0.095768;10.065.224
0.325611;0.095768;10.065.224
0.316035;0.105345;9.998.186
0.306458;0.105345;9.959.879
0.335188;0.114922;9.864.111
0.316035;0.105345;9.864.111
0.287304;0.086191;9.911.995
0.306458;0.076614;9.940.725
0.306458;0.086191;9.988.609
0.296881;0.076614;10.026.917
0.306458;0.105345;10.084.377
0.325611;0.114922;10.093.954
0.335188;0.095768;10.065.224
0.325611;0.105345;9.979.033
0.306458;0.086191;9.950.302
0.306458;0.105345;9.921.572
0.306458;0.124498;9.864.111
0.316035;0.105345;9.873.688
0.325611;0.086191;9.873.688
0.306458;0.095768;9.902.418
0.316035;0.095768;9.988.609
0.306458;0.114922;10.026.917
0.316035;0.086191;10.093.954
0.325611;0.105345;10.084.377
0.306458;0.105345;10.017.340
0.316035;0.114922;9.979.033
0.316035;0.095768;9.940.725
0.306458;0.095768;9.873.688
0.316035;0.105345;9.854.534
0.306458;0.114922;9.854.534
0.316035;0.086191;9.854.534
0.316035;0.105345;9.921.572
0.316035;0.105345;9.979.033
0.306458;0.095768;10.065.224
0.335188;0.105345;10.084.377
0.325611;0.105345;10.074.800
0.296881;0.105345;10.036.493
0.316035;0.105345;9.998.186
0.325611;0.114922;9.959.879
0.306458;0.105345;9.911.995
0.316035;0.076614;9.854.534
0.296881;0.095768;9.844.957
0.306458;0.086191;9.892.841
0.306458;0.105345;9.950.302
0.316035;0.095768;9.988.609
0.306458;0.086191;10.046.070
0.316035;0.105345;10.084.377
0.335188;0.076614;10.074.800
0.316035;0.105345;10.055.647
0.306458;0.105345;10.026.917
0.325611;0.105345;9.921.572
0.296881;0.086191;9.864.111
0.325611;0.105345;9.873.688
0.296881;0.095768;9.844.957
0.296881;0.095768;9.873.688
0.316035;0.086191;9.902.418
0.325611;0.114922;9.969.456
0.316035;0.095768;10.026.917
0.354342;0.105345;10.065.224
0.306458;0.124498;10.074.800
0.316035;0.095768;10.046.070
0.287304;0.086191;10.007.763
0.306458;0.095768;9.940.725
0.325611;0.105345;9.902.418
0.316035;0.095768;9.864.111
0.316035;0.086191;9.854.534
0.306458;0.105345;9.844.957
0.316035;0.076614;9.940.725
0.325611;0.076614;9.969.456
0.325611;0.114922;10.017.340
0.316035;0.086191;10.074.800
0.296881;0.095768;10.093.954
0.316035;0.086191;10.084.377
0.296881;0.105345;10.046.070
0.325611;0.114922;9.931.149
0.316035;0.095768;9.892.841
0.296881;0.076614;9.873.688
0.306458;0.095768;9.844.957
0.306458;0.105345;9.854.534
0.316035;0.105345;9.902.418
0.296881;0.086191;9.969.456
0.316035;0.105345;10.036.493
0.306458;0.086191;10.084.377
0.316035;0.086191;10.065.224
0.325611;0.105345;10.055.647
0.306458;0.095768;9.988.609
0.306458;0.105345;9.988.609
0.316035;0.105345;9.902.418
0.316035;0.105345;9.854.534
0.316035;0.095768;9.864.111
0.316035;0.095768;9.854.534
0.316035;0.114922;9.902.418
0.316035;0.114922;9.969.456
0.306458;0.105345;10.026.917
0.335188;0.095768;10.084.377
0.325611;0.105345;10.084.377
0.306458;0.095768;10.113.108
0.316035;0.114922;9.969.456
0.316035;0.095768;9.931.149
0.335188;0.105345;9.902.418
0.316035;0.076614;9.873.688
0.306458;0.086191;9.844.957
0.316035;0.095768;9.873.688
0.306458;0.095768;9.921.572
0.325611;0.095768;9.998.186
0.325611;0.086191;10.046.070
0.316035;0.105345;10.046.070
0.316035;0.114922;10.074.800
0.316035;0.095768;10.055.647
0.316035;0.086191;10.036.493
0.316035;0.105345;9.988.609
0.296881;0.086191;9.854.534
0.287304;0.095768;9.883.265
0.306458;0.105345;9.854.534
0.296881;0.105345;9.883.265
0.325611;0.114922;9.950.302
0.306458;0.086191;9.988.609
0.325611;0.114922;10.007.763
0.316035;0.114922;10.065.224
0.316035;0.095768;10.074.800
0.306458;0.114922;10.046.070
0.325611;0.114922;10.017.340
0.325611;0.086191;9.950.302
0.306458;0.086191;9.940.725
0.296881;0.105345;9.854.534
0.306458;0.095768;9.864.111
0.316035;0.095768;9.883.265
0.306458;0.095768;9.902.418
0.306458;0.086191;9.998.186
0.335188;0.095768;10.055.647
0.316035;0.086191;10.074.800
0.296881;0.076614;10.084.377
0.287304;0.086191;10.084.377
0.306458;0.114922;10.017.340
0.316035;0.114922;9.998.186
0.296881;0.095768;9.911.995
0.306458;0.086191;9.873.688
0.325611;0.086191;9.844.957
0.287304;0.114922;9.902.418
0.325611;0.095768;9.902.418
0.287304;0.105345;9.988.609
0.316035;0.114922;10.055.647
0.306458;0.086191;10.065.224
0.335188;0.105345;10.084.377
0.316035;0.124498;10.065.224
0.306458;0.105345;9.988.609
0.325611;0.124498;9.988.609
0.316035;0.105345;9.892.841
0.316035;0.095768;9.844.957
0.344765;0.095768;9.844.957
0.306458;0.086191;9.892.841
0.325611;0.105345;9.931.149
0.296881;0.105345;9.979.033
0.335188;0.086191;10.007.763
0.316035;0.105345;10.026.917
0.316035;0.105345;10.093.954
0.325611;0.105345;10.036.493
0.306458;0.124498;10.046.070
0.325611;0.086191;9.940.725
0.316035;0.114922;9.902.418
0.316035;0.086191;9.873.688
0.306458;0.095768;9.864.111
0.306458;0.105345;9.873.688
0.296881;0.114922;9.911.995
0.296881;0.095768;9.950.302
0.325611;0.086191;10.046.070
0.306458;0.124498;10.074.800
0.316035;0.095768;10.065.224
0.325611;0.114922;10.055.647
0.325611;0.086191;10.017.340
0.306458;0.086191;9.979.033
0.306458;0.086191;9.931.149
0.316035;0.095768;9.854.534
0.306458;0.095768;9.854.534
0.316035;0.095768;9.902.418
0.316035;0.067038;9.940.725
0.325611;0.095768;9.969.456
0.306458;0.105345;10.017.340
0.316035;0.105345;10.084.377
0.325611;0.114922;10.074.800
0.316035;0.095768;10.055.647
0.306458;0.124498;10.046.070
0.306458;0.105345;9.940.725
0.296881;0.105345;9.911.995
0.316035;0.105345;9.864.111
0.306458;0.114922;9.864.111
0.325611;0.095768;9.883.265
0.306458;0.086191;9.911.995
0.296881;0.067038;9.959.879
0.316035;0.105345;10.026.917
0.335188;0.105345;10.065.224
0.325611;0.124498;10.065.224
0.316035;0.105345;10.074.800
0.296881;0.105345;10.046.070
0.335188;0.095768;9.988.609
0.316035;0.095768;9.883.265
0.316035;0.105345;9.844.957
0.287304;0.114922;9.864.111
0.306458;0.114922;9.864.111
0.316035;0.086191;9.911.995
0.316035;0.124498;9.979.033
0.316035;0.095768;10.017.340
0.306458;0.124498;10.103.531
0.325611;0.105345;10.084.377
0.306458;0.105345;10.055.647
0.316035;0.114922;10.036.493
0.316035;0.076614;9.959.879
0.306458;0.086191;9.921.572
0.306458;0.105345;9.873.688
0.325611;0.095768;9.864.111
0.296881;0.124498;9.883.265
0.296881;0.095768;9.911.995
0.335188;0.105345;9.998.186
0.316035;0.124498;10.017.340
0.306458;0.105345;10.074.800
0.306458;0.114922;10.074.800
0.325611;0.086191;10.065.224
0.316035;0.124498;10.017.340
0.306458;0.086191;9.988.609
0.287304;0.105345;9.911.995
0.316035;0.105345;9.864.111
0.306458;0.124498;9.864.111
0.296881;0.095768;9.940.725
0.306458;0.067038;9.969.456
0.325611;0.086191;10.017.340
0.306458;0.095768;10.074.800
0.335188;0.105345;10.074.800
0.296881;0.095768;10.046.070
0.316035;0.105345;9.998.186
0.325611;0.114922;9.959.879
0.306458;0.095768;9.921.572
0.296881;0.086191;9.844.957
0.296881;0.105345;9.844.957
0.316035;0.124498;9.854.534
0.296881;0.086191;9.911.995
0.306458;0.105345;9.988.609
0.316035;0.114922;10.026.917
0.335188;0.095768;10.055.647
0.316035;0.095768;10.093.954
0.316035;0.105345;10.084.377
0.316035;0.095768;10.055.647
0.316035;0.095768;9.979.033
0.306458;0.086191;9.921.572
0.277727;0.095768;9.883.265
0.296881;0.105345;9.883.265
0.306458;0.105345;9.873.688
0.316035;0.105345;9.902.418
0.296881;0.105345;9.940.725
0.316035;0.114922;10.007.763
0.316035;0.105345;10.046.070
0.316035;0.105345;10.065.224
0.316035;0.114922;10.065.224
0.306458;0.114922;10.007.763
0.296881;0.086191;9.959.879
0.287304;0.086191;9.959.879
0.306458;0.114922;9.844.957
0.316035;0.095768;9.854.534
0.316035;0.095768;9.892.841
0.306458;0.105345;9.911.995
0.316035;0.124498;9.959.879
0.316035;0.105345;10.036.493
0.335188;0.114922;10.065.224
0.306458;0.095768;10.093.954
0.335188;0.105345;10.065.224
0.325611;0.095768;10.026.917
0.316035;0.095768;9.988.609
0.306458;0.086191;9.931.149
0.316035;0.095768;9.883.265
0.306458;0.086191;9.825.804
0.306458;0.105345;9.864.111
0.316035;0.095768;9.921.572
0.316035;0.114922;9.940.725
0.306458;0.105345;9.988.609
0.306458;0.095768;10.065.224
0.306458;0.095768;10.084.377
0.325611;0.086191;10.055.647
0.306458;0.095768;10.036.493
0.325611;0.095768;9.959.879
0.306458;0.095768;9.940.725
0.306458;0.095768;9.864.111
0.306458;0.105345;9.864.111
0.316035;0.105345;9.864.111
0.306458;0.105345;9.931.149
0.306458;0.114922;9.988.609
0.306458;0.095768;9.988.609
0.316035;0.076614;10.065.224
0.316035;0.114922;10.093.954
0.306458;0.114922;10.084.377
0.316035;0.095768;10.046.070
0.306458;0.086191;9.959.879
0.296881;0.086191;9.921.572
0.296881;0.086191;9.864.111
0.335188;0.095768;9.873.688
0.335188;0.105345;9.854.534
0.306458;0.095768;9.911.995
0.306458;0.114922;9.931.149
0.316035;0.095768;10.017.340
0.335188;0.114922;10.046.070
0.335188;0.095768;10.046.070
0.316035;0.114922;10.065.224
0.335188;0.095768;10.017.340
0.306458;0.095768;9.998.186
0.296881;0.105345;9.959.879
0.306458;0.095768;9.902.418
0.316035;0.105345;9.873.688
0.335188;0.105345;9.844.957
0.296881;0.086191;9.921.572
0.316035;0.076614;9.950.302
0.316035;0.095768;9.979.033
0.325611;0.105345;10.055.647
0.335188;0.114922;10.103.531
0.325611;0.124498;10.036.493
0.316035;0.095768;9.979.033
0.316035;0.114922;9.950.302
0.306458;0.086191;9.892.841
0.306458;0.086191;9.864.111
0.296881;0.105345;9.873.688
0.316035;0.095768;9.892.841
0.335188;0.095768;9.940.725
0.325611;0.105345;10.026.917
0.316035;0.067038;10.036.493
0.306458;0.095768;9.816.227
0.277727;0.086191;9.739.613
0.363919;0.114922;9.950.302
0.335188;0.095768;10.122.684
0.296881;0.105345;10.132.261
0.258574;0.076614;10.218.452
0.306458;0.105345;10.141.838