-0.013498;-0.009510;0.149331
-0.023075;0.000067;-0.961578
-0.032652;-0.009510;-1.938.413
-0.032652;0.009644;-2.675.827
-0.051805;-0.019087;-2.436.407
-0.023075;-0.009510;-1.909.682
0.005656;0.019220;0.158908
0.015232;-0.009510;1.202.780
0.015232;0.000067;2.007.232
0.053540;0.028797;2.782.953
0.063117;0.028797;2.409.458
0.034386;0.028797;1.614.583
-0.013498;-0.009510;0.723940
-0.003921;-0.038240;-1.335.073
-0.032652;-0.019087;-2.216.140
-0.032652;0.000067;-2.627.943
-0.023075;-0.019087;-2.618.366
-0.032652;-0.009510;-1.564.917
0.005656;-0.009510;-0.521045
-0.003921;0.009644;0.609018
0.015232;0.009644;2.217.921
0.043963;0.038374;2.658.455
0.034386;0.028797;2.131.730
-0.023075;0.000067;0.254676
-0.013498;-0.009510;-0.731735
-0.023075;-0.028664;-2.417.253
-0.032652;-0.009510;-2.666.250
-0.013498;-0.019087;-2.474.714
-0.042228;-0.009510;-1.986.297
0.034386;0.000067;-0.090089
0.024809;0.009644;1.030.397
0.015232;0.000067;1.882.733
0.015232;0.019220;2.428.612
0.053540;0.009644;2.486.073
0.024809;0.000067;1.815.696
-0.013498;0.009644;0.848438
-0.023075;-0.028664;-1.124.384
-0.023075;-0.028664;-2.034.181
-0.032652;0.000067;-2.608.789
-0.013498;-0.019087;-2.321.485
-0.042228;0.000067;-1.651.109
-0.013498;-0.009510;-0.750889
0.034386;0.000067;0.340868
0.034386;0.009644;2.150.884
0.024809;0.038374;2.581.841
0.063117;-0.009510;2.648.878
0.015232;-0.009510;1.442.201
-0.013498;-0.009510;0.446213
-0.032652;0.019220;-0.578506
-0.013498;-0.009510;-2.292.754
-0.032652;0.000067;-2.685.403
-0.023075;-0.019087;-2.551.328
-0.023075;-0.009510;-2.053.334
-0.003921;-0.038240;-0.310355
0.015232;0.009644;0.810131
0.034386;0.028797;1.767.812
0.005656;0.019220;2.639.301
0.053540;0.019220;2.533.957
0.063117;0.009644;2.007.232
0.015232;-0.019087;1.087.858
-0.023075;0.000067;-0.952002
-0.003921;-0.019087;-1.833.068
-0.013498;-0.028664;-2.493.867
-0.032652;-0.009510;-2.426.830
-0.013498;-0.009510;-1.746.877
-0.032652;-0.019087;-0.913694
-0.032652;-0.009510;0.111024
0.043963;0.009644;2.064.692
0.034386;-0.019087;2.514.803
0.053540;0.019220;2.351.997
0.034386;0.009644;1.691.197
-0.003921;0.000067;0.676056
-0.003921;0.000067;-1.354.227
-0.003921;-0.028664;-2.120.372
-0.023075;-0.019087;-2.599.212
-0.032652;-0.038240;-2.627.943
-0.042228;-0.009510;-2.149.102
-0.013498;-0.009510;-0.492314
0.005656;0.000067;0.522827
0.034386;0.028797;1.566.699
0.024809;0.009644;2.591.417
0.024809;0.028797;2.533.957
0.024809;0.009644;2.112.576
-0.013498;0.009644;0.206792
-0.032652;-0.009510;-0.808350
-0.032652;-0.019087;-2.340.638
-0.032652;-0.019087;-2.340.638
-0.042228;0.000067;-2.522.598
-0.042228;0.019220;-1.900.105
-0.013498;0.000067;-0.080512
0.034386;0.009644;1.940.194
0.053540;0.028797;2.476.496
0.024809;0.009644;2.581.841
0.024809;0.019220;1.786.965
0.024809;0.000067;0.886745
-0.013498;0.009644;-0.224164
-0.023075;0.000067;-1.957.566
-0.023075;-0.009510;-2.503.444
-0.023075;-0.028664;-2.637.519
-0.013498;0.000067;-1.593.647
-0.013498;-0.009510;-0.655121
-0.032652;-0.009510;0.331290
0.034386;0.000067;1.375.163
0.053540;0.028797;2.581.841
0.005656;0.009644;2.572.264
0.005656;0.009644;2.170.037
0.024809;-0.009510;0.455790
-0.013498;0.009644;-0.626390
-0.023075;-0.009510;-1.574.493
-0.023075;-0.019087;-2.580.059
-0.003921;-0.009510;-2.589.635
-0.003921;0.000067;-1.210.575
-0.003921;0.000067;-1.210.575
-0.023075;0.009644;0.762247
0.024809;0.019220;1.719.928
0.024809;0.009644;2.399.881
0.024809;0.000067;2.409.458
0.034386;0.019220;1.901.887
0.015232;0.000067;1.068.705
-0.003921;0.009644;0.043986
-0.023075;0.000067;-1.852.221
-0.023075;-0.009510;-2.378.946
-0.023075;-0.019087;-2.627.943
-0.013498;-0.019087;-1.718.146
-0.003921;0.009644;-0.789196
-0.023075;0.009644;0.149331
0.043963;0.009644;2.007.232
0.063117;0.028797;2.505.226
0.034386;0.009644;2.600.994
-0.003921;0.028797;2.198.768
-0.003921;0.000067;0.685633
-0.023075;-0.009510;-0.396546
-0.013498;0.000067;-1.421.265
-0.042228;-0.009510;-2.513.021
-0.023075;-0.028664;-2.551.328
-0.032652;-0.009510;-2.168.256
-0.013498;0.019220;-1.373.381
-0.023075;0.009644;0.580288
0.005656;0.009644;1.528.392
0.053540;0.000067;2.265.805
0.063117;0.000067;2.447.765
0.015232;0.038374;2.007.232
0.024809;0.000067;1.250.664
0.005656;0.000067;-0.837080
-0.003921;0.000067;-1.727.723
-0.032652;0.000067;-2.321.485
-0.013498;-0.038240;-2.436.407
-0.032652;0.000067;-1.900.105
-0.013498;0.000067;-0.999886
0.005656;-0.019087;-0.003898
0.015232;0.019220;1.854.003
0.053540;0.019220;2.428.612
0.053540;0.009644;2.629.725
0.015232;0.000067;1.700.774
0.024809;0.028797;0.819708
-0.013498;0.009644;-0.195434
-0.013498;-0.019087;-1.200.998
-0.032652;0.000067;-2.493.867
-0.023075;-0.009510;-2.551.328
-0.013498;-0.019087;-2.264.024
-0.013498;-0.009510;-0.607236
-0.003921;0.019220;0.427059
-0.013498;0.000067;1.346.433
0.034386;0.019220;2.083.846
0.043963;0.038374;2.553.110
0.015232;0.028797;2.103.000
0.005656;0.028797;1.356.009
-0.013498;-0.009510;-0.607236
-0.042228;-0.019087;-1.555.340
-0.032652;-0.009510;-2.244.870
-0.032652;-0.019087;-2.445.983
-0.032652;-0.019087;-1.995.873
-0.013498;0.000067;-1.172.268
-0.013498;-0.019087;-0.195434
0.015232;0.009644;1.700.774
0.034386;0.000067;2.313.690
0.053540;0.009644;2.629.725
0.015232;0.019220;1.825.273
0.005656;0.009644;1.020.821
-0.023075;0.000067;0.015256
-0.013498;0.000067;-1.861.798
-0.032652;0.009644;-2.417.253
-0.023075;-0.019087;-2.551.328
-0.042228;-0.019087;-2.321.485
-0.013498;-0.019087;-0.798773
-0.013498;-0.009510;0.225945
0.005656;-0.009510;1.193.203
0.034386;0.019220;2.486.073
0.063117;0.019220;2.562.687
0.053540;0.019220;2.227.498
0.024809;0.000067;1.528.392
-0.023075;-0.009510;-0.406123
-0.003921;0.000067;-1.373.381
-0.003921;-0.009510;-2.120.372
-0.023075;-0.038240;-2.465.137
-0.051805;-0.019087;-2.101.218
-0.013498;-0.019087;-1.354.227
-0.023075;-0.009510;0.647326
0.015232;0.000067;1.528.392
0.034386;0.009644;2.217.921
0.053540;0.019220;2.562.687
0.024809;0.009644;1.968.925
0.015232;0.000067;1.135.742
0.005656;-0.009510;0.206792
-0.013498;0.000067;-1.698.993
-0.023075;-0.019087;-2.321.485
-0.003921;-0.028664;-2.551.328
-0.013498;-0.009510;-1.833.068
-0.013498;0.000067;-0.990309
-0.003921;-0.009510;0.024833
0.024809;0.019220;1.001.667
0.024809;0.038374;2.409.458
0.034386;0.000067;2.562.687
0.043963;0.019220;2.332.844
0.005656;-0.009510;0.781401
-0.042228;0.000067;-0.205010
-0.042228;0.000067;-1.172.268
-0.032652;0.000067;-1.976.720
-0.032652;-0.009510;-2.522.598
-0.032652;0.000067;-2.196.986
-0.023075;0.009644;-1.526.609
0.005656;0.009644;0.417482
0.024809;0.009644;1.384.740
0.043963;0.019220;2.093.423
0.053540;0.009644;2.495.649
0.043963;0.009644;2.112.576
0.015232;0.009644;1.346.433
0.015232;-0.009510;0.398329
-0.023075;-0.019087;-1.517.033
-0.042228;-0.019087;-2.206.563
-0.042228;-0.009510;-2.532.175
-0.042228;0.009644;-1.938.413
-0.023075;-0.038240;-1.162.691
0.005656;0.000067;-0.195434
-0.003921;-0.009510;0.810131
0.024809;0.009644;2.313.690
0.043963;0.009644;2.543.533
0.034386;0.019220;2.399.881
-0.003921;-0.009510;0.963360
-0.013498;0.000067;-0.051782
-0.023075;-0.009510;-1.009.462
-0.023075;0.000067;-2.378.946
-0.023075;-0.009510;-2.532.175
-0.023075;-0.019087;-2.273.601
-0.032652;0.019220;-1.651.109
-0.003921;-0.009510;0.216369
-0.003921;0.019220;1.174.049
0.034386;0.019220;1.978.501
0.034386;0.028797;2.505.226
0.034386;0.038374;2.170.037
0.024809;0.009644;1.509.238
0.005656;0.009644;-0.473161
-0.051805;-0.019087;-1.373.381
-0.013498;0.009644;-2.043.757
-0.013498;-0.019087;-2.503.444
-0.032652;-0.019087;-2.072.488
-0.003921;-0.009510;-1.296.766
-0.013498;0.000067;-0.386970
0.043963;0.000067;1.547.545
0.034386;0.000067;2.217.921
0.034386;0.000067;2.514.803
0.034386;0.028797;2.419.035
0.005656;0.019220;1.164.473
-0.013498;0.000067;0.120601
-0.032652;-0.009510;-0.865810
-0.051805;-0.009510;-2.273.601
-0.042228;0.000067;-2.522.598
-0.023075;0.009644;-2.350.215
-0.013498;0.000067;-0.932848
-0.013498;0.000067;0.015256
0.005656;0.009644;0.992090
0.043963;0.028797;2.390.305
0.063117;0.000067;2.505.226
0.024809;0.019220;2.237.075
0.015232;0.009644;1.652.890
-0.023075;0.009644;-0.262471
-0.013498;0.009644;-1.220.152
-0.013498;-0.028664;-1.967.143
-0.042228;0.000067;-2.513.021
-0.042228;-0.038240;-2.149.102
-0.023075;-0.009510;-1.421.265
-0.013498;-0.009510;-0.530622
0.015232;-0.019087;1.346.433
0.053540;-0.009510;2.112.576
0.024809;0.028797;2.466.919
0.034386;0.000067;2.016.809
0.015232;0.019220;1.308.125
-0.003921;0.009644;0.350445
-0.023075;0.000067;-0.683851
-0.032652;-0.009510;-2.158.679
-0.013498;-0.009510;-2.474.714
-0.032652;-0.009510;-2.398.099
-0.023075;-0.009510;-1.076.500
-0.003921;0.009644;-0.137973
0.015232;0.019220;0.819708
0.043963;0.028797;2.313.690
0.034386;0.038374;2.533.957
0.024809;0.028797;2.256.228
0.005656;0.009644;1.719.928
-0.003921;-0.009510;-0.051782
-0.013498;-0.019087;-1.057.346
-0.013498;0.000067;-1.823.491
-0.013498;-0.019087;-2.513.021
-0.023075;-0.009510;-2.225.717
-0.013498;0.009644;-1.593.647
-0.003921;-0.009510;-0.712582
0.005656;0.000067;1.183.626
0.034386;0.009644;1.997.655
0.043963;0.028797;2.438.189
0.015232;0.019220;2.103.000
0.015232;0.019220;1.413.470
0.024809;0.009644;0.541981
-0.032652;-0.019087;-1.392.534
-0.023075;-0.009510;-2.062.911
-0.023075;-0.009510;-2.417.253
-0.032652;-0.028664;-2.445.983
-0.023075;0.000067;-1.239.305
-0.003921;0.009644;-0.329509
0.015232;0.000067;0.618595
0.043963;0.000067;2.189.191
0.053540;0.009644;2.486.073
0.034386;0.019220;2.371.151
0.015232;0.028797;1.097.435
-0.003921;-0.009510;0.120601
-0.023075;-0.019087;-0.865810
-0.023075;0.009644;-1.698.993
-0.032652;-0.009510;-2.465.137
-0.023075;-0.028664;-2.292.754
-0.032652;0.000067;-1.737.300
-0.003921;-0.009510;0.072717
-0.003921;0.009644;1.030.397
0.024809;0.019220;1.834.849
0.034386;0.000067;2.371.151
0.024809;0.009644;2.189.191
0.005656;0.019220;1.557.122
0.015232;-0.009510;0.723940
-0.013498;-0.019087;-1.210.575
-0.023075;-0.009510;-1.957.566
0.005656;-0.009510;-2.350.215
-0.013498;-0.028664;-2.120.372
-0.013498;-0.028664;-1.411.688
-0.023075;0.009644;-0.511468
-0.013498;0.000067;0.474943
0.005656;0.019220;2.055.116
0.034386;0.019220;2.466.919
0.024809;-0.009510;2.399.881
0.005656;-0.019087;1.221.933
-0.013498;-0.009510;0.321713
-0.013498;0.009644;-0.664698
-0.032652;-0.009510;-2.149.102
-0.003921;0.000067;-2.426.830
-0.032652;-0.019087;-2.350.215
-0.032652;0.000067;-1.038.193
0.015232;-0.009510;-0.118819
0.024809;0.019220;0.848438
0.034386;0.019220;1.681.621
0.043963;0.019220;2.476.496
0.043963;0.009644;2.265.805
0.024809;-0.009510;1.700.774
0.005656;-0.019087;0.867592
-0.013498;-0.028664;-1.047.770
-0.032652;-0.028664;-1.813.914
-0.051805;-0.019087;-2.331.061
-0.051805;0.000067;-2.177.833
-0.023075;-0.009510;-1.555.340
-0.013498;-0.028664;-0.674274
0.015232;0.009644;1.202.780
0.043963;0.019220;1.940.194
0.024809;0.009644;2.361.574
0.053540;0.028797;2.419.035
0.015232;-0.009510;1.365.586
0.015232;0.019220;0.455790
-0.013498;0.000067;-0.501891
-0.013498;-0.009510;-2.043.757
-0.023075;-0.028664;-2.407.676
-0.013498;-0.028664;-2.378.946
-0.023075;-0.009510;-1.220.152
-0.013498;-0.019087;-0.291202
-0.013498;0.009644;0.628172
0.015232;0.000067;1.566.699
0.034386;0.028797;2.447.765
0.015232;0.028797;2.313.690
0.005656;0.000067;1.001.667
-0.003921;0.000067;0.072717
-0.013498;-0.009510;-0.884964
-0.023075;-0.009510;-1.708.570
-0.023075;0.009644;-2.216.140
-0.013498;-0.009510;-2.254.447
-0.013498;-0.019087;-1.670.262
-0.023075;0.019220;-0.865810
0.034386;-0.019087;1.039.974
0.034386;-0.019087;1.834.849
0.024809;0.019220;2.323.267
0.024809;0.019220;2.122.153
0.005656;0.000067;1.528.392
-0.003921;0.000067;0.685633
-0.042228;-0.009510;-1.220.152
-0.042228;-0.019087;-1.967.143
-0.013498;0.000067;-2.369.369
-0.032652;-0.028664;-2.417.253
-0.032652;0.009644;-1.325.497
-0.013498;0.009644;-0.492314
0.005656;0.009644;0.465366
0.043963;-0.009510;2.074.269
0.043963;0.019220;2.409.458
0.034386;0.038374;2.371.151
0.024809;0.028797;1.940.194
0.015232;0.000067;0.273829
-0.032652;-0.009510;-0.703005
-0.023075;0.000067;-1.555.340
-0.032652;-0.009510;-2.407.676
-0.032652;-0.028664;-2.292.754
-0.013498;-0.019087;-1.785.184
-0.023075;0.019220;-0.990309
0.005656;0.009644;0.886745
0.024809;0.019220;1.691.197
0.043963;-0.009510;2.237.075
0.043963;0.019220;2.227.498
0.024809;0.000067;1.681.621
0.005656;0.028797;0.867592
-0.013498;-0.019087;-1.076.500
-0.003921;0.009644;-1.785.184
-0.013498;0.000067;-2.283.177
-0.013498;-0.038240;-2.407.676
-0.023075;-0.019087;-1.517.033
-0.023075;0.000067;-0.626390
-0.013498;0.019220;0.292983
0.024809;0.028797;1.930.617
0.034386;0.009644;2.332.844
0.015232;0.009644;2.380.728
0.005656;0.000067;2.035.962
-0.032652;-0.009510;-0.540198
-0.023075;-0.009510;-2.024.604
-0.013498;-0.009510;-2.359.792
-0.013498;-0.009510;-2.321.485
0.005656;-0.019087;-1.909.682
-0.003921;-0.019087;-0.233741
0.024809;-0.009510;1.547.545
0.043963;-0.009510;2.150.884
0.034386;0.009644;2.265.805
0.015232;0.009644;1.796.542
0.005656;0.019220;0.992090
-0.013498;-0.028664;-0.884964
-0.023075;-0.038240;-1.660.686
-0.013498;-0.009510;-2.398.099
-0.013498;0.009644;-1.631.955
-0.003921;-0.009510;-0.817926
-0.003921;0.009644;1.059.128
0.034386;0.009644;1.844.426
0.053540;0.019220;2.304.113
0.034386;0.019220;2.380.728
0.034386;0.009644;1.480.508
0.005656;0.000067;0.647326
-0.013498;-0.009510;-0.310355
-0.032652;-0.019087;-1.220.152
-0.013498;-0.009510;-2.340.638
-0.032652;-0.019087;-2.350.215
-0.023075;-0.019087;-1.986.297
-0.013498;-0.019087;-0.444430
-0.003921;0.000067;0.513250
0.015232;0.009644;1.384.740
0.034386;0.009644;2.380.728
0.005656;0.019220;2.294.536
0.034386;-0.009510;1.892.310
-0.003921;-0.009510;1.145.319
-0.013498;0.000067;-0.731735
-0.013498;0.000067;-1.526.609
-0.003921;0.000067;-2.101.218
-0.003921;-0.009510;-2.235.293
-0.013498;0.000067;-1.756.454
-0.003921;0.000067;-0.942425
-0.003921;0.009644;0.886745
0.043963;0.009644;1.700.774
0.053540;0.028797;2.217.921
0.034386;0.019220;2.399.881
0.005656;0.009644;1.614.583
0.005656;0.000067;0.810131
-0.013498;-0.019087;-0.157126
-0.023075;-0.028664;-1.813.914
-0.042228;0.000067;-2.273.601
-0.032652;0.000067;-2.369.369
-0.013498;-0.009510;-2.101.218
-0.013498;0.009644;-0.578506
-0.013498;-0.009510;0.331290
0.024809;-0.009510;1.231.510
0.053540;0.038374;2.323.267
0.043963;0.009644;2.323.267
0.015232;0.000067;1.968.925
0.005656;-0.009510;0.436636
-0.013498;-0.009510;-0.521045
-0.013498;0.000067;-1.392.534
-0.042228;-0.009510;-2.005.450
-0.023075;0.000067;-2.302.331
-0.042228;-0.009510;-1.852.221
-0.042228;-0.009510;-1.124.384
0.015232;0.009644;0.723940
0.034386;0.009644;1.547.545
0.034386;0.009644;2.160.460
0.063117;0.019220;2.380.728
0.034386;0.028797;1.710.351
0.024809;0.000067;0.972937
-0.003921;0.000067;0.043986
-0.003921;-0.019087;-1.670.262
-0.032652;0.009644;-2.177.833
-0.023075;-0.009510;-2.359.792
-0.023075;-0.019087;-1.574.493
-0.023075;0.000067;-0.770042
-0.023075;-0.009510;0.168485
0.034386;-0.009510;1.068.705
0.015232;0.009644;2.246.652
0.053540;0.028797;2.361.574
-0.003921;0.009644;2.045.539
0.015232;0.000067;0.589865
-0.013498;0.000067;-0.358239
-0.023075;0.000067;-1.268.036
-0.042228;-0.019087;-2.283.177
-0.032652;-0.009510;-2.273.601
-0.003921;0.000067;-1.938.413
-0.003921;-0.019087;-1.287.189
0.005656;0.000067;0.522827
0.015232;0.000067;1.384.740
0.015232;0.028797;2.026.385
0.043963;0.019220;2.265.805
0.005656;-0.019087;1.834.849
0.015232;0.009644;1.145.319
0.005656;0.000067;0.216369
-0.042228;-0.019087;-1.536.186
-0.023075;-0.019087;-2.091.641
-0.032652;0.009644;-2.206.563
-0.013498;0.009644;-1.718.146
-0.023075;-0.009510;-0.913694
-0.003921;-0.009510;-0.013474
0.043963;0.028797;1.662.467
0.024809;0.009644;2.189.191
0.053540;0.009644;2.351.997
0.063117;0.009644;2.122.153
-0.003921;-0.019087;0.771824
-0.023075;-0.009510;-0.185857
-0.003921;0.000067;-1.066.923
-0.023075;0.000067;-2.244.870
-0.032652;-0.019087;-2.321.485
-0.032652;-0.019087;-2.034.181
0.005656;0.009644;-0.559352
-0.023075;0.000067;0.369598
0.005656;0.009644;1.260.241
0.043963;0.028797;1.921.041
0.034386;0.028797;2.294.536
0.024809;-0.019087;1.911.464
0.005656;0.028797;1.260.241
-0.013498;-0.019087;-0.559352
-0.023075;-0.028664;-1.402.111
-0.032652;-0.009510;-1.986.297
-0.003921;-0.038240;-2.302.331
-0.023075;-0.028664;-1.813.914
-0.032652;-0.009510;-1.066.923
-0.013498;0.028797;-0.214587
0.024809;0.000067;1.537.969
0.034386;0.019220;2.112.576
0.034386;0.000067;2.361.574
0.024809;0.019220;1.681.621
0.005656;0.009644;0.934629
-0.013498;-0.009510;0.005679
-0.032652;-0.019087;-0.894541
-0.013498;0.009644;-2.149.102
-0.003921;-0.028664;-2.350.215
-0.003921;-0.009510;-1.526.609
-0.023075;0.000067;-0.731735
0.024809;0.009644;0.197215
0.015232;0.019220;1.087.858
0.053540;0.000067;2.237.075
0.043963;0.000067;2.304.113
0.024809;0.009644;2.035.962
0.024809;0.028797;1.413.470
-0.023075;-0.028664;-0.367816
-0.023075;-0.009510;-1.229.729
-0.003921;0.000067;-1.900.105
-0.023075;-0.038240;-2.283.177
-0.042228;-0.019087;-1.919.259
-0.023075;0.000067;-1.229.729
0.024809;0.009644;0.570711
0.043963;0.000067;1.394.317
0.043963;-0.009510;2.016.809
0.015232;0.009644;2.294.536
0.043963;0.009644;1.767.812
0.015232;0.009644;1.068.705
-0.003921;-0.009510;0.206792
-0.023075;-0.019087;-1.517.033
-0.032652;0.000067;-2.062.911
-0.023075;-0.028664;-2.311.908
-0.023075;-0.009510;-2.168.256
-0.023075;-0.019087;-0.884964
0.005656;0.009644;-0.013474
0.024809;-0.009510;0.905899
0.034386;0.038374;2.179.614
0.034386;0.028797;2.323.267
0.024809;0.009644;2.074.269
0.024809;0.028797;0.723940
-0.013498;-0.009510;-0.205010
-0.032652;0.000067;-1.086.077
-0.023075;-0.019087;-1.794.761
-0.023075;-0.009510;-2.302.331
-0.013498;-0.019087;-1.967.143
-0.003921;-0.009510;-1.382.957
-0.023075;-0.009510;0.369598
0.015232;-0.009510;1.231.510
0.024809;-0.009510;1.911.464
0.034386;0.009644;2.275.382
0.005656;0.000067;1.901.887
0.015232;0.009644;1.241.087
-0.003921;-0.009510;0.379175
-0.003921;-0.019087;-1.402.111
-0.032652;-0.028664;-1.976.720
-0.023075;-0.019087;-2.283.177
0.005656;-0.019087;-1.746.877
-0.013498;-0.028664;-1.038.193
0.005656;-0.028664;-0.195434
0.005656;0.000067;0.714363
0.053540;0.009644;2.103.000
0.034386;0.000067;2.304.113
0.034386;0.000067;2.122.153
-0.003921;0.000067;0.905899
-0.003921;-0.009510;-0.023051
-0.003921;-0.019087;-0.904118
-0.023075;-0.019087;-2.110.795
-0.023075;-0.009510;-2.292.754
-0.032652;-0.009510;-2.072.488
-0.032652;-0.028664;-1.517.033
-0.013498;0.009644;0.187638
0.005656;0.009644;1.068.705
0.043963;-0.019087;1.786.965
0.043963;0.019220;2.246.652
0.034386;0.009644;1.968.925
0.005656;0.009644;1.384.740
0.015232;0.000067;0.532404
-0.023075;-0.019087;-1.229.729
-0.023075;-0.038240;-2.216.140
-0.023075;-0.038240;-2.216.140
-0.051805;-0.047817;-1.842.645
-0.013498;0.000067;-1.172.268
0.015232;-0.009510;-0.339086
0.005656;0.019220;1.394.317
0.053540;0.000067;1.997.655
0.043963;0.000067;2.304.113
0.015232;0.009644;2.170.037
0.015232;-0.009510;1.030.397
-0.003921;0.019220;0.139754
-0.013498;-0.019087;-0.770042
-0.023075;-0.009510;-2.043.757
-0.042228;-0.019087;-2.283.177
-0.013498;-0.019087;-2.129.949
-0.023075;-0.019087;-1.603.224
-0.003921;0.000067;0.043986
0.005656;0.000067;0.877169
0.024809;0.000067;1.652.890
0.015232;0.038374;2.026.385
0.005656;-0.009510;1.499.661
-0.013498;-0.009510;-0.224164
-0.023075;0.000067;-1.775.607
-0.023075;-0.009510;-2.177.833
-0.023075;-0.028664;-1.967.143
-0.013498;-0.009510;-1.315.920
0.015232;0.000067;-0.492314
0.015232;0.000067;1.221.933
0.015232;0.009644;1.892.310
0.043963;0.000067;2.284.959
0.024809;-0.009510;1.844.426
0.005656;0.000067;1.183.626
-0.003921;-0.009510;0.331290
0.005656;0.000067;-0.588082
-0.023075;-0.028664;-1.967.143
-0.023075;-0.019087;-2.244.870
-0.023075;0.000067;-2.158.679
-0.003921;0.019220;-1.009.462
0.005656;-0.019087;-0.166703
0.015232;-0.019087;0.752670
0.034386;0.019220;1.518.815
0.043963;0.000067;2.275.382
0.034386;-0.009510;2.093.423
0.024809;-0.019087;1.605.006
-0.003921;0.000067;-0.061358
-0.013498;-0.028664;-0.952002
-0.023075;-0.009510;-1.641.532
-0.032652;-0.019087;-2.264.024
-0.023075;-0.028664;-2.024.604
-0.032652;-0.009510;-1.459.572
-0.023075;-0.019087;-0.664698
0.015232;-0.009510;1.078.281
0.024809;0.009644;1.777.389
0.015232;0.019220;2.198.768
0.015232;0.009644;1.930.617
0.015232;0.038374;1.336.856
0.015232;0.000067;0.494097
-0.013498;0.009644;-0.415700
-0.023075;-0.038240;-1.880.952
-0.023075;0.009644;-2.225.717
-0.023075;-0.019087;-2.187.409
0.005656;-0.019087;-1.162.691
0.005656;0.000067;-0.291202
0.005656;-0.009510;0.561134
0.043963;-0.009510;1.978.501
0.015232;0.009644;2.237.075
0.034386;0.009644;2.131.730
0.015232;0.009644;1.710.351
-0.013498;0.009644;0.111024
-0.013498;-0.009510;-0.798773
-0.023075;-0.019087;-1.517.033
-0.032652;-0.028664;-2.254.447
-0.023075;-0.019087;-2.091.641
-0.032652;-0.009510;-1.574.493
-0.003921;0.009644;0.053563
0.015232;0.009644;0.925053
0.034386;0.028797;1.691.197
0.053540;0.009644;2.103.000
0.034386;0.028797;2.007.232
0.005656;-0.009510;1.432.624
0.024809;0.000067;0.647326
-0.032652;0.000067;-1.095.654
-0.013498;-0.019087;-1.746.877
-0.032652;-0.019087;-2.168.256
-0.023075;-0.028664;-2.216.140
-0.023075;0.019220;-1.258.459
-0.023075;0.000067;-0.473161
0.005656;0.009644;0.388752
0.034386;0.019220;1.892.310
0.043963;0.028797;2.217.921
0.034386;0.009644;2.198.768
0.024809;0.000067;1.154.896
-0.013498;0.000067;0.312137
-0.023075;0.000067;-0.607236
-0.013498;-0.019087;-1.392.534
-0.032652;-0.009510;-2.196.986
-0.023075;-0.038240;-2.120.372
-0.013498;0.000067;-1.698.993
-0.013498;-0.028664;-0.080512
-0.003921;0.019220;0.762247
0.015232;0.019220;1.518.815
0.034386;0.038374;2.237.075
0.024809;0.000067;2.055.116
0.005656;0.038374;1.566.699
0.015232;-0.009510;0.829285
-0.013498;-0.009510;-0.923271
-0.032652;0.000067;-1.641.532
-0.032652;-0.009510;-2.110.795
-0.023075;-0.019087;-1.967.143
-0.032652;-0.019087;-1.402.111
-0.032652;0.009644;-0.635966
-0.003921;0.000067;0.225945
0.034386;0.019220;1.786.965
0.043963;0.009644;2.170.037
0.024809;0.000067;2.189.191
0.005656;0.019220;1.288.971
-0.023075;-0.009510;0.446213
-0.013498;-0.009510;-0.425277
-0.013498;0.009644;-1.852.221
-0.023075;0.000067;-2.158.679
-0.023075;-0.028664;-2.139.525
-0.023075;-0.028664;-1.785.184
-0.023075;0.000067;-0.300778
0.005656;0.000067;0.599442
0.015232;0.009644;1.384.740
0.034386;0.000067;2.189.191
0.034386;0.000067;2.112.576
0.034386;-0.009510;1.691.197
0.015232;-0.009510;0.944206
-0.013498;0.019220;-0.779619
-0.023075;0.000067;-1.478.725
-0.023075;-0.019087;-2.024.604
-0.023075;-0.009510;-2.043.757
-0.003921;0.000067;-1.517.033
-0.013498;-0.028664;0.082294
-0.003921;0.009644;0.934629
0.043963;0.038374;1.662.467
0.024809;0.019220;2.074.269
0.034386;0.009644;2.198.768
0.005656;0.028797;1.394.317
-0.003921;0.000067;0.609018
-0.023075;0.009644;-0.272048
-0.023075;-0.009510;-1.746.877
-0.023075;0.000067;-2.139.525
-0.003921;-0.038240;-2.139.525
-0.032652;0.000067;-1.861.798
-0.003921;0.009644;-0.444430
0.015232;0.019220;0.427059
0.005656;-0.019087;1.250.664
0.015232;0.028797;2.198.768
0.024809;0.000067;2.122.153
0.015232;0.000067;1.758.235
0.005656;0.009644;0.273829
-0.013498;0.009644;-0.635966
-0.032652;-0.009510;-1.373.381
-0.042228;-0.019087;-2.177.833
-0.032652;-0.028664;-2.072.488
0.005656;0.000067;-1.660.686
0.015232;0.009644;-0.913694
0.024809;0.000067;0.762247
0.034386;0.019220;1.518.815
0.034386;-0.019087;2.055.116
0.015232;0.000067;1.997.655
0.024809;0.000067;1.490.085
0.005656;0.009644;0.781401
-0.032652;-0.009510;-0.099666
-0.023075;-0.009510;-1.631.955
-0.032652;-0.038240;-2.082.065
-0.032652;-0.019087;-2.187.409
-0.023075;-0.009510;-1.373.381
-0.003921;-0.009510;-0.607236
-0.003921;0.000067;0.283406
0.024809;0.019220;1.087.858
0.043963;0.000067;2.122.153
0.034386;0.028797;2.160.460
0.034386;0.028797;1.834.849
0.005656;0.000067;0.427059
-0.023075;0.009644;-0.473161
-0.023075;-0.019087;-1.248.882
-0.042228;-0.019087;-2.149.102
-0.032652;0.009644;-2.139.525
-0.032652;-0.028664;-1.727.723
-0.013498;0.000067;-1.057.346
-0.003921;0.028797;0.609018
0.024809;0.009644;1.413.470
0.024809;-0.009510;1.940.194
0.024809;0.000067;2.055.116
-0.003921;0.000067;1.605.006
0.024809;0.009644;0.934629
-0.023075;-0.019087;-0.808350
-0.023075;-0.009510;-1.526.609
-0.003921;-0.019087;-1.967.143
-0.032652;0.009644;-2.177.833
-0.013498;0.009644;-1.478.725
0.005656;0.000067;-0.731735
-0.003921;-0.009510;0.082294
0.015232;0.009644;1.633.737
0.034386;0.000067;2.074.269
0.034386;0.009644;2.189.191
0.024809;0.019220;1.336.856
0.015232;0.000067;0.570711
-0.013498;-0.009510;-0.291202
-0.032652;0.000067;-1.124.384
-0.023075;-0.019087;-2.110.795
-0.023075;-0.047817;-2.149.102
-0.013498;-0.028664;-1.794.761
0.015232;-0.009510;-0.386970
0.005656;-0.019087;0.436636
0.024809;0.009644;1.269.817
0.034386;0.000067;2.170.037
0.024809;0.028797;2.103.000
0.034386;-0.019087;1.681.621
-0.003921;-0.009510;0.245099
-0.023075;-0.028664;-0.683851
-0.023075;0.000067;-1.411.688
-0.023075;-0.019087;-1.928.836
-0.042228;0.000067;-2.034.181
-0.013498;-0.009510;-1.584.070
-0.013498;0.000067;-0.894541
-0.023075;0.009644;-0.070935
0.015232;0.019220;1.547.545
0.043963;0.009644;1.997.655
0.063117;0.019220;2.160.460
0.024809;-0.009510;1.470.931
-0.003921;0.000067;0.762247
0.005656;0.000067;-0.157126
-0.003921;-0.028664;-0.961578
-0.013498;-0.019087;-2.062.911
-0.023075;-0.019087;-2.168.256
-0.032652;-0.009510;-1.909.682
-0.013498;-0.009510;-0.568929
-0.013498;-0.009510;0.292983
0.015232;0.000067;1.107.012
0.034386;0.009644;2.131.730
0.024809;0.009644;2.141.307
0.034386;0.000067;1.777.389
-0.003921;-0.009510;1.193.203
-0.032652;0.009644;-0.473161
-0.013498;-0.028664;-1.277.613
-0.013498;0.028797;-1.833.068
-0.013498;-0.009510;-2.091.641
-0.013498;-0.019087;-1.689.416
-0.013498;-0.009510;-1.028.616
-0.013498;0.019220;-0.205010
0.005656;0.009644;1.394.317
0.024809;0.009644;1.959.348
0.015232;0.047951;2.170.037
0.024809;0.019220;1.566.699
0.005656;0.009644;0.858015
0.005656;0.000067;0.024833
-0.032652;-0.009510;-1.517.033
-0.013498;-0.019087;-1.995.873
-0.013498;-0.019087;-2.139.525
-0.042228;-0.009510;-1.957.566
-0.023075;-0.009510;-0.683851
-0.003921;0.000067;0.139754
0.005656;0.028797;0.944206
0.043963;0.009644;2.074.269
0.034386;0.009644;2.122.153
0.034386;0.000067;1.854.003
-0.003921;0.019220;0.551558
-0.013498;-0.028664;-0.319932
-0.023075;-0.028664;-1.124.384
-0.032652;-0.009510;-1.708.570
-0.042228;-0.019087;-2.120.372
-0.023075;-0.009510;-1.766.030
-0.032652;-0.019087;-1.162.691
-0.003921;-0.009510;0.494097
0.024809;0.000067;1.241.087
0.015232;0.028797;1.844.426
0.024809;0.019220;2.055.116
0.015232;0.009644;1.672.044
0.024809;0.009644;1.030.397
-0.003921;0.009644;0.187638
-0.032652;0.000067;-1.363.804
-0.042228;-0.009510;-1.890.529
-0.013498;-0.009510;-2.005.450
-0.003921;0.000067;-1.555.340
-0.003921;0.000067;-0.837080
0.005656;0.000067;-0.061358
0.015232;0.009644;0.819708
0.005656;0.019220;1.988.078
0.043963;0.019220;2.170.037
0.034386;0.009644;1.949.771
0.015232;0.000067;0.723940
-0.003921;0.009644;-0.176280
-0.003921;-0.009510;-1.009.462
-0.023075;-0.038240;-2.015.027
-0.023075;-0.028664;-2.120.372
-0.003921;-0.019087;-1.871.375
-0.003921;-0.009510;-1.287.189
0.015232;0.000067;0.331290
0.024809;0.000067;1.107.012
0.024809;-0.019087;1.758.235
0.043963;0.019220;2.103.000
0.015232;0.009644;1.748.658
0.005656;0.000067;1.164.473
0.005656;-0.028664;0.340868
-0.023075;-0.028664;-1.220.152
-0.013498;-0.019087;-1.813.914
-0.013498;0.009644;-2.062.911
0.005656;-0.028664;-1.670.262
-0.003921;0.009644;-0.990309
0.005656;-0.009510;-0.185857
0.024809;0.019220;1.413.470
0.034386;0.019220;1.949.771
0.024809;0.000067;2.131.730
0.024809;0.000067;1.968.925
0.015232;0.009644;0.858015
-0.003921;0.009644;0.024833
-0.013498;-0.009510;-0.827503
-0.023075;0.009644;-1.928.836
-0.023075;0.000067;-2.101.218
-0.013498;-0.009510;-1.919.259
-0.013498;-0.009510;-0.703005
-0.013498;0.009644;0.149331
0.005656;-0.009510;0.992090
0.043963;0.038374;2.035.962
0.043963;0.019220;2.103.000
0.024809;0.019220;1.844.426
0.015232;0.028797;1.279.394
-0.023075;-0.009510;-0.358239
-0.023075;-0.019087;-1.114.807
-0.032652;0.000067;-1.718.146
-0.032652;-0.028664;-2.072.488
-0.013498;-0.019087;-1.718.146
-0.013498;0.009644;-1.114.807
-0.003921;0.009644;-0.339086
0.024809;0.019220;1.269.817
0.043963;0.000067;1.854.003
0.043963;0.019220;2.083.846
0.005656;0.000067;1.624.160
0.034386;0.028797;0.992090
-0.013498;0.009644;0.139754
-0.023075;0.000067;-0.674274
-0.013498;-0.009510;-1.871.375
-0.032652;-0.019087;-2.091.641
-0.032652;-0.028664;-1.976.720
-0.003921;0.009644;-0.817926
-0.003921;-0.019087;0.024833
0.015232;-0.009510;0.819708
0.034386;0.000067;1.959.348
0.024809;0.019220;2.103.000
0.024809;0.019220;1.901.887
0.015232;0.009644;1.394.317
-0.013498;0.000067;-0.185857
-0.023075;0.000067;-0.961578
0.005656;0.000067;-1.612.801
-0.013498;0.000067;-2.072.488
-0.023075;-0.009510;-1.785.184
-0.013498;0.009644;-1.248.882
-0.003921;-0.019087;-0.482738
0.015232;0.009644;1.107.012
0.053540;0.009644;1.729.505
0.034386;0.019220;2.064.692
0.024809;0.000067;1.710.351
0.005656;0.019220;1.087.858
0.005656;-0.009510;0.340868
-0.032652;0.000067;-1.277.613
-0.023075;-0.009510;-1.794.761
-0.023075;-0.038240;-2.101.218
-0.023075;-0.038240;-2.024.604
-0.023075;-0.009510;-0.942425
-0.013498;0.009644;-0.157126
0.005656;-0.009510;0.656902
0.024809;0.009644;1.940.194
0.024809;-0.009510;2.093.423
0.024809;0.000067;1.940.194
0.024809;0.028797;1.490.085
-0.003921;0.000067;-0.042205
-0.023075;0.000067;-0.827503
-0.023075;-0.009510;-1.967.143
-0.013498;-0.009510;-2.082.065
-0.023075;-0.019087;-1.890.529
-0.023075;0.009644;-1.363.804
-0.003921;0.000067;0.158908
0.015232;0.028797;0.972937
0.024809;0.000067;1.595.429
0.015232;0.000067;2.007.232
0.043963;0.019220;1.777.389
0.024809;0.019220;1.241.087
-0.003921;0.000067;0.484520
-0.032652;-0.009510;-1.162.691
-0.023075;-0.009510;-1.727.723
-0.013498;-0.019087;-2.034.181
-0.032652;-0.019087;-2.024.604
-0.013498;-0.009510;-1.086.077
0.005656;0.000067;-0.300778
0.005656;0.019220;0.522827
0.034386;0.019220;1.815.696
0.034386;0.000067;2.074.269
0.034386;0.009644;1.978.501
0.005656;0.019220;0.934629
0.005656;0.000067;0.149331
-0.013498;0.000067;-0.722158
-0.023075;0.000067;-1.363.804
-0.013498;-0.019087;-2.072.488
-0.032652;-0.009510;-1.947.989
-0.013498;-0.019087;-1.478.725
0.005656;-0.019087;0.015256
0.005656;-0.009510;0.829285
0.005656;0.000067;1.509.238
0.034386;0.019220;2.074.269
0.015232;0.019220;1.854.003
0.034386;0.019220;1.356.009
0.005656;-0.009510;0.637749
-0.013498;-0.038240;-0.990309
-0.042228;-0.009510;-1.622.377
-0.013498;-0.019087;-1.967.143
0.005656;-0.019087;-1.775.607
-0.023075;-0.019087;-1.200.998
-0.013498;0.000067;-0.434854
-0.003921;0.009644;1.126.165
0.015232;0.009644;1.739.081
0.034386;0.000067;2.055.116
0.034386;0.019220;2.026.385
0.015232;0.000067;1.049.551
-0.003921;0.000067;0.321713
-0.013498;0.000067;-0.540198
-0.013498;-0.009510;-1.785.184
-0.023075;-0.038240;-2.053.334
-0.023075;-0.009510;-1.967.143
-0.013498;-0.009510;-1.574.493
0.005656;0.009644;-0.090089
0.015232;-0.019087;0.676056
0.015232;0.000067;1.375.163
0.005656;0.000067;2.064.692
0.015232;-0.009510;1.921.041
0.005656;0.009644;1.442.201
-0.032652;-0.009510;-0.032628
-0.023075;-0.009510;-0.837080
-0.023075;-0.009510;-1.526.609
-0.013498;-0.019087;-1.919.259
-0.013498;0.000067;-1.842.645
-0.023075;-0.009510;-1.296.766
-0.023075;0.000067;-0.588082
0.005656;0.019220;1.001.667
0.024809;0.019220;1.652.890
0.024809;0.009644;1.997.655
0.034386;0.009644;1.748.658
0.034386;0.019220;1.212.357
-0.003921;0.019220;0.484520
-0.023075;-0.028664;-1.133.961
-0.013498;-0.028664;-1.708.570
-0.003921;-0.019087;-1.986.297
-0.032652;-0.009510;-1.967.143
-0.042228;-0.019087;-1.047.770
0.005656;0.009644;-0.281625
-0.003921;0.000067;0.513250
0.015232;0.009644;1.269.817
0.034386;0.019220;2.035.962
0.043963;0.009644;1.921.041
0.015232;0.009644;1.566.699
0.005656;0.019220;0.091870
-0.023075;0.000067;-0.683851
-0.013498;-0.028664;-1.861.798
-0.013498;-0.019087;-2.024.604
-0.013498;-0.009510;-1.880.952
-0.032652;0.000067;-1.449.995
-0.013498;0.000067;-0.741312
0.015232;0.009644;0.838861
0.034386;0.009644;1.490.085
0.024809;0.038374;1.930.617
0.015232;0.009644;1.806.119
0.005656;0.009644;1.346.433
0.015232;0.000067;0.589865
0.005656;-0.009510;-0.243318
-0.013498;0.009644;-1.603.224
-0.013498;-0.009510;-1.947.989
-0.003921;0.000067;-2.005.450
-0.023075;0.009644;-1.172.268
-0.003921;0.000067;-0.425277
0.024809;-0.009510;0.369598
0.024809;-0.009510;1.719.928
0.034386;-0.009510;2.007.232
0.024809;0.019220;1.968.925
0.005656;0.009644;1.633.737
-0.023075;-0.019087;0.273829
-0.013498;0.000067;-0.540198
-0.032652;0.000067;-1.258.459
-0.013498;-0.019087;-2.015.027
-0.061382;-0.019087;-1.938.413
-0.013498;-0.019087;-1.536.186
-0.003921;-0.019087;-0.099666
-0.003921;0.000067;0.695210
0.024809;-0.009510;1.413.470
0.034386;0.028797;1.863.580
0.034386;0.009644;1.863.580
0.034386;0.009644;1.413.470
0.024809;0.000067;0.723940
-0.023075;-0.019087;-0.865810
-0.013498;0.000067;-1.488.302
-0.023075;-0.009510;-1.909.682
-0.023075;0.000067;-2.015.027
-0.013498;0.009644;-1.268.036
-0.013498;0.009644;-0.588082
-0.013498;0.009644;0.197215
0.024809;-0.009510;1.624.160
0.015232;0.000067;1.968.925
0.015232;-0.009510;1.997.655
0.015232;0.000067;1.183.626
-0.003921;-0.028664;0.417482
-0.023075;0.009644;-0.386970
-0.032652;-0.019087;-1.124.384
-0.013498;-0.009510;-2.005.450
-0.032652;-0.009510;-1.957.566
-0.013498;-0.028664;-1.612.801
-0.003921;0.000067;-0.262471
0.005656;0.019220;0.561134
0.015232;0.019220;1.260.241
0.034386;0.028797;2.035.962
0.024809;0.009644;1.911.464
0.034386;0.038374;1.518.815
0.015232;0.009644;0.886745
-0.023075;0.028797;-0.693428
-0.023075;-0.019087;-1.373.381
-0.013498;-0.019087;-1.833.068
-0.032652;-0.019087;-1.852.221
-0.023075;-0.009510;-1.382.957
0.005656;0.000067;-0.703005
-0.003921;0.019220;0.072717
0.034386;0.028797;1.518.815
0.043963;0.009644;1.930.617
0.043963;0.000067;1.988.078
0.015232;0.000067;1.298.548
0.015232;0.000067;0.580288
-0.003921;0.000067;-0.243318
-0.023075;-0.019087;-1.584.070
-0.023075;-0.028664;-1.900.105
-0.023075;0.000067;-1.986.297
-0.003921;-0.019087;-1.708.570
-0.003921;-0.009510;-0.396546
-0.013498;0.009644;0.398329
0.024809;0.009644;1.116.589
0.024809;0.009644;1.988.078
0.024809;0.000067;1.959.348
0.043963;0.000067;1.605.006
0.005656;0.000067;0.235522
-0.023075;-0.019087;-0.578506
-0.013498;-0.009510;-1.258.459
-0.023075;-0.009510;-1.756.454
-0.032652;0.000067;-1.871.375
-0.032652;0.000067;-1.478.725
-0.023075;0.000067;-0.837080
0.015232;-0.019087;0.704786
0.024809;0.009644;1.384.740
0.015232;0.019220;1.834.849
0.034386;0.019220;2.016.809
0.015232;0.019220;1.394.317
0.005656;0.000067;0.714363
0.005656;0.009644;-0.894541
-0.003921;-0.009510;-1.488.302
-0.032652;0.009644;-1.890.529
-0.032652;-0.019087;-1.995.873
-0.023075;-0.009510;-1.268.036
-0.013498;0.000067;-0.549775
-0.013498;0.000067;0.245099
0.005656;0.000067;0.992090
0.053540;0.000067;1.949.771
0.024809;0.009644;1.959.348
0.024809;0.009644;1.662.467
-0.003921;0.019220;0.398329
-0.013498;-0.009510;-0.425277
-0.013498;-0.009510;-1.143.538
0.005656;-0.028664;-1.967.143
-0.032652;-0.019087;-1.947.989
-0.023075;0.009644;-1.564.917
-0.032652;-0.019087;-0.980732
0.005656;0.000067;0.541981
0.024809;0.000067;1.269.817
0.043963;0.009644;1.767.812
0.034386;0.009644;1.854.003
0.015232;0.009644;1.480.508
0.015232;0.000067;0.867592
0.005656;0.009644;0.043986
-0.032652;-0.009510;-1.382.957
-0.013498;-0.009510;-1.804.338
-0.032652;-0.009510;-1.986.297
-0.023075;0.000067;-1.354.227
0.005656;0.000067;-0.683851
-0.003921;0.028797;0.082294
0.005656;0.000067;0.838861
0.024809;-0.009510;1.873.157
0.053540;-0.009510;1.988.078
0.043963;0.009644;1.719.928
0.005656;-0.009510;0.561134
-0.013498;0.009644;-0.252894
-0.023075;0.000067;-1.009.462
-0.013498;-0.028664;-1.928.836
-0.023075;-0.028664;-1.947.989
-0.042228;0.009644;-1.679.839
-0.013498;-0.009510;-1.086.077
0.005656;0.009644;0.398329
0.034386;0.028797;1.135.742
0.034386;0.028797;1.700.774
0.005656;0.000067;1.921.041
0.034386;0.009644;1.576.276
0.034386;0.009644;0.972937
-0.013498;-0.019087;-0.597659
-0.013498;0.000067;-1.277.613
-0.003921;0.000067;-1.718.146
-0.013498;-0.019087;-1.967.143
-0.003921;-0.028664;-1.459.572
0.005656;0.009644;-0.789196
-0.003921;-0.009510;-0.042205
0.043963;0.028797;1.384.740
0.024809;0.009644;1.834.849
0.034386;0.000067;1.940.194
0.005656;0.009644;1.346.433
0.024809;-0.009510;0.656902
-0.023075;-0.009510;-0.137973
-0.023075;0.000067;-0.884964
-0.003921;-0.019087;-1.861.798
-0.032652;-0.009510;-1.967.143
-0.032652;-0.019087;-1.737.300
-0.003921;-0.009510;-0.511468
-0.023075;0.009644;0.273829
0.024809;0.009644;1.001.667
0.024809;0.000067;1.585.853
0.015232;0.028797;1.921.041
0.024809;0.009644;1.652.890
0.015232;-0.009510;1.107.012
-0.003921;-0.019087;-0.434854
-0.023075;-0.009510;-1.162.691
-0.042228;-0.019087;-1.679.839
-0.023075;-0.009510;-1.900.105
-0.032652;0.000067;-1.507.456
-0.023075;-0.019087;-0.932848
-0.013498;0.000067;-0.195434
0.005656;0.000067;1.279.394
0.015232;0.009644;1.758.235
0.015232;0.019220;1.968.925
0.034386;0.000067;1.442.201
0.005656;0.000067;0.781401
-0.003921;-0.009510;0.024833
-0.003921;-0.009510;-0.770042
-0.023075;-0.009510;-1.804.338
-0.023075;-0.028664;-1.938.413
-0.013498;-0.038240;-1.785.184
0.015232;0.009644;-0.635966
-0.003921;0.000067;0.149331
-0.003921;0.009644;0.858015
0.024809;0.019220;1.863.580
0.034386;0.000067;1.930.617
0.034386;0.009644;1.710.351
0.005656;0.000067;1.193.203
-0.003921;-0.009510;-0.291202
-0.042228;-0.019087;-1.057.346
-0.013498;-0.019087;-1.584.070
-0.032652;-0.009510;-1.938.413
-0.013498;-0.009510;-1.622.377
-0.023075;0.000067;-1.038.193
-0.003921;-0.019087;-0.329509
0.015232;0.000067;1.145.319
0.024809;0.019220;1.691.197
0.024809;0.019220;1.959.348
-0.003921;0.019220;1.518.815
0.015232;0.000067;0.925053
0.005656;0.000067;0.178061
-0.023075;-0.028664;-1.268.036
-0.013498;-0.038240;-1.727.723
-0.023075;-0.009510;-1.919.259
-0.003921;0.000067;-1.804.338
-0.013498;0.009644;-0.750889
-0.003921;-0.019087;-0.023051
0.005656;0.000067;0.723940
0.034386;0.019220;1.825.273
0.015232;0.028797;1.911.464
0.015232;0.009644;1.748.658
0.005656;0.009644;0.628172
0.005656;0.009644;-0.147550
-0.003921;-0.019087;-0.894541
-0.003921;0.000067;-1.478.725
-0.023075;-0.009510;-1.909.682
-0.013498;-0.019087;-1.670.262
-0.023075;-0.009510;-1.172.268
-0.023075;-0.028664;0.292983
0.015232;0.009644;1.030.397
0.024809;0.009644;1.605.006
0.015232;0.000067;1.911.464
0.024809;-0.009510;1.595.429
0.015232;0.019220;1.039.974
0.015232;0.009644;0.321713
-0.032652;-0.019087;-1.143.538
-0.013498;0.000067;-1.641.532
-0.032652;-0.019087;-1.919.259
-0.023075;0.000067;-1.507.456
0.005656;0.009644;-0.166703
0.005656;0.009644;-0.166703
0.034386;-0.009510;0.580288
0.015232;0.019220;1.739.081
0.034386;0.019220;1.930.617
0.015232;0.009644;1.806.119
0.024809;0.000067;0.762247
0.005656;0.000067;-0.003898
-0.013498;-0.009510;-0.770042
-0.023075;0.000067;-1.785.184
-0.032652;0.000067;-1.938.413
-0.032652;0.009644;-1.756.454
-0.003921;-0.009510;-0.588082
-0.013498;0.019220;0.130177
0.005656;-0.019087;0.886745
0.024809;0.009644;1.499.661
0.024809;0.057528;1.911.464
0.043963;0.019220;1.681.621
0.015232;0.009644;1.164.473
-0.003921;0.019220;0.465366
-0.023075;0.000067;-1.019.039
-0.032652;0.000067;-1.584.070
-0.023075;-0.009510;-1.871.375
-0.023075;-0.009510;-1.584.070
-0.023075;-0.009510;-1.028.616
-0.003921;-0.009510;-0.291202
-0.013498;0.000067;1.174.049
0.024809;0.009644;1.681.621
0.024809;0.019220;1.940.194
-0.003921;0.009644;1.825.273
0.015232;0.028797;0.886745
0.024809;-0.009510;0.139754
-0.013498;-0.009510;-0.626390
-0.013498;0.000067;-1.708.570
-0.032652;-0.038240;-1.900.105
-0.032652;-0.028664;-1.813.914
-0.032652;-0.019087;-1.373.381
-0.003921;0.009644;-0.023051
-0.003921;0.009644;0.752670
0.015232;0.009644;1.413.470
0.015232;0.028797;1.911.464
0.024809;0.019220;1.719.928
0.005656;0.019220;1.250.664
-0.013498;0.000067;-0.176280
-0.023075;-0.028664;-0.904118
-0.013498;0.000067;-1.497.879
-0.042228;0.000067;-1.842.645
-0.013498;0.000067;-1.631.955
-0.023075;0.000067;-1.133.961
-0.013498;-0.019087;-0.425277
0.015232;0.009644;1.039.974
0.015232;0.009644;1.576.276
0.043963;0.019220;1.901.887
0.015232;-0.019087;1.566.699
0.024809;-0.009510;1.001.667
0.015232;-0.009510;0.264253
-0.042228;0.000067;-0.463584
-0.003921;0.009644;-1.670.262
-0.013498;-0.009510;-1.861.798
-0.023075;-0.009510;-1.804.338
-0.013498;0.000067;-0.846657
-0.013498;-0.009510;-0.128396
-0.003921;0.000067;0.599442
0.005656;0.000067;1.288.971
0.024809;0.009644;1.901.887
0.034386;0.000067;1.767.812
0.015232;0.000067;1.346.433
-0.003921;-0.009510;-0.032628
-0.023075;0.009644;-0.789196
-0.023075;-0.009510;-1.373.381
-0.032652;0.000067;-1.880.952
-0.023075;-0.028664;-1.737.300
-0.023075;0.000067;-1.210.575
0.015232;-0.028664;-0.578506
0.005656;0.009644;0.877169
0.024809;0.000067;1.518.815
0.034386;0.019220;1.825.273
0.024809;0.000067;1.595.429
-0.003921;0.000067;1.126.165
-0.003921;0.019220;0.427059
-0.013498;-0.019087;-1.047.770
-0.013498;0.000067;-1.564.917
-0.003921;-0.009510;-1.871.375
-0.032652;-0.019087;-1.842.645
-0.032652;0.009644;-0.980732
-0.003921;-0.009510;-0.243318
0.005656;0.009644;0.494097
0.034386;0.028797;1.672.044
0.015232;0.019220;1.873.157
0.005656;0.019220;1.786.965
0.015232;-0.009510;0.848438
-0.013498;0.009644;0.120601
-0.032652;0.000067;-0.645543
-0.023075;0.000067;-1.296.766
-0.023075;-0.009510;-1.890.529
-0.032652;0.000067;-1.737.300
-0.023075;0.000067;-1.344.650
-0.003921;0.009644;0.034410
0.015232;0.009644;0.790977
0.005656;0.019220;1.413.470
0.024809;0.000067;1.806.119
0.015232;0.019220;1.691.197
0.005656;0.009644;1.231.510
0.005656;-0.009510;0.551558
-0.023075;-0.009510;-0.923271
-0.023075;0.009644;-1.488.302
-0.032652;0.000067;-1.833.068
-0.032652;-0.019087;-1.890.529
-0.023075;-0.019087;-1.076.500
-0.003921;0.000067;-0.406123
0.015232;0.000067;0.331290
0.015232;0.019220;1.605.006
0.024809;0.009644;1.892.310
0.015232;0.009644;1.806.119
0.005656;0.019220;0.982513
0.005656;0.009644;0.254676
-0.023075;0.028797;-0.501891
-0.013498;0.000067;-1.191.422
-0.013498;-0.019087;-1.871.375
-0.013498;-0.009510;-1.785.184
-0.013498;0.000067;-1.411.688
-0.013498;0.009644;-0.080512
-0.003921;0.009644;0.637749
0.005656;0.019220;1.269.817
0.043963;0.019220;1.882.733
0.015232;0.009644;1.700.774
0.015232;0.009644;1.308.125
0.015232;0.028797;0.666479
-0.013498;0.019220;-0.798773
-0.023075;-0.009510;-1.373.381
-0.013498;-0.028664;-1.746.877
-0.023075;-0.009510;-1.660.686
-0.003921;-0.009510;-1.210.575
-0.003921;0.019220;-0.530622
-0.013498;0.019220;0.216369
0.024809;0.019220;1.490.085
0.034386;0.019220;1.844.426
0.015232;0.028797;1.844.426
0.005656;0.028797;1.087.858
-0.003921;-0.009510;0.388752
-0.013498;0.009644;-0.348662
-0.013498;0.000067;-1.574.493
-0.003921;0.000067;-1.833.068
-0.023075;0.009644;-1.823.491
-0.032652;-0.019087;-1.517.033
0.005656;0.009644;-0.262471
-0.003921;0.009644;0.503674
0.024809;0.019220;1.183.626
0.043963;-0.009510;1.873.157
0.015232;0.019220;1.767.812
0.015232;0.000067;1.413.470
0.005656;-0.009510;0.063140
-0.003921;0.019220;-0.655121
-0.013498;0.019220;-1.287.189
-0.013498;0.019220;-1.718.146
-0.023075;-0.009510;-1.727.723
0.005656;-0.019087;-1.287.189
-0.013498;0.000067;-0.635966
0.024809;0.000067;0.771824
0.015232;0.009644;1.375.163
0.043963;0.009644;1.767.812
0.024809;0.009644;1.863.580
0.024809;0.000067;1.164.473
-0.003921;-0.019087;0.503674
0.005656;0.000067;-0.224164
-0.042228;-0.019087;-1.478.725
-0.032652;0.019220;-1.794.761
-0.032652;0.009644;-1.842.645
-0.003921;0.009644;-1.066.923
-0.023075;0.000067;-0.406123
-0.003921;0.019220;0.350445
0.015232;0.000067;1.049.551
0.043963;0.019220;1.854.003
0.034386;0.000067;1.815.696
0.005656;0.000067;1.499.661
-0.003921;-0.009510;0.254676
-0.023075;0.000067;-0.540198
-0.013498;-0.009510;-1.200.998
-0.023075;-0.019087;-1.612.801
-0.023075;-0.019087;-1.775.607
-0.003921;-0.028664;-1.382.957
-0.003921;-0.028664;-0.779619
-0.003921;0.009644;0.647326
0.024809;0.000067;1.298.548
0.015232;0.000067;1.729.505
0.015232;0.000067;1.691.197
0.015232;0.019220;1.250.664
-0.003921;0.019220;0.647326
-0.013498;-0.009510;-0.080512
-0.032652;-0.019087;-1.373.381
-0.042228;-0.009510;-1.746.877
-0.023075;-0.019087;-1.842.645
-0.013498;-0.019087;-1.153.114
-0.013498;0.019220;-0.501891
-0.003921;0.028797;0.216369
0.024809;0.019220;1.470.931
0.024809;0.000067;1.796.542
0.024809;0.009644;1.825.273
0.015232;0.000067;1.518.815
0.015232;0.000067;0.360022
0.005656;0.009644;-0.377393
-0.013498;0.000067;-1.038.193
-0.013498;-0.009510;-1.813.914
-0.023075;-0.019087;-1.794.761
-0.013498;-0.019087;-1.478.725
-0.023075;-0.009510;-0.913694
-0.003921;0.009644;0.503674
0.024809;0.000067;1.135.742
0.034386;0.019220;1.643.313
0.034386;0.009644;1.739.081
0.005656;0.000067;1.365.586
0.015232;-0.009510;0.790977
-0.032652;-0.009510;-0.683851
-0.013498;-0.009510;-1.315.920
-0.023075;0.009644;-1.708.570
-0.042228;0.000067;-1.823.491
-0.032652;-0.028664;-1.258.459
-0.003921;-0.019087;-0.645543
-0.003921;0.009644;0.063140
0.024809;0.028797;1.375.163
0.024809;0.019220;1.796.542
0.015232;0.019220;1.806.119
0.024809;0.009644;1.154.896
0.005656;0.019220;0.494097
-0.003921;0.009644;-0.272048
-0.032652;0.000067;-0.961578
-0.013498;-0.009510;-1.766.030
-0.032652;-0.028664;-1.823.491
-0.003921;0.000067;-1.536.186
-0.013498;0.009644;-0.339086
-0.003921;0.000067;0.379175
-0.013498;-0.009510;1.068.705
0.034386;0.000067;1.566.699
0.015232;0.019220;1.748.658
0.024809;0.000067;1.461.354
-0.003921;0.009644;0.905899
-0.032652;0.009644;-0.549775
-0.023075;-0.009510;-1.153.114
-0.003921;-0.019087;-1.631.955
-0.023075;0.000067;-1.718.146
-0.013498;-0.009510;-1.344.650
-0.003921;-0.009510;-0.760466
-0.013498;0.028797;-0.061358
0.024809;0.009644;1.269.817
0.024809;0.009644;1.739.081
0.015232;0.000067;1.834.849
0.024809;0.000067;1.241.087
0.024809;0.009644;0.618595
-0.023075;0.009644;-0.128396
-0.013498;-0.009510;-0.808350
-0.032652;0.000067;-1.708.570
-0.013498;-0.009510;-1.813.914
-0.013498;0.000067;-1.603.224
-0.013498;0.000067;-0.492314
-0.013498;-0.009510;0.235522
0.005656;0.009644;0.934629
0.024809;0.028797;1.767.812
0.024809;0.038374;1.758.235
-0.003921;-0.009510;1.528.392
0.005656;0.028797;1.020.821
-0.003921;0.000067;-0.434854
-0.032652;-0.019087;-1.066.923
-0.003921;-0.009510;-1.526.609
-0.013498;-0.038240;-1.775.607
-0.042228;-0.019087;-1.440.418
-0.013498;-0.009510;-0.865810
0.005656;-0.009510;0.551558
0.015232;0.000067;1.164.473
0.024809;0.009644;1.624.160
0.024809;-0.019087;1.796.542
0.024809;0.000067;1.356.009
0.005656;0.028797;0.752670
-0.003921;0.000067;0.024833
-0.032652;-0.047817;-1.268.036
-0.013498;-0.009510;-1.660.686
-0.023075;0.000067;-1.670.262
-0.023075;0.000067;-1.670.262
-0.003921;-0.019087;-0.588082
-0.003921;0.009644;0.101447
0.015232;-0.009510;0.781401
0.034386;0.019220;1.748.658
0.024809;0.028797;1.796.542
0.024809;0.000067;1.585.853
0.005656;0.009644;0.455790
0.015232;0.009644;-0.272048
-0.023075;-0.019087;-0.942425
-0.023075;0.009644;-1.469.149
-0.013498;0.009644;-1.775.607
-0.023075;-0.028664;-1.497.879
-0.013498;0.009644;-0.980732
0.015232;0.009644;0.398329
0.034386;-0.009510;1.039.974
0.024809;0.000067;1.576.276
0.024809;0.000067;1.719.928
0.015232;0.009644;1.413.470
0.015232;-0.009510;0.896322
0.005656;0.019220;0.168485
-0.023075;0.009644;-1.181.845
-0.013498;-0.009510;-1.612.801
-0.023075;-0.009510;-1.813.914
-0.023075;-0.009510;-1.315.920
-0.003921;-0.009510;-0.712582
-0.003921;-0.009510;-0.023051
0.005656;-0.009510;1.279.394
0.015232;0.009644;1.672.044
0.024809;0.009644;1.815.696
0.024809;-0.009510;1.624.160
-0.003921;0.000067;0.618595
-0.003921;0.009644;-0.128396
-0.023075;-0.019087;-0.808350
-0.023075;0.000067;-1.708.570
-0.042228;-0.009510;-1.813.914
-0.023075;0.000067;-1.584.070
-0.003921;0.009644;-0.482738
0.005656;-0.009510;0.264253
0.015232;0.000067;0.925053
0.015232;0.009644;1.461.354
0.034386;-0.009510;1.739.081
0.015232;0.009644;1.470.931
0.024809;0.000067;0.972937
0.005656;0.009644;-0.425277
-0.003921;-0.009510;-1.086.077
-0.013498;-0.019087;-1.536.186
-0.003921;0.009644;-1.785.184
-0.003921;0.009644;-1.392.534
-0.003921;-0.009510;-0.856234
0.015232;-0.019087;-0.176280
0.005656;0.009644;1.174.049
0.053540;0.000067;1.605.006
0.015232;0.038374;1.786.965
0.034386;0.038374;1.672.044
0.034386;0.009644;0.723940
-0.003921;0.019220;0.005679
-0.003921;0.000067;-0.703005
-0.023075;0.000067;-1.660.686
-0.023075;-0.019087;-1.804.338
-0.003921;-0.009510;-1.622.377
-0.003921;0.000067;-0.588082
0.005656;-0.009510;0.130177
0.024809;0.000067;0.790977
0.024809;0.028797;1.375.163
0.034386;0.019220;1.777.389
0.034386;0.019220;1.547.545
0.015232;0.009644;1.078.281
-0.023075;0.000067;-0.252894
-0.023075;-0.019087;-0.980732
0.005656;-0.019087;-1.459.572
-0.013498;-0.019087;-1.756.454
-0.023075;-0.009510;-1.478.725
-0.023075;-0.009510;-0.952002
-0.013498;0.000067;-0.291202
0.015232;0.028797;1.068.705
0.034386;-0.009510;1.537.969
0.024809;0.009644;1.700.774
0.024809;0.038374;1.384.740
0.015232;-0.009510;0.838861
-0.013498;0.019220;0.120601
-0.032652;0.009644;-0.559352
-0.023075;-0.028664;-1.622.377
-0.042228;-0.009510;-1.785.184
-0.013498;0.009644;-1.679.839
-0.013498;0.028797;-0.693428
-0.003921;0.009644;-0.003898
0.015232;0.019220;0.666479
0.043963;0.038374;1.672.044
0.015232;0.000067;1.767.812
0.015232;0.028797;1.614.583
0.005656;0.009644;1.193.203
-0.003921;-0.019087;-0.128396
-0.013498;-0.009510;-0.827503
-0.023075;0.019220;-1.373.381
-0.003921;0.000067;-1.775.607
-0.023075;0.009644;-1.545.763
-0.023075;0.000067;-1.076.500
-0.003921;-0.019087;0.245099
0.043963;0.009644;0.925053
0.024809;0.028797;1.451.777
0.034386;0.028797;1.758.235
0.015232;0.009644;1.442.201
0.015232;0.000067;0.963360
-0.003921;0.019220;0.283406
-0.023075;-0.009510;-1.066.923
-0.013498;0.009644;-1.488.302
-0.013498;0.000067;-1.727.723
-0.003921;-0.009510;-1.373.381
-0.003921;-0.019087;-0.827503
-0.003921;0.028797;-0.157126
0.015232;0.000067;0.570711
0.015232;0.009644;1.605.006
0.024809;0.000067;1.758.235
0.024809;0.019220;1.633.737
0.015232;0.009644;0.704786
-0.003921;0.009644;0.005679
0.005656;0.000067;-0.683851
-0.013498;0.000067;-1.660.686
-0.023075;-0.009510;-1.766.030
-0.032652;0.000067;-1.603.224
-0.013498;-0.009510;-1.162.691
-0.013498;0.009644;0.139754
0.005656;0.000067;0.819708
0.034386;0.000067;1.346.433
0.024809;0.028797;1.729.505
0.024809;0.028797;1.518.815
0.005656;0.009644;1.068.705
-0.013498;-0.009510;0.427059
-0.013498;-0.009510;-0.952002
-0.003921;-0.019087;-1.440.418
-0.003921;-0.019087;-1.727.723
-0.013498;-0.009510;-1.469.149
0.005656;-0.009510;-0.913694
0.015232;-0.019087;-0.291202
0.005656;-0.028664;0.417482
0.034386;-0.009510;1.557.122
0.034386;0.000067;1.758.235
0.005656;0.038374;1.662.467
0.005656;0.000067;0.819708
-0.003921;-0.009510;0.139754
-0.013498;0.000067;-0.588082
-0.023075;-0.009510;-1.574.493
-0.023075;0.000067;-1.775.607
-0.023075;-0.028664;-1.651.109
-0.003921;0.000067;-1.268.036
0.005656;0.009644;-0.003898
0.005656;0.000067;0.685633
0.024809;0.009644;1.279.394
0.024809;0.000067;1.767.812
0.024809;0.000067;1.557.122
0.024809;0.000067;1.154.896
0.024809;0.000067;0.551558
-0.013498;-0.019087;-0.846657
-0.013498;-0.009510;-1.363.804
-0.013498;-0.038240;-1.670.262
-0.013498;-0.028664;-1.526.609
-0.013498;0.000067;-1.019.039
-0.003921;0.009644;-0.406123
0.015232;0.009644;0.905899
0.024809;0.028797;1.442.201
0.005656;-0.009510;1.729.505
0.024809;0.009644;1.691.197
0.034386;-0.009510;0.934629
-0.003921;0.009644;0.245099
-0.032652;-0.019087;-0.434854
-0.023075;-0.009510;-1.507.456
-0.003921;-0.009510;-1.737.300
-0.023075;0.000067;-1.670.262
-0.013498;0.009644;-0.817926
0.015232;0.000067;-0.128396
0.024809;0.009644;0.551558
0.024809;0.000067;1.164.473
0.043963;0.009644;1.758.235
0.015232;0.000067;1.614.583
0.043963;0.019220;1.241.087
0.024809;-0.009510;-0.032628
-0.032652;0.019220;-0.712582
-0.032652;-0.019087;-1.258.459
-0.032652;0.000067;-1.756.454
-0.013498;0.000067;-1.574.493
-0.003921;0.000067;-1.143.538
-0.003921;0.019220;-0.540198
0.024809;-0.009510;0.810131
0.043963;-0.009510;1.356.009
0.034386;-0.009510;1.700.774
0.024809;0.009644;1.490.085
0.024809;-0.009510;1.020.821
-0.003921;0.009644;0.360022
-0.003921;-0.009510;-0.291202
-0.023075;-0.019087;-1.411.688
-0.032652;-0.019087;-1.708.570
-0.023075;-0.009510;-1.679.839
0.005656;0.000067;-0.884964
-0.003921;-0.009510;-0.262471
0.015232;-0.009510;0.427059
0.024809;0.009644;1.518.815
0.043963;-0.009510;1.739.081
0.015232;0.028797;1.672.044
0.005656;0.019220;1.336.856
0.005656;-0.009510;0.091870
-0.013498;0.000067;-0.588082
-0.023075;-0.009510;-1.153.114
-0.023075;-0.019087;-1.727.723
-0.013498;0.000067;-1.603.224
-0.032652;-0.009510;-1.229.729
-0.003921;-0.028664;-0.655121
0.015232;0.000067;0.685633
0.024809;0.019220;1.260.241
0.034386;0.019220;1.633.737
0.015232;-0.009510;1.518.815
0.034386;0.000067;1.135.742
0.005656;0.009644;0.503674
-0.023075;-0.009510;-0.846657
-0.023075;0.009644;-1.363.804
-0.013498;-0.028664;-1.670.262
-0.003921;-0.028664;-1.708.570
-0.003921;-0.019087;-1.009.462
0.005656;-0.009510;0.283406
0.034386;0.009644;1.432.624
0.024809;0.000067;1.681.621
-0.003921;0.019220;1.652.890
0.024809;0.009644;1.394.317
0.005656;0.009644;0.235522
-0.023075;-0.019087;-0.434854
-0.013498;-0.019087;-1.076.500
-0.003921;-0.009510;-1.698.993
-0.023075;-0.028664;-1.651.109
-0.013498;-0.009510;-1.315.920
-0.013498;0.000067;-0.090089
0.005656;-0.009510;0.570711
0.015232;0.028797;1.154.896
0.015232;0.038374;1.576.276
0.034386;0.019220;1.614.583
0.005656;-0.009510;1.212.357
0.024809;0.009644;0.637749
-0.013498;-0.019087;-0.722158
-0.013498;0.000067;-1.268.036
-0.023075;-0.028664;-1.603.224
-0.003921;0.000067;-1.564.917
-0.003921;-0.009510;-1.114.807
-0.013498;-0.019087;-0.501891
-0.013498;-0.009510;0.168485
0.015232;-0.009510;1.336.856
0.043963;0.019220;1.681.621
0.005656;0.000067;1.691.197
0.034386;0.009644;0.992090
0.015232;-0.019087;0.369598
-0.003921;0.000067;-0.319932
-0.032652;0.000067;-0.971155
-0.003921;0.009644;-1.679.839
-0.013498;0.000067;-1.670.262
-0.003921;-0.009510;-1.382.957
-0.003921;0.000067;-0.224164
-0.003921;0.000067;0.436636
0.005656;0.019220;1.059.128
0.024809;0.019220;1.710.351
0.024809;0.019220;1.595.429
0.005656;0.019220;1.279.394
0.024809;0.009644;0.771824
-0.023075;0.000067;-0.607236
-0.032652;-0.019087;-1.153.114
-0.023075;-0.019087;-1.545.763
-0.003921;-0.009510;-1.603.224
-0.003921;0.000067;-1.191.422
-0.023075;-0.019087;-0.626390
-0.003921;0.000067;0.024833
0.024809;0.009644;1.260.241
0.024809;0.009644;1.624.160
0.024809;0.009644;1.710.351
0.015232;-0.009510;1.068.705
-0.003921;0.000067;0.503674
-0.023075;0.000067;-0.195434
0.005656;0.000067;-1.344.650
-0.003921;0.000067;-1.641.532
-0.042228;-0.009510;-1.689.416
-0.013498;0.000067;-1.497.879
-0.013498;0.009644;-0.358239
-0.003921;-0.009510;0.292983
0.005656;0.019220;0.944206
0.053540;0.009644;1.672.044
0.043963;0.019220;1.633.737
0.015232;0.000067;1.365.586
0.005656;0.009644;0.206792
0.015232;0.019220;-0.444430
-0.003921;-0.019087;-1.047.770
-0.013498;-0.009510;-1.488.302
-0.023075;-0.009510;-1.593.647
-0.013498;0.009644;-1.287.189
-0.023075;-0.009510;-0.741312
0.005656;0.000067;0.541981
0.005656;0.028797;1.154.896
0.024809;0.028797;1.557.122
0.024809;0.028797;1.691.197
0.024809;0.000067;1.202.780
-0.032652;0.009644;0.609018
-0.013498;0.000067;-0.051782
-0.013498;-0.019087;-1.248.882
-0.003921;0.009644;-1.603.224
-0.023075;0.000067;-1.689.416
-0.013498;-0.009510;-1.047.770
0.005656;0.009644;-0.473161
0.024809;0.009644;0.187638
-0.003921;0.000067;0.829285
0.024809;0.009644;1.652.890
0.024809;0.019220;1.652.890
0.024809;0.009644;1.442.201
0.005656;-0.009510;0.321713
-0.013498;-0.009510;-0.319932
-0.013498;-0.028664;-0.932848
-0.003921;0.019220;-1.641.532
-0.023075;0.019220;-1.660.686
-0.032652;-0.019087;-1.354.227
-0.003921;0.019220;-0.846657
0.015232;-0.009510;0.455790
0.024809;0.028797;1.078.281
0.024809;0.028797;1.672.044
0.015232;0.028797;1.595.429
0.024809;-0.019087;1.288.971
0.005656;0.019220;0.743093
-0.003921;0.009644;0.053563
-0.023075;0.009644;-1.172.268
-0.023075;-0.019087;-1.555.340
-0.023075;0.019220;-1.708.570
-0.023075;-0.019087;-1.181.845
-0.013498;-0.009510;-0.597659
-0.013498;-0.009510;0.695210
0.015232;0.019220;1.260.241
0.024809;0.000067;1.624.160
0.005656;0.019220;1.672.044
0.015232;-0.009510;1.499.661
-0.003921;0.019220;0.455790
-0.013498;-0.019087;-0.214587
-0.032652;-0.009510;-0.856234
-0.023075;-0.019087;-1.631.955
-0.013498;0.009644;-1.440.418
-0.013498;-0.028664;-0.348662
-0.013498;0.000067;0.321713
0.015232;0.019220;0.982513
0.043963;0.000067;1.442.201
0.015232;0.019220;1.595.429
0.024809;0.019220;1.336.856
0.043963;-0.009510;0.829285
-0.013498;0.000067;-0.463584
-0.003921;-0.019087;-1.076.500
-0.003921;-0.009510;-1.488.302
-0.003921;-0.019087;-1.670.262
-0.013498;-0.028664;-1.239.305
-0.003921;0.000067;-0.693428
-0.023075;-0.009510;-0.070935
0.015232;0.019220;1.164.473
0.043963;0.028797;1.547.545
0.024809;0.038374;1.662.467
0.024809;0.000067;1.145.319
0.024809;0.009644;0.589865
-0.003921;0.000067;-0.090089
-0.013498;-0.019087;-0.722158
-0.013498;0.000067;-1.584.070
-0.032652;-0.019087;-1.670.262
-0.013498;-0.019087;-1.459.572
-0.003921;-0.009510;-0.444430
0.005656;0.000067;0.158908
-0.013498;0.000067;0.829285
0.024809;0.009644;1.346.433
0.024809;0.009644;1.633.737
0.024809;0.019220;1.442.201
0.015232;-0.009510;0.963360
-0.023075;0.000067;-0.348662
-0.023075;0.009644;-0.971155
-0.003921;-0.019087;-1.373.381
-0.013498;-0.019087;-1.622.377
-0.032652;0.000067;-1.354.227
-0.013498;0.000067;-0.846657
-0.013498;0.000067;-0.224164
0.024809;0.000067;1.049.551
0.024809;0.047951;1.499.661
0.024809;0.028797;1.681.621
0.015232;0.019220;1.250.664
-0.003921;0.028797;0.695210
-0.003921;0.009644;0.024833
-0.013498;0.009644;-1.133.961
-0.023075;-0.019087;-1.497.879
-0.013498;-0.028664;-1.660.686
-0.013498;-0.019087;-1.564.917
-0.013498;0.000067;-0.588082
-0.003921;0.000067;0.091870
0.034386;0.009644;0.723940
0.015232;0.000067;1.557.122
0.015232;0.019220;1.662.467
0.015232;0.019220;1.461.354
0.015232;-0.028664;1.030.397
-0.003921;-0.009510;-0.224164
-0.023075;0.000067;-0.846657
-0.003921;0.000067;-1.325.497
-0.003921;0.000067;-1.641.532
-0.013498;0.000067;-1.392.534
-0.013498;0.000067;-0.932848
-0.013498;-0.009510;0.360022
0.015232;0.000067;0.944206
0.024809;0.028797;1.375.163
0.024809;0.038374;1.624.160
0.005656;0.009644;1.288.971
0.024809;-0.009510;0.810131
0.015232;0.009644;0.158908
-0.023075;-0.009510;-1.047.770
-0.023075;0.000067;-1.478.725
-0.023075;-0.009510;-1.631.955
-0.013498;0.000067;-1.229.729
-0.003921;0.000067;-0.683851
0.005656;0.000067;-0.061358
-0.013498;0.000067;0.589865
0.043963;0.019220;1.518.815
0.024809;0.000067;1.624.160
0.043963;0.009644;1.480.508
0.015232;-0.019087;0.580288
-0.013498;0.000067;-0.090089
-0.003921;-0.009510;-0.741312
-0.013498;-0.019087;-1.229.729
-0.023075;-0.019087;-1.631.955
-0.023075;-0.009510;-1.440.418
-0.003921;0.000067;-0.434854
-0.003921;0.028797;0.216369
0.005656;0.009644;0.848438
0.034386;0.009644;1.317.702
0.034386;0.000067;1.633.737
0.034386;-0.019087;1.375.163
0.024809;0.000067;0.925053
-0.013498;-0.009510;0.292983
-0.013498;0.019220;-0.942425
-0.032652;0.000067;-1.392.534
-0.003921;-0.028664;-1.603.224
0.015232;-0.019087;-1.296.766
-0.003921;-0.009510;-0.789196
0.005656;-0.009510;-0.176280
-0.003921;0.019220;1.059.128
0.024809;-0.009510;1.442.201
0.024809;0.009644;1.652.890
0.024809;0.019220;1.518.815
0.005656;0.000067;0.704786
-0.003921;-0.019087;0.034410
-0.013498;0.000067;-0.645543
-0.023075;0.000067;-1.517.033
-0.013498;0.000067;-1.631.955
-0.003921;0.000067;-1.507.456
-0.013498;0.009644;-0.530622
-0.013498;0.000067;0.101447
0.005656;0.000067;0.723940
0.015232;0.000067;1.221.933
0.015232;0.000067;1.614.583
0.024809;0.009644;1.413.470
0.015232;0.009644;1.001.667
-0.013498;-0.019087;-0.214587
-0.013498;0.000067;-0.846657
-0.032652;-0.009510;-1.335.073
-0.023075;-0.019087;-1.593.647
-0.003921;-0.028664;-1.354.227
-0.023075;-0.019087;-0.904118
-0.013498;0.009644;-0.291202
0.015232;-0.009510;0.934629
0.024809;0.009644;1.413.470
0.015232;0.019220;1.605.006
0.024809;0.019220;1.269.817
0.034386;-0.009510;0.810131
0.015232;0.000067;0.158908
-0.013498;-0.019087;-0.521045
-0.013498;0.019220;-1.421.265
-0.013498;-0.009510;-1.612.801
-0.023075;0.009644;-1.200.998
-0.003921;-0.009510;-0.645543
-0.013498;0.000067;-0.051782
0.005656;-0.019087;0.580288
0.024809;0.019220;1.145.319
0.005656;0.019220;1.633.737
0.024809;0.009644;1.480.508
0.015232;0.019220;1.116.589
0.015232;0.009644;-0.137973
-0.013498;-0.009510;-0.741312
-0.003921;0.009644;-1.258.459
-0.013498;-0.009510;-1.631.955
-0.032652;-0.028664;-1.421.265
-0.013498;-0.009510;-1.028.616
-0.003921;0.009644;-0.425277
0.015232;0.009644;0.819708
0.034386;0.009644;1.336.856
0.005656;0.000067;1.585.853
0.034386;0.009644;1.336.856
-0.003921;0.000067;0.877169
-0.013498;-0.019087;0.292983
-0.003921;0.009644;-0.386970
-0.003921;-0.009510;-1.373.381
-0.023075;0.019220;-1.603.224
-0.023075;0.000067;-1.564.917
0.005656;-0.009510;-0.798773
-0.003921;0.000067;-0.137973
0.015232;-0.009510;0.484520
0.024809;0.019220;1.461.354
0.043963;0.009644;1.614.583
-0.003921;0.019220;1.509.238
0.024809;0.019220;1.164.473
-0.013498;0.000067;0.024833
-0.013498;-0.019087;-0.645543
-0.003921;-0.019087;-1.143.538
-0.023075;0.009644;-1.622.377
-0.032652;-0.009510;-1.488.302
-0.032652;-0.009510;-1.086.077
-0.013498;-0.009510;0.111024
-0.003921;0.000067;0.733517
0.034386;0.028797;1.212.357
0.034386;0.019220;1.537.969
0.034386;0.009644;1.442.201
0.015232;0.009644;0.963360
-0.003921;-0.009510;0.407906
-0.013498;0.009644;-0.884964
-0.023075;0.000067;-1.296.766
-0.013498;-0.019087;-1.536.186
-0.013498;0.009644;-1.564.917
-0.003921;-0.019087;-0.856234
0.005656;0.009644;-0.262471
-0.023075;-0.019087;0.331290
0.024809;0.038374;1.403.893
0.034386;0.028797;1.614.583
0.034386;0.019220;1.528.392
-0.003921;0.009644;0.771824
-0.003921;0.000067;0.120601
0.005656;0.000067;-0.530622
-0.023075;-0.019087;-1.047.770
-0.003921;0.009644;-1.593.647
-0.013498;0.000067;-1.507.456
-0.003921;-0.028664;-1.181.845
-0.003921;0.000067;-0.003898
-0.003921;0.000067;0.609018
0.024809;0.009644;1.154.896
0.015232;0.019220;1.614.583
-0.003921;0.019220;1.461.354
0.015232;0.009644;1.059.128
-0.003921;0.009644;0.522827
-0.032652;0.000067;-0.741312
-0.013498;-0.019087;-1.239.305
-0.013498;0.009644;-1.545.763
-0.023075;0.000067;-1.392.534
-0.032652;-0.019087;-0.961578
-0.003921;0.000067;-0.406123
0.024809;0.019220;0.225945
0.015232;0.000067;1.327.279
0.043963;0.000067;1.576.276
0.024809;0.009644;1.566.699
0.024809;0.009644;0.877169
-0.003921;0.009644;0.225945
-0.013498;0.009644;-0.367816
-0.003921;-0.009510;-1.392.534
-0.013498;-0.009510;-1.545.763
-0.013498;0.000067;-1.564.917
-0.003921;-0.009510;-0.741312
0.005656;0.009644;-0.147550
0.005656;0.000067;0.494097
0.015232;0.000067;1.030.397
0.043963;0.009644;1.614.583
0.015232;0.028797;1.480.508
0.015232;-0.009510;1.135.742
0.005656;0.019220;-0.003898
-0.023075;-0.019087;-0.635966
-0.023075;0.000067;-1.153.114
-0.003921;0.000067;-1.478.725
-0.013498;-0.009510;-1.430.841
-0.003921;-0.009510;-1.047.770
-0.013498;-0.009510;-0.501891
0.015232;-0.009510;0.723940
0.034386;-0.028664;1.269.817
0.005656;0.009644;1.537.969
0.015232;0.000067;1.566.699
0.015232;0.019220;0.953783
0.005656;0.028797;0.360022
-0.023075;0.000067;-0.281625
-0.023075;0.000067;-1.306.343
-0.023075;-0.009510;-1.526.609
-0.023075;0.000067;-1.564.917
-0.003921;-0.019087;-0.837080
0.015232;0.000067;-0.233741
0.024809;0.009644;0.379175
0.034386;0.009644;0.963360
0.024809;0.019220;1.585.853
-0.003921;0.009644;1.518.815
0.005656;0.009644;1.231.510
-0.003921;0.000067;0.091870
-0.023075;0.009644;-0.521045
-0.013498;-0.028664;-1.076.500
-0.032652;-0.009510;-1.430.841
-0.023075;-0.009510;-1.478.725
-0.013498;0.019220;-1.114.807
-0.032652;0.009644;-0.588082
0.005656;-0.009510;0.609018
0.024809;0.009644;1.174.049
0.015232;0.000067;1.480.508
0.015232;0.019220;1.403.893
0.015232;0.000067;1.049.551
0.015232;0.000067;0.465366
0.005656;-0.009510;-0.147550
-0.032652;0.000067;-1.239.305
-0.013498;0.000067;-1.517.033
-0.023075;-0.009510;-1.555.340
-0.013498;0.009644;-0.932848
-0.003921;-0.019087;-0.367816
0.005656;0.009644;0.264253
0.034386;0.009644;1.298.548
0.024809;0.009644;1.528.392
0.005656;0.009644;1.509.238
0.024809;0.000067;1.250.664
0.015232;-0.009510;0.206792
-0.032652;-0.009510;-0.406123
-0.023075;0.000067;-0.961578
-0.003921;0.009644;-1.555.340
-0.023075;-0.009510;-1.536.186
-0.032652;-0.019087;-1.210.575
0.005656;0.000067;-0.693428
0.005656;0.009644;0.522827
0.015232;0.009644;1.078.281
0.024809;0.019220;1.470.931
0.034386;0.009644;1.442.201
-0.003921;0.000067;1.116.589
0.005656;0.019220;0.570711
-0.013498;-0.019087;-0.655121
-0.003921;0.000067;-1.133.961
-0.013498;-0.038240;-1.459.572
-0.003921;0.009644;-1.574.493
-0.003921;0.000067;-0.999886
-0.013498;-0.009510;-0.454007
0.015232;-0.009510;0.149331
0.005656;0.000067;1.241.087
0.043963;0.028797;1.528.392
0.024809;0.019220;1.537.969
0.034386;0.019220;1.327.279
0.015232;0.000067;0.360022
-0.013498;0.019220;-0.291202
-0.013498;-0.019087;-0.865810
-0.023075;-0.009510;-1.545.763
-0.013498;-0.019087;-1.517.033
-0.013498;-0.009510;-1.277.613
0.005656;0.009644;-0.214587
0.015232;0.009644;0.388752
-0.003921;0.009644;0.953783
0.005656;0.009644;1.375.163
0.024809;-0.009510;1.509.238
0.024809;0.009644;1.193.203
0.024809;0.009644;0.666479
-0.023075;0.000067;-0.559352
-0.013498;-0.009510;-1.066.923
0.005656;-0.019087;-1.430.841
-0.003921;-0.009510;-1.478.725
-0.003921;-0.019087;-1.105.230
0.005656;0.019220;-0.607236
-0.003921;0.000067;0.024833
0.015232;0.009644;1.135.742
0.005656;0.019220;1.480.508
0.024809;0.038374;1.557.122
0.005656;0.009644;1.011.244
0.024809;0.019220;0.465366
-0.003921;0.019220;-0.166703
-0.003921;0.000067;-0.770042
-0.051805;-0.019087;-1.517.033
-0.013498;-0.028664;-1.517.033
-0.013498;-0.009510;-1.344.650
-0.003921;0.000067;-0.329509
-0.003921;0.009644;0.292983
0.015232;0.000067;0.867592
0.024809;0.019220;1.547.545
0.024809;0.009644;1.518.815
0.024809;0.028797;1.241.087
0.015232;0.000067;0.790977
-0.003921;-0.009510;-0.425277
-0.023075;-0.019087;-0.971155
-0.023075;0.000067;-1.344.650
-0.023075;-0.009510;-1.488.302
-0.032652;-0.009510;-0.683851
0.005656;0.009644;0.541981
0.005656;0.009644;1.087.858
0.015232;0.009644;1.423.047
0.043963;-0.009510;1.557.122
0.015232;0.000067;1.107.012
0.015232;-0.019087;0.532404
-0.023075;0.009644;-0.042205
-0.023075;0.000067;-1.143.538
-0.013498;-0.009510;-1.449.995
-0.013498;-0.019087;-1.545.763
-0.023075;0.009644;-1.363.804
-0.013498;-0.009510;-0.406123
-0.013498;-0.009510;0.149331
0.015232;0.009644;0.752670
0.015232;0.009644;1.509.238
0.043963;0.009644;1.518.815
0.005656;0.019220;1.288.971
-0.003921;0.000067;0.302560
0.005656;0.019220;-0.310355
-0.023075;-0.009510;-0.875387
-0.003921;0.000067;-1.277.613
-0.013498;-0.019087;-1.507.456
-0.023075;-0.009510;-1.229.729
-0.013498;0.000067;-0.789196
-0.013498;0.000067;0.407906
0.005656;0.000067;0.972937
0.024809;0.038374;1.384.740
0.005656;0.000067;1.490.085
0.024809;0.019220;1.145.319
0.024809;0.009644;0.685633
-0.003921;0.000067;0.063140
-0.013498;0.009644;-1.047.770
-0.003921;-0.019087;-1.421.265
-0.003921;0.000067;-1.564.917
-0.003921;-0.009510;-1.086.077
-0.023075;0.019220;-0.549775
0.005656;0.009644;0.063140
0.034386;0.009644;1.183.626
0.024809;0.000067;1.451.777
0.034386;0.009644;1.528.392
0.015232;0.000067;1.375.163
-0.003921;0.009644;0.417482
-0.013498;0.019220;-0.166703
-0.003921;0.000067;-1.497.879
-0.013498;-0.009510;-1.536.186
-0.023075;0.000067;-1.277.613
-0.013498;0.009644;-0.846657
-0.003921;-0.009510;0.292983
0.015232;0.009644;0.896322
0.034386;0.009644;1.288.971
0.024809;0.000067;1.490.085
0.053540;0.009644;1.241.087
0.015232;0.000067;0.752670
0.015232;0.019220;0.149331
-0.023075;0.009644;-0.971155
-0.023075;-0.019087;-1.363.804
-0.003921;0.000067;-1.564.917
-0.013498;0.009644;-1.162.691
0.015232;-0.028664;-0.655121
0.024809;-0.019087;-0.061358
0.024809;0.000067;1.068.705
0.005656;0.000067;1.423.047
0.024809;-0.009510;1.384.740
0.005656;0.009644;-0.080512
-0.003921;0.009644;-0.674274
-0.023075;0.000067;-1.469.149
0.005656;-0.009510;-1.536.186
-0.013498;0.009644;-1.335.073
-0.003921;-0.009510;-0.425277
-0.003921;0.000067;0.158908
0.015232;0.019220;0.790977
0.024809;0.009644;1.231.510
0.015232;-0.009510;1.499.661
0.024809;0.000067;1.279.394
0.015232;0.000067;0.867592
-0.023075;0.000067;-0.329509
-0.003921;0.009644;-0.856234
-0.013498;-0.009510;-1.287.189
-0.023075;-0.009510;-1.488.302
-0.013498;0.009644;-1.239.305
-0.013498;0.009644;-0.741312
-0.003921;0.000067;-0.205010
0.015232;0.009644;0.972937
0.015232;-0.009510;1.346.433
0.015232;-0.009510;1.528.392
0.024809;0.000067;1.126.165
0.015232;0.009644;0.628172
0.005656;0.009644;0.043986
-0.023075;-0.009510;-0.549775
-0.003921;-0.019087;-1.411.688
-0.013498;0.000067;-1.526.609
-0.003921;-0.019087;-1.392.534
-0.013498;-0.009510;-0.521045
0.015232;0.000067;0.063140
0.015232;0.000067;0.647326
0.034386;0.000067;1.135.742
0.024809;0.009644;1.537.969
0.015232;0.009644;1.327.279
0.015232;0.009644;0.944206
-0.023075;0.000067;-0.205010
-0.013498;-0.009510;-0.770042
-0.013498;0.000067;-1.239.305
-0.032652;0.009644;-1.488.302
-0.003921;-0.009510;-1.268.036
-0.003921;-0.009510;-0.865810
0.005656;-0.009510;-0.272048
0.005656;0.019220;0.867592
0.015232;0.000067;1.288.971
0.034386;0.009644;1.509.238
0.015232;0.009644;1.183.626
-0.013498;0.019220;0.752670
0.005656;-0.009510;0.178061
-0.023075;0.009644;-1.028.616
-0.042228;0.000067;-1.335.073
-0.032652;0.000067;-1.497.879
-0.023075;-0.009510;-1.421.265
-0.013498;-0.009510;-0.607236
-0.003921;0.028797;-0.051782
0.005656;0.000067;0.522827
0.024809;0.000067;1.394.317
0.034386;0.019220;1.518.815
0.024809;0.000067;1.365.586
0.005656;0.019220;1.039.974
-0.032652;0.000067;-0.099666
-0.023075;0.000067;-0.683851
-0.013498;0.000067;-1.143.538
-0.023075;-0.028664;-1.488.302
0.005656;0.000067;-1.306.343
0.005656;-0.019087;-0.932848
-0.003921;0.000067;0.235522
0.015232;0.019220;0.733517
0.015232;0.019220;1.221.933
0.024809;0.019220;1.490.085
0.015232;0.019220;1.260.241
-0.003921;0.028797;0.819708
0.015232;0.009644;-0.339086
-0.023075;0.009644;-0.904118
-0.003921;0.019220;-1.306.343
-0.013498;-0.019087;-1.478.725
-0.003921;-0.009510;-1.459.572
-0.013498;0.009644;-0.722158
0.005656;0.000067;-0.147550
0.005656;0.019220;0.407906
0.024809;0.009644;1.356.009
0.034386;0.000067;1.499.661
0.015232;0.000067;1.384.740
0.015232;0.028797;0.609018
-0.013498;0.000067;0.015256
-0.003921;0.000067;-0.588082
-0.013498;-0.019087;-1.066.923
-0.003921;0.009644;-1.497.879
-0.013498;0.000067;-1.354.227
-0.003921;-0.028664;-1.028.616
-0.003921;0.009644;0.082294
-0.003921;0.019220;0.647326
0.024809;0.028797;1.461.354
0.005656;0.009644;1.451.777
0.034386;0.009644;1.317.702
0.005656;0.009644;0.925053
-0.013498;0.009644;0.369598
-0.013498;0.000067;-0.798773
-0.023075;-0.019087;-1.220.152
-0.003921;-0.019087;-1.459.572
-0.003921;-0.019087;-1.248.882
-0.023075;0.000067;-0.827503
0.005656;0.019220;0.340868
0.005656;0.019220;0.340868
0.015232;0.009644;1.269.817
0.015232;0.000067;1.499.661
0.005656;0.009644;1.413.470
0.024809;-0.009510;0.714363
-0.013498;-0.009510;0.139754
-0.023075;0.000067;-0.454007
-0.042228;0.000067;-1.335.073
-0.003921;0.009644;-1.478.725
-0.023075;0.000067;-1.392.534
-0.003921;-0.019087;-1.076.500
0.005656;-0.009510;-0.032628
0.005656;0.019220;0.551558
0.005656;0.000067;1.078.281
0.015232;-0.009510;1.470.931
0.024809;0.009644;1.327.279
0.005656;0.009644;0.972937
-0.013498;0.009644;-0.099666
-0.013498;-0.009510;-0.664698
-0.023075;0.000067;-1.133.961
-0.013498;0.000067;-1.421.265
-0.003921;0.000067;-1.296.766
-0.013498;-0.009510;-0.894541
-0.013498;-0.019087;-0.377393
0.034386;0.019220;0.790977
0.043963;-0.019087;1.221.933
0.024809;0.009644;1.451.777
0.015232;0.009644;1.451.777
0.015232;0.028797;0.790977
-0.003921;0.009644;0.235522
-0.023075;-0.009510;-0.377393
-0.013498;0.000067;-1.258.459
-0.023075;-0.009510;-1.449.995
-0.023075;-0.009510;-1.440.418
-0.023075;0.000067;-0.674274
0.005656;0.009644;-0.118819
-0.003921;0.009644;0.465366
0.005656;0.009644;0.982513
0.005656;0.009644;1.490.085
0.015232;0.000067;1.384.740
-0.003921;0.009644;1.068.705
0.005656;0.000067;0.015256
-0.003921;-0.019087;-0.588082
-0.013498;-0.009510;-1.057.346
-0.023075;-0.019087;-1.459.572
-0.032652;-0.009510;-1.344.650
-0.003921;-0.009510;-0.961578
-0.023075;0.019220;-0.463584
-0.003921;-0.009510;0.676056
0.024809;-0.009510;1.145.319
0.024809;0.000067;1.461.354
0.015232;0.019220;1.279.394
0.015232;0.000067;0.867592
-0.003921;0.009644;0.340868
-0.003921;0.009644;-0.252894
-0.023075;0.000067;-1.210.575
-0.013498;0.009644;-1.469.149
-0.013498;-0.019087;-1.430.841
0.015232;-0.019087;-0.789196
-0.013498;0.019220;-0.214587
-0.003921;0.009644;0.331290
0.005656;0.000067;1.288.971
0.005656;0.038374;1.461.354
0.015232;0.038374;1.394.317
0.024809;0.019220;1.154.896
-0.003921;0.009644;0.091870
-0.023075;0.000067;-0.482738
-0.023075;-0.009510;-0.971155
-0.013498;-0.019087;-1.469.149
-0.023075;0.009644;-1.354.227
-0.013498;-0.019087;-1.086.077
-0.003921;0.000067;0.005679
0.005656;-0.019087;0.599442
0.015232;0.000067;1.059.128
0.024809;0.019220;1.384.740
0.005656;0.019220;1.308.125
0.024809;0.009644;0.982513
-0.023075;0.009644;-0.137973
-0.013498;-0.009510;-0.703005
-0.032652;0.000067;-1.124.384
-0.003921;0.000067;-1.392.534
-0.013498;-0.009510;-1.449.995
-0.003921;0.000067;-0.865810
-0.003921;-0.009510;-0.339086
0.005656;0.000067;0.781401
0.034386;-0.028664;1.202.780
0.043963;0.009644;1.432.624
0.005656;0.009644;1.423.047
0.015232;-0.009510;0.771824
-0.023075;0.000067;0.206792
-0.032652;-0.019087;-0.377393
-0.023075;-0.038240;-0.884964
-0.013498;0.000067;-1.449.995
-0.003921;-0.028664;-1.411.688
-0.003921;-0.009510;-1.114.807
0.005656;0.000067;-0.090089
-0.013498;0.000067;0.455790
0.024809;0.009644;0.982513
0.024809;0.009644;1.336.856
0.024809;0.000067;1.346.433
0.015232;0.028797;1.020.821
0.015232;-0.009510;0.561134
-0.003921;0.009644;-0.607236
-0.023075;0.000067;-1.038.193
-0.003921;-0.009510;-1.344.650
-0.013498;-0.009510;-1.325.497
-0.003921;-0.009510;-0.942425
-0.013498;0.000067;-0.463584
-0.003921;-0.009510;0.158908
0.024809;-0.009510;1.154.896
0.043963;0.009644;1.403.893
0.015232;0.019220;1.413.470
0.005656;0.000067;0.867592
0.005656;-0.009510;0.340868
-0.013498;-0.009510;-0.252894
-0.023075;0.000067;-0.789196
-0.003921;0.000067;-1.430.841
0.005656;-0.009510;-1.421.265
-0.023075;-0.009510;-0.731735
0.005656;0.000067;-0.224164
0.015232;0.019220;0.360022
0.024809;0.009644;0.915476
0.034386;0.028797;1.461.354
0.034386;0.028797;1.394.317
0.015232;-0.009510;1.116.589
-0.003921;0.000067;0.647326
-0.003921;0.019220;-0.511468
-0.023075;-0.019087;-0.990309
-0.013498;-0.009510;-1.315.920
-0.013498;0.019220;-1.344.650
-0.023075;0.000067;-1.028.616
0.005656;-0.019087;-0.530622
-0.003921;-0.009510;0.589865
0.005656;0.019220;1.087.858
0.015232;0.019220;1.375.163
0.043963;0.009644;1.470.931
0.005656;0.019220;0.953783
0.005656;-0.019087;0.417482
-0.003921;0.009644;-0.147550
-0.003921;-0.009510;-1.105.230
-0.023075;-0.019087;-1.392.534
-0.013498;-0.019087;-1.430.841
-0.013498;-0.019087;-1.239.305
-0.023075;0.009644;-0.339086
-0.003921;0.009644;0.235522
0.024809;0.000067;1.212.357
0.034386;0.019220;1.442.201
0.034386;0.019220;1.403.893
0.034386;0.019220;1.193.203
0.024809;0.009644;0.168485
0.015232;0.019220;-0.406123
-0.003921;0.019220;-0.894541
-0.023075;0.009644;-1.239.305
-0.023075;0.009644;-1.392.534
-0.003921;0.009644;-1.076.500
-0.003921;0.009644;-0.635966
0.005656;0.009644;0.503674
0.005656;-0.019087;0.992090
0.024809;0.028797;1.317.702
0.015232;0.009644;1.346.433
0.005656;0.028797;1.039.974
0.005656;0.000067;0.551558
-0.003921;0.000067;-0.051782
-0.003921;-0.009510;-1.047.770
-0.023075;-0.009510;-1.363.804
-0.003921;-0.038240;-1.440.418
0.005656;-0.028664;-0.942425
-0.003921;0.000067;-0.396546
0.005656;0.000067;0.130177
0.024809;0.000067;0.704786
0.024809;0.009644;1.384.740
0.024809;0.019220;1.432.624
0.015232;0.028797;1.212.357
0.005656;-0.038240;0.292983
0.005656;0.000067;-0.272048
-0.003921;0.000067;-0.827503
-0.013498;-0.019087;-1.392.534
0.005656;-0.019087;-1.392.534
-0.013498;-0.009510;-1.162.691
-0.023075;-0.019087;-0.731735
-0.003921;0.019220;0.388752
0.015232;0.000067;0.886745
0.015232;0.019220;1.269.817
0.034386;0.000067;1.346.433
0.034386;0.000067;1.068.705
0.005656;0.000067;0.628172
-0.013498;-0.009510;-0.492314
-0.013498;-0.019087;-0.980732
-0.013498;-0.028664;-1.287.189
-0.013498;-0.019087;-1.325.497
-0.013498;-0.019087;-0.990309
-0.013498;0.000067;-0.521045
-0.023075;-0.009510;0.063140
0.034386;-0.009510;1.039.974
0.024809;0.000067;1.375.163
0.005656;0.019220;1.423.047
0.015232;0.009644;1.250.664
-0.003921;-0.019087;0.407906
-0.032652;0.009644;-0.205010
-0.013498;-0.009510;-0.722158
-0.003921;0.000067;-1.363.804
-0.003921;0.019220;-1.421.265
-0.013498;0.019220;-1.200.998
-0.003921;0.000067;-0.291202
0.015232;0.000067;0.273829
0.015232;0.009644;0.790977
0.005656;0.009644;1.193.203
0.034386;0.028797;1.384.740
-0.003921;0.009644;1.164.473
0.005656;0.019220;0.733517
-0.023075;-0.019087;-0.415700
-0.032652;0.009644;-0.884964
-0.032652;0.000067;-1.239.305
-0.003921;-0.009510;-1.430.841
-0.003921;-0.019087;-1.047.770
-0.023075;0.009644;-0.588082
-0.013498;0.000067;-0.051782
0.015232;0.019220;0.992090
0.015232;0.000067;1.327.279
0.015232;0.028797;1.403.893
0.015232;0.000067;1.011.244
0.005656;0.028797;0.513250
0.005656;0.000067;-0.061358
-0.003921;-0.019087;-0.626390
-0.003921;-0.019087;-1.335.073
-0.003921;0.019220;-1.421.265
0.005656;0.000067;-1.248.882
-0.013498;0.000067;-0.377393
-0.003921;0.019220;0.158908
0.005656;0.009644;0.714363
0.024809;0.009644;1.135.742
0.024809;0.019220;1.375.163
0.015232;0.000067;1.202.780
0.015232;0.009644;0.800554
-0.003921;-0.019087;-0.319932
0.005656;0.000067;-0.827503
-0.003921;0.009644;-1.191.422
-0.032652;-0.019087;-1.382.957
-0.013498;0.009644;-1.114.807
-0.023075;0.000067;-0.683851
0.015232;0.019220;0.398329
0.005656;0.000067;0.905899
0.015232;0.009644;1.288.971
0.005656;0.019220;1.413.470
0.024809;-0.009510;1.030.397
-0.003921;0.009644;0.580288
0.005656;0.009644;0.034410
-0.013498;0.000067;-0.990309
-0.003921;0.009644;-1.287.189
-0.013498;-0.019087;-1.402.111
-0.023075;-0.009510;-1.287.189
-0.023075;-0.019087;-0.482738
-0.003921;0.019220;0.053563
0.015232;0.000067;0.637749
0.034386;0.000067;1.336.856
0.034386;0.009644;1.384.740
-0.003921;0.019220;1.250.664
0.005656;0.009644;0.829285
-0.003921;0.019220;-0.205010
-0.013498;-0.019087;-0.731735
-0.013498;0.009644;-1.124.384
-0.003921;0.000067;-1.402.111
-0.013498;0.000067;-1.181.845
0.015232;0.019220;-0.770042
0.005656;0.009644;0.283406
0.015232;0.019220;0.810131
0.034386;0.019220;1.202.780
0.015232;0.019220;1.375.163
0.024809;0.019220;1.116.589
0.024809;0.028797;0.704786
-0.003921;0.000067;0.130177
-0.003921;0.019220;-0.894541
-0.003921;0.009644;-1.239.305
-0.013498;-0.009510;-1.402.111
-0.023075;-0.009510;-0.999886
-0.003921;-0.009510;-0.559352
-0.003921;-0.009510;-0.042205
0.015232;0.019220;0.494097
0.034386;0.019220;1.298.548
0.024809;0.028797;1.394.317
0.005656;0.009644;0.953783
0.005656;0.000067;0.494097
-0.003921;-0.009510;-0.061358
-0.013498;-0.009510;-0.626390
-0.013498;0.000067;-1.057.346
-0.003921;0.000067;-1.402.111
-0.013498;-0.019087;-1.239.305
-0.003921;-0.028664;-0.865810
-0.003921;-0.019087;0.206792
0.024809;0.009644;0.733517
0.024809;0.000067;1.126.165
0.024809;-0.009510;1.375.163
0.024809;0.009644;1.145.319
0.015232;0.028797;0.781401
0.005656;0.009644;0.235522
-0.023075;0.000067;-0.817926
-0.003921;0.019220;-1.191.422
-0.023075;0.009644;-1.373.381
-0.013498;-0.009510;-1.076.500
-0.003921;0.009644;-0.674274
-0.003921;-0.019087;-0.147550
0.005656;0.009644;0.925053
0.043963;0.009644;1.241.087
0.034386;0.009644;1.394.317
0.024809;-0.009510;1.298.548
-0.003921;0.019220;0.580288
-0.003921;-0.028664;0.015256
-0.013498;-0.019087;-0.549775
-0.003921;-0.009510;-1.258.459
-0.003921;-0.009510;-1.382.957
-0.023075;0.009644;-1.277.613
-0.023075;-0.019087;-0.942425
-0.003921;-0.019087;0.082294
0.015232;0.000067;0.609018
0.024809;0.009644;1.078.281
0.024809;0.028797;1.384.740
0.005656;0.019220;1.221.933
0.024809;0.038374;0.838861
-0.013498;0.009644;-0.205010
-0.013498;-0.009510;-0.712582
-0.003921;0.009644;-1.153.114
-0.032652;-0.028664;-1.344.650
-0.003921;-0.009510;-1.143.538
-0.003921;0.000067;-0.760466
-0.013498;0.028797;-0.252894
0.015232;0.000067;0.810131
0.015232;0.019220;1.202.780
0.015232;0.019220;1.365.586
0.015232;0.000067;1.336.856
0.015232;0.019220;0.647326
0.015232;0.019220;0.139754
-0.023075;0.009644;-0.406123
-0.003921;0.009644;-1.258.459
-0.023075;-0.019087;-1.382.957
-0.032652;-0.009510;-1.277.613
-0.003921;0.009644;-0.530622
-0.003921;0.000067;0.005679
-0.013498;0.028797;0.513250
0.024809;0.009644;0.992090
0.024809;-0.009510;1.384.740
0.015232;0.038374;1.241.087
-0.003921;0.009644;0.925053
-0.023075;-0.019087;-0.099666
-0.003921;0.009644;-0.607236
-0.013498;-0.009510;-1.028.616
-0.023075;-0.009510;-1.344.650
-0.013498;-0.028664;-1.210.575
-0.023075;-0.009510;-0.827503
0.005656;-0.019087;-0.329509
0.024809;0.009644;0.743093
0.034386;0.000067;1.145.319
0.005656;0.009644;1.346.433
0.015232;0.000067;1.145.319
0.005656;0.009644;0.743093
-0.003921;0.000067;0.245099
-0.003921;-0.019087;-0.319932
-0.013498;0.000067;-1.181.845
-0.013498;-0.028664;-1.344.650
-0.023075;-0.009510;-1.315.920
-0.003921;0.009644;-0.626390
-0.013498;-0.009510;-0.090089
-0.013498;-0.009510;0.446213
0.015232;0.038374;1.269.817
0.015232;0.000067;1.384.740
0.024809;0.019220;1.260.241
0.034386;-0.019087;1.001.667
-0.013498;0.009644;-0.023051
0.005656;0.000067;-0.540198
-0.003921;0.000067;-0.980732
-0.023075;-0.009510;-1.382.957
-0.023075;0.009644;-1.239.305
-0.013498;0.000067;-0.923271
0.005656;0.009644;0.130177
0.015232;0.000067;0.618595
0.015232;0.009644;1.059.128
0.034386;0.009644;1.317.702
0.005656;0.019220;1.193.203
-0.003921;-0.009510;0.819708
0.015232;0.000067;0.340868
-0.023075;0.019220;-0.731735
-0.003921;0.000067;-1.105.230
-0.032652;-0.009510;-1.344.650
-0.023075;-0.009510;-1.344.650
-0.003921;0.000067;-0.214587
-0.013498;0.009644;0.321713
0.024809;0.028797;1.212.357
0.043963;0.019220;1.365.586
0.024809;-0.009510;1.308.125
0.024809;0.009644;0.666479
-0.013498;0.009644;0.101447
-0.013498;0.000067;-0.415700
0.015232;-0.019087;-0.894541
-0.023075;-0.009510;-1.363.804
-0.023075;-0.019087;-1.268.036
-0.013498;-0.009510;-0.549775
-0.003921;0.019220;-0.013474
-0.003921;0.019220;0.513250
0.024809;-0.009510;0.982513
0.005656;0.019220;1.356.009
0.034386;0.000067;1.231.510
0.024809;0.019220;0.905899
0.024809;0.000067;0.417482
-0.003921;-0.009510;-0.645543
-0.013498;-0.028664;-1.047.770
-0.013498;0.000067;-1.315.920
-0.003921;0.000067;-1.200.998
-0.003921;-0.019087;-0.789196
0.005656;0.000067;-0.329509
0.005656;0.000067;0.225945
0.024809;0.000067;1.135.742
0.043963;0.009644;1.336.856
0.015232;0.000067;1.336.856
-0.003921;0.009644;0.723940
0.005656;0.009644;0.197215
-0.003921;-0.009510;-0.339086
0.005656;0.009644;-1.200.998
-0.013498;-0.019087;-1.354.227
-0.032652;-0.009510;-1.306.343
-0.013498;-0.009510;-1.028.616
-0.013498;0.000067;-0.099666
0.005656;0.009644;0.436636
0.015232;-0.009510;0.877169
0.034386;0.009644;1.346.433
0.005656;0.019220;1.250.664
0.015232;0.009644;0.953783
0.005656;0.000067;0.541981
0.015232;0.000067;-0.540198
-0.023075;-0.019087;-0.971155
-0.013498;-0.019087;-1.268.036
-0.023075;0.000067;-1.229.729
-0.003921;-0.028664;-0.884964
-0.023075;-0.009510;-0.415700
0.005656;0.000067;0.628172
0.015232;0.028797;1.059.128
0.024809;0.009644;1.298.548
0.024809;0.000067;1.346.433
-0.003921;0.009644;0.829285
-0.013498;0.009644;0.302560
-0.003921;-0.009510;-0.214587
-0.003921;-0.019087;-1.105.230
-0.013498;-0.009510;-1.344.650
-0.013498;-0.019087;-1.325.497
-0.003921;0.000067;-0.703005
-0.023075;0.000067;-0.195434
-0.003921;0.000067;0.321713
0.034386;0.028797;0.819708
0.015232;0.009644;1.327.279
0.015232;0.009644;1.298.548
0.015232;0.000067;1.020.821
-0.013498;0.000067;0.101447
-0.003921;0.009644;-0.444430
-0.013498;-0.019087;-0.913694
-0.013498;0.000067;-1.220.152
-0.013498;-0.028664;-1.258.459
-0.003921;-0.019087;-0.971155
0.005656;0.000067;-0.511468
0.005656;0.019220;0.541981
0.034386;0.028797;0.982513
0.024809;0.000067;1.279.394
0.005656;0.009644;1.193.203
0.015232;0.019220;0.886745
0.005656;0.009644;0.388752
0.005656;0.009644;-0.147550
-0.042228;-0.038240;-1.038.193
-0.023075;0.000067;-1.296.766
-0.013498;-0.009510;-1.315.920
-0.013498;-0.019087;-0.789196
-0.013498;-0.009510;-0.300778
0.015232;-0.009510;0.235522
0.015232;0.000067;0.752670
-0.003921;-0.009510;1.327.279
0.005656;0.000067;1.317.702
0.015232;0.009644;1.087.858
-0.013498;0.009644;0.178061
-0.023075;-0.009510;-0.358239
-0.023075;0.000067;-0.817926
-0.003921;0.000067;-1.325.497
-0.032652;-0.009510;-1.268.036
0.005656;-0.019087;-1.009.462
-0.023075;-0.009510;-0.578506
0.005656;0.000067;0.436636
0.015232;0.028797;0.915476
0.015232;0.019220;1.231.510
0.024809;0.019220;1.241.087
-0.003921;0.000067;0.963360
0.005656;-0.028664;0.484520
-0.003921;-0.009510;-0.559352
-0.013498;-0.009510;-0.961578
-0.003921;-0.009510;-1.239.305
-0.013498;-0.019087;-1.325.497
-0.023075;0.000067;-0.856234
-0.003921;0.019220;-0.406123
0.034386;-0.009510;0.139754
0.024809;0.019220;1.087.858
0.015232;0.009644;1.298.548
0.034386;0.019220;1.317.702
0.024809;0.019220;1.126.165
-0.003921;0.009644;0.273829
-0.013498;0.000067;-0.233741
-0.013498;-0.019087;-0.741312
-0.003921;0.000067;-1.306.343
-0.003921;-0.009510;-1.325.497
-0.013498;-0.028664;-1.066.923
0.005656;-0.009510;-0.137973
-0.003921;-0.009510;0.312137
0.015232;-0.019087;0.838861
0.024809;0.000067;1.183.626
0.015232;0.019220;1.269.817
0.015232;0.009644;1.020.821
0.015232;-0.009510;0.609018
-0.013498;0.009644;-0.454007
-0.023075;-0.019087;-0.894541
-0.013498;0.000067;-1.191.422
-0.013498;-0.009510;-1.306.343
-0.003921;-0.009510;-0.904118
-0.013498;0.000067;-0.463584
-0.003921;0.019220;0.015256
0.043963;-0.009510;0.992090
0.024809;0.019220;1.269.817
0.024809;0.028797;1.327.279
0.015232;0.000067;0.867592
-0.003921;0.009644;0.388752
-0.003921;0.019220;-0.137973
-0.003921;-0.009510;-0.645543
-0.023075;-0.019087;-1.268.036
-0.013498;0.009644;-1.306.343
-0.013498;0.000067;-1.124.384
-0.023075;0.000067;-0.291202
-0.003921;0.000067;0.235522
0.005656;0.009644;0.733517
0.034386;0.000067;1.298.548
0.015232;0.019220;1.298.548
0.024809;0.000067;1.078.281
-0.003921;0.009644;0.656902
0.005656;0.009644;-0.358239
-0.023075;-0.009510;-0.817926
-0.013498;0.000067;-1.133.961
-0.013498;-0.009510;-1.258.459
-0.013498;-0.019087;-1.019.039
-0.003921;-0.028664;-0.578506
-0.023075;-0.009510;-0.061358
0.005656;0.000067;0.896322
0.024809;0.000067;1.193.203
0.053540;0.038374;1.317.702
0.024809;0.000067;0.915476
0.005656;0.000067;0.503674
-0.013498;0.009644;-0.042205
-0.023075;-0.009510;-0.971155
-0.023075;-0.009510;-1.220.152
-0.003921;0.009644;-1.325.497
0.015232;0.019220;-1.210.575
-0.013498;-0.019087;-0.348662
0.005656;0.009644;0.130177
0.034386;0.009644;1.039.974
0.015232;0.000067;1.260.241
0.043963;0.019220;1.327.279
0.034386;0.000067;1.097.435
-0.003921;0.019220;0.264253
-0.003921;0.019220;-0.252894
0.005656;-0.009510;-0.750889
-0.013498;0.000067;-1.105.230
-0.013498;-0.028664;-1.277.613
-0.003921;0.000067;-1.057.346
-0.013498;0.009644;-0.635966
0.005656;-0.019087;0.369598
0.015232;0.009644;0.829285
-0.003921;-0.009510;1.164.473
0.005656;0.028797;1.317.702
0.015232;0.000067;0.992090
-0.003921;-0.009510;0.551558
-0.013498;-0.009510;0.034410
-0.013498;0.009644;-0.875387
-0.003921;-0.028664;-1.191.422
-0.013498;0.000067;-1.325.497
-0.013498;0.000067;-0.884964
-0.013498;0.009644;-0.463584
0.005656;0.019220;0.053563
-0.003921;0.019220;0.570711
0.015232;0.009644;1.260.241
0.015232;-0.009510;1.308.125
0.024809;0.009644;1.154.896
0.005656;0.000067;0.369598
-0.013498;0.009644;-0.166703
-0.003921;0.000067;-0.664698
-0.023075;0.000067;-1.258.459
-0.013498;-0.009510;-1.287.189
-0.003921;-0.019087;-1.086.077
0.005656;-0.028664;-0.731735
0.005656;0.009644;0.743093
0.015232;0.009644;1.135.742
0.024809;0.028797;1.260.241
0.024809;0.000067;1.020.821
0.015232;-0.009510;0.647326
-0.013498;0.000067;0.139754
-0.013498;-0.028664;-0.808350
-0.003921;-0.009510;-1.153.114
-0.013498;-0.009510;-1.296.766
-0.003921;0.000067;-0.971155
-0.003921;-0.009510;-0.559352
0.015232;-0.009510;-0.070935
0.005656;-0.009510;0.905899
-0.003921;0.019220;1.193.203
0.034386;0.028797;1.279.394
0.015232;0.019220;1.202.780
0.005656;0.009644;0.465366
-0.003921;0.019220;-0.032628
-0.023075;-0.009510;-0.597659
-0.013498;-0.009510;-1.220.152
-0.013498;-0.019087;-1.306.343
-0.013498;-0.019087;-1.114.807
-0.013498;0.000067;-0.339086
0.005656;-0.009510;0.158908
0.015232;0.019220;0.637749
0.024809;0.019220;1.011.244
0.024809;0.019220;1.298.548
0.005656;0.019220;1.068.705
0.005656;0.000067;0.743093
0.015232;0.009644;-0.272048
-0.023075;-0.019087;-0.731735
-0.013498;0.000067;-1.086.077
0.015232;-0.009510;-1.258.459
-0.013498;-0.019087;-1.009.462
-0.003921;0.000067;-0.635966
0.005656;0.000067;-0.185857
0.043963;0.009644;0.790977
0.015232;0.000067;1.135.742
0.034386;0.009644;1.288.971
0.015232;0.000067;0.953783
0.015232;-0.009510;0.551558
-0.003921;0.019220;0.005679
-0.013498;0.000067;-0.473161
-0.032652;-0.009510;-1.191.422
-0.023075;0.019220;-1.287.189
-0.003921;0.019220;-1.162.691
-0.013498;0.000067;-0.434854
0.005656;0.038374;0.053563
-0.023075;0.000067;0.570711
0.024809;0.019220;1.241.087
0.024809;0.019220;1.298.548
0.034386;0.019220;1.116.589
0.015232;0.009644;0.829285
-0.003921;-0.009510;-0.176280
-0.013498;0.000067;-0.645543
-0.003921;0.009644;-1.009.462
-0.013498;-0.009510;-1.268.036
-0.013498;-0.019087;-1.086.077
-0.003921;-0.038240;-0.703005
0.005656;-0.009510;-0.243318
0.015232;0.009644;0.733517
0.024809;0.019220;1.126.165
0.024809;0.009644;1.269.817
0.005656;-0.009510;1.001.667
-0.023075;0.000067;0.628172
-0.003921;-0.009510;0.130177
0.015232;-0.009510;-0.808350
-0.013498;0.000067;-1.133.961
-0.003921;-0.009510;-1.277.613
-0.013498;0.009644;-1.210.575
0.005656;0.000067;-0.549775
0.005656;-0.009510;-0.032628
0.005656;0.000067;0.474943
0.015232;0.000067;1.193.203
0.034386;0.009644;1.308.125
0.024809;0.009644;1.174.049
0.005656;0.019220;0.877169
0.005656;0.000067;-0.090089
-0.023075;-0.009510;-0.559352
-0.013498;0.000067;-0.971155
-0.023075;-0.009510;-1.268.036
-0.013498;-0.019087;-1.095.654
-0.013498;0.009644;-0.770042
-0.013498;-0.009510;0.178061
0.005656;0.009644;0.666479
0.015232;0.000067;1.039.974
0.034386;0.000067;1.269.817
0.015232;0.019220;1.030.397
0.015232;0.000067;0.704786
0.005656;0.000067;0.235522
-0.003921;0.000067;-0.741312
-0.023075;-0.009510;-1.066.923
-0.013498;-0.009510;-1.258.459
-0.023075;0.009644;-1.009.462
-0.003921;-0.019087;-0.616813
-0.003921;0.000067;-0.128396
0.005656;0.009644;0.388752
0.005656;0.019220;1.126.165
0.024809;0.028797;1.308.125
0.005656;0.000067;1.183.626
-0.003921;0.000067;0.532404
-0.013498;0.028797;0.024833
-0.003921;0.009644;-0.482738
-0.013498;0.000067;-0.884964
0.015232;-0.009510;-1.277.613
-0.013498;-0.019087;-1.162.691
-0.013498;0.009644;-0.846657
-0.013498;0.009644;0.101447
0.015232;0.019220;0.541981
0.015232;0.000067;0.992090
-0.003921;0.019220;1.269.817
0.024809;0.000067;1.116.589
0.005656;0.000067;0.800554
0.005656;0.009644;0.312137
-0.023075;-0.009510;-0.664698
-0.003921;0.000067;-0.999886
-0.003921;-0.009510;-1.248.882
-0.013498;0.000067;-1.076.500
-0.003921;-0.019087;-0.674274
-0.003921;0.019220;-0.233741
0.034386;0.000067;0.743093
0.024809;0.009644;1.078.281
0.015232;-0.009510;1.241.087
0.034386;0.009644;1.231.510
0.024809;0.019220;0.609018
-0.003921;0.009644;0.111024
-0.003921;0.000067;-0.406123
-0.013498;0.000067;-1.153.114
-0.013498;0.000067;-1.306.343
-0.032652;-0.038240;-1.191.422
-0.013498;-0.009510;-0.904118
-0.013498;0.000067;-0.032628
0.005656;0.019220;0.436636
0.024809;0.028797;0.934629
0.015232;0.009644;1.260.241
-0.003921;-0.009510;1.145.319
0.005656;-0.009510;0.848438
0.015232;0.009644;-0.090089
-0.003921;0.009644;-0.568929
-0.013498;-0.019087;-0.961578
-0.013498;-0.009510;-1.210.575
-0.023075;-0.028664;-1.095.654
-0.003921;-0.009510;-0.779619
-0.013498;0.019220;-0.319932
0.005656;-0.009510;0.656902
0.015232;0.019220;1.059.128
0.015232;0.019220;1.231.510
0.015232;0.000067;1.020.821
0.015232;0.028797;0.714363
0.015232;0.000067;0.225945
-0.003921;0.000067;-0.310355
-0.013498;0.009644;-1.095.654
-0.013498;-0.009510;-1.248.882
-0.013498;-0.038240;-1.191.422
-0.013498;-0.009510;-0.616813
-0.013498;-0.009510;-0.128396
0.015232;0.009644;0.360022
0.015232;0.009644;0.790977
0.005656;0.019220;1.250.664
-0.003921;0.000067;1.174.049
-0.003921;-0.009510;0.925053
-0.023075;0.000067;-0.013474
-0.013498;0.000067;-0.473161
-0.003921;-0.019087;-0.865810
-0.013498;0.000067;-1.258.459
-0.013498;-0.009510;-1.124.384
-0.023075;0.000067;-0.817926
-0.023075;-0.009510;-0.415700
-0.003921;0.000067;0.561134
0.015232;0.009644;0.972937
0.034386;0.000067;1.231.510
0.024809;0.000067;1.107.012
0.005656;0.009644;0.733517
0.005656;0.009644;0.312137
-0.003921;0.000067;-0.205010
0.005656;0.009644;-1.009.462
-0.023075;-0.019087;-1.229.729
-0.003921;-0.009510;-1.200.998
0.005656;-0.009510;-0.664698
-0.013498;-0.009510;-0.214587
-0.003921;0.000067;0.273829
0.015232;0.009644;1.068.705
0.024809;0.009644;1.260.241
0.015232;0.009644;1.174.049
0.015232;0.019220;0.953783
0.005656;0.000067;0.111024
0.005656;-0.009510;-0.396546
-0.013498;0.000067;-0.808350
-0.013498;-0.019087;-1.268.036
-0.003921;-0.009510;-1.162.691
-0.003921;-0.009510;-0.904118
0.005656;0.000067;-0.032628
0.015232;0.000067;0.455790
0.024809;0.000067;0.934629
0.024809;0.019220;1.183.626
0.015232;0.000067;1.126.165
0.015232;-0.019087;0.838861
-0.003921;0.000067;0.407906
-0.013498;-0.009510;-0.578506
-0.023075;-0.019087;-0.961578
-0.003921;-0.009510;-1.200.998
-0.003921;-0.019087;-1.248.882
-0.013498;-0.019087;-0.731735
-0.023075;0.000067;-0.300778
-0.003921;0.019220;0.187638
0.005656;-0.009510;1.059.128
0.005656;0.009644;1.202.780
0.024809;0.019220;1.221.933
0.015232;0.000067;0.676056
0.005656;-0.009510;0.206792
-0.003921;-0.009510;-0.291202
-0.013498;0.000067;-0.760466
-0.023075;0.009644;-1.248.882
-0.013498;-0.019087;-1.200.998
-0.003921;-0.009510;-0.961578
0.005656;-0.009510;-0.109242
0.015232;0.019220;0.369598
0.015232;0.019220;0.781401
0.034386;0.009644;1.116.589
0.005656;0.000067;1.145.319
0.024809;0.019220;0.896322
0.034386;0.028797;0.513250
0.015232;0.009644;-0.482738
-0.023075;-0.009510;-0.904118
-0.013498;-0.019087;-1.143.538
-0.013498;0.000067;-1.105.230
-0.032652;-0.019087;-0.808350
-0.003921;0.000067;-0.377393
0.005656;0.000067;0.082294
0.005656;-0.009510;0.953783
0.024809;0.009644;1.164.473
0.015232;0.000067;1.231.510
0.024809;-0.009510;0.723940
0.015232;0.009644;0.273829
-0.023075;-0.019087;-0.214587
-0.013498;-0.009510;-1.019.039
-0.003921;-0.019087;-1.210.575
-0.013498;-0.009510;-0.999886
-0.013498;-0.009510;-0.999886
0.005656;-0.009510;0.254676
0.005656;0.000067;0.743093
0.015232;0.009644;1.221.933
0.005656;0.009644;1.164.473
0.015232;0.019220;0.972937
-0.003921;0.000067;0.580288
-0.003921;-0.019087;-0.386970
-0.013498;-0.009510;-0.798773
-0.013498;-0.019087;-1.105.230
-0.003921;-0.009510;-1.143.538
-0.003921;-0.019087;-0.913694
-0.013498;-0.019087;-0.473161
0.005656;0.028797;0.484520
0.005656;0.000067;0.905899
0.015232;0.000067;1.135.742
0.034386;0.000067;1.221.933
0.024809;0.019220;0.829285
-0.013498;0.009644;0.379175
-0.003921;0.000067;-0.109242
-0.023075;-0.019087;-0.952002
-0.013498;-0.028664;-1.191.422
-0.023075;0.000067;-1.220.152
-0.003921;0.009644;-0.731735
0.005656;0.000067;-0.300778
0.005656;0.000067;0.197215
-0.003921;0.009644;0.647326
0.024809;0.019220;1.183.626
-0.003921;0.009644;1.193.203
0.024809;-0.009510;0.982513
0.005656;0.000067;0.178061
-0.003921;0.009644;-0.291202
0.015232;0.000067;-0.722158
-0.032652;-0.009510;-1.019.039
-0.023075;-0.009510;-1.181.845
-0.023075;0.009644;-0.923271
-0.013498;-0.009510;-0.559352
0.005656;0.009644;0.369598
0.015232;0.000067;0.810131
0.015232;0.009644;1.126.165
0.005656;0.009644;1.126.165
0.015232;0.000067;0.858015
0.015232;-0.019087;0.465366
-0.003921;-0.019087;-0.013474
0.005656;-0.038240;-0.884964
-0.013498;-0.019087;-1.105.230
-0.023075;0.000067;-1.220.152
-0.003921;-0.019087;-0.808350
0.015232;0.000067;-0.377393
-0.013498;0.000067;0.091870
-0.003921;-0.009510;0.953783
0.015232;0.009644;1.174.049
0.005656;0.019220;1.221.933
0.034386;0.000067;1.039.974
-0.003921;0.009644;0.254676
-0.003921;0.000067;-0.233741
-0.003921;-0.009510;-0.674274
-0.023075;-0.009510;-1.200.998
0.005656;0.000067;-1.191.422
-0.042228;-0.009510;-0.990309
0.015232;-0.019087;-0.655121
-0.013498;-0.009510;0.283406
0.005656;-0.019087;0.733517
0.024809;0.000067;1.068.705
0.015232;-0.009510;1.154.896
0.005656;-0.009510;0.925053
0.005656;0.009644;0.541981
0.005656;0.000067;-0.396546
-0.023075;0.000067;-0.827503
-0.013498;0.019220;-1.076.500
-0.032652;-0.019087;-1.210.575
-0.023075;0.000067;-0.884964
-0.013498;0.009644;-0.473161
-0.003921;0.009644;-0.003898
0.015232;-0.009510;0.905899
0.005656;0.019220;1.135.742
0.015232;0.000067;1.221.933
-0.003921;0.019220;0.790977
-0.003921;0.009644;0.379175
0.005656;-0.019087;-0.099666
-0.023075;0.019220;-0.559352
-0.013498;0.000067;-1.153.114
-0.003921;0.009644;-1.200.998
0.005656;-0.009510;-1.047.770
-0.013498;-0.019087;-0.310355
0.005656;0.009644;0.235522
0.005656;-0.009510;0.676056
0.024809;0.019220;1.001.667
0.005656;-0.019087;1.183.626
0.015232;0.009644;0.982513
0.005656;0.000067;0.647326
-0.023075;-0.009510;-0.358239
-0.003921;-0.019087;-0.741312
-0.013498;0.009644;-1.057.346
-0.023075;-0.019087;-1.162.691
-0.003921;-0.019087;-0.913694
0.005656;-0.009510;-0.549775
-0.013498;0.009644;-0.099666
0.034386;0.019220;0.838861
0.034386;-0.009510;1.087.858
0.015232;0.028797;1.193.203
0.015232;0.000067;0.848438
-0.003921;0.019220;0.436636
0.005656;0.000067;-0.032628
-0.013498;-0.028664;-0.856234
-0.003921;-0.009510;-1.124.384
-0.013498;-0.009510;-1.181.845
-0.013498;-0.019087;-1.076.500
-0.013498;0.019220;-0.348662
0.015232;0.019220;0.120601
0.015232;-0.009510;0.570711
0.024809;0.000067;1.174.049
0.024809;0.009644;1.202.780
0.005656;0.000067;1.039.974
0.024809;-0.009510;0.704786
-0.013498;0.000067;-0.195434
-0.023075;0.000067;-0.645543
-0.013498;-0.019087;-0.990309
-0.013498;-0.019087;-1.181.845
-0.003921;-0.009510;-0.971155
0.015232;-0.009510;0.283406
-0.003921;0.028797;0.743093
0.015232;-0.009510;1.049.551
0.005656;-0.009510;1.202.780
0.015232;0.000067;0.944206
0.005656;0.009644;0.072717
0.005656;0.009644;0.072717
-0.003921;0.000067;-1.105.230
-0.013498;-0.009510;-1.105.230
-0.013498;-0.009510;-1.105.230
0.005656;0.019220;-0.444430
0.005656;0.009644;0.005679
0.005656;0.009644;0.465366
0.015232;0.000067;1.107.012
0.015232;0.028797;1.221.933
0.005656;0.019220;1.078.281
0.005656;0.028797;0.350445
-0.003921;0.009644;-0.090089
-0.003921;-0.009510;-0.578506
0.005656;0.009644;-0.904118
-0.013498;-0.009510;-1.181.845
-0.003921;0.000067;-1.009.462
-0.013498;-0.009510;-0.703005
-0.013498;-0.009510;0.178061
-0.003921;0.000067;0.656902
0.005656;0.019220;1.001.667
0.024809;0.038374;1.164.473
0.005656;0.000067;0.992090
0.015232;0.009644;0.637749
-0.003921;0.000067;0.149331
-0.003921;-0.009510;-0.741312
-0.003921;0.000067;-1.038.193
-0.013498;0.009644;-1.210.575
-0.013498;-0.009510;-0.913694
-0.003921;-0.019087;-0.511468
-0.003921;0.009644;-0.061358
-0.013498;0.000067;0.407906
0.015232;0.000067;1.097.435
0.024809;-0.009510;1.212.357
0.005656;0.009644;1.107.012
0.015232;0.000067;0.427059
-0.013498;0.000067;-0.003898
-0.032652;-0.019087;-0.482738
-0.023075;0.000067;-1.105.230
-0.013498;-0.019087;-1.162.691
-0.032652;-0.028664;-1.038.193
-0.003921;0.019220;-0.348662
0.015232;0.000067;0.111024
0.005656;0.009644;0.589865
0.015232;0.009644;0.925053
0.005656;0.009644;1.183.626
0.005656;0.000067;1.001.667
0.005656;0.000067;0.685633
-0.023075;-0.009510;-0.205010
-0.013498;0.009644;-0.645543
-0.003921;-0.019087;-0.990309
0.005656;0.000067;-1.143.538
-0.013498;0.009644;-0.961578
-0.023075;-0.009510;-0.578506
-0.003921;-0.019087;-0.185857
0.024809;0.000067;0.762247
0.005656;0.019220;1.049.551
0.015232;0.028797;1.164.473
0.053540;0.019220;1.116.589
0.005656;0.019220;0.522827
0.005656;0.009644;0.063140
0.005656;-0.028664;-0.406123
-0.013498;-0.019087;-1.066.923
-0.013498;0.000067;-1.191.422
-0.023075;-0.009510;-1.095.654
-0.003921;0.000067;-0.425277
-0.013498;0.000067;0.024833
-0.023075;-0.019087;0.484520
0.015232;-0.019087;0.867592
0.034386;-0.009510;1.174.049
0.015232;0.009644;1.059.128
-0.013498;0.000067;0.762247
-0.013498;-0.009510;-0.137973
-0.023075;-0.028664;-0.607236
-0.013498;0.000067;-0.932848
0.005656;0.000067;-1.143.538
-0.003921;-0.009510;-0.999886
-0.003921;0.000067;-0.664698
-0.023075;0.000067;-0.233741
0.005656;-0.019087;0.685633
0.024809;-0.009510;0.992090
0.015232;-0.009510;1.164.473
0.034386;0.019220;0.944206
-0.003921;-0.019087;0.580288
-0.003921;0.019220;0.149331
-0.013498;0.009644;-0.291202
-0.023075;0.009644;-1.019.039
0.005656;-0.009510;-1.162.691
-0.013498;-0.009510;-1.114.807
0.005656;0.000067;-0.492314
-0.003921;0.000067;-0.061358
0.034386;-0.009510;0.398329
0.015232;0.009644;1.078.281
0.034386;0.019220;1.154.896
0.015232;0.009644;1.116.589
0.024809;0.009644;0.819708
0.005656;-0.009510;-0.032628
-0.003921;-0.019087;-0.473161
-0.023075;-0.009510;-0.875387
0.005656;-0.019087;-1.172.268
-0.013498;-0.028664;-1.047.770
-0.023075;0.000067;-0.741312
-0.013498;0.009644;-0.319932
0.005656;0.009644;0.589865
0.015232;-0.028664;0.934629
0.034386;0.009644;1.116.589
-0.003921;0.000067;1.011.244
0.005656;0.000067;0.695210
-0.003921;0.009644;0.235522
-0.013498;-0.009510;-0.626390
-0.013498;-0.009510;-0.980732
-0.013498;0.000067;-1.153.114
-0.013498;-0.019087;-1.124.384
-0.013498;0.000067;-0.597659
-0.013498;-0.019087;-0.137973
0.005656;0.000067;0.312137
0.024809;0.019220;1.020.821
0.015232;0.019220;1.174.049
0.024809;0.009644;1.107.012
0.005656;0.000067;0.494097
-0.003921;0.009644;0.034410
-0.003921;0.009644;-0.425277
-0.023075;-0.009510;-0.789196
-0.013498;0.000067;-1.172.268
-0.013498;0.009644;-1.047.770
-0.013498;-0.038240;-0.789196
0.015232;0.000067;0.024833
0.005656;0.000067;0.494097
0.015232;-0.009510;0.867592
0.005656;0.009644;1.107.012
0.005656;0.009644;1.030.397
0.015232;-0.009510;0.714363
0.005656;-0.009510;0.321713
0.015232;-0.019087;-0.578506
-0.023075;-0.028664;-0.932848
-0.013498;-0.009510;-1.143.538
-0.003921;-0.019087;-0.980732
-0.003921;0.019220;-0.645543
-0.013498;-0.009510;-0.243318
-0.003921;-0.009510;0.666479
0.015232;0.019220;1.001.667
0.024809;-0.009510;1.154.896
0.015232;0.019220;1.107.012
0.015232;0.000067;0.580288
-0.013498;0.009644;0.149331
-0.003921;0.000067;-0.319932
0.015232;-0.009510;-0.999886
-0.023075;0.000067;-1.143.538
-0.013498;0.000067;-1.086.077
-0.013498;-0.009510;-0.894541
0.015232;-0.009510;-0.051782
0.015232;0.000067;0.388752
0.024809;0.019220;0.819708
0.024809;0.009644;1.174.049
0.024809;0.019220;1.049.551
0.024809;-0.009510;0.790977
0.005656;0.009644;0.398329
-0.003921;-0.009510;-0.511468
-0.042228;0.009644;-0.837080
-0.003921;-0.009510;-1.066.923
-0.023075;-0.028664;-1.038.193
-0.013498;0.000067;-0.722158
0.015232;0.009644;-0.310355
0.015232;0.009644;0.551558
0.005656;0.019220;0.915476
0.024809;0.000067;1.135.742
0.024809;0.009644;1.135.742
0.015232;0.009644;0.647326
0.005656;0.000067;0.206792
-0.013498;0.019220;-0.252894
-0.003921;-0.038240;-0.980732
0.005656;0.000067;-1.153.114
0.015232;-0.009510;-1.114.807
0.005656;-0.009510;-0.568929
0.005656;-0.019087;-0.137973
-0.013498;0.009644;0.321713
0.015232;-0.009510;0.723940
0.015232;0.019220;1.154.896
0.005656;0.019220;1.097.435
-0.023075;-0.009510;0.858015
-0.013498;0.000067;0.024833
-0.003921;-0.009510;-0.396546
0.015232;0.019220;-0.808350
-0.013498;-0.019087;-1.038.193
-0.023075;-0.009510;-1.066.923
-0.023075;0.000067;-0.789196
0.005656;-0.009510;0.034410
0.024809;-0.009510;0.484520
0.024809;0.019220;0.877169
0.015232;0.009644;1.126.165
0.024809;0.000067;1.020.821
-0.003921;-0.019087;0.704786
-0.003921;-0.009510;0.302560
-0.013498;0.000067;-0.166703
-0.023075;-0.019087;-0.904118
-0.013498;-0.009510;-1.114.807
-0.003921;0.009644;-0.626390
-0.013498;0.009644;-0.233741
-0.003921;0.009644;0.216369
0.024809;0.009644;0.972937
0.005656;0.038374;1.126.165
0.024809;0.000067;1.087.858
0.005656;0.019220;0.953783
-0.032652;0.019220;0.101447
0.005656;-0.019087;-0.329509
-0.013498;-0.009510;-0.741312
-0.003921;-0.009510;-1.153.114
-0.013498;-0.009510;-1.047.770
-0.003921;0.009644;-0.846657
-0.003921;0.019220;-0.454007
-0.003921;-0.009510;0.407906
0.015232;0.019220;0.810131
0.015232;0.000067;1.039.974
0.005656;0.019220;1.049.551
0.015232;-0.019087;0.781401
0.024809;0.000067;0.407906
-0.023075;-0.009510;-0.501891
0.005656;-0.019087;-0.837080
-0.013498;0.009644;-1.076.500
-0.023075;-0.009510;-1.124.384
-0.023075;-0.019087;-0.712582
0.005656;0.000067;-0.291202
0.005656;0.019220;0.149331
0.024809;0.028797;0.905899
0.024809;0.019220;1.107.012
0.005656;0.000067;1.135.742
0.015232;-0.009510;0.934629
-0.003921;-0.019087;0.216369
0.005656;0.000067;-0.252894
-0.013498;-0.009510;-0.674274
-0.023075;-0.019087;-1.133.961
-0.013498;0.000067;-1.105.230
-0.013498;0.009644;-0.894541
-0.003921;0.000067;-0.109242
0.015232;0.009644;0.321713
0.024809;0.000067;0.723940
0.015232;0.009644;1.020.821
0.024809;0.000067;1.087.858
0.005656;0.000067;0.829285
0.015232;0.009644;0.465366
-0.003921;0.009644;-0.425277
-0.013498;-0.009510;-0.827503
-0.013498;-0.019087;-1.057.346
-0.023075;-0.009510;-1.019.039
-0.013498;-0.019087;-0.770042
-0.013498;-0.009510;-0.377393
-0.003921;0.009644;0.053563
0.015232;0.000067;0.867592
0.015232;0.000067;1.087.858
0.005656;0.000067;1.097.435
0.015232;-0.009510;0.733517
0.005656;-0.028664;0.283406
-0.003921;0.009644;-0.157126
-0.013498;0.000067;-0.588082
-0.023075;0.000067;-1.066.923
-0.023075;0.000067;-1.105.230
-0.032652;-0.019087;-0.961578
-0.003921;-0.009510;-0.233741
0.005656;0.028797;0.225945
-0.003921;0.000067;0.637749
0.005656;0.000067;1.097.435
0.015232;0.028797;1.059.128
0.024809;0.000067;0.886745
-0.003921;0.019220;0.551558
-0.003921;0.019220;-0.329509
-0.013498;0.000067;-0.741312
-0.023075;0.009644;-1.019.039
-0.013498;-0.019087;-1.086.077
-0.003921;0.000067;-0.817926
-0.013498;0.000067;-0.454007
-0.013498;0.019220;-0.003898
0.015232;0.009644;0.800554
0.005656;0.009644;1.059.128
0.024809;0.000067;1.011.244
0.024809;-0.009510;0.781401
0.005656;0.028797;0.388752
-0.013498;0.009644;-0.090089
-0.013498;0.000067;-0.827503
-0.003921;-0.038240;-1.057.346
0.005656;-0.009510;-1.162.691
-0.003921;-0.009510;-0.971155
-0.013498;0.009644;-0.272048
0.005656;-0.009510;0.130177
-0.003921;-0.009510;0.551558
-0.013498;0.009644;1.087.858
0.015232;0.009644;1.087.858
-0.003921;0.009644;0.963360
0.005656;0.000067;0.178061
-0.013498;0.009644;-0.262471
-0.013498;-0.009510;-0.655121
-0.013498;-0.019087;-0.942425
-0.032652;-0.009510;-1.086.077
-0.013498;-0.019087;-0.894541
0.015232;-0.009510;-0.511468
-0.003921;0.000067;0.302560
0.005656;0.000067;0.714363
0.015232;0.019220;1.030.397
0.005656;-0.019087;1.135.742
0.015232;0.000067;0.810131
0.005656;-0.009510;0.455790
-0.003921;-0.009510;-0.434854
-0.023075;-0.019087;-0.770042
-0.023075;-0.009510;-1.019.039
0.005656;0.019220;-1.133.961
-0.023075;-0.009510;-0.741312
-0.023075;0.000067;-0.367816
0.005656;0.000067;0.063140
0.024809;0.009644;0.867592
0.015232;0.000067;1.087.858
0.015232;0.019220;1.107.012
0.005656;0.009644;0.953783
0.005656;-0.009510;0.254676
-0.023075;-0.038240;-0.157126
-0.003921;-0.019087;-0.568929
-0.003921;-0.009510;-0.923271
-0.013498;-0.009510;-1.076.500
-0.013498;0.000067;-0.923271
0.005656;0.009644;-0.616813
-0.003921;-0.009510;0.254676
0.005656;0.000067;0.647326
0.015232;0.009644;0.972937
-0.013498;-0.009510;1.068.705
0.015232;0.019220;0.858015
0.005656;0.019220;0.513250
0.005656;0.000067;0.111024
-0.003921;-0.009510;-0.712582
-0.013498;0.000067;-0.999886
-0.023075;0.000067;-1.114.807
-0.003921;-0.009510;-0.837080
-0.013498;0.000067;-0.444430
0.005656;0.000067;-0.023051
0.024809;0.019220;0.790977
0.015232;-0.019087;1.030.397
0.034386;0.000067;1.107.012
0.015232;-0.009510;1.011.244
0.005656;-0.009510;0.360022
0.005656;-0.019087;-0.080512
-0.003921;0.009644;-0.511468
-0.023075;0.000067;-1.038.193
-0.013498;-0.019087;-1.095.654
-0.023075;0.019220;-0.999886
0.005656;0.009644;-0.252894
-0.003921;0.009644;0.158908
-0.013498;0.009644;0.580288
0.015232;0.009644;0.905899
0.015232;0.009644;1.116.589
0.005656;0.000067;0.925053
0.005656;0.009644;0.187638
-0.003921;-0.019087;-0.262471
-0.013498;-0.009510;-0.626390
-0.003921;0.000067;-0.942425
-0.013498;-0.009510;-1.095.654
-0.003921;-0.009510;-0.865810
-0.003921;-0.009510;-0.511468
-0.003921;-0.009510;-0.099666
-0.003921;0.009644;0.714363
0.034386;0.019220;1.001.667
0.015232;0.009644;1.097.435
0.005656;0.019220;0.790977
-0.013498;0.009644;0.455790
-0.013498;0.000067;0.005679
-0.013498;0.009644;-0.454007
-0.013498;0.000067;-0.999886
-0.003921;0.000067;-1.133.961
-0.023075;-0.009510;-0.990309
0.005656;0.019220;-0.348662
0.005656;0.009644;0.091870
0.005656;0.000067;0.541981
0.024809;0.009644;0.867592
-0.003921;0.019220;1.087.858
0.005656;-0.009510;0.963360
0.005656;-0.009510;0.637749
-0.013498;-0.009510;-0.176280
0.015232;-0.009510;-0.607236
-0.023075;0.000067;-0.894541
-0.013498;-0.019087;-1.057.346
-0.023075;0.000067;-0.904118
0.005656;0.019220;-0.578506
-0.013498;0.000067;-0.205010
0.005656;0.009644;0.685633
0.015232;0.019220;0.944206
-0.003921;0.000067;1.097.435
0.005656;0.019220;0.858015
0.005656;0.009644;0.513250
-0.013498;0.000067;0.082294
-0.032652;-0.019087;-0.377393
0.005656;0.000067;-0.980732
-0.003921;-0.019087;-1.095.654
-0.003921;0.000067;-1.038.193
-0.013498;-0.009510;-0.425277
-0.003921;0.000067;-0.003898
-0.003921;-0.019087;0.427059
0.005656;0.009644;1.039.974
0.015232;0.009644;1.078.281
0.024809;0.009644;0.982513
0.024809;0.000067;0.331290
0.005656;0.009644;-0.099666
-0.013498;-0.009510;-0.511468
-0.013498;0.000067;-0.846657
-0.003921;-0.009510;-1.086.077
-0.003921;0.000067;-0.932848
0.005656;0.009644;-0.626390
0.005656;0.019220;0.168485
-0.013498;0.000067;0.589865
0.034386;0.000067;0.896322
0.015232;0.009644;1.059.128
0.015232;0.009644;0.905899
0.005656;-0.009510;0.589865
-0.013498;0.000067;0.168485
0.015232;0.009644;-0.683851
-0.003921;0.000067;-0.961578
0.005656;0.000067;-1.076.500
-0.003921;-0.028664;-0.837080
0.005656;0.000067;-0.501891
-0.013498;0.009644;-0.080512
-0.003921;0.000067;0.752670
0.005656;0.009644;0.992090
-0.003921;0.019220;1.078.281
0.005656;0.009644;0.982513
0.015232;0.009644;0.427059
-0.013498;-0.019087;-0.042205
-0.013498;0.000067;-0.454007
-0.023075;0.000067;-0.798773
-0.003921;-0.019087;-1.057.346
-0.003921;0.009644;-0.971155
-0.013498;-0.009510;-0.722158
0.005656;-0.009510;0.111024
0.015232;0.009644;0.532404
0.005656;0.000067;0.867592
0.034386;0.009644;1.059.128
0.005656;-0.009510;0.953783
0.034386;0.019220;0.637749
-0.003921;-0.019087;-0.185857
-0.013498;0.000067;-0.588082
0.024809;-0.009510;-0.913694
-0.003921;0.000067;-1.047.770
-0.023075;0.000067;-0.884964
-0.003921;0.009644;-0.568929
-0.003921;-0.019087;-0.166703
-0.003921;0.000067;0.245099
0.024809;-0.009510;0.953783
0.005656;0.000067;1.078.281
0.015232;0.009644;1.030.397
0.015232;-0.009510;0.494097
-0.003921;0.019220;0.072717
-0.003921;0.000067;-0.348662
-0.003921;-0.028664;-0.961578
-0.032652;-0.028664;-1.086.077
-0.023075;0.000067;-1.009.462
-0.003921;-0.019087;-0.425277
-0.013498;0.009644;-0.013474
0.015232;0.009644;0.436636
0.015232;0.009644;0.992090
0.005656;0.009644;1.087.858
0.005656;0.028797;0.953783
0.015232;0.019220;0.723940
-0.003921;-0.019087;-0.128396
-0.013498;-0.019087;-0.530622
-0.013498;-0.009510;-0.865810
-0.032652;-0.009510;-1.028.616
0.005656;0.000067;-0.932848
-0.003921;-0.009510;-0.616813
-0.003921;0.000067;-0.243318
-0.003921;0.000067;0.561134
0.015232;0.019220;0.886745
0.015232;0.009644;1.068.705
0.005656;0.038374;1.049.551
0.015232;0.009644;0.551558
-0.013498;0.038374;0.139754
-0.023075;0.000067;-0.291202
-0.013498;0.019220;-0.942425
-0.013498;0.000067;-1.066.923
-0.013498;-0.009510;-1.009.462
-0.013498;0.009644;-0.444430
-0.013498;0.000067;-0.042205
-0.003921;0.000067;0.350445
0.015232;-0.019087;0.743093
0.043963;0.009644;1.059.128
0.005656;0.019220;1.011.244
0.015232;0.000067;0.743093
-0.032652;-0.009510;-0.013474
0.005656;0.009644;-0.444430
-0.013498;0.000067;-0.789196
-0.013498;0.000067;-1.057.346
0.005656;0.009644;-0.971155
-0.003921;0.009644;-0.693428
0.005656;0.000067;0.120601
0.015232;0.000067;0.503674
0.024809;0.019220;0.867592
0.024809;0.009644;1.030.397
0.015232;0.000067;0.905899
0.015232;-0.009510;0.637749
0.005656;-0.009510;0.254676
0.005656;0.009644;-0.205010
-0.013498;-0.019087;-0.875387
-0.013498;-0.019087;-1.057.346
-0.013498;0.000067;-0.865810
-0.003921;-0.019087;-0.530622
0.015232;0.000067;-0.128396
0.015232;-0.009510;0.283406
0.024809;0.009644;0.915476
0.005656;0.009644;1.068.705
0.024809;0.019220;1.020.821
0.015232;-0.019087;0.800554
-0.013498;0.000067;0.063140
-0.003921;-0.019087;-0.386970
-0.023075;0.000067;-0.760466
-0.032652;-0.009510;-1.066.923
-0.023075;-0.019087;-0.961578
-0.013498;0.000067;-0.741312
-0.003921;0.009644;-0.396546
0.015232;0.000067;0.455790
0.034386;0.009644;0.781401
0.024809;-0.028664;1.001.667
0.015232;-0.009510;0.944206
0.005656;0.000067;0.685633
-0.003921;0.047951;0.302560
-0.003921;0.000067;-0.521045
-0.023075;-0.009510;-0.837080
-0.003921;0.009644;-1.038.193
-0.023075;-0.009510;-1.066.923
0.005656;0.009644;-0.616813
-0.013498;0.009644;-0.243318
0.015232;0.019220;0.187638
0.015232;0.000067;0.886745
0.005656;0.019220;1.059.128
0.024809;-0.009510;1.039.974
-0.003921;0.009644;0.532404
0.015232;0.009644;0.130177
-0.023075;0.009644;-0.272048
-0.003921;-0.009510;-0.645543
-0.013498;-0.019087;-1.047.770
-0.013498;0.000067;-1.019.039
-0.003921;-0.009510;-0.808350
0.005656;0.000067;-0.070935
-0.003921;-0.009510;0.369598
-0.003921;0.009644;0.723940
0.015232;0.019220;0.982513
0.015232;0.009644;0.972937
0.015232;0.019220;0.743093
0.005656;0.028797;0.379175
0.005656;-0.009510;-0.434854
-0.013498;0.009644;-0.789196
-0.013498;0.000067;-0.999886
-0.013498;-0.019087;-0.913694
-0.013498;-0.028664;-0.674274
-0.003921;-0.019087;-0.291202
0.005656;0.000067;0.120601
0.034386;-0.019087;0.867592
0.005656;0.009644;1.039.974
0.015232;0.000067;0.886745
-0.013498;0.009644;0.628172
-0.013498;0.009644;0.235522
-0.003921;0.009644;-0.214587
-0.013498;0.009644;-0.884964
-0.013498;-0.009510;-1.047.770
-0.013498;-0.009510;-1.028.616
-0.013498;-0.009510;-0.856234
-0.013498;0.009644;-0.147550
0.024809;0.000067;0.264253
0.015232;0.009644;0.637749
-0.003921;0.019220;1.039.974
0.005656;-0.009510;0.992090
-0.003921;0.019220;0.436636
-0.003921;-0.009510;-0.367816
-0.042228;-0.009510;-0.722158
0.005656;0.009644;-0.971155
-0.013498;-0.019087;-0.980732
-0.003921;0.000067;-0.406123
-0.003921;-0.009510;0.427059
0.024809;-0.009510;0.771824
0.005656;0.000067;1.011.244
0.005656;-0.009510;1.039.974
0.005656;0.028797;0.656902
0.015232;0.000067;0.283406
-0.003921;0.000067;-0.147550
-0.003921;0.000067;-0.837080
-0.032652;-0.009510;-1.019.039
-0.032652;0.000067;-1.019.039
-0.003921;0.009644;-0.894541
-0.003921;-0.009510;-0.243318
0.015232;0.000067;0.216369
-0.013498;0.009644;0.609018
0.005656;0.009644;1.011.244
0.015232;-0.009510;1.020.821
0.005656;0.000067;0.819708
0.015232;0.009644;0.111024
-0.003921;-0.028664;-0.281625
-0.003921;-0.019087;-0.655121
-0.013498;0.000067;-0.932848
-0.003921;0.000067;-0.999886
-0.003921;-0.009510;-0.779619
-0.003921;0.000067;-0.444430
0.005656;0.009644;0.360022
-0.003921;-0.009510;0.695210
-0.003921;-0.009510;0.992090
0.015232;0.009644;1.059.128
0.005656;0.000067;0.723940
0.015232;0.000067;0.379175
-0.003921;-0.009510;-0.051782
-0.023075;0.009644;-0.808350
-0.023075;0.009644;-1.009.462
-0.013498;-0.009510;-1.047.770
-0.013498;0.000067;-0.664698
0.005656;0.009644;-0.310355
-0.013498;0.009644;0.139754
-0.003921;0.009644;0.513250
0.024809;0.000067;1.011.244
0.015232;0.028797;0.867592
0.015232;0.028797;0.867592
0.005656;0.009644;0.197215
0.005656;0.028797;-0.224164
-0.003921;0.000067;-0.597659
-0.013498;-0.009510;-1.038.193
-0.013498;-0.019087;-1.028.616
-0.003921;0.019220;-0.837080
0.005656;0.000067;-0.492314
0.015232;0.019220;0.273829
0.005656;0.009644;0.666479
0.024809;0.019220;0.915476
-0.003921;-0.009510;0.963360
0.015232;0.000067;0.743093
-0.003921;0.009644;0.474943
0.005656;0.000067;0.024833
-0.032652;0.019220;-0.731735
0.005656;0.000067;-0.913694
-0.013498;-0.009510;-1.047.770
-0.023075;-0.028664;-0.722158
0.005656;-0.019087;-0.329509
-0.003921;-0.009510;0.015256
0.015232;0.019220;0.819708
0.015232;-0.009510;0.992090
0.015232;0.009644;1.011.244
0.015232;0.009644;0.905899
-0.013498;-0.009510;0.273829
-0.003921;0.000067;-0.128396
-0.003921;-0.019087;-0.540198
-0.013498;0.000067;-0.980732
0.015232;-0.009510;-0.999886
0.005656;-0.009510;-0.875387
-0.003921;0.000067;-0.195434
-0.003921;0.009644;0.206792
0.015232;0.028797;0.877169
0.015232;0.028797;0.877169
-0.003921;0.000067;1.011.244
0.005656;-0.019087;0.810131
0.015232;-0.009510;0.484520
-0.023075;-0.019087;-0.319932
-0.023075;-0.009510;-0.674274
-0.023075;0.000067;-0.913694
-0.003921;0.000067;-1.057.346
-0.013498;0.000067;-0.750889
0.015232;-0.009510;-0.415700
-0.013498;0.000067;-0.061358
-0.013498;-0.009510;0.714363
0.024809;0.000067;0.934629
0.015232;0.028797;1.030.397
0.015232;0.028797;0.695210
0.005656;0.000067;0.340868
-0.013498;0.009644;-0.080512
0.005656;-0.009510;-0.444430
-0.023075;0.019220;-0.999886
-0.023075;0.000067;-1.028.616
-0.003921;0.000067;-0.884964
-0.013498;-0.019087;-0.262471
-0.013498;-0.019087;0.139754
0.015232;0.019220;0.532404
0.005656;-0.009510;0.992090
0.015232;0.009644;0.982513
0.024809;-0.009510;0.838861
-0.003921;-0.009510;0.570711
0.005656;0.000067;-0.243318
-0.013498;0.000067;-0.607236
-0.023075;-0.019087;-0.865810
-0.023075;0.000067;-0.999886
-0.003921;-0.009510;-0.817926
0.005656;0.009644;-0.511468
0.005656;0.009644;-0.099666
0.005656;0.000067;0.666479
0.024809;0.028797;0.896322
0.024809;0.000067;1.039.974
0.015232;-0.009510;0.762247
0.015232;-0.009510;0.417482
0.015232;0.000067;0.024833
-0.013498;0.009644;-0.722158
-0.013498;-0.019087;-0.952002
-0.003921;0.019220;-1.028.616
-0.013498;0.009644;-0.923271
-0.013498;-0.009510;-0.339086
-0.013498;-0.009510;0.043986
-0.013498;0.009644;0.446213
0.015232;0.000067;0.972937
0.015232;-0.009510;1.011.244
0.005656;-0.019087;0.877169
0.015232;-0.019087;0.637749
0.005656;0.009644;-0.128396
0.005656;-0.009510;-0.530622
-0.023075;-0.019087;-0.808350
-0.013498;-0.009510;-0.999886
-0.003921;-0.009510;-0.827503
0.005656;-0.009510;-0.549775
-0.003921;-0.019087;0.235522
0.005656;0.019220;0.580288
0.024809;0.009644;0.896322
0.015232;0.019220;0.992090
0.024809;0.000067;0.810131
-0.003921;0.009644;0.455790
-0.013498;-0.019087;0.082294
0.005656;0.000067;-0.655121
-0.023075;-0.009510;-0.932848
-0.013498;0.009644;-0.971155
0.005656;0.000067;-0.722158
-0.013498;0.009644;-0.415700
-0.003921;0.009644;-0.032628
-0.003921;-0.009510;0.350445
0.005656;0.000067;0.925053
0.024809;-0.009510;1.011.244
-0.003921;0.000067;0.915476
-0.003921;0.009644;0.340868
-0.003921;-0.019087;-0.070935
0.005656;-0.009510;-0.473161
-0.032652;-0.009510;-0.961578
-0.032652;-0.028664;-1.028.616
0.005656;-0.009510;-0.884964
0.005656;0.019220;-0.616813
0.005656;0.000067;0.130177
-0.013498;0.000067;0.532404
0.005656;0.019220;0.829285
0.024809;0.000067;0.992090
0.005656;0.009644;0.838861
0.015232;-0.009510;0.570711
-0.003921;0.000067;0.168485
-0.013498;-0.009510;-0.588082
-0.003921;-0.009510;-0.846657
0.015232;0.009644;-1.009.462
-0.013498;-0.009510;-0.760466
-0.003921;-0.019087;-0.521045
-0.023075;-0.009510;-0.099666
0.015232;0.009644;0.637749
0.024809;0.009644;0.925053
0.015232;-0.009510;1.030.397
-0.003921;0.009644;0.953783
0.015232;0.009644;0.417482
-0.003921;-0.019087;0.015256
-0.003921;-0.019087;-0.386970
-0.013498;-0.019087;-0.961578
-0.023075;0.000067;-1.009.462
-0.013498;-0.019087;-0.913694
-0.023075;0.000067;-0.645543
0.005656;0.009644;0.072717
0.005656;0.000067;0.465366
0.005656;-0.009510;0.762247
-0.003921;0.009644;1.001.667
0.034386;-0.009510;0.867592
-0.003921;0.019220;0.599442
-0.023075;-0.028664;-0.166703
-0.003921;0.019220;-0.530622
-0.013498;-0.028664;-0.808350
-0.003921;-0.028664;-0.990309
0.015232;0.000067;-0.817926
-0.003921;-0.009510;-0.540198
0.015232;0.009644;-0.166703
0.015232;0.000067;0.589865
-0.003921;0.000067;0.829285
0.024809;-0.009510;1.011.244
0.024809;0.000067;0.790977
0.005656;0.009644;0.484520
0.005656;0.009644;0.082294
0.024809;0.000067;-0.291202
-0.023075;-0.019087;-0.894541
-0.032652;-0.028664;-0.990309
0.005656;-0.019087;-0.923271
-0.013498;0.019220;-0.406123
-0.023075;0.000067;0.005679
0.005656;0.000067;0.407906
0.015232;0.009644;0.925053
0.015232;0.019220;1.011.244
0.015232;0.019220;0.915476
0.015232;0.000067;0.666479
-0.013498;-0.009510;-0.090089
-0.023075;-0.019087;-0.454007
-0.023075;0.009644;-0.789196
-0.003921;-0.009510;-0.971155
-0.013498;0.000067;-0.875387
-0.013498;-0.009510;-0.578506
-0.003921;0.009644;-0.243318
0.015232;0.009644;0.541981
0.015232;0.019220;0.838861
0.015232;0.009644;0.972937
0.034386;0.009644;0.800554
-0.003921;0.019220;0.551558
0.005656;0.000067;0.168485
-0.003921;-0.019087;-0.262471
-0.013498;-0.019087;-0.846657
-0.013498;-0.009510;-0.999886
-0.003921;-0.019087;-0.961578
-0.032652;0.009644;-0.473161
-0.013498;-0.019087;-0.061358
0.024809;0.000067;0.340868
0.005656;0.009644;0.915476
0.015232;-0.009510;1.001.667
0.015232;0.009644;0.934629
-0.003921;-0.009510;0.714363
-0.003921;0.009644;0.024833
-0.013498;-0.009510;-0.396546
-0.003921;-0.019087;-0.712582
-0.003921;-0.019087;-0.980732
-0.013498;-0.009510;-0.904118
-0.003921;0.028797;-0.635966
-0.003921;-0.019087;0.072717
-0.023075;-0.009510;0.446213
-0.003921;0.009644;0.781401
0.015232;0.009644;0.963360
0.015232;0.019220;0.858015
-0.003921;0.009644;0.609018
0.005656;0.000067;0.245099
-0.013498;-0.009510;-0.559352
0.005656;-0.019087;-0.798773
-0.003921;-0.009510;-0.961578
-0.013498;-0.028664;-0.980732
-0.013498;-0.009510;-0.521045
0.005656;0.000067;-0.147550
0.015232;0.009644;0.235522
0.024809;0.009644;0.858015
0.024809;0.000067;0.972937
0.005656;-0.009510;0.934629
0.024809;0.000067;0.465366
-0.003921;0.000067;0.063140
-0.013498;0.019220;-0.319932
-0.013498;-0.009510;-0.655121
-0.003921;-0.009510;-0.999886
-0.003921;0.000067;-0.923271
-0.013498;0.019220;-0.683851
0.005656;0.028797;-0.003898
0.005656;0.009644;0.379175
0.015232;0.009644;0.704786
0.015232;0.000067;0.963360
0.034386;0.009644;0.886745
0.005656;0.019220;0.647326
0.005656;0.009644;0.302560
-0.003921;0.000067;-0.463584
-0.003921;0.000067;-0.750889
0.005656;-0.009510;-0.952002
-0.023075;-0.009510;-0.846657
-0.003921;-0.009510;-0.597659
-0.003921;0.000067;-0.233741
0.015232;0.009644;0.168485
0.015232;0.019220;0.810131
0.024809;0.028797;0.944206
0.005656;0.009644;0.963360
-0.023075;0.000067;0.503674
0.005656;-0.009510;0.149331
0.005656;0.000067;-0.252894
-0.013498;-0.009510;-0.846657
-0.023075;-0.019087;-0.971155
-0.023075;-0.009510;-0.942425
-0.013498;-0.009510;-0.750889
-0.013498;-0.009510;-0.061358
0.015232;0.009644;0.312137
-0.013498;0.019220;0.656902
0.005656;0.009644;0.963360
0.015232;0.019220;0.934629
0.005656;0.028797;0.704786
-0.003921;0.000067;-0.013474
0.005656;-0.019087;-0.406123
-0.042228;-0.009510;-0.693428
-0.013498;-0.038240;-0.923271
-0.003921;-0.009510;-0.894541
-0.023075;-0.009510;-0.645543
-0.013498;-0.009510;-0.310355
-0.003921;-0.009510;0.446213
0.005656;-0.009510;0.752670
-0.013498;0.009644;0.972937
0.015232;0.000067;0.982513
0.015232;-0.009510;0.599442
-0.003921;0.009644;0.178061
0.005656;0.038374;-0.185857
-0.013498;-0.019087;-0.808350
-0.003921;0.000067;-0.942425
-0.023075;-0.009510;-0.961578
-0.003921;-0.009510;-0.501891
0.015232;0.000067;-0.147550
0.015232;-0.009510;0.254676
0.015232;0.009644;0.609018
-0.003921;0.019220;0.972937
0.015232;0.009644;0.915476
0.024809;0.009644;0.743093
-0.023075;0.019220;0.063140
-0.003921;-0.009510;-0.319932
-0.013498;-0.019087;-0.674274
0.015232;-0.009510;-0.952002
-0.013498;0.009644;-0.913694
-0.013498;0.009644;-0.693428
-0.003921;-0.019087;-0.386970
0.015232;0.000067;0.398329
0.005656;0.009644;0.743093
0.015232;0.009644;0.905899
0.015232;-0.019087;0.858015
0.015232;0.000067;0.609018
0.015232;0.000067;0.302560
0.024809;0.009644;-0.090089
0.005656;-0.009510;-0.741312
-0.003921;-0.019087;-0.952002
-0.013498;0.000067;-0.971155
-0.023075;0.009644;-0.568929
-0.003921;-0.019087;-0.205010
0.005656;0.000067;0.149331
0.015232;-0.019087;0.819708
0.043963;0.009644;0.963360
0.005656;0.000067;0.963360
-0.003921;0.009644;0.781401
-0.003921;0.009644;0.168485
-0.023075;-0.009510;-0.233741
-0.013498;-0.028664;-0.846657
0.005656;-0.009510;-0.952002
-0.013498;-0.009510;-0.923271
-0.013498;-0.009510;-0.722158
-0.003921;0.009644;-0.023051
-0.003921;-0.019087;0.302560
0.024809;-0.009510;0.676056
0.005656;0.009644;0.915476
-0.003921;0.000067;0.915476
-0.003921;0.009644;0.704786
-0.003921;0.019220;0.360022
-0.003921;-0.009510;-0.406123
-0.023075;-0.009510;-0.703005
-0.003921;0.000067;-0.884964
0.005656;0.000067;-0.942425
-0.003921;-0.009510;-0.626390
-0.023075;-0.009510;-0.272048
0.005656;0.009644;0.111024
0.005656;0.000067;0.762247
0.024809;0.000067;0.953783
0.024809;0.000067;0.963360
0.015232;-0.019087;0.580288
-0.013498;0.000067;0.216369
-0.003921;0.009644;-0.176280
-0.003921;0.000067;-0.540198
-0.013498;0.000067;-0.913694
-0.042228;-0.019087;-0.913694
-0.013498;-0.009510;-0.770042
-0.023075;0.000067;-0.147550
0.005656;-0.009510;0.245099
-0.013498;0.009644;0.609018
0.024809;-0.009510;0.838861
0.024809;0.009644;0.915476
0.024809;0.000067;0.723940
0.015232;0.009644;0.417482
-0.023075;-0.019087;-0.329509
-0.013498;0.019220;-0.635966
-0.013498;-0.009510;-0.884964
-0.003921;-0.019087;-0.894541
-0.013498;-0.009510;-0.655121
-0.003921;0.000067;-0.348662
-0.003921;0.000067;-0.003898
-0.003921;0.000067;0.714363
0.024809;-0.038240;0.953783
0.015232;0.019220;0.963360
0.005656;-0.009510;0.618595
0.005656;-0.009510;0.312137
-0.013498;-0.019087;-0.090089
-0.003921;-0.009510;-0.750889
-0.003921;0.000067;-0.952002
-0.013498;-0.009510;-0.952002
-0.013498;0.000067;-0.827503
0.005656;0.000067;-0.185857
0.024809;0.009644;0.178061
0.005656;0.028797;0.513250
-0.003921;-0.009510;0.953783
0.005656;0.000067;0.934629
0.005656;0.000067;0.771824
-0.003921;0.019220;0.474943
-0.013498;0.000067;-0.281625
-0.013498;-0.009510;-0.578506
-0.013498;0.000067;-0.827503
-0.023075;0.000067;-0.904118
-0.003921;0.000067;-0.741312
-0.013498;-0.019087;-0.386970
-0.013498;0.019220;0.331290
0.005656;0.019220;0.637749
0.024809;0.009644;0.877169
0.015232;-0.009510;0.944206
0.005656;0.019220;0.656902
0.015232;0.000067;0.331290
0.005656;0.009644;-0.042205
-0.013498;-0.019087;-0.693428
-0.023075;0.000067;-0.875387
-0.003921;-0.009510;-0.961578
-0.023075;-0.028664;-0.607236
-0.003921;-0.019087;-0.262471
-0.003921;0.000067;0.111024
0.005656;0.028797;0.474943
0.024809;0.009644;0.944206
0.005656;0.000067;0.915476
-0.003921;0.019220;0.810131
0.005656;-0.009510;0.187638
0.005656;0.000067;-0.205010
-0.003921;-0.009510;-0.530622
-0.003921;0.000067;-0.779619
0.005656;-0.028664;-0.913694
-0.003921;-0.009510;-0.750889
0.005656;0.000067;-0.463584
0.005656;0.000067;0.292983
0.015232;-0.009510;0.618595
0.024809;0.028797;0.838861
0.005656;0.019220;0.877169
-0.003921;0.000067;0.704786
-0.003921;-0.009510;0.427059
-0.013498;0.019220;-0.339086
-0.003921;-0.028664;-0.655121
0.015232;0.000067;-0.856234
-0.003921;-0.009510;-0.971155
-0.003921;-0.009510;-0.674274
0.005656;-0.009510;-0.348662
-0.013498;0.009644;0.024833
0.015232;0.000067;0.714363
0.005656;0.000067;0.925053
-0.003921;0.028797;0.953783
0.005656;-0.009510;0.810131
0.005656;0.009644;0.264253
-0.003921;0.009644;-0.128396
-0.003921;0.028797;-0.463584
0.015232;-0.009510;-0.913694
-0.023075;0.009644;-0.952002
-0.013498;-0.019087;-0.789196
-0.013498;-0.019087;-0.530622
-0.003921;0.019220;0.187638
0.015232;0.000067;0.551558
0.024809;0.019220;0.915476
0.005656;0.000067;0.896322
0.005656;0.009644;0.733517
0.024809;-0.019087;0.455790
0.005656;0.019220;-0.252894
-0.003921;0.009644;-0.578506
-0.013498;-0.028664;-0.817926
-0.023075;0.000067;-0.923271
0.005656;-0.009510;-0.683851
-0.032652;0.000067;-0.396546
-0.013498;0.000067;-0.032628
-0.013498;-0.009510;0.637749
0.024809;0.019220;0.886745
0.015232;-0.028664;0.963360
0.024809;0.009644;0.848438
-0.003921;-0.028664;0.350445
-0.003921;-0.028664;-0.061358
-0.013498;-0.009510;-0.425277
-0.013498;0.000067;-0.894541
-0.013498;-0.009510;-0.923271
-0.023075;0.000067;-0.837080
-0.003921;-0.009510;-0.252894
0.005656;0.009644;0.130177
0.015232;-0.009510;0.465366
0.015232;0.009644;0.762247
0.015232;-0.019087;0.934629
0.005656;-0.019087;0.771824
0.005656;0.009644;0.197215
0.005656;0.019220;-0.205010
0.005656;0.009644;-0.521045
-0.013498;-0.009510;-0.770042
-0.023075;-0.019087;-0.913694
-0.003921;0.000067;-0.731735
0.005656;-0.009510;-0.473161
0.005656;0.000067;-0.118819
-0.003921;0.009644;0.599442
0.015232;0.000067;0.829285
0.034386;0.019220;0.896322
0.034386;-0.009510;0.695210
0.015232;0.000067;0.369598
-0.013498;0.000067;0.005679
-0.003921;-0.009510;-0.348662
-0.003921;-0.019087;-0.856234
-0.003921;-0.019087;-0.913694
-0.032652;0.000067;-0.846657
-0.003921;0.009644;-0.329509
-0.013498;0.019220;0.053563
-0.013498;-0.019087;0.407906
0.024809;0.019220;0.877169
0.015232;0.000067;0.896322
0.034386;0.009644;0.858015
0.015232;0.009644;0.580288
-0.003921;0.000067;-0.118819
-0.023075;-0.009510;-0.482738
-0.013498;-0.009510;-0.741312
-0.013498;-0.019087;-0.923271
-0.032652;-0.019087;-0.760466
-0.013498;0.009644;-0.511468
-0.003921;0.000067;-0.166703
0.024809;0.019220;0.561134
0.005656;0.000067;0.790977
0.024809;0.019220;0.915476
0.015232;0.019220;0.723940
0.015232;0.009644;0.455790
-0.003921;0.000067;0.091870
-0.013498;-0.009510;-0.607236
-0.003921;0.009644;-0.846657
-0.003921;0.000067;-0.971155
-0.013498;-0.009510;-0.856234
-0.013498;-0.009510;-0.386970
0.015232;-0.019087;-0.032628
0.015232;0.000067;0.283406
-0.003921;0.000067;0.867592
0.015232;0.000067;0.915476
0.015232;-0.009510;0.838861
0.005656;0.000067;0.312137
-0.013498;0.009644;-0.032628
0.005656;0.019220;-0.377393
0.005656;0.009644;-0.693428
0.015232;-0.009510;-0.894541
-0.003921;-0.019087;-0.798773
-0.003921;-0.009510;-0.578506
-0.013498;0.028797;0.111024
0.015232;-0.009510;0.455790
0.005656;0.009644;0.743093
0.024809;0.047951;0.896322
-0.003921;0.000067;0.781401
-0.003921;-0.009510;0.484520
-0.003921;0.009644;0.168485
-0.013498;0.009644;-0.559352
-0.003921;0.000067;-0.789196
0.015232;-0.009510;-0.904118
-0.003921;-0.009510;-0.722158
0.005656;0.009644;-0.434854
-0.023075;-0.009510;-0.090089
-0.003921;0.009644;0.302560
0.024809;0.000067;0.819708
0.005656;0.009644;0.934629
0.034386;-0.019087;0.877169
0.005656;0.028797;0.398329
-0.023075;0.009644;0.005679
-0.003921;0.009644;-0.339086
-0.032652;0.009644;-0.827503
-0.003921;0.000067;-0.923271
0.005656;-0.038240;-0.856234
-0.013498;0.000067;-0.635966
-0.003921;-0.009510;0.024833
0.005656;0.009644;0.427059
0.005656;0.009644;0.695210
0.015232;0.000067;0.925053
0.024809;0.009644;0.829285
0.015232;0.009644;0.551558
0.024809;-0.019087;0.225945
0.015232;-0.019087;-0.473161
-0.013498;0.000067;-0.731735
-0.013498;-0.009510;-0.904118
0.005656;-0.038240;-0.779619
-0.013498;-0.038240;-0.482738
-0.003921;-0.009510;-0.176280
0.024809;0.000067;0.522827
0.005656;0.000067;0.771824
0.005656;0.009644;0.925053
0.005656;0.000067;0.896322
0.024809;-0.019087;0.427059
0.005656;-0.019087;0.091870
-0.003921;-0.009510;-0.272048
0.005656;0.019220;-0.817926
-0.013498;-0.009510;-0.904118
-0.023075;-0.028664;-0.865810
-0.003921;0.009644;-0.367816
-0.013498;0.009644;-0.013474
0.005656;0.019220;0.350445
0.005656;0.000067;0.656902
-0.003921;0.019220;0.915476
0.005656;0.000067;0.829285
0.005656;0.000067;0.599442
-0.013498;-0.009510;-0.070935
0.005656;-0.009510;-0.425277
-0.013498;-0.009510;-0.884964
-0.023075;-0.019087;-0.913694
-0.003921;0.009644;-0.798773
0.015232;0.000067;-0.540198
0.005656;0.000067;-0.214587
0.005656;0.028797;0.446213
0.005656;0.000067;0.743093
0.005656;0.009644;0.905899
-0.003921;0.000067;0.752670
-0.003921;-0.028664;0.474943
0.005656;-0.009510;0.178061
-0.003921;0.019220;-0.214587
-0.032652;0.000067;-0.779619
-0.032652;0.000067;-0.913694
-0.003921;0.009644;-0.875387
-0.003921;0.009644;-0.434854
-0.013498;0.009644;-0.080512
-0.013498;-0.019087;0.283406
0.024809;0.019220;0.848438
0.015232;0.000067;0.905899
0.005656;-0.009510;0.858015
0.024809;0.000067;0.695210
0.005656;0.009644;0.024833
-0.013498;-0.009510;-0.358239
-0.013498;-0.009510;-0.645543
-0.013498;-0.009510;-0.904118
-0.013498;-0.019087;-0.798773
-0.003921;0.000067;-0.616813
-0.003921;0.009644;0.082294
0.024809;0.000067;0.407906
0.015232;0.038374;0.685633
0.005656;-0.009510;0.877169
-0.003921;0.000067;0.790977
0.005656;0.019220;0.561134
0.015232;0.009644;0.254676
-0.013498;-0.009510;-0.482738
-0.003921;-0.009510;-0.741312
-0.013498;-0.009510;-0.884964
0.005656;-0.009510;-0.865810
-0.013498;-0.009510;-0.473161
-0.013498;0.009644;-0.137973
0.015232;0.009644;0.245099
0.015232;0.000067;0.781401
0.024809;0.009644;0.915476
-0.013498;0.019220;0.858015
0.005656;0.019220;0.714363
0.024809;-0.009510;0.053563
0.015232;-0.009510;-0.300778
-0.013498;0.000067;-0.597659
-0.023075;-0.028664;-0.913694
-0.003921;-0.009510;-0.837080
-0.013498;0.000067;-0.655121
-0.003921;0.000067;0.024833
0.015232;0.009644;0.331290
0.005656;0.009644;0.666479
-0.013498;-0.009510;0.858015
0.005656;0.000067;0.819708
0.024809;0.019220;0.609018
0.015232;-0.009510;0.283406
-0.023075;-0.009510;-0.396546
-0.003921;-0.019087;-0.722158
-0.023075;0.009644;-0.846657
-0.013498;-0.009510;-0.894541
0.005656;0.000067;-0.540198
-0.003921;0.019220;-0.214587
0.005656;0.000067;0.120601
0.005656;0.019220;0.723940
0.015232;0.009644;0.886745
-0.003921;-0.009510;0.886745
-0.013498;0.009644;0.455790
0.005656;0.000067;0.111024
-0.003921;0.000067;-0.224164
-0.023075;-0.009510;-0.540198
-0.003921;0.009644;-0.894541
0.005656;-0.009510;-0.856234
-0.013498;-0.009510;-0.683851
0.005656;0.009644;-0.080512
0.005656;0.000067;0.302560
0.005656;-0.009510;0.589865
0.015232;0.009644;0.896322
0.015232;0.009644;0.819708
0.015232;-0.019087;0.656902
0.024809;0.019220;0.321713
-0.003921;0.000067;-0.367816
-0.023075;0.000067;-0.626390
-0.013498;-0.009510;-0.837080
0.005656;-0.009510;-0.798773
-0.023075;0.009644;-0.578506
-0.003921;-0.009510;-0.300778
-0.013498;0.009644;0.053563
-0.003921;-0.019087;0.714363
0.005656;0.019220;0.867592
0.005656;0.009644;0.867592
0.005656;0.019220;0.541981
-0.013498;0.009644;0.216369
0.015232;0.009644;-0.147550
-0.032652;0.000067;-0.750889
-0.003921;-0.019087;-0.856234
0.005656;-0.009510;-0.904118
-0.023075;-0.009510;-0.741312
-0.003921;-0.019087;-0.128396
0.005656;0.000067;0.187638
0.015232;0.000067;0.551558
-0.003921;0.009644;0.886745
0.015232;0.000067;0.886745
0.005656;0.009644;0.695210
0.005656;0.019220;0.053563
0.005656;0.009644;-0.291202
0.005656;0.009644;-0.588082
0.005656;0.000067;-0.798773
-0.013498;0.009644;-0.837080
-0.023075;-0.009510;-0.635966
0.005656;0.009644;-0.358239
-0.013498;0.000067;0.350445
-0.013498;0.000067;0.637749
0.015232;0.000067;0.810131
0.005656;0.000067;0.905899
-0.013498;0.000067;0.589865
-0.003921;-0.009510;0.273829
-0.003921;-0.028664;-0.109242
-0.013498;-0.019087;-0.683851
-0.023075;-0.009510;-0.846657
-0.003921;-0.009510;-0.875387
-0.003921;0.000067;-0.530622
-0.013498;0.009644;-0.205010
-0.003921;0.000067;0.158908
0.005656;0.000067;0.484520
0.015232;0.000067;0.877169
0.015232;0.000067;0.858015
0.015232;0.009644;0.723940
-0.013498;0.000067;0.130177
-0.003921;0.009644;-0.252894
-0.003921;-0.019087;-0.540198
-0.003921;-0.009510;-0.884964
0.015232;-0.009510;-0.846657
-0.003921;-0.019087;-0.664698
-0.003921;0.009644;-0.396546
0.005656;0.000067;0.292983
0.015232;0.009644;0.599442
0.034386;0.009644;0.800554
0.024809;-0.028664;0.800554
0.024809;0.000067;0.628172
-0.003921;0.000067;0.302560
0.015232;-0.009510;-0.023051
-0.003921;-0.028664;-0.645543
-0.003921;0.009644;-0.827503
0.024809;0.009644;-0.865810
-0.013498;-0.019087;-0.578506
-0.013498;0.028797;-0.291202
-0.003921;0.000067;0.082294
0.015232;-0.009510;0.714363
0.015232;-0.019087;0.848438
0.015232;0.000067;0.886745
0.005656;0.009644;0.743093
0.015232;-0.009510;0.206792
-0.013498;-0.019087;-0.176280
-0.023075;-0.019087;-0.501891
-0.013498;0.000067;-0.846657
-0.013498;0.000067;-0.837080
0.005656;0.000067;-0.712582
0.005656;0.000067;-0.147550
-0.003921;0.000067;0.264253
0.005656;0.000067;0.522827
0.034386;0.009644;0.781401
0.024809;0.000067;0.848438
0.005656;0.000067;0.685633
0.005656;-0.009510;0.407906
-0.003921;-0.009510;-0.281625
0.005656;0.009644;-0.578506
-0.023075;-0.019087;-0.770042
0.005656;-0.009510;-0.798773
-0.013498;0.009644;-0.597659
0.005656;0.009644;-0.329509
-0.003921;-0.009510;-0.003898
0.024809;0.000067;0.656902
0.015232;0.009644;0.810131
0.015232;0.000067;0.896322
0.005656;-0.009510;0.561134
-0.003921;-0.009510;0.245099
-0.003921;0.000067;-0.090089
-0.013498;-0.019087;-0.434854
-0.013498;0.000067;-0.846657
-0.013498;0.009644;-0.856234
-0.013498;-0.019087;-0.722158
-0.013498;0.000067;-0.205010
-0.003921;0.009644;0.158908
-0.003921;0.009644;0.474943
0.015232;0.019220;0.848438
0.005656;0.009644;0.848438
-0.003921;0.000067;0.695210
0.005656;-0.009510;0.436636
-0.013498;0.019220;-0.243318
-0.013498;-0.009510;-0.559352
-0.023075;0.000067;-0.750889
-0.013498;-0.019087;-0.856234
-0.013498;-0.019087;-0.664698
-0.003921;0.000067;-0.377393
0.005656;0.009644;-0.042205
0.015232;0.000067;0.599442
-0.003921;0.000067;0.838861
0.024809;-0.009510;0.867592
0.024809;0.009644;0.609018
0.005656;-0.009510;0.321713
-0.013498;-0.009510;-0.023051
-0.013498;-0.009510;-0.664698
-0.013498;0.000067;-0.827503
-0.013498;-0.009510;-0.884964
-0.003921;-0.019087;-0.779619
0.005656;0.019220;-0.252894
0.005656;0.000067;0.063140
0.005656;-0.009510;0.407906
-0.003921;0.000067;0.829285
0.005656;-0.009510;0.838861
0.005656;0.019220;0.733517
0.005656;-0.009510;0.513250
-0.013498;0.009644;-0.185857
-0.013498;0.000067;-0.463584
-0.013498;-0.009510;-0.722158
-0.003921;0.000067;-0.827503
0.005656;0.019220;-0.683851
0.005656;0.000067;-0.425277
0.005656;0.000067;0.187638
-0.003921;0.009644;0.551558
0.005656;0.000067;0.771824
0.015232;0.009644;0.848438
0.015232;0.019220;0.647326
0.005656;0.000067;0.388752
-0.023075;0.000067;0.024833
-0.013498;0.000067;-0.578506
-0.023075;-0.009510;-0.779619
0.015232;0.000067;-0.856234
-0.013498;-0.009510;-0.798773
-0.003921;-0.009510;-0.300778
-0.003921;-0.009510;-0.003898
-0.003921;0.000067;0.350445
0.034386;-0.028664;0.819708
0.015232;0.000067;0.858015
0.015232;0.000067;0.790977
-0.003921;-0.028664;0.216369
-0.023075;0.000067;-0.090089
0.005656;-0.019087;-0.425277
-0.013498;-0.028664;-0.846657
-0.013498;0.000067;-0.846657
-0.023075;-0.009510;-0.722158
-0.003921;0.009644;-0.166703
-0.003921;-0.009510;0.168485
0.024809;0.009644;0.474943
-0.013498;-0.028664;0.723940
0.005656;0.009644;0.838861
0.024809;0.000067;0.676056
0.005656;0.019220;0.417482
-0.013498;0.000067;-0.224164
-0.003921;-0.028664;-0.530622
-0.013498;-0.009510;-0.750889
-0.013498;-0.009510;-0.884964
0.005656;-0.009510;-0.664698
-0.013498;-0.009510;-0.377393
-0.023075;-0.009510;-0.023051
0.015232;0.000067;0.283406
0.024809;0.019220;0.781401
0.015232;0.000067;0.877169
0.015232;0.019220;0.781401
-0.013498;-0.019087;0.302560
-0.003921;0.000067;-0.042205
-0.003921;-0.019087;-0.367816
0.005656;0.000067;-0.798773
-0.013498;-0.009510;-0.846657
-0.023075;-0.009510;-0.741312
-0.023075;-0.009510;-0.530622
0.005656;-0.009510;0.101447
0.015232;0.009644;0.427059
0.015232;0.019220;0.676056
0.015232;0.019220;0.829285
0.024809;0.019220;0.714363
0.005656;0.009644;0.494097
-0.013498;0.009644;-0.185857
-0.032652;-0.019087;-0.482738
0.005656;-0.009510;-0.722158
-0.013498;-0.009510;-0.827503
-0.032652;0.019220;-0.674274
-0.003921;0.000067;-0.444430
-0.003921;-0.009510;-0.099666
0.034386;0.009644;0.551558
0.015232;-0.009510;0.762247
0.015232;0.000067;0.848438
0.015232;0.000067;0.838861
-0.003921;0.019220;0.340868
0.005656;0.000067;0.043986
-0.003921;-0.019087;-0.300778
-0.023075;-0.019087;-0.779619
-0.003921;0.019220;-0.856234
-0.003921;0.000067;-0.789196
-0.013498;0.009644;-0.281625
0.015232;0.000067;0.024833
0.005656;-0.009510;0.360022
0.005656;-0.009510;0.647326
-0.003921;0.000067;0.838861
0.015232;-0.009510;0.733517
0.005656;0.009644;0.513250
-0.003921;-0.009510;-0.118819
-0.032652;0.009644;-0.444430
-0.023075;0.000067;-0.674274
-0.013498;-0.009510;-0.827503
-0.013498;-0.009510;-0.693428
-0.013498;0.000067;-0.482738
-0.013498;0.000067;-0.166703
0.024809;0.009644;0.484520
0.005656;0.019220;0.752670
0.015232;-0.009510;0.800554
0.015232;-0.009510;0.714363
-0.003921;-0.009510;0.436636
0.015232;-0.009510;0.063140
-0.013498;0.000067;-0.252894
-0.003921;0.000067;-0.760466
-0.013498;0.000067;-0.837080
-0.023075;-0.009510;-0.789196
-0.013498;0.009644;-0.348662
-0.003921;0.000067;-0.032628
0.005656;0.000067;0.331290
0.024809;0.028797;0.790977
0.005656;-0.019087;0.838861
0.005656;0.000067;0.771824
-0.003921;-0.009510;0.589865
-0.023075;-0.009510;-0.042205
-0.003921;-0.019087;-0.386970
-0.003921;0.000067;-0.626390
0.005656;0.009644;-0.856234
-0.003921;0.000067;-0.741312
-0.013498;0.000067;-0.521045
0.005656;0.000067;-0.214587
0.005656;0.000067;0.436636
0.024809;-0.009510;0.695210
0.024809;0.009644;0.819708
0.034386;0.009644;0.723940
0.005656;0.009644;0.455790
-0.003921;0.000067;0.130177
-0.003921;-0.028664;-0.482738
-0.023075;-0.009510;-0.712582
-0.013498;0.028797;-0.827503
-0.003921;0.000067;-0.817926
-0.003921;0.019220;-0.396546
0.005656;0.009644;-0.070935
0.015232;0.000067;0.254676
0.015232;0.009644;0.743093
0.015232;0.009644;0.800554
-0.003921;0.019220;0.800554
0.005656;-0.028664;0.350445
-0.023075;0.019220;-0.003898
0.015232;0.009644;-0.319932
-0.003921;0.000067;-0.588082
0.005656;-0.028664;-0.846657
-0.003921;-0.009510;-0.741312
-0.003921;0.000067;-0.559352
-0.013498;0.009644;0.034410
-0.003921;0.019220;0.379175
0.015232;0.000067;0.628172
0.015232;0.000067;0.838861
0.015232;-0.009510;0.733517
0.005656;0.009644;0.532404
0.005656;0.000067;0.197215
0.005656;-0.009510;-0.415700
-0.013498;0.000067;-0.693428
-0.023075;-0.028664;-0.808350
-0.003921;-0.019087;-0.712582
0.005656;0.000067;-0.463584
0.005656;-0.019087;-0.157126
0.015232;-0.009510;0.206792
-0.003921;-0.019087;0.695210
0.015232;0.000067;0.810131
0.005656;0.000067;0.829285
0.005656;0.009644;0.388752
0.015232;-0.009510;0.053563
-0.003921;0.000067;-0.252894
-0.003921;-0.009510;-0.750889
0.005656;0.009644;-0.837080
-0.003921;-0.028664;-0.779619
0.015232;-0.009510;-0.616813
0.005656;0.000067;-0.032628
0.015232;0.009644;0.321713
0.024809;0.009644;0.589865
0.005656;-0.009510;0.838861
0.005656;-0.009510;0.771824
-0.003921;0.038374;0.561134
-0.003921;-0.009510;0.254676
-0.003921;0.009644;-0.377393
0.005656;0.000067;-0.616813
-0.023075;-0.019087;-0.808350
-0.023075;0.000067;-0.722158
-0.013498;-0.009510;-0.521045
-0.013498;-0.009510;-0.233741
0.005656;-0.009510;0.417482
0.034386;0.000067;0.685633
0.024809;0.009644;0.810131
-0.003921;-0.009510;0.838861
0.005656;-0.009510;0.465366
-0.003921;0.000067;0.168485
-0.013498;-0.009510;-0.176280
0.005656;0.000067;-0.722158
-0.003921;0.009644;-0.827503
0.015232;-0.028664;-0.798773
-0.003921;-0.028664;-0.415700
-0.003921;0.000067;-0.090089
0.005656;0.009644;0.216369
0.005656;-0.009510;0.551558
0.015232;-0.019087;0.810131
0.015232;0.000067;0.781401
-0.003921;0.000067;0.609018
-0.013498;0.009644;-0.013474
-0.023075;-0.009510;-0.319932
-0.003921;0.009644;-0.578506
-0.013498;0.009644;-0.779619
-0.003921;0.009644;-0.750889
0.005656;0.000067;-0.540198
-0.003921;0.000067;-0.272048
0.015232;0.009644;0.398329
0.015232;0.009644;0.647326
0.015232;-0.009510;0.819708
0.034386;-0.009510;0.800554
-0.023075;-0.009510;0.484520
0.015232;-0.009510;0.206792
0.005656;-0.028664;-0.137973
-0.013498;-0.009510;-0.645543
-0.013498;0.000067;-0.817926
-0.013498;0.000067;-0.798773
0.005656;0.038374;-0.454007
-0.003921;-0.009510;-0.109242
0.015232;0.000067;0.187638
0.005656;0.019220;0.484520
0.005656;0.009644;0.819708
0.005656;0.019220;0.810131
0.015232;0.000067;0.666479
-0.003921;0.000067;0.082294
-0.003921;-0.009510;-0.272048
-0.023075;-0.019087;-0.549775
-0.003921;0.000067;-0.817926
-0.013498;0.000067;-0.779619
-0.023075;-0.019087;-0.588082
-0.013498;0.000067;-0.003898
-0.003921;0.009644;0.302560
0.005656;0.009644;0.589865
0.015232;0.009644;0.762247
-0.003921;0.009644;0.733517
0.005656;0.000067;0.561134
0.015232;0.000067;0.273829
-0.003921;-0.028664;-0.396546
-0.003921;0.000067;-0.645543
-0.003921;-0.019087;-0.779619
-0.032652;-0.009510;-0.808350
-0.023075;-0.019087;-0.501891
0.005656;0.009644;-0.157126
0.015232;-0.009510;0.120601
-0.003921;0.000067;0.695210
0.015232;-0.009510;0.800554
0.005656;0.009644;0.810131
0.005656;0.009644;0.427059
-0.013498;-0.019087;0.158908
-0.023075;0.000067;-0.195434
-0.013498;0.000067;-0.501891
-0.013498;-0.028664;-0.789196
-0.003921;-0.009510;-0.779619
-0.003921;-0.019087;-0.655121
-0.003921;-0.019087;-0.051782
0.005656;-0.009510;0.264253
0.024809;0.019220;0.522827
-0.003921;-0.009510;0.743093
0.005656;0.000067;0.752670
-0.003921;0.009644;0.589865
0.015232;0.009644;0.312137
-0.023075;-0.009510;-0.319932
-0.013498;-0.009510;-0.549775
0.005656;0.000067;-0.760466
-0.003921;-0.009510;-0.817926
-0.023075;-0.019087;-0.568929
-0.003921;0.000067;-0.281625
0.024809;-0.009510;0.043986
0.015232;0.000067;0.628172
0.005656;0.000067;0.781401
0.015232;0.019220;0.819708
0.015232;-0.019087;0.446213
0.015232;-0.009510;0.206792
-0.013498;0.000067;-0.157126
-0.003921;0.009644;-0.444430
-0.023075;-0.009510;-0.798773
-0.023075;-0.019087;-0.817926
-0.013498;-0.009510;-0.655121
0.015232;0.019220;-0.157126
0.005656;0.019220;0.197215
0.005656;0.000067;0.503674
0.005656;0.009644;0.810131
-0.003921;0.009644;0.771824
0.015232;0.019220;0.647326
-0.023075;0.009644;0.350445
0.005656;-0.009510;-0.262471
-0.003921;-0.009510;-0.530622
-0.013498;0.000067;-0.760466
-0.013498;-0.009510;-0.741312
-0.023075;-0.019087;-0.588082
0.015232;-0.009510;-0.329509
-0.003921;0.028797;0.331290
0.015232;0.028797;0.599442
-0.013498;0.000067;0.752670
-0.003921;0.000067;0.819708
0.015232;0.009644;0.522827
0.005656;0.019220;0.254676
-0.003921;-0.009510;-0.061358
-0.003921;0.000067;-0.626390
-0.003921;0.000067;-0.779619
0.005656;-0.019087;-0.798773
-0.013498;0.009644;-0.463584
-0.013498;0.000067;-0.205010
0.015232;-0.009510;0.120601
0.005656;0.019220;0.436636
-0.003921;0.000067;0.790977
0.015232;0.000067;0.790977
0.015232;0.000067;0.666479
0.015232;0.009644;0.427059
-0.013498;-0.019087;-0.195434
0.005656;-0.009510;-0.473161
-0.013498;-0.019087;-0.703005
-0.003921;-0.038240;-0.789196
-0.013498;0.009644;-0.626390
-0.023075;0.009644;-0.367816
-0.003921;0.000067;0.254676
0.015232;-0.019087;0.551558
0.005656;0.000067;0.733517
0.024809;0.000067;0.829285
0.005656;-0.009510;0.589865
-0.003921;0.000067;0.292983
-0.003921;-0.019087;-0.051782
0.005656;0.009644;-0.607236
-0.013498;-0.009510;-0.712582
-0.003921;0.000067;-0.798773
-0.023075;-0.009510;-0.511468
-0.013498;0.019220;-0.224164
0.015232;-0.009510;0.043986
0.005656;0.000067;0.379175
0.005656;0.009644;0.790977
0.005656;0.009644;0.810131
0.005656;0.000067;0.723940
-0.003921;-0.028664;0.187638
-0.003921;-0.009510;-0.137973
-0.013498;0.000067;-0.406123
0.005656;-0.028664;-0.789196
-0.032652;0.000067;-0.779619
-0.003921;-0.009510;-0.664698
0.005656;-0.009510;-0.444430
0.005656;0.009644;0.178061
-0.003921;-0.009510;0.484520
0.034386;0.000067;0.714363
0.015232;-0.009510;0.781401
0.005656;0.009644;0.647326
0.005656;-0.009510;0.340868
-0.003921;0.000067;0.072717
-0.023075;-0.009510;-0.549775
-0.023075;-0.028664;-0.731735
-0.013498;-0.028664;-0.779619
-0.013498;0.009644;-0.568929
-0.013498;-0.019087;-0.300778
0.005656;0.000067;0.005679
-0.003921;0.009644;0.570711
0.024809;0.009644;0.752670
-0.013498;0.009644;0.810131
0.024809;0.019220;0.714363
-0.003921;0.009644;0.235522
-0.003921;-0.019087;-0.070935
-0.023075;-0.009510;-0.386970
-0.013498;0.009644;-0.798773
-0.013498;-0.019087;-0.817926
0.005656;-0.009510;-0.693428
-0.023075;0.000067;-0.195434
0.005656;-0.009510;0.130177
0.005656;0.009644;0.436636
0.015232;-0.009510;0.685633
0.005656;0.000067;0.790977
0.034386;0.028797;0.647326
0.015232;0.000067;0.427059
-0.013498;0.019220;-0.205010
-0.013498;0.000067;-0.473161
-0.013498;-0.028664;-0.703005
0.005656;0.009644;-0.798773
-0.013498;-0.019087;-0.616813
-0.013498;-0.009510;-0.358239
0.015232;0.009644;0.245099
0.015232;0.019220;0.541981
0.005656;-0.019087;0.723940
0.005656;0.009644;0.800554
-0.003921;-0.009510;0.570711
-0.003921;0.019220;0.321713
-0.003921;0.009644;-0.032628
0.015232;-0.009510;-0.348662
-0.013498;-0.019087;-0.760466
-0.023075;-0.009510;-0.789196
-0.003921;0.000067;-0.722158
0.015232;0.009644;-0.262471
0.005656;0.000067;0.082294
0.005656;0.000067;0.360022
0.005656;0.009644;0.762247
0.015232;0.009644;0.810131
0.005656;0.019220;0.666479
-0.003921;0.009644;0.474943
-0.023075;-0.019087;-0.147550
-0.003921;0.000067;-0.454007
0.005656;-0.009510;-0.645543
-0.013498;-0.009510;-0.779619
0.005656;-0.019087;-0.655121
-0.013498;-0.019087;-0.386970
-0.003921;0.000067;-0.137973
-0.013498;0.000067;0.494097
0.015232;0.009644;0.695210
0.024809;0.000067;0.752670
0.015232;0.009644;0.599442
0.024809;-0.019087;0.340868
-0.003921;0.000067;0.034410
-0.003921;0.009644;-0.300778
-0.023075;-0.009510;-0.703005
0.005656;0.009644;-0.789196
-0.013498;0.000067;-0.750889
0.005656;-0.019087;-0.281625
-0.003921;-0.009510;0.015256
0.015232;0.009644;0.312137
0.015232;-0.009510;0.752670
0.015232;0.028797;0.771824
0.005656;0.019220;0.714363
0.015232;-0.009510;0.513250
-0.003921;0.000067;-0.070935
-0.003921;-0.009510;-0.406123
-0.003921;-0.019087;-0.635966
-0.003921;0.009644;-0.789196
-0.003921;0.000067;-0.693428
-0.003921;0.019220;-0.473161
0.015232;-0.009510;0.139754
0.024809;0.019220;0.427059
0.005656;0.009644;0.676056
0.015232;0.019220;0.781401
0.005656;0.000067;0.656902
0.005656;0.000067;0.388752
0.005656;0.000067;0.111024
0.015232;0.019220;-0.501891
-0.003921;0.009644;-0.693428
-0.003921;0.000067;-0.760466
-0.003921;0.009644;-0.616813
0.005656;-0.009510;-0.358239
0.015232;0.009644;-0.042205
0.005656;-0.019087;0.264253
0.024809;0.009644;0.733517
0.015232;0.009644;0.800554
-0.003921;0.028797;0.743093
0.005656;0.009644;0.273829
-0.013498;0.009644;-0.032628
0.015232;-0.019087;-0.367816
-0.003921;0.000067;-0.588082
-0.032652;0.009644;-0.779619
-0.013498;-0.009510;-0.703005
0.005656;0.000067;-0.530622
-0.003921;-0.009510;0.072717
-0.023075;-0.009510;0.398329
0.015232;-0.009510;0.628172
0.034386;0.019220;0.771824
0.005656;0.009644;0.656902
0.015232;0.009644;0.427059
-0.003921;0.009644;0.178061
0.015232;0.028797;-0.463584
-0.003921;0.009644;-0.655121
-0.023075;-0.019087;-0.760466
-0.003921;-0.009510;-0.626390
-0.003921;0.000067;-0.406123
-0.003921;-0.019087;-0.109242
-0.003921;0.000067;0.206792
0.005656;-0.019087;0.685633
-0.003921;0.000067;0.771824
0.034386;0.009644;0.743093
-0.003921;-0.009510;0.331290
-0.013498;0.019220;0.043986
-0.013498;-0.009510;-0.281625
-0.003921;0.000067;-0.731735
-0.003921;-0.019087;-0.798773
-0.023075;-0.009510;-0.731735
-0.023075;0.019220;-0.549775
0.024809;0.000067;0.005679
0.034386;-0.009510;0.312137
0.015232;0.009644;0.589865
0.024809;0.028797;0.800554
0.015232;0.000067;0.685633
0.024809;0.000067;0.513250
-0.042228;0.000067;-0.109242
-0.003921;0.000067;-0.386970
-0.013498;-0.019087;-0.626390
-0.023075;-0.019087;-0.750889
-0.003921;0.000067;-0.655121
-0.013498;0.009644;-0.425277
-0.003921;0.000067;-0.147550
-0.003921;0.000067;0.427059
0.024809;0.000067;0.666479
0.015232;-0.009510;0.771824
0.015232;0.009644;0.752670
-0.003921;0.000067;0.379175
0.015232;-0.019087;0.082294
0.005656;0.000067;-0.501891
-0.003921;-0.019087;-0.712582
-0.003921;-0.009510;-0.741312
-0.003921;-0.009510;-0.731735
-0.003921;0.009644;-0.358239
-0.003921;-0.009510;-0.042205
0.015232;0.000067;0.292983
0.015232;0.019220;0.522827
0.015232;-0.019087;0.781401
-0.003921;0.000067;0.714363
0.005656;0.000067;0.551558
-0.003921;-0.009510;-0.032628
-0.023075;-0.009510;-0.319932
0.015232;-0.019087;-0.559352
-0.003921;-0.009510;-0.770042
-0.003921;-0.009510;-0.674274
-0.013498;0.000067;-0.482738
-0.003921;-0.009510;-0.185857
-0.003921;0.000067;0.379175
0.015232;0.009644;0.618595
0.005656;-0.009510;0.771824
0.024809;0.000067;0.666479
-0.013498;-0.009510;0.417482
0.015232;0.000067;0.130177
-0.013498;0.019220;-0.415700
-0.003921;-0.009510;-0.655121
0.005656;0.000067;-0.770042
0.005656;-0.009510;-0.750889
0.015232;-0.019087;-0.377393
0.005656;0.009644;-0.080512
-0.003921;0.009644;0.197215
0.005656;0.019220;0.685633
-0.003921;-0.019087;0.752670
0.005656;0.000067;0.743093
0.005656;-0.009510;0.580288
-0.003921;-0.009510;0.015256
-0.003921;0.000067;-0.272048
-0.013498;0.009644;-0.530622
-0.023075;-0.009510;-0.760466
-0.032652;-0.009510;-0.703005
-0.013498;0.000067;-0.530622
-0.003921;0.000067;0.034410
-0.023075;-0.019087;0.331290
0.005656;0.019220;0.609018
0.015232;0.009644;0.752670
0.015232;0.000067;0.685633
0.024809;0.000067;0.484520
-0.003921;-0.019087;0.206792
-0.003921;0.009644;-0.396546
-0.023075;-0.009510;-0.607236
0.015232;-0.019087;-0.731735
-0.023075;-0.028664;-0.741312
-0.013498;0.000067;-0.415700
0.015232;0.019220;-0.157126
-0.003921;-0.009510;0.168485
0.024809;0.009644;0.676056
0.005656;-0.009510;0.771824
0.015232;0.009644;0.752670
-0.003921;0.009644;0.379175
0.005656;0.009644;0.072717
-0.013498;-0.019087;-0.185857
0.005656;-0.009510;-0.492314
-0.023075;-0.009510;-0.760466
-0.013498;0.000067;-0.712582
0.015232;-0.019087;-0.578506
0.005656;0.000067;-0.023051
-0.003921;0.000067;0.292983
-0.003921;0.009644;0.532404
-0.003921;0.028797;0.704786
0.034386;0.009644;0.695210
0.015232;0.019220;0.513250
-0.013498;0.000067;0.264253
-0.003921;-0.019087;-0.339086
-0.003921;-0.009510;-0.588082
-0.023075;-0.009510;-0.741312
-0.003921;-0.009510;-0.655121
0.005656;0.000067;-0.482738
-0.023075;-0.009510;-0.195434
0.005656;-0.009510;0.398329
-0.003921;0.009644;0.628172
0.005656;0.009644;0.733517
0.005656;0.009644;0.771824
0.015232;0.000067;0.417482
-0.003921;0.000067;0.158908
-0.013498;0.009644;-0.157126
-0.023075;-0.019087;-0.635966
-0.032652;-0.019087;-0.750889
0.015232;0.000067;-0.607236
-0.003921;0.019220;-0.070935
0.005656;0.000067;0.206792
0.005656;-0.019087;0.494097
0.005656;0.000067;0.704786
-0.003921;0.009644;0.570711
0.015232;0.009644;0.302560
-0.013498;-0.009510;-0.272048
-0.003921;-0.019087;-0.712582
-0.013498;0.009644;-0.693428
0.005656;0.009644;-0.492314
0.015232;-0.009510;-0.252894
0.015232;0.009644;0.312137
0.005656;-0.009510;0.599442
-0.023075;0.000067;0.733517
0.005656;0.019220;0.752670
0.015232;-0.028664;0.465366
-0.003921;0.009644;0.197215
-0.003921;-0.009510;-0.128396
-0.023075;0.000067;-0.607236
-0.003921;0.000067;-0.731735
-0.013498;-0.028664;-0.741312
0.005656;0.009644;-0.396546
0.015232;0.009644;-0.137973
-0.013498;0.009644;0.178061
0.024809;-0.019087;0.455790
0.005656;-0.009510;0.752670
0.024809;0.019220;0.733517
0.005656;-0.009510;0.570711
-0.003921;0.000067;0.072717
0.005656;-0.009510;-0.224164
-0.023075;0.009644;-0.492314
-0.003921;-0.009510;-0.693428
-0.003921;0.009644;-0.712582
-0.013498;0.000067;-0.559352
-0.013498;-0.019087;-0.300778
-0.023075;0.009644;0.312137
-0.013498;0.000067;0.551558
0.005656;0.000067;0.714363
0.005656;-0.009510;0.685633
-0.023075;0.019220;0.503674
0.015232;0.019220;0.264253
0.005656;0.000067;-0.051782
-0.003921;-0.009510;-0.578506
0.005656;0.000067;-0.731735
-0.013498;-0.019087;-0.760466
-0.023075;0.000067;-0.482738
-0.003921;0.000067;-0.176280
0.005656;0.009644;0.120601
-0.003921;0.000067;0.379175
0.024809;-0.009510;0.762247
0.005656;0.028797;0.752670
0.005656;0.019220;0.628172
-0.013498;0.000067;0.130177
-0.013498;-0.019087;-0.176280
0.005656;0.009644;-0.425277
0.005656;0.000067;-0.770042
-0.003921;0.009644;-0.712582
-0.013498;0.000067;-0.568929
0.005656;0.009644;-0.348662
0.015232;-0.009510;0.245099
0.015232;0.019220;0.465366
0.024809;0.009644;0.685633
-0.003921;0.019220;0.714363
0.024809;-0.019087;0.532404
-0.003921;-0.009510;0.292983
-0.013498;-0.009510;-0.281625
-0.013498;-0.009510;-0.540198
-0.003921;-0.019087;-0.693428
-0.003921;0.000067;-0.760466
-0.013498;0.009644;-0.511468
0.005656;-0.009510;-0.233741
-0.003921;0.009644;0.053563
0.015232;0.019220;0.580288
0.015232;0.019220;0.733517
0.024809;0.019220;0.743093
0.015232;0.028797;0.656902
0.024809;0.000067;0.178061
-0.003921;0.009644;-0.109242
-0.003921;-0.019087;-0.415700
-0.013498;0.009644;-0.731735
-0.013498;-0.009510;-0.731735
0.005656;-0.009510;-0.626390
0.005656;-0.028664;-0.109242
0.015232;0.009644;0.436636
0.015232;-0.009510;0.637749
0.005656;0.009644;0.723940
0.015232;0.009644;0.570711
-0.013498;0.009644;0.331290
-0.003921;0.000067;-0.233741
-0.013498;-0.009510;-0.521045
-0.013498;-0.009510;-0.674274
-0.003921;-0.019087;-0.760466
-0.003921;-0.028664;-0.521045
-0.003921;0.000067;-0.329509
-0.003921;0.000067;-0.013474
0.005656;-0.009510;0.551558
0.005656;0.009644;0.743093
0.005656;0.009644;0.743093
0.005656;-0.009510;0.494097
-0.003921;0.000067;0.216369
-0.003921;-0.019087;-0.051782
-0.003921;0.000067;-0.348662
0.005656;-0.019087;-0.693428
-0.003921;0.009644;-0.750889
-0.023075;0.000067;-0.645543
-0.013498;-0.009510;-0.157126
0.015232;-0.019087;0.130177
-0.003921;-0.009510;0.398329
0.005656;0.009644;0.752670
0.015232;0.000067;0.733517
0.005656;0.000067;0.628172
-0.003921;0.009644;0.379175
-0.003921;0.019220;-0.176280
0.015232;0.000067;-0.444430
-0.003921;0.000067;-0.626390
-0.013498;-0.019087;-0.712582
-0.013498;0.009644;-0.597659
-0.003921;-0.009510;-0.358239
-0.003921;-0.009510;-0.070935
0.015232;0.000067;0.484520
0.015232;0.000067;0.695210
0.005656;0.009644;0.743093
0.015232;0.009644;0.522827
0.015232;0.038374;0.283406
0.005656;0.009644;-0.003898
0.024809;0.000067;-0.521045
-0.003921;-0.019087;-0.693428
-0.003921;-0.009510;-0.722158
-0.013498;0.019220;-0.655121
-0.003921;0.019220;-0.205010
-0.013498;0.000067;0.063140
0.015232;0.000067;0.340868
0.015232;0.009644;0.733517
0.024809;0.019220;0.762247
0.005656;0.009644;0.647326
0.005656;0.019220;0.417482
-0.023075;0.000067;-0.128396
-0.003921;-0.009510;-0.406123
-0.013498;-0.009510;-0.616813
-0.013498;0.000067;-0.731735
-0.003921;0.000067;-0.607236
-0.013498;0.019220;-0.396546
0.015232;0.009644;0.187638
0.005656;0.019220;0.436636
0.015232;0.000067;0.656902
0.005656;-0.009510;0.733517
-0.013498;0.019220;0.551558
0.005656;0.000067;0.302560
0.015232;0.009644;0.034410
-0.032652;-0.009510;-0.482738
-0.003921;-0.019087;-0.664698
-0.003921;-0.009510;-0.731735
-0.023075;-0.009510;-0.492314
-0.013498;-0.028664;-0.310355
-0.003921;-0.009510;-0.013474
0.005656;-0.009510;0.264253
0.015232;0.009644;0.714363
0.015232;0.009644;0.723940
0.015232;-0.009510;0.637749
0.015232;0.000067;0.225945
-0.003921;0.019220;-0.070935
-0.003921;0.019220;-0.348662
-0.003921;0.009644;-0.559352
0.005656;0.000067;-0.712582
-0.013498;-0.019087;-0.626390
0.005656;0.009644;-0.425277
0.015232;0.009644;0.111024
-0.003921;-0.009510;0.379175
-0.003921;0.019220;0.637749
0.024809;0.009644;0.714363
0.015232;0.019220;0.609018
0.015232;0.009644;0.379175
-0.003921;-0.009510;-0.176280
-0.003921;0.000067;-0.415700
0.005656;0.000067;-0.635966
-0.032652;0.009644;-0.703005
-0.003921;-0.009510;-0.559352
0.005656;-0.009510;-0.310355
-0.003921;-0.009510;-0.061358
0.005656;0.000067;0.216369
0.005656;0.000067;0.666479
-0.013498;-0.009510;0.733517
0.024809;0.028797;0.666479
-0.013498;0.000067;0.273829
-0.003921;-0.019087;-0.023051
-0.003921;0.000067;-0.319932
-0.003921;0.000067;-0.664698
-0.003921;0.000067;-0.731735
0.005656;-0.009510;-0.674274
0.015232;-0.009510;-0.463584
-0.013498;0.000067;0.053563
-0.003921;0.009644;0.360022
0.024809;0.019220;0.589865
-0.003921;0.000067;0.714363
0.015232;0.009644;0.618595
0.005656;0.000067;0.436636
0.005656;-0.009510;-0.128396
-0.003921;-0.019087;-0.415700
-0.003921;-0.009510;-0.616813
-0.003921;-0.009510;-0.712582
-0.003921;0.009644;-0.578506
0.005656;0.000067;-0.377393
-0.023075;0.009644;-0.109242
0.015232;-0.009510;0.427059
-0.003921;0.009644;0.618595
0.024809;0.000067;0.723940
0.005656;0.019220;0.695210
0.015232;0.000067;0.331290
-0.013498;0.000067;0.015256
-0.003921;-0.028664;-0.243318
0.005656;-0.019087;-0.664698
-0.003921;0.009644;-0.722158
0.005656;0.009644;-0.655121
0.015232;0.000067;-0.243318
0.005656;-0.009510;0.005679
0.005656;-0.028664;0.312137
0.024809;0.019220;0.551558
0.024809;0.000067;0.714363
0.005656;0.019220;0.676056
-0.003921;0.009644;0.484520
-0.003921;0.009644;-0.080512
0.005656;-0.009510;-0.329509
-0.013498;-0.009510;-0.578506
0.005656;-0.009510;-0.722158
0.005656;0.000067;-0.626390
0.005656;0.000067;-0.415700
-0.003921;-0.009510;0.168485
0.015232;-0.009510;0.407906
-0.003921;0.019220;0.609018
0.005656;0.009644;0.714363
0.005656;-0.009510;0.580288
0.005656;0.000067;0.369598
-0.003921;-0.009510;0.082294
-0.003921;0.009644;-0.425277
-0.003921;0.000067;-0.645543
-0.003921;0.000067;-0.683851
-0.003921;-0.019087;-0.703005
-0.013498;0.000067;-0.329509
0.005656;0.000067;-0.051782
0.005656;0.009644;0.235522
0.015232;0.000067;0.666479
0.005656;0.000067;0.723940
0.024809;0.009644;0.647326
0.005656;-0.019087;0.503674
0.015232;0.009644;-0.023051
-0.003921;0.000067;-0.329509
-0.023075;0.000067;-0.540198
-0.023075;0.000067;-0.693428
-0.023075;0.000067;-0.635966
-0.003921;0.000067;-0.444430
-0.013498;-0.009510;-0.195434
0.034386;0.009644;0.360022
-0.003921;0.019220;0.570711
0.015232;0.009644;0.723940
-0.003921;0.000067;0.618595
0.015232;0.009644;0.407906
0.005656;0.019220;0.168485
0.005656;0.009644;-0.386970
-0.013498;0.000067;-0.578506
-0.003921;0.009644;-0.703005
-0.013498;-0.019087;-0.674274
0.015232;0.009644;-0.358239
0.015232;-0.009510;-0.080512
0.024809;0.000067;0.187638
0.015232;0.000067;0.647326
0.034386;-0.028664;0.723940
0.005656;0.009644;0.676056
0.005656;0.000067;0.302560
0.015232;0.009644;0.034410
0.005656;-0.009510;-0.272048
-0.003921;0.000067;-0.645543
-0.003921;-0.019087;-0.703005
-0.013498;0.019220;-0.655121
-0.003921;-0.009510;-0.501891
-0.013498;0.000067;0.015256
0.005656;0.000067;0.283406
-0.013498;-0.019087;0.541981
-0.003921;-0.019087;0.685633
0.015232;0.009644;0.637749
0.005656;0.009644;0.446213
0.015232;0.009644;0.197215
0.005656;0.009644;-0.339086
0.024809;-0.009510;-0.578506
0.005656;-0.019087;-0.703005
0.005656;0.009644;-0.616813
-0.003921;0.000067;-0.415700
-0.013498;0.000067;-0.137973
-0.003921;-0.009510;0.637749
0.015232;0.000067;0.723940
0.005656;0.019220;0.695210
0.005656;0.009644;0.340868
0.015232;0.000067;0.082294
-0.003921;-0.019087;-0.224164
0.005656;-0.009510;-0.626390
-0.003921;0.009644;-0.693428
-0.013498;0.028797;-0.674274
-0.032652;-0.019087;-0.521045
-0.003921;-0.019087;-0.013474
-0.003921;0.009644;0.264253
0.005656;0.019220;0.494097
0.005656;-0.009510;0.695210
0.015232;-0.009510;0.637749
-0.013498;-0.019087;0.235522
0.005656;0.000067;-0.329509
0.005656;0.000067;-0.549775
-0.023075;0.000067;-0.626390
-0.013498;-0.009510;-0.635966
-0.003921;-0.028664;-0.434854
-0.003921;-0.009510;-0.185857
0.005656;-0.009510;0.350445
0.005656;-0.019087;0.589865
-0.003921;0.019220;0.714363
0.015232;0.019220;0.733517
-0.003921;0.000067;0.369598
0.015232;0.000067;0.130177
0.005656;0.009644;-0.147550
-0.013498;-0.019087;-0.607236
-0.023075;-0.009510;-0.712582
0.005656;0.019220;-0.703005
0.005656;-0.009510;-0.310355
-0.003921;-0.009510;-0.090089
0.005656;0.000067;0.197215
0.005656;-0.009510;0.455790
0.024809;0.009644;0.704786
0.015232;0.009644;0.666479
-0.003921;-0.009510;0.513250
-0.013498;0.000067;0.015256
-0.003921;0.009644;-0.243318
-0.003921;-0.019087;-0.501891
0.015232;0.000067;-0.635966
-0.003921;0.009644;-0.645543
-0.003921;-0.009510;-0.492314
-0.023075;-0.009510;-0.272048
-0.003921;0.000067;0.340868
0.015232;-0.009510;0.541981
0.024809;-0.028664;0.676056
0.015232;0.019220;0.599442
0.005656;0.009644;0.455790
-0.003921;0.000067;0.206792
-0.003921;-0.019087;-0.109242
-0.013498;-0.009510;-0.549775
-0.013498;-0.009510;-0.703005
-0.013498;-0.009510;-0.712582
-0.003921;0.009644;-0.396546
-0.003921;0.000067;-0.147550
-0.023075;0.019220;0.139754
0.005656;0.009644;0.388752
0.005656;0.009644;0.695210
0.015232;0.000067;0.685633
0.015232;-0.009510;0.541981
-0.023075;0.028797;0.082294
-0.013498;0.000067;-0.166703
-0.023075;-0.009510;-0.454007
-0.003921;-0.009510;-0.674274
-0.023075;-0.009510;-0.674274
-0.023075;-0.019087;-0.521045
0.015232;0.009644;-0.300778
0.005656;-0.009510;0.245099
-0.003921;0.019220;0.484520
0.015232;0.000067;0.647326
0.005656;-0.009510;0.637749
0.005656;0.009644;0.484520
0.005656;-0.009510;0.245099
0.005656;0.009644;-0.319932
-0.003921;0.000067;-0.530622
-0.003921;0.000067;-0.683851
-0.013498;-0.009510;-0.703005
-0.013498;0.000067;-0.425277
-0.013498;0.000067;-0.185857
0.005656;-0.009510;0.091870
0.005656;0.009644;0.570711
0.005656;0.009644;0.676056
0.015232;0.009644;0.704786
0.015232;0.000067;0.589865
-0.003921;0.000067;0.111024
-0.013498;-0.009510;-0.128396
-0.003921;-0.019087;-0.415700
-0.023075;0.009644;-0.683851
0.005656;-0.009510;-0.674274
0.005656;0.000067;-0.540198
-0.003921;0.000067;-0.070935
0.024809;-0.009510;0.187638
-0.023075;0.009644;0.436636
0.015232;0.019220;0.637749
0.005656;0.019220;0.656902
0.005656;-0.009510;0.513250
-0.003921;-0.009510;0.302560
-0.003921;-0.028664;-0.272048
-0.032652;-0.009510;-0.521045
-0.013498;-0.009510;-0.626390
0.015232;0.000067;-0.626390
-0.023075;0.009644;-0.482738
-0.023075;-0.019087;-0.252894
-0.023075;-0.009510;0.015256
0.024809;-0.009510;0.541981
0.015232;0.019220;0.685633
0.015232;-0.009510;0.685633
-0.003921;0.019220;0.427059
-0.003921;0.000067;0.168485
0.015232;0.000067;-0.128396
-0.023075;0.000067;-0.329509
-0.003921;0.000067;-0.693428
-0.003921;0.000067;-0.674274
-0.003921;-0.019087;-0.578506
-0.013498;0.009644;-0.118819
0.015232;0.009644;0.168485
0.024809;0.019220;0.407906
0.005656;-0.009510;0.695210
0.005656;-0.009510;0.656902
0.024809;-0.009510;0.532404
0.005656;0.000067;0.331290
-0.003921;-0.009510;-0.195434
0.005656;0.000067;-0.454007
-0.003921;0.000067;-0.616813
-0.003921;-0.019087;-0.664698
-0.013498;0.009644;-0.492314
0.015232;0.028797;-0.272048
-0.003921;0.000067;0.254676
0.015232;0.009644;0.522827
0.015232;0.000067;0.637749
0.015232;-0.019087;0.704786
-0.013498;0.028797;0.455790
-0.003921;0.009644;0.216369
0.015232;-0.028664;-0.042205
-0.013498;0.000067;-0.530622
0.005656;-0.009510;-0.674274
-0.003921;-0.019087;-0.664698
0.005656;0.009644;-0.578506
-0.013498;0.000067;-0.157126
0.005656;0.000067;0.101447
0.005656;-0.019087;0.331290
0.005656;0.009644;0.666479
0.005656;0.019220;0.676056
0.005656;0.000067;0.561134
0.005656;-0.028664;0.120601
0.005656;0.000067;-0.157126
0.015232;0.009644;-0.406123
-0.013498;0.009644;-0.693428
-0.003921;0.000067;-0.655121
-0.023075;0.009644;-0.549775
-0.003921;0.009644;-0.329509
-0.003921;0.009644;0.216369
-0.003921;-0.019087;0.455790
-0.013498;0.009644;0.637749
0.005656;0.019220;0.695210
0.005656;0.009644;0.465366
-0.013498;0.019220;0.254676
-0.013498;0.009644;-0.252894
-0.013498;-0.028664;-0.501891
-0.032652;0.000067;-0.674274
-0.013498;-0.009510;-0.703005
-0.003921;0.000067;-0.444430
-0.003921;0.019220;-0.205010
-0.013498;0.028797;0.043986
0.005656;0.009644;0.302560
0.024809;0.000067;0.647326
-0.003921;0.028797;0.666479
0.015232;0.019220;0.580288
-0.003921;0.009644;0.158908
-0.003921;-0.019087;-0.099666
0.005656;0.000067;-0.377393
0.005656;-0.009510;-0.664698
-0.013498;0.009644;-0.655121
0.015232;0.000067;-0.568929
0.005656;-0.009510;-0.396546
0.005656;0.000067;0.149331
-0.003921;-0.009510;0.417482
0.005656;0.009644;0.599442
0.015232;0.000067;0.676056
0.005656;0.009644;0.541981
0.015232;-0.009510;0.312137
-0.013498;-0.009510;-0.205010
0.005656;0.009644;-0.463584
-0.013498;0.009644;-0.616813
-0.003921;0.000067;-0.712582
0.005656;-0.019087;-0.492314
0.005656;-0.009510;-0.243318
0.005656;0.028797;0.283406
0.015232;-0.009510;0.484520
-0.003921;0.000067;0.647326
-0.003921;0.038374;0.685633
0.024809;-0.019087;0.618595
0.005656;0.028797;0.216369
0.015232;0.000067;-0.061358
-0.003921;-0.028664;-0.291202
-0.013498;0.000067;-0.674274
-0.003921;0.000067;-0.703005
-0.023075;0.009644;-0.597659
0.015232;-0.019087;-0.166703
0.005656;0.009644;0.111024
0.015232;0.000067;0.360022
0.005656;-0.009510;0.541981
-0.003921;0.019220;0.666479
0.005656;0.009644;0.541981
0.015232;0.000067;0.360022
-0.013498;-0.009510;-0.157126
0.005656;0.019220;-0.396546
-0.003921;0.009644;-0.588082
0.005656;0.000067;-0.645543
0.005656;0.009644;-0.568929
-0.003921;0.000067;-0.310355
-0.003921;-0.009510;-0.032628
0.005656;0.009644;0.427059
-0.003921;-0.019087;0.628172
0.015232;0.009644;0.676056
0.015232;0.000067;0.474943
0.015232;0.009644;0.264253
-0.003921;0.009644;-0.013474
-0.003921;0.009644;-0.281625
-0.013498;0.000067;-0.635966
-0.003921;-0.009510;-0.693428
0.005656;-0.019087;-0.616813
-0.003921;-0.019087;-0.205010
-0.003921;-0.009510;0.053563
-0.003921;0.000067;0.312137
-0.003921;0.009644;0.666479
0.024809;0.019220;0.666479
-0.003921;0.028797;0.589865
-0.003921;-0.019087;0.407906
-0.013498;0.009644;-0.137973
0.005656;0.000067;-0.377393
-0.013498;-0.019087;-0.549775
-0.013498;-0.019087;-0.664698
-0.013498;0.019220;-0.568929
-0.023075;-0.009510;-0.348662
0.015232;0.000067;-0.090089
0.005656;-0.009510;0.427059
0.005656;-0.009510;0.580288
0.005656;0.019220;0.666479
0.015232;0.000067;0.522827
0.005656;0.009644;0.331290
0.005656;0.000067;0.043986
-0.003921;-0.019087;-0.454007
0.005656;0.000067;-0.597659
-0.003921;0.000067;-0.664698
-0.003921;-0.028664;-0.626390
-0.013498;0.000067;-0.224164
0.005656;-0.009510;0.005679
0.005656;0.000067;0.474943
-0.003921;0.028797;0.628172
0.015232;0.019220;0.685633
-0.003921;-0.019087;0.609018
0.005656;0.028797;0.197215
0.015232;0.009644;-0.070935
0.005656;-0.019087;-0.319932
-0.013498;-0.028664;-0.501891
-0.003921;-0.009510;-0.645543
-0.013498;-0.009510;-0.578506
0.005656;0.019220;-0.406123
0.015232;0.009644;0.091870
-0.013498;0.000067;0.360022
-0.003921;0.009644;0.561134
0.015232;-0.009510;0.676056
0.015232;0.019220;0.551558
-0.003921;0.009644;0.331290
-0.003921;0.000067;-0.166703
0.005656;-0.019087;-0.406123
-0.013498;-0.009510;-0.607236
-0.013498;0.009644;-0.693428
-0.013498;0.000067;-0.521045
-0.013498;-0.009510;-0.329509
-0.023075;-0.009510;-0.051782
-0.013498;-0.009510;0.216369
-0.003921;0.000067;0.609018
0.005656;0.028797;0.676056
0.005656;-0.009510;0.637749
-0.003921;-0.009510;0.235522
-0.013498;0.000067;-0.023051
-0.003921;0.009644;-0.262471
-0.023075;0.000067;-0.492314
-0.003921;0.009644;-0.664698
-0.013498;-0.009510;-0.616813
-0.023075;0.000067;-0.185857
0.034386;0.019220;0.063140
-0.003921;-0.019087;0.321713
0.015232;0.009644;0.551558
-0.003921;0.000067;0.656902
-0.003921;-0.019087;0.589865
-0.003921;-0.009510;0.388752
-0.023075;0.009644;0.130177
-0.013498;-0.019087;-0.377393
-0.003921;-0.009510;-0.530622
-0.013498;-0.019087;-0.664698
-0.013498;0.009644;-0.530622
-0.003921;-0.009510;-0.348662
0.005656;-0.009510;-0.070935
0.015232;0.000067;0.417482
0.024809;-0.009510;0.580288
0.034386;0.000067;0.647326
0.015232;0.009644;0.637749
0.005656;-0.009510;0.283406
-0.003921;-0.019087;0.063140
-0.003921;0.000067;-0.214587
-0.003921;-0.009510;-0.588082
-0.023075;0.000067;-0.683851
-0.023075;0.009644;-0.616813
-0.013498;0.009644;-0.492314
-0.003921;-0.009510;-0.003898
0.005656;0.000067;0.254676
-0.003921;0.019220;0.503674
0.015232;0.009644;0.656902
0.024809;0.019220;0.609018
0.005656;-0.019087;0.417482
0.005656;-0.019087;-0.080512
0.015232;0.000067;-0.310355
-0.013498;0.009644;-0.511468
-0.003921;-0.028664;-0.626390
0.005656;0.000067;-0.578506
0.005656;-0.009510;-0.406123
-0.013498;-0.019087;-0.137973
0.015232;-0.009510;0.360022
0.005656;-0.028664;0.561134
0.024809;0.009644;0.656902
0.024809;0.009644;0.532404
-0.003921;0.000067;0.321713
0.024809;0.009644;0.072717
-0.003921;0.028797;-0.425277
-0.013498;-0.009510;-0.559352
-0.013498;-0.009510;-0.664698
-0.013498;0.000067;-0.645543
0.015232;-0.009510;-0.300778
-0.003921;0.000067;-0.042205
0.005656;0.019220;0.225945
0.015232;-0.019087;0.446213
0.015232;0.000067;0.676056
0.005656;-0.028664;0.637749
0.005656;-0.009510;0.455790
-0.003921;0.009644;-0.032628
0.015232;0.000067;-0.329509
-0.013498;-0.009510;-0.492314
-0.003921;-0.019087;-0.655121
-0.003921;-0.009510;-0.578506
0.005656;0.000067;-0.434854
-0.003921;0.009644;-0.185857
0.005656;0.028797;0.331290
0.005656;0.009644;0.522827
0.024809;-0.019087;0.609018
-0.003921;0.000067;0.551558
0.005656;0.019220;0.369598
-0.013498;-0.019087;0.139754
-0.032652;-0.019087;-0.377393
-0.003921;0.000067;-0.549775
-0.023075;-0.009510;-0.626390
-0.013498;-0.019087;-0.626390
-0.013498;0.000067;-0.348662
-0.003921;-0.009510;-0.070935
0.024809;0.009644;0.168485
-0.003921;0.000067;0.580288
0.005656;-0.009510;0.676056
0.015232;-0.019087;0.637749
0.005656;0.028797;0.503674
-0.003921;-0.019087;0.034410
-0.003921;0.009644;-0.252894
-0.003921;-0.019087;-0.454007
0.005656;-0.019087;-0.645543
-0.023075;-0.009510;-0.616813
-0.013498;-0.028664;-0.482738
-0.013498;-0.009510;0.015256
0.005656;0.009644;0.245099
0.005656;0.000067;0.484520
0.005656;-0.009510;0.637749
0.015232;-0.019087;0.580288
-0.013498;0.000067;0.407906
-0.013498;-0.009510;-0.319932
-0.003921;-0.009510;-0.521045
-0.013498;0.019220;-0.626390
-0.013498;-0.019087;-0.645543
-0.013498;-0.028664;-0.396546
0.005656;0.000067;-0.147550
-0.003921;0.000067;0.130177
-0.003921;0.019220;0.541981
-0.003921;0.009644;0.656902
-0.003921;0.000067;0.637749
0.005656;0.000067;0.321713
-0.003921;0.009644;0.082294
0.015232;0.019220;-0.166703
-0.013498;-0.019087;-0.415700
-0.023075;-0.019087;-0.655121
-0.013498;-0.019087;-0.616813
-0.013498;0.000067;-0.501891
-0.003921;-0.009510;-0.042205
-0.013498;0.000067;0.235522
-0.003921;0.019220;0.474943
0.005656;0.009644;0.647326
0.015232;0.019220;0.609018
-0.003921;0.000067;0.436636
-0.003921;-0.009510;0.225945
-0.013498;0.009644;-0.272048
0.015232;0.000067;-0.463584
-0.032652;-0.019087;-0.616813
-0.003921;-0.019087;-0.578506
0.015232;0.009644;-0.415700
-0.013498;0.000067;-0.195434
-0.003921;0.000067;0.072717
0.024809;0.009644;0.503674
-0.003921;0.019220;0.618595
0.015232;-0.009510;0.685633
0.005656;0.009644;0.388752
-0.003921;0.009644;0.120601
-0.013498;0.009644;-0.118819
-0.013498;0.009644;-0.559352
-0.003921;-0.019087;-0.664698
-0.003921;0.000067;-0.635966
-0.023075;-0.009510;-0.521045
-0.003921;-0.019087;-0.099666
0.015232;0.019220;0.168485
0.005656;-0.019087;0.388752
0.005656;0.019220;0.628172
0.005656;0.019220;0.618595
-0.013498;0.009644;0.474943
0.015232;0.009644;0.273829
0.005656;0.000067;-0.205010
-0.013498;-0.009510;-0.434854
-0.003921;0.028797;-0.597659
-0.003921;0.009644;-0.588082
-0.003921;-0.009510;-0.463584
0.015232;0.000067;-0.224164
-0.003921;0.000067;0.264253
0.015232;0.019220;0.503674
0.015232;0.000067;0.618595
0.015232;-0.009510;0.647326
0.005656;0.009644;0.379175
-0.003921;0.000067;0.178061
0.005656;-0.009510;-0.080512
-0.003921;0.000067;-0.530622
-0.003921;-0.028664;-0.626390
-0.013498;-0.009510;-0.635966
-0.003921;0.009644;-0.386970
-0.023075;-0.009510;-0.147550
0.015232;0.019220;0.111024
0.005656;0.009644;0.360022
0.005656;0.019220;0.628172
0.015232;0.009644;0.637749
-0.003921;0.019220;0.503674
-0.013498;0.009644;0.101447
0.005656;0.000067;-0.166703
0.005656;0.000067;-0.396546
-0.013498;0.000067;-0.578506
0.005656;-0.009510;-0.578506
-0.003921;0.019220;-0.482738
-0.003921;0.000067;-0.291202
0.005656;0.019220;0.235522
0.005656;0.019220;0.446213
-0.003921;0.000067;0.589865
0.015232;0.000067;0.599442
-0.003921;-0.019087;0.427059
-0.003921;-0.028664;0.225945
0.005656;0.000067;-0.042205
-0.003921;-0.009510;-0.492314
-0.003921;-0.019087;-0.607236
-0.013498;0.000067;-0.607236
-0.013498;-0.028664;-0.396546
0.034386;0.000067;-0.176280
0.015232;-0.019087;0.091870
-0.023075;-0.009510;0.494097
-0.013498;0.000067;0.599442
0.005656;0.028797;0.647326
0.015232;-0.009510;0.513250
0.005656;0.000067;0.158908
-0.003921;0.028797;-0.128396
0.024809;-0.028664;-0.367816
0.005656;0.009644;-0.626390
0.005656;0.009644;-0.607236
-0.003921;0.000067;-0.492314
0.005656;0.000067;-0.070935
0.005656;0.009644;0.178061
0.015232;0.019220;0.407906
0.015232;0.009644;0.551558
-0.003921;-0.009510;0.609018
-0.003921;0.009644;0.494097
0.005656;-0.009510;0.254676
-0.003921;-0.009510;-0.224164
0.005656;-0.009510;-0.444430
-0.023075;0.000067;-0.607236
-0.023075;0.009644;-0.616813
-0.003921;0.000067;-0.444430
-0.013498;0.000067;-0.243318
-0.003921;-0.009510;0.015256
0.005656;-0.019087;0.465366
0.015232;0.009644;0.599442
0.005656;0.000067;0.628172
0.005656;0.019220;0.369598
0.005656;0.009644;0.139754
-0.003921;0.028797;-0.080512
-0.003921;-0.009510;-0.339086
-0.003921;0.000067;-0.626390
0.015232;0.000067;-0.607236
0.005656;-0.009510;-0.540198
-0.032652;0.028797;-0.128396
0.015232;0.000067;0.149331
0.015232;0.000067;0.379175
0.024809;0.019220;0.628172
0.024809;0.009644;0.637749
0.005656;0.019220;0.484520
0.005656;0.019220;0.273829
0.005656;0.000067;-0.157126
0.005656;0.009644;-0.386970
-0.013498;0.019220;-0.607236
0.005656;0.019220;-0.588082
-0.013498;0.000067;-0.463584
-0.003921;0.009644;-0.272048
-0.003921;0.000067;0.254676
0.005656;0.009644;0.398329
0.005656;0.019220;0.589865
0.015232;0.009644;0.637749
-0.003921;0.000067;0.398329
-0.023075;0.009644;0.197215
-0.003921;0.028797;-0.023051
-0.013498;0.000067;-0.492314
-0.003921;-0.009510;-0.588082
0.005656;-0.009510;-0.616813
-0.003921;0.019220;-0.549775
0.015232;0.009644;-0.176280
0.005656;0.019220;0.082294
0.015232;0.019220;0.312137
0.005656;0.028797;0.628172
0.015232;0.009644;0.637749
-0.003921;0.019220;0.503674
0.005656;0.009644;0.302560
-0.003921;-0.009510;-0.137973
0.005656;-0.019087;-0.377393
-0.003921;-0.019087;-0.530622
-0.023075;0.000067;-0.616813
-0.013498;0.009644;-0.492314
-0.013498;0.019220;-0.300778
0.005656;0.000067;0.197215
0.005656;-0.009510;0.388752
0.005656;0.009644;0.570711
0.015232;0.019220;0.628172
-0.003921;0.000067;0.465366
0.005656;0.000067;0.235522
0.015232;-0.009510;0.015256
-0.003921;-0.009510;-0.434854
-0.003921;-0.009510;-0.607236
-0.013498;-0.009510;-0.645543
-0.023075;0.009644;-0.578506
-0.013498;0.000067;-0.205010
-0.003921;0.019220;0.043986
0.005656;-0.009510;0.264253
0.005656;0.028797;0.609018
0.015232;0.009644;0.618595
-0.003921;0.000067;0.551558
-0.003921;0.009644;0.158908
-0.003921;-0.009510;-0.090089
-0.013498;0.028797;-0.310355
-0.003921;0.019220;-0.521045
-0.013498;-0.019087;-0.626390
-0.023075;0.019220;-0.521045
-0.003921;-0.009510;-0.329509
-0.003921;0.009644;0.168485
0.015232;0.000067;0.360022
0.005656;-0.009510;0.541981
0.005656;0.009644;0.609018
0.005656;0.019220;0.494097
0.015232;0.009644;0.292983
-0.003921;-0.019087;0.024833
-0.003921;0.000067;-0.415700
-0.013498;-0.028664;-0.549775
-0.003921;-0.038240;-0.635966
-0.003921;-0.019087;-0.454007
-0.003921;0.000067;-0.243318
0.005656;0.028797;-0.013474
-0.003921;0.028797;0.427059
-0.003921;0.009644;0.589865
0.015232;0.028797;0.656902
0.005656;-0.009510;0.570711
0.005656;-0.009510;0.197215
-0.003921;0.019220;-0.061358
-0.013498;0.000067;-0.272048
0.005656;0.019220;-0.578506
-0.003921;-0.009510;-0.588082
-0.003921;0.000067;-0.540198
-0.003921;0.000067;-0.377393
0.005656;0.000067;0.120601
0.015232;-0.009510;0.312137
0.024809;0.000067;0.618595
-0.013498;0.000067;0.580288
-0.003921;-0.009510;0.513250
0.015232;-0.009510;0.302560
0.015232;0.009644;-0.147550
-0.013498;-0.019087;-0.367816
-0.023075;-0.019087;-0.549775
-0.013498;-0.009510;-0.626390
0.005656;0.028797;-0.492314
-0.023075;0.009644;-0.300778
0.015232;0.019220;-0.051782
-0.003921;0.000067;0.388752
0.024809;0.000067;0.522827
0.015232;0.009644;0.609018
0.005656;0.009644;0.446213
0.005656;0.009644;0.216369
-0.013498;0.009644;-0.032628
-0.013498;0.009644;-0.243318
-0.013498;0.009644;-0.568929
-0.003921;-0.009510;-0.635966
-0.023075;-0.009510;-0.549775
0.005656;-0.019087;-0.185857
0.005656;0.000067;0.053563
-0.003921;0.000067;0.283406
-0.013498;0.000067;0.484520
-0.003921;-0.009510;0.656902
0.005656;0.000067;0.503674
0.005656;-0.019087;0.369598
0.015232;0.000067;-0.080512
-0.023075;-0.019087;-0.358239
-0.003921;-0.019087;-0.482738
0.005656;0.009644;-0.607236
-0.003921;-0.009510;-0.521045
0.005656;-0.009510;-0.329509
-0.013498;0.009644;-0.099666
0.005656;-0.009510;0.369598
0.015232;0.028797;0.522827
0.034386;0.028797;0.589865
0.015232;-0.019087;0.455790
-0.003921;0.000067;0.273829
-0.013498;0.009644;0.024833
0.005656;0.038374;-0.185857
-0.013498;0.009644;-0.549775
-0.032652;0.000067;-0.607236
0.015232;0.000067;-0.588082
-0.003921;-0.009510;-0.252894
-0.003921;0.019220;0.005679
0.005656;0.028797;0.264253
0.015232;0.009644;0.580288
0.005656;0.009644;0.609018
0.024809;0.019220;0.532404
0.015232;0.000067;0.388752
-0.003921;0.009644;-0.051782
0.005656;0.000067;-0.291202
-0.003921;0.000067;-0.444430
-0.013498;0.000067;-0.607236
0.005656;-0.028664;-0.540198
-0.003921;-0.019087;-0.396546
0.015232;0.000067;0.111024
0.005656;-0.009510;0.331290
0.005656;0.000067;0.503674
0.015232;0.000067;0.618595
0.005656;-0.009510;0.513250
-0.023075;0.009644;0.331290
-0.003921;0.000067;0.082294
-0.013498;0.000067;-0.348662
-0.003921;0.009644;-0.511468
-0.003921;-0.009510;-0.616813
0.005656;-0.009510;-0.597659
0.015232;0.009644;-0.291202
0.015232;0.038374;-0.070935
0.015232;0.000067;0.187638
0.015232;0.019220;0.551558
0.015232;0.000067;0.618595
0.015232;0.009644;0.570711
-0.013498;0.009644;0.225945
-0.003921;-0.009510;-0.023051
-0.003921;0.000067;-0.243318
-0.003921;-0.009510;-0.444430
-0.003921;-0.009510;-0.645543
-0.013498;0.009644;-0.530622
-0.013498;-0.009510;-0.396546
-0.003921;-0.009510;0.053563
0.005656;0.000067;0.264253
-0.003921;0.028797;0.465366
-0.013498;-0.019087;0.609018
-0.003921;0.000067;0.513250
-0.003921;0.000067;0.350445
0.015232;0.019220;0.130177
-0.003921;0.009644;-0.348662
0.005656;-0.009510;-0.501891
0.005656;-0.009510;-0.578506
-0.013498;0.000067;-0.501891
-0.023075;0.000067;-0.300778
-0.003921;0.019220;-0.109242
-0.003921;0.009644;0.139754
0.024809;0.047951;0.522827
0.005656;0.000067;0.580288
0.005656;0.000067;0.580288
0.005656;0.000067;0.264253
-0.003921;0.009644;0.043986
0.024809;0.000067;-0.214587
-0.023075;0.000067;-0.559352
-0.003921;0.009644;-0.607236
0.005656;-0.009510;-0.578506
-0.013498;0.000067;-0.434854
-0.003921;0.000067;-0.003898
-0.013498;-0.019087;0.206792
0.005656;0.009644;0.436636
0.015232;-0.019087;0.618595
0.024809;0.000067;0.503674
0.005656;0.000067;0.388752
-0.003921;0.000067;0.187638
0.015232;0.009644;-0.291202
0.005656;0.000067;-0.492314
-0.013498;0.000067;-0.588082
-0.013498;-0.028664;-0.521045
-0.013498;0.000067;-0.358239
-0.013498;-0.019087;-0.128396
0.015232;-0.009510;0.312137
0.015232;-0.009510;0.522827
0.024809;0.019220;0.589865
-0.003921;0.000067;0.589865
0.015232;0.000067;0.312137
0.015232;0.000067;0.082294
-0.003921;0.009644;-0.137973
-0.042228;0.009644;-0.530622
-0.003921;0.009644;-0.597659
-0.013498;0.009644;-0.559352
0.005656;0.000067;-0.262471
-0.013498;0.019220;-0.080512
-0.003921;0.000067;0.197215
0.015232;0.000067;0.580288
0.005656;-0.009510;0.618595
0.005656;0.019220;0.570711
0.015232;-0.009510;0.417482
-0.013498;0.019220;-0.023051
-0.013498;-0.009510;-0.262471
-0.013498;-0.009510;-0.434854
-0.023075;-0.028664;-0.597659
-0.003921;-0.009510;-0.540198
0.005656;0.000067;-0.406123
0.005656;0.009644;-0.157126
0.015232;0.000067;0.245099
0.005656;0.009644;0.465366
0.015232;0.009644;0.599442
0.034386;-0.019087;0.522827
-0.003921;0.009644;0.350445
-0.003921;-0.009510;0.158908
-0.013498;-0.009510;-0.109242
-0.003921;0.009644;-0.482738
0.005656;-0.009510;-0.578506
0.015232;0.019220;-0.597659
-0.003921;0.019220;-0.310355
-0.013498;-0.009510;-0.080512
-0.003921;-0.009510;0.149331
0.024809;0.000067;0.513250
0.015232;0.019220;0.609018
0.024809;0.000067;0.561134
-0.003921;-0.009510;0.254676
0.005656;0.009644;0.043986
0.005656;0.009644;-0.195434
-0.003921;0.009644;-0.406123
-0.003921;0.000067;-0.597659
-0.013498;-0.009510;-0.568929
-0.013498;0.000067;-0.434854
-0.023075;-0.009510;-0.224164
0.005656;0.000067;0.235522
0.015232;0.000067;0.417482
0.015232;0.009644;0.570711
-0.003921;0.009644;0.513250
0.005656;0.009644;0.360022
0.005656;-0.009510;0.197215
-0.003921;-0.009510;-0.281625
-0.003921;-0.009510;-0.473161
0.005656;0.000067;-0.568929
-0.003921;0.000067;-0.607236
-0.003921;0.000067;-0.358239
-0.013498;-0.009510;-0.137973
0.015232;0.019220;0.111024
-0.003921;0.000067;0.513250
0.015232;0.009644;0.599442
0.024809;0.000067;0.570711
0.005656;-0.009510;0.474943
-0.003921;0.019220;0.072717
-0.003921;-0.009510;-0.137973
0.005656;-0.009510;-0.339086
-0.023075;0.000067;-0.607236
-0.003921;-0.009510;-0.568929
-0.013498;-0.009510;-0.425277
0.005656;0.000067;-0.042205
-0.003921;-0.028664;0.197215
-0.003921;-0.009510;0.379175
0.015232;-0.019087;0.561134
0.015232;0.000067;0.532404
-0.003921;0.000067;0.388752
-0.003921;0.028797;0.225945
-0.003921;0.009644;-0.252894
-0.003921;0.019220;-0.415700
0.005656;-0.019087;-0.530622
-0.013498;0.000067;-0.530622
0.005656;-0.009510;-0.367816
-0.013498;0.009644;-0.147550
0.015232;0.019220;0.063140
-0.003921;0.019220;0.474943
0.024809;-0.019087;0.541981
0.015232;0.009644;0.589865
-0.003921;-0.009510;0.331290
-0.003921;0.009644;0.120601
-0.003921;0.000067;-0.099666
-0.003921;0.019220;-0.329509
-0.013498;0.009644;-0.578506
-0.023075;-0.009510;-0.578506
-0.003921;-0.009510;-0.454007
-0.013498;0.000067;-0.109242
-0.013498;0.000067;0.178061
-0.013498;-0.009510;0.379175
0.005656;0.028797;0.599442
-0.003921;0.000067;0.561134
0.005656;0.000067;0.436636
0.005656;-0.009510;0.264253
-0.013498;-0.009510;-0.214587
-0.003921;0.000067;-0.415700
-0.003921;0.000067;-0.549775
-0.003921;-0.009510;-0.540198
-0.003921;0.009644;-0.425277
-0.013498;0.000067;-0.214587
0.005656;0.009644;0.283406
0.005656;0.028797;0.407906
0.005656;0.000067;0.541981
0.005656;0.000067;0.599442
0.005656;0.000067;0.388752
0.015232;0.000067;0.187638
0.005656;0.009644;-0.099666
-0.003921;0.000067;-0.463584
-0.013498;0.009644;-0.549775
-0.003921;-0.009510;-0.578506
-0.003921;-0.009510;-0.501891
-0.013498;-0.009510;-0.090089
-0.013498;0.009644;0.091870
0.005656;0.000067;0.321713
0.024809;-0.019087;0.599442
0.015232;0.009644;0.570711
0.005656;0.009644;0.474943
0.005656;0.000067;0.063140
-0.003921;0.000067;-0.147550
-0.013498;-0.009510;-0.339086
-0.013498;-0.009510;-0.511468
-0.013498;-0.019087;-0.549775
-0.003921;0.009644;-0.425277
-0.003921;-0.019087;-0.272048
-0.013498;-0.009510;0.206792
0.005656;0.000067;0.398329
0.005656;0.000067;0.541981
0.005656;0.009644;0.609018
0.005656;0.000067;0.398329
0.005656;0.000067;0.225945
-0.003921;0.009644;-0.023051
-0.013498;0.000067;-0.454007
0.005656;-0.009510;-0.549775
-0.023075;0.000067;-0.578506
0.015232;0.000067;-0.358239
-0.013498;-0.009510;-0.147550
0.015232;0.000067;0.063140
0.005656;0.009644;0.292983
0.015232;0.000067;0.589865
0.015232;0.009644;0.589865
-0.003921;0.019220;0.503674
0.005656;-0.009510;0.111024
-0.013498;-0.009510;-0.109242
0.005656;-0.009510;-0.319932
-0.013498;-0.009510;-0.588082
0.005656;0.009644;-0.578506
0.005656;-0.009510;-0.482738
0.005656;0.019220;-0.300778
-0.023075;0.019220;0.178061
0.005656;0.019220;0.379175
0.015232;0.019220;0.532404
0.005656;0.009644;0.570711
0.005656;0.019220;0.436636
0.015232;0.009644;0.235522
-0.003921;0.019220;0.024833
-0.013498;0.000067;-0.396546
-0.013498;0.000067;-0.530622
-0.003921;0.000067;-0.568929
-0.013498;0.000067;-0.406123
-0.003921;0.038374;-0.195434
0.005656;0.000067;0.015256
0.015232;0.019220;0.455790
0.015232;0.000067;0.551558
0.015232;0.000067;0.609018
0.024809;0.009644;0.503674
-0.013498;0.009644;0.130177
0.024809;0.000067;-0.099666
-0.032652;0.000067;-0.300778
-0.013498;-0.009510;-0.549775
0.005656;-0.028664;-0.568929
-0.003921;-0.019087;-0.482738
-0.003921;0.009644;-0.128396
-0.013498;0.000067;0.139754
0.024809;-0.028664;0.331290
0.024809;0.000067;0.494097
-0.003921;0.000067;0.551558
-0.003921;0.009644;0.427059
-0.003921;0.000067;0.283406
-0.013498;0.000067;-0.185857
-0.003921;-0.019087;-0.377393
-0.003921;-0.009510;-0.501891
-0.003921;-0.009510;-0.568929
-0.003921;0.009644;-0.415700
-0.003921;0.019220;-0.233741
0.005656;0.009644;-0.032628
0.015232;0.009644;0.369598
0.005656;-0.009510;0.532404
-0.003921;0.000067;0.589865
0.005656;0.009644;0.398329
0.005656;0.000067;0.206792
-0.003921;0.009644;-0.032628
-0.003921;-0.009510;-0.272048
-0.003921;0.009644;-0.588082
-0.003921;0.009644;-0.578506
-0.032652;-0.009510;-0.521045
-0.003921;-0.009510;-0.166703
0.015232;0.009644;0.063140
-0.003921;0.000067;0.312137
0.024809;-0.009510;0.455790
-0.013498;0.019220;0.541981
0.005656;0.009644;0.474943
0.024809;0.019220;0.331290
0.005656;-0.028664;-0.118819
-0.013498;-0.019087;-0.329509
-0.003921;-0.009510;-0.492314
-0.013498;-0.009510;-0.568929
-0.003921;-0.009510;-0.272048
0.015232;0.000067;0.379175
0.005656;0.009644;0.494097
0.015232;0.019220;0.570711
0.015232;0.000067;0.417482
-0.013498;0.038374;0.225945
-0.013498;-0.009510;-0.003898
-0.023075;-0.009510;-0.406123
-0.013498;0.000067;-0.540198
0.015232;-0.028664;-0.597659
-0.003921;0.009644;-0.521045
-0.023075;-0.009510;-0.195434
-0.003921;0.009644;0.024833
-0.003921;-0.009510;0.254676
0.015232;-0.009510;0.561134
0.015232;-0.009510;0.580288
0.005656;0.000067;0.503674
0.005656;-0.009510;0.360022
-0.013498;0.009644;-0.061358
0.005656;0.009644;-0.300778
-0.013498;0.000067;-0.454007
-0.013498;0.000067;-0.530622
-0.023075;0.000067;-0.463584
-0.003921;0.019220;-0.291202
0.024809;0.000067;0.120601
-0.003921;-0.009510;0.331290
-0.003921;0.009644;0.494097
0.015232;-0.009510;0.561134
0.015232;0.019220;0.436636
-0.003921;0.019220;0.273829
-0.003921;0.009644;0.063140
0.005656;0.009644;-0.386970
-0.003921;0.009644;-0.521045
-0.013498;0.019220;-0.578506
0.005656;0.009644;-0.425277
-0.013498;0.019220;-0.252894
0.005656;0.000067;-0.023051
0.005656;-0.009510;0.206792
0.005656;-0.028664;0.551558
0.005656;0.019220;0.561134
-0.003921;0.000067;0.532404
0.015232;0.000067;0.197215
-0.023075;0.000067;-0.042205
0.015232;-0.009510;-0.272048
-0.013498;-0.009510;-0.444430
0.005656;0.009644;-0.559352
-0.023075;-0.019087;-0.482738
-0.003921;-0.019087;-0.348662
-0.003921;-0.019087;0.063140
0.005656;-0.009510;0.283406
0.005656;0.000067;0.455790
0.015232;-0.009510;0.541981
-0.003921;-0.009510;0.484520
-0.003921;0.019220;0.283406
0.015232;0.009644;0.091870
-0.003921;-0.009510;-0.329509
0.005656;-0.019087;-0.492314
-0.003921;0.019220;-0.568929
-0.023075;0.000067;-0.454007
-0.013498;-0.009510;-0.272048
-0.003921;0.000067;-0.032628
-0.003921;0.019220;0.360022
0.024809;0.009644;0.522827
0.024809;-0.009510;0.580288
-0.003921;-0.009510;0.541981
-0.013498;0.000067;0.225945
-0.003921;-0.009510;-0.013474
-0.013498;-0.009510;-0.195434
-0.013498;-0.009510;-0.559352
-0.023075;-0.028664;-0.568929
-0.013498;-0.019087;-0.540198
-0.013498;-0.019087;-0.377393
-0.003921;0.000067;0.053563
0.015232;0.019220;0.264253
-0.023075;0.028797;0.427059
0.015232;0.009644;0.561134
0.005656;-0.009510;0.484520
0.024809;0.000067;0.321713
0.005656;-0.009510;-0.080512
-0.013498;0.009644;-0.291202
-0.023075;-0.019087;-0.434854
-0.023075;-0.019087;-0.549775
-0.003921;0.000067;-0.473161
-0.023075;0.000067;-0.300778
-0.013498;0.019220;-0.109242
0.015232;0.000067;0.340868
0.005656;0.000067;0.465366
0.005656;0.009644;0.570711
0.015232;0.009644;0.503674
-0.003921;0.000067;0.264253
-0.003921;0.028797;0.034410
0.005656;0.019220;-0.166703
0.005656;0.009644;-0.511468
-0.003921;0.000067;-0.540198
-0.032652;-0.019087;-0.511468
-0.003921;0.009644;-0.243318
-0.013498;0.000067;0.005679
-0.003921;0.019220;0.225945
0.005656;0.000067;0.388752
-0.003921;-0.019087;0.580288
0.015232;0.000067;0.503674
-0.003921;-0.009510;0.369598
0.005656;0.009644;-0.070935
-0.023075;0.009644;-0.252894
-0.032652;0.009644;-0.444430
-0.013498;0.009644;-0.530622
0.005656;-0.009510;-0.482738
-0.013498;-0.019087;-0.339086
0.005656;0.000067;-0.118819
-0.023075;-0.009510;0.292983
0.024809;0.000067;0.436636
0.005656;0.009644;0.561134
-0.003921;-0.009510;0.494097
0.015232;0.028797;0.292983
-0.003921;0.009644;0.091870
0.015232;0.000067;-0.157126
-0.003921;0.019220;-0.463584
-0.003921;0.009644;-0.549775
-0.003921;0.000067;-0.540198
0.015232;-0.019087;-0.272048
0.015232;0.009644;-0.090089
0.005656;-0.019087;0.187638
0.024809;0.000067;0.503674
0.034386;0.000067;0.541981
0.005656;0.009644;0.484520
-0.013498;0.000067;0.407906
-0.013498;0.000067;-0.003898
-0.003921;0.019220;-0.233741
-0.013498;0.000067;-0.367816
0.005656;0.009644;-0.549775
0.005656;-0.009510;-0.501891
0.005656;0.009644;-0.377393
0.005656;-0.009510;-0.176280
0.005656;0.019220;0.264253
0.015232;0.009644;0.427059
0.015232;-0.009510;0.522827
0.005656;0.028797;0.494097
0.015232;0.028797;0.312137
0.015232;0.000067;0.139754
0.005656;0.000067;-0.291202
-0.023075;0.009644;-0.454007
-0.013498;-0.009510;-0.540198
-0.023075;0.019220;-0.568929
-0.003921;-0.009510;-0.300778
-0.003921;0.019220;-0.109242
-0.003921;0.000067;0.120601
0.005656;-0.009510;0.465366
0.034386;0.009644;0.541981
0.005656;-0.009510;0.541981
0.015232;0.009644;0.245099
-0.003921;0.000067;0.024833
0.005656;0.000067;-0.176280
-0.003921;0.000067;-0.367816
-0.003921;0.019220;-0.597659
-0.003921;-0.009510;-0.501891
0.005656;0.000067;-0.425277
-0.013498;-0.009510;-0.003898
-0.003921;-0.009510;0.187638
0.005656;0.000067;0.417482
0.015232;0.009644;0.551558
0.024809;0.009644;0.484520
-0.003921;0.009644;0.350445
-0.003921;-0.009510;0.197215
-0.013498;-0.019087;-0.272048
-0.013498;0.009644;-0.425277
-0.003921;0.000067;-0.511468
0.005656;0.009644;-0.473161
-0.003921;-0.009510;-0.339086
-0.003921;0.000067;-0.137973
-0.003921;0.000067;0.082294
0.015232;0.028797;0.474943
0.005656;-0.009510;0.589865
0.005656;0.000067;0.551558
-0.003921;0.009644;0.302560
-0.013498;-0.009510;0.063140
-0.003921;0.000067;-0.157126
-0.003921;0.000067;-0.482738
0.005656;-0.019087;-0.540198
-0.003921;0.000067;-0.540198
-0.013498;0.000067;-0.415700
-0.003921;0.009644;-0.032628
0.005656;0.000067;0.168485
-0.003921;0.000067;0.484520
0.015232;0.009644;0.561134
0.015232;-0.019087;0.522827
-0.003921;0.019220;0.379175
0.005656;0.000067;-0.003898
0.005656;0.000067;-0.214587
0.005656;0.009644;-0.396546
-0.003921;0.000067;-0.540198
-0.013498;-0.009510;-0.492314
-0.023075;0.000067;-0.386970
-0.023075;0.009644;-0.157126
0.015232;0.009644;0.264253
0.015232;-0.009510;0.407906
0.024809;0.019220;0.532404
0.005656;0.000067;0.551558
-0.003921;0.000067;0.312137
0.005656;0.009644;0.111024
0.015232;-0.009510;-0.128396
-0.023075;0.000067;-0.425277
-0.013498;0.000067;-0.521045
-0.013498;-0.009510;-0.530622
0.005656;0.000067;-0.291202
-0.003921;-0.038240;-0.070935
0.005656;0.009644;0.130177
-0.003921;-0.009510;0.340868
0.024809;0.009644;0.561134
0.005656;0.000067;0.522827
0.005656;0.019220;0.417482
0.005656;0.009644;0.034410
0.005656;0.000067;-0.195434
0.005656;-0.009510;-0.377393
-0.003921;-0.028664;-0.501891
-0.003921;0.019220;-0.492314
-0.003921;0.019220;-0.367816
-0.003921;0.000067;-0.205010
0.005656;0.000067;0.197215
0.005656;0.009644;0.407906
0.024809;0.000067;0.494097
-0.013498;0.009644;0.494097
0.015232;0.000067;0.321713
0.024809;0.019220;0.130177
0.005656;0.009644;-0.061358
0.015232;-0.009510;-0.454007
0.005656;-0.009510;-0.501891
0.005656;0.000067;-0.549775
-0.013498;0.000067;-0.310355
-0.003921;-0.009510;-0.147550
-0.023075;-0.009510;0.082294
-0.003921;0.000067;0.427059
0.005656;-0.009510;0.513250
-0.003921;0.009644;0.541981
-0.013498;0.000067;0.446213
0.005656;0.000067;0.072717
-0.013498;-0.009510;-0.137973
-0.003921;-0.009510;-0.339086
-0.003921;-0.009510;-0.530622
-0.013498;0.000067;-0.521045
-0.003921;0.000067;-0.406123
-0.013498;0.000067;-0.243318
-0.013498;0.000067;0.197215
-0.003921;-0.009510;0.340868
0.005656;0.000067;0.494097
0.015232;0.009644;0.522827
0.015232;0.009644;0.388752
-0.003921;0.000067;0.206792
-0.003921;0.000067;-0.243318
-0.013498;0.000067;-0.406123
0.005656;0.000067;-0.511468
0.005656;-0.019087;-0.549775
0.005656;-0.019087;-0.348662
-0.013498;0.019220;-0.147550
-0.003921;-0.019087;0.053563
-0.003921;0.000067;0.407906
0.005656;0.009644;0.503674
-0.013498;0.009644;0.551558
-0.003921;-0.009510;0.312137
-0.013498;-0.019087;0.101447
-0.003921;-0.009510;-0.118819
0.005656;0.000067;-0.300778
0.005656;-0.009510;-0.540198
-0.013498;-0.019087;-0.540198
-0.003921;-0.009510;-0.444430
0.005656;0.000067;-0.070935
0.015232;0.009644;0.130177
0.015232;0.009644;0.312137
-0.003921;0.009644;0.522827
0.024809;0.000067;0.494097
0.015232;0.000067;0.398329
-0.013498;0.019220;0.225945
-0.003921;0.000067;-0.195434
-0.013498;-0.019087;-0.377393
-0.013498;0.000067;-0.492314
-0.003921;0.000067;-0.501891
0.015232;0.000067;-0.377393
0.005656;0.000067;-0.205010
-0.003921;0.000067;0.005679
0.005656;0.019220;0.398329
0.015232;0.019220;0.474943
0.005656;-0.009510;0.522827
0.005656;0.009644;0.350445
0.005656;-0.009510;0.158908
-0.003921;0.000067;-0.051782
-0.003921;-0.009510;-0.454007
0.005656;0.000067;-0.530622
-0.013498;-0.009510;-0.530622
-0.013498;0.000067;-0.463584
0.005656;0.019220;-0.137973
-0.013498;0.009644;0.111024
0.005656;0.009644;0.283406
0.005656;-0.009510;0.522827
-0.003921;0.000067;0.513250
0.015232;0.000067;0.417482
0.005656;0.009644;0.245099
-0.003921;0.009644;-0.147550
-0.003921;-0.009510;-0.329509
-0.003921;0.019220;-0.482738
-0.023075;0.000067;-0.482738
-0.003921;0.000067;-0.386970
0.005656;-0.009510;-0.252894
0.015232;0.019220;0.178061
-0.003921;-0.009510;0.369598
-0.013498;0.000067;0.484520
0.015232;-0.009510;0.522827
0.005656;0.000067;0.369598
-0.003921;0.000067;0.206792
0.005656;0.000067;-0.023051
-0.013498;0.009644;-0.415700
-0.003921;0.000067;-0.501891
-0.003921;0.009644;-0.549775
-0.032652;-0.028664;-0.473161
-0.013498;0.000067;-0.166703
0.005656;-0.009510;0.082294
0.005656;0.009644;0.264253
0.005656;0.019220;0.494097
-0.013498;0.019220;0.503674
-0.003921;0.009644;0.465366
0.005656;-0.009510;0.120601
-0.003921;-0.019087;-0.128396
-0.003921;0.000067;-0.300778
-0.013498;0.000067;-0.454007
-0.013498;0.009644;-0.521045
-0.003921;0.000067;-0.454007
0.015232;-0.019087;-0.272048
-0.003921;0.000067;0.149331
0.015232;0.019220;0.321713
0.005656;0.019220;0.484520
-0.003921;0.038374;0.484520
0.005656;0.009644;0.417482
0.034386;0.000067;0.235522
-0.013498;0.028797;0.024833
-0.003921;-0.009510;-0.386970
-0.013498;0.009644;-0.463584
-0.013498;0.019220;-0.540198
-0.003921;0.009644;-0.348662
-0.003921;0.000067;-0.195434
-0.003921;-0.019087;0.024833
0.005656;0.000067;0.235522
-0.013498;0.009644;0.494097
0.005656;0.009644;0.541981
0.015232;0.009644;0.465366
-0.013498;-0.009510;0.130177
-0.003921;0.000067;-0.051782
-0.013498;-0.009510;-0.281625
-0.003921;-0.009510;-0.501891
-0.013498;-0.019087;-0.521045
-0.003921;0.000067;-0.454007
0.015232;-0.009510;-0.310355
-0.023075;-0.009510;0.091870
-0.003921;-0.009510;0.321713
0.005656;0.000067;0.436636
0.015232;0.009644;0.503674
0.005656;0.028797;0.417482
0.015232;-0.009510;0.245099
0.005656;0.038374;0.072717
0.005656;0.028797;-0.329509
-0.003921;-0.009510;-0.444430
-0.003921;0.019220;-0.521045
-0.023075;0.009644;-0.386970
0.005656;-0.009510;-0.214587
-0.013498;0.009644;-0.013474
0.005656;0.000067;0.360022
0.005656;0.009644;0.494097
-0.003921;0.000067;0.532404
0.015232;0.000067;0.455790
0.005656;0.000067;0.168485
-0.013498;0.019220;-0.233741
0.005656;-0.009510;-0.473161
-0.003921;-0.009510;-0.521045
-0.023075;-0.009510;-0.473161
-0.013498;0.000067;-0.137973
0.015232;-0.019087;0.063140
0.005656;0.000067;0.254676
0.015232;0.000067;0.398329
0.015232;0.009644;0.503674
-0.023075;0.009644;0.388752
0.005656;-0.009510;0.283406
-0.013498;0.009644;-0.128396
-0.003921;-0.028664;-0.300778
-0.013498;-0.009510;-0.444430
0.015232;-0.038240;-0.511468
-0.003921;0.019220;-0.406123
0.005656;0.000067;-0.252894
0.005656;0.000067;-0.061358
0.005656;0.009644;0.331290
-0.003921;0.009644;0.455790
-0.003921;-0.009510;0.522827
0.005656;0.000067;0.379175
0.015232;0.009644;0.225945
-0.003921;0.000067;0.015256
-0.023075;0.000067;-0.367816
-0.013498;0.009644;-0.511468
-0.023075;0.019220;-0.521045
-0.003921;0.000067;-0.444430
-0.003921;-0.019087;-0.166703
-0.003921;0.009644;0.034410
-0.003921;0.009644;0.264253
0.005656;0.019220;0.474943
0.015232;-0.019087;0.513250
0.005656;0.009644;0.484520
0.005656;0.000067;0.321713
-0.003921;0.000067;-0.070935
0.024809;0.009644;-0.272048
-0.003921;0.000067;-0.415700
-0.003921;0.000067;-0.511468
-0.023075;-0.028664;-0.425277
0.005656;0.009644;-0.310355
0.005656;0.000067;-0.090089
-0.003921;-0.019087;0.302560
-0.003921;0.009644;0.427059
0.005656;0.000067;0.494097
0.005656;0.009644;0.417482
-0.003921;0.000067;0.254676
-0.003921;0.009644;0.053563
-0.003921;-0.009510;-0.339086
-0.003921;0.009644;-0.463584
-0.003921;-0.009510;-0.540198
-0.023075;-0.019087;-0.482738
0.005656;-0.009510;-0.214587
0.015232;-0.009510;-0.013474
0.024809;0.000067;0.197215
0.024809;0.009644;0.465366
-0.013498;0.000067;0.522827
0.015232;0.000067;0.474943
-0.023075;0.028797;0.398329
-0.013498;0.000067;-0.042205
-0.023075;0.000067;-0.224164
-0.013498;-0.009510;-0.406123
-0.023075;-0.019087;-0.530622
-0.003921;-0.009510;-0.463584
0.005656;0.000067;-0.339086
0.015232;0.019220;0.082294
-0.003921;0.019220;0.245099
0.015232;-0.019087;0.407906
0.005656;0.019220;0.494097
0.005656;0.009644;0.436636
0.024809;0.019220;0.312137
-0.003921;0.000067;0.091870
0.015232;0.000067;-0.319932
-0.003921;0.000067;-0.444430
-0.003921;-0.009510;-0.511468
-0.032652;0.009644;-0.406123
-0.013498;0.000067;-0.243318
-0.013498;0.009644;-0.042205
0.005656;0.000067;0.158908
0.024809;0.000067;0.474943
-0.003921;-0.009510;0.522827
0.005656;0.009644;0.474943
-0.013498;-0.019087;0.216369
-0.003921;0.009644;0.005679
0.005656;0.000067;-0.185857
-0.023075;0.009644;-0.367816
-0.003921;0.000067;-0.501891
-0.032652;0.000067;-0.473161
0.005656;0.019220;-0.339086
0.005656;-0.009510;0.024833
0.005656;0.000067;0.235522
-0.003921;0.000067;0.388752
0.005656;0.000067;0.494097
0.015232;0.000067;0.446213
-0.003921;0.000067;0.283406
-0.013498;0.009644;0.130177
-0.013498;-0.019087;-0.281625
-0.013498;-0.009510;-0.434854
-0.013498;-0.009510;-0.501891
-0.003921;-0.009510;-0.406123
-0.003921;-0.019087;-0.262471
-0.003921;0.028797;-0.080512
0.015232;0.009644;0.321713
0.024809;-0.019087;0.446213
-0.003921;0.009644;0.494097
0.005656;0.000067;0.484520
0.015232;-0.009510;0.245099
-0.003921;0.000067;0.043986
-0.003921;-0.009510;-0.157126
-0.003921;-0.019087;-0.463584
-0.023075;0.000067;-0.521045
-0.003921;-0.009510;-0.473161
-0.003921;0.019220;-0.367816
-0.003921;0.000067;-0.013474
-0.003921;0.009644;0.187638
0.005656;0.028797;0.360022
0.005656;0.019220;0.513250
-0.003921;0.009644;0.465366
0.005656;0.009644;0.340868
-0.013498;0.000067;-0.032628
-0.013498;0.009644;-0.214587
-0.003921;-0.009510;-0.406123
-0.023075;0.000067;-0.482738
-0.003921;0.009644;-0.454007
-0.013498;0.000067;-0.310355
-0.003921;-0.009510;-0.128396
-0.003921;0.009644;0.283406
0.015232;-0.019087;0.436636
0.015232;0.000067;0.494097
0.005656;0.019220;0.398329
0.015232;-0.009510;0.273829
0.015232;0.000067;0.072717
-0.003921;0.009644;-0.310355
-0.013498;0.009644;-0.425277
0.005656;0.000067;-0.492314
-0.013498;-0.038240;-0.473161
-0.003921;-0.028664;-0.224164
-0.003921;0.019220;-0.061358
-0.003921;0.009644;0.149331
0.015232;0.000067;0.350445
0.005656;0.009644;0.503674
0.015232;0.028797;0.494097
0.024809;0.028797;0.379175
0.015232;0.009644;0.005679
-0.023075;0.009644;-0.224164
-0.013498;0.000067;-0.377393
0.005656;0.000067;-0.511468
-0.013498;-0.019087;-0.463584
-0.013498;-0.009510;-0.339086
0.005656;-0.019087;-0.166703
0.015232;0.000067;0.235522
0.005656;0.000067;0.388752
-0.003921;0.009644;0.484520
-0.003921;0.000067;0.427059
-0.003921;-0.019087;0.302560
0.024809;-0.019087;0.111024
0.015232;-0.019087;-0.080512
0.015232;-0.019087;-0.434854
0.015232;-0.009510;-0.521045
-0.003921;-0.019087;-0.521045
-0.003921;0.000067;-0.300778
-0.003921;0.009644;-0.080512
0.005656;0.009644;0.130177
-0.003921;0.019220;0.417482
0.015232;0.000067;0.513250
0.005656;0.009644;0.465366
0.005656;0.009644;0.388752
-0.013498;-0.019087;0.005679
-0.013498;0.000067;-0.157126
0.005656;-0.019087;-0.329509
0.015232;-0.009510;-0.511468
-0.013498;-0.028664;-0.492314
0.005656;0.000067;-0.386970
0.015232;0.000067;-0.205010
0.005656;0.028797;0.206792
-0.003921;0.019220;0.369598
0.005656;0.038374;0.446213
0.034386;0.019220;0.436636
-0.003921;0.000067;0.340868
-0.013498;0.000067;0.168485
-0.013498;-0.019087;-0.262471
-0.003921;0.000067;-0.386970
-0.003921;-0.009510;-0.492314
0.005656;-0.009510;-0.501891
0.005656;-0.009510;-0.310355
-0.003921;0.000067;-0.109242
0.005656;-0.009510;0.072717
0.005656;0.009644;0.427059
0.024809;0.000067;0.494097
0.005656;-0.009510;0.503674
-0.013498;0.000067;0.264253
-0.003921;0.000067;0.053563
0.015232;0.000067;-0.128396
-0.013498;0.000067;-0.444430
-0.013498;-0.028664;-0.540198
-0.013498;0.000067;-0.492314
0.005656;0.019220;-0.386970
-0.013498;-0.009510;-0.032628
-0.003921;0.019220;0.187638
0.005656;-0.009510;0.312137
-0.003921;0.009644;0.522827
0.024809;0.047951;0.465366
0.015232;-0.009510;0.350445
0.015232;0.009644;0.187638
0.005656;-0.028664;-0.195434
-0.023075;-0.009510;-0.329509
-0.003921;-0.019087;-0.463584
0.015232;-0.009510;-0.473161
0.005656;-0.019087;-0.329509
0.034386;-0.038240;-0.147550
0.005656;0.000067;0.072717
-0.003921;0.009644;0.417482
0.005656;0.000067;0.474943
0.005656;0.000067;0.484520
0.015232;0.000067;0.292983
-0.003921;0.000067;0.120601
-0.003921;-0.009510;-0.080512
0.005656;0.009644;-0.415700
-0.013498;-0.019087;-0.482738
-0.023075;0.009644;-0.482738
-0.013498;0.009644;-0.243318
-0.003921;0.028797;-0.051782
-0.003921;-0.009510;0.130177
0.024809;0.019220;0.283406
0.024809;0.028797;0.513250
0.005656;0.009644;0.474943
0.005656;0.000067;0.388752
-0.003921;0.009644;0.216369
0.005656;0.000067;-0.157126
-0.003921;0.009644;-0.329509
-0.013498;-0.009510;-0.473161
-0.003921;-0.028664;-0.454007
0.005656;0.009644;-0.348662
-0.013498;-0.009510;-0.176280
-0.003921;-0.009510;0.197215
0.005656;0.000067;0.331290
-0.003921;0.019220;0.465366
0.015232;-0.019087;0.484520
-0.013498;0.000067;0.302560
0.005656;0.009644;0.120601
-0.013498;0.000067;-0.042205
-0.013498;-0.009510;-0.406123
-0.013498;-0.009510;-0.501891
-0.003921;-0.019087;-0.511468
0.005656;0.000067;-0.310355
-0.003921;-0.019087;-0.099666
0.005656;0.000067;0.063140
-0.003921;-0.009510;0.283406
0.024809;0.000067;0.513250
0.015232;0.000067;0.494097
0.015232;-0.009510;0.398329
0.015232;0.009644;0.082294
-0.023075;0.009644;-0.137973
-0.003921;0.028797;-0.319932
-0.013498;0.000067;-0.434854
-0.003921;-0.009510;-0.482738
0.005656;0.009644;-0.367816
-0.003921;-0.009510;-0.195434
-0.003921;0.009644;0.178061
-0.003921;-0.019087;0.350445
0.024809;0.019220;0.455790
0.005656;0.000067;0.446213
0.024809;0.009644;0.360022
-0.003921;0.009644;0.197215
-0.013498;0.000067;-0.003898
-0.013498;-0.019087;-0.358239
-0.003921;0.000067;-0.463584
0.005656;0.000067;-0.482738
0.005656;0.019220;-0.319932
-0.003921;0.000067;-0.118819
0.024809;0.009644;0.053563
0.015232;0.009644;0.379175
0.024809;0.000067;0.484520
0.015232;0.000067;0.503674
0.024809;0.009644;0.407906
-0.013498;-0.019087;0.139754
0.005656;0.009644;-0.109242
-0.032652;0.000067;-0.291202
-0.013498;-0.019087;-0.482738
0.005656;0.000067;-0.463584
-0.023075;0.009644;-0.406123
-0.013498;0.000067;-0.262471
0.005656;0.000067;0.130177
-0.003921;0.000067;0.312137
0.005656;0.009644;0.436636
0.015232;0.009644;0.465366
0.005656;0.028797;0.350445
0.034386;0.000067;0.225945
-0.003921;0.000067;-0.176280
0.005656;0.009644;-0.319932
-0.013498;-0.009510;-0.454007
0.005656;0.000067;-0.454007
-0.003921;-0.009510;-0.358239
-0.013498;-0.019087;-0.185857
0.005656;0.009644;0.015256
0.015232;-0.009510;0.350445
-0.003921;0.009644;0.455790
0.005656;0.019220;0.494097
-0.003921;-0.019087;0.273829
-0.003921;-0.009510;0.130177
-0.013498;0.000067;-0.061358
-0.003921;0.000067;-0.252894
0.005656;-0.019087;-0.473161
-0.003921;0.009644;-0.482738
-0.003921;0.000067;-0.377393
-0.013498;0.000067;-0.099666
-0.003921;0.019220;0.120601
0.005656;0.028797;0.264253
0.015232;-0.009510;0.455790
-0.003921;0.000067;0.474943
0.015232;0.019220;0.398329
0.024809;0.000067;0.264253
-0.013498;-0.009510;-0.137973
-0.013498;0.000067;-0.310355
0.005656;-0.028664;-0.425277
-0.013498;0.000067;-0.463584
0.005656;-0.019087;-0.377393
-0.003921;0.000067;-0.205010
-0.003921;0.009644;-0.013474
0.005656;0.000067;0.350445
0.005656;0.019220;0.427059
0.005656;0.000067;0.494097
0.015232;-0.009510;0.340868
0.015232;-0.019087;0.178061
-0.003921;-0.009510;-0.003898
-0.003921;0.028797;-0.358239
-0.013498;0.009644;-0.444430
0.005656;-0.009510;-0.473161
0.024809;0.009644;-0.434854
0.024809;0.009644;-0.137973
0.005656;0.009644;0.034410
-0.003921;-0.009510;0.235522
0.015232;0.009644;0.455790
0.005656;0.000067;0.494097
-0.003921;0.000067;0.427059
-0.003921;-0.009510;0.292983
-0.013498;-0.009510;-0.090089
-0.013498;0.009644;-0.281625
-0.003921;-0.009510;-0.415700
-0.003921;0.009644;-0.473161
-0.013498;-0.009510;-0.406123
-0.003921;0.009644;-0.252894
0.005656;-0.009510;0.139754
0.005656;0.009644;0.321713
0.005656;-0.009510;0.417482
-0.003921;-0.009510;0.474943
-0.013498;0.019220;0.350445
0.015232;0.000067;0.216369
0.005656;-0.009510;0.063140
0.005656;0.000067;-0.329509
-0.023075;0.009644;-0.454007
-0.042228;-0.009510;-0.492314
-0.013498;0.009644;-0.348662
0.005656;0.000067;-0.166703
-0.003921;0.000067;0.015256
0.015232;0.019220;0.216369
0.024809;0.000067;0.474943
0.005656;0.000067;0.484520
0.005656;0.000067;0.417482
0.005656;0.019220;0.130177
-0.023075;0.000067;-0.051782
-0.003921;0.019220;-0.243318
-0.023075;0.000067;-0.454007
-0.013498;-0.028664;-0.473161
-0.013498;0.009644;-0.406123
-0.013498;0.000067;-0.262471
0.005656;0.019220;0.111024
0.005656;0.028797;0.273829
0.005656;0.009644;0.407906
0.005656;0.000067;0.455790
0.015232;-0.019087;0.379175
0.015232;0.009644;0.254676
-0.003921;0.000067;0.072717
-0.003921;0.000067;-0.310355
-0.003921;0.009644;-0.444430
-0.013498;-0.019087;-0.473161
-0.003921;0.028797;-0.358239
0.005656;0.000067;0.005679
0.005656;0.000067;0.178061
-0.003921;-0.009510;0.474943
-0.013498;0.009644;0.474943
-0.013498;0.009644;0.340868
0.005656;0.000067;0.187638
0.015232;0.000067;-0.003898
0.005656;-0.009510;-0.195434
-0.013498;0.000067;-0.454007
-0.013498;0.009644;-0.473161
-0.013498;0.000067;-0.425277
0.005656;-0.019087;-0.291202
0.005656;0.000067;0.063140
-0.003921;0.009644;0.235522
0.024809;-0.028664;0.388752
-0.013498;-0.009510;0.484520
-0.013498;0.009644;0.407906
-0.003921;0.009644;0.264253
0.005656;-0.009510;-0.099666
0.005656;0.028797;-0.281625
0.015232;0.000067;-0.415700
0.005656;0.000067;-0.473161
0.005656;-0.009510;-0.386970
0.005656;-0.009510;-0.214587
-0.003921;-0.009510;-0.051782
0.005656;0.000067;0.292983
-0.013498;0.009644;0.417482
-0.003921;0.000067;0.465366
0.015232;0.000067;0.427059
0.005656;-0.009510;0.206792
-0.003921;0.000067;0.015256
-0.013498;0.000067;-0.157126
-0.003921;-0.009510;-0.454007
-0.013498;0.009644;-0.463584
0.005656;-0.009510;-0.463584
0.015232;0.000067;-0.157126
0.015232;0.009644;0.024833
0.005656;-0.009510;0.206792
-0.003921;0.000067;0.369598
0.005656;0.009644;0.503674
0.005656;0.009644;0.446213
0.005656;0.000067;0.302560
-0.013498;-0.028664;-0.070935
-0.003921;-0.009510;-0.252894
-0.003921;-0.009510;-0.386970
-0.003921;-0.028664;-0.463584
-0.003921;-0.019087;-0.406123
0.005656;0.000067;-0.262471
-0.003921;-0.019087;-0.070935
0.015232;-0.009510;0.254676
-0.013498;0.009644;0.436636
0.005656;-0.009510;0.455790
-0.013498;-0.009510;0.360022
0.015232;0.028797;0.216369
-0.013498;0.009644;0.063140
-0.013498;0.000067;-0.291202
0.015232;-0.009510;-0.425277
0.005656;0.000067;-0.492314
-0.003921;0.000067;-0.444430
-0.003921;-0.019087;-0.176280
0.005656;0.000067;-0.003898
0.005656;0.000067;0.168485
0.024809;0.000067;0.455790
0.005656;0.019220;0.465366
-0.003921;0.000067;0.417482
0.005656;-0.009510;0.292983
-0.013498;-0.019087;-0.042205
0.005656;0.000067;-0.176280
-0.023075;-0.009510;-0.367816
-0.013498;0.000067;-0.492314
0.005656;0.000067;-0.425277
-0.003921;0.000067;-0.319932
-0.003921;-0.019087;0.082294
0.005656;0.009644;0.245099
0.005656;-0.009510;0.388752
-0.003921;0.009644;0.465366
0.015232;0.000067;0.407906
0.005656;0.000067;0.264253
0.005656;0.019220;0.091870
-0.013498;-0.009510;-0.281625
-0.013498;0.009644;-0.406123
-0.003921;0.000067;-0.492314
0.005656;0.009644;-0.454007
-0.013498;-0.019087;-0.214587
-0.003921;0.000067;-0.023051
0.015232;0.019220;0.149331
0.034386;0.000067;0.398329
0.024809;0.000067;0.446213
-0.003921;0.009644;0.446213
0.024809;0.000067;0.178061
0.005656;0.000067;-0.003898
0.005656;0.009644;-0.195434
0.015232;0.019220;-0.348662
0.005656;-0.009510;-0.454007
0.005656;0.009644;-0.454007
0.005656;-0.009510;-0.310355
-0.003921;0.000067;0.034410
0.015232;0.000067;0.206792
-0.003921;0.000067;0.340868
-0.013498;-0.009510;0.446213
0.005656;0.019220;0.417482
0.005656;0.000067;0.283406
-0.003921;0.000067;0.111024
-0.013498;-0.009510;-0.233741
-0.003921;0.009644;-0.377393
-0.013498;-0.009510;-0.463584
0.005656;-0.028664;-0.386970
-0.003921;-0.009510;-0.262471
0.005656;-0.009510;-0.061358
0.005656;-0.009510;0.111024
0.015232;-0.009510;0.407906
0.005656;-0.009510;0.436636
-0.013498;0.009644;0.436636
0.015232;0.000067;0.225945
-0.032652;-0.009510;0.043986
0.015232;0.000067;-0.137973
-0.013498;-0.009510;-0.425277
-0.013498;0.009644;-0.463584
-0.003921;-0.019087;-0.415700
-0.013498;-0.009510;-0.348662
0.005656;0.009644;-0.013474
0.005656;0.009644;0.187638
-0.003921;-0.019087;0.465366
0.015232;0.000067;0.474943
0.005656;0.009644;0.436636
-0.013498;0.019220;0.321713
-0.003921;0.000067;-0.051782
-0.013498;-0.009510;-0.233741
-0.013498;-0.019087;-0.348662
0.015232;-0.019087;-0.444430
-0.013498;-0.009510;-0.444430
-0.023075;-0.009510;-0.272048
-0.003921;-0.009510;-0.080512
0.005656;-0.028664;0.225945
0.015232;0.000067;0.369598
-0.003921;-0.019087;0.455790
0.005656;0.000067;0.427059
0.015232;0.000067;0.264253
0.005656;0.019220;0.082294
-0.013498;0.000067;-0.099666
-0.003921;0.000067;-0.415700
-0.003921;0.028797;-0.444430
-0.013498;0.000067;-0.434854
-0.023075;0.009644;-0.195434
-0.003921;0.000067;-0.032628
0.024809;0.028797;0.168485
-0.003921;0.000067;0.302560
0.005656;0.000067;0.455790
0.024809;0.000067;0.455790
0.005656;0.000067;0.360022
0.005656;-0.019087;-0.003898
-0.013498;-0.009510;-0.185857
-0.003921;0.009644;-0.319932
-0.023075;0.009644;-0.425277
0.005656;0.000067;-0.415700
-0.013498;-0.009510;-0.310355
0.024809;-0.009510;-0.157126
0.015232;-0.019087;0.206792
-0.003921;-0.019087;0.350445
0.005656;0.009644;0.446213
0.005656;-0.019087;0.388752
0.005656;-0.009510;0.283406
0.005656;-0.009510;0.091870
-0.003921;0.009644;-0.090089
-0.023075;0.019220;-0.377393
-0.003921;0.009644;-0.425277
0.015232;-0.009510;-0.454007
0.015232;0.000067;-0.252894
-0.003921;0.000067;-0.090089
-0.003921;0.019220;0.139754
0.015232;0.028797;0.273829
0.005656;0.009644;0.455790
0.005656;0.000067;0.465366
0.005656;0.000067;0.369598
0.005656;0.009644;0.024833
-0.003921;-0.009510;-0.137973
-0.003921;0.000067;-0.310355
-0.003921;-0.019087;-0.473161
0.005656;0.019220;-0.434854
-0.023075;0.009644;-0.339086
-0.003921;0.009644;-0.176280
-0.003921;-0.009510;0.168485
0.005656;0.038374;0.331290
0.005656;0.000067;0.455790
0.005656;0.000067;0.407906
0.005656;0.009644;0.312137
0.005656;0.000067;0.139754
-0.013498;0.009644;-0.214587
-0.003921;-0.019087;-0.348662
-0.013498;-0.009510;-0.444430
-0.023075;0.009644;-0.454007
-0.003921;0.000067;-0.272048
-0.003921;-0.019087;-0.109242
0.015232;-0.009510;0.072717
-0.003921;0.019220;0.379175
-0.003921;0.000067;0.455790
0.005656;0.000067;0.446213
-0.003921;0.000067;0.225945
0.005656;0.000067;0.082294
-0.013498;0.000067;-0.090089
-0.013498;0.000067;-0.300778
0.005656;-0.019087;-0.482738
-0.013498;-0.009510;-0.434854
-0.013498;0.000067;-0.358239
-0.003921;-0.009510;-0.032628
-0.003921;0.019220;0.139754
0.024809;-0.009510;0.312137
-0.003921;0.019220;0.398329
0.015232;0.019220;0.436636
-0.003921;0.009644;0.331290
-0.003921;-0.019087;0.197215
-0.023075;0.000067;-0.176280
-0.013498;0.028797;-0.329509
0.015232;-0.038240;-0.434854
-0.013498;0.000067;-0.396546
-0.003921;0.019220;-0.300778
-0.003921;-0.009510;-0.099666
0.005656;0.000067;0.043986
-0.003921;-0.009510;0.360022
0.015232;0.009644;0.446213
0.005656;0.009644;0.465366
0.005656;-0.009510;0.273829
-0.003921;0.000067;0.101447
0.005656;0.000067;-0.080512
-0.023075;-0.009510;-0.243318
-0.042228;0.009644;-0.425277
0.015232;0.000067;-0.444430
-0.003921;-0.028664;-0.377393
0.005656;-0.019087;-0.051782
0.015232;0.009644;0.111024
0.015232;0.000067;0.264253
0.024809;0.019220;0.455790
-0.003921;-0.009510;0.446213
0.005656;-0.019087;0.360022
-0.003921;0.000067;0.235522
0.005656;0.000067;-0.176280
-0.003921;-0.019087;-0.319932
-0.013498;0.000067;-0.386970
-0.003921;-0.009510;-0.444430
-0.013498;-0.019087;-0.329509
0.005656;0.000067;-0.157126
-0.013498;0.019220;0.168485
0.015232;-0.009510;0.312137
0.005656;0.000067;0.436636
-0.003921;-0.019087;0.417482
-0.003921;0.000067;0.292983
-0.023075;0.000067;0.158908
-0.003921;0.000067;-0.061358
0.005656;0.009644;-0.339086
-0.003921;0.000067;-0.415700
0.005656;0.000067;-0.434854
-0.023075;0.019220;-0.386970
-0.003921;0.009644;-0.080512
-0.003921;0.000067;0.101447
0.005656;0.009644;0.245099
0.005656;0.019220;0.455790
-0.003921;0.009644;0.427059
0.005656;0.009644;0.360022
-0.003921;-0.009510;0.072717
0.015232;0.019220;-0.090089
-0.003921;-0.009510;-0.291202
-0.003921;0.000067;-0.396546
-0.013498;0.000067;-0.415700
-0.013498;0.000067;-0.339086
0.005656;-0.019087;-0.042205
-0.003921;0.000067;0.178061
-0.003921;0.000067;0.321713
0.015232;0.009644;0.398329
-0.003921;0.000067;0.388752
0.005656;0.000067;0.321713
-0.003921;-0.009510;0.149331
0.005656;0.000067;-0.013474
-0.003921;0.009644;-0.310355
0.015232;-0.019087;-0.434854
-0.013498;0.000067;-0.473161
-0.013498;-0.019087;-0.272048
0.005656;0.019220;-0.147550
0.015232;0.000067;0.063140
0.015232;0.009644;0.216369
-0.013498;-0.009510;0.436636
-0.003921;0.009644;0.436636
-0.013498;0.019220;0.407906
-0.003921;0.009644;0.101447
0.005656;0.009644;-0.080512
-0.003921;0.000067;-0.224164
-0.003921;-0.009510;-0.444430
-0.003921;-0.019087;-0.425277
-0.003921;0.000067;-0.348662
-0.003921;-0.028664;-0.233741
-0.013498;-0.009510;0.130177
0.015232;-0.009510;0.273829
0.015232;0.000067;0.446213
0.015232;0.019220;0.446213
-0.003921;0.019220;0.331290
0.005656;-0.019087;0.206792
-0.003921;-0.009510;-0.137973
0.005656;0.028797;-0.319932
-0.013498;0.009644;-0.396546
0.005656;0.019220;-0.454007
0.005656;0.009644;-0.319932
-0.013498;0.019220;-0.157126
0.005656;0.019220;0.005679
-0.003921;0.000067;0.321713
-0.013498;0.000067;0.427059
0.015232;0.019220;0.446213
0.005656;0.009644;0.388752
0.005656;-0.009510;0.120601
-0.003921;-0.019087;-0.042205
-0.023075;0.019220;-0.205010
0.005656;0.009644;-0.434854
-0.013498;0.000067;-0.463584
0.005656;-0.009510;-0.377393
0.005656;0.009644;-0.109242
0.005656;-0.019087;0.091870
0.015232;0.009644;0.254676
0.015232;0.000067;0.369598
0.015232;-0.009510;0.436636
-0.003921;0.000067;0.388752
0.005656;0.009644;0.225945
0.005656;0.000067;-0.109242
-0.013498;-0.019087;-0.243318
-0.003921;-0.009510;-0.406123
-0.003921;0.000067;-0.444430
-0.013498;-0.019087;-0.348662
0.005656;0.000067;-0.185857
0.015232;-0.009510;0.005679
0.005656;0.009644;0.321713
0.005656;0.000067;0.379175
0.015232;0.019220;0.465366
-0.013498;0.009644;0.312137
-0.003921;-0.009510;0.158908
0.005656;-0.009510;-0.003898
-0.003921;-0.009510;-0.195434
-0.013498;0.000067;-0.406123
-0.023075;-0.009510;-0.444430
0.005656;-0.009510;-0.386970
-0.013498;-0.009510;-0.118819
0.015232;0.019220;0.043986
-0.003921;0.000067;0.216369
0.005656;0.000067;0.436636
0.005656;-0.009510;0.436636
0.005656;-0.019087;0.360022
-0.003921;-0.019087;0.245099
-0.013498;-0.019087;-0.080512
-0.003921;0.009644;-0.262471
-0.003921;0.000067;-0.348662
-0.003921;0.000067;-0.434854
0.005656;-0.019087;-0.348662
-0.003921;0.000067;-0.214587
0.005656;0.000067;-0.042205
0.015232;0.000067;0.283406
0.005656;0.000067;0.388752
0.015232;0.000067;0.446213
-0.003921;-0.009510;0.331290
0.005656;0.000067;0.197215
0.015232;0.009644;0.024833
0.005656;0.028797;-0.291202
-0.003921;-0.009510;-0.406123
-0.003921;-0.009510;-0.444430
-0.013498;-0.009510;-0.415700
-0.003921;-0.028664;-0.166703
-0.023075;0.000067;0.024833
0.005656;0.009644;0.206792
-0.013498;0.000067;0.436636
0.005656;-0.009510;0.446213
-0.003921;0.000067;0.388752
-0.003921;-0.009510;0.139754
0.015232;0.000067;-0.032628
0.015232;-0.019087;-0.205010
0.005656;0.019220;-0.415700
-0.003921;0.000067;-0.434854
-0.003921;0.000067;-0.377393
0.005656;-0.009510;-0.070935
-0.003921;0.000067;0.111024
0.015232;-0.009510;0.264253
0.015232;0.009644;0.369598
-0.003921;0.000067;0.446213
0.015232;0.000067;0.350445
0.005656;0.009644;0.206792
0.015232;0.000067;0.072717
0.005656;0.019220;-0.262471
-0.003921;0.000067;-0.406123
-0.003921;0.000067;-0.444430
-0.013498;0.000067;-0.348662
-0.003921;0.009644;-0.185857
0.005656;0.000067;-0.013474
-0.003921;0.000067;0.139754
0.005656;-0.009510;0.388752
-0.003921;0.019220;0.446213
0.005656;0.000067;0.398329
0.024809;-0.028664;0.158908
-0.003921;0.000067;-0.003898
-0.023075;0.009644;-0.176280
0.005656;0.000067;-0.339086
0.005656;0.000067;-0.434854
-0.023075;-0.009510;-0.386970
-0.013498;0.000067;-0.291202
-0.003921;-0.009510;0.072717
-0.003921;0.000067;0.235522
-0.003921;0.000067;0.369598
0.005656;0.009644;0.417482
0.015232;0.000067;0.350445
0.015232;-0.009510;0.264253
-0.003921;0.000067;-0.090089
0.005656;0.009644;-0.252894
-0.003921;-0.019087;-0.367816
-0.003921;0.009644;-0.463584
-0.003921;0.000067;-0.348662
-0.013498;-0.009510;-0.205010
0.005656;0.000067;-0.023051
0.015232;0.019220;0.264253
0.024809;0.000067;0.407906
-0.003921;0.009644;0.446213
-0.003921;0.009644;0.398329
0.005656;-0.009510;0.216369
-0.023075;0.019220;0.024833
0.015232;-0.009510;-0.157126
-0.003921;0.000067;-0.415700
0.005656;-0.028664;-0.434854
-0.003921;-0.019087;-0.396546
-0.013498;0.000067;-0.300778
0.005656;0.000067;0.005679
-0.003921;0.009644;0.187638
0.005656;0.009644;0.321713
0.005656;0.019220;0.446213
-0.003921;0.009644;0.360022
-0.003921;0.019220;0.283406
-0.003921;0.000067;-0.023051
0.005656;-0.009510;-0.214587
-0.023075;0.009644;-0.339086
0.005656;0.019220;-0.444430
-0.023075;0.000067;-0.339086
0.005656;-0.009510;-0.252894
0.015232;0.009644;-0.090089
0.015232;-0.019087;0.264253
-0.003921;0.009644;0.379175
-0.013498;0.000067;0.427059
0.015232;0.019220;0.331290
-0.003921;0.019220;0.197215
-0.003921;0.000067;0.053563
0.024809;0.009644;-0.128396
-0.013498;-0.019087;-0.396546
-0.013498;0.019220;-0.463584
-0.013498;0.000067;-0.415700
0.005656;-0.028664;-0.166703
-0.013498;0.000067;-0.013474
0.015232;-0.009510;0.168485
-0.003921;0.019220;0.398329
0.015232;-0.019087;0.427059
0.005656;0.000067;0.360022
-0.003921;-0.009510;0.283406
0.005656;-0.009510;-0.042205
-0.003921;0.019220;-0.205010
0.015232;0.000067;-0.329509
-0.003921;0.009644;-0.425277
-0.013498;-0.009510;-0.396546
0.015232;0.038374;-0.291202
0.005656;-0.019087;-0.090089
0.024809;0.000067;0.216369
0.005656;-0.009510;0.369598
0.005656;-0.009510;0.436636
-0.003921;0.000067;0.388752
0.005656;-0.028664;0.235522
0.005656;0.000067;0.082294
-0.023075;-0.009510;-0.262471
-0.003921;0.000067;-0.367816
-0.013498;0.009644;-0.406123
-0.013498;-0.009510;-0.425277
-0.013498;-0.009510;-0.214587
0.015232;0.000067;-0.061358
-0.003921;0.000067;0.101447
-0.013498;0.000067;0.398329
0.005656;-0.009510;0.417482
-0.003921;0.000067;0.398329
-0.003921;0.009644;0.149331
0.015232;0.000067;0.015256
-0.023075;0.009644;-0.137973
0.005656;-0.009510;-0.300778
-0.013498;0.009644;-0.444430
-0.023075;-0.019087;-0.396546
-0.003921;-0.019087;-0.310355
-0.003921;0.000067;0.005679
0.005656;0.009644;0.206792
0.015232;0.019220;0.331290
-0.003921;-0.009510;0.407906
0.015232;0.000067;0.360022
-0.003921;-0.009510;0.254676
-0.003921;0.000067;0.111024
0.015232;0.000067;-0.205010
-0.023075;-0.009510;-0.358239
-0.013498;-0.009510;-0.406123
-0.003921;-0.019087;-0.358239
-0.023075;0.000067;-0.233741
-0.013498;0.009644;-0.099666
0.005656;-0.009510;0.063140
0.024809;0.000067;0.350445
0.005656;0.000067;0.388752
-0.003921;-0.019087;0.407906
0.005656;0.019220;0.197215
-0.003921;-0.019087;0.034410
-0.003921;-0.009510;-0.137973
-0.003921;0.000067;-0.396546
0.005656;-0.009510;-0.463584
0.015232;0.000067;-0.425277
0.005656;0.000067;-0.185857
-0.003921;0.009644;-0.003898
-0.003921;0.000067;0.168485
0.015232;0.009644;0.292983
0.005656;0.000067;0.436636
0.005656;-0.009510;0.407906
0.005656;0.019220;0.302560
-0.003921;0.009644;0.168485
-0.003921;0.000067;-0.195434
-0.013498;-0.019087;-0.348662
-0.003921;0.009644;-0.396546
-0.013498;-0.028664;-0.377393
-0.003921;0.000067;-0.252894
-0.003921;-0.009510;-0.118819
0.005656;0.019220;0.216369
0.005656;0.009644;0.331290
-0.003921;0.009644;0.417482
0.015232;0.000067;0.417482
0.024809;0.019220;0.245099
0.005656;0.000067;0.082294
-0.003921;0.000067;-0.109242
-0.003921;-0.009510;-0.377393
-0.003921;0.009644;-0.425277
-0.013498;-0.019087;-0.386970
-0.023075;-0.009510;-0.319932
0.005656;0.009644;-0.051782
0.005656;0.000067;0.111024
-0.003921;0.000067;0.283406
0.005656;0.000067;0.398329
0.005656;0.028797;0.312137
-0.003921;-0.009510;0.005679
-0.013498;-0.009510;-0.128396
-0.013498;0.009644;-0.281625
-0.023075;-0.019087;-0.396546
-0.003921;0.000067;-0.396546
-0.003921;-0.019087;-0.291202
0.005656;-0.009510;-0.128396
0.005656;0.009644;0.197215
-0.003921;-0.009510;0.321713
-0.003921;0.009644;0.407906
0.005656;-0.019087;0.360022
0.015232;0.000067;0.273829
0.005656;-0.019087;0.091870
0.005656;0.000067;-0.051782
-0.003921;0.019220;-0.358239
-0.003921;0.019220;-0.406123
-0.003921;-0.009510;-0.406123
0.005656;-0.009510;-0.243318
-0.003921;0.000067;-0.080512
0.015232;-0.009510;0.091870
-0.013498;-0.009510;0.292983
0.024809;-0.019087;0.436636
0.005656;0.000067;0.417482
0.005656;0.000067;0.331290
0.005656;0.028797;0.034410
0.005656;0.009644;-0.147550
0.005656;-0.009510;-0.281625
-0.003921;0.019220;-0.415700
0.015232;-0.009510;-0.406123
-0.023075;-0.009510;-0.300778
-0.003921;-0.009510;-0.157126
-0.013498;0.000067;0.187638
0.005656;0.000067;0.292983
0.005656;0.019220;0.388752
0.005656;-0.028664;0.379175
-0.003921;0.000067;0.283406
-0.013498;0.009644;0.130177
-0.013498;0.009644;-0.185857
-0.003921;0.019220;-0.291202
0.005656;-0.009510;-0.386970
-0.003921;0.000067;-0.425277
0.005656;-0.009510;-0.252894
0.005656;-0.019087;-0.137973
0.015232;0.000067;0.053563
0.015232;0.000067;0.340868
-0.013498;0.000067;0.417482
0.015232;-0.009510;0.407906
-0.013498;0.009644;0.063140
-0.003921;-0.009510;-0.099666
0.005656;0.000067;-0.358239
-0.013498;0.000067;-0.415700
0.005656;-0.019087;-0.425277
0.005656;0.000067;-0.319932
-0.003921;0.000067;-0.032628
0.005656;0.019220;0.130177
0.005656;0.000067;0.283406
-0.003921;0.028797;0.360022
0.005656;-0.009510;0.407906
0.015232;0.009644;0.321713
0.005656;0.009644;0.158908
-0.003921;-0.009510;-0.176280
0.005656;-0.019087;-0.291202
0.015232;-0.009510;-0.396546
-0.023075;0.000067;-0.415700
-0.013498;-0.019087;-0.281625
-0.003921;0.009644;-0.137973
-0.013498;0.009644;0.015256
0.005656;-0.009510;0.302560
0.005656;-0.019087;0.388752
0.015232;0.009644;0.398329
0.015232;0.000067;0.245099
0.005656;0.019220;0.120601
0.005656;-0.009510;-0.061358
-0.013498;0.000067;-0.348662
-0.023075;-0.009510;-0.415700
-0.003921;0.000067;-0.406123
-0.003921;-0.009510;-0.339086
-0.003921;-0.019087;-0.090089
0.005656;0.009644;0.091870
0.015232;-0.009510;0.235522
0.005656;0.000067;0.407906
0.005656;0.000067;0.398329
0.005656;0.000067;0.312137
0.005656;0.028797;0.015256
-0.003921;-0.009510;-0.137973
-0.003921;0.000067;-0.272048
-0.003921;0.000067;-0.367816
-0.003921;-0.009510;-0.367816
-0.003921;-0.019087;-0.300778
-0.003921;0.009644;-0.166703
-0.013498;0.019220;0.149331
-0.013498;-0.019087;0.292983
0.005656;-0.009510;0.369598
0.005656;-0.019087;0.388752
0.015232;0.009644;0.283406
0.015232;0.000067;0.139754
-0.013498;-0.009510;-0.023051
0.005656;0.000067;-0.319932
-0.003921;-0.009510;-0.415700
-0.013498;0.009644;-0.444430
0.015232;0.000067;-0.367816
0.005656;0.009644;-0.099666
0.005656;0.000067;0.091870
-0.003921;-0.009510;0.216369
-0.003921;-0.009510;0.398329
0.005656;0.009644;0.388752
-0.003921;0.019220;0.350445
-0.003921;-0.038240;0.082294
-0.032652;-0.009510;-0.080512
0.005656;0.009644;-0.243318
-0.013498;0.009644;-0.386970
-0.023075;0.009644;-0.367816
-0.013498;0.000067;-0.319932
-0.003921;0.009644;-0.032628
-0.003921;0.000067;0.149331
-0.003921;0.019220;0.283406
0.024809;0.009644;0.407906
-0.003921;0.019220;0.379175
0.005656;-0.019087;0.312137
0.005656;0.000067;0.139754
-0.003921;0.000067;-0.195434
0.005656;-0.019087;-0.310355
-0.003921;-0.009510;-0.386970
-0.013498;0.000067;-0.425277
-0.023075;-0.009510;-0.262471
-0.003921;0.000067;-0.128396
0.005656;-0.009510;0.034410
0.005656;0.009644;0.302560
-0.003921;-0.009510;0.388752
0.005656;-0.019087;0.407906
-0.003921;0.000067;0.369598
0.015232;0.009644;0.091870
-0.013498;-0.009510;-0.080512
0.015232;0.000067;-0.214587
-0.003921;-0.019087;-0.415700
-0.013498;0.000067;-0.415700
-0.003921;0.019220;-0.329509
0.005656;0.000067;-0.233741
-0.003921;0.019220;0.101447
0.015232;0.000067;0.225945
-0.013498;0.000067;0.407906
0.005656;-0.009510;0.388752
0.005656;0.009644;0.331290
0.015232;0.038374;0.206792
0.005656;0.009644;0.015256
-0.013498;-0.009510;-0.262471
-0.003921;-0.019087;-0.358239
0.015232;0.000067;-0.377393
-0.032652;-0.009510;-0.310355
-0.013498;0.019220;-0.147550
-0.003921;-0.009510;0.015256
0.005656;-0.009510;0.292983
-0.003921;0.000067;0.407906
-0.003921;0.009644;0.417482
0.015232;0.000067;0.388752
0.015232;0.000067;0.130177
0.015232;0.000067;-0.032628
-0.013498;-0.009510;-0.176280
0.005656;0.009644;-0.377393
-0.013498;-0.009510;-0.386970
-0.023075;-0.019087;-0.377393
-0.003921;-0.009510;-0.070935
-0.003921;-0.009510;0.063140
0.015232;-0.009510;0.225945
0.015232;0.009644;0.340868
0.015232;0.000067;0.407906
-0.003921;-0.009510;0.302560
0.015232;0.009644;0.225945
0.015232;-0.009510;-0.109242
-0.023075;0.000067;-0.233741
-0.023075;-0.009510;-0.386970
-0.013498;0.009644;-0.434854
-0.003921;-0.028664;-0.310355
-0.003921;0.000067;-0.176280
-0.003921;0.009644;0.130177
0.005656;-0.009510;0.264253
0.015232;0.009644;0.369598
0.005656;0.000067;0.417482
-0.003921;0.000067;0.292983
-0.003921;-0.019087;0.158908
0.005656;0.000067;-0.042205
-0.013498;-0.019087;-0.176280
-0.013498;0.019220;-0.386970
-0.003921;0.019220;-0.396546
0.015232;-0.009510;-0.367816
0.015232;-0.019087;-0.128396
0.005656;0.009644;0.043986
-0.013498;-0.019087;0.178061
0.024809;0.000067;0.379175
0.015232;-0.009510;0.398329
0.015232;-0.009510;0.340868
0.005656;0.009644;0.245099
-0.013498;0.019220;-0.042205
-0.003921;0.038374;-0.205010
-0.013498;0.000067;-0.339086
0.005656;0.019220;-0.377393
-0.003921;-0.009510;-0.339086
-0.023075;0.000067;-0.185857
-0.003921;0.009644;-0.061358
-0.003921;0.009644;0.245099
0.015232;0.019220;0.340868
0.015232;0.019220;0.398329
0.005656;0.000067;0.312137
-0.023075;0.009644;0.206792
-0.023075;-0.009510;0.015256
0.005656;0.000067;-0.262471
0.005656;-0.009510;-0.396546
-0.003921;0.009644;-0.406123
-0.023075;-0.009510;-0.367816
0.015232;-0.009510;-0.166703
0.005656;0.019220;-0.003898
-0.003921;-0.009510;0.158908
0.005656;-0.009510;0.388752
0.005656;-0.028664;0.427059
-0.013498;0.009644;0.388752
-0.003921;0.000067;0.139754
-0.003921;-0.009510;-0.061358
-0.003921;-0.009510;-0.195434
-0.023075;-0.009510;-0.319932
0.005656;0.009644;-0.386970
-0.023075;-0.028664;-0.348662
-0.013498;-0.019087;-0.243318
0.005656;0.009644;0.091870
0.005656;0.009644;0.197215
-0.003921;-0.009510;0.340868
-0.003921;0.000067;0.369598
0.005656;0.028797;0.321713
-0.003921;-0.009510;0.216369
0.005656;0.000067;0.063140
-0.013498;-0.019087;-0.262471
-0.013498;0.009644;-0.367816
0.005656;-0.009510;-0.425277
0.005656;-0.009510;-0.319932
-0.013498;0.000067;-0.176280
-0.003921;-0.009510;-0.032628
0.005656;-0.009510;0.139754
0.015232;0.009644;0.379175
0.005656;0.000067;0.407906
-0.013498;0.019220;0.369598
-0.003921;0.000067;0.149331
-0.003921;0.000067;-0.195434
-0.003921;0.000067;-0.319932
0.005656;-0.038240;-0.415700
-0.013498;0.000067;-0.386970
-0.003921;0.000067;-0.262471
0.005656;0.000067;0.034410
0.015232;0.009644;0.225945
-0.003921;-0.019087;0.302560
0.034386;0.009644;0.398329
-0.013498;-0.019087;0.350445
0.005656;0.009644;0.206792
0.005656;0.009644;0.111024
-0.023075;0.000067;-0.224164
0.005656;0.000067;-0.329509
0.005656;0.009644;-0.406123
0.005656;0.000067;-0.310355
0.005656;0.009644;-0.214587
0.005656;-0.009510;-0.061358
-0.013498;0.009644;0.264253
0.005656;-0.009510;0.360022
-0.003921;0.000067;0.388752
0.015232;-0.009510;0.398329
0.005656;0.009644;0.168485
-0.003921;0.019220;0.053563
0.005656;-0.009510;-0.147550
0.024809;0.000067;-0.348662
-0.003921;-0.019087;-0.386970
-0.003921;0.000067;-0.396546
-0.023075;-0.009510;-0.243318
-0.003921;-0.009510;-0.003898
0.005656;-0.009510;0.158908
0.024809;0.009644;0.283406
0.015232;0.009644;0.417482
-0.023075;-0.009510;0.340868
0.005656;-0.028664;0.273829
0.015232;0.028797;-0.023051
0.005656;0.000067;-0.176280
0.005656;-0.009510;-0.310355
0.005656;0.000067;-0.358239
-0.013498;0.000067;-0.367816
-0.003921;0.009644;-0.214587
0.005656;-0.019087;-0.061358
-0.003921;0.019220;0.235522
0.005656;0.028797;0.360022
-0.003921;0.000067;0.360022
0.005656;0.000067;0.302560
-0.003921;-0.009510;0.225945
0.015232;0.000067;0.063140
0.015232;-0.019087;-0.128396
-0.003921;0.009644;-0.358239
-0.013498;-0.009510;-0.396546
0.005656;0.009644;-0.377393
-0.003921;-0.009510;-0.166703
0.005656;0.009644;-0.003898
-0.003921;0.019220;0.130177
0.005656;0.000067;0.283406
0.005656;0.009644;0.417482
0.015232;0.009644;0.379175
0.015232;0.009644;0.283406
0.005656;-0.019087;-0.013474
0.005656;-0.009510;-0.128396
0.005656;0.000067;-0.310355
0.015232;-0.009510;-0.406123
0.015232;0.000067;-0.339086
-0.013498;-0.009510;-0.233741
-0.013498;0.009644;-0.118819
-0.013498;-0.009510;0.197215
-0.023075;0.000067;0.312137
0.015232;0.009644;0.398329
0.005656;0.009644;0.350445
-0.003921;-0.028664;0.216369
-0.003921;0.009644;0.082294
-0.013498;0.009644;-0.224164
-0.003921;0.000067;-0.310355
0.005656;0.000067;-0.358239
-0.013498;0.000067;-0.396546
-0.003921;0.009644;-0.195434
-0.013498;-0.009510;-0.023051
-0.003921;0.000067;0.111024
-0.003921;0.009644;0.360022
0.024809;0.009644;0.379175
-0.013498;-0.019087;0.360022
0.024809;0.000067;0.321713
0.005656;-0.019087;0.015256
0.005656;-0.009510;-0.147550
0.015232;-0.019087;-0.291202
-0.013498;0.000067;-0.396546
-0.013498;0.000067;-0.348662
-0.003921;0.019220;-0.272048
-0.003921;-0.009510;0.024833
0.005656;0.009644;0.168485
0.005656;0.028797;0.302560
0.015232;-0.019087;0.379175
-0.003921;0.009644;0.350445
-0.003921;0.019220;0.225945
0.005656;0.019220;0.101447
-0.013498;0.009644;-0.195434
-0.003921;0.000067;-0.310355
0.005656;0.000067;-0.415700
-0.003921;0.000067;-0.310355
0.015232;-0.028664;-0.214587
0.005656;0.000067;-0.080512
0.015232;-0.019087;0.063140
0.015232;0.019220;0.292983
0.015232;-0.009510;0.379175
-0.032652;-0.009510;0.398329
-0.003921;0.009644;0.187638
-0.003921;0.000067;0.043986
0.005656;-0.028664;-0.090089
-0.003921;0.000067;-0.233741
0.005656;0.000067;-0.377393
-0.003921;-0.009510;-0.358239
-0.003921;-0.009510;-0.272048
0.024809;0.019220;-0.013474
0.024809;0.000067;0.139754
0.005656;-0.009510;0.254676
0.015232;0.000067;0.407906
0.005656;0.009644;0.350445
-0.013498;0.000067;0.283406
-0.003921;0.000067;0.149331
-0.003921;0.009644;-0.157126
0.005656;0.000067;-0.310355
-0.003921;-0.019087;-0.367816
0.005656;0.009644;-0.358239
-0.003921;-0.028664;-0.252894
-0.023075;0.000067;-0.099666
0.005656;0.009644;0.206792
0.005656;-0.028664;0.312137
0.005656;0.019220;0.350445
0.005656;0.019220;0.388752
0.005656;0.000067;0.235522
0.005656;0.009644;0.091870
-0.003921;-0.009510;-0.070935
0.005656;0.019220;-0.329509
0.005656;0.000067;-0.406123
-0.013498;0.000067;-0.386970
-0.003921;-0.009510;-0.300778
0.005656;-0.019087;-0.032628
-0.003921;-0.009510;0.130177
0.005656;0.009644;0.254676
-0.003921;-0.009510;0.388752
0.005656;0.000067;0.369598
-0.013498;-0.009510;0.292983
-0.003921;0.000067;0.015256
-0.013498;-0.009510;-0.118819
-0.003921;0.019220;-0.262471
0.005656;-0.019087;-0.377393
0.024809;0.009644;-0.348662
-0.003921;0.009644;-0.243318
-0.003921;-0.009510;-0.147550
0.005656;-0.009510;0.168485
0.015232;0.000067;0.273829
0.015232;0.028797;0.360022
-0.003921;0.000067;0.379175
0.005656;0.009644;0.264253
0.005656;0.019220;0.101447
-0.003921;0.019220;-0.061358
-0.013498;0.000067;-0.291202
0.005656;0.009644;-0.386970
-0.013498;0.000067;-0.386970
-0.013498;-0.009510;-0.214587
-0.013498;0.019220;-0.061358
-0.003921;0.009644;0.091870
0.005656;0.000067;0.245099
0.005656;-0.009510;0.398329
0.005656;0.000067;0.388752
0.005656;-0.019087;0.283406
-0.003921;-0.009510;-0.003898
-0.003921;0.000067;-0.128396
-0.003921;0.000067;-0.243318
-0.013498;0.000067;-0.396546
-0.013498;-0.009510;-0.358239
-0.013498;0.000067;-0.281625
-0.013498;-0.009510;-0.147550
0.005656;0.009644;0.111024
0.005656;-0.009510;0.254676
-0.003921;0.009644;0.360022
0.005656;0.000067;0.331290
0.005656;-0.009510;0.254676
-0.003921;-0.009510;0.139754
-0.003921;0.009644;-0.023051
-0.013498;-0.009510;-0.291202
-0.003921;-0.028664;-0.377393
-0.003921;-0.009510;-0.358239
-0.003921;-0.009510;-0.224164
-0.013498;0.009644;-0.118819
-0.003921;0.009644;0.034410
0.015232;0.009644;0.312137
0.024809;-0.019087;0.379175
0.005656;0.019220;0.369598
0.024809;0.009644;0.292983
0.005656;0.000067;0.063140
0.015232;0.000067;-0.070935
-0.003921;-0.028664;-0.195434
0.005656;-0.019087;-0.377393
-0.013498;-0.009510;-0.386970
-0.003921;0.000067;-0.329509
-0.003921;-0.009510;-0.032628
0.005656;-0.009510;0.139754
-0.003921;0.000067;0.254676
0.015232;0.019220;0.360022
0.015232;-0.009510;0.360022
-0.003921;0.000067;0.292983
0.024809;0.000067;0.158908
0.005656;-0.019087;-0.157126
-0.003921;0.000067;-0.291202
0.005656;0.009644;-0.339086
0.005656;-0.019087;-0.386970
-0.023075;0.000067;-0.252894
-0.013498;-0.009510;-0.128396
-0.003921;0.000067;0.024833
0.005656;0.000067;0.292983
0.015232;0.019220;0.379175
-0.003921;0.000067;0.417482
0.015232;0.009644;0.254676
-0.013498;-0.019087;0.101447
0.015232;0.000067;-0.051782
0.024809;0.019220;-0.195434
-0.003921;0.019220;-0.367816
-0.023075;0.000067;-0.377393
-0.003921;0.019220;-0.319932
0.005656;0.000067;-0.051782
-0.013498;0.000067;0.063140
0.005656;0.000067;0.254676
0.005656;0.009644;0.369598
0.005656;0.019220;0.360022
0.005656;0.019220;0.321713
0.034386;-0.009510;0.197215
-0.013498;0.019220;-0.109242
-0.003921;-0.019087;-0.252894
-0.003921;0.009644;-0.310355
0.005656;-0.009510;-0.377393
-0.013498;0.009644;-0.262471
0.005656;0.019220;-0.157126
0.015232;0.009644;0.005679
-0.003921;0.019220;0.264253
-0.003921;-0.009510;0.350445
-0.003921;0.000067;0.379175
0.005656;-0.019087;0.254676
-0.013498;0.019220;0.149331
0.005656;-0.009510;-0.013474
-0.023075;-0.009510;-0.166703
-0.003921;0.000067;-0.367816
-0.013498;0.000067;-0.367816
0.005656;0.000067;-0.339086
-0.013498;0.009644;-0.109242
-0.003921;-0.009510;0.072717
-0.013498;0.000067;0.216369
0.005656;0.009644;0.379175
0.005656;0.000067;0.360022
-0.003921;0.000067;0.331290
-0.003921;-0.009510;0.197215
-0.003921;-0.009510;-0.080512
-0.013498;0.000067;-0.224164
-0.003921;0.000067;-0.348662
-0.003921;-0.019087;-0.377393
-0.003921;-0.009510;-0.281625
0.005656;0.000067;-0.147550
0.015232;0.000067;0.101447
0.024809;0.000067;0.235522
0.015232;-0.019087;0.360022
0.005656;-0.009510;0.398329
0.005656;0.019220;0.283406
0.005656;0.000067;0.130177
0.015232;0.009644;0.015256
-0.013498;0.000067;-0.291202
-0.013498;-0.009510;-0.329509
-0.003921;-0.009510;-0.377393
0.024809;0.028797;-0.272048
-0.013498;-0.028664;-0.137973
-0.003921;0.019220;0.015256
-0.013498;0.009644;0.168485
0.024809;0.000067;0.379175
-0.003921;0.000067;0.388752
0.015232;0.009644;0.321713
0.015232;-0.019087;0.111024
-0.003921;0.028797;-0.061358
0.015232;0.000067;-0.214587
-0.023075;0.000067;-0.358239
0.005656;0.000067;-0.358239
0.005656;0.000067;-0.319932
0.005656;-0.009510;-0.185857
0.015232;0.000067;0.101447
-0.003921;0.019220;0.245099
-0.003921;0.009644;0.360022
0.015232;-0.009510;0.350445
0.005656;-0.019087;0.273829
0.005656;0.000067;0.197215
0.005656;0.009644;0.024833
-0.013498;-0.009510;-0.262471
0.005656;0.000067;-0.358239
-0.003921;0.009644;-0.377393
-0.013498;0.000067;-0.252894
-0.003921;-0.009510;-0.147550
0.005656;0.000067;0.005679
0.005656;0.009644;0.178061
0.024809;0.000067;0.350445
0.024809;-0.009510;0.360022
0.005656;0.019220;0.340868
-0.013498;0.000067;0.120601
-0.013498;-0.019087;-0.042205
0.005656;0.000067;-0.166703
-0.003921;-0.009510;-0.367816
0.015232;-0.019087;-0.358239
-0.003921;-0.009510;-0.339086
0.005656;-0.019087;0.082294
-0.003921;0.009644;0.216369
0.005656;0.000067;0.321713
0.005656;-0.009510;0.340868
-0.013498;0.000067;0.312137
-0.013498;0.019220;0.206792
0.005656;0.000067;-0.080512
0.005656;0.000067;-0.300778
-0.003921;-0.028664;-0.377393
-0.013498;-0.019087;-0.291202
-0.003921;-0.019087;-0.195434
0.005656;0.000067;-0.013474
0.005656;0.000067;0.245099
0.005656;-0.009510;0.321713
0.015232;-0.009510;0.379175
0.005656;0.000067;0.264253
0.005656;0.000067;0.139754
-0.023075;-0.028664;-0.003898
0.024809;0.009644;-0.137973
-0.003921;-0.028664;-0.367816
-0.013498;0.019220;-0.367816
-0.003921;-0.009510;-0.339086
0.005656;0.009644;-0.109242
-0.003921;0.000067;0.043986
0.024809;-0.019087;0.178061
0.005656;-0.009510;0.302560
-0.003921;0.019220;0.369598
0.015232;0.019220;0.312137
0.005656;0.019220;0.197215
-0.003921;0.009644;-0.042205
0.005656;-0.009510;-0.214587
-0.023075;-0.019087;-0.310355
-0.023075;0.000067;-0.367816
-0.003921;0.000067;-0.300778
0.015232;-0.009510;-0.195434
0.005656;0.000067;0.063140
0.015232;0.009644;0.264253
-0.013498;-0.009510;0.350445
0.005656;0.009644;0.369598
0.005656;0.019220;0.312137
-0.003921;0.000067;0.187638
0.005656;0.000067;0.053563
-0.003921;-0.009510;-0.128396
-0.003921;0.019220;-0.339086
-0.003921;-0.009510;-0.406123
0.005656;-0.019087;-0.348662
0.015232;0.000067;-0.157126
0.015232;0.000067;-0.003898
-0.003921;0.009644;0.149331
0.024809;-0.009510;0.340868
0.005656;0.000067;0.379175
0.005656;-0.009510;0.331290
0.005656;-0.019087;0.225945
0.005656;0.000067;-0.023051
-0.003921;-0.019087;-0.166703
-0.003921;0.009644;-0.291202
-0.003921;-0.019087;-0.358239
-0.003921;-0.009510;-0.339086
0.015232;0.000067;-0.214587
0.005656;0.000067;0.063140
0.015232;0.000067;0.197215
0.005656;0.000067;0.331290
0.005656;0.000067;0.369598
0.024809;0.019220;0.312137
0.005656;0.009644;0.206792
0.005656;-0.009510;0.043986
-0.013498;-0.009510;-0.252894
-0.013498;-0.009510;-0.300778
-0.013498;0.019220;-0.348662
-0.023075;0.009644;-0.358239
0.005656;-0.019087;-0.166703
-0.003921;0.009644;-0.032628
0.024809;0.009644;0.130177
0.005656;-0.009510;0.331290
-0.003921;0.019220;0.350445
0.034386;0.028797;0.321713
0.005656;0.000067;0.139754
-0.023075;0.019220;0.015256
-0.003921;-0.028664;-0.147550
-0.003921;0.009644;-0.281625
0.005656;0.009644;-0.367816
-0.013498;0.000067;-0.319932
-0.003921;0.009644;-0.205010
-0.003921;0.009644;0.053563
0.005656;-0.009510;0.178061
0.005656;-0.009510;0.292983
-0.003921;0.019220;0.350445
-0.003921;0.009644;0.331290
0.005656;0.000067;0.216369
-0.003921;0.019220;0.072717
-0.003921;0.000067;-0.214587
0.015232;-0.009510;-0.291202
-0.003921;0.000067;-0.358239
-0.003921;-0.009510;-0.291202
-0.003921;-0.019087;-0.185857
0.005656;0.019220;-0.032628
-0.003921;0.009644;0.082294
0.024809;0.009644;0.321713
0.005656;0.000067;0.360022
0.005656;-0.019087;0.264253
-0.003921;0.019220;0.139754
-0.003921;0.009644;0.024833
0.024809;0.000067;-0.128396
-0.003921;0.000067;-0.329509
-0.023075;-0.009510;-0.377393
-0.013498;0.000067;-0.348662
-0.003921;-0.028664;-0.272048
0.005656;0.019220;0.005679
-0.013498;0.019220;0.139754
0.015232;0.019220;0.245099
0.024809;0.019220;0.379175
0.024809;0.000067;0.331290
0.005656;0.028797;0.245099
0.015232;-0.009510;0.082294
-0.023075;0.000067;-0.205010
-0.003921;-0.019087;-0.319932
-0.013498;0.009644;-0.367816
0.015232;-0.019087;-0.300778
0.005656;-0.009510;-0.195434
-0.013498;0.009644;-0.061358
0.015232;-0.009510;0.197215
0.015232;-0.009510;0.312137
0.005656;0.000067;0.369598
0.005656;-0.019087;0.350445
-0.013498;0.028797;0.197215
0.005656;0.009644;0.063140
-0.003921;0.000067;-0.109242
-0.013498;-0.019087;-0.300778
0.005656;0.009644;-0.348662
-0.003921;0.000067;-0.348662
0.005656;0.009644;-0.137973
0.005656;0.019220;-0.023051
-0.013498;-0.019087;0.130177
-0.003921;-0.009510;0.245099
0.005656;-0.019087;0.350445
-0.003921;0.000067;0.321713
0.015232;0.009644;0.264253
-0.013498;-0.009510;-0.023051
-0.023075;-0.009510;-0.185857
-0.003921;0.000067;-0.281625
0.005656;-0.019087;-0.358239
-0.013498;0.000067;-0.300778
-0.013498;0.000067;-0.243318
0.005656;-0.019087;-0.099666
0.005656;-0.009510;0.206792
-0.003921;-0.009510;0.292983
0.005656;0.009644;0.360022
-0.023075;-0.028664;0.302560
0.015232;0.019220;0.225945
0.005656;0.009644;0.082294
-0.013498;0.009644;-0.061358
-0.003921;0.000067;-0.329509
-0.003921;-0.019087;-0.367816
-0.023075;0.009644;-0.358239
-0.013498;-0.019087;-0.214587
0.005656;0.009644;-0.051782
0.005656;0.000067;0.091870
0.005656;0.019220;0.312137
0.015232;0.000067;0.360022
-0.003921;0.019220;0.321713
-0.003921;0.000067;0.149331
0.015232;-0.009510;-0.023051
-0.013498;0.009644;-0.137973
0.005656;0.009644;-0.262471
-0.003921;-0.009510;-0.367816
0.005656;-0.009510;-0.339086
0.005656;0.009644;-0.272048
0.005656;0.009644;-0.147550
0.005656;0.000067;0.149331
0.024809;0.000067;0.340868
0.024809;0.000067;0.340868
0.015232;0.000067;0.321713
-0.003921;0.000067;0.225945
0.005656;0.009644;0.120601
-0.003921;-0.019087;-0.166703
-0.003921;0.009644;-0.310355
-0.023075;0.000067;-0.358239
-0.023075;0.009644;-0.348662
-0.003921;-0.019087;-0.185857
-0.003921;0.000067;-0.080512
0.005656;0.009644;0.053563
-0.003921;0.000067;0.292983
0.015232;0.009644;0.379175
0.005656;0.000067;0.350445
-0.003921;0.000067;0.312137
0.015232;0.009644;0.043986
0.005656;-0.009510;-0.118819
0.005656;0.028797;-0.214587
0.005656;0.000067;-0.348662
-0.013498;0.028797;-0.339086
-0.013498;0.009644;-0.281625
0.005656;0.009644;-0.023051
-0.023075;0.009644;0.158908
0.005656;-0.009510;0.245099
0.005656;0.000067;0.321713
0.005656;0.019220;0.340868
0.005656;0.000067;0.264253
0.005656;-0.019087;0.139754
-0.013498;-0.019087;-0.157126
-0.003921;0.000067;-0.272048
0.005656;0.000067;-0.339086
-0.013498;0.000067;-0.300778
0.005656;0.000067;-0.243318
0.005656;0.000067;-0.080512
0.005656;-0.009510;0.053563
0.015232;-0.019087;0.283406
0.015232;-0.019087;0.369598
-0.003921;-0.019087;0.360022
-0.013498;0.000067;0.197215
-0.003921;-0.009510;0.072717
-0.003921;-0.038240;-0.080512
-0.003921;0.000067;-0.185857
-0.003921;0.000067;-0.358239
0.015232;-0.028664;-0.281625
0.005656;0.000067;-0.042205
0.005656;0.000067;0.091870
0.015232;0.009644;0.216369
-0.003921;-0.009510;0.350445
0.015232;-0.009510;0.350445
0.015232;0.000067;0.254676
0.005656;-0.009510;0.130177
0.005656;0.000067;-0.118819
-0.013498;0.009644;-0.272048
-0.013498;0.009644;-0.367816
-0.003921;-0.009510;-0.319932
0.005656;0.000067;-0.224164
-0.023075;0.000067;-0.147550
0.005656;-0.009510;0.178061
0.005656;0.028797;0.245099
0.005656;-0.009510;0.331290
0.005656;0.000067;0.302560
0.005656;0.000067;0.091870
-0.003921;0.009644;-0.061358
0.015232;-0.009510;-0.310355
-0.013498;0.009644;-0.367816
-0.013498;-0.009510;-0.377393
0.005656;0.019220;-0.319932
-0.013498;0.000067;-0.051782
-0.003921;0.000067;0.072717
-0.003921;-0.009510;0.302560
-0.003921;0.000067;0.331290
0.005656;0.009644;0.340868
0.005656;0.000067;0.283406
-0.003921;-0.009510;0.043986
-0.013498;0.009644;-0.109242
0.015232;0.009644;-0.224164
0.015232;0.019220;-0.319932
0.005656;0.000067;-0.310355
-0.003921;-0.009510;-0.233741
-0.013498;-0.009510;-0.128396
-0.013498;0.019220;0.111024
0.015232;0.009644;0.254676
-0.003921;-0.009510;0.331290
-0.003921;-0.019087;0.302560
0.005656;-0.019087;0.254676
-0.013498;-0.019087;0.101447
0.005656;-0.019087;-0.013474
-0.003921;0.000067;-0.262471
-0.003921;-0.009510;-0.358239
-0.003921;0.000067;-0.339086
-0.013498;-0.009510;-0.224164
0.005656;0.000067;-0.080512
-0.003921;-0.009510;0.082294
0.024809;0.009644;0.197215
0.005656;0.000067;0.350445
0.005656;0.009644;0.340868
-0.013498;0.019220;0.273829
-0.013498;0.000067;0.082294
-0.003921;0.009644;-0.070935
-0.023075;0.009644;-0.205010
-0.013498;0.009644;-0.339086
-0.003921;0.009644;-0.358239
-0.013498;0.000067;-0.272048
-0.013498;-0.009510;-0.166703
-0.003921;0.000067;0.101447
0.005656;-0.009510;0.264253
-0.003921;-0.028664;0.369598
0.024809;0.009644;0.321713
-0.013498;-0.009510;0.264253
0.005656;0.000067;0.149331
-0.003921;-0.019087;-0.157126
0.005656;-0.009510;-0.272048
-0.013498;0.000067;-0.319932
-0.013498;0.000067;-0.358239
-0.013498;-0.019087;-0.252894
-0.013498;-0.009510;-0.090089
-0.003921;-0.009510;0.034410
0.005656;0.009644;0.292983
-0.003921;0.000067;0.321713
-0.003921;0.000067;0.350445
0.005656;-0.009510;0.321713
0.005656;0.000067;0.091870
-0.013498;-0.009510;-0.023051
0.005656;0.000067;-0.291202
0.005656;-0.009510;-0.329509
-0.013498;0.009644;-0.367816
-0.003921;-0.019087;-0.291202
-0.013498;-0.009510;-0.051782
0.015232;0.000067;0.082294
-0.003921;-0.019087;0.187638
0.024809;0.000067;0.312137
0.005656;0.000067;0.321713
0.015232;0.009644;0.273829
0.015232;0.000067;0.187638
-0.003921;-0.009510;-0.090089
-0.013498;-0.009510;-0.214587
-0.003921;0.009644;-0.319932
-0.003921;0.000067;-0.348662
-0.003921;0.000067;-0.224164
0.005656;0.000067;-0.137973
-0.003921;0.000067;0.015256
-0.003921;0.009644;0.264253
0.015232;0.000067;0.340868
0.005656;-0.009510;0.360022
0.015232;-0.009510;0.245099
-0.003921;-0.009510;0.101447
-0.003921;0.019220;-0.023051
-0.013498;0.000067;-0.233741
-0.023075;0.000067;-0.310355
-0.003921;-0.019087;-0.310355
0.005656;-0.009510;-0.319932
0.024809;-0.019087;-0.080512
0.005656;0.000067;0.053563
-0.013498;0.000067;0.158908
-0.003921;0.000067;0.369598
0.034386;-0.009510;0.331290
0.005656;-0.009510;0.292983
0.005656;-0.047817;0.178061
-0.003921;0.000067;-0.080512
0.015232;-0.009510;-0.233741
-0.013498;0.000067;-0.281625
0.005656;-0.038240;-0.319932
-0.003921;0.000067;-0.233741
-0.023075;0.009644;-0.185857
0.005656;0.019220;-0.032628
0.015232;-0.019087;0.245099
0.015232;0.000067;0.321713
0.005656;0.009644;0.321713
-0.013498;-0.009510;0.254676
-0.003921;0.009644;0.149331
-0.003921;0.000067;0.024833
-0.003921;0.009644;-0.252894
-0.013498;0.000067;-0.291202
0.005656;-0.019087;-0.348662
-0.003921;0.009644;-0.291202
0.015232;0.000067;-0.137973
-0.013498;0.000067;0.015256
0.005656;0.009644;0.158908
-0.003921;0.019220;0.340868
-0.003921;0.028797;0.331290
-0.003921;0.000067;0.101447
-0.003921;0.000067;-0.080512
-0.013498;-0.019087;-0.176280
-0.023075;-0.019087;-0.291202
-0.003921;-0.009510;-0.348662
0.005656;-0.019087;-0.281625
-0.003921;0.009644;-0.147550
0.015232;-0.009510;0.101447
0.005656;-0.009510;0.216369
-0.013498;0.009644;0.292983
0.005656;-0.019087;0.350445
0.005656;0.000067;0.254676
0.015232;-0.009510;0.139754
0.005656;0.000067;0.005679
-0.003921;-0.009510;-0.195434
-0.013498;-0.028664;-0.300778
-0.013498;-0.009510;-0.348662
0.005656;-0.019087;-0.262471
-0.023075;-0.009510;-0.128396
-0.013498;0.009644;-0.013474
0.005656;-0.009510;0.101447
0.034386;0.019220;0.331290
0.015232;0.009644;0.331290
0.005656;-0.009510;0.312137
-0.023075;0.000067;0.091870
0.015232;0.009644;-0.013474
0.053540;0.019220;-0.137973
0.015232;0.019220;-0.262471
-0.061382;0.028797;-0.358239
-0.070959;-0.009510;-0.319932
0.043963;0.000067;-0.051782
0.024809;-0.028664;0.043986
-0.023075;0.009644;0.168485
-0.003921;0.009644;0.321713
0.024809;0.000067;0.331290
0.034386;0.000067;0.283406
-0.013498;0.009644;0.206792
-0.023075;0.009644;0.024833
0.005656;0.000067;-0.214587
0.034386;-0.009510;-0.272048
0.024809;0.019220;-0.348662
-0.003921;-0.028664;-0.262471
0.015232;-0.009510;-0.166703
0.015232;-0.019087;-0.023051
0.005656;0.009644;0.245099
0.015232;0.019220;0.321713
0.005656;0.000067;0.360022
0.043963;0.009644;0.312137
-0.023075;0.000067;0.158908
-0.032652;0.000067;0.024833
-0.013498;0.009644;-0.157126
-0.003921;-0.019087;-0.319932
-0.023075;-0.009510;-0.348662
-0.023075;0.000067;-0.319932
-0.013498;0.019220;-0.195434
0.024809;0.009644;0.024833
0.005656;0.000067;0.149331
-0.013498;0.009644;0.273829
0.024809;0.000067;0.321713
0.043963;0.000067;0.312137
0.034386;-0.009510;0.216369
-0.023075;0.009644;-0.051782
-0.032652;-0.009510;-0.185857
0.024809;-0.019087;-0.252894
0.034386;-0.019087;-0.319932
-0.042228;0.019220;-0.272048
-0.051805;-0.009510;-0.185857
-0.013498;0.009644;-0.042205
0.024809;0.000067;0.197215
-0.023075;0.000067;0.321713
-0.042228;0.009644;0.340868
0.024809;0.009644;0.273829
0.043963;0.009644;0.197215
0.015232;0.009644;0.043986
-0.003921;0.000067;-0.109242
-0.003921;0.019220;-0.291202
0.024809;0.038374;-0.319932
0.015232;0.000067;-0.310355
-0.023075;0.009644;-0.128396
-0.003921;-0.009510;-0.013474
0.005656;-0.028664;0.139754
0.015232;0.009644;0.254676
0.005656;0.000067;0.321713
-0.003921;0.000067;0.321713
0.015232;0.019220;0.216369
-0.013498;-0.019087;-0.023051
-0.013498;0.009644;-0.137973
-0.013498;0.000067;-0.243318
0.015232;0.009644;-0.339086
0.015232;-0.009510;-0.291202
-0.003921;-0.009510;-0.224164
-0.023075;0.009644;-0.061358
0.005656;0.000067;0.216369
0.034386;0.000067;0.273829
-0.003921;-0.019087;0.312137
0.005656;0.009644;0.302560
0.034386;0.009644;0.216369
0.015232;0.000067;0.053563
-0.032652;-0.019087;-0.195434
-0.032652;-0.009510;-0.291202
0.005656;0.009644;-0.310355
0.034386;-0.019087;-0.319932
-0.013498;-0.009510;-0.166703
-0.051805;0.009644;-0.061358
-0.003921;0.000067;0.111024
0.043963;0.000067;0.302560
0.005656;0.019220;0.360022
-0.013498;0.019220;0.292983
-0.023075;0.019220;0.264253
0.024809;0.000067;-0.003898
0.005656;0.000067;-0.128396
-0.023075;0.019220;-0.262471
-0.013498;-0.009510;-0.358239
0.005656;-0.009510;-0.281625
0.034386;-0.009510;-0.224164
-0.013498;0.009644;0.034410
-0.013498;0.009644;0.139754
0.005656;-0.019087;0.283406
0.034386;-0.028664;0.331290
-0.003921;0.009644;0.312137
-0.023075;-0.009510;0.225945
-0.003921;-0.009510;0.082294
-0.003921;0.000067;-0.176280
-0.013498;0.009644;-0.281625
-0.013498;0.000067;-0.348662
0.005656;0.000067;-0.272048
0.005656;0.000067;-0.176280
0.005656;0.000067;-0.080512
-0.023075;0.009644;0.101447
0.024809;0.009644;0.312137
0.034386;0.000067;0.331290
0.005656;0.000067;0.312137
-0.032652;0.019220;0.158908
-0.003921;-0.009510;0.034410
-0.003921;0.000067;-0.109242
-0.003921;0.009644;-0.310355
-0.023075;0.000067;-0.339086
-0.003921;-0.019087;-0.310355
0.015232;-0.009510;-0.109242
-0.013498;0.000067;0.005679
-0.013498;0.000067;0.139754
0.015232;0.009644;0.245099
0.015232;-0.009510;0.350445
0.024809;0.000067;0.302560
0.015232;0.000067;0.206792
0.015232;-0.019087;0.101447
0.005656;-0.009510;-0.166703
-0.003921;-0.009510;-0.243318
-0.003921;-0.019087;-0.319932
-0.003921;-0.009510;-0.281625
-0.013498;-0.009510;-0.214587
0.005656;0.009644;-0.061358
0.015232;-0.009510;0.072717
-0.003921;-0.009510;0.283406
0.015232;0.000067;0.321713
-0.013498;-0.009510;0.350445
-0.003921;0.019220;0.187638
-0.013498;-0.028664;0.053563
0.015232;0.019220;-0.090089
-0.003921;0.009644;-0.300778
-0.013498;-0.009510;-0.339086
-0.003921;0.000067;-0.310355
-0.003921;0.028797;-0.281625
0.024809;-0.009510;-0.023051
-0.013498;-0.019087;0.101447
-0.023075;-0.009510;0.225945
0.024809;0.009644;0.340868
0.015232;-0.019087;0.292983
-0.003921;0.000067;0.216369
0.005656;0.000067;-0.003898
-0.003921;-0.019087;-0.147550
0.005656;0.019220;-0.262471
0.005656;-0.028664;-0.310355
-0.013498;0.000067;-0.319932
-0.003921;0.000067;-0.214587
0.005656;-0.009510;-0.070935
0.015232;-0.009510;0.139754
-0.023075;-0.009510;0.235522
-0.003921;0.000067;0.331290
-0.013498;-0.009510;0.321713
0.015232;-0.019087;0.187638
0.005656;0.019220;0.082294
-0.023075;-0.009510;-0.051782
0.015232;-0.019087;-0.291202
0.005656;0.019220;-0.319932
-0.013498;-0.019087;-0.310355
-0.013498;0.000067;-0.195434
0.005656;0.019220;-0.051782
0.015232;0.019220;0.082294
0.015232;0.000067;0.197215
0.005656;0.019220;0.331290
-0.003921;0.009644;0.312137
-0.013498;0.000067;0.245099
0.005656;-0.028664;-0.003898
-0.013498;-0.009510;-0.118819
-0.003921;0.009644;-0.224164
-0.003921;-0.009510;-0.310355
-0.003921;0.028797;-0.300778
-0.032652;-0.009510;-0.243318
0.005656;-0.009510;-0.109242
0.005656;0.000067;0.139754
-0.003921;-0.009510;0.254676
0.005656;-0.019087;0.302560
-0.003921;0.000067;0.302560
-0.013498;0.000067;0.206792
0.015232;0.019220;0.082294
0.005656;0.019220;-0.051782
-0.003921;0.019220;-0.262471
0.015232;0.009644;-0.329509
0.024809;0.019220;-0.319932
-0.023075;-0.009510;-0.224164
-0.003921;0.000067;-0.099666
-0.003921;0.028797;0.072717
0.005656;0.009644;0.292983
-0.013498;0.009644;0.331290
0.005656;0.019220;0.312137
-0.013498;0.000067;0.264253
-0.003921;0.000067;0.043986
0.015232;0.000067;-0.070935
-0.013498;0.000067;-0.205010
-0.013498;0.000067;-0.319932
0.005656;-0.009510;-0.310355
-0.003921;-0.009510;-0.233741
0.005656;0.000067;-0.032628
-0.013498;0.000067;0.120601
-0.003921;0.009644;0.206792
0.024809;0.000067;0.283406
-0.003921;0.000067;0.292983
0.005656;-0.009510;0.225945
0.005656;0.000067;0.120601
-0.013498;-0.009510;-0.176280
-0.023075;-0.009510;-0.262471
0.005656;-0.019087;-0.319932
0.005656;-0.028664;-0.300778
-0.013498;-0.019087;-0.233741
-0.013498;0.000067;-0.109242
0.005656;0.000067;0.034410
0.015232;0.009644;0.254676
-0.003921;0.000067;0.302560
-0.003921;0.009644;0.331290
0.015232;0.009644;0.187638
-0.003921;-0.009510;0.053563
-0.003921;0.000067;-0.042205
-0.023075;-0.009510;-0.185857
-0.003921;-0.019087;-0.329509
-0.013498;-0.009510;-0.329509
-0.003921;-0.009510;-0.262471
-0.003921;-0.009510;-0.023051
-0.003921;0.009644;0.091870
-0.013498;0.000067;0.225945
0.015232;0.009644;0.292983
0.005656;0.019220;0.273829
-0.003921;0.000067;0.225945
-0.003921;-0.028664;0.149331
-0.013498;0.000067;-0.099666
-0.003921;-0.009510;-0.195434
0.005656;-0.009510;-0.291202
-0.013498;0.000067;-0.281625
0.005656;0.009644;-0.224164
0.005656;0.000067;-0.099666
-0.003921;0.009644;0.015256
0.005656;0.009644;0.235522
0.005656;-0.009510;0.302560
0.005656;-0.019087;0.340868
-0.013498;-0.009510;0.225945
-0.003921;0.009644;0.091870
-0.003921;-0.009510;-0.051782
0.005656;-0.028664;-0.262471
-0.013498;-0.009510;-0.339086
-0.013498;0.009644;-0.310355
0.005656;0.009644;-0.272048
-0.013498;-0.019087;-0.061358
-0.013498;-0.009510;0.043986
-0.003921;-0.009510;0.187638
0.005656;0.000067;0.312137
0.005656;0.009644;0.302560
-0.003921;-0.028664;0.292983
0.005656;-0.009510;0.053563
-0.003921;0.000067;-0.061358
-0.003921;-0.019087;-0.214587
-0.003921;0.009644;-0.310355
-0.013498;0.019220;-0.300778
-0.003921;-0.009510;-0.243318
-0.003921;-0.009510;-0.137973
-0.013498;-0.019087;0.101447
0.005656;-0.019087;0.216369
0.005656;-0.009510;0.302560
-0.013498;-0.019087;0.321713
0.005656;0.000067;0.206792
0.015232;0.009644;0.101447
0.024809;0.000067;-0.032628
0.005656;0.009644;-0.252894
-0.003921;-0.028664;-0.310355
-0.003921;0.009644;-0.310355
-0.013498;0.009644;-0.214587
-0.003921;0.019220;-0.090089
-0.003921;-0.009510;0.034410
0.005656;0.009644;0.178061
-0.003921;0.000067;0.321713
-0.003921;-0.038240;0.292983
0.005656;0.000067;0.283406
0.015232;0.000067;0.053563
-0.013498;-0.009510;-0.051782
-0.003921;0.000067;-0.176280
0.005656;0.000067;-0.252894
-0.013498;0.000067;-0.310355
-0.003921;-0.019087;-0.262471
0.005656;-0.009510;-0.166703
0.015232;0.019220;0.101447
0.005656;0.019220;0.187638
0.005656;0.009644;0.292983
0.005656;-0.009510;0.283406
-0.013498;-0.009510;0.254676
-0.003921;0.009644;0.149331
-0.013498;0.009644;0.005679
-0.003921;-0.009510;-0.233741
-0.013498;0.009644;-0.300778
0.005656;0.000067;-0.339086
0.005656;-0.009510;-0.214587
0.005656;0.019220;-0.070935
0.024809;-0.009510;-0.023051
-0.003921;0.000067;0.245099
0.005656;0.028797;0.312137
0.005656;0.019220;0.321713
0.005656;0.000067;0.292983
0.005656;0.009644;0.111024
0.005656;0.009644;-0.051782
-0.003921;0.000067;-0.166703
-0.003921;0.009644;-0.291202
0.005656;-0.009510;-0.319932
-0.003921;-0.028664;-0.272048
-0.023075;0.000067;-0.195434
0.005656;0.009644;0.082294
0.015232;-0.009510;0.168485
0.005656;-0.009510;0.283406
-0.013498;-0.019087;0.312137
-0.003921;-0.009510;0.254676
0.015232;0.000067;0.130177
-0.003921;0.000067;-0.099666
0.005656;0.000067;-0.195434
-0.003921;0.009644;-0.300778
0.015232;0.019220;-0.329509
-0.003921;-0.009510;-0.224164
-0.013498;-0.009510;-0.137973
0.015232;0.000067;-0.003898
-0.013498;0.009644;0.235522
-0.003921;0.009644;0.302560
0.005656;0.009644;0.302560
-0.003921;0.000067;0.292983
0.005656;0.000067;0.130177
-0.013498;0.038374;-0.032628
-0.003921;-0.009510;-0.157126
-0.003921;0.009644;-0.300778
-0.003921;0.000067;-0.310355
0.005656;0.000067;-0.272048
0.005656;0.000067;-0.070935
-0.003921;0.000067;0.043986
-0.013498;0.009644;0.149331
0.034386;0.009644;0.245099
0.005656;0.028797;0.312137
-0.003921;0.000067;0.254676
0.005656;0.009644;0.187638
-0.003921;-0.009510;-0.090089
-0.013498;0.009644;-0.176280
-0.003921;-0.009510;-0.262471
0.005656;0.038374;-0.310355
-0.003921;0.000067;-0.233741
-0.003921;0.009644;-0.147550
-0.032652;0.000067;-0.042205
-0.003921;0.019220;0.225945
0.005656;0.000067;0.321713
0.015232;0.009644;0.302560
0.015232;-0.009510;0.235522
-0.013498;0.019220;0.120601
0.005656;0.000067;-0.003898
0.005656;0.000067;-0.128396
-0.003921;-0.009510;-0.291202
-0.032652;-0.019087;-0.319932
-0.013498;-0.019087;-0.291202
0.005656;-0.019087;-0.080512
0.005656;0.000067;0.005679
-0.003921;0.009644;0.168485
0.015232;-0.009510;0.292983
-0.013498;-0.009510;0.302560
0.015232;0.000067;0.292983
0.005656;-0.009510;0.197215
-0.003921;-0.019087;-0.023051
0.005656;-0.009510;-0.157126
0.005656;-0.019087;-0.272048
0.005656;0.000067;-0.310355
0.005656;0.019220;-0.281625
0.005656;-0.009510;-0.176280
0.005656;-0.009510;0.072717
0.015232;0.000067;0.178061
0.005656;0.000067;0.273829
0.005656;0.000067;0.312137
-0.003921;0.009644;0.245099
-0.023075;-0.009510;0.158908
0.005656;-0.009510;0.053563
0.005656;0.000067;-0.195434
-0.013498;0.009644;-0.281625
0.005656;-0.009510;-0.310355
-0.013498;0.019220;-0.300778
0.005656;0.000067;-0.128396
-0.003921;0.000067;-0.003898
-0.013498;-0.009510;0.225945
0.005656;0.000067;0.292983
0.005656;0.009644;0.292983
-0.003921;-0.019087;0.292983
0.005656;-0.009510;0.111024
-0.003921;0.009644;-0.032628
-0.013498;0.000067;-0.176280
0.005656;0.009644;-0.252894
0.015232;-0.009510;-0.310355
-0.023075;-0.019087;-0.281625
-0.013498;-0.019087;-0.185857
-0.003921;-0.009510;0.024833
-0.003921;0.000067;0.178061
0.005656;-0.009510;0.264253
0.005656;-0.009510;0.321713
0.015232;-0.009510;0.273829
0.005656;0.009644;0.149331
0.005656;-0.019087;0.034410
-0.013498;-0.009510;-0.195434
-0.013498;0.009644;-0.272048
-0.003921;0.000067;-0.310355
-0.003921;0.000067;-0.243318
-0.003921;0.019220;-0.147550
-0.003921;0.000067;-0.013474
-0.003921;0.000067;0.091870
0.005656;0.000067;0.273829
0.005656;0.028797;0.321713
0.005656;0.028797;0.292983
0.015232;0.000067;0.120601
-0.003921;0.000067;-0.013474
-0.023075;0.009644;-0.118819
-0.003921;0.019220;-0.310355
-0.013498;0.000067;-0.319932
-0.003921;-0.019087;-0.262471
-0.003921;0.000067;-0.205010
0.005656;-0.009510;0.024833
-0.013498;-0.019087;0.139754
0.024809;-0.009510;0.264253
0.015232;0.000067;0.302560
0.005656;-0.009510;0.283406
-0.013498;-0.009510;0.178061
-0.003921;0.000067;0.053563
-0.013498;0.009644;-0.147550
-0.013498;-0.009510;-0.252894
-0.013498;0.009644;-0.300778
-0.003921;0.019220;-0.252894
-0.003921;0.009644;-0.185857
-0.003921;-0.009510;-0.032628
0.005656;0.000067;0.187638
-0.003921;0.028797;0.292983
0.015232;0.000067;0.312137
0.005656;0.009644;0.321713
0.005656;-0.009510;0.130177
0.005656;-0.009510;0.024833
-0.013498;0.000067;-0.118819
-0.013498;0.019220;-0.272048
-0.003921;0.019220;-0.319932
-0.003921;-0.019087;-0.300778
0.005656;0.019220;-0.128396
-0.003921;0.000067;-0.003898
0.005656;-0.019087;0.111024
0.005656;0.009644;0.235522
0.015232;-0.009510;0.292983
0.015232;0.009644;0.283406
0.015232;-0.009510;0.197215
0.024809;-0.009510;-0.032628
-0.023075;-0.009510;-0.137973
0.005656;0.019220;-0.252894
-0.013498;0.000067;-0.291202
-0.013498;0.019220;-0.272048
0.005656;0.000067;-0.185857
-0.003921;0.009644;-0.042205
0.015232;0.000067;0.197215
-0.003921;0.000067;0.273829
0.005656;0.019220;0.283406
0.005656;0.009644;0.245099
0.005656;0.019220;0.168485
0.015232;0.000067;0.024833
0.015232;-0.009510;-0.070935
-0.013498;0.000067;-0.262471
0.005656;0.009644;-0.281625
-0.003921;0.009644;-0.300778
0.005656;0.000067;-0.137973
0.005656;-0.009510;-0.032628
0.005656;0.000067;0.082294
0.005656;0.000067;0.273829
0.005656;-0.019087;0.292983
0.015232;0.009644;0.273829
-0.003921;-0.009510;0.111024
0.005656;0.009644;0.024833
-0.003921;0.000067;-0.109242
0.005656;0.000067;-0.214587
-0.013498;-0.028664;-0.310355
-0.023075;0.000067;-0.281625
-0.003921;-0.028664;-0.205010
-0.023075;-0.028664;-0.090089
-0.013498;0.000067;0.139754
-0.003921;-0.019087;0.235522
-0.003921;-0.019087;0.302560
-0.003921;-0.009510;0.273829
0.024809;0.028797;0.206792
-0.003921;0.000067;0.082294
0.015232;0.000067;-0.252894
0.005656;-0.019087;-0.310355
0.015232;0.000067;-0.281625
-0.003921;0.019220;-0.137973
0.015232;0.009644;-0.023051
0.005656;0.009644;0.063140
0.015232;0.009644;0.273829
0.005656;0.009644;0.302560
-0.003921;0.009644;0.283406
-0.003921;0.000067;0.245099
-0.023075;0.009644;0.043986
-0.003921;-0.019087;-0.109242
-0.003921;-0.019087;-0.224164
0.005656;-0.009510;-0.310355
-0.023075;-0.009510;-0.291202
-0.013498;-0.009510;-0.205010
0.005656;0.009644;0.005679
-0.023075;-0.009510;0.130177
0.024809;0.000067;0.187638
0.005656;0.009644;0.264253
0.005656;0.019220;0.273829
-0.003921;0.000067;0.197215
-0.013498;0.000067;0.091870
-0.003921;-0.019087;-0.157126
0.005656;0.000067;-0.252894
0.015232;0.000067;-0.272048
0.005656;0.009644;-0.300778
-0.013498;0.009644;-0.185857
0.015232;0.000067;-0.061358
-0.003921;0.000067;0.043986
0.015232;0.000067;0.264253
-0.013498;0.000067;0.312137
-0.003921;-0.009510;0.302560
-0.013498;0.000067;0.158908
-0.003921;-0.009510;0.043986
-0.013498;-0.019087;-0.090089
-0.003921;0.000067;-0.291202
-0.003921;0.000067;-0.300778
-0.032652;-0.009510;-0.224164
-0.003921;-0.019087;-0.032628
-0.013498;0.009644;0.091870
-0.003921;-0.019087;0.197215
-0.013498;0.000067;0.292983
0.005656;0.009644;0.273829
-0.003921;0.009644;0.197215
-0.013498;0.000067;0.101447
-0.013498;-0.019087;-0.109242
0.015232;-0.009510;-0.224164
0.005656;0.000067;-0.291202
0.005656;0.000067;-0.272048
0.005656;0.000067;-0.195434
-0.013498;0.009644;-0.090089
-0.013498;-0.009510;0.015256
0.005656;0.019220;0.245099
0.005656;0.019220;0.302560
0.005656;0.000067;0.312137
-0.003921;0.009644;0.197215
-0.003921;0.000067;0.053563
0.015232;0.000067;-0.032628
0.015232;0.000067;-0.243318
-0.003921;0.000067;-0.310355
-0.003921;-0.009510;-0.310355
-0.003921;-0.009510;-0.176280
0.034386;-0.009510;-0.051782
-0.003921;0.000067;0.101447
0.005656;-0.009510;0.197215
0.015232;-0.009510;0.292983
0.005656;0.000067;0.292983
-0.003921;0.000067;0.245099
-0.013498;-0.009510;0.024833
0.005656;0.000067;-0.099666
-0.003921;0.000067;-0.205010
0.005656;-0.019087;-0.300778
-0.003921;-0.009510;-0.281625
0.005656;0.000067;-0.214587
-0.003921;-0.009510;-0.109242
0.015232;0.009644;0.120601
0.015232;-0.009510;0.235522
0.005656;0.009644;0.283406
-0.003921;-0.009510;0.292983
0.005656;-0.009510;0.197215
0.005656;0.000067;0.072717
-0.003921;0.009644;-0.032628
-0.003921;0.000067;-0.252894
0.015232;0.009644;-0.281625
-0.013498;-0.009510;-0.310355
0.005656;0.000067;-0.166703
-0.003921;0.000067;-0.070935
0.005656;0.000067;0.053563
0.024809;-0.019087;0.187638
-0.003921;0.009644;0.273829
-0.003921;0.000067;0.292983
0.015232;-0.009510;0.235522
-0.003921;0.000067;0.034410
0.015232;-0.009510;-0.099666
0.005656;0.009644;-0.195434
0.005656;0.009644;-0.281625
0.005656;-0.009510;-0.272048
-0.003921;0.019220;-0.243318
0.005656;-0.009510;-0.128396
0.005656;0.000067;0.082294
0.005656;0.000067;0.216369
0.005656;0.000067;0.283406
0.005656;0.019220;0.283406
0.015232;0.000067;0.187638
0.015232;0.000067;0.120601
0.005656;0.009644;-0.013474
0.005656;0.019220;-0.233741
0.005656;0.000067;-0.300778
-0.013498;-0.028664;-0.310355
-0.003921;0.009644;-0.195434
-0.003921;-0.009510;-0.051782
-0.003921;0.000067;0.043986
-0.003921;0.009644;0.235522
0.005656;0.000067;0.292983
0.024809;-0.019087;0.283406
0.015232;0.028797;0.254676
0.005656;0.000067;0.043986
-0.003921;0.000067;-0.042205
0.005656;-0.009510;-0.166703
-0.023075;-0.028664;-0.281625
0.015232;0.009644;-0.300778
0.015232;-0.009510;-0.233741
-0.003921;0.038374;-0.013474
0.015232;0.019220;0.091870
-0.013498;-0.009510;0.197215
0.005656;-0.028664;0.235522
0.005656;0.009644;0.264253
0.015232;0.009644;0.206792
0.015232;0.000067;0.139754
-0.003921;-0.009510;-0.090089
0.005656;0.019220;-0.224164
-0.013498;-0.009510;-0.252894
-0.013498;0.019220;-0.281625
0.005656;0.000067;-0.195434
0.005656;0.000067;-0.080512
-0.003921;-0.019087;-0.003898
0.005656;-0.019087;0.225945
-0.013498;0.009644;0.283406
0.005656;0.009644;0.292983
0.005656;-0.009510;0.158908
0.015232;0.009644;0.091870
-0.003921;0.009644;-0.032628
-0.003921;0.000067;-0.252894
-0.013498;-0.009510;-0.291202
0.015232;-0.009510;-0.291202
-0.003921;-0.009510;-0.233741
-0.023075;0.009644;-0.032628
-0.003921;0.000067;0.063140
-0.013498;-0.009510;0.158908
0.015232;0.000067;0.302560
0.024809;0.000067;0.283406
-0.003921;0.019220;0.245099
0.005656;0.009644;0.120601
-0.013498;0.009644;-0.099666
-0.003921;0.000067;-0.195434
0.005656;0.019220;-0.300778
-0.003921;0.000067;-0.281625
-0.003921;0.000067;-0.224164
0.015232;0.028797;-0.118819
-0.013498;-0.009510;-0.003898
0.015232;-0.019087;0.178061
0.005656;0.028797;0.273829
0.015232;0.009644;0.302560
-0.003921;0.000067;0.187638
0.005656;0.009644;0.101447
-0.013498;0.019220;-0.032628
0.015232;0.000067;-0.214587
-0.003921;-0.019087;-0.272048
0.005656;0.000067;-0.319932
0.015232;0.000067;-0.272048
-0.023075;-0.019087;-0.090089
0.005656;-0.019087;0.034410
0.015232;-0.038240;0.235522
-0.003921;0.009644;0.283406
0.015232;0.000067;0.283406
0.015232;0.000067;0.225945
-0.013498;0.000067;0.149331
0.015232;-0.028664;-0.099666
0.024809;0.000067;-0.205010
-0.003921;0.000067;-0.272048
-0.013498;0.000067;-0.300778
-0.013498;-0.009510;-0.233741
0.005656;-0.019087;-0.128396
-0.003921;-0.009510;0.101447
0.015232;0.000067;0.216369
0.005656;-0.019087;0.245099
0.005656;0.019220;0.302560
0.005656;0.019220;0.206792
0.005656;0.009644;0.130177
-0.003921;0.000067;0.005679
0.005656;-0.019087;-0.205010
0.005656;0.019220;-0.281625
-0.013498;0.019220;-0.300778
-0.013498;0.000067;-0.252894
0.015232;0.009644;-0.118819
0.005656;-0.009510;0.005679
-0.003921;0.000067;0.120601
0.024809;-0.019087;0.273829
0.015232;0.000067;0.302560
0.024809;0.000067;0.245099
0.015232;-0.009510;0.072717
-0.003921;0.009644;-0.051782
0.005656;-0.009510;-0.166703
0.005656;-0.019087;-0.233741
0.005656;0.009644;-0.281625
0.005656;0.009644;-0.243318
0.005656;-0.028664;-0.157126
-0.003921;0.000067;0.063140
-0.003921;-0.019087;0.130177
0.005656;-0.019087;0.254676
0.015232;0.019220;0.283406
-0.013498;-0.009510;0.235522
-0.013498;0.000067;0.149331
-0.003921;-0.019087;-0.090089
-0.003921;0.009644;-0.195434
0.005656;0.009644;-0.281625
-0.032652;0.000067;-0.300778
-0.013498;-0.009510;-0.214587
0.005656;0.000067;-0.099666
-0.003921;-0.009510;0.005679
0.024809;0.009644;0.197215
0.005656;-0.009510;0.254676
0.005656;-0.028664;0.283406
-0.003921;-0.019087;0.264253
-0.003921;-0.009510;0.091870
-0.003921;0.028797;-0.023051
0.015232;0.009644;-0.137973
-0.003921;0.019220;-0.291202
-0.013498;-0.009510;-0.300778
-0.003921;-0.019087;-0.233741
-0.003921;-0.009510;-0.166703
-0.003921;0.000067;0.034410
-0.013498;0.009644;0.158908
0.005656;-0.009510;0.235522
-0.003921;0.019220;0.273829
-0.013498;0.000067;0.235522
-0.013498;0.009644;0.149331
-0.003921;0.000067;-0.061358
0.015232;0.009644;-0.185857
0.005656;0.000067;-0.233741
-0.003921;0.009644;-0.310355
0.015232;0.000067;-0.224164
-0.013498;-0.028664;-0.109242
0.005656;0.000067;-0.051782
-0.003921;0.000067;0.187638
-0.013498;-0.009510;0.273829
0.015232;0.000067;0.264253
0.005656;0.028797;0.254676
0.005656;0.019220;0.120601
-0.003921;0.000067;-0.013474
0.015232;-0.009510;-0.128396
-0.013498;0.019220;-0.291202
0.005656;-0.009510;-0.291202
0.005656;0.009644;-0.281625
0.024809;-0.019087;-0.109242
-0.013498;-0.019087;0.005679
0.005656;0.000067;0.111024
0.015232;0.000067;0.235522
-0.003921;0.000067;0.292983
0.024809;0.000067;0.254676
-0.003921;0.000067;0.187638
-0.013498;-0.009510;-0.042205
-0.003921;0.028797;-0.176280
-0.003921;0.000067;-0.243318
-0.003921;0.009644;-0.281625
-0.013498;0.000067;-0.224164
0.005656;-0.028664;-0.185857
-0.013498;0.000067;-0.070935
0.015232;0.009644;0.178061
-0.003921;0.009644;0.235522
0.005656;0.000067;0.283406
-0.013498;0.028797;0.235522
0.005656;0.000067;0.139754
0.005656;0.000067;-0.013474
-0.013498;-0.019087;-0.185857
0.005656;-0.019087;-0.281625
-0.003921;-0.019087;-0.310355
0.005656;0.009644;-0.262471
-0.003921;0.009644;-0.118819
-0.013498;0.009644;0.005679
-0.013498;0.000067;0.139754
0.005656;0.019220;0.254676
0.005656;0.000067;0.273829
0.015232;0.000067;0.254676
-0.003921;-0.019087;0.187638
-0.003921;-0.019087;-0.013474
0.005656;-0.009510;-0.137973
0.034386;-0.019087;-0.214587
-0.003921;-0.019087;-0.310355
0.015232;0.019220;-0.252894
-0.003921;0.009644;-0.185857
0.005656;0.000067;-0.080512
0.005656;0.009644;0.149331
0.005656;-0.009510;0.235522
0.015232;-0.009510;0.254676
0.015232;0.019220;0.245099
-0.003921;0.000067;0.149331
0.005656;-0.019087;0.043986
0.015232;0.000067;-0.195434
-0.032652;0.000067;-0.272048
0.005656;0.009644;-0.281625
-0.013498;-0.019087;-0.272048
0.005656;0.000067;-0.128396
0.005656;0.000067;-0.042205
0.005656;0.000067;0.091870
-0.003921;0.028797;0.273829
-0.013498;-0.009510;0.283406
0.015232;-0.009510;0.264253
-0.003921;-0.009510;0.120601
0.015232;0.000067;0.005679
-0.013498;0.000067;-0.205010
-0.003921;0.000067;-0.262471
0.005656;0.009644;-0.281625
-0.003921;0.000067;-0.300778
-0.003921;0.000067;-0.205010
-0.013498;0.000067;0.034410
-0.013498;0.000067;0.139754
-0.003921;0.000067;0.225945
0.005656;-0.009510;0.302560
0.005656;0.000067;0.235522
-0.013498;0.000067;0.158908
-0.003921;-0.009510;0.063140
-0.003921;0.000067;-0.157126
0.005656;0.000067;-0.243318
-0.003921;-0.019087;-0.291202
-0.013498;0.009644;-0.233741
-0.003921;-0.009510;-0.137973
-0.003921;-0.009510;-0.042205
0.015232;-0.009510;0.187638
-0.032652;-0.009510;0.245099
0.015232;-0.009510;0.283406
-0.003921;-0.019087;0.292983
0.005656;0.009644;0.120601
-0.003921;-0.019087;0.005679
0.005656;0.000067;-0.090089
-0.003921;0.009644;-0.272048
-0.023075;-0.019087;-0.281625
-0.023075;0.000067;-0.291202
0.005656;0.009644;-0.195434
0.015232;0.009644;0.005679
-0.003921;0.009644;0.273829
0.005656;-0.009510;0.264253
0.005656;0.000067;0.225945
-0.003921;0.019220;0.178061
0.005656;0.000067;-0.023051
0.015232;-0.019087;-0.137973
-0.013498;0.000067;-0.205010
-0.013498;0.000067;-0.252894
-0.013498;0.009644;-0.147550
-0.013498;0.009644;0.187638
0.024809;0.019220;0.235522
-0.013498;0.000067;0.283406
0.015232;0.000067;0.264253
-0.003921;0.009644;0.178061
-0.013498;0.000067;0.053563
-0.013498;-0.009510;-0.070935
0.005656;-0.009510;-0.243318
0.005656;-0.009510;-0.291202
-0.013498;0.009644;-0.195434
0.005656;0.009644;0.063140
-0.003921;-0.009510;0.216369
-0.023075;0.019220;0.292983
-0.003921;-0.028664;0.245099
0.005656;0.009644;0.197215
0.015232;0.028797;-0.023051
-0.003921;-0.009510;-0.099666
-0.003921;0.009644;-0.185857
-0.003921;0.000067;-0.272048
-0.013498;0.009644;-0.262471
0.015232;-0.009510;-0.176280
-0.013498;0.019220;-0.080512
0.005656;0.000067;0.149331
0.015232;0.000067;0.206792
-0.013498;0.009644;0.292983
-0.003921;0.000067;0.235522
0.005656;0.000067;0.158908
0.024809;0.000067;0.053563
-0.013498;0.009644;-0.051782
-0.013498;-0.019087;-0.233741
-0.003921;-0.009510;-0.262471
0.005656;-0.009510;-0.166703
0.015232;0.000067;-0.042205
0.015232;-0.009510;0.197215
0.015232;-0.009510;0.235522
-0.003921;0.009644;0.206792
0.005656;0.000067;-0.003898
-0.003921;0.000067;-0.080512
-0.003921;-0.019087;-0.262471
0.005656;-0.009510;-0.252894
-0.003921;0.000067;-0.195434
-0.013498;0.000067;-0.080512
0.005656;0.028797;0.139754
0.005656;0.028797;0.216369
0.024809;-0.009510;0.264253
0.024809;0.009644;0.235522
0.015232;-0.009510;0.197215
0.024809;0.019220;0.082294
0.005656;0.009644;-0.051782
0.005656;0.009644;-0.224164
0.005656;0.000067;-0.262471
0.005656;0.000067;-0.272048
-0.003921;0.009644;-0.137973
0.005656;0.000067;-0.051782
-0.003921;0.009644;0.063140
-0.003921;-0.009510;0.273829
0.015232;-0.009510;0.273829
0.005656;0.000067;0.225945
0.005656;-0.009510;0.034410
-0.003921;0.000067;-0.070935
-0.003921;0.028797;-0.185857
0.005656;0.000067;-0.272048
-0.003921;-0.009510;-0.252894
0.015232;0.000067;-0.205010
0.005656;0.000067;-0.013474
0.005656;0.000067;0.111024
0.005656;-0.009510;0.264253
-0.003921;-0.009510;0.197215
0.005656;-0.009510;-0.118819
0.005656;-0.009510;-0.195434
-0.013498;-0.019087;-0.281625
0.005656;-0.009510;-0.166703
-0.003921;0.009644;-0.061358
0.015232;0.000067;0.024833
-0.013498;0.009644;0.245099
0.005656;-0.009510;0.235522
0.005656;-0.019087;0.292983
0.024809;0.009644;0.168485
0.005656;-0.009510;0.053563
0.005656;0.000067;-0.051782
-0.013498;0.000067;-0.176280
-0.013498;0.019220;-0.262471
0.005656;0.000067;-0.272048
-0.013498;0.000067;-0.205010
-0.003921;-0.009510;-0.032628
-0.003921;0.019220;0.063140
-0.013498;0.000067;0.197215
0.024809;0.019220;0.264253
0.034386;0.000067;0.264253
0.005656;0.000067;0.197215
-0.003921;0.009644;0.101447
-0.003921;0.019220;-0.099666
-0.003921;0.009644;-0.224164
-0.013498;-0.009510;-0.272048
-0.003921;-0.009510;-0.243318
-0.003921;-0.028664;-0.185857
-0.013498;0.009644;-0.080512
-0.003921;-0.019087;-0.003898
-0.023075;-0.009510;0.225945
0.034386;0.009644;0.273829
0.005656;0.009644;0.292983
0.005656;0.000067;0.178061
0.005656;0.028797;0.053563
0.015232;-0.009510;-0.042205
-0.003921;0.009644;-0.272048
-0.003921;-0.009510;-0.272048
0.005656;-0.009510;-0.272048
-0.003921;-0.019087;-0.243318
0.015232;0.009644;-0.032628
-0.003921;0.009644;0.063140
-0.003921;0.000067;0.168485
0.005656;0.009644;0.273829
0.015232;0.000067;0.273829
0.005656;-0.009510;0.168485
-0.003921;0.000067;0.034410
-0.023075;0.019220;-0.070935
0.005656;0.019220;-0.185857
-0.013498;0.009644;-0.262471
-0.003921;0.009644;-0.243318
0.005656;-0.009510;-0.205010
0.015232;0.009644;-0.099666
-0.003921;0.009644;0.120601
0.015232;0.000067;0.197215
0.005656;-0.009510;0.235522
0.005656;-0.009510;0.254676
-0.003921;-0.009510;0.178061
0.005656;0.009644;0.091870
-0.013498;0.000067;-0.032628
-0.013498;0.000067;-0.233741
-0.003921;0.009644;-0.272048
0.005656;0.000067;-0.252894
-0.023075;-0.019087;-0.176280
-0.003921;0.009644;-0.061358
-0.003921;0.000067;0.034410
-0.003921;0.000067;0.139754
-0.003921;-0.009510;0.264253
0.015232;0.019220;0.273829
-0.003921;0.009644;0.216369
0.005656;0.009644;0.063140
-0.013498;0.000067;-0.070935
-0.003921;0.009644;-0.185857
0.005656;0.019220;-0.243318
-0.003921;0.009644;-0.252894
-0.003921;0.000067;-0.205010
-0.003921;0.000067;-0.128396
0.015232;0.009644;0.053563
-0.003921;-0.009510;0.206792
0.005656;0.009644;0.235522
0.015232;0.000067;0.254676
-0.003921;-0.009510;0.187638
0.005656;0.038374;0.130177
-0.023075;0.009644;0.005679
0.005656;-0.019087;-0.176280
0.005656;0.000067;-0.252894
-0.003921;-0.009510;-0.281625
0.005656;-0.009510;-0.195434
-0.003921;-0.019087;-0.080512
0.005656;0.000067;0.024833
-0.003921;0.009644;0.206792
0.005656;-0.009510;0.264253
-0.003921;-0.009510;0.273829
0.005656;-0.019087;0.206792
-0.003921;0.000067;0.043986
0.005656;0.000067;-0.042205
-0.003921;0.000067;-0.137973
-0.013498;-0.009510;-0.272048
-0.003921;-0.009510;-0.262471
-0.013498;0.009644;-0.214587
0.005656;0.000067;-0.166703
-0.023075;0.009644;0.063140
-0.013498;0.028797;0.178061
0.015232;0.000067;0.254676
-0.003921;0.009644;0.273829
0.024809;0.009644;0.216369
-0.003921;0.009644;0.120601
-0.013498;0.009644;-0.090089
0.005656;0.000067;-0.176280
-0.023075;0.000067;-0.243318
-0.013498;-0.009510;-0.272048
-0.003921;0.000067;-0.195434
0.015232;-0.019087;-0.070935
-0.003921;0.000067;0.015256
0.015232;0.000067;0.187638
0.005656;0.009644;0.283406
-0.003921;-0.019087;0.254676
0.015232;0.009644;0.187638
0.015232;-0.009510;0.082294
-0.003921;0.009644;-0.061358
-0.003921;-0.028664;-0.118819
-0.013498;-0.009510;-0.272048
0.005656;0.000067;-0.252894
-0.023075;0.000067;-0.224164
0.024809;0.009644;-0.061358
-0.003921;0.000067;0.034410
0.005656;0.009644;0.158908
0.005656;0.019220;0.245099
0.005656;-0.009510;0.312137
0.005656;0.009644;0.216369
-0.003921;-0.009510;0.139754
-0.003921;0.009644;-0.080512
0.005656;-0.009510;-0.137973
-0.013498;0.019220;-0.224164
-0.013498;0.009644;-0.291202
0.005656;0.000067;-0.224164
0.005656;-0.009510;-0.118819
0.005656;0.000067;-0.003898
-0.003921;0.009644;0.187638
0.005656;-0.009510;0.225945
0.024809;0.019220;0.273829
-0.013498;-0.009510;0.187638
-0.003921;0.000067;0.091870
-0.023075;-0.009510;-0.003898
-0.003921;-0.038240;-0.099666
-0.003921;-0.019087;-0.262471
-0.003921;0.000067;-0.272048
-0.013498;0.000067;-0.214587
0.005656;0.019220;-0.099666
0.015232;0.000067;0.024833
0.005656;0.000067;0.139754
0.005656;0.009644;0.273829
-0.003921;0.009644;0.283406
0.005656;-0.009510;0.225945
-0.013498;-0.009510;0.149331
-0.003921;0.009644;-0.032628
0.015232;0.000067;-0.128396
-0.003921;0.009644;-0.205010
0.005656;0.028797;-0.281625
-0.023075;0.000067;-0.214587
0.005656;0.000067;-0.147550
-0.013498;0.000067;0.082294
-0.003921;-0.009510;0.158908
-0.013498;0.000067;0.245099
-0.003921;0.000067;0.245099
0.005656;-0.009510;0.187638
0.005656;0.009644;0.111024
0.015232;-0.009510;0.024833
-0.023075;-0.009510;-0.195434
-0.013498;-0.009510;-0.233741
-0.023075;0.009644;-0.262471
-0.023075;-0.009510;-0.243318
0.015232;0.000067;-0.090089
-0.003921;0.009644;-0.003898
0.005656;0.009644;0.130177
-0.003921;-0.028664;0.245099
0.005656;0.038374;0.273829
-0.013498;0.000067;0.235522
0.005656;0.009644;0.072717
-0.013498;0.000067;-0.032628
-0.003921;0.000067;-0.147550
-0.032652;-0.009510;-0.205010
-0.003921;-0.009510;-0.262471
-0.003921;0.000067;-0.233741
-0.003921;0.009644;-0.147550
-0.013498;-0.009510;0.043986
-0.013498;0.000067;0.158908
0.015232;0.009644;0.225945
0.015232;-0.019087;0.264253
-0.003921;-0.009510;0.216369
-0.013498;-0.019087;0.120601
-0.013498;0.019220;0.024833
-0.003921;-0.019087;-0.176280
-0.003921;0.019220;-0.233741
0.005656;-0.009510;-0.233741
-0.003921;0.000067;0.015256
-0.013498;0.000067;0.082294
-0.003921;0.000067;0.254676
0.005656;0.038374;0.264253
-0.003921;0.000067;0.235522
0.015232;0.009644;0.111024
0.005656;-0.019087;0.015256
0.015232;0.009644;-0.109242
-0.003921;0.009644;-0.272048
-0.003921;0.000067;-0.281625
-0.013498;-0.019087;-0.185857
-0.003921;0.009644;0.034410
0.005656;0.000067;0.158908
-0.003921;-0.009510;0.206792
-0.003921;0.038374;0.264253
0.005656;0.019220;0.235522
-0.003921;0.009644;0.149331
-0.013498;0.009644;0.072717
-0.003921;-0.019087;-0.166703
-0.013498;0.019220;-0.214587
-0.003921;0.000067;-0.272048
0.015232;-0.009510;-0.195434
-0.013498;0.000067;-0.147550
-0.023075;0.009644;-0.032628
0.024809;-0.028664;0.168485
-0.023075;0.009644;0.206792
-0.003921;0.028797;0.273829
-0.003921;-0.009510;0.225945
-0.003921;0.009644;0.111024
-0.013498;0.019220;0.005679
0.005656;0.019220;-0.090089
0.015232;0.000067;-0.252894
-0.003921;0.009644;-0.272048
-0.013498;0.019220;-0.252894
-0.003921;-0.009510;-0.080512
0.024809;0.019220;0.015256
0.005656;-0.019087;0.111024
-0.003921;-0.009510;0.178061
0.005656;0.000067;0.245099
-0.013498;-0.009510;0.245099
0.005656;-0.009510;0.178061
0.005656;-0.009510;-0.013474
-0.013498;-0.009510;-0.137973
0.005656;0.000067;-0.224164
-0.003921;0.009644;-0.243318
0.005656;-0.019087;-0.224164
-0.013498;0.000067;-0.166703
0.015232;0.000067;-0.042205
-0.013498;0.028797;0.158908
-0.003921;0.019220;0.254676
0.015232;0.009644;0.245099
-0.013498;-0.019087;0.235522
-0.003921;-0.009510;0.130177
0.005656;-0.028664;0.024833
-0.013498;-0.009510;-0.061358
-0.003921;-0.009510;-0.214587
-0.003921;-0.019087;-0.243318
-0.003921;0.000067;-0.262471
-0.013498;0.000067;-0.099666
-0.023075;-0.009510;0.015256
-0.013498;-0.009510;0.101447
0.015232;0.009644;0.187638
0.015232;0.000067;0.264253
0.015232;0.000067;0.168485
0.015232;0.000067;0.168485
0.015232;0.000067;-0.023051
0.015232;0.028797;-0.137973
-0.003921;-0.009510;-0.214587
-0.003921;0.000067;-0.233741
-0.003921;-0.009510;-0.224164
-0.013498;0.009644;-0.166703
0.015232;0.000067;-0.090089
-0.003921;0.009644;0.139754
0.005656;0.019220;0.235522
0.005656;0.009644;0.264253
-0.003921;-0.009510;0.235522
0.005656;0.009644;0.158908
-0.013498;0.009644;0.043986
-0.003921;-0.009510;-0.166703
0.005656;-0.009510;-0.205010
-0.023075;0.019220;-0.233741
-0.003921;0.000067;-0.272048
-0.003921;0.000067;-0.128396
-0.003921;-0.019087;-0.023051
-0.013498;-0.009510;0.091870
-0.013498;0.000067;0.225945
0.024809;-0.019087;0.283406
0.005656;0.000067;0.245099
0.005656;0.000067;0.206792
-0.003921;0.009644;-0.003898
0.015232;-0.009510;-0.099666
-0.003921;0.000067;-0.224164
-0.003921;0.000067;-0.262471
-0.013498;0.000067;-0.252894
0.005656;-0.019087;-0.166703
0.015232;-0.009510;-0.003898
0.024809;0.019220;0.120601
-0.003921;0.019220;0.216369
-0.003921;0.028797;0.235522
0.015232;0.009644;0.235522
-0.003921;0.009644;0.158908
0.005656;0.000067;0.063140
0.005656;0.009644;-0.118819
0.005656;0.000067;-0.195434
-0.003921;0.000067;-0.233741
-0.013498;-0.019087;-0.224164
0.015232;0.019220;-0.157126
-0.003921;0.009644;-0.042205
-0.003921;0.009644;0.168485
0.024809;0.019220;0.235522
0.005656;-0.009510;0.273829
0.005656;0.009644;0.254676
0.015232;0.000067;0.139754
-0.013498;-0.009510;0.024833
-0.023075;0.000067;-0.061358
-0.003921;-0.009510;-0.176280
0.005656;0.009644;-0.252894
0.005656;0.019220;-0.185857
-0.013498;0.019220;-0.023051
0.005656;0.009644;0.091870
0.015232;0.009644;0.168485
0.015232;-0.009510;0.225945
0.005656;-0.009510;0.235522
-0.013498;0.028797;0.158908
-0.003921;0.000067;0.082294
0.005656;0.000067;-0.099666
-0.003921;0.000067;-0.205010
-0.013498;-0.009510;-0.252894
-0.003921;0.000067;-0.214587
-0.003921;0.009644;-0.147550
0.024809;0.000067;-0.061358
0.005656;-0.009510;0.139754
0.005656;0.009644;0.197215
0.005656;-0.019087;0.245099
0.015232;-0.009510;0.245099
-0.013498;0.000067;0.130177
-0.003921;0.019220;0.043986
-0.003921;-0.019087;-0.080512
0.005656;0.000067;-0.214587
0.005656;0.000067;-0.252894
-0.003921;-0.009510;-0.252894
-0.013498;0.000067;-0.195434
-0.003921;0.009644;-0.042205
-0.003921;0.000067;0.072717
0.005656;0.009644;0.178061
-0.003921;0.019220;0.245099
-0.032652;0.028797;0.235522
0.015232;0.009644;0.178061
0.005656;-0.009510;-0.003898
0.005656;0.019220;-0.090089
-0.003921;0.000067;-0.185857
-0.003921;0.000067;-0.243318
-0.013498;-0.009510;-0.233741
0.015232;0.019220;-0.157126
-0.013498;0.009644;-0.080512
0.015232;0.009644;0.120601
0.015232;0.000067;0.187638
0.005656;-0.009510;0.235522
0.005656;0.009644;0.264253
0.005656;0.009644;0.149331
0.005656;-0.019087;0.043986
-0.003921;0.009644;-0.032628
0.005656;-0.019087;-0.205010
-0.013498;0.009644;-0.243318
0.005656;0.019220;-0.252894
0.005656;0.000067;-0.137973
0.015232;-0.019087;-0.051782
-0.013498;0.000067;0.063140
0.005656;-0.019087;0.158908
0.005656;-0.009510;0.245099
0.005656;-0.009510;0.225945
0.005656;0.000067;0.206792
0.005656;0.009644;-0.003898
-0.013498;-0.009510;-0.080512
-0.023075;0.009644;-0.176280
-0.013498;0.000067;-0.262471
-0.023075;-0.009510;-0.233741
-0.013498;-0.009510;-0.176280
-0.003921;0.000067;-0.109242
0.005656;0.009644;0.111024
-0.013498;0.009644;0.168485
0.005656;0.000067;0.206792
0.005656;0.019220;0.235522
0.005656;0.000067;0.158908
0.015232;0.009644;0.091870
-0.013498;-0.019087;-0.013474
0.015232;0.000067;-0.214587
0.005656;-0.009510;-0.243318
0.005656;0.019220;-0.272048
-0.003921;0.028797;-0.137973
0.015232;-0.019087;-0.070935
0.005656;-0.009510;0.043986
0.015232;0.019220;0.187638
-0.023075;0.009644;0.245099
-0.013498;0.009644;0.254676
-0.003921;0.000067;0.216369
-0.023075;0.000067;0.043986
-0.003921;-0.009510;-0.042205
-0.013498;-0.019087;-0.176280
-0.003921;0.019220;-0.243318
-0.003921;0.019220;-0.262471
0.005656;0.009644;-0.205010
-0.003921;0.000067;-0.013474
0.015232;0.000067;0.082294
0.005656;0.000067;0.178061
-0.003921;0.000067;0.235522
0.005656;0.009644;0.235522
-0.013498;0.009644;0.178061
0.005656;0.009644;0.111024
0.005656;0.000067;-0.090089
0.005656;0.000067;-0.166703
-0.013498;0.009644;-0.252894
0.005656;0.019220;-0.243318
-0.003921;-0.019087;-0.166703
-0.003921;-0.019087;-0.070935
0.005656;-0.009510;0.024833
-0.013498;-0.019087;0.178061
0.024809;0.009644;0.225945
0.005656;-0.009510;0.245099
0.005656;0.038374;0.130177
-0.013498;-0.009510;0.082294
-0.003921;0.009644;-0.051782
0.005656;0.000067;-0.137973
0.005656;-0.009510;-0.262471
-0.003921;-0.009510;-0.252894
0.005656;-0.019087;-0.185857
0.005656;0.000067;-0.070935
0.005656;0.019220;0.063140
-0.013498;0.038374;0.197215
-0.013498;0.009644;0.235522
0.005656;-0.009510;0.245099
0.005656;0.009644;0.187638
0.005656;-0.009510;-0.003898
0.005656;0.000067;-0.090089
-0.003921;0.000067;-0.166703
-0.003921;-0.009510;-0.252894
-0.003921;0.000067;-0.176280
-0.013498;0.019220;-0.090089
0.015232;0.019220;0.091870
0.015232;-0.019087;0.197215
0.024809;0.000067;0.235522
0.005656;-0.019087;0.225945
-0.003921;0.000067;0.149331
0.005656;0.000067;0.082294
-0.003921;-0.009510;-0.003898
-0.003921;0.009644;-0.205010
-0.023075;0.009644;-0.252894
-0.013498;-0.009510;-0.272048
-0.023075;0.019220;-0.243318
0.015232;0.019220;-0.042205
-0.013498;0.000067;0.053563
0.005656;0.009644;0.149331
-0.013498;-0.019087;0.273829
-0.003921;0.000067;0.264253
0.005656;0.009644;0.206792
0.015232;0.000067;0.130177
0.005656;0.000067;-0.080512
-0.013498;0.000067;-0.166703
-0.023075;0.000067;-0.243318
0.015232;0.000067;-0.233741
-0.013498;0.019220;-0.185857
0.005656;0.000067;-0.118819
0.005656;0.000067;0.082294
-0.003921;0.009644;0.187638
-0.013498;-0.009510;0.254676
-0.013498;-0.009510;0.254676
-0.013498;0.009644;0.178061
0.015232;0.000067;0.101447
0.005656;0.000067;-0.023051
-0.013498;0.009644;-0.166703
-0.013498;0.019220;-0.243318
0.015232;0.028797;-0.291202
0.005656;0.000067;-0.233741
0.005656;-0.009510;-0.061358
-0.013498;-0.019087;0.015256
-0.003921;0.000067;0.149331
0.005656;0.000067;0.235522
-0.003921;0.000067;0.245099
0.005656;0.009644;0.187638
0.015232;-0.009510;0.043986
-0.003921;0.000067;-0.042205
-0.003921;0.000067;-0.176280
-0.013498;0.019220;-0.224164
-0.013498;0.019220;-0.262471
-0.003921;0.019220;-0.185857
0.015232;0.019220;-0.109242
-0.003921;0.000067;0.082294
0.005656;-0.009510;0.158908
0.015232;0.019220;0.225945
0.005656;0.000067;0.216369
0.005656;0.009644;0.178061
0.005656;0.009644;0.101447
-0.003921;0.000067;-0.003898
0.005656;-0.009510;-0.176280
0.005656;0.009644;-0.214587
-0.003921;0.000067;-0.262471
-0.013498;0.000067;-0.166703
-0.013498;0.000067;-0.080512
-0.003921;-0.009510;0.015256
-0.003921;0.000067;0.225945
0.005656;0.000067;0.235522
0.005656;0.000067;0.206792
0.015232;0.009644;0.082294
0.015232;0.000067;-0.157126
-0.003921;0.000067;-0.243318
-0.003921;0.019220;-0.243318
0.005656;0.009644;-0.205010
0.005656;-0.009510;-0.137973
-0.003921;-0.009510;0.063140
0.005656;-0.019087;0.149331
0.005656;0.019220;0.225945
-0.003921;-0.009510;0.178061
-0.003921;0.000067;0.120601
-0.013498;0.000067;-0.070935
-0.013498;0.009644;-0.157126
0.005656;0.000067;-0.214587
-0.003921;0.000067;-0.281625
-0.003921;0.000067;-0.185857
0.005656;-0.009510;-0.109242
-0.003921;0.000067;-0.003898
-0.003921;-0.009510;0.178061
0.005656;0.009644;0.245099
-0.003921;0.019220;0.254676
-0.003921;0.028797;0.235522
-0.013498;0.009644;0.082294
0.005656;0.019220;-0.042205
-0.003921;0.000067;-0.090089
0.005656;0.019220;-0.224164
0.015232;0.000067;-0.272048
0.005656;0.000067;-0.243318
-0.003921;0.009644;-0.070935
0.005656;0.000067;0.024833
-0.003921;0.000067;0.111024
-0.003921;0.009644;0.187638
-0.003921;0.000067;0.206792
-0.003921;0.000067;0.225945
-0.013498;0.000067;0.120601
0.005656;-0.028664;-0.070935
0.005656;0.009644;-0.137973
-0.013498;-0.009510;-0.195434
-0.013498;-0.009510;-0.243318
-0.023075;-0.009510;-0.185857
-0.003921;-0.009510;-0.128396
0.005656;0.009644;-0.013474
-0.003921;-0.009510;0.168485
-0.003921;0.019220;0.216369
0.005656;0.000067;0.235522
-0.003921;0.009644;0.197215
-0.003921;-0.009510;0.091870
0.024809;0.009644;0.005679
-0.003921;0.019220;-0.176280
-0.013498;0.009644;-0.224164
-0.003921;0.009644;-0.272048
-0.003921;0.019220;-0.224164
-0.013498;-0.019087;-0.070935
-0.023075;0.009644;0.005679
-0.013498;0.009644;0.111024
0.005656;0.000067;0.178061
0.015232;0.000067;0.225945
0.005656;0.019220;0.206792
-0.003921;0.009644;0.149331
-0.013498;0.000067;-0.032628
-0.003921;0.019220;-0.128396
-0.023075;0.009644;-0.214587
-0.003921;-0.028664;-0.224164
-0.023075;0.009644;-0.224164
-0.013498;-0.009510;-0.176280
-0.003921;0.000067;-0.051782
0.005656;0.019220;0.139754
-0.003921;-0.009510;0.206792
0.005656;-0.009510;0.254676
-0.003921;0.019220;0.225945
0.015232;0.009644;0.158908
0.015232;0.000067;0.053563
-0.023075;0.009644;-0.185857
-0.003921;0.000067;-0.243318
0.015232;0.000067;-0.252894
-0.003921;0.009644;-0.224164
0.015232;0.000067;-0.099666
0.005656;0.000067;-0.003898
-0.013498;-0.009510;0.101447
0.005656;-0.019087;0.225945
0.015232;-0.019087;0.283406
0.005656;0.000067;0.225945
0.015232;0.000067;0.130177
0.005656;0.000067;-0.003898
0.005656;0.000067;-0.118819
-0.003921;-0.019087;-0.195434
-0.003921;0.000067;-0.262471
0.005656;0.000067;-0.195434
-0.003921;0.000067;-0.137973
-0.003921;0.000067;0.043986
-0.003921;0.019220;0.130177
0.015232;0.000067;0.187638
-0.003921;0.019220;0.225945
0.015232;0.000067;0.197215
0.015232;-0.009510;0.139754
-0.003921;0.000067;0.015256
-0.003921;0.009644;-0.157126
-0.003921;0.000067;-0.224164
-0.013498;-0.009510;-0.243318
-0.003921;-0.019087;-0.195434
0.005656;0.000067;-0.099666
0.005656;0.000067;-0.042205
-0.023075;0.009644;0.091870
0.005656;0.009644;0.245099
-0.013498;0.019220;0.254676
-0.003921;0.009644;0.235522
0.005656;0.009644;0.091870
0.015232;0.000067;-0.013474
0.005656;-0.009510;-0.109242
-0.003921;0.019220;-0.195434
0.005656;0.000067;-0.252894
-0.003921;0.028797;-0.205010
0.005656;0.009644;-0.090089
0.015232;-0.009510;0.015256
-0.013498;-0.019087;0.111024
0.015232;0.000067;0.178061
-0.003921;0.000067;0.225945
-0.003921;0.019220;0.206792
-0.003921;0.000067;0.158908
0.005656;0.000067;0.053563
-0.013498;-0.019087;-0.137973
-0.003921;-0.009510;-0.195434
-0.013498;0.009644;-0.252894
-0.003921;-0.009510;-0.185857
-0.003921;0.000067;-0.118819
-0.003921;0.009644;-0.013474
-0.013498;-0.009510;0.149331
-0.013498;0.000067;0.197215
0.005656;-0.019087;0.235522
-0.003921;0.019220;0.245099
0.005656;-0.009510;0.111024
0.005656;0.009644;0.034410
-0.042228;0.009644;-0.090089
-0.003921;-0.009510;-0.214587
-0.003921;0.019220;-0.262471
-0.003921;0.019220;-0.214587
-0.003921;-0.009510;-0.147550
0.005656;0.000067;-0.003898
-0.013498;0.009644;0.101447
0.005656;0.009644;0.168485
-0.003921;-0.019087;0.235522
0.015232;0.009644;0.168485
0.015232;0.000067;-0.032628
-0.003921;-0.009510;-0.137973
0.015232;-0.019087;-0.195434
0.005656;0.000067;-0.243318
-0.003921;-0.009510;-0.185857
0.005656;-0.019087;-0.166703
0.005656;-0.009510;-0.051782
0.005656;0.000067;0.120601
0.015232;0.038374;0.216369
0.005656;0.000067;0.245099
0.005656;-0.019087;0.216369
-0.003921;-0.009510;0.130177
-0.013498;0.000067;0.043986
-0.003921;0.009644;-0.090089
0.015232;0.000067;-0.233741
-0.013498;0.009644;-0.233741
-0.013498;-0.009510;-0.243318
-0.003921;0.019220;-0.099666
-0.013498;0.009644;-0.042205
0.015232;0.009644;0.072717
-0.003921;0.028797;0.187638
-0.013498;0.009644;0.235522
-0.003921;0.019220;0.225945
-0.003921;-0.019087;0.168485
-0.013498;-0.019087;0.005679
0.015232;0.000067;-0.109242
-0.003921;-0.009510;-0.195434
-0.003921;-0.009510;-0.262471
-0.023075;0.019220;-0.224164
0.005656;0.009644;-0.166703
-0.003921;0.009644;-0.070935
0.015232;-0.019087;0.091870
-0.003921;0.000067;0.168485
0.015232;-0.009510;0.216369
-0.013498;0.000067;0.206792
0.005656;0.019220;0.120601
-0.013498;0.009644;0.034410
0.005656;0.009644;-0.061358
-0.013498;0.009644;-0.214587
-0.013498;0.009644;-0.281625
0.005656;0.000067;-0.262471
-0.003921;0.009644;-0.118819
-0.003921;0.000067;-0.042205
0.005656;0.019220;0.053563
0.024809;-0.009510;0.225945
0.005656;0.009644;0.225945
0.024809;0.000067;0.235522
-0.013498;-0.009510;0.178061
-0.003921;0.009644;-0.003898
0.005656;0.028797;-0.090089
0.015232;0.000067;-0.166703
-0.023075;0.000067;-0.243318
-0.003921;-0.009510;-0.214587
-0.003921;-0.019087;-0.166703
0.024809;0.000067;-0.013474
-0.003921;0.009644;0.063140
0.005656;0.009644;0.216369
0.005656;0.000067;0.197215
0.005656;0.000067;0.158908
0.015232;0.000067;0.063140
-0.003921;0.000067;-0.137973
-0.023075;0.000067;-0.185857
0.005656;0.000067;-0.243318
0.005656;0.000067;-0.224164
-0.003921;-0.009510;-0.128396
0.005656;0.019220;-0.061358
0.005656;0.009644;0.024833
0.015232;0.028797;0.225945
0.005656;0.000067;0.206792
0.005656;0.000067;0.235522
-0.003921;0.019220;0.130177
0.005656;-0.009510;0.034410
-0.013498;-0.019087;-0.070935
-0.003921;-0.009510;-0.157126
-0.023075;-0.009510;-0.262471
0.015232;0.028797;-0.272048
0.015232;-0.009510;-0.166703
0.015232;0.009644;-0.013474
0.005656;0.009644;0.082294
0.015232;-0.009510;0.158908
0.005656;0.000067;0.216369
0.015232;-0.009510;0.216369
0.015232;0.000067;0.168485
0.005656;0.019220;0.072717
-0.013498;0.009644;-0.109242
-0.013498;0.000067;-0.176280
0.005656;0.009644;-0.205010
-0.023075;-0.019087;-0.233741
-0.023075;-0.019087;-0.157126
-0.003921;0.000067;-0.061358
0.015232;0.009644;0.053563
-0.013498;0.009644;0.178061
-0.003921;0.000067;0.216369
0.015232;0.009644;0.216369
0.005656;0.019220;0.130177
0.005656;0.009644;0.063140
-0.003921;-0.009510;-0.051782
-0.023075;0.009644;-0.205010
-0.013498;-0.009510;-0.252894
-0.013498;0.000067;-0.224164
0.005656;-0.009510;-0.205010
0.005656;0.009644;-0.013474
-0.003921;0.009644;0.053563
-0.003921;0.000067;0.216369
-0.003921;0.019220;0.225945
0.005656;-0.009510;0.187638
-0.023075;-0.009510;0.091870
0.005656;-0.028664;-0.099666
0.005656;-0.019087;-0.176280
-0.013498;0.009644;-0.243318
0.024809;0.000067;-0.233741
-0.013498;-0.019087;-0.176280
0.015232;0.009644;-0.090089
0.005656;0.000067;0.101447
0.005656;0.009644;0.149331
0.015232;0.000067;0.225945
-0.003921;0.019220;0.225945
0.015232;0.009644;0.120601
0.005656;0.009644;0.063140
-0.023075;0.000067;-0.023051
-0.013498;0.009644;-0.205010
-0.003921;0.000067;-0.243318
-0.003921;0.000067;-0.233741
-0.023075;-0.009510;-0.147550
-0.003921;0.000067;-0.032628
-0.003921;0.019220;0.053563
-0.013498;0.019220;0.120601
0.005656;0.019220;0.245099
0.015232;0.019220;0.245099
0.015232;-0.009510;0.197215
0.005656;-0.009510;0.024833
0.015232;-0.009510;-0.070935
-0.003921;-0.009510;-0.147550
-0.023075;0.000067;-0.185857
-0.003921;0.009644;-0.243318
-0.003921;-0.009510;-0.157126
0.024809;0.009644;-0.099666
0.005656;0.000067;0.082294
0.024809;0.019220;0.168485
-0.003921;0.000067;0.216369
0.005656;-0.009510;0.206792
-0.003921;-0.009510;0.187638
-0.023075;-0.009510;0.082294
-0.003921;-0.009510;-0.099666
-0.013498;-0.009510;-0.166703
-0.003921;-0.009510;-0.195434
0.005656;-0.009510;-0.214587
0.005656;0.009644;-0.166703
-0.013498;0.019220;-0.080512
-0.003921;0.000067;0.034410
0.005656;-0.009510;0.187638
0.005656;0.000067;0.197215
-0.003921;-0.009510;0.225945
-0.003921;-0.009510;0.197215
0.015232;0.000067;0.053563
-0.013498;0.019220;-0.051782
-0.003921;0.028797;-0.147550
-0.013498;0.028797;-0.214587
-0.003921;0.009644;-0.262471
-0.013498;-0.019087;-0.176280
-0.003921;0.000067;-0.023051
0.005656;0.000067;0.053563
-0.032652;0.009644;0.149331
-0.003921;-0.009510;0.216369
0.024809;0.000067;0.235522
-0.013498;-0.009510;0.149331
0.005656;0.000067;0.111024
0.005656;0.000067;-0.070935
0.005656;-0.009510;-0.185857
-0.003921;-0.019087;-0.205010
0.015232;-0.019087;-0.233741
-0.003921;0.009644;-0.185857
0.015232;0.000067;-0.080512
0.015232;-0.009510;-0.003898
0.024809;0.019220;0.168485
0.005656;0.009644;0.216369
-0.013498;0.009644;0.197215
0.015232;-0.019087;0.187638
0.005656;0.019220;0.043986
-0.013498;0.009644;-0.032628
0.005656;0.000067;-0.118819
-0.013498;-0.009510;-0.224164
0.015232;-0.009510;-0.214587
-0.003921;-0.028664;-0.176280
0.005656;-0.019087;-0.042205
0.015232;0.009644;0.043986
-0.003921;0.009644;0.111024
0.015232;-0.009510;0.187638
0.015232;-0.009510;0.245099
-0.003921;0.009644;0.168485
-0.023075;0.000067;0.111024
-0.003921;-0.009510;-0.090089
0.015232;-0.009510;-0.157126
0.005656;0.009644;-0.214587
-0.023075;-0.038240;-0.243318
-0.003921;0.019220;-0.205010
0.015232;0.000067;-0.099666
0.005656;-0.009510;0.005679
-0.003921;0.000067;0.149331
-0.003921;0.019220;0.216369
0.005656;0.000067;0.206792
0.015232;0.009644;0.158908
0.005656;0.009644;0.072717
-0.023075;0.009644;0.005679
-0.003921;0.019220;-0.128396
-0.003921;0.009644;-0.205010
-0.003921;0.009644;-0.224164
-0.003921;-0.019087;-0.205010
-0.023075;0.009644;-0.080512
-0.013498;0.000067;0.024833
0.015232;0.000067;0.120601
-0.003921;0.019220;0.235522
0.005656;0.000067;0.216369
0.015232;-0.019087;0.178061
0.005656;0.019220;0.149331
-0.013498;-0.009510;-0.032628
0.005656;0.000067;-0.137973
-0.013498;0.009644;-0.214587
0.005656;0.000067;-0.243318
-0.013498;-0.009510;-0.185857
-0.013498;0.019220;-0.099666
-0.013498;-0.009510;0.063140
0.005656;-0.009510;0.149331
-0.013498;0.000067;0.187638
0.005656;-0.009510;0.216369
0.005656;0.000067;0.158908
0.015232;0.038374;0.072717
-0.003921;0.019220;0.024833
-0.003921;0.000067;-0.176280
0.015232;0.019220;-0.243318
0.005656;-0.009510;-0.214587
-0.003921;0.009644;-0.157126
-0.023075;-0.019087;-0.109242
0.005656;0.000067;0.024833
0.015232;0.009644;0.158908
-0.003921;0.000067;0.197215
-0.003921;0.000067;0.206792
-0.013498;-0.028664;0.216369
0.024809;0.000067;0.072717
0.005656;0.019220;-0.042205
-0.013498;-0.009510;-0.099666
-0.023075;0.000067;-0.205010
0.005656;-0.009510;-0.243318
0.005656;-0.009510;-0.176280
-0.013498;0.009644;-0.032628
-0.023075;-0.009510;0.053563
0.005656;0.009644;0.149331
0.024809;0.009644;0.187638
-0.003921;0.047951;0.225945
-0.003921;0.009644;0.168485
-0.003921;0.009644;0.111024
-0.003921;-0.009510;0.034410
0.015232;0.009644;-0.157126
-0.013498;0.000067;-0.214587
0.005656;0.038374;-0.224164
-0.003921;0.009644;-0.147550
-0.023075;0.028797;-0.080512
-0.013498;0.000067;0.005679
0.024809;-0.009510;0.091870
0.024809;0.009644;0.216369
-0.003921;0.009644;0.216369
-0.013498;0.019220;0.225945
-0.003921;0.000067;0.034410
0.005656;-0.009510;-0.032628
-0.003921;0.009644;-0.118819
-0.013498;0.009644;-0.233741
0.005656;-0.009510;-0.214587
0.005656;0.009644;-0.195434
-0.003921;0.019220;-0.061358
0.005656;0.009644;0.015256
-0.003921;0.019220;0.130177
-0.023075;0.000067;0.187638
-0.013498;-0.019087;0.216369
-0.003921;0.009644;0.178061
-0.003921;-0.009510;0.091870
-0.003921;0.000067;0.053563
0.015232;0.000067;-0.118819
-0.023075;0.009644;-0.185857
0.005656;0.000067;-0.224164
-0.013498;0.019220;-0.166703
0.015232;0.009644;-0.118819
0.024809;0.000067;-0.013474
0.005656;0.009644;0.158908
0.005656;0.000067;0.197215
0.015232;-0.019087;0.245099
-0.003921;0.028797;0.082294
0.005656;0.009644;-0.013474
0.005656;0.000067;-0.099666
0.005656;0.000067;-0.243318
-0.003921;0.000067;-0.224164
-0.032652;0.000067;-0.195434
0.005656;0.009644;-0.090089
0.015232;-0.009510;0.043986
-0.003921;0.009644;0.111024
0.015232;0.009644;0.149331
0.005656;0.009644;0.245099
-0.013498;-0.009510;0.187638
-0.013498;-0.009510;0.111024
0.005656;0.009644;-0.032628
0.005656;0.000067;-0.118819
-0.013498;-0.009510;-0.195434
-0.013498;0.019220;-0.243318
-0.013498;0.000067;-0.185857
0.015232;0.000067;-0.137973
-0.003921;0.000067;0.034410
-0.003921;-0.019087;0.111024
0.015232;0.000067;0.206792
0.005656;0.000067;0.225945
-0.003921;0.000067;0.168485
0.015232;0.009644;0.101447
-0.003921;0.009644;0.005679
-0.003921;-0.019087;-0.061358
0.015232;0.000067;-0.195434
0.005656;-0.028664;-0.233741
-0.013498;0.000067;-0.099666
-0.003921;0.009644;0.063140
0.005656;0.000067;0.178061
0.005656;-0.009510;0.225945
-0.003921;0.019220;0.206792
0.015232;0.000067;0.139754
-0.023075;0.000067;-0.032628
-0.013498;0.019220;-0.109242
0.005656;0.000067;-0.157126
0.005656;-0.009510;-0.205010
-0.003921;0.019220;-0.205010
0.005656;0.009644;-0.109242
-0.013498;-0.009510;-0.032628
0.005656;0.019220;0.130177
-0.003921;0.000067;0.187638
-0.023075;-0.009510;0.264253
0.005656;0.019220;0.187638
0.015232;0.009644;0.111024
-0.023075;0.000067;0.024833
-0.013498;0.019220;-0.137973
-0.003921;0.009644;-0.176280
-0.003921;-0.009510;-0.243318
0.005656;-0.019087;-0.157126
0.005656;0.000067;-0.109242
-0.003921;-0.009510;-0.003898
0.005656;0.028797;0.072717
-0.003921;0.019220;0.206792
-0.003921;0.000067;0.225945
-0.003921;0.019220;0.187638
0.015232;-0.019087;0.072717
-0.013498;-0.009510;-0.013474
-0.003921;-0.019087;-0.070935
0.005656;-0.009510;-0.147550
0.005656;0.000067;-0.233741
-0.013498;0.000067;-0.214587
-0.032652;-0.009510;-0.118819
-0.003921;0.000067;0.034410
0.005656;0.000067;0.101447
0.005656;0.000067;0.197215
-0.003921;0.000067;0.206792
0.024809;0.000067;0.178061
-0.023075;0.009644;0.101447
0.005656;0.000067;0.034410
-0.003921;0.019220;-0.137973
0.005656;0.009644;-0.185857
-0.013498;-0.019087;-0.214587
-0.013498;0.000067;-0.185857
0.005656;-0.009510;-0.128396
0.024809;-0.009510;-0.032628
0.015232;0.009644;0.063140
-0.003921;0.019220;0.206792
0.015232;0.000067;0.225945
-0.003921;-0.009510;0.225945
-0.003921;0.000067;0.101447
0.005656;0.019220;0.015256
0.024809;0.000067;-0.061358
-0.003921;-0.009510;-0.166703
-0.003921;-0.009510;-0.233741
0.005656;0.019220;-0.205010
0.005656;0.009644;-0.147550
-0.003921;-0.009510;0.024833
0.005656;-0.009510;0.101447
0.005656;0.009644;0.139754
0.005656;0.000067;0.206792
-0.003921;0.009644;0.187638
-0.003921;0.019220;0.149331
-0.003921;0.009644;0.063140
0.005656;0.009644;-0.090089
0.005656;0.000067;-0.176280
-0.003921;0.019220;-0.205010
-0.003921;-0.009510;-0.195434
0.015232;0.009644;-0.109242
-0.003921;0.000067;-0.051782
0.005656;0.000067;0.120601
-0.013498;-0.019087;0.178061
0.034386;0.019220;0.216369
0.005656;0.009644;0.206792
-0.003921;0.000067;0.101447
-0.013498;0.000067;0.034410
-0.013498;0.009644;-0.061358
-0.003921;-0.009510;-0.195434
-0.003921;0.019220;-0.214587
-0.003921;-0.019087;-0.214587
-0.013498;0.009644;-0.166703
0.005656;0.009644;0.005679
-0.023075;0.000067;0.072717
0.005656;0.000067;0.178061
-0.003921;0.000067;0.225945
-0.003921;-0.009510;0.216369
0.005656;0.009644;0.178061
0.024809;0.000067;0.005679
0.015232;0.000067;-0.099666
-0.013498;0.000067;-0.157126
-0.013498;0.009644;-0.224164
0.005656;0.019220;-0.195434
-0.003921;0.000067;-0.137973
0.005656;0.028797;-0.070935
-0.003921;0.019220;0.111024
-0.003921;-0.009510;0.187638
0.005656;-0.009510;0.206792
0.005656;0.028797;0.225945
0.015232;-0.009510;0.120601
-0.013498;-0.019087;0.024833
0.005656;-0.009510;-0.042205
-0.003921;0.000067;-0.185857
-0.023075;0.000067;-0.214587
0.005656;-0.009510;-0.157126
-0.023075;-0.009510;-0.099666
0.024809;0.000067;-0.032628
-0.003921;0.009644;0.063140
0.005656;-0.009510;0.158908
-0.003921;0.009644;0.235522
0.015232;0.000067;0.178061
-0.003921;0.009644;0.149331
-0.013498;0.000067;0.005679
0.005656;0.009644;-0.080512
0.005656;-0.019087;-0.157126
0.005656;0.000067;-0.205010
0.015232;0.028797;-0.214587
-0.003921;0.019220;-0.137973
-0.003921;-0.009510;-0.061358
-0.003921;0.009644;0.101447
0.005656;-0.009510;0.187638
-0.003921;0.000067;0.235522
0.005656;-0.009510;0.206792
0.015232;0.009644;0.130177
0.005656;0.000067;0.072717
-0.003921;0.019220;-0.051782
0.024809;-0.009510;-0.176280
-0.003921;0.009644;-0.205010
0.005656;0.009644;-0.176280
0.005656;0.000067;-0.128396
0.005656;0.019220;-0.051782
0.005656;-0.009510;0.130177
0.005656;-0.019087;0.178061
0.005656;0.000067;0.225945
0.005656;-0.019087;0.216369
0.015232;0.000067;0.206792
0.005656;0.000067;0.015256
-0.013498;0.009644;-0.061358
-0.003921;0.000067;-0.147550
0.005656;0.000067;-0.195434
-0.003921;0.000067;-0.205010
-0.013498;0.000067;-0.157126
0.005656;0.019220;-0.013474
0.005656;0.000067;0.072717
0.005656;-0.009510;0.168485
0.015232;0.000067;0.197215
0.005656;0.009644;0.216369
-0.013498;0.009644;0.130177
0.005656;0.009644;0.082294
-0.003921;0.009644;-0.080512
0.005656;0.000067;-0.147550
0.005656;0.009644;-0.176280
-0.013498;0.009644;-0.176280
-0.013498;0.038374;-0.128396
-0.003921;0.000067;-0.051782
-0.013498;-0.009510;0.024833
0.005656;0.000067;0.158908
-0.003921;0.019220;0.216369
0.005656;0.019220;0.225945
-0.003921;0.000067;0.139754
-0.003921;0.000067;0.043986
-0.003921;0.009644;-0.042205
0.005656;0.009644;-0.137973
0.005656;-0.019087;-0.166703
-0.023075;0.000067;-0.224164
-0.003921;-0.009510;-0.185857
-0.023075;0.000067;-0.023051
-0.003921;0.009644;0.063140
0.005656;0.019220;0.149331
-0.003921;0.000067;0.235522
0.005656;0.019220;0.206792
0.005656;0.009644;0.168485
0.005656;0.000067;0.072717
0.015232;0.019220;-0.099666
-0.023075;0.000067;-0.118819
0.015232;0.009644;-0.205010
0.005656;0.019220;-0.176280
-0.023075;0.009644;-0.157126
-0.003921;0.009644;-0.080512
-0.003921;0.000067;0.024833
-0.003921;0.019220;0.178061
0.015232;0.009644;0.216369
-0.013498;0.028797;0.197215
0.005656;0.000067;0.111024
0.015232;0.000067;0.053563
-0.003921;0.000067;-0.042205
-0.013498;0.009644;-0.185857
-0.013498;0.009644;-0.205010
0.005656;0.000067;-0.176280
-0.023075;0.000067;-0.166703
0.015232;0.000067;-0.013474
0.015232;0.009644;0.053563
0.005656;0.000067;0.139754
-0.003921;0.000067;0.216369
-0.003921;-0.009510;0.225945
-0.013498;0.000067;0.197215
-0.013498;0.009644;0.034410
-0.003921;-0.028664;-0.061358
0.005656;0.000067;-0.166703
-0.013498;0.000067;-0.157126
0.015232;0.000067;-0.166703
0.015232;0.000067;-0.147550
-0.003921;0.009644;-0.099666
0.005656;-0.009510;0.091870
0.005656;0.009644;0.158908
-0.003921;0.000067;0.206792
0.005656;0.019220;0.206792
-0.003921;0.038374;0.111024
-0.003921;0.009644;0.063140
-0.003921;0.000067;-0.023051
-0.003921;-0.019087;-0.157126
-0.013498;0.019220;-0.195434
-0.003921;0.000067;-0.214587
0.005656;0.009644;-0.147550
0.005656;0.019220;-0.032628
0.005656;-0.009510;0.043986
-0.003921;0.000067;0.091870
-0.013498;0.000067;0.206792
-0.003921;-0.009510;0.197215
-0.023075;-0.009510;0.187638
-0.003921;0.009644;0.043986
-0.003921;0.009644;-0.042205
0.005656;0.009644;-0.118819
-0.003921;0.000067;-0.195434
0.005656;0.009644;-0.205010
-0.003921;0.000067;-0.166703
0.015232;0.000067;-0.099666
-0.013498;-0.019087;0.082294
0.015232;0.009644;0.178061
-0.003921;0.009644;0.216369
-0.013498;0.009644;0.206792
-0.023075;0.000067;0.178061
-0.003921;0.009644;0.063140
-0.013498;0.019220;-0.003898
-0.003921;-0.009510;-0.157126
-0.023075;0.000067;-0.195434
0.005656;0.000067;-0.205010
0.015232;0.009644;-0.137973
0.005656;0.009644;-0.042205
-0.013498;-0.019087;0.015256
-0.003921;-0.009510;0.158908
-0.003921;0.019220;0.225945
0.005656;0.000067;0.216369
0.015232;0.000067;0.197215
-0.003921;-0.009510;0.072717
-0.013498;0.019220;-0.042205
-0.023075;0.000067;-0.099666
-0.003921;0.009644;-0.195434
0.005656;0.000067;-0.195434
-0.013498;-0.019087;-0.157126
-0.013498;-0.009510;-0.099666
0.005656;-0.009510;0.063140
-0.013498;-0.019087;0.120601
-0.013498;0.000067;0.197215
0.005656;0.019220;0.216369
-0.003921;0.000067;0.158908
-0.003921;0.019220;0.111024
-0.013498;-0.009510;-0.070935
0.024809;-0.009510;-0.128396
0.015232;0.009644;-0.166703
-0.003921;0.000067;-0.195434
0.005656;-0.009510;-0.157126
-0.003921;0.000067;-0.070935
0.024809;0.019220;0.015256
-0.032652;-0.009510;0.130177
-0.013498;-0.019087;0.187638
0.005656;-0.009510;0.216369
0.015232;0.009644;0.120601
-0.003921;0.000067;0.072717
-0.032652;-0.019087;-0.023051
-0.013498;0.000067;-0.118819
0.005656;-0.009510;-0.195434
0.005656;-0.047817;-0.205010
0.015232;-0.019087;-0.166703
-0.013498;0.019220;-0.061358
0.034386;0.000067;0.053563
0.005656;0.000067;0.120601
0.005656;0.000067;0.216369
-0.023075;0.000067;0.225945
0.005656;0.000067;0.149331
0.015232;0.019220;0.101447
-0.032652;-0.019087;-0.042205
-0.003921;0.000067;-0.137973
-0.013498;0.009644;-0.176280
-0.013498;0.019220;-0.195434
-0.003921;0.009644;-0.147550
-0.013498;0.019220;-0.099666
-0.003921;0.000067;-0.023051
0.005656;-0.009510;0.139754
0.005656;0.000067;0.197215
-0.023075;0.019220;0.245099
0.015232;0.000067;0.139754
0.005656;0.000067;0.082294
0.005656;0.009644;-0.023051
-0.023075;0.000067;-0.090089
0.015232;0.000067;-0.205010
0.024809;0.009644;-0.205010
-0.023075;0.000067;-0.205010
-0.023075;-0.009510;-0.032628
-0.023075;0.000067;0.034410
0.015232;-0.019087;0.101447
0.005656;0.000067;0.197215
-0.023075;0.009644;0.197215
-0.032652;-0.009510;0.168485
-0.003921;0.000067;0.130177
0.005656;0.009644;-0.023051
-0.003921;-0.019087;-0.118819
-0.013498;0.009644;-0.166703
-0.003921;0.000067;-0.205010
0.024809;-0.019087;-0.157126
-0.003921;0.000067;-0.137973
-0.003921;0.009644;0.053563
0.005656;0.009644;0.139754
-0.003921;-0.019087;0.187638
0.005656;0.019220;0.216369
0.005656;0.028797;0.149331
-0.003921;0.000067;0.082294
0.005656;0.019220;0.015256
-0.003921;0.000067;-0.128396
-0.013498;-0.019087;-0.214587
-0.003921;-0.019087;-0.214587
0.005656;0.009644;-0.061358
0.005656;0.000067;-0.003898
0.005656;0.009644;0.072717
0.015232;-0.009510;0.206792
-0.013498;0.000067;0.197215
-0.023075;0.000067;0.197215
0.024809;-0.009510;0.072717
0.015232;-0.009510;-0.023051
-0.003921;0.009644;-0.109242
-0.023075;0.000067;-0.147550
-0.013498;0.009644;-0.205010
0.015232;0.028797;-0.166703
0.015232;-0.019087;-0.109242
-0.032652;0.000067;0.034410
-0.013498;0.009644;0.130177
0.024809;-0.009510;0.178061
0.034386;-0.009510;0.206792
-0.023075;0.000067;0.168485
-0.023075;-0.019087;0.111024
-0.013498;-0.009510;0.034410
0.005656;0.009644;-0.137973
0.005656;0.009644;-0.176280
0.015232;0.009644;-0.233741
-0.003921;-0.009510;-0.137973
0.024809;-0.009510;-0.080512
0.005656;0.000067;0.005679
-0.023075;-0.028664;0.139754
-0.003921;-0.009510;0.206792
0.015232;0.009644;0.197215
0.005656;0.019220;0.187638
0.005656;0.000067;0.072717
-0.023075;-0.009510;-0.023051
0.024809;0.000067;-0.128396
-0.013498;0.009644;-0.166703
-0.032652;0.009644;-0.224164
-0.023075;0.009644;-0.176280
0.024809;-0.009510;-0.109242
0.005656;0.009644;0.024833
-0.013498;0.000067;0.111024
-0.013498;0.000067;0.158908
0.015232;-0.009510;0.245099
0.005656;0.009644;0.178061
-0.013498;0.000067;0.120601
0.005656;0.000067;-0.023051
0.015232;0.000067;-0.118819
0.015232;0.009644;-0.157126
-0.013498;-0.028664;-0.176280
-0.013498;0.009644;-0.157126
0.005656;0.000067;-0.099666
0.024809;-0.009510;-0.032628
0.005656;0.000067;0.120601
-0.013498;0.009644;0.187638
0.015232;0.000067;0.197215
0.015232;0.019220;0.206792
-0.003921;0.009644;0.072717
-0.003921;0.000067;-0.003898
0.005656;0.000067;-0.147550
0.015232;-0.028664;-0.185857
0.015232;0.009644;-0.214587
0.005656;0.000067;-0.195434
0.005656;0.009644;-0.051782
0.024809;-0.019087;0.015256
-0.003921;0.009644;0.101447
0.005656;0.009644;0.158908
0.005656;0.000067;0.216369
0.005656;0.009644;0.178061
0.005656;-0.009510;0.111024
-0.003921;0.028797;-0.042205
-0.023075;-0.009510;-0.137973
0.005656;0.000067;-0.147550
0.024809;0.000067;-0.166703
-0.023075;-0.009510;-0.176280
0.015232;0.000067;-0.109242
0.015232;0.019220;-0.023051
0.015232;-0.009510;0.091870
-0.003921;-0.009510;0.158908
-0.003921;0.009644;0.178061
0.015232;0.019220;0.168485
-0.003921;0.000067;0.101447
-0.032652;-0.009510;0.015256
0.005656;0.000067;-0.051782
-0.003921;0.009644;-0.185857
-0.003921;-0.028664;-0.205010
-0.032652;-0.009510;-0.214587
-0.013498;-0.019087;-0.109242
0.015232;0.000067;-0.023051
0.024809;0.000067;0.101447
0.005656;0.000067;0.139754
-0.003921;0.000067;0.197215
0.024809;0.009644;0.197215
0.043963;0.000067;0.168485
-0.003921;-0.009510;-0.032628
-0.032652;0.000067;-0.109242
-0.013498;0.000067;-0.147550
0.015232;0.009644;-0.157126
-0.042228;0.000067;-0.137973
-0.042228;-0.009510;-0.051782
0.005656;0.009644;0.178061
0.005656;0.009644;0.178061
-0.003921;-0.019087;0.206792
-0.023075;-0.009510;0.158908
0.043963;-0.009510;0.101447
0.024809;0.000067;0.043986
-0.003921;0.000067;-0.109242
0.005656;-0.019087;-0.195434
0.034386;0.019220;-0.214587
0.024809;0.000067;-0.205010
-0.013498;0.019220;-0.118819
-0.013498;0.028797;-0.032628
0.015232;0.028797;0.053563
-0.013498;0.000067;0.197215
-0.013498;0.009644;0.197215
-0.023075;-0.009510;0.216369
-0.003921;0.028797;0.130177
-0.003921;0.009644;0.005679
-0.003921;0.019220;-0.080512
-0.013498;-0.009510;-0.224164
0.005656;0.019220;-0.157126
0.024809;0.000067;-0.166703
-0.003921;-0.009510;-0.128396
0.005656;-0.009510;0.015256
0.005656;0.000067;0.082294
0.034386;-0.009510;0.149331
0.015232;-0.009510;0.187638
-0.003921;0.000067;0.197215
0.005656;-0.009510;0.149331
0.015232;0.000067;0.034410
-0.003921;0.000067;-0.109242
-0.023075;0.009644;-0.147550
-0.013498;0.000067;-0.195434
-0.013498;-0.019087;-0.185857
-0.013498;0.000067;-0.118819
-0.023075;0.009644;-0.042205
-0.023075;-0.009510;0.043986
0.015232;0.009644;0.178061
0.015232;0.000067;0.168485
0.005656;0.019220;0.206792
0.024809;0.000067;0.082294
0.015232;0.000067;0.015256
0.005656;0.009644;-0.051782
0.024809;0.009644;-0.157126
-0.003921;0.000067;-0.195434
-0.003921;0.009644;-0.061358
-0.023075;0.009644;-0.032628
-0.032652;0.000067;0.053563
0.015232;0.019220;0.158908
-0.013498;-0.019087;0.206792
-0.013498;-0.009510;0.197215
0.005656;0.009644;0.149331
0.015232;-0.009510;0.063140
0.024809;0.000067;-0.090089
0.015232;0.000067;-0.166703
-0.013498;0.000067;-0.185857
0.005656;-0.009510;-0.157126
0.024809;0.000067;-0.137973
0.005656;0.009644;-0.070935
-0.013498;-0.009510;0.082294
-0.003921;0.019220;0.149331
0.005656;0.028797;0.197215
-0.013498;0.000067;0.178061
-0.003921;-0.009510;0.120601
-0.023075;0.000067;0.024833
-0.023075;0.000067;-0.042205
-0.003921;0.009644;-0.166703
-0.003921;0.009644;-0.195434
0.015232;-0.028664;-0.195434
-0.003921;0.000067;-0.023051
0.005656;0.009644;0.082294
0.034386;0.019220;0.101447
0.015232;-0.009510;0.197215
0.005656;0.019220;0.178061
-0.023075;-0.009510;0.139754
0.024809;-0.009510;0.005679
0.024809;0.009644;-0.061358
-0.003921;-0.009510;-0.157126
-0.032652;0.009644;-0.205010
0.005656;-0.009510;-0.176280
0.005656;-0.009510;-0.147550
0.005656;0.009644;-0.051782
-0.013498;-0.019087;0.091870
-0.013498;-0.009510;0.168485
0.005656;-0.009510;0.168485
0.034386;0.019220;0.187638
0.015232;0.019220;0.139754
-0.013498;-0.009510;0.053563
0.015232;0.019220;-0.023051
0.015232;0.009644;-0.166703
-0.003921;-0.009510;-0.195434
-0.003921;0.009644;-0.205010
0.005656;0.019220;-0.099666
0.005656;0.000067;-0.032628
0.005656;0.019220;0.072717
-0.003921;-0.009510;0.111024
-0.061382;0.000067;0.158908
-0.042228;-0.009510;0.187638
-0.023075;0.019220;0.149331
0.015232;-0.019087;0.015256
0.005656;0.000067;-0.042205
-0.032652;0.000067;-0.147550
0.024809;0.009644;-0.195434
0.043963;0.009644;-0.185857
0.034386;-0.009510;-0.147550
0.005656;-0.019087;-0.090089
-0.003921;0.000067;0.091870
0.015232;-0.009510;0.168485
0.043963;0.009644;0.187638
-0.013498;0.009644;0.168485
-0.023075;-0.009510;0.111024
-0.032652;0.019220;0.034410
0.005656;-0.019087;-0.070935
0.005656;-0.009510;-0.137973
-0.023075;0.000067;-0.185857
-0.013498;-0.009510;-0.166703
0.005656;0.000067;-0.118819
0.015232;0.009644;-0.042205
0.034386;0.009644;0.043986
-0.023075;0.000067;0.168485
0.015232;0.019220;0.197215
-0.003921;0.000067;0.206792
0.024809;0.019220;0.149331
-0.013498;-0.009510;0.053563
-0.023075;0.009644;-0.051782
-0.032652;0.009644;-0.137973
0.015232;0.000067;-0.214587
0.005656;-0.019087;-0.166703
-0.003921;0.009644;-0.128396
-0.032652;0.000067;-0.099666
-0.013498;0.000067;0.072717
0.024809;0.009644;0.130177
0.024809;0.009644;0.187638
-0.013498;-0.019087;0.168485
-0.013498;0.000067;0.139754
0.015232;0.000067;0.063140
0.024809;0.009644;-0.070935
0.005656;-0.009510;-0.128396
0.005656;0.009644;-0.195434
-0.013498;0.009644;-0.224164
0.024809;0.000067;-0.109242
0.024809;0.019220;-0.032628
0.015232;-0.009510;0.024833
-0.023075;0.000067;0.158908
-0.013498;-0.019087;0.178061
0.015232;0.028797;0.197215
-0.032652;0.009644;0.120601
-0.003921;0.009644;0.053563
-0.032652;-0.019087;-0.042205
0.005656;-0.009510;-0.090089
0.024809;0.019220;-0.185857
0.024809;0.009644;-0.185857
-0.003921;0.000067;-0.185857
0.015232;0.000067;-0.013474
0.024809;0.009644;0.043986
0.034386;0.009644;0.120601
-0.003921;0.019220;0.168485
-0.032652;0.000067;0.197215
-0.013498;0.009644;0.139754
-0.003921;-0.019087;0.111024
0.005656;0.000067;-0.032628
-0.003921;-0.009510;-0.128396
-0.042228;0.009644;-0.185857
-0.003921;0.000067;-0.166703
0.015232;0.000067;-0.128396
0.015232;0.009644;-0.051782
-0.003921;0.000067;0.005679
-0.013498;0.009644;0.139754
0.024809;0.009644;0.178061
0.034386;0.009644;0.216369
0.015232;0.028797;0.111024
0.005656;0.009644;0.063140
-0.023075;0.000067;-0.013474
0.005656;-0.009510;-0.166703
-0.013498;-0.019087;-0.185857
-0.013498;-0.009510;-0.185857
-0.023075;0.000067;-0.176280
-0.003921;-0.009510;-0.080512
0.005656;0.000067;0.063140
-0.013498;-0.019087;0.101447
-0.032652;0.000067;0.168485
-0.032652;-0.009510;0.197215
-0.013498;0.000067;0.178061
0.024809;-0.019087;0.082294
0.024809;-0.019087;-0.061358
-0.003921;0.009644;-0.128396
0.015232;-0.009510;-0.166703
0.015232;-0.009510;-0.185857
0.005656;0.009644;-0.137973
0.015232;-0.028664;-0.090089
-0.003921;0.019220;0.082294
-0.003921;-0.019087;0.120601
0.005656;0.000067;0.178061
0.024809;0.000067;0.206792
-0.003921;0.028797;0.130177
-0.032652;0.000067;0.101447
-0.023075;-0.009510;0.005679
0.005656;0.019220;-0.137973
-0.003921;0.009644;-0.185857
-0.032652;0.019220;-0.214587
0.005656;-0.019087;-0.109242
0.015232;0.009644;-0.032628
0.015232;0.000067;0.024833
0.015232;-0.009510;0.091870
-0.013498;-0.019087;0.187638
0.005656;0.019220;0.168485
0.005656;0.000067;0.015256
-0.032652;0.000067;-0.013474
-0.032652;-0.019087;-0.128396
-0.023075;-0.009510;-0.166703
0.015232;0.000067;-0.185857
-0.013498;-0.028664;-0.176280
-0.013498;0.000067;-0.109242
-0.003921;0.000067;0.063140
0.034386;0.009644;0.139754
0.024809;0.009644;0.178061
-0.003921;-0.019087;0.168485
0.024809;0.019220;0.120601
0.024809;0.009644;0.111024
0.015232;0.000067;0.024833
0.005656;-0.009510;-0.166703
0.005656;0.000067;-0.176280
-0.013498;0.019220;-0.185857
-0.003921;0.009644;-0.118819
-0.003921;0.009644;-0.070935
-0.003921;0.000067;0.024833
-0.023075;0.009644;0.063140
-0.003921;0.000067;0.178061
-0.032652;0.009644;0.187638
-0.013498;0.000067;0.158908
-0.003921;0.000067;0.063140
0.005656;-0.019087;-0.032628
0.005656;0.000067;-0.080512
0.024809;0.000067;-0.195434
0.024809;0.000067;-0.205010
-0.003921;-0.009510;-0.166703
-0.013498;-0.019087;-0.118819
0.015232;-0.009510;0.053563
-0.003921;0.000067;0.120601
0.024809;0.009644;0.178061
-0.023075;-0.009510;0.206792
-0.003921;-0.009510;0.149331
-0.023075;-0.009510;0.111024
0.005656;0.009644;-0.070935
-0.003921;0.009644;-0.099666
-0.032652;-0.019087;-0.176280
-0.013498;0.009644;-0.195434
-0.003921;0.000067;-0.147550
0.005656;0.028797;-0.090089
0.005656;-0.009510;-0.003898
0.005656;0.000067;0.111024
0.005656;0.009644;0.158908
0.024809;0.019220;0.206792
0.005656;0.000067;0.158908
0.015232;-0.019087;0.072717
-0.013498;0.000067;-0.023051
-0.032652;0.000067;-0.080512
-0.013498;0.019220;-0.157126
-0.003921;0.019220;-0.176280
-0.032652;-0.009510;-0.147550
-0.003921;-0.009510;-0.042205
-0.013498;-0.009510;0.015256
0.005656;-0.009510;0.111024
-0.023075;-0.019087;0.158908
0.024809;-0.009510;0.187638
-0.013498;0.019220;0.149331
0.015232;0.009644;0.149331
0.015232;0.009644;-0.061358
0.015232;0.028797;-0.118819
0.005656;0.009644;-0.166703
0.015232;-0.009510;-0.195434
-0.003921;0.019220;-0.166703
-0.013498;0.019220;-0.090089
0.005656;0.009644;-0.013474
-0.023075;-0.019087;0.101447
-0.003921;0.009644;0.178061
-0.013498;-0.009510;0.206792
-0.023075;0.000067;0.149331
-0.023075;0.000067;0.072717
-0.003921;-0.009510;0.015256
0.015232;0.019220;-0.118819
0.005656;-0.019087;-0.185857
0.015232;0.009644;-0.205010
-0.003921;0.009644;-0.185857
0.015232;-0.009510;-0.070935
-0.003921;0.000067;0.024833
0.034386;0.009644;0.111024
-0.003921;-0.019087;0.178061
-0.003921;0.000067;0.206792
0.015232;-0.019087;0.187638
0.015232;0.009644;0.101447
-0.013498;0.009644;-0.013474
-0.023075;-0.009510;-0.090089
-0.003921;0.000067;-0.128396
-0.003921;0.019220;-0.157126
0.024809;0.009644;-0.176280
0.005656;0.019220;-0.118819
-0.003921;0.000067;0.034410
0.005656;0.009644;0.120601
0.005656;0.000067;0.158908
0.005656;0.009644;0.178061
-0.003921;0.009644;0.158908
0.034386;-0.009510;0.063140
-0.003921;0.000067;0.024833
-0.013498;0.000067;-0.109242
-0.003921;0.000067;-0.176280
-0.003921;0.009644;-0.185857
-0.013498;0.019220;-0.185857
-0.003921;0.000067;-0.061358
-0.003921;0.000067;-0.023051
-0.013498;0.019220;0.082294
0.005656;0.009644;0.187638
0.015232;-0.019087;0.197215
0.024809;0.009644;0.158908
0.005656;-0.047817;0.063140
-0.003921;0.009644;-0.032628
0.015232;0.000067;-0.070935
-0.003921;-0.009510;-0.137973
0.015232;-0.019087;-0.185857
-0.003921;-0.038240;-0.137973
-0.003921;0.019220;-0.109242
0.005656;0.000067;0.034410
0.005656;-0.019087;0.091870
-0.013498;-0.009510;0.158908
-0.003921;0.000067;0.197215
-0.023075;0.009644;0.158908
-0.013498;0.000067;0.091870
-0.013498;-0.019087;0.043986
-0.003921;-0.009510;-0.109242
-0.013498;0.000067;-0.157126
-0.023075;0.028797;-0.205010
0.005656;-0.009510;-0.118819
0.015232;0.000067;-0.061358
0.015232;-0.019087;-0.042205
0.024809;0.009644;0.072717
0.005656;0.028797;0.168485
0.015232;0.009644;0.178061
0.005656;0.000067;0.197215
-0.023075;-0.009510;0.063140
-0.023075;0.009644;0.005679
-0.013498;-0.009510;-0.099666
0.005656;0.019220;-0.118819
-0.003921;0.000067;-0.166703
-0.023075;0.000067;-0.166703
-0.013498;0.000067;-0.128396
-0.003921;-0.019087;0.005679
-0.003921;0.000067;0.082294
0.024809;-0.019087;0.149331
-0.003921;0.000067;0.158908
0.024809;0.019220;0.168485
0.034386;-0.009510;0.101447
0.024809;0.009644;0.053563
-0.003921;-0.019087;-0.137973
-0.003921;0.019220;-0.137973
0.015232;-0.009510;-0.214587
-0.003921;0.019220;-0.157126
-0.023075;-0.009510;-0.090089
-0.023075;0.000067;-0.042205
-0.013498;0.000067;0.120601
-0.023075;0.000067;0.168485
0.005656;0.009644;0.225945
0.005656;0.038374;0.197215
0.015232;0.019220;0.091870
-0.003921;0.028797;0.005679
-0.003921;-0.019087;-0.090089
0.005656;-0.009510;-0.176280
-0.003921;-0.038240;-0.176280
-0.013498;0.019220;-0.147550
-0.013498;-0.009510;-0.003898
0.005656;0.000067;0.063140
0.005656;0.000067;0.130177
-0.013498;-0.009510;0.197215
-0.013498;0.000067;0.187638
-0.003921;0.000067;0.130177
-0.003921;0.000067;-0.003898
-0.013498;0.019220;-0.061358
-0.013498;-0.009510;-0.128396
-0.003921;0.000067;-0.166703
0.015232;0.019220;-0.157126
0.015232;0.000067;-0.099666
0.005656;0.000067;-0.032628
-0.003921;0.009644;0.091870
0.015232;0.009644;0.149331
0.015232;0.000067;0.178061
0.005656;0.028797;0.130177
-0.003921;0.009644;0.091870
0.005656;0.019220;0.024833
-0.003921;0.009644;-0.137973
-0.023075;0.000067;-0.147550
-0.013498;0.000067;-0.185857
-0.013498;-0.009510;-0.157126
0.005656;0.009644;-0.099666
0.005656;0.009644;-0.013474
0.005656;-0.019087;0.063140
-0.003921;0.009644;0.120601
0.015232;0.009644;0.197215
0.015232;-0.009510;0.178061
0.015232;0.000067;0.111024
-0.003921;-0.019087;-0.013474
0.015232;-0.009510;-0.051782
0.024809;-0.009510;-0.128396
-0.013498;0.000067;-0.176280
0.005656;-0.009510;-0.205010
-0.013498;0.000067;-0.147550
0.015232;0.000067;-0.061358
0.005656;-0.019087;0.082294
-0.013498;-0.009510;0.139754
-0.003921;-0.009510;0.197215
-0.023075;0.000067;0.139754
-0.013498;0.000067;0.082294
0.015232;0.009644;0.043986
-0.013498;0.009644;-0.090089
0.024809;-0.028664;-0.147550
-0.003921;-0.028664;-0.176280
0.034386;0.000067;-0.185857
-0.013498;-0.009510;-0.080512
0.015232;-0.009510;-0.003898
-0.003921;0.000067;0.024833
-0.003921;0.028797;0.168485
0.005656;0.009644;0.178061
0.015232;0.000067;0.168485
0.015232;-0.009510;0.139754
-0.023075;-0.009510;0.034410
-0.013498;-0.009510;-0.061358
-0.013498;-0.009510;-0.137973
-0.023075;0.019220;-0.205010
-0.013498;0.019220;-0.157126
-0.013498;-0.019087;-0.157126
0.015232;-0.009510;0.005679
0.015232;-0.009510;0.091870
0.005656;-0.019087;0.130177
0.005656;0.000067;0.187638
0.005656;0.009644;0.168485
0.015232;0.000067;0.120601
0.034386;0.000067;0.024833
0.005656;0.000067;-0.080512
-0.003921;0.000067;-0.137973
-0.003921;-0.009510;-0.195434
-0.023075;0.009644;-0.157126
-0.013498;0.000067;-0.118819
-0.013498;-0.019087;-0.051782
-0.003921;0.000067;0.024833
-0.003921;0.009644;0.130177
0.015232;0.000067;0.187638
0.015232;0.019220;0.187638
-0.003921;-0.009510;0.072717
0.005656;-0.009510;0.015256
-0.003921;0.009644;-0.061358
-0.003921;0.000067;-0.109242
0.005656;0.009644;-0.157126
-0.003921;-0.019087;-0.157126
-0.013498;-0.028664;-0.157126
-0.003921;0.009644;-0.013474
0.005656;-0.019087;0.063140
-0.013498;0.000067;0.130177
-0.013498;0.009644;0.168485
-0.003921;0.009644;0.187638
-0.003921;-0.019087;0.111024
-0.003921;0.009644;0.063140
0.005656;0.000067;-0.070935
-0.003921;-0.009510;-0.166703
0.005656;0.019220;-0.157126
0.024809;-0.009510;-0.166703
0.024809;-0.019087;-0.137973
0.015232;0.000067;-0.061358
-0.003921;0.019220;0.015256
0.005656;-0.019087;0.139754
0.005656;0.000067;0.206792
0.005656;0.009644;0.168485
-0.003921;-0.019087;0.120601
-0.013498;0.009644;0.034410
0.005656;0.019220;-0.032628
-0.013498;-0.009510;-0.147550
-0.013498;0.000067;-0.185857
-0.032652;0.000067;-0.157126
0.015232;-0.019087;-0.166703
-0.003921;0.009644;-0.023051
0.005656;-0.009510;0.053563
0.005656;-0.019087;0.101447
0.015232;0.019220;0.206792
0.034386;0.009644;0.187638
0.015232;-0.028664;0.149331
-0.003921;0.000067;-0.080512
-0.013498;0.009644;-0.137973
-0.013498;0.000067;-0.185857
0.005656;0.000067;-0.176280
-0.003921;-0.009510;-0.128396
-0.013498;-0.009510;-0.051782
0.005656;0.009644;0.043986
-0.003921;-0.019087;0.120601
-0.013498;-0.019087;0.168485
-0.003921;0.009644;0.178061
-0.003921;0.000067;0.111024
-0.013498;0.009644;0.043986
-0.003921;0.000067;-0.003898
0.015232;0.000067;-0.128396
0.005656;-0.019087;-0.166703
0.024809;0.000067;-0.157126
-0.003921;0.000067;-0.128396
-0.003921;0.009644;-0.032628
0.015232;0.000067;0.034410
0.024809;0.000067;0.139754
-0.013498;0.000067;0.168485
-0.013498;0.000067;0.187638
0.005656;0.000067;0.130177
-0.023075;0.000067;0.015256
-0.013498;0.000067;-0.070935
-0.003921;-0.019087;-0.109242
-0.013498;0.000067;-0.157126
0.005656;0.000067;-0.157126
0.005656;0.019220;-0.147550
0.005656;0.009644;-0.099666
0.015232;0.019220;0.082294
0.005656;0.019220;0.120601
-0.003921;0.009644;0.178061
0.015232;-0.009510;0.178061
0.015232;0.009644;0.101447
0.005656;0.028797;0.082294
-0.013498;0.000067;-0.032628
-0.013498;0.028797;-0.128396
-0.023075;-0.009510;-0.147550
-0.023075;0.009644;-0.185857
-0.003921;-0.019087;-0.137973
0.005656;-0.009510;-0.061358
0.005656;0.000067;0.024833
0.005656;0.009644;0.139754
0.005656;-0.009510;0.168485
0.015232;0.009644;0.168485
0.005656;0.000067;0.158908
0.015232;-0.028664;0.024833
0.034386;0.009644;-0.023051
0.015232;-0.009510;-0.109242
-0.003921;0.000067;-0.157126
0.015232;-0.009510;-0.195434
-0.003921;-0.009510;-0.147550
-0.013498;0.009644;-0.061358
0.005656;-0.019087;0.072717
0.005656;0.000067;0.101447
-0.003921;-0.009510;0.158908
-0.023075;0.000067;0.187638
-0.003921;0.009644;0.120601
-0.003921;0.009644;0.072717
0.024809;0.038374;-0.061358
0.005656;-0.009510;-0.128396
-0.003921;0.000067;-0.176280
0.005656;0.019220;-0.185857
0.005656;-0.009510;-0.109242
-0.003921;-0.009510;-0.080512
0.005656;0.009644;-0.003898
-0.003921;-0.009510;0.149331
0.015232;-0.038240;0.168485
-0.003921;0.009644;0.168485
-0.003921;-0.019087;0.168485
-0.003921;-0.009510;0.024833
-0.013498;0.028797;-0.032628
-0.003921;0.000067;-0.099666
-0.003921;-0.009510;-0.185857
-0.003921;0.000067;-0.185857
-0.023075;-0.019087;-0.147550
0.005656;0.000067;-0.042205
0.005656;-0.009510;0.043986
0.005656;-0.009510;0.091870
-0.003921;0.000067;0.139754
0.024809;0.009644;0.158908
0.015232;0.009644;0.158908
-0.013498;-0.009510;0.091870
-0.003921;-0.019087;-0.090089
0.005656;-0.009510;-0.128396
-0.013498;-0.019087;-0.147550
0.005656;-0.009510;-0.176280
-0.003921;0.000067;-0.166703
-0.032652;-0.009510;-0.070935
-0.023075;-0.009510;0.005679
-0.013498;0.009644;0.149331
0.005656;0.019220;0.178061
0.005656;0.000067;0.168485
-0.003921;0.000067;0.120601
-0.013498;-0.009510;0.024833
0.015232;0.038374;-0.003898
0.005656;0.009644;-0.090089
0.005656;0.000067;-0.157126
-0.003921;-0.009510;-0.185857
0.015232;-0.009510;-0.147550
0.005656;0.000067;-0.032628
-0.003921;0.019220;0.024833
-0.003921;-0.019087;0.111024
-0.013498;0.009644;0.187638
-0.003921;0.009644;0.187638
0.005656;-0.009510;0.149331
-0.013498;0.009644;0.034410
0.005656;0.009644;-0.051782
-0.013498;0.009644;-0.090089
0.005656;0.009644;-0.176280
0.005656;-0.019087;-0.157126
-0.003921;0.019220;-0.147550
0.015232;0.009644;-0.099666
0.024809;-0.019087;0.034410
0.015232;0.019220;0.120601
0.005656;0.000067;0.149331
-0.003921;0.009644;0.187638
-0.013498;0.009644;0.130177
0.005656;0.019220;0.063140
0.005656;0.000067;0.005679
-0.003921;0.009644;-0.118819
-0.003921;0.000067;-0.166703
0.005656;-0.009510;-0.185857
-0.013498;0.009644;-0.166703
0.005656;-0.009510;-0.032628
0.034386;0.009644;0.015256
0.024809;0.000067;0.082294
0.005656;0.000067;0.168485
-0.003921;0.009644;0.178061
-0.003921;0.019220;0.130177
0.015232;0.009644;0.024833
0.005656;0.019220;-0.023051
-0.003921;0.000067;-0.090089
0.005656;-0.009510;-0.137973
0.015232;0.000067;-0.176280
0.005656;0.019220;-0.137973
-0.003921;0.000067;-0.080512
-0.003921;0.009644;0.053563
-0.003921;0.009644;0.091870
-0.013498;-0.009510;0.178061
0.005656;-0.009510;0.168485
-0.013498;0.009644;0.139754
-0.003921;-0.019087;0.111024
-0.003921;0.019220;-0.003898
-0.003921;0.000067;-0.137973
0.015232;-0.019087;-0.176280
-0.003921;0.009644;-0.176280
-0.003921;-0.009510;-0.128396
-0.003921;0.000067;-0.118819
-0.003921;0.009644;-0.003898
-0.013498;0.019220;0.034410
-0.013498;0.000067;0.149331
-0.023075;0.009644;0.178061
-0.013498;-0.009510;0.149331
-0.013498;0.000067;0.053563
-0.023075;0.009644;-0.013474
-0.013498;0.009644;-0.099666
-0.003921;-0.028664;-0.157126
0.005656;-0.009510;-0.195434
-0.003921;0.000067;-0.137973
0.015232;0.000067;-0.118819
0.015232;0.000067;0.053563
0.024809;-0.009510;0.120601
0.015232;0.000067;0.149331
0.015232;0.019220;0.158908
-0.003921;0.000067;0.149331
0.005656;-0.019087;0.101447
0.015232;0.009644;0.024833
-0.013498;0.009644;-0.099666
-0.023075;0.000067;-0.147550
0.005656;-0.019087;-0.166703
-0.003921;0.000067;-0.147550
-0.003921;0.009644;-0.003898
0.024809;0.000067;0.101447
0.024809;-0.009510;0.187638
0.015232;0.000067;0.168485
0.015232;-0.019087;0.063140
0.005656;-0.009510;-0.061358
-0.003921;0.000067;-0.137973
-0.003921;0.000067;-0.157126
-0.003921;0.000067;-0.147550
-0.013498;0.028797;-0.061358
-0.003921;0.000067;0.015256
-0.013498;-0.028664;0.063140
-0.013498;0.000067;0.120601
0.005656;0.019220;0.178061
0.005656;0.000067;0.139754
-0.023075;0.019220;0.024833
0.005656;0.028797;-0.023051
-0.003921;-0.009510;-0.090089
0.015232;-0.009510;-0.157126
0.015232;0.009644;-0.166703
-0.013498;0.000067;-0.137973
0.024809;0.019220;-0.080512
-0.013498;0.009644;-0.032628
-0.003921;-0.009510;0.111024
0.005656;0.009644;0.139754
-0.013498;-0.019087;0.187638
-0.013498;-0.009510;0.120601
-0.023075;0.000067;0.101447
-0.003921;0.009644;-0.013474
-0.013498;0.000067;-0.070935
-0.003921;0.000067;-0.128396
-0.013498;-0.009510;-0.157126
-0.003921;0.000067;-0.166703
-0.013498;0.000067;-0.051782
-0.003921;0.009644;0.015256
0.005656;0.000067;0.043986
0.015232;-0.009510;0.139754
0.005656;-0.009510;0.187638
0.015232;-0.009510;0.158908
-0.003921;-0.009510;0.120601
0.005656;-0.009510;-0.023051
-0.003921;0.009644;-0.099666
-0.003921;0.019220;-0.128396
0.005656;0.009644;-0.176280
-0.003921;0.000067;-0.147550
-0.003921;0.009644;-0.109242
0.005656;0.019220;-0.042205
-0.003921;0.000067;0.091870
-0.003921;0.009644;0.139754
-0.013498;-0.009510;0.168485
0.005656;0.009644;0.139754
0.005656;-0.009510;0.082294
-0.003921;0.009644;0.005679
0.005656;0.000067;-0.051782
0.005656;-0.019087;-0.157126
0.015232;0.000067;-0.166703
0.005656;-0.009510;-0.157126
-0.013498;-0.009510;-0.070935
0.005656;-0.019087;-0.023051
-0.003921;-0.019087;0.063140
-0.023075;0.000067;0.168485
-0.003921;0.000067;0.158908
-0.003921;0.009644;0.178061
-0.013498;-0.009510;0.120601
-0.013498;0.000067;-0.003898
0.015232;0.000067;-0.051782
0.005656;-0.009510;-0.118819
0.015232;-0.009510;-0.166703
0.015232;0.009644;-0.157126
-0.013498;0.000067;-0.118819
0.015232;-0.019087;0.005679
-0.003921;0.019220;0.101447
-0.003921;0.019220;0.139754
-0.013498;0.009644;0.187638
0.015232;0.009644;0.168485
0.005656;0.000067;0.072717
-0.023075;0.019220;0.015256
-0.003921;0.000067;-0.090089
-0.013498;-0.009510;-0.147550
-0.003921;-0.028664;-0.157126
-0.023075;0.000067;-0.137973
-0.003921;0.000067;-0.080512
0.015232;-0.009510;-0.023051
-0.003921;0.000067;0.043986
0.024809;0.009644;0.168485
0.015232;0.009644;0.168485
-0.003921;-0.009510;0.130177
-0.013498;0.000067;0.063140
0.015232;0.000067;-0.003898
-0.003921;-0.019087;-0.042205
-0.013498;-0.028664;-0.166703
0.005656;-0.009510;-0.147550
-0.023075;-0.009510;-0.166703
-0.023075;-0.009510;-0.118819
0.024809;-0.009510;0.005679
-0.003921;0.019220;0.072717
-0.032652;0.028797;0.158908
-0.003921;0.009644;0.178061
-0.013498;0.000067;0.158908
0.005656;0.009644;0.101447
0.024809;0.000067;0.063140
-0.003921;-0.009510;-0.090089
0.015232;0.019220;-0.137973
0.005656;-0.009510;-0.166703
-0.023075;0.000067;-0.137973
0.005656;0.028797;-0.109242
0.015232;0.019220;-0.032628
-0.013498;0.000067;0.101447
-0.003921;0.009644;0.149331
0.015232;-0.019087;0.158908
0.005656;-0.009510;0.149331
0.005656;0.019220;0.091870
-0.003921;-0.009510;0.005679
-0.013498;0.009644;-0.051782
0.005656;-0.009510;-0.147550
0.024809;0.000067;-0.157126
-0.003921;-0.009510;-0.147550
0.005656;0.000067;-0.118819
0.005656;0.000067;-0.003898
0.015232;-0.019087;0.063140
0.015232;-0.009510;0.120601
-0.003921;0.019220;0.149331
0.015232;-0.009510;0.158908
-0.003921;0.000067;0.111024
-0.003921;0.000067;-0.003898
0.005656;-0.009510;-0.099666
-0.013498;-0.009510;-0.128396
-0.003921;0.019220;-0.157126
0.005656;0.000067;-0.137973
-0.003921;0.000067;-0.109242
-0.013498;-0.009510;-0.061358
-0.003921;0.009644;0.072717
0.005656;0.009644;0.149331
-0.003921;0.009644;0.158908
0.015232;0.000067;0.158908
0.015232;0.000067;0.082294
-0.003921;-0.019087;0.015256
-0.003921;0.009644;-0.042205
0.015232;0.009644;-0.147550
0.005656;0.009644;-0.166703
-0.023075;-0.009510;-0.128396
-0.003921;-0.019087;-0.090089
-0.003921;0.000067;-0.023051
0.005656;0.000067;0.063140
0.005656;0.000067;0.111024
-0.013498;-0.009510;0.178061
-0.003921;0.009644;0.149331
-0.013498;0.019220;0.111024
0.024809;-0.009510;-0.003898
-0.003921;0.009644;-0.090089
-0.003921;0.000067;-0.157126
-0.003921;-0.019087;-0.137973
0.005656;0.000067;-0.176280
0.005656;-0.019087;-0.109242
0.005656;0.019220;-0.042205
0.024809;0.019220;0.053563
0.005656;0.009644;0.130177
-0.013498;0.000067;0.139754
-0.023075;0.019220;0.139754
-0.003921;0.009644;0.091870
-0.023075;-0.009510;0.024833
0.005656;0.019220;-0.003898
-0.003921;-0.009510;-0.137973
-0.003921;-0.009510;-0.147550
-0.003921;0.009644;-0.147550
-0.003921;0.019220;-0.080512
-0.023075;-0.009510;-0.003898
0.005656;0.009644;0.043986
-0.003921;0.019220;0.120601
0.015232;-0.009510;0.158908
-0.013498;-0.009510;0.178061
0.005656;0.000067;0.111024
0.015232;-0.009510;0.024833
-0.023075;0.019220;-0.099666
-0.013498;0.000067;-0.157126
-0.013498;-0.019087;-0.128396
-0.013498;0.000067;-0.118819
-0.003921;0.000067;-0.061358
0.015232;0.019220;0.063140
-0.003921;0.000067;0.101447
0.005656;0.000067;0.149331
-0.013498;0.019220;0.149331
0.015232;0.000067;0.091870
0.024809;0.000067;0.043986
0.005656;0.000067;-0.070935
-0.003921;0.009644;-0.109242
-0.003921;-0.009510;-0.147550
0.005656;0.019220;-0.118819
-0.023075;-0.019087;-0.090089
0.005656;-0.019087;-0.032628
-0.013498;0.000067;0.005679
-0.013498;0.009644;0.149331
-0.032652;-0.019087;0.149331
-0.003921;-0.019087;0.158908
0.005656;0.009644;0.139754
0.015232;-0.009510;0.043986
0.005656;0.000067;-0.032628
0.024809;-0.009510;-0.137973
0.015232;-0.019087;-0.176280
-0.003921;0.019220;-0.166703
0.005656;-0.009510;-0.128396
0.005656;0.000067;-0.003898
-0.003921;0.000067;0.043986
-0.023075;0.009644;0.101447
-0.003921;-0.009510;0.187638
-0.013498;-0.009510;0.149331
-0.013498;0.000067;0.130177
-0.013498;0.028797;0.082294
0.005656;0.009644;-0.070935
-0.023075;0.009644;-0.128396
-0.013498;0.009644;-0.147550
-0.013498;0.019220;-0.099666
-0.003921;0.019220;-0.042205
0.005656;0.028797;0.024833
0.005656;0.009644;0.158908
0.015232;0.000067;0.158908
0.015232;-0.019087;0.178061
0.024809;0.000067;0.091870
0.015232;-0.009510;0.034410
-0.003921;0.000067;-0.003898
-0.013498;-0.009510;-0.128396
-0.013498;0.009644;-0.176280
0.005656;0.019220;-0.137973
-0.003921;0.009644;-0.013474
-0.003921;0.000067;0.024833
0.005656;0.000067;0.082294
0.015232;-0.009510;0.168485
-0.003921;0.009644;0.168485
0.015232;0.000067;0.111024
0.005656;0.019220;0.082294
0.005656;-0.009510;-0.042205
0.005656;0.000067;-0.109242
-0.023075;0.009644;-0.157126
0.005656;0.000067;-0.166703
-0.003921;0.009644;-0.080512
0.005656;0.009644;0.082294
-0.003921;0.009644;0.101447
-0.013498;0.000067;0.158908
-0.003921;-0.009510;0.168485
-0.003921;0.019220;0.139754
0.005656;0.000067;0.072717
0.005656;-0.009510;-0.003898
-0.003921;-0.009510;-0.137973
0.005656;0.000067;-0.137973
-0.003921;0.019220;-0.185857
0.005656;0.009644;-0.128396
-0.003921;-0.009510;-0.061358
-0.003921;0.009644;0.015256
0.005656;-0.009510;0.139754
0.005656;0.000067;0.149331
-0.013498;-0.009510;0.158908
0.024809;0.000067;0.168485
-0.003921;-0.009510;0.015256
-0.003921;0.000067;-0.042205
-0.023075;0.000067;-0.118819
-0.013498;-0.009510;-0.147550
-0.003921;-0.009510;-0.176280
-0.013498;-0.009510;-0.137973
-0.003921;0.009644;-0.080512
0.015232;0.000067;0.063140
0.015232;0.000067;0.082294
-0.003921;0.019220;0.139754
-0.003921;0.009644;0.168485
0.005656;-0.009510;0.130177
0.024809;0.009644;0.063140
0.005656;0.009644;0.005679
-0.013498;-0.009510;-0.118819
-0.003921;0.019220;-0.147550
-0.023075;-0.009510;-0.147550
0.005656;0.000067;-0.128396
-0.013498;0.000067;-0.032628
-0.013498;-0.009510;0.024833
0.005656;-0.009510;0.072717
-0.003921;0.009644;0.168485
0.005656;0.028797;0.158908
-0.003921;0.000067;0.149331
0.015232;-0.009510;0.053563
0.005656;0.009644;0.005679
-0.003921;0.009644;-0.118819
0.005656;0.009644;-0.137973
0.005656;0.000067;-0.157126
-0.003921;0.019220;-0.128396
-0.003921;-0.009510;-0.099666
-0.003921;0.019220;0.053563
-0.003921;0.000067;0.101447
-0.003921;0.000067;0.149331
0.005656;0.019220;0.158908
-0.013498;-0.009510;0.111024
0.005656;0.000067;0.091870
-0.003921;0.000067;-0.023051
-0.023075;0.009644;-0.128396
-0.013498;-0.019087;-0.157126
0.005656;0.000067;-0.176280
0.015232;-0.019087;-0.137973
-0.003921;-0.009510;-0.070935
0.015232;0.000067;0.015256
-0.003921;-0.019087;0.139754
0.005656;0.000067;0.158908
0.005656;0.000067;0.168485
-0.023075;0.009644;0.130177
0.015232;0.000067;0.043986
-0.003921;-0.019087;-0.023051
-0.013498;-0.009510;-0.070935
-0.003921;0.000067;-0.157126
-0.032652;-0.019087;-0.147550
-0.003921;0.000067;-0.118819
-0.003921;-0.019087;-0.032628
-0.023075;0.000067;0.034410
0.005656;0.009644;0.120601
0.015232;0.000067;0.149331
0.015232;0.009644;0.149331
0.005656;0.000067;0.139754
0.005656;0.000067;0.091870
0.005656;-0.009510;-0.042205
-0.003921;0.000067;-0.118819
0.015232;-0.009510;-0.147550
0.015232;0.009644;-0.157126
-0.013498;0.009644;-0.118819
0.005656;0.000067;-0.032628
0.015232;-0.038240;0.005679
-0.003921;0.000067;0.101447
-0.003921;0.000067;0.168485
-0.013498;0.000067;0.149331
-0.003921;0.000067;0.120601
0.005656;0.000067;0.082294
0.015232;0.009644;-0.032628
-0.013498;0.009644;-0.061358
0.005656;0.000067;-0.166703
-0.003921;-0.028664;-0.147550
-0.013498;-0.009510;-0.137973
-0.003921;-0.009510;-0.032628
0.005656;0.000067;0.043986
-0.003921;0.009644;0.091870
-0.023075;0.019220;0.139754
-0.003921;0.028797;0.139754
-0.003921;-0.019087;0.158908
-0.013498;0.000067;0.082294
0.005656;0.000067;-0.042205
-0.003921;-0.009510;-0.109242
0.005656;0.009644;-0.137973
0.015232;0.000067;-0.128396
-0.013498;-0.019087;-0.128396
-0.003921;-0.009510;-0.080512
-0.003921;0.000067;-0.023051
0.024809;-0.009510;0.130177
0.005656;0.000067;0.139754
-0.003921;0.009644;0.168485
-0.003921;0.009644;0.130177
-0.003921;0.000067;0.082294
0.015232;0.028797;0.005679
0.015232;0.000067;-0.099666
-0.003921;-0.009510;-0.128396
-0.003921;-0.028664;-0.157126
-0.013498;0.000067;-0.147550
0.015232;-0.009510;-0.090089
0.005656;0.000067;-0.003898
0.015232;0.000067;0.063140
-0.003921;-0.009510;0.158908
-0.003921;0.000067;0.187638
0.005656;0.028797;0.139754
0.005656;0.009644;0.063140
0.005656;0.019220;-0.023051
0.005656;-0.019087;-0.070935
0.005656;0.000067;-0.118819
-0.013498;0.009644;-0.166703
-0.013498;0.009644;-0.128396
0.005656;0.000067;-0.080512
-0.003921;0.009644;0.034410
-0.003921;0.009644;0.101447
-0.013498;0.000067;0.149331
0.005656;0.000067;0.178061
-0.003921;0.009644;0.130177
0.015232;0.028797;0.101447
-0.013498;-0.019087;0.024833
-0.003921;0.000067;-0.109242
-0.003921;-0.019087;-0.109242
-0.003921;0.009644;-0.166703
0.005656;0.000067;-0.118819
0.005656;-0.019087;-0.070935
0.024809;0.009644;-0.003898
0.005656;0.000067;0.043986
-0.003921;-0.009510;0.158908
-0.003921;0.000067;0.158908
0.005656;0.009644;0.168485
-0.003921;-0.019087;0.053563
0.005656;0.009644;0.015256
-0.003921;0.000067;-0.080512
0.024809;0.000067;-0.137973
-0.032652;0.019220;-0.147550
-0.003921;-0.009510;-0.137973
-0.013498;0.009644;-0.090089
-0.003921;0.009644;0.015256
-0.013498;0.000067;0.082294
0.015232;0.019220;0.139754
0.015232;0.000067;0.168485
0.005656;0.028797;0.139754
-0.003921;0.009644;0.101447
0.015232;0.000067;0.043986
-0.013498;0.009644;-0.090089
0.015232;0.000067;-0.137973
-0.013498;-0.009510;-0.176280
-0.013498;0.009644;-0.128396
-0.013498;0.000067;-0.090089
-0.013498;0.019220;-0.013474
-0.003921;-0.009510;0.120601
-0.003921;0.000067;0.149331
-0.003921;0.009644;0.187638
0.024809;0.019220;0.149331
0.015232;0.019220;0.063140
0.015232;0.019220;0.005679
0.005656;-0.009510;-0.051782
0.005656;0.019220;-0.166703
-0.013498;0.009644;-0.137973
0.015232;-0.009510;-0.147550
-0.013498;0.000067;-0.109242
-0.003921;0.000067;0.015256
-0.032652;-0.009510;0.053563
-0.003921;0.000067;0.101447
0.005656;-0.009510;0.130177
0.005656;-0.009510;0.168485
0.005656;0.000067;0.082294
0.005656;-0.009510;-0.013474
-0.013498;-0.019087;-0.090089
-0.003921;0.009644;-0.109242
0.005656;0.019220;-0.157126
0.005656;-0.009510;-0.128396
-0.003921;-0.019087;-0.080512
-0.013498;0.019220;-0.023051
0.005656;-0.019087;0.091870
0.024809;0.000067;0.139754
0.015232;0.000067;0.168485
-0.003921;0.000067;0.158908
-0.032652;0.019220;0.082294
0.005656;-0.009510;0.005679
-0.003921;0.000067;-0.032628
-0.003921;0.000067;-0.137973
-0.013498;0.009644;-0.157126
-0.003921;0.009644;-0.137973
-0.003921;0.000067;-0.023051
-0.013498;0.019220;0.005679
0.024809;-0.009510;0.082294
0.005656;0.000067;0.130177
0.005656;0.019220;0.158908
0.005656;0.000067;0.139754
0.005656;0.009644;0.063140
0.005656;-0.028664;0.005679
-0.003921;-0.009510;-0.070935
-0.023075;0.028797;-0.118819
-0.003921;0.000067;-0.166703
-0.003921;-0.009510;-0.137973
-0.013498;0.019220;-0.099666
-0.032652;-0.028664;0.015256
-0.013498;-0.009510;0.101447
-0.003921;0.000067;0.130177
0.005656;-0.019087;0.149331
-0.003921;0.009644;0.149331
-0.003921;-0.019087;0.101447
0.005656;-0.009510;0.015256
0.005656;-0.009510;-0.032628
0.024809;-0.009510;-0.157126
-0.013498;-0.009510;-0.157126
0.015232;0.019220;-0.185857
0.015232;0.000067;-0.070935
-0.003921;0.009644;-0.003898
0.005656;0.000067;0.053563
-0.013498;0.000067;0.158908
-0.013498;0.000067;0.168485
0.005656;0.009644;0.072717
-0.003921;0.009644;0.005679
0.005656;0.009644;-0.070935
-0.023075;0.000067;-0.137973
0.005656;0.009644;-0.147550
-0.003921;0.019220;-0.128396
0.005656;0.009644;-0.090089
-0.003921;0.009644;-0.032628
-0.003921;-0.019087;0.063140
0.005656;0.009644;0.111024
0.005656;0.019220;0.178061
0.005656;0.009644;0.139754
-0.013498;0.009644;0.101447
-0.013498;-0.009510;0.024833
-0.013498;-0.009510;-0.090089
-0.013498;0.009644;-0.137973
-0.013498;0.019220;-0.128396
-0.003921;-0.009510;-0.137973
-0.003921;0.000067;-0.080512
-0.003921;0.009644;-0.042205
0.005656;-0.019087;0.024833
0.005656;0.019220;0.149331
0.005656;-0.009510;0.149331
0.005656;0.000067;0.149331
0.015232;0.009644;0.130177
-0.003921;-0.038240;-0.003898
0.005656;0.009644;-0.051782
-0.003921;0.028797;-0.099666
0.005656;0.000067;-0.147550
-0.003921;0.009644;-0.128396
-0.023075;0.000067;-0.099666
-0.013498;-0.009510;0.005679
-0.003921;-0.009510;0.091870
-0.003921;-0.009510;0.101447
0.015232;0.000067;0.158908
-0.003921;-0.009510;0.139754
0.005656;0.009644;0.101447
-0.003921;0.019220;0.063140
0.024809;-0.009510;-0.109242
-0.003921;-0.019087;-0.166703
-0.003921;-0.009510;-0.157126
0.005656;-0.009510;-0.128396
0.005656;-0.019087;-0.070935
0.015232;0.009644;-0.032628
0.015232;0.009644;0.005679
0.005656;0.000067;0.130177
0.015232;0.000067;0.158908
-0.003921;-0.009510;0.158908
-0.013498;0.009644;0.082294
-0.013498;-0.009510;0.024833
-0.023075;0.000067;-0.099666
0.005656;-0.019087;-0.157126
-0.013498;-0.019087;-0.166703
-0.013498;0.019220;-0.099666
0.015232;0.000067;-0.003898
-0.003921;-0.019087;0.072717
0.024809;0.009644;0.111024
-0.003921;-0.019087;0.149331
-0.003921;0.009644;0.120601
-0.003921;0.009644;0.111024
-0.003921;0.028797;0.053563
0.015232;0.009644;-0.051782
-0.003921;-0.009510;-0.080512
-0.013498;0.000067;-0.166703
-0.003921;0.000067;-0.137973
0.005656;0.000067;-0.090089
-0.003921;-0.019087;-0.032628
-0.013498;0.009644;0.091870
-0.003921;-0.009510;0.120601
-0.013498;-0.009510;0.130177
0.005656;0.019220;0.168485
0.015232;0.000067;0.072717
0.015232;0.009644;0.043986
0.015232;0.009644;-0.032628
-0.013498;-0.009510;-0.109242
0.015232;-0.019087;-0.166703
-0.023075;0.009644;-0.070935
0.015232;0.009644;-0.032628
-0.003921;0.000067;0.024833
0.015232;0.000067;0.101447
-0.013498;0.009644;0.158908
-0.032652;-0.009510;0.168485
-0.013498;0.028797;0.139754
0.015232;0.000067;0.024833
-0.013498;0.000067;-0.061358
0.005656;-0.019087;-0.157126
-0.003921;0.000067;-0.185857
0.005656;0.009644;-0.128396
-0.013498;0.000067;-0.090089
0.005656;0.019220;-0.042205
-0.003921;-0.009510;0.072717
-0.013498;0.000067;0.139754
-0.013498;0.000067;0.149331
0.005656;0.000067;0.178061
0.005656;-0.009510;0.101447
-0.013498;-0.019087;0.043986
-0.003921;-0.009510;0.005679
-0.003921;-0.009510;-0.118819
-0.003921;-0.009510;-0.147550
0.015232;0.009644;-0.176280
0.015232;-0.009510;-0.080512
-0.013498;-0.009510;0.005679
-0.003921;0.000067;0.024833
0.015232;-0.028664;0.149331
0.015232;-0.009510;0.168485
0.005656;0.000067;0.120601
0.015232;-0.019087;0.015256
-0.003921;-0.019087;-0.032628
-0.003921;0.009644;-0.099666
0.005656;-0.009510;-0.147550
-0.003921;0.000067;-0.147550
-0.003921;0.019220;-0.118819
-0.013498;0.009644;-0.070935
-0.003921;-0.019087;0.082294
-0.013498;0.000067;0.111024
0.005656;0.000067;0.158908
-0.013498;-0.019087;0.149331
-0.013498;-0.009510;0.111024
-0.003921;0.000067;0.053563
0.005656;0.019220;0.005679
-0.013498;0.000067;-0.128396
0.015232;0.000067;-0.157126
0.005656;-0.009510;-0.176280
-0.003921;-0.028664;-0.109242
-0.013498;0.038374;-0.051782
-0.013498;0.000067;0.053563
-0.013498;0.000067;0.130177
-0.013498;0.009644;0.130177
0.005656;0.009644;0.139754
0.005656;0.000067;0.111024
0.005656;-0.009510;0.043986
0.005656;0.019220;-0.013474
-0.003921;0.009644;-0.080512
-0.003921;0.000067;-0.157126
0.005656;0.028797;-0.147550
-0.023075;-0.019087;-0.137973
0.005656;-0.009510;-0.061358
-0.003921;0.000067;0.034410
0.015232;-0.019087;0.111024
-0.003921;0.028797;0.158908
-0.003921;-0.009510;0.168485
0.015232;-0.009510;0.101447
-0.013498;0.000067;0.063140
-0.013498;-0.019087;-0.003898
-0.023075;-0.038240;-0.118819
-0.023075;-0.019087;-0.147550
0.005656;0.000067;-0.157126
-0.003921;0.009644;-0.109242
-0.003921;0.000067;-0.099666
0.005656;0.000067;0.043986
0.015232;0.009644;0.101447
-0.003921;0.000067;0.139754
0.015232;-0.009510;0.149331
0.015232;0.000067;0.139754
0.005656;-0.009510;0.063140
-0.003921;-0.019087;-0.013474
-0.003921;0.028797;-0.051782
-0.003921;-0.019087;-0.128396
-0.023075;0.000067;-0.128396
0.005656;0.009644;-0.137973
0.024809;0.019220;-0.023051
-0.023075;0.009644;0.034410
-0.003921;-0.009510;0.091870
-0.003921;0.019220;0.130177
-0.003921;0.009644;0.178061
-0.003921;-0.009510;0.111024
0.015232;-0.009510;0.063140
0.005656;0.009644;-0.051782
0.005656;0.009644;-0.090089
-0.013498;0.009644;-0.147550
0.005656;0.000067;-0.166703
-0.003921;0.000067;-0.118819
0.015232;-0.019087;-0.061358
0.005656;0.000067;0.005679
0.005656;0.009644;0.082294
-0.003921;0.000067;0.168485
0.015232;-0.009510;0.178061
-0.003921;-0.009510;0.082294
0.005656;-0.019087;0.043986
-0.013498;0.000067;-0.013474
-0.003921;-0.028664;-0.090089
-0.003921;-0.009510;-0.137973
-0.003921;-0.009510;-0.157126
0.015232;-0.009510;-0.147550
0.005656;-0.009510;-0.013474
0.024809;-0.019087;0.015256
0.015232;0.019220;0.101447
0.005656;0.000067;0.149331
0.005656;0.009644;0.120601
0.024809;0.009644;0.120601
0.005656;-0.009510;0.072717
0.024809;-0.009510;-0.003898
-0.003921;0.028797;-0.090089
-0.003921;-0.009510;-0.109242
0.005656;0.009644;-0.147550
-0.003921;-0.009510;-0.109242
-0.003921;0.000067;-0.061358
-0.023075;-0.009510;0.063140
0.005656;0.009644;0.091870
-0.003921;0.000067;0.149331
0.024809;0.009644;0.130177
0.005656;0.009644;0.120601
0.024809;0.019220;0.082294
0.015232;-0.019087;-0.003898
0.005656;-0.009510;-0.090089
-0.013498;-0.009510;-0.166703
0.005656;0.000067;-0.137973
-0.013498;-0.009510;-0.099666
0.005656;0.019220;-0.013474
-0.013498;0.019220;0.005679
-0.003921;-0.009510;0.091870
-0.003921;0.000067;0.158908
-0.013498;0.009644;0.158908
-0.003921;0.000067;0.149331
0.005656;0.000067;0.015256
0.015232;0.038374;-0.032628
-0.003921;0.009644;-0.070935
0.015232;0.009644;-0.128396
-0.013498;-0.009510;-0.157126
-0.003921;-0.009510;-0.099666
0.005656;0.000067;-0.061358
-0.003921;0.009644;0.053563
-0.003921;0.000067;0.082294
0.015232;0.009644;0.139754
0.005656;0.019220;0.130177
0.005656;0.000067;0.101447
0.005656;0.009644;0.082294
-0.003921;-0.009510;0.034410
0.005656;-0.019087;-0.080512
-0.013498;-0.009510;-0.118819
-0.003921;0.000067;-0.157126
0.024809;-0.019087;-0.109242
-0.003921;-0.009510;-0.051782
-0.023075;-0.019087;-0.003898
0.005656;0.000067;0.072717
0.015232;0.009644;0.149331
0.005656;0.000067;0.158908
0.005656;-0.009510;0.139754
0.005656;0.019220;0.034410
-0.013498;0.000067;-0.023051
0.005656;-0.009510;-0.051782
-0.003921;0.000067;-0.128396
-0.013498;0.000067;-0.147550
-0.023075;0.000067;-0.137973
-0.023075;0.009644;-0.080512
-0.003921;0.009644;0.024833
-0.003921;0.000067;0.101447
-0.003921;-0.009510;0.139754
-0.003921;0.000067;0.149331
0.005656;-0.009510;0.111024
0.005656;0.000067;0.072717
-0.013498;-0.009510;0.034410
0.015232;0.009644;-0.070935
0.015232;-0.009510;-0.109242
0.005656;-0.009510;-0.147550
-0.003921;0.000067;-0.109242
-0.013498;0.009644;-0.032628
-0.003921;0.009644;0.015256
-0.003921;0.028797;0.111024
0.005656;0.000067;0.111024
0.015232;0.009644;0.158908
0.015232;0.009644;0.130177
-0.013498;0.009644;0.053563
-0.013498;0.009644;0.005679
-0.003921;-0.009510;-0.051782
0.005656;0.000067;-0.137973
-0.003921;0.019220;-0.128396
-0.003921;0.009644;-0.137973
0.015232;0.000067;-0.118819
-0.003921;-0.009510;0.015256
0.024809;0.009644;0.101447
0.005656;0.009644;0.149331
0.005656;0.000067;0.149331
0.005656;0.000067;0.091870
-0.013498;0.000067;0.082294
-0.003921;-0.019087;-0.023051
-0.003921;0.019220;-0.090089
-0.003921;0.000067;-0.137973
-0.003921;0.019220;-0.118819
0.005656;0.000067;-0.099666
0.005656;0.000067;-0.090089
0.005656;0.009644;-0.032628
-0.013498;0.000067;0.082294
-0.003921;0.000067;0.120601
0.015232;0.000067;0.149331
-0.023075;0.009644;0.130177
0.015232;-0.009510;0.072717
0.015232;0.009644;-0.013474
-0.003921;0.000067;-0.051782
-0.003921;0.000067;-0.128396
-0.003921;-0.009510;-0.157126
0.005656;0.000067;-0.128396
-0.003921;-0.009510;-0.070935
0.005656;0.019220;0.015256
0.005656;0.009644;0.120601
0.005656;0.019220;0.149331
0.015232;-0.009510;0.168485
0.024809;-0.009510;0.168485
-0.013498;0.000067;0.072717
-0.013498;0.019220;-0.013474
0.005656;0.019220;-0.090089
-0.013498;0.000067;-0.109242
0.015232;-0.009510;-0.147550
-0.003921;-0.009510;-0.090089
0.005656;0.000067;-0.080512
0.005656;-0.019087;-0.042205
-0.003921;-0.019087;0.111024
-0.003921;-0.009510;0.120601
0.005656;-0.009510;0.158908
0.005656;-0.019087;0.120601
-0.013498;0.000067;0.082294
-0.003921;-0.019087;0.015256
-0.003921;0.019220;-0.090089
0.005656;-0.009510;-0.118819
-0.013498;-0.028664;-0.128396
-0.003921;0.000067;-0.147550
0.005656;0.000067;-0.070935
-0.003921;0.009644;-0.003898
-0.003921;-0.009510;0.034410
0.005656;0.019220;0.158908
0.005656;0.009644;0.149331
0.005656;-0.009510;0.158908
0.005656;0.000067;0.111024
-0.013498;0.009644;-0.013474
0.005656;-0.009510;-0.080512
-0.023075;-0.009510;-0.090089
-0.013498;0.000067;-0.147550
-0.003921;0.009644;-0.099666
0.005656;0.009644;-0.080512
-0.003921;0.000067;0.024833
0.015232;0.000067;0.082294
0.005656;-0.009510;0.130177
-0.013498;-0.009510;0.149331
0.015232;-0.019087;0.130177
-0.013498;0.000067;0.082294
0.005656;0.000067;0.005679
-0.013498;0.009644;-0.070935
-0.003921;-0.009510;-0.147550
0.005656;0.000067;-0.137973
-0.003921;0.000067;-0.147550
-0.013498;0.000067;-0.051782
-0.003921;-0.019087;-0.042205
-0.003921;0.019220;0.024833
0.005656;0.000067;0.130177
0.005656;-0.009510;0.120601
-0.013498;0.009644;0.120601
-0.003921;0.009644;0.063140
-0.003921;0.000067;0.043986
0.005656;0.000067;-0.051782
0.015232;0.028797;-0.118819
0.015232;0.000067;-0.137973
0.005656;-0.009510;-0.090089
0.005656;0.009644;-0.099666
0.005656;0.028797;0.034410
0.015232;0.000067;0.063140
0.005656;-0.009510;0.139754
-0.003921;-0.009510;0.139754
0.005656;0.000067;0.139754
-0.013498;0.000067;0.101447
0.005656;-0.009510;0.053563
0.005656;0.000067;-0.080512
-0.013498;-0.009510;-0.128396
0.015232;0.000067;-0.118819
0.005656;0.000067;-0.147550
0.005656;-0.019087;-0.051782
0.005656;0.000067;-0.032628
0.005656;-0.009510;0.005679
-0.003921;-0.009510;0.120601
0.015232;0.000067;0.130177
0.005656;0.019220;0.053563
-0.003921;0.000067;-0.023051
0.005656;-0.009510;-0.042205
-0.023075;0.000067;-0.109242
-0.023075;-0.009510;-0.118819
-0.013498;-0.009510;-0.118819
-0.023075;0.009644;-0.090089
0.005656;0.000067;0.015256
-0.003921;-0.009510;0.072717
0.005656;-0.009510;0.111024
0.015232;-0.009510;0.139754
0.005656;0.000067;0.120601
0.015232;0.000067;0.101447
-0.003921;0.000067;0.053563
-0.013498;-0.009510;-0.042205
0.005656;0.019220;-0.090089
-0.003921;0.000067;-0.137973
-0.003921;0.000067;-0.147550
-0.003921;0.009644;-0.118819
-0.003921;0.019220;-0.042205
-0.003921;0.000067;0.072717
0.005656;-0.009510;0.139754
-0.003921;0.009644;0.139754
0.005656;-0.019087;0.130177
-0.003921;-0.019087;0.072717
-0.003921;0.019220;0.015256
0.005656;0.000067;-0.070935
-0.003921;-0.019087;-0.109242
0.005656;-0.019087;-0.147550
-0.003921;0.009644;-0.166703
-0.003921;0.000067;-0.070935
-0.003921;0.009644;-0.003898
-0.003921;0.000067;0.053563
0.005656;0.009644;0.101447
0.005656;-0.019087;0.149331
-0.003921;-0.019087;0.149331
0.015232;0.009644;0.111024
0.005656;0.000067;-0.013474
0.005656;-0.009510;-0.051782
-0.003921;0.000067;-0.118819
-0.003921;0.009644;-0.137973
-0.003921;-0.009510;-0.128396
-0.013498;0.000067;-0.070935
-0.003921;-0.019087;-0.023051
0.015232;0.028797;0.091870
0.005656;0.028797;0.130177
-0.003921;0.000067;0.130177
0.034386;-0.028664;0.120601
-0.003921;-0.019087;0.072717
-0.013498;0.028797;0.024833
-0.003921;0.000067;-0.061358
-0.003921;0.000067;-0.109242
-0.003921;-0.009510;-0.128396
0.005656;-0.009510;-0.090089
-0.003921;0.000067;-0.023051
-0.003921;-0.009510;0.053563
-0.013498;-0.019087;0.101447
0.005656;0.000067;0.149331
-0.023075;0.000067;0.158908
-0.023075;-0.009510;0.111024
0.015232;0.000067;-0.013474
-0.013498;-0.019087;-0.042205
0.005656;0.000067;-0.090089
-0.003921;-0.019087;-0.147550
-0.003921;0.019220;-0.128396
0.024809;0.000067;-0.109242
0.015232;0.000067;-0.061358
-0.013498;0.009644;0.053563
-0.013498;0.019220;0.101447
0.024809;-0.019087;0.130177
-0.003921;-0.009510;0.158908
-0.003921;0.000067;0.091870
-0.013498;0.000067;0.024833
-0.003921;0.000067;-0.051782
-0.013498;0.009644;-0.099666
-0.003921;0.000067;-0.128396
-0.003921;0.000067;-0.137973
-0.013498;0.000067;-0.080512
-0.013498;0.009644;-0.023051
-0.003921;0.009644;0.024833
-0.013498;0.000067;0.139754
-0.003921;0.000067;0.149331
0.015232;-0.019087;0.139754
-0.003921;0.009644;0.130177
-0.023075;0.019220;0.024833
-0.003921;0.000067;-0.042205
-0.013498;0.028797;-0.061358
0.005656;-0.019087;-0.147550
-0.003921;0.000067;-0.128396
-0.013498;0.028797;-0.090089
-0.003921;0.009644;-0.032628
0.005656;-0.019087;0.063140
-0.003921;0.009644;0.120601
0.015232;0.009644;0.130177
-0.023075;0.000067;0.139754
-0.003921;0.009644;0.101447
-0.003921;0.009644;-0.003898
-0.003921;0.009644;-0.070935
-0.003921;-0.009510;-0.118819
0.005656;0.000067;-0.128396
0.005656;-0.009510;-0.147550
-0.032652;0.000067;-0.099666
-0.023075;0.000067;-0.051782
0.005656;0.009644;0.034410
-0.023075;0.000067;0.111024
-0.013498;0.009644;0.158908
-0.003921;0.009644;0.139754
-0.003921;0.009644;0.053563
-0.023075;-0.009510;0.034410
-0.013498;0.000067;-0.042205
-0.003921;0.000067;-0.128396
-0.013498;0.009644;-0.109242
-0.003921;-0.009510;-0.128396
-0.013498;-0.009510;-0.118819
-0.003921;-0.009510;-0.003898
-0.003921;0.000067;0.034410
0.005656;-0.009510;0.101447
-0.013498;0.009644;0.158908
-0.013498;-0.009510;0.139754
-0.003921;-0.019087;0.111024
-0.013498;0.000067;0.024833
0.005656;0.019220;-0.042205
-0.032652;0.000067;-0.090089
0.015232;0.019220;-0.137973
0.015232;-0.009510;-0.137973
0.005656;0.009644;-0.070935
0.005656;0.009644;-0.042205
0.005656;0.009644;0.043986
-0.003921;0.009644;0.101447
-0.013498;0.000067;0.130177
0.005656;0.009644;0.149331
-0.003921;0.009644;0.082294
-0.013498;0.009644;0.053563
0.005656;0.009644;-0.013474
0.005656;-0.009510;-0.099666
0.005656;0.000067;-0.147550
-0.003921;-0.019087;-0.109242
-0.003921;0.019220;-0.080512
0.005656;-0.009510;-0.032628
-0.003921;0.000067;0.024833
0.015232;0.000067;0.082294
0.005656;-0.009510;0.139754
0.015232;0.009644;0.149331
-0.003921;-0.009510;0.130177
0.015232;-0.009510;0.024833
0.005656;-0.019087;-0.051782
0.005656;-0.028664;-0.090089
-0.023075;0.009644;-0.109242
0.005656;0.000067;-0.099666
-0.003921;-0.009510;-0.099666
-0.003921;-0.009510;-0.051782
-0.003921;0.000067;0.072717
0.015232;-0.009510;0.091870
-0.013498;0.009644;0.120601
0.015232;0.000067;0.149331
-0.013498;0.009644;0.101447
-0.003921;-0.019087;0.053563
-0.023075;-0.019087;-0.023051
0.015232;0.000067;-0.118819
-0.003921;0.000067;-0.118819
0.005656;-0.009510;-0.137973
-0.023075;0.000067;-0.099666
0.005656;0.000067;-0.023051
0.005656;0.000067;0.024833
0.005656;0.009644;0.082294
0.015232;0.000067;0.149331
0.005656;0.000067;0.111024
-0.003921;-0.019087;0.101447
-0.003921;0.019220;0.024833
-0.003921;-0.019087;-0.061358
-0.003921;-0.009510;-0.080512
-0.023075;-0.028664;-0.118819
-0.013498;-0.009510;-0.128396
0.005656;0.000067;-0.109242
-0.013498;-0.028664;-0.070935
0.005656;-0.009510;0.063140
0.005656;0.009644;0.101447
0.005656;0.009644;0.120601
0.005656;0.009644;0.149331
0.024809;-0.009510;0.111024
0.015232;0.000067;0.053563
-0.023075;0.000067;0.005679
0.005656;0.009644;-0.061358
-0.013498;-0.019087;-0.128396
-0.003921;-0.019087;-0.118819
-0.023075;-0.009510;-0.099666
-0.023075;-0.009510;-0.023051
-0.013498;0.009644;-0.023051
0.015232;0.009644;0.101447
0.015232;-0.009510;0.120601
0.005656;0.000067;0.149331
-0.023075;0.000067;0.130177
0.005656;0.019220;0.063140
-0.023075;0.000067;-0.051782
-0.003921;-0.019087;-0.061358
0.005656;0.000067;-0.137973
0.024809;0.000067;-0.137973
-0.003921;-0.019087;-0.099666
-0.003921;0.009644;-0.003898
-0.003921;0.000067;0.053563
0.015232;0.019220;0.082294
0.005656;0.000067;0.130177
-0.013498;0.009644;0.139754
0.005656;0.009644;0.130177
-0.003921;0.000067;0.053563
-0.013498;0.028797;-0.061358
-0.013498;-0.009510;-0.109242
0.015232;0.000067;-0.118819
-0.003921;0.000067;-0.147550
-0.003921;-0.009510;-0.090089
-0.013498;0.009644;-0.051782
0.005656;0.000067;-0.003898
0.005656;0.028797;0.120601
-0.003921;0.019220;0.130177
0.005656;-0.009510;0.111024
-0.023075;-0.019087;0.063140
0.005656;-0.009510;0.024833
0.005656;-0.009510;-0.013474
-0.013498;0.000067;-0.061358
0.005656;-0.009510;-0.109242
-0.003921;0.009644;-0.137973
-0.003921;-0.009510;-0.118819
0.005656;0.009644;-0.032628
0.005656;0.000067;0.024833
0.005656;0.000067;0.082294
0.005656;0.009644;0.111024
0.015232;0.028797;0.139754
0.005656;-0.019087;0.101447
-0.003921;0.019220;0.063140
0.024809;0.000067;-0.003898
-0.003921;0.000067;-0.070935
0.005656;0.038374;-0.080512
-0.013498;0.000067;-0.128396
-0.003921;0.009644;-0.090089
-0.003921;0.019220;-0.070935
-0.003921;0.009644;-0.013474
0.015232;0.000067;0.120601
0.015232;-0.019087;0.130177
-0.003921;-0.019087;0.130177
-0.003921;0.019220;0.101447
0.015232;-0.009510;0.053563
0.005656;-0.009510;0.005679
0.005656;-0.028664;-0.061358
0.015232;-0.009510;-0.128396
-0.003921;0.009644;-0.128396
-0.023075;0.000067;-0.109242
-0.003921;-0.019087;-0.061358
-0.013498;0.000067;0.015256
-0.013498;0.009644;0.082294
-0.003921;-0.019087;0.130177
-0.003921;0.009644;0.130177
-0.013498;0.000067;0.149331
0.015232;-0.009510;0.072717
-0.003921;0.009644;0.005679
-0.023075;0.028797;-0.061358
0.005656;-0.028664;-0.137973
0.005656;0.019220;-0.137973
-0.003921;0.000067;-0.099666
0.005656;-0.009510;-0.070935
-0.003921;0.000067;-0.013474
0.005656;0.000067;0.072717
-0.003921;0.009644;0.101447
-0.003921;-0.019087;0.149331
-0.013498;-0.009510;0.101447
0.015232;0.000067;0.043986
0.005656;-0.009510;-0.003898
0.005656;-0.009510;-0.128396
-0.003921;0.019220;-0.128396
-0.003921;0.000067;-0.137973
-0.003921;0.028797;-0.118819
-0.013498;-0.019087;-0.042205
-0.003921;0.000067;0.015256
-0.003921;-0.009510;0.053563
-0.003921;0.000067;0.120601
0.005656;0.028797;0.111024
0.024809;0.000067;0.111024
-0.013498;0.000067;0.015256
0.005656;-0.019087;-0.013474
-0.003921;-0.009510;-0.070935
-0.003921;0.000067;-0.128396
-0.003921;0.000067;-0.147550
-0.003921;0.000067;-0.109242
-0.013498;0.000067;-0.061358
0.005656;0.009644;0.024833
-0.013498;0.019220;0.053563
0.005656;0.019220;0.101447
-0.023075;0.009644;0.111024
0.005656;0.009644;0.130177
-0.003921;0.009644;0.091870
0.015232;0.009644;-0.013474
0.015232;0.019220;-0.109242
-0.003921;0.009644;-0.099666
-0.013498;0.000067;-0.137973
0.005656;0.000067;-0.128396
0.005656;0.009644;-0.061358
0.005656;0.000067;0.005679
0.005656;-0.009510;0.053563
-0.003921;0.009644;0.130177
0.015232;-0.009510;0.130177
-0.013498;-0.028664;0.130177
-0.003921;0.009644;0.043986
0.015232;0.000067;-0.023051
-0.003921;0.019220;-0.061358
0.005656;-0.028664;-0.080512
-0.023075;-0.028664;-0.128396
-0.003921;0.000067;-0.109242
0.024809;0.000067;-0.099666
0.015232;0.019220;0.034410
-0.003921;-0.009510;0.053563
-0.003921;0.009644;0.091870
-0.013498;0.000067;0.120601
-0.003921;0.009644;0.130177
-0.003921;0.028797;0.082294
-0.003921;0.000067;0.043986
0.005656;-0.009510;-0.070935
-0.013498;0.000067;-0.109242
0.005656;-0.019087;-0.109242
0.005656;0.000067;-0.118819
-0.003921;0.019220;-0.032628
0.005656;0.009644;-0.003898
0.005656;-0.019087;0.101447
0.005656;-0.009510;0.101447
0.005656;-0.019087;0.130177
0.005656;-0.009510;0.130177
0.015232;0.000067;0.053563
-0.003921;0.000067;-0.013474
-0.003921;0.000067;-0.051782
-0.003921;-0.028664;-0.109242
-0.013498;0.000067;-0.147550
-0.013498;-0.009510;-0.118819
0.024809;-0.009510;-0.080512
0.005656;-0.009510;-0.003898
0.005656;-0.009510;0.072717
0.005656;-0.028664;0.091870
-0.003921;-0.019087;0.130177
-0.003921;0.009644;0.082294
-0.003921;0.009644;0.120601
-0.013498;0.000067;0.005679
0.005656;-0.009510;-0.099666
-0.003921;0.000067;-0.118819
0.005656;-0.009510;-0.118819
-0.003921;0.000067;-0.099666
-0.003921;0.009644;-0.080512
-0.013498;0.019220;-0.003898
-0.003921;-0.009510;0.063140
0.015232;0.000067;0.139754
0.005656;0.019220;0.120601
-0.003921;-0.009510;0.130177
-0.003921;0.000067;0.063140
-0.003921;-0.019087;0.015256
-0.013498;0.000067;-0.013474
-0.003921;0.000067;-0.118819
-0.013498;-0.009510;-0.118819
0.005656;-0.009510;-0.109242
0.015232;0.000067;-0.042205
0.015232;0.009644;-0.013474
0.005656;0.000067;0.034410
0.005656;0.009644;0.120601
0.015232;0.009644;0.139754
-0.023075;-0.009510;0.130177
0.024809;0.000067;0.082294
0.005656;0.000067;-0.003898
0.005656;0.019220;-0.051782
0.015232;-0.019087;-0.099666
-0.003921;0.009644;-0.109242
-0.003921;0.000067;-0.090089
-0.003921;0.000067;-0.080512
-0.013498;0.000067;-0.013474
0.015232;0.019220;0.072717
0.005656;-0.019087;0.120601
-0.003921;0.000067;0.130177
-0.003921;0.000067;0.111024
-0.003921;0.000067;0.091870
-0.003921;0.000067;0.024833
0.024809;0.009644;-0.090089
-0.003921;0.009644;-0.118819
0.005656;0.009644;-0.118819
-0.013498;0.000067;-0.118819
0.005656;0.000067;-0.080512
-0.013498;-0.009510;-0.023051
-0.003921;0.009644;0.072717
0.005656;0.009644;0.111024
0.015232;0.000067;0.139754
-0.003921;-0.009510;0.139754
-0.003921;0.009644;0.072717
0.005656;-0.009510;-0.023051
0.015232;0.000067;-0.042205
-0.003921;-0.009510;-0.080512
0.005656;-0.009510;-0.147550
-0.003921;-0.009510;-0.090089
0.015232;-0.009510;-0.099666
0.005656;0.009644;0.005679
0.005656;0.000067;0.034410
-0.003921;0.019220;0.111024
-0.023075;0.000067;0.120601
-0.003921;0.000067;0.130177
-0.003921;-0.019087;0.063140
-0.003921;0.000067;0.034410
-0.003921;-0.009510;-0.051782
-0.023075;-0.009510;-0.128396
-0.003921;-0.009510;-0.137973
-0.013498;-0.019087;-0.128396
-0.023075;0.009644;-0.061358
0.005656;-0.009510;-0.032628
0.005656;-0.009510;0.034410
-0.013498;0.019220;0.111024
0.005656;0.009644;0.130177
0.015232;0.019220;0.139754
0.005656;0.000067;0.072717
0.015232;0.009644;0.043986
-0.003921;0.019220;-0.042205
0.015232;-0.009510;-0.070935
0.005656;-0.009510;-0.157126
-0.003921;0.000067;-0.128396
-0.013498;-0.009510;-0.099666
0.005656;0.028797;-0.013474
0.005656;-0.009510;0.101447
0.005656;-0.009510;0.120601
0.005656;-0.019087;0.130177
0.005656;0.009644;0.072717
0.015232;0.000067;0.024833
0.005656;0.000067;-0.080512
0.005656;-0.009510;-0.090089
-0.003921;0.000067;-0.118819
0.005656;0.000067;-0.099666
0.015232;-0.019087;-0.061358
-0.023075;-0.019087;-0.013474
0.005656;0.019220;0.111024
-0.013498;0.009644;0.111024
-0.003921;0.019220;0.111024
-0.003921;-0.009510;0.072717
-0.003921;-0.009510;0.005679
0.015232;0.000067;-0.023051
-0.003921;0.038374;-0.109242
-0.013498;-0.009510;-0.137973
0.005656;-0.009510;-0.109242
0.034386;0.019220;-0.023051
0.005656;0.000067;0.053563
0.005656;0.028797;0.091870
-0.003921;-0.009510;0.139754
0.015232;-0.009510;0.120601
-0.003921;-0.009510;0.091870
-0.003921;0.019220;-0.003898
-0.003921;0.019220;-0.042205
-0.013498;-0.019087;-0.099666
0.005656;-0.009510;-0.118819
-0.023075;0.009644;-0.128396
-0.013498;-0.028664;-0.090089
-0.003921;0.000067;-0.023051
-0.003921;-0.009510;0.043986
0.005656;0.000067;0.111024
0.015232;-0.019087;0.120601
0.005656;0.000067;0.072717
-0.003921;-0.028664;0.043986
-0.003921;-0.009510;-0.051782
-0.003921;0.009644;-0.070935
0.015232;-0.009510;-0.128396
0.015232;0.009644;-0.137973
-0.013498;0.019220;-0.090089
0.005656;0.000067;-0.023051
0.005656;-0.009510;0.015256
0.015232;0.019220;0.072717
-0.003921;0.009644;0.130177
-0.003921;0.009644;0.139754
0.015232;0.000067;0.111024
-0.013498;-0.019087;-0.013474
-0.003921;0.009644;-0.042205
0.005656;-0.009510;-0.109242
0.005656;-0.009510;-0.109242
-0.003921;-0.009510;-0.109242
-0.013498;-0.009510;-0.109242
0.005656;0.019220;-0.051782
0.005656;0.000067;0.034410
0.005656;-0.009510;0.082294
0.005656;0.000067;0.120601
0.015232;-0.028664;0.130177
0.005656;-0.009510;0.082294
0.024809;0.019220;0.053563
-0.013498;-0.019087;-0.013474
0.024809;0.009644;-0.109242
0.005656;0.000067;-0.118819
-0.013498;-0.028664;-0.128396
-0.013498;-0.019087;-0.042205
0.005656;-0.019087;-0.013474
-0.003921;-0.009510;0.005679
0.015232;0.009644;0.139754
-0.003921;-0.009510;0.158908
0.005656;0.000067;0.101447
-0.003921;0.009644;0.111024
-0.013498;0.000067;0.024833
-0.003921;-0.009510;-0.013474
-0.023075;0.000067;-0.051782
-0.003921;-0.009510;-0.137973
-0.013498;-0.019087;-0.080512
-0.003921;-0.019087;-0.099666
-0.003921;0.019220;-0.051782
-0.003921;-0.019087;0.043986
0.005656;-0.019087;0.082294
-0.013498;0.009644;0.091870
0.005656;-0.019087;0.139754
-0.003921;0.019220;0.111024
-0.013498;0.000067;0.043986
0.005656;-0.038240;-0.061358
-0.003921;-0.009510;-0.099666
-0.003921;0.019220;-0.099666
-0.003921;-0.009510;-0.128396
0.005656;0.009644;-0.080512
0.015232;0.000067;-0.003898
-0.003921;0.019220;0.015256
0.005656;-0.009510;0.101447
0.015232;0.000067;0.130177
-0.003921;0.009644;0.111024
-0.023075;0.000067;0.130177
0.015232;0.000067;0.024833
0.005656;-0.019087;-0.013474
-0.013498;0.000067;-0.090089
0.005656;-0.019087;-0.137973
-0.003921;-0.019087;-0.137973
0.005656;-0.019087;-0.147550
-0.013498;0.000067;0.005679
0.015232;0.000067;0.015256
0.015232;0.000067;0.111024
-0.003921;-0.009510;0.091870
-0.003921;0.019220;0.120601
0.005656;0.009644;0.111024
-0.003921;0.000067;0.072717
-0.003921;-0.019087;-0.051782
-0.003921;-0.009510;-0.070935
-0.003921;-0.019087;-0.118819
0.015232;0.009644;-0.109242
-0.003921;-0.019087;-0.099666
0.005656;0.000067;-0.051782
0.015232;-0.019087;0.024833
-0.013498;0.009644;0.101447
0.015232;0.009644;0.139754
0.005656;0.000067;0.139754
0.015232;0.009644;0.082294
0.005656;0.009644;0.034410
0.005656;-0.009510;-0.023051
-0.003921;0.000067;-0.061358
-0.023075;0.000067;-0.128396
-0.013498;-0.009510;-0.137973
-0.003921;-0.019087;-0.099666
0.015232;-0.009510;-0.013474
-0.003921;0.000067;0.015256
0.005656;0.009644;0.063140
0.005656;-0.019087;0.120601
-0.003921;-0.038240;0.120601
0.005656;0.009644;0.111024
0.015232;0.000067;0.082294
0.015232;-0.009510;-0.003898
0.005656;0.019220;-0.090089
0.015232;0.019220;-0.080512
0.024809;0.009644;-0.128396
0.005656;-0.009510;-0.099666
-0.003921;-0.009510;-0.051782
-0.003921;-0.009510;-0.003898
-0.013498;0.000067;0.101447
-0.013498;0.000067;0.130177
-0.013498;-0.028664;0.130177
-0.003921;0.028797;0.072717
-0.013498;-0.009510;0.043986
0.005656;-0.028664;-0.023051
-0.003921;-0.009510;-0.099666
0.005656;0.000067;-0.109242
0.005656;0.000067;-0.137973
-0.003921;0.009644;-0.128396
-0.003921;0.000067;-0.051782
-0.023075;0.009644;0.005679
0.015232;-0.019087;0.053563
0.015232;0.019220;0.120601
0.005656;0.009644;0.158908
-0.003921;-0.019087;0.082294
0.005656;0.000067;0.024833
-0.003921;-0.009510;-0.013474
0.005656;-0.009510;-0.090089
-0.013498;-0.009510;-0.118819
-0.003921;-0.019087;-0.080512
-0.003921;-0.028664;-0.090089
-0.013498;0.019220;-0.090089
0.005656;0.019220;-0.003898
0.015232;0.000067;0.082294
-0.003921;-0.009510;0.091870
0.015232;0.028797;0.130177
0.005656;0.000067;0.091870
0.005656;0.000067;0.053563
0.024809;0.000067;0.005679
-0.003921;0.009644;-0.099666
0.015232;0.000067;-0.099666
-0.003921;0.009644;-0.099666
-0.003921;0.019220;-0.118819
0.015232;0.009644;-0.051782
-0.023075;-0.009510;-0.013474
-0.003921;-0.009510;0.053563
-0.013498;0.000067;0.130177
-0.003921;0.000067;0.111024
0.005656;-0.009510;0.120601
-0.003921;0.000067;0.005679
0.005656;-0.009510;-0.003898
-0.003921;-0.019087;-0.080512
-0.013498;-0.009510;-0.099666
-0.003921;-0.009510;-0.147550
-0.003921;0.009644;-0.118819
-0.003921;0.000067;-0.023051
0.005656;-0.019087;0.053563
0.005656;0.009644;0.091870
0.015232;0.009644;0.101447
0.005656;0.009644;0.158908
-0.003921;0.009644;0.091870
-0.003921;0.000067;0.043986
0.005656;0.019220;0.024833
-0.013498;0.000067;-0.070935
-0.013498;-0.009510;-0.099666
0.005656;0.000067;-0.128396
-0.003921;-0.009510;-0.109242
-0.003921;-0.009510;-0.061358
0.024809;-0.028664;-0.013474
-0.003921;0.009644;0.063140
0.005656;0.019220;0.101447
0.005656;-0.019087;0.130177
0.005656;-0.009510;0.043986
-0.013498;-0.019087;0.005679
-0.003921;0.009644;-0.061358
-0.003921;-0.019087;-0.109242
-0.003921;0.000067;-0.128396
-0.013498;0.009644;-0.118819
-0.003921;0.000067;-0.042205
0.005656;0.009644;0.005679
0.005656;0.000067;0.072717
0.015232;0.000067;0.101447
-0.003921;0.000067;0.130177
0.005656;0.000067;0.091870
-0.003921;0.000067;0.091870
-0.013498;0.000067;0.005679
0.005656;0.009644;-0.090089
-0.003921;-0.009510;-0.090089
-0.003921;0.000067;-0.109242
0.005656;0.009644;-0.080512
-0.003921;0.028797;-0.032628
-0.023075;0.000067;-0.032628
-0.013498;-0.019087;0.072717
-0.013498;-0.009510;0.149331
-0.023075;0.000067;0.130177
-0.013498;0.028797;0.063140
-0.013498;0.009644;0.024833
-0.003921;0.000067;0.005679
0.015232;-0.009510;-0.051782
0.005656;0.000067;-0.109242
-0.013498;0.000067;-0.099666
-0.003921;0.000067;-0.109242
0.015232;0.000067;-0.042205
0.005656;-0.009510;0.015256
-0.003921;-0.028664;0.091870
0.005656;-0.009510;0.130177
0.015232;0.000067;0.120601
-0.013498;-0.009510;0.101447
-0.003921;0.000067;-0.003898
0.005656;0.000067;-0.090089
-0.003921;0.000067;-0.118819
0.005656;-0.009510;-0.137973
0.005656;0.000067;-0.137973
-0.003921;0.000067;-0.109242
-0.003921;0.000067;-0.042205
0.005656;0.000067;0.082294
0.005656;0.000067;0.120601
0.015232;-0.019087;0.139754
0.015232;0.000067;0.091870
0.005656;0.009644;0.043986
0.005656;0.009644;-0.003898
0.005656;-0.038240;-0.023051
-0.013498;-0.009510;-0.118819
0.005656;0.000067;-0.128396
-0.023075;0.019220;-0.128396
-0.023075;0.009644;-0.042205
-0.003921;-0.019087;-0.003898
-0.003921;-0.009510;0.053563
0.005656;0.000067;0.111024
-0.003921;0.019220;0.130177
-0.003921;0.000067;0.149331
-0.013498;-0.009510;0.063140
0.015232;-0.009510;0.024833
-0.013498;0.019220;-0.032628
-0.003921;0.009644;-0.099666
-0.003921;0.000067;-0.118819
-0.003921;-0.009510;-0.109242
-0.003921;0.000067;-0.080512
0.005656;0.000067;0.005679
0.005656;0.009644;0.111024
0.005656;0.000067;0.120601
-0.003921;0.009644;0.130177
-0.003921;-0.009510;0.101447
-0.013498;0.000067;0.043986
0.005656;0.000067;0.005679
-0.003921;0.000067;-0.051782
0.005656;-0.019087;-0.109242
-0.003921;0.000067;-0.109242
0.015232;-0.009510;-0.109242
-0.003921;0.000067;-0.070935
-0.003921;-0.009510;-0.003898
0.015232;-0.009510;0.043986
0.015232;0.000067;0.120601
-0.003921;0.000067;0.130177
0.015232;0.000067;0.149331
0.005656;0.019220;0.043986
-0.013498;-0.028664;-0.003898
0.005656;-0.028664;-0.070935
-0.003921;-0.028664;-0.080512
-0.013498;0.009644;-0.128396
-0.003921;-0.019087;-0.099666
0.015232;0.000067;-0.090089
0.005656;0.000067;0.015256
-0.003921;0.028797;0.053563
0.005656;-0.019087;0.072717
0.005656;-0.009510;0.139754
0.015232;0.000067;0.130177
0.015232;0.009644;0.091870
-0.003921;0.000067;0.034410
-0.003921;-0.009510;-0.042205
-0.013498;-0.009510;-0.109242
0.005656;-0.019087;-0.090089
-0.013498;0.000067;-0.090089
0.015232;-0.009510;-0.070935
0.005656;-0.009510;-0.003898
-0.003921;0.009644;0.015256
-0.013498;0.000067;0.091870
-0.003921;0.009644;0.120601
0.015232;-0.009510;0.130177
0.005656;0.019220;0.034410
0.015232;0.000067;-0.013474
-0.003921;0.000067;-0.032628
0.005656;-0.019087;-0.128396
0.015232;0.009644;-0.118819
0.005656;0.000067;-0.128396
0.005656;0.000067;-0.090089
0.005656;0.019220;-0.013474
0.015232;0.000067;0.024833
0.005656;0.000067;0.091870
-0.003921;0.009644;0.130177
-0.013498;0.000067;0.120601
-0.003921;0.009644;0.082294
-0.003921;-0.009510;-0.003898
0.015232;0.009644;-0.070935
-0.003921;-0.009510;-0.090089
-0.013498;-0.019087;-0.099666
0.005656;-0.009510;-0.099666
-0.013498;0.000067;-0.061358
-0.023075;-0.009510;-0.003898
0.005656;-0.009510;0.072717
0.005656;0.019220;0.101447
-0.013498;0.000067;0.120601
-0.003921;-0.019087;0.034410
-0.013498;0.009644;0.015256
0.005656;-0.009510;-0.032628
0.005656;-0.009510;-0.070935
-0.003921;0.019220;-0.090089
0.015232;0.009644;-0.118819
-0.003921;0.009644;-0.032628
-0.003921;-0.009510;0.005679
-0.003921;-0.009510;0.043986
0.005656;0.000067;0.082294
-0.003921;0.000067;0.139754
-0.003921;-0.009510;0.139754
0.015232;-0.028664;0.082294
0.005656;0.000067;0.015256
-0.013498;0.009644;-0.042205
-0.013498;0.000067;-0.061358
0.005656;-0.009510;-0.070935
-0.003921;0.000067;-0.118819
0.015232;0.000067;-0.090089
0.005656;-0.009510;-0.023051
0.024809;0.000067;0.063140
-0.003921;-0.028664;0.091870
0.005656;-0.009510;0.101447
-0.003921;0.009644;0.101447
-0.003921;0.009644;0.072717
0.005656;-0.009510;0.024833
-0.003921;0.000067;-0.032628
-0.003921;-0.009510;-0.099666
0.015232;0.009644;-0.109242
0.005656;-0.009510;-0.118819
0.005656;-0.009510;-0.061358
0.005656;0.009644;-0.023051
-0.013498;-0.009510;0.034410
-0.003921;-0.009510;0.111024
0.015232;0.009644;0.130177
-0.003921;-0.019087;0.120601
0.005656;0.009644;0.082294
-0.013498;-0.019087;-0.003898
0.005656;0.009644;-0.061358
-0.003921;0.019220;-0.061358
0.005656;-0.009510;-0.137973
0.005656;0.009644;-0.128396
0.015232;0.000067;-0.080512
0.005656;0.009644;-0.042205
-0.003921;0.019220;0.053563
-0.003921;0.000067;0.072717
0.005656;-0.009510;0.130177
0.005656;0.009644;0.101447
0.005656;-0.019087;0.072717
-0.003921;0.009644;0.043986
-0.003921;0.000067;-0.061358
0.005656;-0.028664;-0.109242
0.005656;0.000067;-0.118819
-0.023075;0.000067;-0.109242
-0.003921;0.019220;-0.070935
-0.013498;0.009644;-0.013474
0.005656;0.000067;0.005679
-0.003921;-0.019087;0.101447
0.015232;0.000067;0.120601
-0.013498;-0.019087;0.139754
-0.013498;0.000067;0.111024
0.005656;0.009644;0.005679
-0.013498;-0.009510;-0.032628
-0.013498;-0.009510;-0.090089
-0.003921;-0.019087;-0.109242
-0.023075;0.009644;-0.118819
-0.013498;-0.028664;-0.099666
0.005656;0.019220;-0.003898
-0.003921;0.000067;0.063140
-0.003921;0.000067;0.101447
0.015232;0.000067;0.130177
-0.003921;0.000067;0.101447
0.005656;0.000067;0.091870
-0.003921;-0.009510;0.053563
-0.003921;0.000067;-0.061358
-0.003921;-0.019087;-0.099666
0.005656;0.009644;-0.118819
0.005656;0.019220;-0.128396
-0.013498;-0.019087;-0.070935
0.005656;0.009644;-0.051782
0.015232;0.028797;0.005679
-0.013498;0.009644;0.111024
-0.003921;0.009644;0.139754
0.015232;-0.009510;0.120601
-0.013498;-0.009510;0.043986
-0.003921;0.000067;0.015256
0.005656;-0.009510;-0.023051
-0.003921;-0.009510;-0.118819
0.005656;0.000067;-0.128396
-0.013498;0.009644;-0.090089
-0.003921;0.000067;-0.109242
-0.013498;-0.009510;-0.013474
-0.003921;0.009644;0.024833
0.015232;0.009644;0.063140
0.015232;-0.009510;0.139754
0.015232;0.000067;0.111024
0.024809;-0.009510;0.063140
-0.003921;0.019220;0.043986
-0.003921;0.019220;-0.032628
-0.013498;0.009644;-0.090089
0.005656;0.000067;-0.109242
0.005656;0.009644;-0.109242
0.015232;0.019220;-0.099666
0.005656;0.000067;-0.042205
-0.013498;0.009644;0.053563
0.015232;-0.019087;0.082294
-0.003921;0.000067;0.111024
-0.013498;-0.028664;0.139754
-0.003921;-0.009510;0.072717
0.005656;0.000067;0.034410
-0.003921;0.000067;-0.013474
-0.003921;0.000067;-0.099666
-0.013498;0.009644;-0.128396
-0.003921;0.000067;-0.109242
-0.013498;-0.009510;-0.080512
-0.013498;-0.019087;0.005679
0.015232;0.009644;0.053563
0.005656;0.000067;0.111024
-0.003921;-0.019087;0.130177
0.005656;-0.009510;0.111024
-0.003921;0.000067;0.111024
0.005656;0.000067;0.005679
0.005656;0.000067;-0.013474
0.005656;-0.009510;-0.051782
-0.013498;0.000067;-0.109242
0.015232;-0.009510;-0.061358
0.015232;0.000067;-0.042205
-0.003921;0.000067;0.015256
-0.003921;0.000067;0.101447
-0.013498;0.009644;0.139754
0.015232;-0.009510;0.120601
-0.013498;0.009644;0.101447
0.005656;-0.009510;0.043986
0.005656;-0.019087;0.005679
0.005656;-0.009510;-0.099666
-0.003921;0.000067;-0.118819
-0.003921;0.000067;-0.099666
-0.013498;0.009644;-0.070935
0.005656;0.009644;-0.013474
0.005656;-0.009510;0.015256
-0.003921;0.009644;0.053563
0.015232;-0.019087;0.120601
0.005656;0.019220;0.120601
0.015232;0.000067;0.111024
0.005656;0.000067;0.015256
0.005656;0.000067;-0.051782
0.005656;0.000067;-0.070935
-0.013498;0.019220;-0.128396
-0.013498;0.000067;-0.109242
-0.003921;-0.009510;-0.090089
0.015232;-0.019087;-0.061358
0.005656;-0.019087;0.043986
-0.003921;-0.009510;0.063140
0.005656;-0.009510;0.111024
0.024809;-0.028664;0.111024
0.015232;0.019220;0.082294
-0.003921;0.009644;0.053563
-0.013498;-0.009510;-0.003898
0.005656;0.009644;-0.080512
-0.003921;0.000067;-0.099666
-0.013498;0.000067;-0.099666
-0.003921;-0.009510;-0.080512
0.005656;-0.028664;-0.051782
0.015232;0.000067;-0.003898
0.005656;0.009644;0.130177
0.005656;0.028797;0.120601
0.005656;0.000067;0.120601
-0.003921;0.009644;0.130177
0.015232;0.019220;0.063140
-0.003921;0.000067;-0.013474
-0.013498;0.000067;-0.061358
-0.003921;0.000067;-0.118819
-0.023075;0.009644;-0.109242
-0.003921;-0.019087;-0.118819
0.015232;0.009644;-0.061358
0.005656;0.009644;0.015256
-0.003921;-0.009510;0.072717
-0.003921;0.000067;0.101447
0.005656;0.019220;0.130177
-0.003921;-0.019087;0.082294
0.005656;0.000067;0.072717
0.005656;0.000067;-0.042205
0.015232;-0.019087;-0.080512
-0.013498;0.000067;-0.099666
0.015232;0.009644;-0.109242
-0.003921;-0.019087;-0.080512
0.005656;0.000067;-0.032628
0.005656;-0.009510;0.005679
-0.003921;0.019220;0.072717
-0.003921;0.009644;0.130177
-0.003921;0.000067;0.130177
0.024809;0.009644;0.072717
0.005656;0.000067;0.043986
0.024809;-0.019087;-0.013474
-0.013498;-0.019087;-0.070935
0.005656;0.000067;-0.109242
-0.013498;0.009644;-0.109242
-0.003921;-0.009510;-0.080512
0.005656;-0.009510;-0.051782
0.005656;0.019220;0.015256
-0.013498;-0.009510;0.063140
-0.003921;0.009644;0.120601
0.005656;-0.009510;0.101447
-0.013498;-0.019087;0.101447
-0.003921;0.000067;0.063140
0.015232;0.009644;-0.032628
-0.003921;0.000067;-0.061358
-0.003921;-0.009510;-0.090089
-0.003921;-0.019087;-0.090089
0.005656;0.000067;-0.080512
0.005656;0.000067;-0.051782
-0.013498;0.000067;0.005679
0.005656;-0.009510;0.091870
-0.013498;0.019220;0.111024
-0.003921;-0.009510;0.120601
0.015232;0.009644;0.101447
0.015232;-0.009510;0.034410
0.005656;0.000067;-0.013474
-0.013498;-0.009510;-0.090089
-0.003921;0.009644;-0.109242
-0.003921;-0.009510;-0.099666
0.005656;0.019220;-0.080512
-0.003921;0.019220;-0.051782
0.015232;-0.019087;0.024833
-0.003921;0.000067;0.082294
-0.003921;0.009644;0.091870
-0.013498;-0.009510;0.139754
0.005656;0.009644;0.130177
0.005656;0.009644;0.063140
0.015232;0.000067;-0.013474
-0.023075;0.028797;-0.061358
-0.003921;0.009644;-0.070935
0.015232;-0.009510;-0.109242
0.005656;-0.009510;-0.090089
-0.013498;-0.019087;-0.090089
0.015232;-0.019087;0.015256
-0.013498;-0.028664;0.063140
-0.023075;0.000067;0.091870
0.005656;-0.019087;0.120601
-0.013498;0.000067;0.072717
-0.003921;0.019220;0.034410
-0.003921;0.000067;0.015256
-0.003921;0.009644;-0.061358
0.015232;0.009644;-0.090089
-0.013498;0.009644;-0.109242
0.005656;-0.009510;-0.109242
-0.013498;-0.009510;-0.061358
0.005656;-0.009510;0.015256
-0.003921;0.019220;0.024833
0.024809;0.009644;0.111024
0.005656;0.009644;0.120601
0.005656;0.000067;0.101447
0.015232;-0.019087;0.063140
0.005656;0.009644;-0.013474
-0.023075;-0.009510;-0.061358
0.015232;0.000067;-0.070935
0.005656;0.019220;-0.099666
-0.003921;-0.009510;-0.099666
0.005656;0.019220;-0.061358
-0.003921;-0.019087;0.043986
-0.003921;0.009644;0.034410
-0.003921;-0.009510;0.082294
-0.003921;0.000067;0.111024
0.005656;0.019220;0.101447
0.005656;-0.009510;0.043986
0.015232;0.009644;-0.013474
-0.013498;0.000067;-0.061358
0.005656;0.000067;-0.109242
-0.032652;-0.009510;-0.128396
-0.003921;0.019220;-0.099666
0.005656;0.019220;-0.042205
0.015232;0.009644;-0.003898
0.005656;-0.009510;0.015256
0.015232;-0.009510;0.111024
0.005656;-0.009510;0.111024
-0.003921;-0.019087;0.101447
-0.013498;0.000067;0.034410
-0.003921;0.009644;-0.003898
0.015232;0.028797;-0.061358
0.005656;-0.009510;-0.099666
-0.013498;0.009644;-0.090089
-0.013498;0.000067;-0.099666
-0.013498;0.038374;-0.061358
-0.013498;0.009644;0.005679
-0.013498;-0.009510;0.053563
0.005656;-0.019087;0.082294
-0.003921;0.009644;0.130177
-0.003921;0.000067;0.082294
-0.003921;0.000067;0.072717
-0.003921;0.000067;0.015256
-0.003921;-0.009510;-0.061358
-0.003921;0.009644;-0.109242
-0.013498;-0.019087;-0.128396
-0.003921;-0.019087;-0.090089
-0.013498;-0.009510;-0.051782
-0.003921;0.000067;-0.013474
0.005656;0.009644;0.063140
-0.013498;0.019220;0.082294
0.005656;0.000067;0.111024
-0.003921;0.000067;0.130177
-0.003921;0.028797;0.043986
-0.023075;0.009644;0.005679
0.015232;0.019220;-0.099666
-0.003921;0.000067;-0.109242
-0.003921;0.009644;-0.128396
0.005656;-0.019087;-0.109242
-0.003921;-0.028664;-0.023051
0.005656;-0.019087;0.015256
0.005656;-0.009510;0.063140
-0.003921;0.009644;0.063140
0.005656;-0.009510;0.120601
-0.013498;0.009644;0.101447
0.005656;0.000067;0.063140
-0.003921;0.028797;-0.023051
-0.013498;0.009644;-0.061358
-0.003921;-0.009510;-0.090089
-0.013498;0.009644;-0.109242
-0.003921;-0.028664;-0.099666
-0.013498;-0.009510;-0.051782
-0.013498;0.009644;-0.051782
0.005656;0.009644;0.072717
0.015232;-0.019087;0.101447
0.015232;0.000067;0.091870
-0.003921;0.000067;0.091870
0.034386;0.009644;0.043986
0.005656;0.009644;0.015256
0.015232;0.000067;-0.061358
-0.003921;0.000067;-0.128396
-0.013498;-0.009510;-0.109242
-0.003921;0.000067;-0.099666
-0.003921;0.028797;-0.032628
0.005656;0.000067;0.034410
-0.003921;0.000067;0.053563
0.005656;-0.009510;0.091870
-0.003921;0.000067;0.111024
0.005656;0.000067;0.101447
-0.013498;0.009644;0.063140
0.015232;0.009644;-0.003898
0.015232;0.000067;-0.042205
-0.003921;-0.009510;-0.099666
0.015232;-0.009510;-0.090089
-0.003921;0.000067;-0.013474
0.015232;0.000067;0.063140
0.015232;0.000067;0.111024
-0.013498;-0.019087;0.111024
-0.003921;-0.009510;0.063140
-0.003921;0.000067;0.082294
-0.003921;0.028797;0.005679
-0.003921;0.000067;-0.070935
-0.003921;-0.009510;-0.099666
-0.023075;-0.019087;-0.099666
-0.003921;0.009644;-0.109242
0.005656;0.019220;-0.061358
-0.023075;-0.009510;-0.023051
0.005656;0.009644;0.053563
0.005656;0.009644;0.101447
0.005656;-0.009510;0.130177
0.024809;-0.019087;0.101447
0.005656;0.009644;0.091870
-0.013498;0.000067;-0.013474
-0.003921;-0.009510;-0.061358
-0.003921;-0.019087;-0.090089
-0.003921;0.009644;-0.099666
-0.013498;0.009644;-0.090089
0.005656;0.009644;-0.090089
-0.003921;-0.009510;0.015256
-0.003921;0.000067;0.043986
0.005656;0.000067;0.091870
0.015232;0.000067;0.101447
-0.003921;-0.009510;0.158908
0.005656;-0.009510;0.091870
0.005656;-0.019087;0.005679
0.005656;0.019220;-0.070935
0.005656;-0.009510;-0.099666
0.005656;-0.009510;-0.137973
0.024809;0.009644;-0.090089
-0.003921;0.019220;-0.051782
-0.003921;0.009644;-0.023051
-0.003921;0.009644;0.005679
0.005656;0.009644;0.120601
-0.013498;0.009644;0.120601
0.005656;0.009644;0.111024
-0.013498;-0.009510;0.053563
-0.003921;-0.009510;-0.003898
0.015232;0.000067;-0.032628
-0.013498;0.000067;-0.061358
-0.003921;0.000067;-0.109242
0.005656;0.000067;-0.109242
-0.003921;-0.009510;-0.070935
0.015232;-0.019087;0.005679
0.005656;-0.009510;0.024833
-0.003921;-0.009510;0.091870
-0.013498;-0.009510;0.111024
-0.003921;0.009644;0.111024
0.015232;0.009644;0.082294
0.005656;-0.009510;0.015256
0.005656;-0.009510;-0.032628
-0.003921;0.009644;-0.090089
0.005656;0.019220;-0.099666
-0.003921;-0.009510;-0.118819
-0.003921;-0.028664;-0.070935
0.005656;0.019220;-0.061358
-0.003921;-0.009510;0.024833
0.005656;0.000067;0.091870
0.024809;0.009644;0.082294
-0.003921;-0.009510;0.091870
-0.003921;-0.009510;0.034410
0.005656;0.000067;-0.051782
-0.003921;0.000067;-0.090089
-0.003921;0.009644;-0.128396
0.005656;0.009644;-0.099666
0.005656;0.000067;-0.070935
-0.013498;-0.009510;0.015256
-0.013498;-0.019087;0.082294
-0.013498;-0.019087;0.091870
0.005656;-0.019087;0.111024
0.015232;0.000067;0.130177
-0.003921;0.019220;0.101447
-0.013498;0.000067;0.005679
0.005656;-0.009510;-0.051782
-0.013498;0.009644;-0.080512
0.005656;0.000067;-0.099666
0.015232;0.009644;-0.099666
-0.013498;0.000067;-0.051782
-0.003921;-0.009510;-0.023051
0.005656;-0.009510;0.034410
0.005656;-0.028664;0.091870
0.005656;0.000067;0.091870
0.015232;-0.009510;0.091870
-0.003921;0.000067;0.053563
-0.013498;-0.019087;0.024833
-0.003921;0.009644;-0.013474
-0.003921;0.009644;-0.118819
-0.013498;0.009644;-0.128396
-0.003921;-0.009510;-0.109242
-0.003921;-0.009510;-0.051782
-0.003921;0.000067;-0.013474
-0.003921;0.019220;0.005679
-0.003921;-0.009510;0.101447
-0.003921;0.000067;0.101447
-0.003921;0.000067;0.120601
-0.013498;0.009644;0.120601
0.005656;0.009644;-0.003898
0.005656;0.000067;-0.013474
-0.003921;-0.009510;-0.070935
0.005656;0.000067;-0.128396
-0.013498;0.000067;-0.109242
-0.003921;0.009644;-0.099666
-0.013498;0.009644;-0.023051
-0.003921;0.000067;0.043986
0.015232;0.019220;0.072717
-0.003921;0.019220;0.111024
-0.003921;0.009644;0.120601
0.005656;0.009644;0.072717
0.005656;0.009644;-0.003898
0.015232;-0.009510;-0.080512
-0.013498;0.000067;-0.099666
-0.013498;0.000067;-0.032628
0.015232;-0.019087;-0.042205
-0.003921;-0.028664;0.024833
-0.013498;0.028797;0.091870
-0.003921;-0.009510;0.139754
-0.003921;0.000067;0.082294
0.005656;0.009644;0.005679
-0.003921;0.000067;-0.032628
0.015232;0.009644;-0.061358
0.005656;0.000067;-0.090089
0.005656;-0.019087;-0.090089
0.015232;0.000067;-0.051782
0.015232;-0.009510;0.053563
-0.003921;0.000067;0.053563
0.005656;0.000067;0.111024
0.005656;0.000067;0.082294
0.015232;-0.009510;0.053563
-0.013498;-0.009510;0.053563
-0.003921;0.009644;-0.051782
-0.003921;0.019220;-0.080512
-0.003921;0.009644;-0.099666
-0.013498;0.009644;-0.118819
-0.013498;-0.009510;-0.070935
-0.003921;-0.009510;-0.061358
-0.023075;0.000067;0.005679
0.015232;0.000067;0.091870
-0.003921;-0.009510;0.111024
-0.003921;-0.009510;0.120601
0.005656;0.000067;0.082294
-0.013498;-0.009510;0.015256
-0.003921;0.000067;-0.023051
0.015232;-0.019087;-0.042205
-0.013498;0.009644;-0.099666
-0.013498;-0.028664;-0.099666
0.005656;-0.009510;-0.099666
-0.003921;0.000067;0.015256
-0.013498;-0.009510;0.034410
0.005656;0.000067;0.091870
-0.013498;0.009644;0.091870
0.005656;0.000067;0.101447
-0.003921;0.000067;0.063140
0.005656;0.028797;0.053563
0.015232;0.000067;-0.032628
-0.013498;0.009644;-0.090089
-0.013498;-0.009510;-0.099666
-0.003921;0.019220;-0.109242
-0.013498;-0.009510;-0.070935
-0.003921;0.009644;-0.023051
0.005656;0.000067;-0.003898
0.005656;0.009644;0.072717
-0.003921;0.009644;0.101447
0.005656;-0.019087;0.101447
-0.003921;-0.009510;0.063140
0.005656;0.019220;0.015256
-0.003921;0.009644;-0.032628
-0.003921;0.009644;-0.061358
-0.003921;0.000067;-0.080512
-0.013498;-0.009510;-0.137973
0.005656;-0.009510;-0.109242
-0.003921;0.009644;-0.013474
-0.023075;-0.009510;-0.003898
-0.003921;0.019220;0.053563
0.005656;-0.028664;0.091870
-0.003921;-0.009510;0.130177
0.024809;0.009644;0.101447
0.005656;0.009644;0.053563
-0.013498;-0.019087;-0.023051
0.005656;0.000067;-0.051782
-0.003921;-0.009510;-0.090089
-0.003921;0.000067;-0.109242
0.005656;0.019220;-0.061358
-0.013498;-0.009510;-0.051782
0.005656;-0.009510;0.024833
-0.003921;-0.009510;0.101447
-0.003921;0.000067;0.111024
0.005656;0.000067;0.130177
-0.003921;-0.019087;0.072717
0.005656;0.009644;0.015256
0.005656;0.009644;-0.013474
0.015232;-0.019087;-0.070935
-0.013498;-0.009510;-0.128396
-0.003921;0.000067;-0.118819
0.005656;-0.019087;-0.080512
0.015232;-0.028664;-0.061358
-0.003921;0.000067;0.005679
-0.003921;0.000067;0.063140
0.015232;0.019220;0.120601
0.005656;-0.009510;0.101447
-0.023075;0.000067;0.072717
-0.003921;0.009644;0.024833
0.015232;0.009644;-0.042205
0.005656;0.000067;-0.070935
-0.013498;-0.019087;-0.090089
-0.003921;0.000067;-0.099666
-0.003921;0.009644;-0.080512
0.005656;0.009644;-0.042205
0.005656;0.000067;0.034410
-0.003921;-0.009510;0.063140
-0.003921;0.000067;0.082294
-0.003921;0.009644;0.101447
-0.003921;0.019220;0.082294
-0.003921;0.000067;0.034410
-0.003921;-0.009510;0.015256
-0.003921;0.000067;-0.080512
-0.013498;0.009644;-0.090089
0.015232;0.000067;-0.109242
-0.013498;0.009644;-0.070935
0.005656;0.000067;-0.013474
-0.003921;0.019220;0.024833
-0.013498;-0.009510;0.034410
-0.003921;-0.019087;0.091870
-0.013498;0.000067;0.139754
0.005656;-0.019087;0.101447
0.005656;0.000067;0.043986
-0.003921;0.000067;-0.003898
-0.003921;-0.009510;-0.023051
0.005656;-0.009510;-0.090089
-0.003921;-0.019087;-0.109242
-0.013498;0.009644;-0.070935
-0.013498;0.028797;-0.051782
-0.003921;0.000067;0.034410
-0.003921;-0.009510;0.053563
-0.003921;0.019220;0.082294
0.005656;0.019220;0.111024
0.005656;-0.009510;0.072717
0.015232;0.009644;0.024833
-0.013498;0.000067;0.015256
-0.003921;-0.009510;-0.051782
-0.013498;-0.009510;-0.070935
-0.003921;0.009644;-0.109242
0.015232;0.000067;-0.070935
0.024809;0.000067;-0.042205
0.015232;0.000067;0.005679
-0.003921;0.019220;0.082294
0.015232;0.000067;0.111024
0.015232;0.009644;0.091870
-0.003921;0.000067;0.111024
-0.013498;0.000067;0.053563
0.005656;-0.019087;-0.032628
-0.003921;-0.009510;-0.051782
0.005656;-0.009510;-0.080512
-0.003921;-0.009510;-0.109242
0.005656;0.000067;-0.080512
-0.003921;-0.019087;-0.023051
-0.013498;0.009644;0.024833
0.005656;-0.009510;0.072717
-0.013498;0.009644;0.091870
-0.003921;0.009644;0.120601
-0.013498;0.009644;0.082294
-0.013498;-0.019087;0.053563
0.005656;0.000067;-0.013474
-0.013498;0.000067;-0.061358
0.015232;-0.009510;-0.090089
0.005656;0.009644;-0.118819
0.015232;0.009644;-0.090089
0.005656;0.000067;-0.061358
0.005656;0.000067;-0.013474
0.005656;0.009644;0.043986
-0.003921;0.009644;0.091870
-0.003921;0.000067;0.120601
-0.003921;0.000067;0.053563
-0.013498;0.000067;0.024833
-0.023075;-0.028664;-0.003898
-0.013498;-0.009510;-0.023051
-0.003921;0.000067;-0.109242
-0.023075;-0.009510;-0.090089
-0.013498;0.000067;-0.090089
0.005656;0.000067;-0.051782
0.005656;-0.009510;0.015256
0.005656;0.009644;0.053563
0.005656;0.000067;0.101447
0.005656;0.019220;0.111024
0.015232;-0.009510;0.072717
-0.013498;0.000067;0.063140
-0.003921;-0.019087;-0.023051
-0.003921;-0.009510;-0.070935
0.015232;0.000067;-0.090089
-0.013498;0.009644;-0.118819
0.005656;0.009644;-0.061358
0.005656;-0.009510;-0.070935
-0.003921;0.000067;-0.003898
-0.003921;-0.009510;0.072717
-0.013498;-0.009510;0.101447
0.005656;-0.009510;0.091870
-0.003921;0.028797;0.091870
-0.013498;0.000067;0.034410
0.015232;-0.009510;0.005679
0.005656;0.000067;-0.061358
-0.013498;-0.009510;-0.109242
-0.003921;0.000067;-0.118819
-0.003921;-0.009510;-0.080512
0.005656;-0.009510;-0.023051
-0.013498;0.000067;-0.013474
0.005656;0.009644;0.034410
-0.023075;0.000067;0.101447
0.015232;0.028797;0.091870
-0.003921;-0.009510;0.072717
0.005656;0.009644;-0.003898
-0.003921;-0.009510;-0.070935
-0.023075;-0.009510;-0.090089
-0.003921;0.009644;-0.109242
0.015232;0.009644;-0.090089
0.024809;0.000067;-0.070935
0.015232;0.000067;-0.003898
-0.013498;-0.009510;0.034410
0.005656;-0.009510;0.101447
0.005656;0.000067;0.111024
0.005656;-0.009510;0.111024
-0.003921;0.000067;0.043986
0.015232;0.009644;0.015256
-0.013498;0.000067;-0.070935
-0.013498;-0.009510;-0.090089
-0.023075;0.000067;-0.109242
-0.013498;0.000067;-0.090089
0.005656;-0.019087;-0.023051
-0.003921;-0.019087;-0.003898
-0.003921;0.009644;0.024833
0.015232;0.000067;0.101447
-0.013498;-0.009510;0.111024
-0.013498;0.000067;0.091870
0.005656;0.019220;0.024833
-0.013498;0.000067;-0.003898
0.005656;0.000067;-0.023051
0.005656;-0.009510;-0.070935
-0.003921;0.009644;-0.109242
0.015232;-0.009510;-0.099666
-0.003921;-0.019087;-0.080512
0.015232;0.000067;-0.003898
-0.013498;0.000067;0.063140
-0.003921;0.019220;0.101447
0.005656;0.000067;0.111024
0.005656;0.000067;0.120601
0.005656;-0.019087;0.072717
0.005656;-0.019087;0.024833
0.024809;-0.009510;-0.042205
0.005656;-0.019087;-0.080512
-0.003921;-0.009510;-0.099666
-0.013498;0.019220;-0.070935
0.005656;-0.009510;-0.032628
-0.003921;0.009644;-0.013474
-0.003921;-0.019087;0.063140
-0.013498;-0.009510;0.101447
-0.003921;-0.019087;0.111024
-0.023075;-0.009510;0.111024
-0.003921;0.000067;0.034410
0.005656;0.000067;0.024833
0.005656;0.000067;-0.013474
-0.013498;0.009644;-0.080512
-0.013498;-0.019087;-0.090089
0.005656;0.000067;-0.090089
0.005656;-0.009510;-0.070935
0.005656;0.028797;-0.003898
0.005656;0.019220;0.053563
-0.003921;0.009644;0.101447
-0.013498;0.009644;0.101447
-0.003921;-0.019087;0.101447
-0.003921;-0.009510;0.091870
-0.003921;-0.019087;-0.023051
-0.013498;-0.019087;-0.042205
-0.003921;0.000067;-0.080512
0.015232;-0.009510;-0.099666
-0.003921;-0.009510;-0.061358
0.005656;0.009644;-0.080512
0.005656;0.000067;0.024833
0.015232;0.000067;0.063140
-0.032652;0.009644;0.082294
-0.003921;0.009644;0.082294
0.034386;0.000067;0.101447
0.015232;0.009644;0.063140
-0.003921;0.000067;-0.003898
-0.003921;-0.019087;-0.032628
0.005656;0.009644;-0.090089
0.015232;-0.009510;-0.109242
0.005656;0.000067;-0.099666
-0.023075;0.000067;-0.013474
-0.013498;0.019220;-0.023051
-0.003921;-0.009510;0.024833
-0.003921;0.000067;0.072717
0.024809;0.000067;0.111024
-0.013498;0.009644;0.111024
-0.013498;0.009644;0.072717
-0.003921;0.009644;0.024833
0.005656;0.000067;-0.032628
0.005656;0.000067;-0.090089
0.015232;-0.019087;-0.118819
-0.003921;-0.009510;-0.118819
-0.003921;-0.038240;-0.023051
0.015232;0.000067;-0.023051
0.005656;0.019220;0.082294
-0.013498;-0.019087;0.091870
-0.003921;-0.009510;0.111024
0.015232;-0.009510;0.111024
-0.013498;0.019220;0.082294
0.015232;0.000067;0.005679
0.015232;0.000067;-0.032628
-0.003921;0.000067;-0.070935
-0.013498;-0.009510;-0.099666
-0.023075;0.000067;-0.118819
-0.003921;0.009644;-0.061358
0.015232;0.019220;-0.032628
0.015232;-0.009510;0.024833
0.005656;0.019220;0.091870
-0.003921;0.009644;0.101447
0.015232;0.000067;0.072717
0.015232;0.000067;0.082294
-0.013498;0.000067;0.005679
0.015232;0.019220;-0.023051
0.015232;0.019220;-0.070935
0.005656;0.000067;-0.080512
-0.003921;-0.019087;-0.090089
-0.003921;0.009644;-0.051782
0.005656;0.000067;-0.023051
-0.023075;0.009644;-0.003898
0.015232;0.000067;0.101447
0.015232;0.000067;0.120601
-0.003921;0.019220;0.091870
0.005656;0.000067;0.091870
-0.013498;0.000067;0.034410
-0.013498;0.009644;-0.051782
0.005656;0.009644;-0.090089
-0.003921;0.000067;-0.080512
-0.003921;0.009644;-0.090089
-0.003921;0.019220;-0.042205
-0.003921;0.000067;-0.023051
0.005656;0.009644;0.024833
-0.013498;0.019220;0.101447
0.005656;0.009644;0.091870
0.015232;0.009644;0.111024
-0.013498;-0.009510;0.043986
-0.003921;-0.028664;0.034410
0.005656;0.000067;-0.032628
0.005656;-0.009510;-0.090089
0.005656;-0.019087;-0.090089
0.005656;0.019220;-0.090089
0.005656;0.019220;-0.080512
-0.023075;0.000067;-0.013474
-0.003921;0.009644;0.005679
-0.013498;0.009644;0.072717
-0.013498;-0.009510;0.082294
0.015232;0.000067;0.101447
0.005656;0.000067;0.063140
-0.003921;0.009644;0.015256
0.005656;-0.019087;-0.051782
0.005656;-0.009510;-0.080512
-0.003921;0.009644;-0.090089
-0.003921;0.000067;-0.080512
-0.013498;0.000067;-0.042205
-0.003921;0.009644;-0.023051
-0.013498;-0.009510;0.024833
-0.003921;0.000067;0.063140
0.024809;0.000067;0.091870
-0.003921;0.009644;0.111024
0.005656;0.000067;0.053563
-0.003921;0.009644;0.005679
0.015232;-0.009510;-0.023051
-0.013498;-0.019087;-0.051782
-0.003921;-0.009510;-0.118819
0.005656;0.009644;-0.109242
-0.003921;0.019220;-0.099666
0.015232;0.000067;0.015256
-0.003921;0.019220;0.053563
0.005656;0.000067;0.063140
0.005656;0.009644;0.111024
0.005656;0.019220;0.091870
-0.003921;0.019220;0.072717
0.015232;-0.009510;0.043986
0.015232;0.000067;-0.042205
0.005656;-0.009510;-0.070935
0.005656;0.000067;-0.099666
-0.013498;-0.009510;-0.099666
0.005656;-0.028664;-0.061358
-0.013498;0.000067;-0.023051
0.005656;0.019220;0.024833
-0.003921;0.009644;0.072717
0.015232;-0.009510;0.091870
-0.023075;-0.019087;0.101447
0.005656;0.019220;0.063140
-0.003921;-0.009510;0.024833
0.015232;-0.028664;-0.023051
-0.023075;-0.009510;-0.080512
-0.003921;0.009644;-0.090089
0.005656;0.019220;-0.099666
0.005656;0.000067;-0.099666
0.005656;0.000067;-0.013474
0.005656;0.019220;0.034410
0.005656;-0.009510;0.053563
-0.003921;-0.009510;0.111024
0.024809;-0.009510;0.091870
0.015232;-0.009510;0.072717
0.005656;-0.019087;-0.003898
-0.013498;0.000067;-0.023051
-0.003921;0.019220;-0.061358
0.005656;-0.019087;-0.070935
-0.003921;0.009644;-0.099666
0.005656;0.028797;-0.051782
-0.023075;0.000067;-0.032628
-0.003921;0.000067;0.024833
0.005656;-0.009510;0.091870
0.015232;0.000067;0.111024
0.005656;0.009644;0.101447
0.015232;0.000067;0.053563
-0.003921;-0.019087;0.015256
0.005656;0.000067;-0.013474
-0.003921;0.000067;-0.051782
-0.013498;0.000067;-0.099666
-0.003921;-0.009510;-0.090089
-0.013498;0.000067;-0.051782
0.005656;0.009644;-0.023051
-0.013498;-0.019087;0.024833
-0.013498;0.000067;0.043986
-0.003921;-0.028664;0.120601
-0.003921;-0.019087;0.082294
-0.013498;-0.009510;0.082294
-0.013498;0.009644;0.015256
0.005656;0.019220;-0.051782
-0.013498;0.019220;-0.061358
-0.013498;0.000067;-0.099666
0.005656;-0.009510;-0.080512
0.005656;0.009644;-0.099666
-0.003921;0.009644;-0.023051
-0.003921;-0.009510;0.034410
-0.003921;-0.028664;0.063140
0.005656;-0.019087;0.091870
0.015232;0.000067;0.072717
-0.013498;-0.009510;0.063140
-0.013498;0.000067;0.043986
-0.023075;-0.009510;-0.070935
-0.013498;0.000067;-0.061358
0.005656;0.009644;-0.080512
-0.023075;-0.009510;-0.099666
-0.003921;0.000067;-0.070935
-0.003921;-0.009510;-0.003898
0.015232;0.000067;-0.003898
0.005656;-0.009510;0.091870
0.005656;0.009644;0.130177
0.005656;0.000067;0.130177
0.005656;-0.009510;0.111024
0.005656;0.000067;0.015256
-0.003921;0.000067;-0.013474
-0.013498;-0.019087;-0.080512
-0.013498;-0.019087;-0.090089
0.015232;0.009644;-0.099666
0.015232;0.000067;-0.099666
-0.003921;0.000067;-0.013474
-0.013498;0.009644;0.024833
-0.013498;0.000067;0.072717
-0.013498;-0.019087;0.111024
0.005656;0.038374;0.082294
0.005656;0.000067;0.082294
-0.013498;0.019220;0.053563
-0.003921;0.000067;-0.032628
0.005656;0.009644;-0.080512
-0.003921;0.009644;-0.099666
-0.023075;0.000067;-0.080512
-0.003921;0.000067;-0.070935
0.015232;0.009644;-0.023051
-0.003921;0.009644;0.015256
0.005656;-0.019087;0.063140
0.024809;0.009644;0.091870
0.015232;-0.019087;0.101447
0.015232;0.000067;0.072717
-0.013498;0.009644;0.015256
-0.023075;0.019220;-0.003898
0.005656;0.009644;-0.051782
0.005656;0.000067;-0.099666
-0.023075;0.019220;-0.109242
-0.013498;-0.009510;-0.090089
0.005656;-0.009510;-0.032628
-0.003921;0.000067;0.034410
-0.003921;-0.009510;0.063140
-0.003921;0.019220;0.101447
-0.003921;0.009644;0.101447
-0.003921;0.009644;0.063140
-0.013498;0.019220;0.034410
0.015232;0.009644;-0.042205
0.015232;0.000067;-0.051782
-0.003921;-0.009510;-0.070935
0.015232;0.019220;-0.109242
0.015232;0.019220;-0.061358
0.005656;0.000067;-0.042205
0.005656;0.000067;0.043986
0.005656;0.019220;0.063140
0.005656;0.000067;0.091870
0.005656;0.009644;0.101447
0.005656;0.000067;0.053563
-0.003921;0.000067;0.053563
-0.003921;-0.009510;-0.003898
0.015232;0.000067;-0.070935
-0.013498;0.000067;-0.118819
-0.003921;0.009644;-0.118819
0.005656;0.000067;-0.099666
0.005656;0.000067;-0.023051
-0.013498;0.009644;0.024833
0.005656;0.009644;0.034410
0.015232;0.009644;0.072717
-0.003921;0.009644;0.091870
0.005656;0.009644;0.082294
-0.003921;0.000067;0.063140
-0.003921;0.009644;-0.032628
-0.003921;0.009644;-0.070935
0.024809;0.009644;-0.080512
-0.003921;0.009644;-0.080512
0.005656;-0.009510;-0.080512
0.005656;0.000067;-0.023051
-0.003921;-0.009510;0.024833
0.005656;-0.009510;0.072717
0.005656;0.000067;0.072717
0.005656;0.000067;0.063140
0.005656;0.009644;-0.003898
-0.003921;0.019220;-0.061358
-0.023075;0.009644;-0.099666
-0.013498;0.009644;-0.099666
0.005656;0.019220;-0.109242
0.015232;0.028797;-0.051782
0.005656;-0.009510;0.082294
-0.003921;0.000067;0.101447
0.005656;0.009644;0.072717
0.015232;0.019220;0.005679
-0.023075;0.009644;-0.032628
0.005656;0.019220;-0.032628
0.005656;0.009644;-0.099666
-0.013498;0.009644;-0.118819
-0.023075;0.009644;-0.070935
-0.003921;0.000067;-0.042205
0.024809;0.000067;0.034410
-0.013498;0.009644;0.043986
-0.013498;0.000067;0.091870
-0.003921;0.009644;0.101447
0.015232;0.009644;0.091870
-0.003921;0.000067;0.024833
0.005656;0.000067;0.024833
-0.023075;0.028797;-0.051782
0.005656;0.028797;-0.080512
0.015232;-0.009510;-0.099666
-0.013498;0.019220;-0.070935
0.024809;0.000067;-0.023051
0.005656;0.019220;-0.013474
0.005656;0.019220;0.024833
-0.013498;-0.019087;0.082294
-0.003921;-0.009510;0.120601
0.015232;0.009644;0.091870
0.005656;0.019220;0.043986
-0.003921;0.028797;-0.023051
-0.013498;0.009644;-0.051782
-0.003921;0.000067;-0.099666
0.005656;0.000067;-0.109242
-0.003921;0.000067;-0.090089
-0.013498;0.009644;-0.070935
0.005656;-0.019087;0.005679
0.005656;0.000067;0.053563
-0.003921;0.009644;0.053563
0.005656;0.009644;0.091870
0.005656;0.009644;0.063140
-0.003921;0.000067;0.063140
-0.003921;0.000067;-0.023051
-0.013498;0.000067;-0.061358
0.015232;-0.009510;-0.080512
-0.003921;0.019220;-0.099666
-0.003921;0.000067;-0.080512
0.024809;-0.009510;-0.051782
-0.023075;0.019220;-0.023051
0.005656;0.000067;0.043986
-0.013498;0.009644;0.063140
-0.013498;-0.009510;0.111024
0.005656;0.009644;0.101447
-0.013498;-0.009510;0.024833
-0.003921;0.009644;-0.003898
-0.013498;-0.009510;-0.061358
-0.003921;0.000067;-0.080512
0.005656;0.000067;-0.090089
0.005656;-0.009510;-0.090089
-0.013498;0.019220;-0.042205
0.015232;0.000067;0.015256
-0.003921;-0.019087;0.015256
-0.013498;0.000067;0.091870
-0.003921;-0.009510;0.091870
-0.003921;0.000067;0.101447
-0.003921;-0.009510;0.082294
-0.003921;0.009644;-0.023051
-0.003921;0.000067;-0.042205
-0.003921;-0.009510;-0.070935
-0.013498;-0.019087;-0.080512
0.005656;0.028797;-0.080512
-0.003921;-0.009510;-0.070935
0.015232;-0.019087;-0.013474
0.005656;0.009644;0.082294
0.024809;0.000067;0.082294
-0.003921;0.000067;0.082294
-0.003921;0.000067;0.072717
0.005656;-0.009510;0.072717
-0.003921;0.000067;0.024833
-0.013498;-0.009510;-0.032628
-0.013498;0.000067;-0.090089
-0.003921;0.019220;-0.080512
0.015232;-0.009510;-0.080512
-0.003921;0.009644;-0.023051
0.015232;0.019220;0.005679
-0.023075;0.000067;0.043986
-0.013498;0.009644;0.101447
-0.013498;0.000067;0.091870
-0.013498;-0.009510;0.082294
0.005656;-0.009510;0.043986
0.005656;0.000067;0.005679
0.005656;-0.009510;-0.061358
0.005656;-0.009510;-0.099666
-0.003921;0.000067;-0.090089
0.005656;0.000067;-0.080512
-0.013498;0.000067;-0.042205
-0.003921;0.009644;-0.003898
0.005656;-0.009510;0.053563
0.015232;0.019220;0.091870
0.015232;-0.009510;0.130177
-0.003921;0.009644;0.091870
-0.003921;0.000067;0.043986
-0.003921;-0.009510;0.015256
-0.003921;0.009644;-0.070935
0.005656;0.009644;-0.090089
0.005656;0.000067;-0.080512
-0.013498;0.000067;-0.061358
-0.003921;-0.009510;-0.042205
0.005656;-0.019087;0.005679
-0.003921;0.009644;0.043986
-0.003921;0.009644;0.082294
0.034386;0.009644;0.072717
-0.003921;-0.009510;0.072717
-0.003921;0.000067;0.015256
-0.032652;-0.009510;-0.023051
-0.003921;0.000067;-0.023051
-0.003921;0.009644;-0.061358
-0.003921;-0.019087;-0.099666
0.005656;0.000067;-0.109242
-0.013498;0.009644;-0.080512
0.005656;0.000067;0.005679
-0.013498;-0.009510;0.053563
0.005656;0.000067;0.072717
0.005656;0.019220;0.091870
0.005656;0.019220;0.072717
-0.013498;-0.019087;0.072717
-0.023075;0.000067;0.024833
-0.003921;0.009644;-0.051782
-0.003921;0.019220;-0.061358
-0.003921;-0.009510;-0.090089
-0.023075;0.009644;-0.099666
0.005656;0.009644;-0.023051
0.015232;0.000067;-0.023051
0.005656;0.019220;0.024833
-0.013498;0.009644;0.063140
-0.003921;0.009644;0.091870
-0.003921;0.019220;0.091870
-0.013498;0.009644;0.053563
-0.023075;0.019220;-0.023051
0.005656;0.019220;-0.023051
0.005656;-0.009510;-0.051782
-0.023075;0.019220;-0.070935
-0.003921;0.028797;-0.090089
-0.023075;0.009644;-0.070935
0.005656;0.000067;-0.003898
-0.003921;0.009644;0.015256
-0.003921;0.000067;0.082294
0.005656;0.019220;0.091870
-0.003921;0.009644;0.063140
-0.003921;0.000067;0.015256
-0.013498;0.000067;0.034410
-0.013498;0.019220;-0.061358
0.005656;-0.019087;-0.051782
-0.003921;0.000067;-0.090089
-0.003921;0.000067;-0.070935
-0.003921;-0.009510;-0.051782
-0.003921;0.009644;-0.023051
0.005656;0.000067;0.024833
0.005656;0.028797;0.072717
0.005656;0.000067;0.111024
0.005656;0.019220;0.082294
-0.003921;0.028797;0.034410
-0.023075;0.019220;0.024833
-0.003921;-0.009510;-0.013474
-0.003921;0.000067;-0.090089
-0.003921;0.009644;-0.090089
-0.003921;0.009644;-0.109242
-0.013498;-0.019087;-0.070935
0.005656;0.000067;-0.023051
0.015232;-0.009510;0.053563
0.005656;0.000067;0.072717
-0.003921;-0.009510;0.091870
-0.003921;0.019220;0.063140
0.015232;0.000067;-0.032628
0.024809;-0.009510;-0.061358
0.015232;-0.009510;-0.051782
-0.003921;0.009644;-0.109242
-0.013498;-0.009510;-0.090089
-0.003921;-0.009510;-0.070935
0.005656;0.000067;-0.003898
-0.013498;-0.009510;0.053563
-0.013498;0.019220;0.082294
-0.003921;-0.009510;0.091870
-0.013498;0.009644;0.072717
0.024809;-0.009510;0.063140
-0.013498;-0.009510;0.043986
0.015232;0.028797;-0.032628
-0.013498;0.000067;-0.080512
-0.013498;0.000067;-0.090089
0.015232;0.009644;-0.090089
0.015232;0.000067;-0.051782
0.005656;-0.009510;0.005679
-0.013498;0.000067;0.053563
0.015232;0.009644;0.053563
0.005656;0.009644;0.063140
-0.003921;-0.019087;0.091870
-0.003921;0.019220;0.072717
-0.013498;0.000067;0.015256
-0.023075;0.000067;-0.042205
-0.013498;0.000067;-0.070935
0.005656;-0.009510;-0.070935
-0.013498;0.000067;-0.080512
-0.013498;0.019220;-0.032628
0.015232;0.000067;-0.051782
-0.013498;0.019220;0.034410
0.015232;-0.009510;0.082294
-0.003921;0.019220;0.101447
0.015232;-0.009510;0.072717
-0.023075;0.000067;0.072717
-0.003921;-0.019087;0.034410
0.005656;-0.019087;-0.003898
0.015232;0.009644;-0.061358
0.005656;0.019220;-0.090089
-0.013498;0.009644;-0.118819
0.015232;-0.009510;-0.042205
-0.013498;0.009644;-0.023051
-0.003921;0.019220;0.015256
-0.023075;-0.028664;0.063140
-0.013498;-0.009510;0.101447
-0.023075;0.019220;0.111024
0.015232;-0.009510;0.072717
0.005656;-0.009510;0.015256
-0.003921;0.009644;-0.013474
0.005656;-0.009510;-0.042205
0.005656;-0.009510;-0.090089
0.015232;0.009644;-0.080512
0.005656;-0.009510;-0.080512
-0.003921;-0.009510;0.005679
-0.003921;0.019220;0.043986
-0.003921;-0.009510;0.063140
0.005656;0.000067;0.082294
0.005656;0.019220;0.091870
0.015232;0.019220;0.063140
-0.003921;0.009644;-0.003898
-0.003921;-0.009510;-0.032628
0.005656;-0.009510;-0.061358
0.005656;0.000067;-0.080512
-0.003921;-0.009510;-0.070935
-0.003921;0.000067;-0.051782
0.015232;0.009644;-0.003898
0.015232;0.000067;0.024833
0.005656;-0.019087;0.063140
0.015232;-0.019087;0.130177
0.005656;0.019220;0.091870
-0.013498;0.000067;0.034410
0.015232;-0.009510;0.043986
0.015232;0.009644;-0.023051
0.005656;0.009644;-0.051782
-0.003921;0.000067;-0.099666
-0.023075;0.019220;-0.090089
0.005656;0.000067;-0.061358
0.015232;-0.019087;-0.013474
0.015232;0.000067;0.024833
-0.003921;0.000067;0.082294
-0.003921;0.000067;0.091870
-0.013498;0.019220;0.082294
-0.013498;-0.019087;0.053563
-0.003921;0.000067;0.024833
-0.013498;0.000067;-0.032628
-0.003921;0.000067;-0.090089
-0.003921;-0.009510;-0.080512
0.015232;0.009644;-0.070935
-0.003921;0.009644;-0.051782
-0.003921;0.000067;-0.042205
-0.013498;-0.009510;0.024833
-0.013498;0.009644;0.063140
-0.003921;0.019220;0.091870
0.005656;-0.019087;0.130177
-0.003921;0.000067;0.053563
0.015232;0.009644;-0.003898
-0.003921;0.000067;-0.032628
-0.003921;0.019220;-0.099666
0.005656;-0.019087;-0.080512
0.005656;0.009644;-0.090089
-0.003921;-0.009510;-0.080512
-0.003921;0.000067;-0.013474
0.005656;0.019220;0.024833
0.005656;-0.019087;0.063140
0.015232;-0.009510;0.111024
-0.003921;0.009644;0.091870
-0.003921;-0.019087;0.091870
-0.003921;0.000067;0.034410
0.005656;0.000067;-0.032628
0.015232;-0.019087;-0.061358
0.005656;-0.019087;-0.070935
-0.003921;-0.009510;-0.051782
0.015232;0.000067;-0.090089
0.005656;0.019220;-0.042205
-0.003921;-0.019087;0.024833
-0.003921;0.019220;0.043986
0.005656;-0.009510;0.120601
-0.003921;0.009644;0.101447
0.015232;0.009644;0.043986
-0.003921;-0.009510;0.015256
0.015232;-0.019087;-0.032628
0.005656;0.019220;-0.080512
-0.003921;0.009644;-0.070935
0.005656;0.009644;-0.090089
-0.003921;0.000067;-0.051782
0.005656;-0.028664;0.005679
-0.003921;0.000067;0.005679
-0.003921;0.000067;0.063140
-0.013498;0.009644;0.063140
-0.003921;-0.019087;0.082294
0.005656;-0.019087;0.063140
0.005656;0.028797;0.024833
-0.003921;0.009644;-0.023051
0.015232;0.000067;-0.042205
0.015232;0.019220;-0.051782
0.005656;0.009644;-0.090089
-0.003921;0.000067;-0.051782
0.005656;0.000067;-0.042205
0.005656;-0.009510;0.043986
-0.003921;-0.028664;0.034410
-0.003921;0.009644;0.072717
-0.003921;0.019220;0.120601
-0.013498;0.000067;0.082294
0.005656;-0.019087;0.034410
-0.003921;-0.009510;-0.003898
-0.003921;-0.009510;-0.080512
0.005656;-0.009510;-0.090089
0.005656;-0.009510;-0.070935
0.005656;0.019220;-0.032628
-0.013498;-0.019087;-0.023051
-0.003921;-0.009510;-0.013474
-0.032652;0.000067;0.053563
-0.003921;-0.009510;0.072717
0.005656;0.000067;0.101447
0.005656;0.019220;0.101447
0.015232;0.000067;0.005679
-0.003921;0.000067;-0.032628
-0.003921;-0.019087;-0.090089
0.005656;0.019220;-0.061358
-0.003921;0.009644;-0.070935
0.015232;0.000067;0.043986
0.005656;0.000067;0.072717
-0.003921;0.000067;0.072717
0.005656;0.000067;0.072717
0.034386;-0.019087;0.053563
-0.003921;0.000067;0.034410
0.005656;0.000067;-0.042205
-0.003921;0.009644;-0.080512
-0.003921;0.009644;-0.080512
-0.013498;0.000067;-0.070935
0.015232;0.019220;-0.070935
-0.013498;-0.009510;-0.051782
0.015232;-0.009510;0.005679
-0.003921;0.000067;0.063140
0.005656;0.019220;0.091870
-0.013498;0.009644;0.053563
-0.023075;-0.009510;0.053563
0.024809;0.019220;0.034410
-0.003921;-0.019087;-0.013474
0.005656;0.000067;-0.032628
-0.003921;0.000067;-0.099666
-0.003921;0.009644;-0.080512
-0.003921;0.009644;-0.061358
0.005656;0.019220;-0.042205
-0.003921;-0.009510;0.005679
0.005656;-0.028664;0.053563
0.005656;-0.009510;0.082294
0.005656;0.009644;0.082294
-0.003921;0.009644;0.072717
-0.003921;0.000067;0.034410
-0.003921;-0.009510;-0.042205
0.024809;-0.009510;-0.080512
0.015232;-0.009510;-0.070935
-0.003921;0.000067;-0.070935
-0.013498;-0.009510;-0.080512
0.005656;-0.019087;-0.032628
-0.003921;0.019220;-0.003898
-0.003921;0.009644;0.053563
0.015232;0.000067;0.063140
-0.032652;0.019220;0.082294
0.024809;0.019220;0.072717
0.005656;0.019220;0.015256
-0.013498;-0.028664;0.005679
-0.003921;0.000067;-0.032628
-0.003921;0.009644;-0.099666
0.005656;0.000067;-0.090089
-0.003921;0.009644;-0.070935
0.005656;-0.009510;-0.042205
0.005656;-0.019087;0.015256
0.015232;0.009644;0.024833
-0.013498;0.009644;0.072717
-0.003921;0.019220;0.101447
-0.003921;0.000067;0.053563
0.015232;-0.019087;0.053563
-0.013498;0.000067;-0.023051
0.015232;0.009644;-0.042205
-0.003921;-0.009510;-0.099666
0.015232;-0.009510;-0.090089
-0.003921;0.019220;-0.070935
-0.003921;-0.009510;-0.051782
-0.023075;0.000067;-0.003898
0.015232;-0.019087;0.034410
0.005656;0.009644;0.072717
-0.003921;0.000067;0.120601
0.005656;0.000067;0.053563
-0.003921;0.000067;0.034410
-0.003921;-0.009510;-0.013474
-0.003921;-0.009510;-0.080512
-0.013498;0.009644;-0.061358
-0.013498;0.000067;-0.109242
-0.003921;-0.009510;-0.090089
0.005656;0.009644;-0.023051
0.005656;-0.009510;0.005679
-0.013498;-0.019087;0.024833
0.005656;0.000067;0.072717
0.015232;0.000067;0.072717
-0.003921;0.009644;0.091870
-0.003921;-0.019087;0.043986
-0.003921;0.009644;-0.032628
-0.013498;-0.009510;-0.051782
0.005656;0.009644;-0.080512
-0.013498;0.009644;-0.118819
-0.003921;-0.009510;-0.080512
-0.003921;0.000067;-0.042205
0.005656;0.000067;0.005679
-0.003921;-0.009510;0.072717
-0.003921;-0.009510;0.101447
-0.003921;0.009644;0.091870
0.005656;-0.009510;0.063140
0.005656;0.000067;0.043986
-0.003921;0.000067;0.005679
0.005656;0.000067;-0.070935
0.005656;0.019220;-0.099666
-0.003921;0.009644;-0.070935
0.005656;0.019220;-0.080512
-0.013498;0.000067;-0.032628
-0.013498;0.028797;0.005679
0.005656;0.009644;0.043986
-0.023075;-0.009510;0.091870
-0.003921;-0.009510;0.082294
0.005656;0.000067;0.063140
0.005656;0.000067;-0.003898
0.005656;0.009644;-0.032628
-0.003921;0.009644;-0.003898
0.005656;0.000067;-0.051782
0.005656;0.000067;-0.080512
0.015232;0.000067;-0.080512
-0.003921;0.019220;-0.042205
0.005656;0.000067;0.024833
0.015232;0.000067;0.043986
-0.003921;0.000067;0.082294
0.005656;0.019220;0.091870
0.005656;0.009644;0.063140
0.005656;0.009644;0.043986
0.005656;0.009644;0.024833
0.005656;0.000067;-0.061358
0.005656;0.000067;-0.099666
-0.013498;0.009644;-0.090089
0.015232;0.000067;-0.061358
0.024809;-0.009510;-0.032628
-0.003921;0.009644;-0.013474
-0.003921;0.000067;0.043986
-0.003921;0.019220;0.082294
-0.013498;0.000067;0.072717
-0.003921;0.019220;0.101447
0.015232;0.000067;0.024833
-0.023075;0.000067;-0.013474
0.015232;0.000067;-0.070935
-0.013498;0.000067;-0.099666
-0.003921;0.009644;-0.080512
0.005656;0.019220;-0.090089
0.005656;0.009644;-0.032628
-0.003921;0.009644;0.015256
0.005656;0.009644;0.024833
0.005656;-0.009510;0.072717
0.024809;0.000067;0.063140
-0.003921;-0.009510;0.053563
-0.003921;0.000067;0.063140
-0.003921;0.019220;0.005679
-0.003921;-0.009510;-0.023051
-0.003921;0.019220;-0.109242
-0.003921;0.000067;-0.070935
0.024809;0.009644;-0.080512
0.015232;0.019220;-0.061358
0.015232;-0.009510;-0.013474
-0.003921;0.000067;0.034410
-0.013498;0.009644;0.063140
0.005656;0.009644;0.101447
-0.003921;-0.009510;0.063140
0.015232;0.000067;0.024833
-0.003921;0.009644;0.034410
-0.013498;0.019220;-0.042205
-0.013498;0.009644;-0.070935
-0.013498;-0.009510;-0.090089
0.005656;0.000067;-0.099666
-0.013498;0.019220;-0.051782
0.005656;0.009644;-0.003898
-0.013498;-0.009510;0.015256
-0.003921;0.009644;0.072717
-0.013498;0.019220;0.091870
-0.023075;0.000067;0.082294
0.015232;0.000067;0.043986
-0.023075;0.028797;-0.013474
0.005656;0.000067;-0.032628
-0.003921;-0.009510;-0.090089
-0.003921;-0.019087;-0.080512
-0.013498;0.019220;-0.080512
0.005656;0.019220;-0.061358
0.005656;-0.009510;-0.003898
0.015232;0.000067;0.015256
-0.003921;0.009644;0.072717
0.005656;0.019220;0.082294
-0.003921;0.009644;0.101447
-0.013498;0.000067;0.034410
0.005656;0.019220;-0.013474
0.005656;0.009644;-0.061358
0.005656;0.009644;-0.099666
0.005656;0.000067;-0.070935
0.005656;-0.019087;-0.061358
0.005656;0.000067;-0.032628
0.015232;0.000067;-0.023051
-0.003921;0.019220;0.053563
-0.023075;0.019220;0.082294
0.015232;0.009644;0.101447
0.005656;0.000067;0.063140
0.005656;0.000067;0.072717
0.034386;0.009644;-0.013474
0.015232;-0.009510;-0.042205
-0.003921;0.000067;-0.080512
-0.013498;-0.028664;-0.090089
-0.023075;0.009644;-0.099666
-0.003921;0.000067;-0.061358
-0.003921;-0.019087;-0.042205
-0.013498;0.019220;0.024833
-0.003921;0.000067;0.082294
-0.003921;0.000067;0.072717
0.015232;0.019220;0.063140
0.005656;0.000067;0.034410
0.005656;-0.009510;0.034410
0.005656;0.009644;-0.051782
-0.013498;-0.009510;-0.080512
0.005656;0.000067;-0.080512
-0.013498;0.000067;-0.061358
-0.013498;-0.009510;-0.023051
-0.013498;0.019220;-0.013474
0.005656;-0.009510;0.005679
0.024809;0.000067;0.101447
0.015232;0.000067;0.082294
0.005656;0.000067;0.063140
-0.003921;0.000067;0.072717
-0.023075;0.000067;-0.003898
0.005656;-0.009510;-0.042205
-0.003921;-0.009510;-0.061358
0.015232;0.000067;-0.080512
-0.003921;0.028797;-0.099666
0.005656;0.000067;-0.051782
-0.003921;-0.009510;-0.003898
-0.003921;0.009644;0.024833
0.015232;0.000067;0.082294
0.005656;-0.019087;0.082294
-0.003921;0.009644;0.082294
0.005656;0.019220;0.063140
-0.013498;0.000067;0.053563
-0.023075;0.000067;-0.042205
-0.013498;-0.009510;-0.070935
-0.023075;-0.009510;-0.061358
0.005656;-0.009510;-0.090089
-0.013498;0.009644;-0.032628
-0.003921;0.009644;-0.003898
-0.003921;0.009644;0.034410
0.005656;0.009644;0.072717
0.005656;-0.009510;0.082294
0.015232;-0.009510;0.091870
-0.003921;0.028797;0.024833
-0.003921;0.000067;0.005679
0.005656;0.000067;-0.003898
-0.013498;-0.009510;-0.051782
-0.013498;0.009644;-0.099666
-0.003921;0.028797;-0.099666
0.005656;-0.009510;-0.051782
0.005656;-0.019087;-0.013474
-0.003921;-0.019087;0.024833
0.005656;0.019220;0.034410
0.005656;0.009644;0.091870
-0.013498;-0.019087;0.053563
0.015232;0.019220;0.034410
-0.003921;0.000067;-0.003898
-0.013498;0.000067;-0.032628
-0.003921;0.009644;-0.070935
0.005656;0.009644;-0.070935
0.005656;0.009644;-0.080512
-0.003921;0.000067;-0.051782
-0.013498;0.000067;-0.032628
-0.003921;0.019220;0.034410
-0.003921;0.009644;0.063140
0.005656;0.019220;0.101447
-0.003921;0.000067;0.053563
0.015232;0.009644;-0.013474
0.005656;0.009644;-0.070935
-0.023075;0.009644;-0.099666
-0.013498;-0.019087;-0.070935
0.005656;0.000067;-0.023051
0.015232;0.009644;0.015256
-0.013498;-0.009510;0.063140
-0.003921;-0.009510;0.082294
0.015232;-0.019087;0.063140
-0.023075;-0.019087;0.063140
-0.003921;0.009644;0.015256
-0.003921;0.000067;-0.051782
-0.003921;-0.009510;-0.061358
-0.023075;0.000067;-0.099666
-0.013498;-0.019087;-0.070935
-0.003921;0.019220;-0.061358
0.015232;0.019220;-0.013474
0.015232;0.019220;0.024833
0.005656;0.000067;0.034410
-0.013498;-0.009510;0.072717
-0.003921;0.009644;0.082294
-0.003921;0.019220;0.063140
0.005656;0.000067;0.024833
0.005656;0.000067;-0.003898
-0.032652;0.009644;-0.070935
-0.003921;0.009644;-0.080512
0.015232;-0.009510;-0.061358
-0.003921;0.000067;-0.070935
0.015232;0.000067;-0.032628
0.005656;-0.009510;0.005679
-0.013498;0.000067;0.082294
-0.003921;0.009644;0.091870
0.034386;0.009644;0.063140
0.005656;-0.009510;0.072717
-0.013498;0.000067;-0.003898
-0.003921;-0.009510;-0.032628
-0.013498;0.009644;-0.070935
-0.013498;-0.009510;-0.080512
0.005656;-0.009510;-0.080512
-0.003921;0.009644;-0.061358
-0.003921;0.000067;-0.032628
-0.013498;0.000067;0.024833
0.005656;-0.009510;0.063140
-0.003921;0.000067;0.082294
-0.013498;0.019220;0.063140
0.005656;-0.009510;0.072717
0.005656;0.019220;0.015256
0.015232;-0.028664;-0.023051
-0.013498;-0.019087;-0.051782
0.015232;0.009644;-0.070935
0.005656;0.009644;-0.090089
0.005656;-0.009510;-0.061358
0.005656;0.028797;-0.051782
-0.003921;0.009644;0.005679
-0.013498;0.009644;0.053563
-0.003921;-0.019087;0.063140
0.005656;0.000067;0.063140
-0.013498;0.009644;0.043986
-0.003921;0.009644;-0.003898
-0.013498;0.000067;-0.023051
0.005656;0.009644;-0.042205
-0.023075;0.019220;-0.061358
0.015232;0.019220;-0.090089
-0.003921;0.019220;-0.090089
-0.013498;-0.009510;-0.013474
0.005656;-0.009510;0.024833
-0.013498;-0.019087;0.063140
0.005656;0.019220;0.072717
0.005656;0.019220;0.101447
0.005656;0.028797;0.082294
-0.013498;0.009644;0.024833
-0.003921;0.000067;-0.032628
0.015232;-0.019087;-0.070935
-0.003921;0.009644;-0.090089
0.005656;0.019220;-0.090089
0.005656;0.019220;-0.042205
-0.013498;-0.019087;-0.013474
-0.003921;0.009644;0.024833
0.005656;0.009644;0.053563
0.005656;-0.028664;0.053563
0.015232;0.009644;0.082294
0.005656;0.019220;0.063140
0.005656;-0.019087;-0.003898
-0.013498;0.009644;0.005679
-0.023075;0.000067;-0.042205
0.005656;-0.009510;-0.080512
0.005656;-0.028664;-0.080512
-0.003921;0.028797;-0.080512
0.005656;-0.009510;-0.013474
0.005656;0.000067;0.015256
-0.003921;0.000067;0.043986
-0.003921;-0.009510;0.101447
-0.003921;0.009644;0.063140
0.005656;0.019220;0.053563
0.015232;0.009644;0.024833
0.015232;0.009644;-0.013474
-0.003921;0.009644;-0.061358
0.005656;0.009644;-0.061358
-0.003921;0.000067;-0.061358
0.005656;-0.009510;-0.070935
-0.003921;-0.009510;-0.032628
-0.013498;0.019220;-0.003898
0.005656;0.000067;0.053563
-0.023075;0.009644;0.043986
0.015232;0.009644;0.072717
-0.003921;0.009644;0.072717
-0.013498;-0.019087;0.034410
-0.003921;-0.009510;-0.023051
-0.003921;0.000067;-0.070935
-0.023075;0.009644;-0.080512
-0.003921;0.009644;-0.109242
0.015232;-0.009510;-0.070935
-0.003921;0.019220;-0.032628
0.015232;-0.009510;0.005679
0.005656;0.009644;0.053563
0.005656;0.000067;0.101447
0.005656;0.009644;0.091870
-0.013498;0.009644;0.082294
-0.013498;0.000067;0.024833
-0.003921;0.009644;-0.003898
0.005656;0.000067;-0.061358
0.005656;0.000067;-0.070935
-0.023075;0.009644;-0.090089
0.015232;0.000067;-0.099666
0.005656;0.000067;-0.042205
-0.003921;0.009644;0.024833
0.005656;-0.009510;0.063140
-0.003921;0.000067;0.072717
0.024809;0.000067;0.063140
0.005656;0.009644;0.043986
0.005656;0.028797;0.024833
-0.003921;0.009644;-0.023051
-0.013498;0.000067;-0.061358
-0.003921;0.000067;-0.109242
0.005656;-0.009510;-0.070935
0.015232;0.009644;-0.070935
0.005656;-0.019087;-0.013474
0.005656;-0.009510;-0.013474
-0.003921;-0.009510;0.015256
-0.003921;0.009644;0.082294
0.005656;-0.009510;0.101447
0.005656;0.000067;0.082294
-0.003921;-0.009510;0.024833
-0.003921;0.009644;-0.003898
-0.003921;-0.019087;-0.042205
-0.013498;0.000067;-0.090089
0.005656;0.000067;-0.080512
0.005656;-0.019087;-0.032628
0.015232;0.000067;-0.061358
-0.003921;0.019220;0.034410
0.005656;0.009644;0.053563
0.005656;0.009644;0.091870
-0.003921;0.000067;0.043986
0.005656;0.009644;0.053563
0.015232;0.000067;0.043986
0.005656;-0.009510;-0.003898
-0.013498;0.019220;-0.051782
-0.003921;-0.019087;-0.080512
0.005656;-0.019087;-0.090089
-0.013498;-0.028664;-0.032628
-0.013498;0.000067;-0.023051
0.005656;0.000067;0.015256
-0.003921;0.009644;0.053563
-0.013498;0.009644;0.063140
0.015232;0.019220;0.072717
0.005656;0.019220;0.072717
-0.003921;0.009644;0.034410
0.015232;0.009644;-0.003898
-0.013498;0.000067;-0.042205
0.005656;0.019220;-0.061358
0.015232;0.019220;-0.070935
-0.003921;0.000067;-0.090089
-0.003921;-0.009510;-0.003898
-0.013498;0.000067;0.005679
-0.013498;-0.009510;0.034410
0.005656;0.000067;0.082294
0.005656;-0.009510;0.091870
-0.003921;0.000067;0.063140
-0.003921;0.028797;0.043986
0.005656;-0.019087;-0.023051
-0.003921;0.009644;-0.051782
0.005656;0.000067;-0.070935
-0.013498;-0.009510;-0.080512
-0.003921;-0.009510;-0.051782
-0.003921;0.019220;-0.042205
-0.013498;0.009644;-0.023051
0.005656;0.000067;0.063140
-0.003921;-0.009510;0.063140
0.005656;0.028797;0.072717
-0.003921;0.009644;0.082294
0.005656;0.000067;0.015256
-0.003921;0.019220;0.005679
-0.003921;0.009644;-0.042205
-0.013498;0.000067;-0.090089
0.005656;0.009644;-0.099666
-0.013498;-0.009510;-0.080512
-0.013498;0.019220;-0.023051
-0.003921;-0.009510;0.034410
0.015232;-0.019087;0.015256
-0.013498;-0.009510;0.053563
0.005656;0.000067;0.063140
-0.013498;-0.009510;0.043986
0.005656;0.009644;0.024833
0.005656;0.009644;-0.013474
0.015232;0.009644;-0.042205
-0.003921;0.000067;-0.061358
0.015232;0.009644;-0.109242
-0.003921;-0.009510;-0.061358
-0.003921;-0.019087;-0.023051
-0.013498;-0.009510;-0.003898
0.015232;0.019220;0.043986
0.005656;0.019220;0.063140
-0.003921;0.009644;0.072717
0.015232;0.000067;0.053563
0.005656;0.000067;0.043986
0.005656;-0.009510;0.015256
0.005656;-0.009510;-0.042205
0.024809;0.009644;-0.090089
0.015232;-0.009510;-0.090089
0.005656;-0.009510;-0.061358
0.024809;0.009644;-0.023051
-0.003921;0.019220;0.024833
0.005656;-0.009510;0.053563
0.005656;0.028797;0.082294
0.005656;0.000067;0.082294
-0.003921;0.000067;0.063140
0.015232;-0.009510;0.082294
-0.013498;0.009644;-0.003898
0.015232;-0.019087;-0.042205
0.005656;0.000067;-0.080512
-0.003921;0.019220;-0.080512
0.005656;0.000067;-0.061358
-0.003921;0.000067;-0.042205
0.005656;0.009644;0.005679
0.005656;0.009644;0.034410
0.005656;-0.019087;0.063140
-0.023075;-0.009510;0.091870
-0.003921;0.000067;0.053563
-0.013498;0.000067;0.034410
0.015232;-0.009510;0.024833
0.015232;0.000067;-0.061358
0.005656;-0.019087;-0.099666
0.005656;0.000067;-0.099666
0.005656;-0.009510;-0.061358
-0.003921;0.009644;-0.023051
0.015232;0.000067;0.024833
-0.013498;0.000067;0.015256
-0.013498;0.019220;0.072717
0.015232;0.000067;0.091870
0.024809;-0.009510;0.063140
-0.023075;0.000067;0.034410
0.015232;-0.009510;-0.003898
0.015232;0.009644;-0.032628
-0.003921;0.019220;-0.090089
0.005656;0.019220;-0.070935
-0.003921;0.009644;-0.061358
-0.013498;-0.009510;-0.032628
-0.013498;-0.009510;0.024833
-0.003921;0.019220;0.024833
0.005656;-0.019087;0.072717
0.005656;-0.009510;0.091870
0.015232;-0.009510;0.072717
0.015232;0.000067;0.005679
0.005656;0.009644;0.015256
-0.023075;0.000067;-0.042205
-0.013498;0.000067;-0.080512
-0.013498;-0.009510;-0.080512
0.005656;-0.009510;-0.070935
0.005656;0.009644;-0.032628
0.015232;0.000067;-0.003898
0.005656;-0.019087;0.024833
0.015232;0.000067;0.072717
-0.003921;0.009644;0.082294
0.005656;0.000067;0.043986
0.015232;0.009644;0.034410
0.015232;0.000067;-0.013474
0.005656;0.019220;-0.042205
0.005656;-0.019087;-0.099666
0.005656;0.000067;-0.090089
0.024809;0.019220;-0.061358
0.005656;-0.009510;-0.042205
0.005656;0.000067;-0.013474
0.005656;0.009644;0.053563
-0.003921;-0.009510;0.043986
-0.003921;0.009644;0.091870
-0.013498;-0.009510;0.072717
-0.003921;0.009644;0.024833
-0.023075;0.000067;0.005679
-0.013498;0.028797;-0.042205
0.005656;0.000067;-0.090089
-0.003921;0.000067;-0.109242
-0.003921;0.028797;-0.070935
-0.003921;-0.009510;-0.032628
-0.003921;-0.009510;-0.013474
0.005656;0.028797;0.015256
-0.003921;-0.009510;0.024833
-0.013498;0.009644;0.091870
0.015232;-0.028664;0.072717
-0.003921;-0.009510;0.053563
0.005656;-0.009510;0.005679
-0.003921;-0.009510;-0.032628
0.005656;-0.009510;-0.051782
-0.023075;0.000067;-0.080512
-0.003921;0.009644;-0.070935
-0.003921;0.000067;-0.032628
-0.013498;-0.019087;0.015256
-0.013498;0.009644;0.034410
-0.003921;-0.019087;0.063140
0.015232;0.009644;0.063140
-0.003921;-0.019087;0.053563
-0.003921;0.000067;-0.013474
-0.003921;-0.009510;-0.032628
-0.003921;0.019220;-0.061358
0.005656;0.009644;-0.080512
-0.003921;0.000067;-0.042205
0.005656;0.009644;-0.023051
0.005656;0.019220;0.053563
-0.003921;0.019220;0.082294
-0.013498;-0.009510;0.063140
-0.003921;0.019220;0.063140
-0.003921;0.019220;0.005679
0.005656;0.028797;-0.042205
-0.003921;0.000067;-0.080512
-0.013498;0.009644;-0.070935
-0.013498;0.019220;-0.099666
0.005656;-0.038240;-0.032628
0.005656;-0.028664;-0.003898
0.005656;0.000067;0.024833
0.005656;-0.019087;0.034410
0.005656;-0.019087;0.043986
-0.003921;0.009644;0.043986
0.005656;0.000067;0.043986
-0.023075;-0.019087;-0.013474
0.005656;0.009644;-0.013474
-0.013498;0.000067;-0.042205
0.005656;0.000067;-0.090089
-0.003921;0.009644;-0.070935
-0.003921;0.000067;-0.051782
0.005656;0.000067;-0.042205
0.005656;0.000067;0.015256
0.015232;0.000067;0.053563
0.015232;0.000067;0.091870
-0.013498;-0.019087;0.072717
0.005656;-0.009510;0.063140
0.005656;-0.019087;0.015256
0.015232;-0.009510;-0.032628
-0.003921;-0.009510;-0.080512
-0.013498;0.009644;-0.080512
-0.003921;-0.019087;-0.080512
-0.023075;-0.009510;-0.061358
0.005656;0.009644;0.015256
0.015232;0.009644;0.015256
0.005656;0.000067;0.043986
0.005656;0.000067;0.063140
0.015232;0.009644;0.072717
-0.003921;0.000067;0.043986
-0.003921;-0.009510;0.005679
-0.003921;0.000067;-0.013474
-0.003921;-0.009510;-0.042205
0.005656;-0.009510;-0.090089
-0.003921;0.000067;-0.080512
-0.003921;-0.019087;-0.042205
-0.013498;-0.009510;-0.023051
0.015232;-0.009510;0.015256
0.015232;-0.019087;0.034410
-0.003921;0.009644;0.053563
-0.003921;0.019220;0.053563
0.024809;0.009644;0.053563
-0.003921;-0.019087;-0.003898
-0.013498;-0.009510;-0.032628
0.015232;-0.009510;-0.051782
0.015232;0.000067;-0.070935
-0.003921;0.000067;-0.070935
-0.013498;0.019220;-0.051782
-0.003921;-0.009510;-0.032628
-0.003921;0.019220;0.024833
0.005656;0.009644;0.082294
0.005656;0.009644;0.072717
-0.003921;-0.019087;0.091870
-0.003921;0.000067;0.034410
-0.003921;-0.009510;-0.003898
-0.003921;-0.019087;-0.003898
-0.003921;0.000067;-0.051782
-0.003921;-0.028664;-0.099666
-0.013498;0.019220;-0.042205
-0.003921;-0.009510;-0.051782
0.015232;0.000067;-0.023051
0.024809;0.000067;0.053563
0.005656;0.000067;0.063140
0.005656;0.000067;0.082294
0.005656;-0.019087;0.072717
-0.003921;-0.009510;0.043986
0.005656;-0.009510;0.024833
-0.013498;-0.009510;-0.013474
0.005656;0.000067;-0.061358
0.005656;0.009644;-0.080512
0.015232;-0.019087;-0.080512
-0.013498;0.009644;-0.061358
-0.003921;0.038374;-0.013474
-0.003921;0.009644;0.053563
0.005656;0.009644;0.072717
0.015232;-0.009510;0.082294
0.005656;0.019220;0.063140
-0.003921;0.000067;0.053563
-0.003921;0.000067;0.015256
-0.013498;0.009644;-0.023051
0.005656;0.019220;-0.070935
0.005656;0.009644;-0.080512
0.015232;0.000067;-0.070935
0.005656;0.000067;-0.061358
0.015232;0.019220;-0.023051
0.005656;0.009644;0.005679
-0.023075;0.000067;0.024833
0.015232;-0.009510;0.091870
0.015232;-0.019087;0.063140
-0.003921;0.000067;0.034410
0.015232;-0.009510;0.024833
0.015232;0.000067;-0.042205
-0.003921;0.028797;-0.090089
0.005656;0.009644;-0.080512
-0.003921;0.028797;-0.061358
-0.013498;0.000067;-0.023051
0.015232;-0.019087;0.034410
-0.013498;0.000067;0.024833
0.015232;-0.009510;0.063140
0.005656;-0.009510;0.082294
-0.003921;0.000067;0.063140
0.015232;-0.009510;0.034410
0.005656;0.000067;-0.013474
-0.003921;0.000067;-0.032628
-0.032652;0.019220;-0.070935
-0.013498;0.000067;-0.090089
-0.013498;-0.009510;-0.032628
-0.013498;0.000067;-0.023051
-0.003921;0.009644;0.005679
-0.013498;0.000067;0.034410
0.005656;-0.009510;0.091870
-0.003921;-0.009510;0.043986
0.005656;0.009644;0.043986
0.005656;-0.019087;-0.003898
-0.032652;0.009644;-0.032628
0.005656;-0.009510;-0.070935
-0.013498;0.009644;-0.051782
-0.013498;0.000067;-0.070935
-0.003921;0.000067;-0.061358
0.015232;0.009644;-0.051782
-0.003921;-0.009510;0.024833
0.005656;-0.009510;0.091870
0.015232;0.009644;0.072717
0.015232;-0.019087;0.063140
0.005656;0.009644;0.034410
-0.013498;-0.009510;0.034410
-0.003921;0.000067;0.015256
-0.013498;-0.009510;-0.061358
-0.003921;0.000067;-0.090089
0.015232;-0.009510;-0.090089
-0.013498;-0.009510;-0.023051
0.005656;0.000067;-0.023051
-0.003921;-0.019087;0.005679
0.005656;0.000067;0.063140
-0.003921;0.000067;0.082294
-0.003921;0.009644;0.111024
-0.013498;-0.009510;0.043986
-0.013498;-0.019087;0.015256
0.024809;0.000067;-0.013474
0.005656;0.000067;-0.061358
0.005656;0.000067;-0.099666
-0.013498;-0.019087;-0.070935
0.005656;-0.009510;-0.023051
0.015232;0.009644;-0.032628
-0.003921;0.000067;0.024833
-0.003921;0.009644;0.072717
-0.013498;-0.009510;0.063140
-0.003921;0.009644;0.043986
0.005656;0.009644;-0.003898
-0.003921;0.000067;-0.013474
0.005656;-0.009510;-0.042205
-0.003921;0.000067;-0.080512
-0.003921;0.009644;-0.070935
-0.003921;0.000067;-0.032628
-0.023075;0.000067;-0.042205
0.005656;0.000067;0.005679
-0.003921;-0.009510;0.053563
-0.003921;0.000067;0.063140
0.005656;0.009644;0.082294
0.015232;0.000067;0.034410
0.005656;-0.009510;0.005679
0.005656;0.009644;-0.013474
0.015232;-0.009510;-0.042205
-0.003921;-0.009510;-0.080512
0.005656;-0.009510;-0.080512
0.005656;0.000067;-0.042205
-0.023075;0.000067;-0.023051
-0.013498;-0.009510;0.005679
-0.013498;-0.009510;0.043986
0.005656;0.019220;0.101447
-0.003921;-0.019087;0.063140
-0.003921;0.009644;0.053563
-0.003921;0.019220;0.034410
0.015232;0.000067;-0.023051
-0.013498;0.019220;-0.061358
0.024809;0.000067;-0.061358
-0.003921;-0.009510;-0.051782
-0.003921;0.009644;-0.042205
-0.013498;0.000067;-0.023051
0.005656;-0.009510;0.015256
-0.003921;0.009644;0.063140
-0.003921;-0.009510;0.053563
0.024809;-0.009510;0.072717
-0.013498;0.000067;0.034410
-0.003921;0.000067;0.024833
-0.003921;0.000067;0.005679
-0.013498;-0.019087;-0.090089
-0.003921;0.019220;-0.080512
-0.003921;0.009644;-0.061358
0.005656;0.009644;-0.090089
0.005656;0.009644;-0.023051
-0.013498;0.009644;-0.003898
0.015232;0.038374;0.015256
0.015232;-0.009510;0.063140
-0.013498;-0.009510;0.024833
0.015232;0.000067;0.063140
0.005656;0.009644;0.034410
0.005656;0.000067;-0.013474
-0.003921;-0.009510;-0.051782
-0.003921;0.000067;-0.051782
-0.003921;0.009644;-0.090089
0.005656;0.009644;-0.051782
-0.003921;0.000067;-0.042205
0.015232;0.000067;0.015256
-0.003921;0.000067;0.043986
-0.023075;0.000067;0.053563
0.015232;0.019220;0.082294
-0.003921;0.019220;0.043986
-0.003921;0.009644;0.024833
-0.003921;-0.009510;0.015256
-0.003921;0.009644;-0.051782
-0.013498;0.000067;-0.070935
-0.003921;-0.019087;-0.061358
-0.003921;-0.009510;-0.061358
0.015232;0.009644;-0.042205
0.024809;0.000067;0.005679
-0.003921;0.019220;0.043986
-0.003921;0.009644;0.101447
0.005656;-0.009510;0.082294
-0.013498;0.019220;0.043986
-0.003921;0.009644;0.034410
-0.003921;0.019220;-0.013474
-0.013498;0.000067;-0.051782
-0.023075;-0.019087;-0.051782
0.005656;-0.019087;-0.099666
-0.013498;-0.019087;-0.080512
-0.003921;0.000067;-0.051782
0.005656;-0.009510;-0.013474
0.005656;-0.019087;0.063140
-0.013498;0.000067;0.063140
0.005656;0.000067;0.063140
-0.013498;-0.009510;0.091870
0.005656;-0.009510;0.053563
-0.003921;0.009644;-0.013474
-0.003921;0.019220;-0.061358
0.015232;0.000067;-0.070935
0.005656;-0.019087;-0.109242
-0.003921;-0.009510;-0.061358
0.005656;0.000067;-0.013474
-0.013498;0.009644;0.024833
0.005656;-0.009510;0.053563
0.005656;0.000067;0.043986
-0.003921;0.009644;0.063140
-0.003921;0.000067;0.063140
-0.023075;0.000067;0.005679
0.005656;-0.028664;-0.003898
0.015232;0.000067;-0.032628
-0.003921;0.000067;-0.080512
-0.023075;0.000067;-0.061358
0.005656;0.019220;-0.061358
-0.003921;0.019220;-0.042205
-0.003921;0.009644;0.005679
-0.013498;-0.009510;0.043986
0.005656;0.000067;0.053563
0.005656;0.009644;0.101447
0.005656;0.000067;0.043986
0.005656;0.019220;0.034410
-0.013498;0.019220;0.024833
0.024809;0.019220;-0.070935
-0.003921;-0.019087;-0.061358
0.005656;0.000067;-0.080512
0.005656;-0.009510;-0.090089
0.005656;0.009644;-0.051782
0.005656;0.000067;0.005679
0.005656;-0.009510;0.063140
-0.013498;0.009644;0.063140
0.005656;0.000067;0.063140
0.005656;0.009644;0.072717
0.015232;-0.028664;0.043986
-0.013498;-0.019087;-0.013474
0.005656;-0.009510;-0.061358
0.015232;0.000067;-0.080512
0.015232;-0.009510;-0.070935
-0.003921;0.000067;-0.051782
-0.003921;0.000067;-0.042205
-0.003921;-0.009510;0.024833
-0.013498;0.009644;0.005679
-0.023075;0.009644;0.034410
0.005656;-0.009510;0.072717
0.015232;0.000067;0.053563
-0.023075;-0.009510;0.024833
0.015232;-0.009510;-0.042205
0.005656;-0.019087;-0.023051
-0.003921;0.009644;-0.061358
0.005656;0.000067;-0.061358
0.005656;0.009644;-0.090089
-0.023075;-0.009510;-0.042205
-0.003921;-0.009510;-0.013474
0.015232;0.000067;0.043986
-0.003921;0.000067;0.043986
-0.003921;0.009644;0.043986
0.005656;0.019220;0.072717
-0.003921;-0.009510;0.024833
-0.003921;0.009644;0.005679
0.005656;0.009644;-0.023051
-0.003921;0.009644;-0.061358
-0.003921;0.009644;-0.080512
-0.003921;0.009644;-0.070935
-0.003921;0.000067;-0.023051
-0.003921;0.009644;-0.003898
0.024809;0.009644;0.024833
-0.013498;0.009644;0.063140
0.015232;0.009644;0.082294
0.015232;0.019220;0.072717
-0.003921;0.009644;0.043986
0.015232;0.028797;-0.032628
-0.003921;0.019220;-0.042205
0.005656;0.000067;-0.061358
0.005656;-0.028664;-0.080512
0.005656;0.009644;-0.070935
-0.003921;0.000067;-0.051782
-0.003921;-0.009510;-0.042205
0.005656;-0.009510;0.015256
-0.003921;0.009644;0.091870
-0.003921;0.009644;0.082294
-0.013498;-0.028664;0.072717
-0.003921;-0.009510;0.043986
0.005656;0.009644;-0.023051
-0.003921;0.000067;-0.032628
0.005656;0.019220;-0.061358
0.015232;0.019220;-0.061358
0.024809;-0.009510;-0.080512
0.005656;0.009644;-0.023051
-0.003921;0.000067;-0.003898
0.005656;0.000067;0.034410
-0.013498;0.019220;0.053563
-0.003921;0.000067;0.072717
-0.013498;0.000067;0.053563
-0.003921;0.009644;0.015256
-0.003921;0.009644;-0.013474
0.015232;0.019220;-0.023051
-0.003921;0.009644;-0.061358
-0.003921;0.028797;-0.051782
-0.013498;0.000067;-0.042205
-0.013498;-0.019087;-0.061358
-0.003921;-0.009510;0.015256
0.015232;-0.009510;0.063140
0.005656;0.009644;0.063140
-0.023075;-0.009510;0.082294
0.015232;0.000067;0.082294
-0.003921;0.009644;0.024833
-0.003921;0.000067;0.005679
0.005656;0.009644;-0.042205
-0.003921;-0.009510;-0.061358
0.005656;0.000067;-0.061358
0.015232;0.000067;-0.070935
-0.003921;0.028797;-0.013474
-0.013498;-0.028664;-0.023051
0.005656;0.019220;0.034410
0.005656;0.028797;0.063140
0.015232;0.019220;0.082294
-0.013498;0.019220;0.072717
-0.003921;0.009644;0.034410
-0.003921;-0.009510;-0.013474
-0.003921;0.009644;-0.042205
-0.003921;-0.019087;-0.070935
-0.003921;-0.009510;-0.090089
-0.003921;0.000067;-0.061358
-0.003921;0.009644;-0.003898
0.024809;-0.019087;0.005679
0.005656;0.000067;0.005679
-0.013498;0.009644;0.082294
0.005656;0.009644;0.063140
0.015232;-0.009510;0.043986
-0.013498;0.009644;0.034410
-0.003921;0.000067;0.034410
-0.003921;0.009644;-0.032628
-0.003921;0.000067;-0.090089
0.024809;0.000067;-0.070935
0.005656;0.000067;-0.051782
-0.023075;0.000067;-0.061358
0.005656;0.009644;-0.023051
-0.013498;0.000067;-0.003898
-0.003921;-0.019087;0.072717
-0.003921;0.000067;0.091870
0.015232;-0.009510;0.063140
0.005656;-0.009510;0.024833
-0.003921;0.000067;-0.032628
0.015232;-0.019087;-0.032628
-0.003921;-0.009510;-0.080512
-0.013498;-0.009510;-0.051782
0.005656;-0.009510;-0.080512
-0.003921;0.019220;-0.051782
-0.003921;0.000067;0.005679
-0.003921;0.009644;0.063140
-0.003921;-0.019087;0.053563
0.024809;0.019220;0.091870
-0.003921;-0.009510;0.082294
0.005656;0.009644;0.043986
-0.013498;0.009644;0.015256
0.005656;0.009644;-0.032628
-0.023075;-0.028664;-0.051782
-0.013498;0.009644;-0.061358
0.015232;-0.009510;-0.061358
0.005656;0.009644;-0.032628
-0.013498;-0.009510;-0.013474
-0.003921;0.009644;0.063140
-0.013498;-0.009510;0.063140
-0.003921;0.000067;0.063140
-0.003921;0.019220;0.043986
0.005656;0.009644;0.043986
-0.003921;-0.009510;0.005679
0.015232;0.009644;-0.023051
-0.003921;0.000067;-0.051782
-0.003921;-0.028664;-0.070935
-0.013498;0.000067;-0.061358
0.015232;0.000067;-0.032628
-0.003921;-0.009510;-0.003898
-0.003921;-0.028664;0.015256
-0.003921;0.000067;0.034410
0.005656;-0.009510;0.082294
0.005656;-0.009510;0.043986
-0.013498;0.000067;0.053563
0.005656;-0.019087;0.034410
-0.003921;0.019220;-0.042205
-0.003921;0.009644;-0.080512
0.015232;0.009644;-0.070935
-0.003921;0.009644;-0.080512
-0.013498;0.009644;-0.032628
-0.023075;-0.009510;-0.051782
-0.003921;-0.009510;0.043986
-0.003921;-0.019087;0.034410
-0.013498;0.009644;0.063140
-0.003921;0.000067;0.034410
-0.023075;-0.038240;0.024833
-0.003921;0.000067;0.024833
0.005656;-0.009510;-0.003898
-0.013498;-0.028664;-0.070935
0.005656;-0.009510;-0.080512
-0.013498;0.009644;-0.080512
-0.003921;0.009644;-0.032628
0.005656;-0.009510;-0.023051
-0.003921;-0.009510;0.005679
0.005656;-0.028664;0.053563
-0.013498;0.009644;0.082294
0.015232;0.000067;0.072717
-0.003921;0.019220;0.063140
0.005656;-0.019087;0.005679
-0.023075;0.000067;-0.051782
-0.003921;-0.028664;-0.051782
-0.003921;-0.009510;-0.099666
-0.003921;0.009644;-0.070935
-0.003921;0.009644;-0.061358
-0.013498;0.009644;-0.061358
-0.003921;0.000067;0.053563
-0.013498;0.009644;0.072717
-0.013498;-0.028664;0.072717
-0.003921;0.028797;0.063140
0.005656;0.009644;0.053563
-0.003921;0.000067;0.034410
0.005656;0.019220;-0.042205
-0.023075;0.028797;-0.061358
-0.013498;0.019220;-0.070935
-0.003921;0.000067;-0.051782
0.005656;-0.009510;-0.032628
0.005656;0.000067;-0.013474
-0.003921;0.009644;0.024833
0.005656;0.009644;0.082294
-0.003921;0.000067;0.091870
-0.013498;-0.019087;0.053563
-0.003921;-0.019087;0.082294
-0.003921;0.009644;0.015256
-0.003921;0.000067;-0.023051
-0.013498;0.009644;-0.042205
-0.023075;0.009644;-0.061358
-0.003921;0.038374;-0.090089
-0.003921;0.009644;-0.042205
-0.003921;-0.009510;-0.003898
0.005656;0.000067;0.024833
-0.013498;0.000067;0.053563
0.005656;0.009644;0.111024
0.015232;0.000067;0.082294
-0.003921;-0.009510;0.015256
-0.013498;0.009644;0.034410
-0.013498;0.000067;-0.032628
-0.003921;-0.009510;-0.061358
-0.013498;0.000067;-0.051782
-0.023075;0.009644;-0.051782
-0.013498;0.019220;-0.032628
0.005656;0.000067;-0.023051
0.005656;-0.009510;0.024833
0.015232;-0.009510;0.072717
-0.003921;-0.019087;0.072717
-0.013498;0.009644;0.072717
-0.003921;0.000067;0.053563
0.005656;-0.019087;0.005679
0.005656;0.009644;-0.023051
0.005656;0.000067;-0.061358
-0.003921;-0.028664;-0.070935
0.015232;0.000067;-0.070935
0.015232;0.009644;-0.061358
-0.003921;-0.019087;-0.013474
0.015232;0.000067;0.015256
-0.003921;-0.019087;0.043986
0.024809;-0.009510;0.072717
0.015232;0.000067;0.072717
-0.013498;0.000067;0.043986
0.005656;-0.009510;0.034410
-0.003921;0.000067;-0.032628
0.005656;0.009644;-0.042205
-0.003921;0.000067;-0.032628
-0.003921;0.000067;-0.042205
-0.003921;0.009644;-0.051782
0.005656;0.000067;-0.003898
-0.013498;-0.009510;0.053563
-0.003921;0.000067;0.063140
0.005656;0.009644;0.053563
-0.013498;0.009644;0.043986
0.005656;-0.009510;0.043986
-0.003921;-0.009510;0.005679
-0.003921;0.000067;-0.003898
-0.003921;-0.009510;-0.032628
-0.003921;0.009644;-0.070935
0.005656;0.009644;-0.099666
-0.003921;0.009644;-0.090089
-0.003921;0.009644;-0.023051
0.005656;0.009644;0.015256
0.015232;0.009644;0.043986
0.005656;0.019220;0.072717
0.005656;-0.019087;0.053563
-0.003921;-0.009510;0.063140
-0.003921;0.009644;-0.003898
-0.003921;0.019220;-0.013474
0.005656;-0.009510;-0.061358
-0.003921;0.000067;-0.070935
0.015232;-0.009510;-0.061358
0.015232;0.009644;-0.051782
-0.013498;-0.009510;-0.032628
0.005656;-0.009510;0.015256
0.015232;0.019220;0.063140
-0.003921;0.000067;0.082294
-0.003921;0.009644;0.053563
0.005656;0.000067;0.015256
0.005656;0.000067;0.005679
0.005656;0.009644;0.005679
-0.003921;0.009644;-0.023051
-0.003921;-0.009510;-0.080512
-0.013498;0.000067;-0.061358
-0.003921;-0.019087;-0.042205
0.005656;-0.009510;-0.023051
-0.003921;0.000067;0.015256
-0.003921;0.000067;0.043986
0.005656;-0.009510;0.043986
-0.013498;0.000067;0.063140
0.005656;0.000067;0.072717
0.005656;-0.009510;0.024833
-0.003921;-0.009510;-0.032628
0.024809;0.000067;-0.070935
-0.013498;-0.009510;-0.042205
0.015232;-0.019087;-0.080512
0.005656;0.009644;-0.042205
0.005656;0.009644;-0.032628
-0.003921;0.000067;0.024833
-0.003921;0.000067;0.053563
-0.003921;-0.009510;0.053563
0.005656;0.000067;0.072717
0.005656;0.000067;0.053563
-0.013498;0.019220;0.005679
-0.003921;-0.028664;-0.013474
0.005656;-0.028664;-0.061358
0.015232;-0.009510;-0.080512
-0.003921;0.000067;-0.051782
-0.013498;-0.009510;-0.051782
0.024809;0.009644;-0.003898
-0.013498;-0.009510;-0.013474
0.005656;-0.009510;0.043986
0.005656;-0.009510;0.072717
0.005656;0.000067;0.091870
-0.003921;-0.009510;0.043986
-0.003921;0.019220;0.015256
0.005656;0.000067;-0.013474
0.015232;0.000067;-0.032628
0.005656;0.009644;-0.080512
0.005656;0.000067;-0.061358
-0.003921;-0.009510;-0.061358
-0.003921;-0.009510;-0.051782
-0.003921;-0.019087;0.005679
0.005656;-0.009510;0.053563
0.005656;0.019220;0.063140
0.005656;-0.019087;0.053563
-0.013498;-0.019087;0.034410
0.015232;0.019220;0.034410
-0.003921;0.009644;-0.013474
0.005656;0.019220;-0.032628
-0.013498;-0.009510;-0.080512
0.005656;-0.019087;-0.070935
0.015232;-0.028664;-0.051782
-0.003921;-0.009510;-0.032628
0.015232;-0.019087;-0.013474
0.005656;0.009644;0.053563
0.024809;0.000067;0.082294
0.005656;0.000067;0.034410
-0.023075;-0.009510;0.015256
0.015232;0.009644;0.005679
-0.003921;0.000067;-0.023051
0.015232;0.000067;-0.061358
0.005656;0.009644;-0.090089
0.005656;0.000067;-0.070935
-0.003921;0.028797;-0.023051
-0.023075;-0.009510;0.024833
-0.013498;-0.009510;0.043986
0.015232;0.000067;0.082294
0.005656;0.019220;0.043986
-0.003921;0.000067;0.034410
0.015232;-0.009510;-0.023051
-0.023075;-0.009510;-0.042205
-0.013498;0.000067;-0.061358
-0.003921;0.000067;-0.061358
-0.003921;-0.009510;-0.051782
0.015232;-0.009510;-0.042205
-0.003921;0.000067;-0.003898
0.005656;0.009644;0.063140
-0.003921;0.009644;0.091870
0.005656;0.000067;0.053563
-0.013498;-0.019087;0.034410
-0.013498;0.019220;0.015256
-0.003921;0.000067;0.015256
-0.013498;-0.019087;-0.013474
0.015232;-0.028664;-0.080512
0.005656;-0.009510;-0.061358
0.005656;-0.019087;-0.090089
-0.003921;0.000067;-0.013474
0.015232;0.019220;-0.003898
-0.013498;0.000067;0.024833
0.015232;0.000067;0.072717
0.005656;0.000067;0.082294
0.015232;0.000067;0.072717
0.024809;0.009644;0.043986
-0.013498;0.009644;-0.003898
0.015232;-0.009510;-0.023051
-0.023075;-0.019087;-0.042205
-0.003921;0.009644;-0.051782
0.005656;0.000067;-0.042205
0.005656;-0.019087;-0.051782
-0.003921;0.000067;0.015256
0.015232;0.000067;0.043986
0.005656;-0.009510;0.043986
-0.013498;0.000067;0.063140
0.005656;-0.009510;0.053563
0.005656;-0.009510;0.043986
-0.003921;0.000067;0.015256
-0.013498;-0.009510;-0.051782
-0.003921;0.000067;-0.080512
-0.013498;0.009644;-0.080512
0.005656;0.009644;-0.070935
-0.003921;0.009644;-0.032628
0.015232;-0.009510;-0.003898
0.015232;0.009644;-0.003898
-0.003921;0.019220;0.082294
0.005656;0.009644;0.053563
0.015232;0.009644;0.063140
-0.003921;-0.038240;0.005679
0.005656;0.000067;-0.013474
-0.013498;-0.019087;-0.013474
-0.003921;0.009644;-0.051782
-0.023075;0.019220;-0.061358
-0.013498;0.009644;-0.070935
-0.013498;0.000067;-0.061358
0.015232;0.000067;-0.003898
-0.003921;-0.009510;0.053563
-0.013498;0.000067;0.053563
0.005656;0.000067;0.063140
-0.003921;-0.019087;0.034410
0.005656;0.000067;-0.003898
0.015232;0.019220;-0.042205
0.005656;0.000067;-0.061358
0.015232;0.019220;-0.042205
-0.003921;0.009644;-0.061358
-0.003921;-0.028664;-0.042205
-0.003921;-0.009510;-0.003898
0.005656;0.000067;0.015256
-0.003921;0.019220;0.053563
-0.003921;-0.009510;0.063140
0.005656;0.009644;0.063140
-0.003921;0.000067;0.015256
-0.003921;0.000067;-0.003898
0.024809;0.000067;-0.042205
0.005656;0.000067;-0.080512
0.015232;-0.009510;-0.051782
0.005656;0.000067;-0.070935
-0.003921;0.000067;-0.080512
0.005656;-0.009510;0.015256
0.005656;0.009644;0.005679
-0.003921;0.009644;0.043986
-0.003921;0.019220;0.072717
0.005656;-0.009510;0.063140
-0.023075;0.009644;0.034410
0.005656;-0.019087;-0.003898
0.015232;-0.009510;-0.051782
-0.003921;0.009644;-0.080512
-0.003921;0.009644;-0.070935
-0.013498;-0.019087;-0.061358
-0.013498;-0.028664;-0.032628
-0.013498;-0.019087;-0.032628
0.005656;-0.009510;0.034410
0.015232;0.009644;0.053563
0.015232;-0.009510;0.091870
-0.003921;0.009644;0.072717
-0.013498;-0.009510;0.024833
-0.003921;0.000067;0.024833
0.015232;-0.019087;-0.003898
-0.003921;0.000067;-0.080512
0.015232;0.028797;-0.051782
-0.013498;0.009644;-0.099666
0.005656;-0.019087;-0.061358
0.005656;-0.019087;0.005679
0.005656;-0.019087;0.024833
-0.003921;0.000067;0.072717
-0.003921;-0.019087;0.072717
0.024809;-0.019087;0.043986
0.015232;0.009644;0.034410
-0.013498;-0.009510;-0.023051
-0.003921;0.000067;-0.023051
-0.003921;0.000067;-0.061358
-0.023075;-0.019087;-0.051782
-0.003921;0.009644;-0.051782
-0.032652;-0.009510;-0.042205
-0.003921;0.009644;-0.051782
0.005656;-0.009510;0.043986
0.015232;-0.019087;0.015256
0.015232;0.000067;0.082294
0.005656;0.000067;0.072717
-0.003921;0.009644;0.053563
0.005656;0.009644;0.015256
-0.013498;-0.019087;-0.013474
-0.003921;0.019220;-0.051782
-0.013498;-0.019087;-0.070935
-0.013498;-0.019087;-0.061358
-0.003921;0.009644;-0.042205
0.015232;-0.009510;-0.003898
-0.003921;0.000067;0.024833
-0.003921;-0.009510;0.082294
0.015232;-0.009510;0.072717
0.015232;0.000067;0.043986
0.005656;0.019220;0.034410
0.005656;-0.019087;-0.003898
-0.003921;0.000067;-0.032628
-0.013498;-0.009510;-0.042205
0.005656;0.000067;-0.070935
0.024809;0.000067;-0.061358
-0.003921;0.000067;-0.042205
0.005656;-0.009510;-0.023051
-0.013498;0.000067;0.034410
0.005656;0.000067;0.034410
0.005656;0.000067;0.082294
-0.013498;-0.009510;0.053563
-0.023075;0.019220;0.043986
0.005656;0.019220;0.015256
0.005656;0.000067;-0.032628
0.024809;-0.019087;-0.070935
0.005656;-0.009510;-0.080512
-0.003921;0.019220;-0.061358
0.015232;0.009644;-0.051782
0.005656;-0.009510;-0.032628
0.015232;-0.019087;0.015256
0.005656;0.000067;0.053563
-0.013498;0.000067;0.043986
-0.003921;-0.009510;0.063140
-0.013498;0.000067;0.043986
-0.013498;-0.009510;-0.003898
-0.003921;-0.019087;-0.032628
-0.003921;0.000067;-0.042205
0.005656;-0.019087;-0.070935
0.005656;-0.028664;-0.042205
-0.003921;0.009644;-0.051782
-0.003921;-0.019087;0.005679
0.005656;-0.009510;0.015256
0.015232;0.009644;0.053563
-0.003921;-0.028664;0.053563
0.015232;0.000067;0.072717
0.005656;0.019220;0.043986
0.015232;-0.019087;0.024833
-0.013498;0.009644;-0.032628
-0.003921;0.000067;-0.061358
-0.013498;0.009644;-0.061358
-0.003921;-0.009510;-0.061358
0.005656;-0.009510;-0.032628
0.015232;0.000067;-0.042205
0.024809;0.009644;-0.003898
0.005656;0.000067;0.053563
0.005656;0.009644;0.053563
0.005656;-0.009510;0.043986
0.005656;0.000067;0.053563
-0.013498;0.009644;0.005679
-0.003921;-0.009510;-0.032628
-0.003921;-0.019087;-0.070935
-0.003921;-0.009510;-0.070935
-0.013498;0.000067;-0.051782
-0.042228;-0.019087;-0.051782
0.005656;-0.009510;0.024833
-0.003921;-0.009510;0.063140
0.015232;0.009644;0.053563
-0.003921;-0.019087;0.063140
-0.013498;0.000067;0.015256
-0.013498;0.009644;-0.013474
-0.013498;0.009644;-0.051782
0.005656;0.000067;-0.080512
0.005656;0.019220;-0.070935
-0.003921;-0.009510;-0.032628
0.005656;-0.019087;-0.023051
0.015232;0.000067;0.005679
0.005656;0.009644;0.043986
0.015232;0.000067;0.063140
-0.003921;0.000067;0.053563
-0.003921;-0.009510;0.034410
-0.013498;0.000067;-0.013474
0.005656;0.019220;-0.023051
-0.003921;-0.009510;-0.061358
-0.003921;0.000067;-0.070935
0.005656;0.009644;-0.070935
0.005656;0.009644;-0.061358
-0.003921;-0.019087;0.005679
0.005656;-0.019087;0.043986
-0.003921;0.009644;0.072717
-0.013498;0.009644;0.072717
0.005656;-0.019087;0.063140
-0.003921;0.000067;-0.003898
-0.013498;-0.009510;-0.013474
0.015232;0.000067;-0.090089
0.015232;-0.009510;-0.080512
-0.003921;-0.019087;-0.061358
-0.023075;-0.009510;-0.051782
0.005656;0.000067;-0.013474
-0.003921;-0.009510;0.034410
0.005656;0.009644;0.043986
-0.023075;0.000067;0.053563
-0.003921;0.000067;0.053563
-0.003921;-0.009510;0.034410
-0.003921;-0.009510;0.005679
0.005656;0.000067;-0.013474
-0.003921;0.000067;-0.042205
0.005656;-0.009510;-0.061358
0.015232;0.000067;-0.090089
-0.003921;-0.009510;-0.042205
-0.013498;0.000067;-0.013474
0.005656;-0.019087;0.005679
0.005656;0.028797;0.024833
0.015232;0.009644;0.053563
0.005656;-0.009510;0.072717
0.005656;-0.009510;0.043986
0.015232;0.000067;-0.013474
-0.003921;0.000067;0.015256
0.015232;-0.019087;-0.023051
0.005656;-0.009510;-0.051782
-0.003921;0.009644;-0.070935
0.015232;0.009644;-0.032628
0.005656;0.000067;-0.042205
0.024809;0.019220;0.005679
0.005656;-0.019087;0.024833
-0.013498;0.000067;0.072717
-0.003921;0.009644;0.072717
-0.013498;0.009644;0.063140
-0.003921;0.019220;0.015256
0.005656;-0.019087;-0.042205
0.005656;-0.028664;-0.051782
0.005656;-0.019087;-0.061358
-0.003921;0.000067;-0.080512
-0.013498;0.019220;-0.032628
-0.003921;-0.009510;-0.013474
-0.003921;-0.028664;-0.013474
0.015232;0.000067;0.053563
-0.013498;-0.009510;0.072717
-0.003921;0.009644;0.053563
-0.023075;-0.009510;0.053563
-0.013498;0.009644;0.015256
-0.003921;0.000067;-0.013474
0.005656;0.000067;-0.051782
0.005656;0.000067;-0.061358
-0.003921;0.000067;-0.051782
-0.013498;-0.009510;-0.070935
0.005656;-0.009510;-0.042205
0.015232;0.028797;0.024833
-0.013498;0.000067;0.053563
-0.003921;0.009644;0.043986
-0.013498;-0.019087;0.043986
0.005656;0.009644;0.024833
-0.013498;0.000067;-0.023051
0.005656;0.019220;-0.032628
-0.003921;-0.019087;-0.070935
-0.003921;0.000067;-0.070935
0.005656;0.000067;-0.042205
-0.003921;0.000067;-0.013474
-0.003921;-0.019087;-0.013474
0.005656;0.019220;0.053563
0.005656;-0.009510;0.034410
0.005656;0.000067;0.082294
0.015232;-0.019087;0.024833
0.024809;-0.009510;-0.003898
-0.003921;0.000067;-0.003898
-0.003921;0.009644;-0.061358
0.015232;0.000067;-0.061358
0.005656;0.000067;-0.042205
-0.003921;0.009644;-0.051782
-0.013498;-0.009510;-0.013474
-0.003921;0.009644;0.015256
-0.003921;-0.019087;0.043986
-0.003921;0.009644;0.034410
0.015232;-0.009510;0.082294
0.015232;-0.019087;0.053563
-0.013498;0.000067;0.034410
0.015232;0.009644;0.005679
0.005656;-0.019087;-0.032628
-0.003921;0.028797;-0.061358
0.005656;0.009644;-0.070935
0.005656;0.000067;-0.061358
0.005656;-0.019087;-0.032628
0.005656;0.009644;0.024833
0.005656;0.009644;0.043986
-0.013498;-0.019087;0.043986
-0.013498;-0.009510;0.063140
-0.003921;0.000067;0.034410
-0.003921;0.009644;0.024833
0.005656;-0.009510;-0.013474
0.015232;0.009644;-0.061358
-0.003921;0.000067;-0.051782
-0.013498;-0.028664;-0.061358
-0.003921;-0.009510;-0.051782
-0.013498;0.000067;-0.023051
0.005656;0.009644;0.005679
-0.003921;0.009644;0.034410
-0.003921;0.009644;0.082294
-0.003921;0.009644;0.053563
-0.003921;0.019220;0.063140
0.005656;0.000067;0.034410
-0.013498;-0.009510;0.005679
-0.003921;0.000067;-0.051782
-0.003921;-0.019087;-0.070935
-0.023075;0.009644;-0.051782
-0.003921;0.009644;-0.042205
-0.003921;-0.019087;-0.032628
0.005656;-0.009510;0.015256
-0.003921;0.009644;0.043986
-0.023075;0.009644;0.101447
-0.003921;0.009644;0.043986
-0.023075;-0.028664;0.034410
0.024809;0.009644;0.015256
-0.013498;-0.009510;-0.003898
-0.003921;0.028797;-0.061358
0.005656;0.028797;-0.061358
0.015232;-0.009510;-0.080512
-0.013498;-0.009510;-0.051782
-0.003921;0.000067;-0.032628
-0.003921;0.000067;0.005679
-0.003921;0.000067;0.053563
-0.003921;0.019220;0.063140
0.005656;0.019220;0.053563
0.005656;0.009644;-0.013474
-0.003921;-0.038240;-0.023051
-0.003921;0.000067;-0.051782
-0.003921;0.000067;-0.032628
0.005656;-0.009510;-0.070935
-0.003921;0.000067;-0.042205
-0.003921;0.000067;-0.032628
0.015232;0.028797;0.015256
-0.003921;0.000067;0.072717
0.005656;-0.009510;0.053563
0.015232;-0.009510;0.053563
-0.013498;-0.009510;0.043986
-0.042228;0.000067;-0.003898
-0.003921;-0.019087;0.005679
-0.003921;0.000067;-0.032628
0.005656;0.009644;-0.061358
-0.013498;0.000067;-0.090089
-0.003921;0.000067;-0.051782
0.005656;-0.009510;-0.013474
-0.003921;0.000067;0.034410
0.005656;-0.009510;0.043986
0.005656;0.000067;0.043986
-0.003921;0.000067;0.005679
-0.003921;0.000067;-0.023051
-0.013498;0.019220;-0.042205
-0.003921;-0.019087;-0.061358
0.005656;0.009644;-0.090089
0.005656;-0.009510;-0.051782
0.015232;0.000067;-0.013474
-0.003921;-0.019087;-0.023051
0.005656;-0.009510;0.034410
0.005656;0.009644;0.072717
0.015232;-0.019087;0.063140
0.005656;0.000067;0.072717
-0.013498;-0.009510;0.034410
0.015232;0.000067;-0.013474
-0.023075;0.000067;-0.032628
0.005656;0.000067;-0.070935
-0.003921;0.028797;-0.051782
-0.023075;0.000067;-0.023051
0.005656;0.000067;-0.013474
0.005656;0.000067;0.005679
0.005656;0.009644;0.034410
-0.013498;0.019220;0.063140
0.005656;-0.009510;0.043986
-0.003921;0.000067;0.053563
0.005656;0.009644;0.024833
-0.013498;0.019220;-0.003898
0.015232;0.000067;-0.051782
-0.003921;0.009644;-0.061358
-0.013498;0.009644;-0.070935
-0.003921;0.000067;-0.070935
0.005656;-0.009510;0.015256
-0.013498;0.009644;0.043986
0.005656;-0.009510;0.053563
-0.003921;-0.009510;0.072717
0.005656;-0.009510;0.063140
0.015232;0.009644;0.034410
0.005656;0.000067;0.005679
-0.003921;-0.009510;-0.051782
0.015232;-0.009510;-0.070935
-0.003921;0.000067;-0.070935
-0.003921;-0.019087;-0.042205
-0.003921;0.000067;-0.023051
0.005656;-0.009510;-0.013474
0.015232;0.000067;0.053563
0.005656;0.009644;0.015256
-0.013498;0.000067;0.043986
0.024809;0.000067;0.024833
-0.013498;0.009644;0.005679
-0.023075;0.019220;0.005679
-0.013498;0.009644;-0.023051
-0.013498;-0.009510;-0.061358
-0.013498;0.000067;-0.080512
-0.003921;0.000067;-0.042205
0.005656;0.000067;-0.013474
-0.023075;0.019220;0.024833
0.005656;-0.009510;0.024833
-0.023075;0.000067;0.072717
-0.003921;0.000067;0.063140
0.015232;0.009644;0.082294
-0.003921;0.000067;0.015256
-0.003921;0.019220;0.024833
0.005656;-0.019087;-0.051782
0.005656;-0.009510;-0.070935
-0.003921;0.019220;-0.070935
-0.013498;-0.009510;-0.070935
0.015232;0.009644;-0.042205
0.015232;0.009644;-0.023051
0.015232;-0.028664;0.024833
0.005656;0.000067;0.053563
-0.023075;0.000067;0.043986
-0.013498;0.009644;0.063140
-0.003921;-0.019087;0.043986
0.015232;-0.038240;0.024833
0.005656;0.009644;-0.051782
0.005656;0.009644;-0.042205
0.005656;0.000067;-0.032628
0.015232;-0.009510;-0.070935
-0.013498;-0.019087;-0.023051
0.005656;0.000067;0.005679
0.005656;0.009644;0.024833
-0.013498;0.009644;0.063140
0.005656;0.009644;0.063140
-0.003921;0.009644;0.091870
0.015232;0.000067;0.024833
-0.003921;-0.009510;-0.023051
-0.013498;-0.009510;-0.051782
0.005656;0.000067;-0.080512
-0.013498;0.000067;-0.051782
0.005656;0.009644;-0.032628
-0.013498;-0.009510;-0.042205
0.005656;-0.009510;0.015256
0.005656;-0.009510;0.005679
-0.003921;-0.009510;0.053563
-0.013498;0.028797;0.063140
0.005656;-0.009510;0.034410
-0.013498;-0.009510;0.015256
-0.003921;-0.009510;-0.013474
-0.003921;0.009644;-0.032628
-0.013498;-0.009510;-0.042205
-0.003921;0.000067;-0.080512
-0.013498;-0.009510;-0.061358
0.005656;0.009644;-0.023051
-0.003921;0.009644;0.005679
-0.013498;0.000067;-0.013474
-0.003921;0.000067;0.053563
0.005656;0.000067;0.063140
0.005656;0.000067;0.043986
-0.003921;0.000067;0.015256
-0.023075;-0.009510;-0.003898
0.005656;0.000067;-0.032628
-0.003921;-0.009510;-0.070935
0.005656;0.009644;-0.061358
0.005656;0.000067;-0.042205
0.005656;-0.019087;-0.032628
-0.023075;0.000067;0.005679
-0.013498;-0.009510;0.043986
-0.003921;-0.009510;0.053563
0.015232;0.000067;0.063140
-0.013498;-0.019087;0.043986
-0.003921;-0.028664;0.005679
0.005656;-0.009510;0.005679
-0.003921;0.000067;-0.042205
-0.003921;-0.019087;-0.051782
0.005656;0.009644;-0.042205
-0.003921;0.000067;-0.070935
-0.023075;0.009644;-0.042205
-0.003921;0.009644;-0.023051
0.005656;-0.009510;0.015256
-0.003921;0.000067;0.072717
0.005656;0.019220;0.053563
-0.003921;0.009644;0.043986
-0.003921;0.009644;-0.003898
0.005656;-0.009510;-0.013474
-0.003921;0.009644;-0.023051
0.005656;-0.009510;-0.061358
-0.003921;-0.009510;-0.070935
-0.003921;0.009644;-0.051782
-0.003921;0.000067;-0.042205
0.015232;0.000067;-0.032628
0.005656;-0.019087;0.005679
0.015232;0.009644;0.063140
-0.003921;0.009644;0.034410
0.005656;-0.028664;0.024833
0.005656;0.038374;0.034410
0.005656;-0.019087;-0.013474
0.005656;0.009644;-0.042205
0.005656;0.000067;-0.051782
-0.003921;0.000067;-0.070935
0.005656;-0.009510;-0.070935
0.015232;0.009644;-0.032628
0.005656;-0.009510;-0.013474
-0.003921;0.000067;0.024833
-0.023075;-0.009510;0.043986
-0.003921;-0.019087;0.072717
0.015232;0.000067;0.072717
0.005656;-0.019087;0.053563
-0.003921;0.000067;-0.003898
-0.013498;-0.009510;-0.013474
0.015232;0.009644;-0.051782
-0.023075;-0.009510;-0.061358
-0.013498;0.000067;-0.061358
-0.003921;-0.009510;-0.013474
0.005656;0.000067;0.024833
-0.003921;0.000067;0.005679
-0.003921;0.019220;0.053563
-0.013498;0.000067;0.072717
0.015232;0.000067;0.072717
-0.003921;0.009644;0.053563
0.005656;0.000067;-0.013474
0.005656;-0.009510;-0.023051
0.015232;-0.009510;-0.070935
-0.013498;0.019220;-0.061358
-0.003921;-0.009510;-0.051782
0.005656;-0.009510;-0.042205
-0.013498;0.009644;-0.032628
0.024809;0.009644;0.005679
0.005656;0.009644;0.053563
0.005656;0.000067;0.034410
0.005656;0.000067;0.053563
-0.013498;0.000067;0.034410
0.015232;0.000067;0.024833
0.015232;0.000067;-0.032628
-0.003921;0.000067;-0.051782
-0.003921;0.019220;-0.090089
0.005656;-0.009510;-0.051782
-0.003921;0.009644;-0.023051
0.015232;0.009644;-0.003898
-0.003921;0.000067;0.034410
0.015232;-0.019087;0.063140
0.005656;0.019220;0.053563
-0.003921;-0.009510;0.063140
-0.023075;-0.009510;0.043986
-0.023075;-0.009510;0.005679
0.005656;0.009644;-0.013474
0.005656;0.009644;-0.061358
-0.013498;-0.009510;-0.032628
-0.003921;-0.009510;-0.061358
-0.013498;0.000067;-0.042205
0.015232;-0.019087;-0.042205
0.015232;0.000067;0.043986
-0.003921;-0.009510;0.024833
0.015232;0.009644;0.063140
0.005656;0.019220;0.091870
-0.003921;0.000067;0.043986
0.005656;0.000067;0.005679
0.015232;0.019220;-0.023051
-0.003921;0.000067;-0.032628
0.005656;-0.009510;-0.061358
0.015232;0.009644;-0.070935
-0.013498;0.000067;-0.023051
-0.003921;0.009644;-0.042205
-0.003921;0.009644;0.043986
-0.013498;-0.009510;0.043986
-0.003921;-0.009510;0.034410
0.005656;0.009644;0.053563
-0.003921;-0.019087;0.015256
-0.003921;0.028797;-0.032628
0.015232;-0.009510;-0.032628
0.005656;0.019220;-0.061358
0.005656;0.009644;-0.042205
-0.003921;0.009644;-0.061358
0.005656;-0.009510;0.015256
-0.013498;0.009644;0.034410
0.015232;0.009644;0.053563
0.005656;0.009644;0.053563
0.005656;0.000067;0.043986
-0.003921;0.009644;-0.003898
0.005656;0.000067;-0.042205
0.005656;0.019220;-0.032628
0.015232;-0.009510;-0.042205
-0.003921;0.000067;-0.061358
0.005656;-0.019087;-0.032628
-0.023075;-0.019087;-0.013474
0.005656;0.009644;0.005679
-0.003921;0.000067;0.043986
0.005656;-0.019087;0.053563
0.005656;0.009644;0.053563
-0.003921;-0.009510;0.034410
-0.003921;0.000067;0.024833
-0.003921;-0.009510;-0.003898
0.005656;-0.009510;-0.032628
-0.003921;0.028797;-0.051782
-0.003921;0.009644;-0.051782
0.005656;0.000067;0.015256
0.024809;0.009644;0.015256
-0.003921;0.019220;0.043986
-0.003921;0.028797;0.034410
-0.003921;-0.009510;0.053563
-0.003921;0.000067;0.043986
0.005656;0.000067;0.034410
-0.003921;0.009644;-0.051782
-0.003921;0.000067;-0.051782
0.024809;0.000067;-0.051782
-0.013498;0.000067;-0.051782
0.005656;0.000067;-0.042205
0.005656;0.000067;-0.013474
-0.003921;-0.009510;0.005679
0.015232;0.009644;0.034410
-0.003921;0.000067;0.053563
0.005656;0.000067;0.034410
-0.003921;0.009644;0.024833
0.005656;-0.009510;-0.013474
-0.003921;-0.009510;-0.061358
0.015232;0.019220;-0.051782
-0.013498;0.019220;-0.051782
-0.013498;-0.009510;-0.042205
-0.013498;0.019220;0.005679
-0.013498;0.000067;0.024833
0.005656;-0.019087;0.043986
0.005656;0.019220;0.063140
0.005656;0.000067;0.063140
0.015232;0.009644;0.034410
0.005656;-0.009510;0.015256
-0.003921;-0.009510;0.005679
-0.003921;0.000067;-0.032628
0.005656;-0.009510;-0.090089
-0.003921;-0.019087;-0.080512
-0.003921;0.000067;-0.051782
-0.003921;-0.019087;-0.023051
-0.003921;-0.009510;0.034410
0.005656;0.000067;0.034410
-0.003921;-0.009510;0.043986
0.005656;0.009644;0.005679
-0.003921;0.009644;-0.003898
-0.013498;0.000067;-0.023051
-0.032652;-0.009510;-0.051782
0.005656;0.000067;-0.051782
0.015232;-0.009510;-0.042205
0.005656;0.019220;-0.032628
-0.013498;0.000067;-0.013474
-0.023075;-0.028664;0.015256
-0.003921;-0.009510;0.043986
-0.003921;0.000067;0.072717
0.015232;0.000067;0.063140
0.005656;-0.009510;0.053563
0.015232;-0.009510;0.015256
-0.013498;0.000067;-0.023051
-0.003921;-0.028664;-0.032628
-0.013498;0.019220;-0.042205
-0.003921;-0.009510;-0.061358
-0.013498;0.000067;-0.051782
0.005656;0.009644;-0.023051
-0.013498;-0.009510;-0.003898
-0.013498;0.000067;0.034410
0.005656;0.000067;0.043986
-0.003921;0.009644;0.072717
-0.003921;-0.009510;0.072717
-0.003921;-0.009510;0.005679
-0.013498;0.000067;0.015256
0.005656;0.000067;-0.051782
-0.023075;0.000067;-0.070935
-0.003921;0.009644;-0.061358
-0.003921;-0.019087;-0.032628
-0.013498;0.000067;-0.032628
0.015232;0.009644;-0.003898
-0.003921;0.019220;0.024833
0.005656;-0.009510;0.063140
0.005656;0.000067;0.063140
-0.023075;-0.009510;0.072717
0.015232;0.019220;0.024833
-0.003921;-0.009510;0.005679
-0.003921;-0.009510;-0.042205
-0.023075;-0.019087;-0.070935
0.005656;0.000067;-0.042205
-0.003921;-0.009510;-0.061358
-0.003921;-0.009510;0.015256
0.015232;0.009644;-0.003898
0.015232;0.019220;0.043986
-0.003921;-0.028664;0.072717
0.005656;0.000067;0.034410
-0.003921;-0.009510;0.024833
0.015232;-0.009510;0.024833
-0.003921;-0.019087;0.005679
0.005656;0.009644;-0.023051
-0.013498;0.009644;-0.070935
0.015232;-0.009510;-0.051782
0.005656;0.000067;-0.051782
0.005656;0.000067;-0.032628
-0.023075;-0.019087;-0.003898
0.005656;-0.009510;0.015256
-0.003921;0.009644;0.063140
0.015232;-0.009510;0.072717
0.005656;-0.009510;0.024833
0.005656;0.000067;0.034410
0.005656;-0.038240;-0.003898
0.015232;0.000067;-0.023051
-0.003921;-0.019087;-0.061358
-0.003921;-0.019087;-0.051782
0.005656;0.000067;-0.061358
0.005656;-0.028664;-0.003898
0.005656;0.009644;0.034410
-0.013498;0.000067;0.043986
-0.013498;-0.009510;0.034410
0.015232;0.009644;0.053563
0.005656;-0.009510;0.063140
0.005656;0.019220;0.043986
0.015232;-0.009510;-0.013474
-0.003921;0.000067;-0.023051
-0.003921;0.000067;-0.042205
0.005656;-0.009510;-0.061358
-0.003921;-0.019087;-0.032628
0.015232;-0.009510;-0.003898
0.015232;0.019220;-0.013474
0.005656;0.009644;0.024833
0.005656;-0.009510;0.063140
0.005656;-0.009510;0.043986
-0.013498;-0.009510;0.063140
-0.023075;-0.009510;0.024833
-0.013498;0.009644;-0.003898
-0.013498;0.000067;-0.032628
-0.013498;0.000067;-0.070935
0.005656;-0.009510;-0.061358
-0.003921;-0.009510;-0.061358
-0.023075;0.000067;-0.013474
0.015232;-0.009510;0.005679
0.015232;-0.038240;0.024833
-0.013498;0.000067;0.034410
0.015232;-0.009510;0.053563
-0.003921;-0.009510;0.043986
0.015232;0.019220;0.043986
-0.013498;0.000067;0.005679
-0.013498;-0.009510;-0.032628
0.005656;-0.019087;-0.013474
-0.013498;0.009644;-0.051782
0.005656;0.009644;-0.051782
0.005656;-0.019087;0.005679
-0.003921;0.009644;0.034410
-0.003921;-0.009510;0.015256
-0.003921;0.000067;0.063140
0.005656;-0.009510;0.043986
-0.003921;0.009644;0.053563
-0.003921;-0.009510;0.034410
0.015232;0.000067;0.005679
0.015232;0.009644;-0.051782
-0.003921;0.009644;-0.061358
-0.003921;0.000067;-0.061358
0.015232;0.009644;-0.061358
-0.003921;-0.009510;-0.023051
-0.003921;0.009644;-0.023051
0.015232;0.009644;0.015256
-0.013498;0.000067;0.034410
0.015232;0.000067;0.063140
-0.013498;0.019220;0.053563
0.005656;0.009644;0.024833
-0.003921;0.000067;-0.003898
-0.003921;0.009644;-0.042205
0.024809;-0.009510;-0.061358
-0.003921;0.000067;-0.061358
-0.003921;0.009644;-0.051782
-0.023075;0.019220;-0.032628
0.005656;0.000067;0.024833
0.005656;0.019220;0.053563
0.015232;0.019220;0.043986
-0.003921;-0.009510;0.043986
0.005656;0.000067;0.043986
0.005656;0.000067;0.053563
-0.003921;-0.019087;-0.003898
0.034386;0.019220;-0.042205
-0.003921;-0.019087;-0.061358
0.005656;0.019220;-0.051782
-0.013498;0.009644;-0.051782
-0.013498;0.000067;-0.032628
0.005656;0.000067;-0.013474
-0.013498;0.009644;0.005679
0.024809;0.009644;0.043986
0.015232;0.009644;0.063140
-0.003921;-0.009510;0.063140
-0.003921;-0.019087;-0.003898
-0.013498;-0.019087;-0.013474
0.024809;0.019220;-0.003898
-0.003921;0.000067;-0.051782
0.005656;0.000067;-0.061358
0.005656;0.000067;-0.051782
-0.003921;0.000067;-0.003898
0.005656;-0.028664;0.005679
-0.003921;0.000067;0.024833
-0.013498;-0.028664;0.043986
-0.003921;0.028797;0.063140
0.005656;0.009644;0.082294
-0.003921;0.009644;0.043986
0.015232;0.009644;-0.003898
0.005656;-0.009510;-0.013474
0.005656;0.000067;-0.051782
-0.003921;-0.019087;-0.070935
0.005656;-0.009510;-0.042205
-0.003921;-0.009510;-0.032628
-0.003921;-0.009510;-0.003898
0.005656;-0.019087;0.015256
-0.003921;-0.009510;0.043986
0.005656;0.009644;0.053563
-0.003921;0.028797;0.063140
0.005656;0.009644;0.034410
0.015232;0.000067;-0.003898
0.005656;-0.009510;-0.013474
0.015232;0.000067;-0.061358
-0.003921;0.000067;-0.061358
0.015232;0.000067;-0.051782
-0.003921;0.000067;-0.013474
-0.003921;0.000067;0.005679
-0.003921;0.019220;0.024833
-0.013498;0.000067;0.043986
-0.013498;0.009644;0.043986
0.005656;0.009644;0.063140
-0.003921;-0.009510;0.034410
-0.003921;0.000067;0.005679
-0.013498;-0.009510;-0.061358
-0.003921;-0.009510;-0.061358
0.005656;0.019220;-0.099666
-0.003921;0.019220;-0.042205
-0.003921;-0.009510;-0.003898
-0.003921;0.009644;0.034410
0.005656;-0.019087;0.015256
-0.003921;0.009644;0.043986
0.015232;-0.028664;0.063140
-0.003921;0.009644;-0.003898
-0.013498;0.000067;0.005679
-0.003921;0.000067;0.015256
-0.013498;0.000067;-0.032628
0.005656;0.000067;-0.070935
0.024809;-0.009510;-0.042205
-0.023075;-0.009510;-0.042205
-0.003921;0.000067;-0.003898
0.024809;-0.009510;0.015256
0.005656;-0.009510;0.024833
-0.023075;0.000067;0.063140
0.005656;-0.009510;0.053563
-0.003921;-0.009510;0.053563
-0.003921;0.009644;-0.013474
-0.003921;-0.009510;-0.032628
0.005656;0.019220;-0.051782
-0.003921;0.000067;-0.061358
-0.003921;0.009644;-0.051782
0.005656;0.000067;-0.032628
0.015232;0.000067;-0.023051
-0.003921;0.019220;-0.013474
0.015232;-0.009510;0.043986
0.015232;0.000067;0.063140
-0.003921;-0.009510;0.043986
-0.013498;0.000067;0.024833
-0.003921;0.009644;0.005679
0.005656;0.000067;-0.032628
0.005656;0.009644;-0.023051
0.005656;0.009644;-0.061358
-0.003921;-0.009510;-0.042205
-0.003921;0.000067;-0.023051
-0.003921;0.000067;-0.003898
0.005656;-0.009510;-0.003898
-0.013498;-0.009510;0.043986
0.015232;-0.009510;0.063140
0.005656;0.009644;0.053563
-0.013498;0.009644;0.034410
-0.003921;-0.028664;-0.003898
0.005656;0.009644;-0.023051
-0.013498;0.019220;-0.051782
0.005656;0.009644;-0.051782
-0.003921;0.009644;-0.051782
-0.003921;0.000067;-0.051782
-0.003921;0.019220;0.024833
0.005656;0.009644;0.024833
-0.003921;0.028797;0.034410
0.015232;0.000067;0.072717
-0.003921;0.009644;0.043986
-0.003921;0.009644;0.063140
-0.013498;-0.019087;-0.003898
0.005656;0.019220;-0.023051
-0.003921;0.009644;-0.042205
-0.003921;0.019220;-0.061358
0.024809;0.019220;-0.051782
0.015232;0.000067;-0.013474
0.005656;0.009644;0.024833
0.015232;-0.019087;0.053563
0.005656;0.009644;0.053563
0.005656;0.009644;0.015256
0.015232;0.009644;-0.003898
0.015232;-0.009510;0.024833
-0.013498;-0.019087;-0.003898
0.015232;0.009644;-0.032628
0.005656;0.000067;-0.080512
-0.003921;-0.009510;-0.061358
0.005656;0.000067;-0.042205
-0.003921;0.000067;0.015256
-0.003921;0.000067;0.024833
0.005656;0.000067;0.043986
0.005656;-0.009510;0.063140
-0.013498;-0.009510;0.043986
0.005656;0.000067;0.015256
0.005656;0.000067;-0.032628
-0.003921;0.009644;-0.051782
0.015232;0.000067;-0.042205
0.015232;0.000067;-0.061358
0.015232;0.009644;-0.042205
-0.013498;0.009644;-0.032628
0.005656;0.028797;0.005679
-0.013498;-0.009510;0.053563
-0.003921;-0.019087;0.043986
-0.013498;-0.009510;0.053563
-0.003921;0.019220;0.034410
-0.003921;0.019220;-0.003898
0.005656;-0.009510;0.015256
0.005656;0.000067;-0.061358
0.005656;0.000067;-0.070935
-0.003921;0.009644;-0.032628
-0.003921;0.019220;-0.051782
0.015232;0.000067;-0.023051
-0.003921;-0.009510;0.005679
-0.003921;-0.019087;0.024833
0.005656;0.000067;0.053563
0.005656;0.000067;0.034410
-0.013498;-0.028664;0.043986
0.005656;-0.009510;0.034410
-0.013498;0.000067;-0.032628
0.005656;0.009644;-0.032628
-0.003921;-0.009510;-0.061358
-0.003921;0.009644;-0.051782
-0.013498;-0.019087;-0.061358
-0.013498;0.000067;-0.013474
-0.003921;0.000067;0.034410
-0.003921;-0.009510;0.043986
0.005656;0.009644;0.072717
0.005656;0.000067;0.063140
0.005656;0.009644;0.034410
-0.013498;-0.028664;0.015256
0.005656;-0.009510;-0.023051
0.024809;0.009644;-0.023051
-0.013498;0.000067;-0.051782
-0.003921;0.009644;-0.051782
-0.013498;0.009644;-0.013474
-0.003921;0.009644;0.005679
0.015232;0.019220;0.015256
0.005656;0.009644;0.043986
0.015232;-0.009510;0.072717
0.015232;0.000067;0.034410
0.005656;-0.009510;0.034410
0.015232;0.019220;0.005679
-0.003921;-0.009510;-0.032628
-0.013498;0.000067;-0.051782
0.015232;0.019220;-0.051782
-0.003921;0.000067;-0.042205
-0.013498;0.000067;-0.051782
0.005656;-0.009510;-0.013474
-0.003921;0.019220;0.015256
0.015232;0.009644;0.034410
-0.003921;-0.009510;0.053563
0.005656;0.019220;0.063140
-0.013498;0.009644;0.034410
0.024809;-0.009510;-0.003898
0.005656;-0.009510;0.005679
-0.003921;-0.009510;-0.061358
-0.023075;0.009644;-0.061358
-0.003921;0.009644;-0.042205
0.005656;-0.028664;-0.003898
0.005656;-0.028664;0.015256
0.005656;-0.019087;0.034410
0.005656;-0.009510;0.063140
0.015232;0.000067;0.072717
-0.003921;0.009644;0.015256
-0.003921;0.000067;0.005679
0.005656;-0.019087;-0.042205
0.005656;-0.019087;-0.051782
-0.003921;0.000067;-0.070935
-0.013498;0.019220;-0.051782
0.005656;-0.009510;-0.051782
-0.003921;0.000067;-0.051782
0.005656;0.000067;0.024833
-0.003921;0.009644;0.053563
-0.003921;0.000067;0.053563
0.005656;0.000067;0.043986
-0.003921;0.009644;0.024833
0.005656;-0.019087;0.005679
-0.003921;-0.019087;-0.013474
-0.003921;-0.009510;-0.032628
0.005656;-0.009510;-0.042205
0.005656;0.009644;-0.042205
0.005656;0.000067;-0.061358
0.015232;0.009644;-0.023051
0.005656;-0.009510;0.005679
-0.003921;-0.009510;0.034410
-0.003921;-0.019087;0.024833
0.005656;-0.009510;0.091870
-0.003921;0.009644;0.024833
-0.003921;0.000067;0.015256
0.015232;0.019220;0.005679
0.015232;0.028797;-0.023051
-0.003921;-0.019087;-0.061358
0.015232;-0.009510;-0.051782
-0.003921;0.009644;-0.042205
-0.003921;-0.009510;-0.003898
0.005656;0.019220;-0.003898
0.015232;0.019220;0.034410
0.005656;0.000067;0.024833
-0.003921;-0.009510;0.072717
0.015232;0.009644;0.024833
-0.003921;0.000067;0.034410
0.015232;-0.009510;-0.032628
-0.013498;0.000067;-0.023051
0.005656;-0.019087;-0.080512
-0.013498;0.000067;-0.042205
-0.003921;-0.009510;-0.023051
-0.013498;0.000067;-0.013474
0.005656;-0.019087;0.005679
0.005656;0.009644;0.072717
-0.003921;-0.019087;0.053563
0.005656;-0.019087;0.063140
-0.013498;0.009644;0.005679
-0.003921;-0.009510;0.024833
0.005656;0.000067;-0.003898
-0.003921;0.009644;-0.051782
0.005656;0.000067;-0.042205
-0.013498;-0.028664;-0.061358
-0.003921;0.000067;-0.070935
0.024809;0.009644;-0.023051
0.005656;0.000067;0.015256
-0.003921;0.009644;0.005679
-0.013498;0.000067;0.034410
-0.013498;-0.019087;0.063140
-0.003921;0.000067;0.053563
0.015232;0.000067;0.034410
-0.003921;0.009644;-0.003898
0.005656;0.000067;-0.013474
0.015232;0.000067;-0.051782
0.024809;0.009644;-0.061358
-0.013498;0.000067;-0.042205
-0.013498;-0.009510;-0.013474
-0.003921;-0.009510;0.015256
0.005656;0.009644;0.015256
0.005656;0.009644;0.072717
0.005656;-0.019087;0.063140
0.005656;0.009644;0.053563
0.005656;0.000067;0.034410
0.005656;-0.038240;-0.003898
0.005656;0.000067;-0.051782
0.005656;0.000067;-0.042205
0.015232;-0.019087;-0.042205
-0.003921;-0.009510;-0.070935
-0.013498;0.000067;-0.042205
-0.003921;-0.009510;0.015256
-0.013498;0.009644;0.034410
0.015232;-0.009510;0.043986
-0.003921;0.019220;0.053563
-0.013498;0.000067;0.063140
-0.003921;-0.009510;0.015256
-0.003921;-0.009510;-0.003898
-0.003921;0.000067;-0.051782
-0.003921;0.009644;-0.061358
-0.023075;0.000067;-0.061358
0.005656;0.009644;-0.032628
0.024809;-0.009510;-0.042205
-0.013498;0.000067;-0.013474
-0.003921;0.019220;0.024833
0.005656;0.000067;0.024833
-0.013498;-0.009510;0.082294
-0.003921;0.000067;0.034410
0.005656;-0.019087;0.024833
-0.013498;0.009644;0.005679
0.005656;-0.019087;-0.042205
-0.023075;-0.009510;-0.061358
-0.003921;0.000067;-0.051782
0.005656;-0.019087;-0.032628
-0.003921;0.019220;-0.013474
0.005656;0.000067;0.024833
0.005656;-0.009510;0.053563
-0.003921;0.000067;0.053563
0.015232;0.000067;0.043986
-0.003921;-0.009510;0.063140
0.005656;0.000067;0.005679
-0.003921;0.000067;-0.042205
0.005656;0.000067;-0.051782
0.005656;-0.019087;-0.070935
-0.013498;0.000067;-0.042205
-0.003921;-0.009510;-0.032628
-0.003921;-0.019087;0.015256
0.005656;-0.009510;0.034410
0.005656;0.000067;0.024833
-0.013498;0.000067;0.063140
-0.003921;0.000067;0.034410
-0.003921;-0.019087;0.034410
-0.013498;0.000067;-0.023051
-0.003921;0.009644;-0.061358
0.005656;0.000067;-0.042205
-0.003921;0.009644;-0.023051
-0.003921;0.000067;-0.032628
-0.003921;0.009644;-0.051782
-0.003921;-0.019087;0.005679
0.005656;-0.009510;0.015256
0.005656;0.009644;0.034410
0.015232;-0.009510;0.072717
-0.003921;0.000067;0.043986
-0.003921;0.009644;0.034410
-0.013498;0.019220;-0.003898
0.005656;0.009644;-0.013474
-0.003921;0.009644;-0.051782
-0.003921;0.009644;-0.042205
0.005656;0.009644;-0.042205
-0.003921;0.000067;-0.023051
0.005656;0.009644;-0.003898
0.005656;0.009644;0.024833
0.005656;-0.019087;0.053563
-0.013498;0.009644;0.043986
-0.013498;-0.019087;0.024833
-0.003921;-0.028664;-0.042205
0.015232;0.000067;-0.042205
-0.032652;0.000067;-0.061358
-0.003921;0.019220;-0.042205
-0.003921;0.019220;-0.023051
-0.013498;0.000067;-0.032628
-0.003921;-0.028664;-0.013474
0.024809;0.019220;0.015256
0.005656;0.000067;0.063140
-0.013498;-0.019087;0.053563
0.015232;0.000067;0.034410
0.015232;-0.028664;0.005679
-0.003921;0.000067;-0.042205
-0.003921;0.019220;-0.042205
-0.003921;-0.009510;-0.061358
-0.013498;-0.009510;-0.051782
-0.032652;-0.009510;-0.023051
0.005656;0.019220;-0.003898
0.015232;0.000067;0.015256
-0.003921;0.000067;0.043986
0.005656;-0.009510;0.053563
-0.003921;-0.009510;0.005679
-0.003921;-0.019087;-0.042205
0.005656;0.009644;-0.032628
-0.003921;-0.009510;-0.061358
-0.003921;0.000067;-0.013474
-0.013498;0.000067;0.015256
-0.013498;0.000067;0.024833
0.005656;-0.009510;0.063140
0.005656;0.009644;0.053563
0.005656;-0.009510;0.024833
-0.013498;0.009644;0.005679
0.005656;-0.019087;-0.061358
0.005656;-0.009510;-0.042205
0.015232;0.000067;-0.090089
0.015232;-0.009510;-0.051782
0.005656;-0.009510;-0.023051
0.015232;0.000067;-0.003898
-0.013498;0.009644;0.024833
-0.013498;-0.009510;0.043986
-0.023075;-0.019087;0.024833
-0.013498;-0.009510;0.072717
0.015232;-0.019087;0.043986
-0.013498;-0.009510;0.015256
0.005656;0.009644;-0.023051
-0.013498;-0.009510;-0.042205
-0.013498;0.000067;-0.042205
-0.003921;0.009644;-0.042205
0.005656;-0.009510;-0.013474
0.015232;0.009644;-0.013474
0.015232;0.000067;0.015256
-0.013498;-0.019087;0.005679
-0.003921;0.009644;0.072717
-0.003921;-0.028664;0.034410
0.005656;0.000067;0.015256
0.015232;-0.019087;-0.003898
-0.003921;0.009644;-0.023051
-0.003921;0.000067;-0.061358
-0.023075;-0.009510;-0.061358
0.015232;-0.019087;-0.032628
0.005656;-0.009510;-0.051782
-0.003921;-0.019087;-0.023051
-0.003921;0.000067;-0.003898
0.015232;0.009644;0.082294
-0.013498;-0.019087;0.034410
-0.003921;-0.009510;0.034410
0.015232;-0.009510;-0.003898
-0.023075;-0.009510;-0.003898
0.005656;0.000067;-0.023051
0.005656;0.019220;-0.042205
-0.013498;0.019220;-0.061358
-0.003921;-0.009510;-0.042205
-0.003921;0.000067;-0.023051
0.005656;-0.009510;-0.032628
0.015232;0.000067;0.053563
-0.003921;0.009644;0.063140
-0.013498;-0.009510;0.063140
-0.003921;0.009644;0.043986
-0.013498;-0.009510;0.024833
-0.003921;-0.009510;0.015256
-0.013498;0.000067;-0.003898
0.005656;0.000067;-0.032628
-0.003921;-0.019087;-0.051782
-0.013498;0.009644;-0.032628
-0.003921;0.009644;-0.032628
-0.003921;-0.009510;-0.023051
-0.003921;-0.009510;0.043986
0.005656;0.009644;0.024833
-0.003921;-0.019087;0.053563
-0.013498;0.009644;0.063140
0.015232;0.009644;0.034410
-0.003921;0.000067;-0.013474
0.005656;-0.019087;-0.013474
0.015232;0.000067;-0.051782
0.005656;0.000067;-0.032628
-0.003921;0.000067;-0.042205
-0.003921;-0.019087;-0.023051
0.005656;0.000067;0.005679
0.005656;-0.019087;0.024833
-0.003921;-0.009510;0.024833
0.005656;0.000067;0.043986
0.005656;0.000067;0.034410
0.015232;0.009644;0.015256
0.005656;0.000067;-0.023051
-0.003921;-0.028664;-0.061358
-0.013498;-0.009510;-0.061358
0.005656;0.000067;-0.032628
-0.003921;0.000067;-0.042205
0.024809;0.000067;-0.032628
-0.003921;0.009644;0.024833
-0.013498;0.000067;0.043986
-0.003921;0.019220;0.043986
-0.003921;0.009644;0.034410
0.015232;0.000067;0.015256
0.015232;-0.019087;-0.003898
-0.013498;-0.009510;-0.042205
0.015232;0.000067;-0.042205
-0.003921;0.009644;-0.070935
-0.013498;0.019220;-0.061358
0.005656;0.019220;0.005679
-0.003921;0.000067;0.005679
0.015232;0.000067;0.015256
0.005656;0.009644;0.063140
0.015232;0.009644;0.034410
-0.003921;0.009644;0.053563
0.015232;0.019220;0.043986
-0.013498;0.000067;-0.003898
-0.023075;0.000067;-0.013474
-0.003921;-0.009510;-0.032628
-0.003921;0.019220;-0.051782
0.005656;-0.019087;-0.042205
-0.013498;-0.009510;-0.013474
-0.003921;0.000067;-0.003898
-0.013498;0.009644;0.015256
-0.013498;0.000067;0.063140
-0.003921;-0.009510;0.063140
-0.003921;0.000067;0.053563
-0.013498;-0.019087;0.034410
-0.003921;0.000067;0.015256
-0.023075;0.028797;-0.023051
-0.003921;0.009644;-0.032628
-0.003921;0.019220;-0.051782
-0.003921;0.000067;-0.051782
0.015232;-0.009510;-0.051782
-0.003921;-0.009510;-0.013474
-0.003921;-0.009510;0.015256
-0.003921;0.009644;0.034410
0.015232;0.009644;0.043986
-0.003921;-0.009510;0.043986
0.005656;0.000067;0.024833
-0.003921;-0.009510;-0.003898
0.005656;-0.028664;-0.003898
0.005656;-0.009510;-0.051782
-0.003921;-0.009510;-0.051782
-0.003921;0.009644;-0.061358
-0.003921;0.000067;-0.042205
0.005656;0.019220;0.005679
0.015232;0.009644;0.063140
-0.013498;-0.009510;0.043986
0.005656;0.000067;0.063140
-0.013498;0.000067;0.053563
-0.003921;0.000067;0.043986
0.015232;-0.009510;0.024833
-0.003921;-0.019087;-0.013474
0.005656;-0.009510;-0.023051
0.005656;-0.019087;-0.070935
-0.013498;-0.009510;-0.051782
0.015232;-0.019087;-0.042205
0.005656;0.000067;-0.003898
0.015232;-0.019087;0.024833
-0.013498;-0.009510;0.053563
-0.003921;0.009644;0.082294
-0.013498;0.000067;0.091870
0.005656;0.009644;0.015256
-0.003921;-0.009510;0.005679
-0.013498;0.009644;-0.013474
0.024809;0.019220;-0.051782
0.015232;0.019220;-0.042205
0.005656;0.028797;-0.090089
-0.013498;0.019220;-0.032628
0.005656;-0.009510;0.005679
-0.023075;0.000067;0.005679
0.005656;0.000067;0.043986
-0.003921;0.019220;0.053563
-0.003921;-0.009510;0.034410
0.015232;-0.009510;0.015256
-0.013498;0.019220;0.015256
-0.003921;-0.019087;-0.023051
-0.023075;0.000067;-0.042205
0.005656;-0.019087;-0.042205
0.005656;0.000067;-0.080512
-0.013498;0.009644;-0.032628
0.005656;-0.009510;0.005679
0.005656;0.000067;0.024833
0.015232;0.000067;0.034410
0.005656;0.000067;0.034410
-0.003921;-0.009510;0.034410
0.005656;0.000067;0.005679
-0.003921;-0.009510;-0.032628
-0.013498;-0.009510;-0.042205
-0.003921;-0.009510;-0.032628
-0.023075;0.000067;-0.013474
0.005656;-0.009510;0.005679
0.015232;0.000067;0.015256
-0.013498;0.000067;0.024833
0.005656;-0.019087;0.082294
0.005656;0.000067;0.043986
0.005656;-0.009510;0.005679
0.005656;0.019220;-0.042205
-0.003921;-0.009510;-0.032628
0.005656;0.009644;-0.051782
0.005656;0.019220;-0.042205
-0.003921;0.000067;-0.032628
-0.003921;-0.009510;0.005679
-0.003921;0.019220;0.005679
-0.003921;0.000067;0.034410
-0.003921;-0.009510;0.053563
0.005656;-0.019087;0.053563
-0.003921;-0.009510;0.043986
0.005656;0.009644;0.015256
-0.003921;0.000067;-0.013474
-0.003921;-0.009510;-0.023051
-0.003921;0.009644;-0.051782
-0.003921;0.000067;-0.061358
-0.013498;0.000067;-0.023051
0.005656;-0.009510;-0.003898
0.024809;0.000067;0.034410
0.015232;0.000067;0.053563
-0.003921;0.009644;0.043986
-0.003921;-0.028664;0.063140
-0.003921;-0.019087;0.072717
-0.003921;-0.009510;0.015256
-0.003921;0.000067;-0.023051
-0.013498;0.009644;-0.032628
-0.003921;0.000067;-0.023051
-0.003921;0.009644;-0.042205
0.005656;0.000067;-0.003898
-0.013498;0.000067;-0.032628
-0.013498;0.000067;0.024833
-0.013498;0.009644;0.043986
0.005656;0.000067;0.053563
0.005656;0.000067;0.043986
0.005656;-0.009510;0.043986
0.005656;0.009644;0.015256
0.005656;0.009644;-0.013474
-0.003921;0.019220;-0.042205
0.005656;-0.009510;-0.051782
0.005656;-0.009510;-0.042205
0.005656;0.019220;-0.023051
0.005656;-0.009510;-0.013474
0.005656;-0.009510;-0.003898
-0.003921;-0.019087;0.005679
-0.013498;0.000067;0.053563
0.024809;0.009644;0.053563
0.005656;0.009644;0.034410
-0.013498;-0.019087;0.005679
0.005656;0.009644;-0.013474
0.005656;0.009644;-0.032628
-0.013498;-0.009510;-0.051782
0.015232;-0.009510;-0.070935
-0.013498;0.000067;-0.042205
-0.003921;-0.009510;0.005679
0.015232;0.000067;0.034410
-0.003921;0.009644;0.034410
0.005656;0.009644;0.043986
-0.003921;0.000067;0.053563
-0.003921;0.000067;0.043986
0.005656;-0.009510;0.024833
-0.003921;0.019220;-0.003898
-0.003921;-0.009510;-0.023051
-0.003921;-0.009510;-0.061358
-0.003921;-0.009510;-0.070935
-0.003921;0.009644;-0.032628
-0.003921;-0.009510;-0.032628
0.015232;-0.009510;0.015256
0.015232;0.019220;0.024833
-0.013498;-0.009510;0.063140
-0.023075;0.028797;0.034410
0.005656;-0.019087;0.072717
-0.003921;-0.009510;-0.003898
0.005656;0.009644;-0.013474
0.005656;-0.009510;-0.032628
0.005656;0.019220;-0.042205
0.005656;-0.009510;-0.070935
-0.013498;-0.009510;-0.061358
0.005656;0.019220;-0.003898
-0.003921;-0.009510;0.034410
0.005656;0.000067;0.024833
-0.003921;0.009644;0.043986
0.005656;0.000067;0.072717
-0.003921;0.009644;0.034410
-0.013498;-0.009510;0.005679
-0.013498;0.019220;-0.013474
-0.003921;0.000067;-0.042205
0.005656;0.000067;-0.070935
0.024809;0.000067;-0.061358
0.005656;0.000067;-0.023051
0.015232;-0.019087;-0.013474
0.024809;-0.009510;0.024833
0.005656;0.019220;0.053563
0.005656;0.000067;0.053563
0.005656;-0.009510;0.063140
0.015232;-0.009510;0.034410
0.005656;0.000067;0.015256
-0.013498;0.009644;0.005679
0.005656;-0.009510;-0.042205
-0.023075;-0.019087;-0.013474
-0.013498;0.000067;-0.042205
-0.003921;0.019220;-0.061358
0.015232;-0.028664;-0.023051
-0.003921;-0.009510;0.024833
-0.013498;-0.009510;0.024833
-0.013498;0.019220;0.053563
-0.003921;-0.009510;0.053563
-0.013498;0.000067;0.043986
-0.023075;0.019220;0.043986
-0.013498;-0.019087;-0.013474
0.015232;0.000067;-0.032628
-0.013498;0.009644;-0.051782
-0.013498;0.009644;-0.032628
-0.003921;-0.019087;-0.051782
0.005656;0.000067;-0.013474
0.005656;0.000067;0.024833
0.005656;0.009644;0.043986
0.015232;-0.019087;0.024833
-0.003921;-0.019087;0.024833
0.015232;-0.009510;-0.013474
0.015232;-0.019087;0.005679
-0.023075;0.000067;-0.023051
-0.013498;-0.028664;-0.013474
-0.013498;-0.009510;-0.080512
0.005656;0.000067;-0.042205
0.005656;-0.009510;-0.032628
0.005656;0.019220;0.024833
-0.003921;-0.019087;0.005679
-0.003921;0.000067;0.053563
0.005656;-0.009510;0.043986
0.005656;0.009644;0.043986
-0.013498;-0.009510;0.015256
0.005656;0.000067;-0.023051
-0.013498;-0.009510;-0.003898
-0.023075;-0.028664;-0.061358
0.005656;0.000067;-0.070935
-0.003921;-0.019087;-0.042205
-0.003921;0.000067;-0.013474
0.024809;0.000067;0.015256
0.024809;0.009644;0.005679
-0.003921;-0.019087;0.063140
0.005656;0.000067;0.034410
0.005656;0.000067;0.043986
-0.013498;0.000067;0.024833
0.015232;0.019220;-0.003898
0.005656;0.009644;-0.042205
-0.003921;-0.009510;-0.042205
0.015232;0.009644;-0.032628
-0.003921;0.000067;-0.042205
0.005656;0.009644;-0.032628
0.005656;0.009644;-0.003898
0.015232;-0.019087;0.043986
0.015232;-0.009510;0.043986
0.005656;0.000067;0.034410
0.015232;0.019220;0.043986
0.005656;-0.009510;0.024833
0.015232;0.000067;-0.013474
-0.013498;-0.019087;-0.023051
-0.003921;0.000067;-0.061358
-0.032652;0.000067;-0.061358
0.005656;-0.009510;-0.042205
-0.013498;0.000067;-0.013474
-0.003921;0.000067;0.015256
0.015232;-0.009510;0.034410
0.015232;0.000067;0.043986
-0.023075;0.000067;0.053563
0.015232;0.009644;0.043986
-0.003921;0.000067;0.015256
0.005656;0.009644;-0.032628
-0.003921;0.009644;-0.051782
-0.003921;0.000067;-0.032628
-0.023075;-0.009510;-0.042205
-0.003921;0.000067;0.005679
-0.003921;0.009644;0.015256
0.015232;-0.009510;0.034410
-0.003921;-0.009510;0.024833
-0.013498;0.009644;0.043986
-0.013498;-0.028664;0.063140
-0.003921;0.000067;-0.003898
0.015232;0.000067;-0.023051
0.034386;0.000067;-0.080512
-0.013498;-0.028664;-0.051782
-0.013498;0.000067;-0.032628
-0.013498;0.000067;-0.042205
-0.003921;0.009644;-0.023051
-0.013498;0.000067;0.015256
0.005656;0.000067;0.005679
-0.003921;-0.009510;0.034410
0.024809;-0.019087;0.053563
-0.023075;0.000067;0.053563
-0.013498;0.000067;0.043986
-0.013498;0.009644;-0.032628
-0.003921;-0.019087;-0.032628
0.005656;0.000067;-0.003898
0.005656;0.009644;-0.051782
-0.003921;-0.009510;-0.051782
0.015232;-0.009510;-0.023051
-0.003921;0.028797;-0.023051
0.015232;0.000067;0.034410
-0.013498;-0.009510;0.043986
-0.013498;-0.019087;0.034410
0.005656;-0.009510;0.043986
-0.003921;-0.009510;-0.003898
0.015232;0.019220;-0.013474
-0.003921;0.000067;-0.051782
-0.003921;0.000067;-0.042205
-0.013498;-0.028664;-0.061358
-0.003921;0.019220;-0.013474
-0.003921;0.000067;0.015256
-0.003921;0.000067;0.005679
-0.003921;0.000067;0.053563
0.005656;-0.019087;0.053563
-0.003921;0.000067;0.063140
0.005656;-0.009510;-0.003898
0.005656;-0.019087;0.005679
-0.023075;-0.028664;-0.023051
-0.003921;0.000067;-0.032628
0.005656;0.000067;-0.032628
0.005656;0.000067;-0.042205
-0.003921;-0.009510;-0.023051
0.015232;0.009644;-0.013474
0.015232;0.009644;0.043986
0.024809;0.000067;0.034410
-0.003921;-0.009510;0.024833
0.005656;0.000067;0.043986
-0.003921;-0.009510;0.024833
0.005656;-0.009510;0.034410
-0.013498;-0.009510;-0.042205
0.015232;0.009644;-0.061358
-0.003921;0.009644;-0.051782
-0.003921;0.000067;-0.051782
-0.003921;-0.019087;-0.042205
0.005656;-0.009510;-0.013474
-0.013498;0.019220;0.043986
-0.013498;-0.009510;0.034410
0.005656;0.000067;0.034410
-0.013498;-0.009510;0.063140
0.005656;0.000067;0.015256
-0.003921;0.000067;0.005679
0.005656;0.009644;-0.013474
0.005656;-0.009510;-0.042205
0.005656;0.019220;-0.051782
-0.003921;-0.009510;-0.051782
0.005656;0.000067;-0.032628
-0.003921;-0.019087;-0.013474
0.005656;0.028797;0.043986
0.005656;-0.019087;0.053563
0.015232;-0.009510;0.053563
-0.013498;0.009644;0.053563
-0.013498;0.009644;0.034410
-0.003921;0.000067;0.005679
0.005656;0.009644;-0.023051
0.005656;0.000067;-0.061358
-0.003921;0.009644;-0.023051
0.005656;0.000067;-0.051782
-0.003921;0.000067;-0.003898
-0.003921;-0.009510;0.005679
0.005656;0.019220;0.005679
0.005656;-0.009510;0.072717
0.015232;-0.009510;0.015256
0.015232;-0.019087;0.024833
0.005656;0.000067;-0.003898
0.005656;0.000067;-0.013474
-0.023075;0.000067;-0.042205
-0.013498;-0.009510;-0.032628
0.015232;0.009644;-0.042205
0.005656;0.000067;0.034410
-0.003921;0.009644;0.015256
-0.003921;-0.009510;0.015256
0.015232;0.000067;0.063140
-0.003921;0.009644;0.063140
-0.003921;-0.019087;0.005679
0.005656;0.000067;0.005679
-0.023075;0.009644;-0.013474
0.005656;0.009644;-0.042205
-0.013498;0.028797;-0.051782
-0.013498;0.000067;-0.051782
-0.023075;0.000067;-0.023051
-0.013498;0.000067;-0.003898
0.005656;0.000067;0.053563
-0.023075;0.009644;0.024833
0.015232;-0.019087;0.043986
0.015232;-0.009510;0.024833
0.005656;-0.019087;-0.013474
-0.003921;-0.019087;-0.023051
-0.003921;0.019220;-0.042205
0.015232;0.009644;-0.042205
-0.003921;0.000067;-0.042205
0.005656;-0.028664;-0.042205
0.005656;-0.019087;0.005679
-0.003921;0.009644;0.015256
-0.013498;0.000067;0.043986
-0.013498;0.019220;0.034410
-0.003921;0.019220;0.043986
0.005656;0.009644;0.015256
0.005656;-0.019087;-0.013474
0.024809;-0.009510;-0.023051
-0.013498;0.019220;-0.061358
-0.023075;-0.028664;-0.023051
-0.013498;-0.009510;-0.003898
-0.003921;0.009644;-0.023051
-0.003921;-0.009510;0.034410
0.015232;0.019220;0.043986
-0.003921;-0.009510;0.024833
-0.023075;-0.009510;0.063140
-0.003921;0.019220;-0.003898
0.005656;0.000067;0.015256
-0.003921;-0.019087;-0.003898
-0.003921;0.000067;-0.042205
-0.003921;0.000067;-0.051782
0.005656;-0.009510;-0.070935
-0.003921;0.000067;-0.013474
-0.013498;0.000067;-0.003898
-0.003921;-0.028664;0.043986
-0.013498;0.000067;0.043986
-0.003921;0.000067;0.043986
-0.003921;-0.009510;0.063140
-0.003921;0.000067;0.053563
-0.013498;-0.009510;-0.003898
-0.003921;0.000067;-0.023051
-0.003921;0.000067;-0.042205
0.005656;0.009644;-0.061358
-0.003921;0.000067;-0.032628
0.015232;0.009644;-0.032628
0.005656;0.009644;-0.003898
0.015232;0.000067;0.015256
0.024809;0.000067;0.043986
0.005656;0.000067;0.034410
-0.003921;0.000067;0.034410
0.015232;-0.009510;0.063140
0.015232;0.000067;0.005679
0.005656;0.009644;-0.003898
-0.023075;0.000067;-0.061358
0.005656;-0.009510;-0.051782
0.005656;0.009644;-0.032628
0.005656;0.000067;-0.003898
0.015232;-0.019087;-0.023051
0.015232;-0.009510;0.024833
-0.003921;0.000067;0.024833
0.015232;0.000067;0.053563
-0.003921;0.000067;0.043986
0.005656;0.000067;0.043986
0.005656;-0.009510;-0.013474
-0.003921;-0.009510;-0.032628
0.005656;0.009644;-0.042205
-0.003921;-0.009510;-0.042205
0.015232;0.009644;-0.023051
0.005656;0.000067;0.034410
-0.003921;0.000067;0.015256
0.005656;-0.009510;0.024833
-0.003921;-0.009510;0.043986
-0.003921;0.000067;0.034410
-0.003921;-0.019087;-0.042205
-0.003921;-0.019087;-0.023051
0.015232;0.000067;-0.051782
0.005656;0.019220;-0.061358
-0.003921;-0.009510;-0.023051
0.005656;0.000067;-0.013474
0.024809;0.028797;0.015256
-0.003921;-0.019087;0.043986
0.015232;0.019220;0.043986
0.015232;0.000067;0.053563
-0.013498;-0.019087;0.015256
-0.003921;-0.019087;-0.013474
0.015232;-0.009510;-0.023051
-0.003921;-0.019087;-0.023051
-0.013498;0.009644;-0.042205
-0.013498;0.019220;-0.032628
-0.013498;0.009644;-0.023051
-0.003921;0.000067;-0.003898
0.005656;-0.009510;0.024833
-0.003921;0.009644;0.034410
0.005656;-0.019087;0.015256
0.005656;0.019220;0.015256
-0.023075;0.000067;0.043986
-0.013498;0.009644;-0.003898
-0.013498;0.009644;-0.042205
0.005656;-0.009510;-0.070935
0.005656;0.000067;-0.023051
0.005656;-0.009510;-0.032628
0.005656;0.009644;-0.023051
0.015232;0.000067;0.005679
-0.013498;0.000067;0.053563
-0.013498;-0.009510;0.043986
-0.003921;-0.009510;0.024833
-0.003921;-0.019087;0.053563
-0.032652;-0.009510;0.034410
0.005656;0.009644;0.005679
0.015232;0.019220;-0.032628
-0.003921;0.000067;-0.061358
-0.013498;0.000067;-0.042205
-0.013498;0.009644;-0.032628
0.005656;0.000067;-0.013474
-0.003921;-0.019087;-0.003898
-0.003921;0.009644;0.043986
-0.003921;0.000067;0.053563
-0.013498;0.000067;0.063140
-0.003921;0.000067;-0.003898
0.005656;0.009644;-0.023051
0.005656;-0.009510;-0.023051
-0.003921;0.009644;-0.042205
0.015232;0.009644;-0.042205
-0.013498;-0.009510;-0.051782
0.005656;-0.009510;-0.042205
-0.003921;0.000067;0.024833
0.005656;-0.009510;0.024833
-0.013498;0.009644;0.043986
-0.003921;0.000067;0.005679
0.005656;0.000067;0.053563
0.005656;-0.009510;0.015256
-0.013498;0.009644;-0.013474
-0.013498;0.000067;-0.061358
-0.003921;-0.009510;-0.032628
-0.013498;0.000067;-0.042205
0.005656;0.000067;-0.023051
0.005656;-0.009510;-0.013474
-0.003921;0.009644;-0.003898
-0.003921;0.009644;0.043986
-0.003921;-0.009510;0.024833
-0.013498;0.000067;0.053563
-0.013498;-0.009510;0.043986
0.005656;0.009644;-0.013474
-0.003921;-0.019087;-0.003898
0.005656;0.000067;0.005679
-0.023075;0.009644;-0.070935
-0.003921;-0.019087;-0.061358
0.005656;0.019220;-0.032628
-0.003921;0.009644;-0.023051
0.015232;0.009644;0.005679
0.005656;0.000067;0.043986
0.015232;0.000067;0.034410
-0.003921;-0.009510;0.053563
-0.003921;0.000067;0.024833
0.005656;0.009644;0.034410
0.005656;-0.009510;0.015256
-0.003921;-0.009510;-0.042205
0.005656;-0.009510;-0.023051
-0.013498;0.000067;-0.051782
-0.003921;0.000067;0.005679
-0.003921;0.019220;-0.003898
-0.013498;0.009644;-0.013474
0.015232;0.000067;0.043986
-0.003921;0.019220;0.034410
0.015232;0.000067;0.053563
-0.003921;0.009644;0.024833
-0.013498;0.019220;0.024833
0.005656;-0.009510;-0.023051
0.005656;0.009644;-0.032628
0.005656;0.019220;-0.023051
-0.003921;0.009644;-0.051782
-0.023075;0.000067;-0.032628
-0.003921;0.009644;-0.032628
-0.013498;-0.019087;0.015256
0.015232;0.000067;0.034410
0.005656;0.000067;0.053563
0.015232;0.000067;0.043986
0.005656;0.000067;0.034410
0.015232;0.000067;0.015256
0.015232;-0.019087;0.005679
0.015232;0.009644;-0.051782
-0.023075;-0.028664;-0.023051
0.015232;0.000067;-0.042205
0.005656;-0.009510;-0.070935
0.005656;-0.009510;-0.013474
-0.003921;0.019220;0.005679
-0.023075;0.000067;0.015256
0.024809;0.009644;0.034410
-0.003921;0.009644;0.043986
-0.013498;0.000067;0.053563
-0.003921;-0.009510;0.015256
0.005656;-0.009510;-0.003898
-0.003921;0.019220;-0.023051
-0.013498;0.000067;-0.051782
-0.003921;-0.019087;-0.042205
0.005656;-0.009510;-0.051782
0.015232;0.009644;-0.013474
0.015232;-0.009510;-0.003898
-0.003921;0.000067;0.015256
-0.003921;-0.009510;0.034410
0.005656;0.000067;0.043986
0.005656;0.019220;0.053563
0.005656;0.000067;0.005679
0.005656;-0.009510;-0.023051
-0.013498;0.000067;-0.023051
-0.003921;0.009644;-0.051782
-0.003921;0.000067;-0.061358
-0.023075;-0.009510;-0.042205
-0.003921;0.000067;-0.003898
-0.003921;-0.019087;0.024833
-0.003921;0.000067;0.043986
-0.003921;-0.009510;0.043986
0.015232;-0.009510;0.063140
-0.023075;-0.009510;0.034410
-0.003921;-0.019087;0.005679
-0.003921;-0.009510;0.015256
0.005656;0.000067;0.005679
0.005656;-0.009510;-0.061358
0.015232;0.028797;-0.032628
-0.013498;-0.019087;-0.032628
-0.013498;-0.009510;0.005679
0.015232;-0.009510;0.005679
0.005656;-0.019087;-0.003898
-0.003921;-0.009510;0.034410
-0.003921;0.000067;0.053563
-0.013498;0.000067;0.034410
-0.003921;-0.009510;0.015256
-0.003921;0.009644;-0.013474
-0.003921;0.000067;-0.051782
0.005656;-0.019087;-0.051782
0.005656;-0.009510;-0.051782
-0.003921;0.000067;-0.042205
0.015232;0.000067;-0.032628
-0.023075;0.009644;0.005679
-0.013498;0.000067;-0.003898
0.005656;0.028797;0.043986
0.005656;0.009644;0.043986
0.005656;0.009644;0.024833
0.024809;-0.009510;0.024833
0.005656;-0.019087;-0.003898
0.005656;0.000067;-0.042205
0.015232;0.009644;-0.061358
0.005656;-0.019087;-0.061358
0.005656;0.009644;-0.042205
-0.003921;0.000067;0.005679
-0.003921;0.000067;0.015256
0.024809;0.009644;0.024833
0.015232;-0.009510;0.024833
-0.003921;0.009644;0.053563
0.015232;0.000067;0.015256
-0.003921;-0.009510;0.024833
-0.003921;-0.009510;0.005679
-0.003921;0.000067;-0.023051
0.005656;0.019220;-0.032628
-0.003921;0.009644;-0.061358
0.005656;-0.009510;-0.023051
0.005656;0.000067;-0.032628
0.005656;-0.009510;-0.003898
-0.003921;0.000067;0.034410
0.005656;-0.009510;0.034410
0.005656;0.000067;0.034410
0.005656;0.009644;0.034410
-0.013498;0.019220;0.024833
0.005656;0.000067;-0.003898
-0.003921;0.009644;-0.042205
0.015232;-0.009510;-0.061358
-0.013498;-0.019087;-0.061358
-0.003921;-0.009510;-0.051782
-0.013498;-0.009510;-0.013474
-0.013498;0.000067;0.005679
-0.013498;0.009644;0.024833
-0.003921;-0.009510;0.024833
0.005656;0.009644;0.053563
0.005656;0.000067;0.043986
0.015232;0.019220;0.015256
-0.003921;-0.009510;0.005679
0.015232;-0.009510;-0.032628
0.005656;0.009644;-0.023051
0.015232;0.000067;-0.023051
-0.003921;0.000067;-0.051782
-0.013498;0.000067;-0.032628
0.015232;-0.009510;0.015256
0.005656;0.038374;0.024833
-0.023075;-0.019087;0.034410
0.005656;0.000067;0.024833
-0.023075;-0.009510;0.024833
-0.013498;0.000067;0.034410
-0.003921;0.009644;0.005679
-0.032652;0.009644;-0.023051
0.015232;-0.009510;-0.061358
-0.013498;0.000067;-0.051782
-0.003921;-0.009510;-0.032628
0.015232;-0.009510;-0.013474
-0.003921;0.009644;0.005679
-0.023075;0.038374;0.043986
-0.013498;-0.009510;0.043986
0.015232;0.000067;0.034410
-0.003921;0.019220;0.053563
0.005656;0.009644;0.005679
0.005656;0.000067;0.005679
0.015232;0.000067;-0.003898
0.005656;0.009644;-0.051782
-0.013498;0.000067;-0.051782
-0.013498;-0.009510;-0.051782
-0.013498;-0.009510;-0.042205
-0.003921;0.000067;-0.003898
0.015232;0.000067;0.015256
0.005656;-0.009510;0.034410
0.005656;-0.019087;0.043986
-0.013498;0.028797;0.034410
-0.003921;0.028797;0.034410
-0.023075;0.000067;-0.003898
-0.013498;-0.009510;-0.023051
0.005656;0.009644;-0.003898
0.005656;0.009644;-0.003898
-0.013498;0.000067;-0.051782
0.005656;0.000067;-0.042205
-0.003921;0.009644;-0.003898
-0.003921;-0.009510;0.034410
-0.032652;-0.009510;0.043986
-0.003921;0.000067;0.043986
-0.003921;0.009644;0.043986
-0.003921;0.000067;0.034410
0.005656;0.000067;-0.023051
-0.013498;0.000067;-0.013474
0.005656;-0.019087;-0.023051
-0.003921;0.000067;-0.023051
-0.003921;0.000067;-0.013474
-0.013498;-0.028664;-0.032628
0.015232;0.009644;-0.003898
-0.013498;-0.009510;0.024833
-0.003921;-0.028664;0.034410
0.015232;-0.019087;0.034410
-0.013498;-0.019087;0.034410
-0.013498;0.000067;0.043986
0.005656;-0.038240;-0.023051
-0.013498;0.000067;-0.013474
0.015232;0.009644;-0.051782
-0.003921;0.000067;-0.032628
0.015232;0.009644;-0.051782
-0.023075;0.000067;-0.042205
0.015232;0.028797;0.005679
-0.003921;-0.019087;0.024833
-0.013498;0.019220;0.034410
0.015232;-0.009510;0.053563
0.005656;-0.009510;0.043986
-0.003921;0.019220;0.005679
-0.003921;-0.009510;0.005679
-0.003921;0.000067;-0.013474
0.005656;-0.009510;-0.032628
-0.023075;-0.019087;-0.061358
-0.003921;-0.009510;-0.042205
-0.003921;0.019220;-0.032628
0.005656;0.000067;-0.003898
-0.013498;0.009644;0.015256
-0.003921;-0.019087;0.034410
0.024809;0.000067;0.043986
0.005656;-0.009510;0.034410
0.005656;0.000067;0.015256
-0.003921;0.009644;0.005679
0.015232;0.000067;-0.032628
-0.003921;0.019220;-0.013474
-0.003921;0.028797;-0.032628
0.005656;0.009644;-0.042205
-0.003921;0.000067;-0.032628
0.005656;0.000067;-0.003898
-0.003921;-0.009510;0.034410
0.005656;0.009644;0.053563
0.005656;0.009644;0.053563
-0.003921;-0.019087;0.043986
0.005656;0.009644;0.053563
0.005656;-0.028664;0.015256
-0.013498;0.000067;0.005679
-0.003921;-0.019087;-0.023051
-0.003921;0.009644;-0.051782
-0.013498;0.000067;-0.051782
-0.013498;-0.009510;-0.042205
0.015232;-0.009510;-0.013474
-0.003921;0.000067;0.024833
-0.003921;-0.009510;0.043986
-0.003921;-0.009510;0.024833
-0.003921;0.000067;0.063140
0.015232;-0.019087;0.024833
0.015232;-0.009510;-0.003898
-0.003921;-0.009510;-0.023051
0.005656;0.000067;-0.061358
-0.003921;-0.019087;-0.042205
0.015232;0.028797;-0.032628
0.005656;-0.009510;-0.051782
0.005656;-0.019087;0.005679
-0.003921;-0.019087;0.015256
-0.013498;-0.009510;0.063140
0.005656;0.009644;0.043986
0.005656;0.000067;0.043986
0.005656;0.000067;0.034410
-0.003921;-0.019087;-0.003898
0.005656;0.009644;-0.023051
0.005656;0.000067;-0.042205
0.005656;0.000067;-0.032628
-0.003921;0.000067;-0.023051
0.005656;0.000067;-0.013474
-0.032652;0.000067;0.005679
-0.013498;0.009644;0.005679
0.015232;0.009644;0.043986
-0.003921;0.000067;0.034410
0.005656;-0.009510;0.043986
0.005656;-0.009510;0.005679
-0.003921;-0.009510;0.005679
0.005656;-0.009510;-0.013474
0.005656;0.000067;-0.013474
0.024809;-0.019087;-0.051782
0.015232;0.000067;-0.023051
0.005656;-0.009510;0.005679
-0.003921;0.000067;0.024833
-0.003921;0.009644;0.015256
0.005656;0.000067;0.053563
-0.003921;0.000067;0.043986
-0.023075;-0.009510;0.034410
0.005656;-0.009510;0.043986
-0.003921;0.000067;-0.023051
0.005656;0.019220;-0.032628
-0.013498;-0.009510;-0.051782
0.005656;0.019220;-0.042205
-0.013498;-0.009510;-0.032628
-0.023075;-0.019087;-0.003898
0.015232;0.009644;0.034410
-0.003921;0.000067;0.034410
0.015232;-0.019087;0.053563
-0.003921;0.000067;0.034410
0.005656;0.000067;0.034410
0.005656;-0.009510;0.024833
-0.003921;0.019220;-0.003898
0.005656;0.009644;-0.023051
-0.003921;0.000067;-0.032628
-0.003921;-0.019087;-0.023051
-0.013498;-0.009510;-0.051782
-0.013498;0.000067;0.005679
-0.003921;0.009644;0.005679
-0.003921;0.000067;0.043986
-0.003921;-0.019087;0.005679
-0.003921;0.019220;0.034410
-0.023075;-0.009510;0.024833
0.015232;0.009644;-0.013474
0.005656;-0.019087;0.005679
-0.003921;-0.009510;-0.013474
0.005656;0.000067;-0.023051
0.005656;0.000067;-0.061358
0.005656;-0.028664;-0.032628
-0.013498;0.009644;-0.023051
0.005656;0.009644;0.024833
-0.003921;0.000067;0.024833
-0.003921;0.009644;0.053563
0.005656;-0.019087;0.015256
0.005656;0.009644;0.024833
-0.003921;0.009644;-0.013474
0.005656;-0.009510;-0.003898
-0.003921;-0.028664;-0.032628
0.015232;-0.019087;-0.032628
-0.013498;0.019220;-0.032628
-0.003921;0.000067;-0.003898
-0.003921;0.000067;-0.013474
-0.003921;-0.019087;0.005679
0.005656;0.000067;0.043986
-0.013498;0.009644;0.015256
-0.013498;0.009644;0.053563
-0.013498;0.009644;0.043986
0.015232;0.000067;0.015256
0.005656;0.009644;0.015256
-0.013498;0.009644;-0.042205
0.005656;0.000067;-0.042205
-0.003921;0.009644;-0.042205
0.005656;0.000067;-0.061358
-0.003921;0.019220;-0.051782
-0.003921;0.009644;0.015256
-0.003921;0.009644;0.053563
-0.003921;-0.019087;0.043986
-0.003921;0.009644;0.034410
0.015232;-0.019087;0.053563
-0.003921;0.000067;0.015256
-0.013498;0.000067;0.005679
0.005656;0.000067;-0.032628
0.005656;0.000067;-0.042205
-0.013498;0.009644;-0.070935
-0.013498;-0.009510;-0.032628
-0.003921;-0.009510;-0.013474
0.005656;0.019220;0.005679
-0.013498;0.000067;0.034410
-0.023075;0.000067;0.053563
-0.013498;0.000067;0.034410
-0.003921;-0.009510;0.034410
0.005656;0.000067;0.005679
0.005656;-0.019087;-0.023051
-0.013498;-0.019087;-0.003898
-0.003921;0.000067;-0.023051
0.005656;0.000067;-0.003898
-0.003921;0.000067;-0.023051
-0.013498;-0.009510;-0.003898
0.015232;0.000067;0.015256
0.005656;0.000067;0.034410
-0.013498;-0.019087;0.024833
0.005656;0.000067;0.043986
0.015232;-0.019087;0.034410
-0.003921;0.000067;0.034410
0.015232;0.000067;-0.013474
-0.003921;0.000067;-0.042205
-0.013498;0.019220;-0.042205
0.005656;-0.009510;-0.023051
0.005656;-0.009510;-0.032628
0.005656;0.019220;-0.042205
-0.023075;0.000067;0.034410
-0.013498;-0.009510;0.063140
0.005656;-0.009510;0.063140
0.005656;0.000067;0.053563
0.005656;-0.009510;0.024833
-0.003921;-0.009510;0.005679
0.005656;-0.009510;0.024833
0.005656;0.000067;-0.013474
0.015232;-0.009510;-0.042205
-0.013498;0.000067;-0.013474
-0.013498;-0.019087;-0.061358
0.015232;0.009644;0.015256
-0.003921;-0.009510;0.043986
-0.003921;0.000067;0.005679
-0.013498;0.009644;0.034410
0.005656;-0.019087;0.053563
-0.003921;-0.009510;0.072717
-0.003921;0.000067;0.024833
0.005656;0.000067;-0.003898
-0.013498;-0.019087;-0.051782
0.005656;0.000067;-0.023051
0.005656;0.009644;-0.051782
-0.003921;0.009644;-0.032628
-0.003921;0.009644;-0.003898
0.005656;0.009644;0.005679
0.005656;-0.038240;0.015256
0.005656;-0.009510;0.043986
-0.003921;0.000067;0.024833
-0.013498;0.009644;0.024833
-0.013498;-0.009510;0.024833
-0.003921;-0.009510;-0.013474
-0.003921;0.000067;-0.032628
-0.003921;0.000067;-0.051782
0.005656;-0.009510;-0.061358
-0.003921;-0.009510;-0.013474
0.015232;0.000067;-0.013474
0.015232;0.000067;-0.003898
-0.003921;-0.009510;0.024833
0.005656;-0.019087;0.024833
0.005656;0.000067;0.043986
0.005656;0.009644;0.034410
-0.003921;0.000067;-0.013474
0.005656;-0.028664;-0.013474
-0.003921;-0.019087;-0.023051
0.005656;0.000067;-0.042205
-0.003921;-0.009510;-0.061358
0.005656;0.009644;-0.042205
0.005656;-0.009510;-0.051782
-0.023075;-0.009510;0.015256
-0.003921;-0.009510;0.024833
0.015232;-0.019087;0.034410
0.005656;-0.009510;0.034410
-0.013498;-0.019087;0.024833
0.005656;0.019220;0.015256
0.015232;0.019220;0.005679
-0.013498;0.000067;-0.032628
0.015232;0.009644;-0.051782
-0.003921;-0.019087;-0.032628
-0.003921;0.009644;-0.023051
-0.013498;-0.019087;-0.013474
-0.023075;0.000067;0.005679
0.005656;0.000067;0.005679
-0.023075;0.000067;0.053563
0.005656;0.028797;0.053563
0.005656;0.019220;0.024833
0.005656;0.009644;-0.023051
0.015232;0.009644;0.005679
0.005656;0.019220;-0.003898
-0.003921;-0.019087;-0.032628
-0.013498;0.009644;-0.032628
0.015232;-0.019087;-0.032628
0.005656;0.009644;-0.013474
-0.003921;0.009644;0.005679
-0.013498;0.000067;0.034410
0.005656;0.000067;0.024833
-0.003921;0.000067;0.034410
-0.013498;-0.019087;0.034410
0.005656;0.028797;0.015256
-0.003921;0.000067;0.005679
-0.013498;0.009644;-0.032628
0.015232;0.009644;-0.042205
0.005656;-0.009510;-0.061358
-0.013498;-0.009510;-0.032628
0.005656;0.000067;-0.042205
0.015232;0.000067;0.024833
0.005656;-0.009510;0.043986
0.015232;0.000067;0.043986
0.005656;0.009644;0.043986
0.005656;0.000067;0.015256
0.024809;0.019220;0.005679
-0.003921;-0.009510;-0.013474
0.005656;-0.019087;-0.023051
0.005656;0.000067;-0.032628
-0.003921;0.019220;-0.042205
0.005656;-0.019087;-0.023051
0.005656;-0.019087;0.005679
-0.003921;0.000067;0.015256
0.005656;0.000067;0.043986
-0.003921;0.000067;0.034410
-0.003921;0.009644;0.034410
-0.003921;0.009644;0.024833
0.005656;0.009644;0.005679
-0.013498;0.009644;-0.051782
-0.003921;-0.009510;-0.023051
-0.013498;0.000067;-0.042205
-0.003921;0.009644;-0.032628
0.005656;-0.009510;-0.032628
0.015232;-0.009510;-0.023051
0.005656;0.009644;0.015256
-0.003921;0.019220;0.063140
0.005656;-0.019087;0.034410
-0.003921;-0.019087;0.005679
0.005656;-0.028664;0.015256
-0.003921;-0.009510;0.015256
-0.003921;0.009644;-0.032628
-0.003921;0.009644;-0.051782
-0.013498;0.000067;-0.042205
0.015232;0.028797;-0.042205
0.015232;-0.009510;-0.013474
0.024809;-0.019087;-0.003898
-0.013498;0.009644;0.005679
0.005656;-0.009510;0.034410
-0.003921;0.019220;0.005679
0.005656;0.019220;0.024833
-0.013498;0.009644;0.024833
-0.003921;0.000067;-0.013474
-0.013498;0.009644;-0.051782
0.005656;0.009644;-0.042205
-0.023075;-0.009510;-0.051782
-0.003921;0.000067;-0.032628
0.015232;-0.009510;-0.013474
0.015232;-0.009510;0.024833
-0.013498;-0.019087;0.053563
0.024809;0.000067;0.053563
-0.003921;-0.009510;0.043986
0.005656;-0.019087;-0.003898
0.005656;-0.009510;0.015256
0.005656;0.009644;0.005679
-0.003921;0.000067;-0.023051
-0.003921;-0.009510;-0.023051
-0.013498;0.000067;-0.013474
0.005656;-0.019087;-0.032628
0.005656;0.019220;-0.003898
-0.003921;0.009644;0.015256
0.015232;-0.019087;0.043986
0.005656;-0.009510;0.034410
0.015232;0.009644;0.024833
-0.013498;0.000067;0.015256
-0.003921;0.000067;-0.003898
0.005656;0.000067;-0.023051
-0.013498;-0.009510;-0.051782
0.015232;0.000067;-0.042205
0.005656;-0.009510;-0.042205
-0.003921;-0.009510;-0.032628
0.005656;0.000067;0.015256
-0.013498;-0.019087;0.043986
0.005656;-0.009510;0.034410
0.015232;0.009644;0.053563
0.015232;0.009644;0.034410
0.005656;-0.009510;0.063140
-0.003921;0.019220;-0.023051
-0.013498;-0.009510;-0.003898
0.015232;-0.009510;-0.013474
0.005656;0.009644;-0.051782
-0.003921;0.000067;-0.032628
-0.013498;-0.009510;-0.032628
0.005656;0.000067;0.005679
0.005656;-0.028664;0.005679
-0.003921;0.019220;0.043986
0.015232;0.000067;0.063140
0.005656;-0.009510;0.034410
0.015232;0.000067;0.005679
-0.003921;-0.009510;-0.003898
-0.013498;0.009644;-0.023051
-0.003921;-0.009510;-0.051782
-0.003921;-0.019087;-0.023051
-0.003921;0.028797;-0.023051
0.015232;0.000067;-0.023051
0.024809;-0.019087;0.005679
0.005656;-0.009510;0.024833
-0.003921;0.019220;0.053563
-0.003921;0.009644;0.063140
-0.003921;0.009644;0.034410
0.005656;0.009644;0.005679
-0.003921;-0.009510;-0.003898
-0.003921;-0.028664;-0.023051
-0.013498;0.009644;-0.042205
-0.023075;-0.009510;-0.051782
0.015232;-0.009510;-0.023051
0.015232;-0.009510;-0.003898
-0.003921;0.019220;-0.013474
0.005656;-0.019087;0.034410
0.005656;-0.028664;0.034410
0.015232;0.009644;0.043986
0.015232;0.000067;0.053563
0.015232;0.009644;-0.003898
-0.023075;0.009644;-0.003898
0.005656;-0.009510;-0.003898
0.015232;0.009644;-0.013474
0.005656;-0.009510;-0.051782
-0.003921;-0.019087;-0.051782
-0.003921;0.000067;-0.023051
0.015232;0.009644;0.005679
-0.003921;0.000067;0.034410
-0.013498;-0.009510;0.063140
0.005656;0.009644;0.034410
0.015232;-0.009510;0.024833
0.015232;-0.009510;0.015256
0.015232;-0.019087;-0.023051
-0.013498;-0.009510;-0.023051
-0.003921;0.000067;-0.051782
-0.013498;-0.028664;-0.032628
-0.003921;-0.009510;-0.032628
0.005656;0.000067;-0.032628
-0.003921;-0.009510;0.034410
-0.003921;0.000067;0.024833
0.015232;0.000067;0.005679
-0.003921;0.019220;0.053563
0.005656;-0.009510;0.005679
-0.003921;0.009644;-0.003898
0.005656;0.009644;-0.003898
-0.013498;0.000067;-0.023051
-0.003921;0.000067;-0.013474
-0.003921;0.000067;-0.032628
0.005656;-0.009510;-0.023051
-0.023075;0.000067;-0.032628
-0.013498;0.000067;0.005679
0.005656;0.009644;0.024833
0.005656;0.019220;0.034410
0.015232;0.009644;0.043986
0.024809;0.009644;0.043986
-0.013498;0.000067;-0.023051
-0.003921;0.009644;-0.023051
0.024809;0.000067;-0.003898
0.005656;0.000067;-0.032628
0.015232;0.009644;-0.042205
-0.013498;0.000067;0.005679
0.015232;-0.019087;-0.032628
-0.023075;-0.009510;0.043986
0.005656;0.009644;0.053563
-0.003921;0.000067;0.034410
0.005656;-0.019087;0.043986
-0.013498;0.019220;-0.023051
-0.003921;-0.009510;0.015256
-0.013498;0.000067;0.005679
0.005656;0.009644;-0.042205
-0.013498;-0.009510;-0.023051
0.005656;0.019220;-0.051782
-0.003921;0.019220;-0.003898
0.005656;-0.019087;-0.032628
0.005656;0.028797;0.015256
0.015232;0.000067;0.034410
-0.003921;-0.009510;0.015256
-0.023075;-0.019087;0.024833
0.005656;-0.019087;0.024833
0.015232;-0.019087;-0.013474
0.005656;0.009644;-0.013474
-0.013498;-0.019087;-0.023051
0.015232;0.019220;-0.051782
-0.013498;-0.009510;-0.023051
0.005656;0.000067;-0.051782
-0.013498;0.000067;-0.023051
0.005656;0.000067;0.015256
-0.003921;0.019220;0.015256
-0.003921;0.009644;0.024833
0.005656;0.019220;0.015256
0.005656;-0.009510;0.034410
-0.032652;0.000067;0.005679
-0.013498;0.000067;-0.032628
-0.013498;0.009644;-0.032628
0.005656;0.019220;-0.042205
-0.013498;-0.009510;-0.061358
-0.023075;0.019220;-0.013474
-0.013498;0.019220;0.034410
0.005656;-0.009510;-0.023051
0.005656;0.009644;0.053563
-0.003921;0.000067;0.034410
0.015232;-0.028664;0.034410
0.005656;0.028797;0.043986
0.005656;-0.009510;-0.003898
-0.003921;-0.009510;-0.003898
0.005656;0.019220;-0.032628
-0.003921;0.000067;-0.023051
0.015232;0.000067;-0.042205
0.005656;-0.009510;-0.042205
0.005656;0.000067;-0.003898
-0.003921;-0.009510;0.005679
-0.013498;0.000067;-0.013474
0.015232;0.000067;0.015256
0.005656;-0.009510;0.015256
-0.003921;0.009644;0.043986
-0.013498;0.000067;0.015256
-0.003921;0.000067;-0.003898
0.015232;-0.009510;0.005679
0.005656;0.019220;-0.032628
-0.013498;0.000067;-0.042205
-0.013498;0.000067;-0.023051
-0.013498;-0.009510;-0.003898
0.005656;0.009644;0.024833
0.005656;0.009644;0.043986
0.015232;-0.009510;0.024833
-0.003921;0.000067;0.043986
0.015232;-0.009510;0.005679
-0.003921;0.000067;-0.013474
0.015232;-0.009510;-0.013474
0.005656;0.000067;-0.013474
0.005656;0.000067;-0.051782
-0.003921;0.009644;-0.051782
-0.013498;-0.009510;-0.023051
-0.003921;-0.009510;0.015256
-0.003921;0.000067;0.024833
-0.003921;0.000067;0.034410
0.005656;0.000067;-0.003898
0.005656;0.000067;0.005679
0.005656;0.000067;-0.023051
-0.003921;0.000067;-0.023051
0.005656;-0.009510;-0.042205
-0.003921;0.009644;-0.023051
-0.023075;0.009644;-0.042205
0.015232;0.009644;-0.042205
0.005656;-0.009510;-0.032628
-0.003921;0.000067;0.015256
-0.013498;-0.009510;0.024833
-0.003921;-0.009510;0.053563
-0.003921;-0.009510;0.034410
0.005656;0.009644;0.015256
-0.003921;0.028797;0.024833
0.015232;-0.009510;-0.013474
0.005656;0.009644;-0.051782
-0.013498;0.009644;-0.051782
-0.003921;-0.019087;-0.042205
-0.003921;-0.028664;-0.042205
-0.003921;0.019220;-0.003898
0.043963;0.009644;0.005679
0.024809;0.000067;0.005679
-0.013498;-0.009510;0.043986
0.005656;-0.009510;0.024833
-0.003921;0.009644;0.043986
0.015232;0.009644;-0.023051
-0.013498;0.009644;-0.023051
-0.013498;0.009644;-0.051782
-0.013498;-0.019087;-0.051782
0.015232;0.019220;-0.032628
0.015232;0.000067;-0.023051
0.015232;0.000067;0.005679
-0.013498;0.009644;0.005679
0.024809;0.019220;0.005679
-0.013498;0.000067;0.053563
0.005656;-0.028664;0.034410
-0.003921;0.000067;0.043986
-0.003921;0.009644;-0.003898
0.024809;-0.009510;0.005679
0.005656;0.000067;-0.013474
-0.003921;0.019220;-0.042205
0.005656;0.000067;-0.023051
-0.003921;0.019220;-0.023051
-0.013498;-0.009510;-0.013474
-0.003921;-0.009510;-0.013474
-0.003921;-0.009510;0.024833
-0.013498;0.019220;0.024833
-0.003921;0.000067;0.043986
-0.003921;0.000067;0.034410
0.024809;0.000067;-0.003898
0.005656;0.000067;-0.042205
-0.023075;-0.019087;-0.003898
-0.013498;-0.028664;-0.032628
-0.003921;0.000067;-0.032628
-0.003921;0.009644;-0.023051
-0.013498;-0.019087;-0.032628
0.005656;-0.009510;0.015256
0.005656;0.009644;0.015256
-0.003921;0.000067;0.024833
-0.003921;0.019220;0.024833
0.015232;0.000067;0.015256
-0.013498;0.009644;0.005679
-0.003921;0.000067;-0.013474
0.015232;0.000067;-0.023051
-0.013498;0.009644;-0.032628
-0.013498;0.019220;-0.042205
0.015232;0.009644;-0.032628
0.005656;0.019220;-0.003898
0.005656;0.009644;0.005679
0.005656;0.009644;0.034410
0.005656;-0.009510;0.024833
-0.013498;-0.009510;0.034410
-0.013498;0.000067;0.015256
-0.013498;0.009644;-0.013474
-0.003921;0.000067;-0.013474
-0.003921;-0.009510;-0.013474
0.005656;0.000067;-0.032628
0.015232;0.000067;-0.051782
-0.003921;0.000067;-0.023051
0.005656;-0.009510;-0.013474
-0.003921;0.009644;0.005679
-0.003921;0.019220;0.015256
0.005656;-0.019087;0.043986
0.005656;0.009644;-0.003898
-0.003921;-0.019087;0.005679
-0.013498;0.000067;0.024833
0.005656;0.000067;-0.003898
-0.013498;0.000067;-0.023051
-0.003921;0.000067;-0.042205
-0.013498;-0.009510;-0.051782
0.015232;0.000067;-0.042205
-0.003921;0.009644;-0.032628
0.005656;0.000067;-0.023051
-0.013498;0.000067;0.024833
0.005656;0.000067;0.024833
-0.003921;-0.019087;0.024833
-0.013498;0.009644;0.024833
0.005656;0.009644;-0.013474
-0.013498;-0.019087;0.005679
-0.003921;-0.019087;-0.013474
-0.003921;0.000067;-0.032628
0.005656;0.000067;-0.042205
0.005656;0.019220;-0.042205
-0.013498;-0.009510;-0.013474
0.005656;0.019220;0.024833
0.015232;-0.009510;0.034410
-0.003921;0.009644;0.043986
0.024809;-0.009510;0.063140
-0.003921;0.009644;0.034410
-0.013498;0.000067;0.015256
0.005656;0.000067;0.005679
0.005656;-0.009510;-0.032628
-0.013498;-0.009510;-0.042205
0.005656;0.000067;-0.032628
-0.003921;0.000067;-0.023051
-0.003921;0.009644;-0.023051
0.005656;-0.028664;0.034410
0.005656;0.019220;0.034410
-0.013498;0.009644;0.005679
0.005656;0.019220;0.034410
-0.003921;0.000067;0.015256
-0.013498;0.000067;0.024833
-0.003921;-0.009510;-0.013474
0.005656;-0.028664;-0.032628
0.015232;0.000067;-0.032628
-0.003921;-0.009510;-0.032628
-0.013498;0.000067;-0.032628
-0.003921;0.000067;0.005679
0.005656;0.019220;-0.003898
0.005656;0.019220;0.015256
-0.013498;-0.009510;0.015256
-0.013498;-0.009510;0.024833
-0.003921;-0.009510;0.034410
-0.003921;0.019220;-0.003898
0.005656;0.000067;-0.013474
0.015232;-0.009510;-0.032628
-0.003921;0.019220;-0.042205
0.005656;0.000067;-0.051782
-0.013498;-0.009510;-0.051782
-0.003921;0.009644;0.005679
0.005656;-0.009510;0.034410
0.005656;-0.019087;0.043986
0.005656;0.019220;0.043986
-0.013498;-0.009510;0.024833
-0.013498;-0.019087;0.005679
-0.013498;-0.009510;0.015256
-0.013498;-0.009510;-0.023051
0.005656;-0.009510;-0.032628
-0.013498;-0.009510;-0.013474
0.005656;0.000067;-0.003898
0.005656;-0.009510;-0.003898
-0.003921;0.000067;-0.023051
0.005656;0.009644;0.015256
0.005656;0.009644;0.034410
0.005656;0.009644;0.034410
0.005656;0.000067;0.053563
-0.013498;0.000067;0.034410
0.005656;0.000067;-0.013474
0.015232;0.000067;-0.013474
-0.003921;0.009644;-0.032628
-0.003921;0.009644;-0.051782
0.005656;0.000067;-0.032628
0.015232;0.000067;-0.013474
-0.003921;0.009644;0.015256
-0.003921;0.000067;0.015256
0.015232;0.009644;0.034410
0.005656;0.000067;0.082294
0.015232;0.000067;0.005679
0.015232;0.000067;0.024833
-0.013498;0.009644;0.015256
0.005656;0.019220;-0.032628
0.015232;0.009644;-0.042205
-0.003921;0.009644;-0.032628
-0.003921;-0.009510;-0.042205
-0.003921;0.000067;-0.042205
-0.013498;0.009644;0.005679
0.005656;0.019220;0.053563
-0.003921;-0.019087;0.053563
0.024809;0.028797;0.043986
-0.013498;0.000067;0.015256
-0.003921;0.000067;0.005679
-0.003921;0.019220;-0.013474
-0.003921;-0.019087;-0.042205
0.005656;0.000067;-0.023051
0.015232;-0.009510;-0.061358
-0.013498;0.000067;-0.023051
-0.003921;-0.009510;-0.013474
-0.023075;0.009644;0.015256
-0.003921;0.009644;0.034410
0.015232;-0.009510;0.005679
-0.003921;0.009644;-0.013474
0.005656;-0.019087;-0.023051
-0.013498;0.000067;-0.032628
-0.003921;0.000067;-0.042205
0.005656;-0.009510;-0.023051
-0.013498;0.000067;-0.013474
0.005656;0.019220;-0.013474
-0.003921;0.019220;0.015256
-0.003921;0.000067;0.015256
0.015232;0.009644;0.043986
-0.003921;0.019220;-0.013474
0.005656;0.009644;-0.013474
-0.003921;0.009644;-0.080512
-0.032652;0.000067;-0.013474
-0.003921;0.028797;-0.042205
-0.013498;0.000067;0.005679
-0.003921;0.009644;0.015256
0.024809;0.000067;-0.023051
0.005656;-0.028664;0.024833
0.005656;0.000067;0.053563
0.005656;0.009644;0.043986
0.005656;-0.019087;0.024833
0.005656;0.000067;-0.013474
-0.003921;-0.009510;-0.032628
-0.003921;-0.019087;-0.003898
-0.003921;0.009644;-0.042205
-0.003921;0.000067;0.005679
-0.003921;0.000067;-0.023051
0.005656;0.000067;-0.013474
-0.013498;-0.009510;-0.003898
0.015232;-0.009510;0.063140
-0.013498;-0.009510;0.063140
0.005656;0.000067;0.024833
-0.013498;0.000067;0.015256
0.005656;0.009644;-0.013474
-0.013498;0.009644;-0.023051
0.005656;-0.019087;-0.023051
-0.003921;-0.009510;-0.051782
0.005656;0.000067;-0.042205
0.005656;-0.009510;-0.023051
-0.003921;0.000067;-0.023051
0.005656;0.019220;0.015256
0.015232;-0.009510;0.043986
-0.023075;0.009644;0.034410
-0.003921;0.000067;0.034410
-0.003921;-0.009510;0.034410
-0.003921;-0.009510;-0.013474
-0.013498;-0.019087;-0.003898
0.005656;0.000067;-0.042205
-0.003921;0.000067;-0.042205
0.005656;0.000067;-0.023051
0.005656;0.019220;-0.023051
0.005656;0.000067;0.005679
-0.003921;0.000067;0.015256
0.005656;0.009644;0.043986
-0.013498;0.019220;0.024833
0.005656;0.009644;0.043986
-0.003921;0.009644;0.043986
0.015232;0.009644;-0.003898
0.005656;0.009644;-0.023051
0.005656;-0.019087;-0.051782
0.015232;0.000067;-0.023051
0.015232;-0.009510;-0.051782
0.015232;0.009644;-0.013474
-0.003921;0.019220;-0.003898
-0.013498;0.019220;-0.013474
-0.003921;-0.009510;0.015256
-0.003921;0.000067;0.053563
0.005656;0.000067;0.043986
-0.003921;-0.009510;0.005679
-0.003921;0.009644;0.005679
0.005656;-0.009510;-0.013474
-0.003921;0.019220;-0.042205
0.005656;0.009644;-0.032628
-0.003921;0.009644;-0.042205
-0.003921;-0.009510;-0.032628
0.005656;0.000067;-0.013474
-0.003921;0.019220;-0.003898
-0.013498;0.000067;0.043986
0.024809;0.000067;0.015256
0.005656;-0.019087;-0.003898
0.005656;0.009644;0.034410
0.015232;0.009644;-0.003898
0.005656;0.009644;-0.023051
-0.003921;0.000067;-0.042205
0.005656;-0.019087;-0.051782
-0.003921;0.000067;-0.032628
-0.013498;0.019220;0.005679
0.005656;-0.009510;-0.003898
-0.003921;0.009644;0.015256
-0.013498;0.000067;0.015256
0.005656;0.000067;0.024833
-0.013498;0.019220;0.024833
0.015232;-0.009510;0.015256
-0.003921;0.000067;0.005679
0.015232;0.000067;-0.013474
-0.023075;0.009644;-0.023051
-0.003921;0.019220;-0.042205
-0.003921;0.000067;-0.051782
-0.003921;-0.009510;-0.023051
-0.023075;0.009644;-0.003898
0.005656;0.000067;0.015256
-0.003921;0.019220;0.015256
0.015232;-0.019087;0.005679
0.005656;-0.019087;0.053563
-0.013498;0.019220;0.043986
-0.003921;0.009644;-0.013474
-0.013498;0.000067;-0.023051
-0.023075;0.000067;-0.023051
-0.023075;0.009644;-0.032628
-0.003921;0.009644;-0.023051
-0.003921;-0.019087;-0.032628
-0.003921;0.019220;0.005679
0.005656;0.009644;0.043986
0.005656;0.000067;0.005679
-0.003921;-0.038240;0.043986
-0.023075;0.009644;0.005679
-0.003921;-0.009510;-0.013474
0.015232;-0.009510;-0.013474
-0.003921;0.000067;-0.023051
-0.003921;0.009644;-0.051782
-0.013498;0.000067;-0.013474
-0.013498;-0.028664;-0.032628
0.015232;0.009644;0.005679
0.005656;0.019220;0.005679
-0.013498;-0.019087;-0.013474
0.005656;-0.009510;0.024833
-0.003921;-0.019087;0.024833
0.005656;0.000067;0.005679
-0.003921;0.000067;-0.013474
-0.013498;-0.009510;-0.023051
-0.003921;0.000067;-0.003898
0.015232;0.019220;-0.070935
-0.003921;0.009644;-0.032628
-0.003921;-0.019087;-0.013474
-0.003921;-0.009510;-0.042205
0.005656;0.000067;0.024833
-0.003921;-0.019087;0.053563
0.005656;-0.009510;0.015256
-0.003921;0.009644;0.005679
-0.003921;0.009644;0.024833
-0.003921;0.009644;0.015256
0.005656;-0.019087;-0.013474
-0.003921;0.009644;-0.042205
0.005656;0.000067;-0.032628
-0.003921;0.000067;-0.032628
0.005656;0.000067;-0.042205
0.005656;0.000067;0.005679
-0.013498;0.019220;0.034410
0.015232;0.000067;0.024833
-0.003921;0.009644;0.043986
0.005656;-0.009510;0.063140
-0.003921;0.009644;0.024833
0.015232;0.000067;0.005679
-0.003921;0.028797;-0.023051
-0.003921;0.009644;-0.042205
0.005656;0.000067;-0.061358
-0.003921;-0.009510;-0.042205
0.015232;-0.009510;-0.032628
0.005656;-0.009510;0.024833
-0.003921;0.019220;0.015256
0.015232;0.000067;0.015256
0.024809;-0.028664;0.034410
-0.003921;0.028797;0.024833
0.015232;0.000067;0.015256
0.015232;-0.028664;-0.003898
0.005656;0.019220;-0.023051
-0.003921;0.000067;-0.003898
0.005656;0.019220;-0.013474
-0.013498;0.000067;-0.032628
0.005656;0.019220;-0.023051
0.005656;-0.019087;-0.013474
-0.003921;-0.009510;0.024833
-0.013498;0.000067;0.024833
-0.003921;-0.009510;0.034410
-0.013498;0.009644;0.053563
0.005656;0.009644;0.053563
0.005656;-0.009510;-0.003898
-0.003921;0.000067;-0.013474
0.015232;0.009644;-0.023051
0.005656;0.009644;-0.032628
-0.003921;0.009644;-0.042205
-0.013498;0.000067;-0.032628
-0.023075;0.000067;-0.003898
-0.003921;0.019220;0.005679
-0.013498;0.009644;0.015256
-0.003921;-0.009510;0.034410
-0.023075;-0.009510;0.043986
0.005656;0.028797;-0.003898
0.005656;0.019220;0.015256
-0.003921;0.009644;-0.023051
0.015232;0.000067;-0.032628
-0.003921;-0.009510;-0.042205
0.005656;0.000067;-0.042205
-0.003921;-0.019087;-0.023051
0.015232;-0.019087;0.005679
0.005656;0.000067;0.015256
0.005656;-0.009510;0.024833
-0.003921;0.000067;0.043986
0.005656;-0.009510;0.024833
0.005656;-0.009510;0.015256
0.005656;0.019220;0.024833
-0.003921;-0.009510;-0.023051
0.005656;-0.019087;-0.032628
0.015232;0.009644;-0.032628
0.005656;-0.009510;-0.061358
0.005656;0.009644;-0.032628
0.005656;-0.009510;-0.023051
0.005656;-0.009510;-0.003898
0.005656;0.000067;0.034410
0.005656;0.000067;0.015256
-0.003921;-0.009510;0.034410
0.005656;0.009644;0.043986
0.015232;-0.009510;0.015256
0.005656;0.019220;-0.023051
0.005656;-0.009510;-0.013474
0.005656;-0.009510;-0.032628
-0.013498;-0.009510;-0.023051
-0.013498;0.000067;-0.042205
0.015232;0.000067;-0.013474
-0.013498;-0.009510;0.034410
-0.003921;0.009644;0.015256
-0.003921;-0.009510;0.034410
0.015232;0.009644;0.043986
-0.013498;0.000067;0.034410
0.015232;0.019220;0.005679
0.005656;0.019220;0.015256
0.005656;0.009644;-0.023051
0.005656;0.009644;-0.032628
0.005656;-0.019087;-0.042205
0.005656;0.000067;0.005679
-0.003921;0.000067;-0.032628
-0.003921;0.000067;-0.013474
-0.013498;-0.019087;0.005679
0.015232;0.000067;0.024833
-0.003921;0.000067;0.043986
0.015232;0.019220;0.043986
-0.023075;-0.009510;-0.003898
-0.003921;0.000067;-0.032628
-0.003921;0.009644;-0.032628
-0.003921;0.000067;-0.051782
-0.013498;0.009644;-0.023051
-0.003921;0.009644;-0.042205
-0.013498;0.000067;-0.013474
-0.003921;0.028797;0.015256
-0.003921;-0.009510;0.034410
-0.013498;0.009644;0.024833
0.005656;0.019220;0.043986
0.005656;0.009644;-0.013474
0.005656;0.000067;0.005679
-0.032652;0.009644;-0.042205
0.005656;0.019220;-0.051782
-0.003921;-0.009510;-0.042205
-0.003921;0.009644;-0.023051
0.005656;-0.019087;-0.042205
-0.013498;-0.009510;-0.003898
0.005656;0.000067;0.024833
-0.003921;-0.019087;0.015256
0.005656;0.000067;0.005679
0.024809;-0.009510;0.063140
-0.003921;-0.009510;0.005679
0.005656;0.000067;-0.023051
-0.003921;0.009644;-0.023051
0.005656;-0.009510;-0.042205
0.005656;-0.028664;-0.023051
0.015232;-0.009510;-0.032628
-0.003921;-0.028664;-0.032628
0.005656;0.009644;0.015256
-0.013498;0.009644;0.053563
-0.013498;0.000067;0.005679
0.015232;0.000067;0.015256
-0.013498;0.000067;-0.003898
0.015232;-0.019087;-0.023051
-0.003921;0.000067;-0.023051
-0.003921;0.000067;-0.032628
-0.013498;-0.019087;-0.023051
-0.013498;-0.028664;-0.013474
-0.013498;0.000067;-0.003898
-0.003921;0.000067;-0.003898
-0.013498;0.000067;-0.003898
0.005656;0.009644;0.015256
-0.003921;0.000067;0.015256
0.005656;0.000067;0.043986
0.005656;0.028797;0.024833
0.015232;0.009644;-0.003898
-0.003921;-0.009510;-0.042205
0.024809;-0.009510;-0.061358
-0.003921;0.000067;-0.051782
0.015232;0.000067;-0.042205
0.005656;0.019220;-0.003898
0.005656;0.000067;-0.013474
-0.013498;0.009644;0.005679
0.024809;-0.009510;0.034410
0.005656;0.000067;0.053563
0.005656;0.009644;0.015256
-0.013498;0.009644;0.024833
0.015232;-0.009510;-0.032628
-0.003921;0.009644;-0.023051
-0.003921;0.009644;-0.032628
0.005656;0.000067;-0.023051
0.015232;0.000067;-0.023051
0.005656;0.009644;-0.013474
0.034386;-0.028664;0.015256
-0.013498;0.000067;0.063140
-0.003921;0.038374;0.034410
-0.013498;0.009644;0.034410
-0.023075;0.009644;0.005679
-0.003921;0.000067;0.005679
-0.013498;-0.019087;0.015256
0.015232;-0.019087;-0.023051
-0.003921;0.019220;-0.051782
-0.003921;0.009644;-0.042205
-0.003921;0.000067;-0.032628
0.005656;0.000067;-0.013474
-0.003921;-0.009510;-0.013474
0.005656;-0.009510;-0.003898
-0.023075;0.019220;0.015256
-0.003921;-0.009510;0.015256
0.015232;0.038374;0.005679
-0.013498;0.028797;0.005679
-0.003921;-0.019087;-0.013474
-0.003921;0.019220;0.015256
0.005656;-0.009510;-0.023051
0.005656;-0.009510;-0.051782
-0.013498;-0.009510;-0.042205
0.005656;0.000067;-0.013474
-0.023075;-0.009510;-0.032628
0.005656;-0.009510;0.024833
-0.013498;0.009644;0.024833
-0.013498;0.009644;0.043986
-0.023075;0.000067;0.015256
-0.003921;0.009644;-0.003898
0.005656;0.009644;-0.032628
-0.013498;0.000067;-0.013474
-0.023075;-0.009510;-0.023051
-0.013498;0.009644;-0.051782
-0.023075;-0.019087;-0.032628
0.005656;0.009644;0.015256
0.005656;0.000067;-0.023051
-0.003921;-0.019087;0.005679
0.005656;-0.019087;0.034410
0.015232;0.000067;0.034410
-0.013498;0.028797;0.024833
0.005656;-0.009510;0.015256
0.005656;0.000067;-0.013474
0.005656;-0.009510;-0.023051
-0.013498;0.000067;-0.023051
-0.003921;0.000067;-0.032628
-0.003921;0.009644;-0.013474
-0.013498;0.009644;-0.003898
-0.013498;0.000067;0.024833
-0.003921;-0.009510;0.005679
0.005656;0.009644;0.034410
-0.003921;-0.019087;0.005679
-0.003921;0.009644;0.005679
-0.003921;0.009644;-0.003898
-0.003921;0.009644;-0.013474
0.005656;-0.009510;-0.023051
-0.023075;-0.009510;-0.023051
-0.013498;0.019220;-0.023051
-0.003921;0.019220;-0.023051
0.005656;0.009644;0.005679
-0.013498;-0.009510;-0.013474
0.005656;-0.009510;0.015256
-0.003921;0.038374;0.005679
-0.013498;0.000067;0.024833
-0.013498;-0.009510;0.015256
-0.003921;0.000067;-0.013474
-0.013498;-0.009510;-0.032628
0.005656;0.000067;-0.061358
0.015232;0.000067;-0.051782
0.015232;-0.009510;-0.013474
-0.013498;-0.009510;-0.042205
-0.013498;0.009644;0.043986
-0.013498;0.019220;0.005679
0.005656;0.000067;0.015256
-0.003921;-0.009510;0.043986
-0.003921;-0.019087;0.024833
-0.003921;0.009644;0.034410
0.005656;-0.009510;0.005679
-0.003921;-0.009510;-0.032628
0.005656;0.000067;-0.061358
-0.013498;0.000067;0.005679
-0.013498;0.009644;-0.023051
0.005656;0.000067;0.005679
-0.003921;0.009644;0.024833
0.005656;0.009644;0.043986
-0.003921;-0.009510;0.043986
-0.003921;0.009644;0.034410
-0.003921;0.000067;-0.013474
-0.023075;0.019220;-0.003898
0.005656;0.000067;-0.003898
0.005656;0.009644;-0.042205
0.005656;0.000067;-0.023051
-0.013498;0.000067;-0.042205
-0.003921;-0.009510;-0.003898
-0.003921;-0.009510;0.015256
-0.003921;0.009644;-0.003898
-0.003921;-0.009510;0.015256
-0.003921;0.000067;0.043986
-0.003921;0.019220;0.024833
0.005656;-0.028664;-0.003898
-0.003921;0.000067;-0.003898
-0.013498;0.019220;-0.023051
-0.023075;0.000067;-0.003898
0.005656;0.000067;-0.042205
-0.003921;0.009644;0.005679
-0.003921;0.019220;-0.032628
0.005656;0.009644;-0.003898
0.005656;0.000067;0.034410
0.024809;0.019220;0.053563
0.005656;-0.019087;0.024833
-0.003921;-0.019087;0.015256
-0.003921;-0.009510;0.034410
0.005656;0.000067;0.005679
-0.013498;-0.009510;-0.023051
0.015232;0.009644;-0.023051
-0.003921;0.000067;-0.042205
-0.013498;0.009644;-0.042205
-0.003921;0.000067;-0.023051
0.015232;0.000067;0.005679
-0.003921;0.019220;0.043986
-0.032652;0.000067;0.034410
-0.003921;-0.019087;0.082294
0.005656;-0.009510;0.005679
-0.013498;0.000067;0.024833
-0.013498;0.000067;0.015256
0.015232;0.009644;-0.023051
0.005656;0.009644;-0.023051
0.005656;0.000067;-0.023051
-0.003921;-0.009510;-0.023051
0.005656;-0.009510;-0.023051
-0.013498;0.000067;0.005679
0.005656;0.028797;0.024833
0.005656;0.000067;0.034410
-0.003921;-0.009510;0.053563
-0.013498;-0.019087;-0.003898
0.015232;0.000067;-0.013474
-0.013498;-0.009510;-0.032628
-0.023075;0.000067;-0.023051
-0.003921;-0.019087;-0.032628
-0.013498;0.009644;-0.051782
-0.013498;0.009644;-0.013474
-0.003921;0.000067;-0.003898
0.005656;-0.009510;0.005679
-0.003921;-0.019087;0.024833
-0.013498;0.019220;0.053563
0.005656;0.000067;0.005679
-0.013498;-0.009510;0.034410
0.015232;0.000067;-0.013474
0.005656;0.009644;-0.023051
0.015232;0.009644;-0.032628
0.005656;0.000067;-0.013474
-0.013498;0.019220;-0.003898
0.005656;-0.009510;-0.042205
0.005656;-0.009510;-0.023051
0.015232;0.019220;0.024833
-0.013498;0.000067;0.015256
-0.003921;0.000067;0.005679
-0.003921;-0.009510;0.015256
-0.003921;0.000067;0.043986
0.015232;0.009644;-0.013474
-0.003921;-0.028664;-0.023051
-0.023075;0.000067;-0.013474
-0.003921;0.000067;-0.042205
-0.003921;0.009644;-0.032628
-0.003921;-0.038240;-0.023051
-0.003921;0.000067;0.015256
-0.003921;0.000067;0.015256
-0.003921;0.009644;0.024833
-0.003921;0.000067;0.043986
-0.013498;0.019220;0.005679
0.005656;0.009644;0.015256
-0.003921;0.000067;-0.003898
0.015232;0.009644;-0.032628
0.005656;-0.009510;-0.051782
-0.013498;-0.009510;-0.032628
-0.023075;-0.019087;-0.013474
-0.003921;0.009644;0.005679
0.005656;-0.009510;0.024833
0.005656;0.009644;0.034410
-0.003921;0.000067;0.034410
0.005656;-0.009510;0.015256
0.005656;0.009644;0.034410
-0.003921;-0.009510;0.015256
0.005656;-0.009510;-0.013474
0.005656;-0.009510;-0.032628
0.005656;0.009644;-0.051782
-0.003921;-0.009510;-0.051782
0.015232;-0.019087;-0.042205
0.005656;-0.009510;-0.003898
-0.013498;0.009644;0.024833
0.015232;0.000067;0.034410
-0.003921;-0.019087;0.034410
-0.003921;0.009644;0.034410
-0.013498;-0.009510;0.024833
-0.003921;0.028797;0.015256
0.005656;-0.019087;-0.013474
0.005656;0.028797;-0.042205
-0.003921;0.000067;-0.032628
-0.003921;0.000067;-0.023051
0.005656;-0.019087;-0.023051
0.005656;0.000067;-0.013474
0.005656;-0.028664;0.015256
0.015232;-0.009510;0.024833
-0.003921;0.009644;0.034410
-0.023075;-0.009510;0.043986
0.015232;0.009644;0.005679
-0.003921;-0.028664;-0.023051
-0.003921;0.009644;0.005679
0.015232;0.009644;-0.023051
-0.003921;-0.009510;-0.032628
-0.003921;0.009644;-0.032628
-0.003921;0.000067;-0.023051
-0.003921;0.009644;-0.042205
0.005656;0.009644;0.024833
0.005656;0.019220;0.024833
0.005656;0.009644;0.024833
-0.003921;0.009644;0.034410
0.005656;0.019220;0.005679
-0.013498;0.009644;0.005679
-0.013498;0.000067;0.024833
0.005656;0.009644;-0.032628
0.015232;-0.019087;-0.032628
-0.003921;-0.019087;-0.013474
-0.013498;-0.019087;-0.003898
-0.013498;0.000067;-0.013474
0.005656;0.028797;0.015256
0.005656;0.009644;0.015256
0.005656;0.028797;0.024833
-0.003921;0.000067;0.043986
-0.003921;0.009644;-0.003898
-0.003921;0.028797;0.015256
-0.003921;0.009644;0.015256
-0.003921;0.009644;-0.013474
0.005656;0.000067;-0.013474
-0.003921;0.028797;-0.023051
-0.003921;0.019220;-0.023051
-0.013498;0.019220;0.005679
-0.003921;0.009644;0.024833
-0.003921;0.000067;0.024833
-0.003921;0.000067;0.034410
-0.003921;-0.009510;0.015256
0.005656;0.019220;-0.042205
-0.013498;0.009644;-0.032628
-0.003921;0.000067;-0.042205
0.005656;0.000067;-0.042205
-0.003921;-0.009510;-0.013474
-0.003921;0.000067;-0.023051
-0.013498;0.009644;-0.003898
-0.013498;-0.009510;0.024833
-0.003921;0.000067;0.024833
0.005656;0.000067;0.024833
0.005656;-0.009510;0.005679
0.005656;0.009644;0.005679
-0.013498;0.000067;-0.013474
-0.003921;0.000067;-0.003898
-0.013498;0.000067;-0.023051
0.015232;0.019220;-0.042205
-0.013498;-0.038240;-0.023051
-0.003921;-0.009510;0.005679
0.024809;0.019220;0.005679
0.005656;0.009644;0.034410
-0.003921;0.000067;0.034410
-0.023075;0.000067;0.034410
0.005656;0.019220;0.034410
0.005656;0.009644;0.043986
-0.003921;-0.009510;-0.032628
-0.003921;-0.019087;-0.042205
-0.023075;0.000067;-0.032628
0.005656;0.000067;-0.013474
0.024809;0.019220;-0.013474
0.005656;0.019220;0.005679
0.015232;0.000067;-0.013474
-0.013498;-0.019087;0.015256
0.015232;0.019220;0.024833
0.005656;-0.009510;0.034410
-0.013498;-0.009510;0.024833
-0.003921;0.009644;0.015256
0.005656;-0.019087;0.005679
0.015232;0.000067;-0.003898
-0.003921;0.009644;-0.042205
0.005656;-0.009510;-0.003898
0.005656;0.009644;-0.032628
0.005656;0.009644;-0.023051
-0.003921;0.009644;-0.023051
0.005656;0.000067;-0.003898
-0.013498;0.019220;0.034410
0.015232;0.000067;0.043986
0.005656;0.000067;0.024833
0.005656;-0.009510;0.015256
0.015232;0.000067;-0.032628
0.015232;0.009644;-0.003898
-0.013498;-0.019087;-0.003898
0.005656;-0.019087;-0.013474
-0.003921;0.000067;-0.013474
-0.013498;0.000067;-0.003898
-0.003921;0.000067;-0.023051
-0.013498;0.009644;0.024833
0.005656;0.009644;0.024833
0.005656;0.019220;0.024833
0.005656;-0.009510;0.053563
0.005656;-0.009510;0.015256
0.015232;0.000067;-0.003898
-0.013498;-0.028664;-0.013474
-0.032652;0.009644;-0.013474
0.005656;-0.009510;-0.023051
-0.013498;-0.009510;-0.013474
0.005656;-0.028664;0.024833
0.015232;-0.019087;-0.003898
-0.013498;-0.009510;0.024833
-0.013498;-0.009510;0.043986
0.015232;0.019220;0.005679
0.015232;-0.019087;0.024833
-0.003921;0.000067;0.015256
0.005656;0.009644;-0.003898
-0.023075;-0.009510;-0.061358
-0.003921;-0.009510;-0.032628
-0.003921;-0.009510;-0.061358
0.005656;-0.009510;-0.013474
0.015232;0.009644;0.005679
-0.013498;0.000067;0.015256
0.005656;0.038374;0.015256
-0.013498;0.000067;0.043986
0.015232;-0.009510;0.015256
-0.003921;0.000067;0.015256
0.005656;-0.009510;0.024833
0.015232;-0.019087;0.024833
0.005656;0.000067;-0.032628
0.015232;0.009644;-0.032628
0.015232;0.000067;-0.042205
0.005656;0.019220;-0.013474
-0.003921;0.000067;-0.042205
0.005656;0.009644;0.005679
-0.023075;0.009644;-0.003898
-0.003921;0.019220;0.053563
0.005656;0.000067;0.024833
-0.003921;0.000067;0.034410
0.015232;0.000067;0.015256
0.005656;0.019220;-0.003898
-0.013498;0.000067;-0.003898
-0.023075;0.000067;-0.023051
-0.003921;0.000067;-0.023051
-0.003921;-0.009510;-0.032628
-0.003921;0.019220;-0.023051
0.005656;-0.009510;0.015256
-0.003921;-0.009510;0.015256
0.015232;0.019220;0.015256
-0.003921;0.009644;0.024833
0.024809;-0.009510;0.015256
-0.013498;0.009644;0.043986
-0.013498;0.019220;-0.003898
-0.003921;-0.009510;-0.023051
0.005656;0.000067;-0.061358
0.005656;0.009644;-0.013474
0.005656;-0.019087;-0.003898
-0.003921;0.000067;-0.032628
-0.003921;-0.019087;0.005679
-0.013498;-0.019087;0.015256
-0.023075;-0.019087;0.024833
-0.013498;-0.019087;0.053563
0.005656;0.000067;0.034410
0.015232;0.009644;0.015256
0.015232;-0.009510;-0.023051
0.005656;0.019220;-0.013474
-0.013498;0.000067;-0.023051
-0.003921;0.000067;-0.042205
-0.003921;-0.009510;-0.023051
-0.003921;0.009644;-0.023051
0.015232;-0.009510;-0.003898
0.005656;0.000067;-0.003898
0.015232;0.000067;0.024833
0.005656;0.000067;0.053563
-0.003921;0.000067;0.015256
-0.003921;0.009644;0.005679
0.005656;0.000067;-0.003898
-0.003921;-0.009510;-0.003898
-0.013498;-0.009510;-0.032628
-0.013498;-0.009510;-0.042205
0.024809;0.000067;-0.042205
-0.023075;-0.028664;-0.013474
-0.003921;-0.019087;0.005679
0.005656;0.019220;0.015256
-0.003921;0.000067;0.024833
0.005656;0.009644;0.034410
-0.013498;0.000067;0.034410
-0.003921;0.009644;0.005679
0.005656;0.000067;0.015256
0.024809;0.028797;-0.032628
0.005656;0.019220;-0.042205
0.005656;0.000067;-0.042205
0.005656;-0.019087;-0.032628
-0.003921;0.000067;-0.003898
0.015232;-0.009510;0.015256
-0.013498;0.000067;0.043986
0.015232;-0.009510;0.034410
-0.003921;-0.009510;0.024833
0.015232;0.000067;0.015256
-0.003921;0.009644;0.024833
-0.003921;0.000067;-0.013474
0.015232;0.000067;-0.023051
0.015232;0.009644;-0.023051
-0.003921;0.000067;-0.051782
-0.003921;0.009644;-0.042205
-0.003921;0.000067;-0.023051
0.024809;-0.009510;-0.023051
0.015232;0.009644;0.024833
-0.003921;0.000067;-0.003898
-0.023075;0.009644;0.063140
0.005656;-0.019087;0.024833
0.005656;0.019220;0.005679
0.005656;0.000067;-0.003898
-0.013498;-0.009510;-0.013474
0.005656;0.000067;-0.061358
0.015232;0.000067;-0.013474
-0.003921;-0.009510;-0.032628
0.015232;-0.009510;-0.003898
0.015232;0.000067;0.015256
-0.013498;0.009644;0.015256
-0.013498;0.009644;0.024833
-0.003921;0.000067;0.015256
0.005656;0.000067;0.034410
0.024809;0.019220;0.024833
-0.003921;0.000067;0.015256
-0.023075;0.000067;-0.023051
0.015232;0.009644;-0.023051
0.005656;0.019220;-0.051782
-0.013498;-0.009510;-0.023051
0.005656;0.000067;-0.013474
-0.032652;0.009644;-0.003898
-0.003921;0.000067;0.024833
-0.003921;-0.009510;0.015256
-0.003921;-0.019087;0.005679
0.015232;0.019220;0.005679
0.005656;-0.019087;0.005679
-0.003921;0.000067;-0.051782
0.005656;0.009644;-0.042205
0.005656;-0.009510;-0.023051
-0.013498;-0.009510;0.015256
0.005656;0.009644;-0.032628
0.024809;0.009644;0.005679
0.005656;0.000067;0.024833
0.005656;0.000067;0.053563
0.024809;0.019220;0.024833
-0.023075;0.000067;0.034410
0.005656;0.000067;0.005679
-0.003921;0.000067;0.005679
0.005656;0.000067;-0.042205
-0.003921;-0.009510;-0.042205
0.005656;0.009644;-0.023051
-0.013498;0.009644;-0.013474
0.005656;0.000067;-0.003898
-0.013498;0.000067;-0.003898
-0.013498;0.019220;-0.003898
-0.003921;0.000067;0.034410
-0.003921;0.019220;0.034410
-0.013498;-0.009510;0.005679
-0.013498;0.009644;-0.013474
-0.003921;0.000067;-0.023051
0.005656;0.009644;-0.023051
0.005656;-0.009510;-0.061358
0.015232;0.000067;-0.013474
0.024809;0.000067;-0.003898
-0.013498;-0.009510;-0.013474
-0.003921;0.009644;0.015256
-0.013498;0.009644;0.034410
0.005656;0.000067;0.034410
-0.013498;-0.009510;0.005679
-0.013498;0.000067;-0.023051
0.005656;-0.009510;-0.013474
-0.003921;-0.009510;-0.023051
-0.013498;0.009644;-0.042205
-0.023075;-0.009510;-0.023051
0.015232;-0.019087;-0.023051
-0.023075;0.009644;0.015256
-0.003921;0.019220;0.015256
0.005656;0.009644;0.015256
0.005656;0.000067;0.043986
-0.013498;0.028797;0.015256
-0.003921;0.009644;0.015256
0.015232;0.009644;0.005679
-0.013498;0.019220;-0.003898
-0.003921;0.000067;-0.013474
0.005656;0.000067;-0.051782
-0.003921;0.000067;-0.042205
-0.003921;-0.019087;-0.003898
0.005656;-0.009510;0.015256
0.005656;0.028797;0.005679
-0.013498;-0.009510;0.024833
-0.003921;0.000067;0.024833
0.005656;-0.009510;0.034410
-0.003921;0.000067;0.005679
0.005656;0.009644;0.005679
-0.003921;0.000067;-0.013474
0.015232;0.009644;-0.042205
0.024809;0.028797;-0.032628
-0.003921;0.009644;-0.042205
-0.003921;-0.009510;0.005679
-0.003921;0.028797;0.005679
0.015232;-0.019087;0.024833
0.015232;0.009644;0.053563
-0.003921;-0.009510;0.053563
0.005656;0.000067;0.024833
-0.003921;0.009644;0.024833
-0.003921;0.019220;-0.003898
0.005656;0.019220;-0.013474
-0.003921;0.000067;-0.003898
0.005656;-0.019087;-0.042205
-0.003921;-0.009510;0.005679
-0.023075;0.009644;-0.023051
0.005656;0.000067;0.024833
0.015232;0.009644;0.015256
-0.023075;-0.009510;0.024833
-0.013498;-0.019087;0.034410
-0.003921;0.019220;0.015256
-0.003921;0.009644;0.005679
-0.003921;-0.028664;-0.003898
0.005656;0.019220;0.005679
-0.013498;-0.009510;-0.013474
-0.023075;0.009644;-0.042205
-0.003921;0.019220;-0.023051
0.015232;0.000067;-0.003898
-0.003921;0.000067;0.005679
-0.013498;0.009644;0.024833
-0.003921;0.009644;0.043986
-0.003921;0.009644;0.024833
-0.003921;-0.009510;0.043986
0.005656;-0.019087;0.015256
-0.003921;0.009644;-0.003898
0.005656;0.028797;-0.032628
-0.003921;0.000067;-0.032628
0.015232;0.009644;-0.023051
0.005656;0.000067;-0.042205
0.005656;-0.019087;-0.013474
-0.003921;0.028797;-0.003898
-0.013498;0.000067;0.015256
-0.003921;0.000067;0.043986
0.005656;0.000067;0.053563
-0.003921;0.000067;0.034410
0.005656;-0.019087;-0.003898
-0.003921;-0.019087;0.005679
-0.003921;0.009644;-0.003898
-0.023075;-0.009510;-0.023051
-0.013498;-0.009510;-0.032628
-0.003921;-0.019087;-0.032628
-0.003921;0.009644;-0.013474
-0.013498;0.009644;0.024833
-0.003921;0.009644;-0.023051
0.005656;0.000067;0.024833
-0.003921;-0.019087;0.043986
-0.003921;0.000067;0.024833
-0.003921;0.009644;0.024833
0.005656;-0.009510;-0.003898
0.005656;-0.009510;-0.042205
-0.023075;0.000067;-0.023051
-0.003921;0.000067;-0.061358
-0.003921;0.000067;-0.042205
-0.013498;0.000067;-0.032628
0.005656;-0.009510;-0.003898
-0.003921;0.000067;-0.013474
-0.023075;0.000067;0.015256
0.005656;-0.009510;0.024833
0.005656;0.009644;0.015256
0.005656;0.000067;0.005679
0.015232;-0.019087;0.005679
0.005656;0.019220;-0.032628
0.015232;0.000067;-0.003898
-0.003921;0.000067;-0.051782
-0.003921;0.009644;-0.003898
-0.003921;0.009644;-0.023051
0.005656;-0.009510;-0.003898
-0.013498;0.019220;-0.003898
-0.003921;0.009644;0.043986
0.015232;0.009644;0.034410
0.005656;-0.009510;0.015256
0.005656;0.000067;0.005679
0.005656;0.009644;-0.013474
-0.003921;0.009644;-0.003898
0.015232;-0.009510;-0.032628
-0.003921;-0.019087;-0.051782
-0.013498;0.019220;-0.023051
-0.003921;-0.009510;-0.003898
0.005656;0.000067;-0.013474
-0.003921;0.028797;0.015256
-0.003921;-0.019087;0.034410
-0.023075;0.019220;0.043986
0.015232;0.000067;0.005679
0.005656;0.009644;0.034410
-0.003921;0.019220;-0.003898
-0.003921;0.000067;-0.023051
-0.003921;0.000067;-0.042205
0.005656;0.000067;-0.032628
0.015232;0.019220;-0.013474
-0.013498;-0.019087;-0.013474
0.005656;0.000067;0.024833
0.015232;-0.009510;0.043986
-0.013498;0.009644;0.053563
0.005656;0.000067;0.043986
0.015232;-0.009510;0.015256
0.005656;0.009644;-0.032628
0.005656;-0.009510;0.005679
0.015232;-0.009510;-0.061358
0.015232;-0.009510;-0.042205
-0.013498;0.028797;-0.023051
-0.013498;0.000067;-0.051782
-0.003921;-0.009510;0.005679
0.005656;0.000067;-0.013474
0.005656;-0.009510;0.005679
-0.003921;0.000067;0.024833
-0.003921;0.000067;0.034410
-0.003921;-0.009510;0.043986
0.015232;0.019220;-0.003898
-0.023075;0.000067;-0.013474
-0.013498;-0.009510;-0.013474
-0.003921;-0.019087;-0.023051
-0.003921;0.009644;-0.023051
-0.003921;-0.009510;-0.032628
-0.013498;-0.028664;-0.013474
-0.003921;0.009644;-0.003898
-0.013498;0.019220;0.034410
-0.003921;0.000067;0.034410
0.015232;0.009644;0.024833
-0.013498;0.000067;0.034410
-0.013498;0.009644;0.024833
0.005656;-0.009510;-0.003898
-0.003921;0.000067;-0.023051
-0.003921;-0.009510;-0.023051
0.005656;0.000067;-0.013474
0.005656;0.000067;-0.023051
0.005656;-0.019087;-0.023051
0.005656;-0.009510;-0.003898
0.005656;-0.019087;0.034410
0.005656;-0.009510;0.034410
-0.013498;0.000067;0.024833
0.015232;0.000067;0.043986
0.005656;-0.009510;-0.013474
0.024809;0.000067;-0.003898
-0.003921;0.019220;-0.013474
-0.013498;0.019220;-0.032628
-0.003921;0.028797;-0.042205
-0.003921;0.019220;-0.051782
0.005656;-0.009510;-0.013474
-0.013498;0.019220;0.005679
0.005656;0.009644;0.024833
-0.023075;-0.009510;0.015256
-0.013498;-0.019087;0.015256
-0.003921;-0.009510;0.024833
-0.023075;0.009644;-0.003898
-0.003921;0.000067;-0.023051
0.005656;0.019220;-0.032628
0.005656;0.000067;-0.042205
0.024809;0.000067;-0.032628
-0.003921;0.000067;0.005679
-0.013498;-0.009510;-0.003898
-0.003921;0.000067;0.005679
-0.003921;0.019220;0.005679
0.005656;0.009644;0.024833
-0.003921;0.000067;0.043986
0.015232;-0.009510;0.034410
0.005656;-0.009510;0.005679
-0.013498;0.000067;0.015256
0.015232;0.019220;-0.013474
-0.013498;-0.009510;-0.023051
0.015232;-0.009510;-0.032628
0.015232;-0.009510;-0.013474
-0.003921;-0.009510;0.005679
-0.023075;-0.009510;0.015256
0.005656;-0.009510;-0.003898
-0.003921;0.009644;0.024833
-0.003921;0.019220;0.024833
0.005656;0.000067;0.034410
-0.003921;0.000067;-0.003898
-0.013498;0.019220;0.005679
-0.013498;0.000067;-0.023051
-0.003921;0.000067;-0.032628
-0.003921;0.009644;-0.042205
-0.003921;0.000067;-0.023051
-0.013498;0.009644;0.005679
-0.003921;0.009644;-0.013474
-0.003921;0.009644;0.024833
-0.013498;0.000067;0.043986
-0.003921;-0.009510;0.043986
0.005656;-0.009510;0.024833
0.005656;0.000067;-0.003898
0.005656;0.019220;-0.003898
0.015232;-0.009510;-0.032628
0.015232;0.009644;-0.023051
0.005656;0.000067;-0.003898
0.005656;-0.019087;-0.032628
-0.003921;-0.009510;0.005679
-0.003921;-0.009510;0.034410
-0.003921;0.000067;0.015256
-0.013498;0.000067;0.024833
-0.023075;-0.019087;0.015256
-0.023075;0.019220;0.015256
0.005656;0.000067;0.005679
0.005656;0.000067;-0.023051
-0.013498;-0.019087;-0.023051
-0.003921;0.000067;-0.032628
0.015232;-0.009510;-0.023051
-0.003921;0.009644;-0.023051
-0.003921;0.009644;-0.003898
-0.003921;0.019220;0.005679
-0.003921;-0.009510;0.043986
-0.003921;-0.009510;0.034410
-0.003921;0.009644;0.024833
-0.003921;0.000067;0.024833
0.005656;0.000067;-0.003898
-0.003921;0.000067;-0.023051
-0.003921;0.009644;-0.032628
-0.023075;-0.009510;-0.061358
-0.013498;0.000067;-0.042205
-0.003921;-0.009510;-0.032628
0.015232;-0.019087;-0.032628
-0.003921;0.000067;-0.003898
0.024809;0.009644;0.015256
0.015232;0.000067;0.005679
0.005656;0.009644;0.034410
0.005656;0.000067;0.043986
-0.003921;0.000067;0.024833
-0.003921;0.028797;-0.032628
0.005656;0.000067;-0.023051
-0.013498;0.000067;-0.032628
-0.003921;0.000067;-0.023051
0.005656;0.000067;-0.023051
-0.003921;0.009644;-0.023051
0.015232;0.009644;0.015256
0.015232;-0.009510;0.015256
-0.003921;-0.028664;0.024833
0.005656;-0.009510;-0.013474
0.015232;0.019220;0.015256
0.005656;-0.009510;0.015256
-0.003921;-0.038240;0.005679
0.015232;0.000067;-0.042205
0.015232;0.000067;-0.023051
-0.003921;0.000067;-0.003898
0.005656;-0.009510;-0.023051
0.015232;0.000067;0.005679
-0.003921;0.000067;-0.003898
0.024809;0.000067;-0.023051
0.005656;-0.009510;0.034410
0.015232;0.000067;0.034410
0.005656;0.009644;0.005679
0.005656;-0.019087;0.005679
-0.013498;0.000067;-0.032628
-0.013498;0.009644;-0.032628
-0.023075;0.000067;0.005679
-0.003921;0.009644;-0.013474
0.015232;0.009644;-0.013474
-0.003921;0.009644;0.015256
0.015232;-0.019087;0.034410
0.015232;-0.019087;0.043986
0.015232;0.000067;0.024833
0.015232;-0.009510;0.005679
0.015232;0.000067;0.005679
-0.013498;0.019220;-0.003898
0.015232;-0.009510;-0.023051
0.015232;0.009644;-0.032628
0.005656;-0.028664;-0.023051
0.024809;0.009644;-0.013474
0.005656;-0.009510;-0.013474
-0.013498;-0.009510;0.024833
0.015232;0.000067;0.034410
0.005656;0.009644;0.015256
-0.003921;0.000067;0.024833
0.005656;-0.009510;0.024833
0.005656;0.000067;0.024833
-0.003921;0.000067;0.005679
0.005656;0.019220;0.015256
-0.023075;0.000067;-0.051782
0.015232;-0.009510;-0.023051
-0.003921;0.009644;-0.023051
0.005656;0.000067;-0.003898
-0.013498;0.019220;0.005679
-0.003921;0.000067;0.005679
0.015232;0.000067;0.024833
-0.003921;-0.009510;0.015256
0.005656;-0.009510;0.034410
-0.003921;-0.009510;0.043986
0.005656;0.000067;-0.013474
0.005656;-0.028664;-0.042205
0.005656;0.009644;-0.032628
0.005656;0.000067;-0.032628
-0.013498;0.028797;-0.013474
0.024809;0.000067;0.015256
-0.013498;0.000067;-0.013474
0.005656;-0.019087;0.015256
0.005656;0.009644;0.053563
0.005656;0.009644;0.034410
-0.003921;0.009644;0.015256
-0.003921;0.000067;0.005679
0.005656;0.000067;-0.013474
-0.023075;-0.009510;-0.013474
-0.003921;0.009644;-0.061358
0.015232;0.009644;-0.023051
-0.003921;-0.019087;-0.032628
0.005656;0.009644;-0.003898
0.005656;0.000067;0.005679
-0.013498;-0.009510;0.005679
-0.003921;0.009644;0.015256
0.005656;-0.009510;0.053563
0.005656;0.000067;0.034410
0.005656;0.009644;-0.013474
-0.003921;-0.019087;0.015256
-0.003921;-0.009510;-0.013474
-0.013498;0.000067;-0.042205
-0.013498;0.009644;-0.032628
0.015232;0.000067;-0.042205
-0.003921;0.009644;-0.023051
-0.023075;-0.009510;0.005679
-0.003921;-0.009510;0.005679
-0.013498;-0.009510;0.024833
-0.003921;0.019220;0.043986
-0.003921;0.000067;0.034410
0.015232;0.028797;-0.013474
-0.003921;0.000067;0.015256
0.005656;0.000067;-0.003898
0.015232;0.009644;-0.051782
-0.003921;-0.009510;-0.032628
-0.003921;-0.019087;-0.042205
0.015232;-0.019087;-0.013474
0.024809;-0.028664;0.015256
-0.003921;-0.019087;0.024833
0.005656;0.000067;0.024833
-0.003921;-0.019087;0.034410
-0.003921;0.019220;0.043986
-0.003921;0.000067;0.005679
-0.013498;-0.009510;-0.003898
-0.003921;-0.028664;-0.013474
-0.013498;0.009644;-0.032628
0.005656;0.000067;-0.042205
-0.003921;-0.009510;-0.013474
-0.013498;0.000067;0.015256
-0.023075;-0.009510;0.034410
-0.013498;0.000067;-0.003898
0.015232;0.009644;0.015256
0.005656;0.000067;0.043986
0.005656;0.000067;0.005679
0.005656;-0.009510;0.005679
0.015232;0.009644;0.015256
0.024809;0.000067;-0.023051
-0.003921;0.000067;0.005679
-0.023075;0.000067;-0.023051
0.005656;0.000067;-0.061358
-0.003921;0.009644;-0.023051
-0.003921;0.000067;-0.013474
-0.013498;-0.019087;0.024833
-0.013498;0.009644;0.024833
-0.013498;0.009644;0.015256
0.005656;-0.009510;0.034410
-0.003921;0.019220;0.015256
-0.003921;0.000067;-0.003898
-0.013498;0.000067;-0.023051
0.005656;-0.019087;-0.013474
-0.003921;-0.009510;-0.032628
0.015232;-0.009510;-0.023051
-0.003921;0.009644;0.005679
0.005656;0.009644;0.024833
0.005656;-0.009510;-0.003898
-0.003921;-0.028664;0.015256
0.005656;0.000067;0.015256
0.015232;-0.009510;0.043986
-0.013498;0.000067;-0.013474
-0.013498;0.009644;-0.023051
0.015232;0.019220;-0.032628
0.005656;0.000067;-0.032628
-0.003921;0.019220;-0.023051
-0.003921;0.000067;-0.013474
-0.013498;-0.009510;0.005679
-0.013498;-0.019087;0.024833
-0.013498;-0.009510;0.015256
0.005656;-0.009510;0.034410
0.015232;0.000067;0.043986
-0.023075;0.000067;0.024833
-0.023075;0.000067;0.015256
0.015232;-0.009510;0.005679
-0.003921;0.000067;-0.023051
0.005656;0.000067;-0.003898
0.005656;-0.009510;-0.032628
-0.013498;0.000067;-0.003898
-0.023075;0.009644;-0.003898
-0.003921;0.000067;0.024833
-0.003921;0.000067;0.034410
-0.003921;0.009644;0.024833
-0.003921;-0.019087;0.024833
-0.013498;-0.009510;-0.003898
-0.013498;0.000067;-0.032628
0.005656;0.009644;-0.003898
0.005656;0.009644;-0.023051
-0.003921;0.000067;-0.032628
-0.023075;-0.009510;-0.023051
-0.003921;0.000067;-0.023051
0.005656;0.000067;-0.003898
-0.013498;0.019220;0.043986
-0.023075;0.019220;0.034410
0.005656;0.009644;0.053563
0.005656;-0.009510;0.005679
0.005656;-0.009510;-0.003898
0.005656;0.000067;0.015256
-0.013498;0.009644;0.015256
0.005656;0.000067;-0.023051
-0.013498;0.000067;-0.042205
0.005656;-0.038240;-0.023051
0.005656;0.019220;-0.023051
0.005656;0.000067;0.015256
-0.013498;-0.009510;0.015256
-0.013498;0.000067;0.024833
0.005656;0.028797;0.024833
-0.003921;0.000067;0.034410
0.005656;0.009644;-0.003898
-0.003921;-0.009510;-0.013474
0.015232;-0.009510;-0.023051
-0.003921;0.009644;-0.013474
-0.023075;0.009644;-0.032628
0.015232;-0.009510;-0.003898
-0.013498;0.000067;-0.013474
0.015232;-0.019087;0.005679
0.024809;-0.009510;0.015256
-0.013498;0.000067;0.015256
0.005656;-0.009510;0.024833
-0.013498;-0.009510;0.034410
-0.003921;-0.009510;0.015256
0.015232;-0.009510;-0.023051
0.015232;0.000067;-0.013474
0.015232;0.009644;-0.013474
-0.003921;-0.009510;-0.032628
0.005656;-0.019087;-0.023051
0.024809;-0.009510;-0.013474
-0.003921;-0.009510;0.024833
-0.023075;0.000067;0.024833
-0.013498;0.019220;0.015256
0.015232;-0.009510;0.053563
0.005656;0.000067;0.034410
-0.003921;0.000067;0.005679
0.015232;0.000067;-0.003898
0.005656;0.009644;-0.013474
-0.003921;0.009644;-0.013474
-0.003921;0.019220;-0.042205
-0.013498;-0.009510;-0.023051
-0.003921;-0.019087;-0.023051
-0.003921;-0.019087;-0.013474
0.005656;-0.009510;0.024833
-0.003921;0.009644;0.034410
0.005656;-0.019087;0.024833
0.015232;0.000067;0.024833
0.005656;0.019220;0.015256
0.005656;-0.009510;-0.013474
0.024809;0.000067;-0.023051
0.024809;-0.009510;-0.032628
0.005656;-0.019087;-0.013474
-0.003921;-0.028664;-0.032628
-0.023075;0.009644;-0.013474
-0.013498;0.000067;-0.013474
0.005656;-0.038240;0.015256
-0.003921;-0.009510;0.005679
0.015232;0.009644;0.015256
-0.003921;0.009644;0.005679
-0.003921;-0.028664;0.015256
0.024809;0.009644;-0.023051
0.005656;0.000067;-0.032628
-0.023075;0.000067;-0.023051
-0.013498;0.009644;-0.032628
0.024809;0.000067;-0.051782
-0.003921;0.000067;0.015256
0.005656;0.019220;0.024833
-0.003921;0.000067;0.024833
-0.013498;-0.009510;0.015256
-0.023075;0.009644;0.024833
-0.003921;-0.019087;0.015256
0.005656;0.000067;0.005679
-0.003921;0.000067;-0.032628
-0.003921;-0.009510;-0.013474
-0.003921;0.000067;-0.032628
0.015232;0.000067;-0.042205
-0.003921;0.009644;-0.013474
-0.003921;-0.019087;-0.023051
0.005656;0.000067;0.005679
0.005656;0.009644;0.034410
0.005656;-0.009510;0.015256
-0.003921;-0.009510;-0.023051
0.005656;0.000067;0.024833
0.005656;0.009644;-0.013474
-0.003921;0.009644;-0.032628
-0.023075;-0.009510;-0.023051
0.005656;0.009644;-0.023051
-0.013498;0.009644;-0.013474
0.005656;-0.009510;-0.023051
0.005656;0.000067;0.005679
-0.003921;0.000067;-0.023051
0.015232;0.000067;0.034410
-0.003921;0.009644;0.024833
-0.003921;0.000067;0.024833
-0.003921;-0.019087;0.015256
0.015232;-0.009510;-0.003898
-0.003921;-0.028664;-0.003898
-0.003921;-0.009510;-0.003898
-0.003921;-0.028664;-0.023051
-0.003921;-0.019087;-0.013474
-0.003921;0.019220;-0.032628
0.005656;0.019220;0.015256
-0.003921;-0.009510;0.015256
0.015232;0.000067;0.034410
0.005656;0.009644;0.024833
-0.003921;-0.028664;0.024833
-0.003921;0.009644;0.024833
-0.013498;-0.019087;-0.003898
-0.013498;0.009644;-0.013474
0.005656;0.000067;-0.051782
-0.013498;-0.009510;-0.003898
0.005656;-0.009510;-0.042205
0.015232;0.009644;-0.003898
-0.013498;-0.009510;-0.003898
-0.013498;0.000067;0.034410
0.005656;0.009644;0.024833
0.005656;0.000067;0.034410
-0.013498;0.000067;0.024833
0.024809;-0.009510;-0.003898
0.005656;-0.009510;-0.013474
-0.032652;-0.028664;-0.013474
-0.023075;-0.028664;-0.023051
0.015232;-0.009510;-0.023051
0.005656;0.000067;-0.032628
-0.013498;0.019220;-0.032628
0.005656;0.019220;-0.003898
-0.023075;0.009644;0.015256
-0.003921;-0.009510;0.015256
0.005656;-0.019087;0.024833
0.015232;0.000067;0.034410
-0.013498;0.019220;0.024833
-0.003921;0.009644;-0.003898
-0.003921;-0.019087;-0.013474
0.005656;0.009644;-0.023051
-0.003921;0.000067;-0.051782
-0.013498;-0.009510;-0.032628
-0.003921;-0.019087;-0.003898
0.005656;-0.009510;0.005679
-0.003921;0.000067;0.005679
0.015232;0.009644;0.024833
0.005656;-0.009510;0.034410
0.005656;0.009644;0.034410
0.015232;-0.009510;0.015256
-0.003921;0.028797;0.015256
0.005656;0.028797;-0.003898
-0.003921;-0.009510;0.005679
-0.013498;-0.019087;-0.003898
0.015232;-0.009510;-0.013474
0.005656;0.000067;-0.023051
0.015232;0.000067;-0.003898
-0.003921;0.028797;0.005679
-0.003921;0.000067;0.015256
-0.013498;-0.009510;0.015256
0.015232;0.000067;0.053563
-0.003921;0.019220;0.043986
-0.003921;-0.019087;0.005679
-0.003921;0.009644;-0.013474
-0.003921;-0.009510;-0.032628
-0.003921;0.000067;-0.013474
-0.023075;0.000067;-0.023051
-0.013498;-0.009510;-0.003898
-0.003921;-0.009510;0.015256
-0.013498;-0.009510;0.043986
0.005656;-0.009510;0.015256
0.024809;0.009644;-0.003898
0.015232;0.000067;-0.003898
-0.003921;0.000067;0.005679
0.005656;0.000067;-0.023051
-0.003921;0.009644;-0.003898
0.005656;-0.009510;-0.042205
-0.023075;0.000067;-0.013474
0.005656;0.000067;-0.042205
-0.003921;0.000067;0.005679
-0.013498;0.009644;0.034410
-0.003921;0.000067;0.024833
0.015232;0.000067;0.015256
0.034386;0.009644;0.034410
-0.003921;0.000067;0.034410
0.005656;-0.009510;-0.013474
0.005656;-0.019087;-0.003898
0.015232;0.009644;-0.013474
0.005656;-0.009510;-0.042205
-0.003921;-0.019087;-0.032628
-0.003921;-0.019087;-0.023051
-0.003921;-0.009510;0.005679
0.015232;0.009644;-0.013474
0.005656;-0.019087;0.024833
-0.003921;-0.009510;0.034410
-0.003921;0.000067;0.043986
0.005656;0.000067;0.024833
-0.013498;0.019220;-0.013474
-0.013498;0.000067;-0.013474
0.005656;-0.009510;0.005679
-0.013498;-0.009510;-0.042205
-0.003921;0.009644;-0.032628
0.005656;0.000067;-0.003898
0.005656;-0.009510;0.005679
-0.003921;0.009644;-0.003898
0.005656;0.009644;0.015256
0.005656;0.000067;0.034410
-0.003921;0.019220;0.034410
-0.013498;0.019220;0.005679
-0.003921;0.000067;-0.013474
0.005656;0.000067;-0.013474
-0.003921;0.000067;0.015256
0.005656;0.009644;-0.013474
0.005656;0.000067;-0.032628
-0.003921;-0.019087;-0.032628
-0.023075;0.009644;0.005679
-0.013498;0.009644;0.005679
-0.003921;-0.009510;0.043986
-0.013498;0.000067;0.015256
-0.013498;0.009644;0.034410
-0.013498;-0.009510;0.053563
0.005656;0.000067;-0.003898
-0.003921;0.019220;-0.003898
0.024809;0.009644;-0.023051
-0.003921;-0.009510;-0.023051
-0.013498;0.000067;-0.032628
-0.003921;0.019220;-0.023051
0.005656;0.000067;-0.003898
-0.013498;-0.019087;-0.003898
-0.013498;-0.019087;0.034410
0.005656;0.000067;0.043986
-0.003921;0.000067;0.015256
0.005656;0.009644;0.043986
0.005656;0.000067;-0.003898
0.015232;-0.009510;0.015256
-0.003921;0.000067;-0.013474
-0.003921;-0.009510;-0.032628
-0.003921;0.000067;-0.003898
-0.023075;-0.009510;-0.013474
-0.003921;-0.009510;0.005679
-0.003921;0.000067;0.024833
-0.013498;0.009644;-0.003898
-0.013498;0.000067;0.024833
0.005656;0.000067;0.024833
-0.003921;0.009644;0.015256
0.005656;-0.009510;0.024833
-0.003921;0.000067;0.024833
-0.003921;0.000067;-0.042205
-0.003921;0.019220;-0.023051
-0.003921;-0.009510;-0.051782
0.005656;-0.019087;-0.013474
0.005656;-0.009510;0.005679
-0.013498;0.009644;0.024833
-0.013498;0.000067;-0.003898
-0.003921;0.000067;0.043986
-0.013498;0.000067;0.015256
0.005656;-0.019087;0.015256
-0.013498;-0.009510;-0.003898
0.015232;0.000067;0.015256
-0.013498;-0.009510;-0.013474
-0.003921;-0.019087;-0.013474
-0.003921;-0.009510;-0.032628
-0.023075;-0.009510;0.005679
-0.003921;0.000067;0.015256
-0.023075;0.000067;0.005679
-0.003921;0.009644;0.005679
0.005656;0.000067;0.034410
-0.013498;-0.028664;0.043986
-0.013498;0.019220;0.024833
0.015232;0.009644;0.005679
-0.013498;0.000067;-0.013474
0.024809;-0.009510;-0.023051
-0.013498;0.000067;-0.023051
0.005656;-0.009510;0.005679
-0.013498;0.000067;-0.003898
-0.003921;0.019220;-0.003898
-0.003921;0.009644;0.034410
0.005656;-0.009510;0.005679
0.015232;0.000067;0.034410
-0.013498;-0.009510;0.034410
-0.003921;-0.009510;0.015256
-0.003921;0.019220;0.005679
-0.013498;-0.019087;-0.013474
-0.003921;-0.009510;-0.023051
-0.013498;0.000067;-0.023051
-0.023075;0.000067;-0.023051
0.005656;0.000067;-0.003898
0.005656;0.009644;0.034410
0.015232;0.000067;0.043986
0.005656;-0.009510;0.034410
0.005656;0.000067;0.015256
-0.003921;-0.009510;0.034410
-0.023075;0.019220;0.005679
0.005656;-0.009510;0.005679
0.015232;0.019220;0.024833
-0.013498;0.019220;-0.023051
0.005656;-0.009510;-0.023051
0.015232;0.000067;0.024833
-0.013498;-0.009510;0.015256
-0.003921;0.009644;0.005679
0.005656;-0.009510;0.005679
0.005656;0.000067;0.053563
-0.003921;0.009644;-0.003898
0.005656;0.000067;0.015256
-0.003921;0.009644;-0.013474
0.005656;0.009644;-0.023051
-0.013498;-0.009510;-0.042205
-0.013498;-0.009510;-0.013474
-0.013498;-0.009510;-0.003898
-0.023075;0.009644;-0.013474
-0.003921;0.009644;-0.003898
0.005656;0.000067;0.034410
-0.003921;0.000067;0.043986
0.005656;0.000067;0.015256
-0.003921;0.000067;0.015256
-0.003921;-0.019087;0.005679
0.015232;0.009644;-0.023051
-0.003921;-0.009510;-0.013474
-0.003921;0.019220;-0.013474
0.015232;0.019220;-0.003898
0.005656;0.009644;-0.013474
-0.003921;-0.019087;-0.003898
0.015232;0.009644;-0.003898
0.015232;0.000067;0.005679
0.005656;0.000067;0.015256
-0.013498;-0.019087;0.015256
-0.013498;0.000067;0.005679
0.005656;0.019220;0.015256
0.005656;-0.009510;0.005679
-0.003921;0.019220;-0.023051
-0.003921;-0.009510;-0.023051
0.005656;0.028797;-0.023051
-0.023075;-0.009510;-0.023051
-0.013498;0.000067;-0.003898
-0.023075;0.000067;-0.013474
0.005656;0.000067;0.005679
-0.003921;0.000067;0.043986
-0.003921;-0.009510;0.015256
-0.013498;-0.009510;-0.013474
-0.023075;0.019220;0.005679
-0.003921;-0.019087;-0.023051
0.005656;-0.019087;-0.013474
-0.013498;0.000067;-0.023051
-0.003921;-0.019087;-0.032628
0.034386;-0.019087;-0.003898
-0.003921;0.000067;-0.003898
-0.013498;0.000067;-0.003898
-0.013498;-0.009510;0.024833
-0.013498;-0.009510;0.043986
-0.003921;-0.019087;0.015256
0.005656;0.009644;0.024833
0.024809;0.009644;0.015256
-0.032652;0.028797;-0.013474
0.005656;-0.009510;-0.013474
0.005656;0.009644;-0.023051
-0.003921;-0.009510;-0.032628
-0.003921;0.000067;-0.003898
0.005656;0.009644;0.005679
0.005656;-0.009510;-0.003898
0.024809;0.000067;0.034410
0.005656;0.019220;0.024833
0.024809;-0.009510;0.015256
-0.003921;-0.019087;0.005679
0.005656;0.009644;0.015256
-0.003921;0.000067;-0.003898
0.005656;-0.028664;-0.013474
0.005656;-0.009510;-0.003898
-0.013498;-0.019087;-0.023051
0.005656;-0.009510;0.015256
-0.032652;-0.009510;-0.003898
-0.023075;-0.009510;0.043986
-0.013498;0.009644;0.024833
-0.003921;0.000067;0.034410
-0.013498;0.019220;0.024833
0.005656;0.019220;0.024833
0.015232;-0.028664;0.024833
-0.013498;0.009644;-0.013474
0.005656;0.000067;-0.013474
-0.003921;0.000067;-0.013474
0.005656;0.028797;-0.013474
0.005656;0.019220;-0.032628
-0.003921;-0.019087;0.015256
0.005656;-0.028664;0.005679
-0.003921;-0.009510;0.034410
0.005656;0.000067;0.015256
0.005656;0.000067;0.043986
-0.023075;0.000067;0.024833
0.015232;0.000067;0.034410
0.005656;0.009644;-0.013474
-0.013498;0.000067;-0.013474
0.015232;0.019220;-0.032628
0.005656;0.009644;-0.013474
0.005656;-0.009510;0.005679
0.005656;-0.019087;0.005679
-0.003921;-0.009510;0.005679
0.005656;0.009644;0.015256
0.005656;0.000067;0.043986
-0.003921;0.000067;0.015256
-0.003921;-0.009510;0.034410
-0.003921;0.019220;0.005679
-0.003921;-0.009510;-0.003898
-0.023075;0.000067;-0.013474
-0.003921;0.000067;-0.023051
0.005656;0.000067;-0.032628
0.005656;0.009644;-0.032628
0.005656;-0.019087;-0.023051
-0.013498;-0.009510;0.005679
-0.013498;-0.009510;0.043986
0.005656;0.000067;0.024833
0.005656;0.000067;0.034410
-0.003921;-0.038240;0.034410
-0.003921;-0.009510;0.005679
-0.003921;0.000067;-0.003898
-0.003921;-0.009510;-0.023051
0.005656;0.009644;-0.013474
0.005656;0.000067;-0.051782
-0.003921;0.000067;-0.003898
-0.003921;0.000067;0.005679
0.005656;0.009644;0.024833
-0.003921;0.009644;0.005679
-0.003921;0.009644;0.043986
-0.013498;0.000067;0.024833
0.005656;-0.009510;0.005679
-0.003921;0.019220;0.005679
-0.003921;0.009644;-0.023051
-0.013498;-0.009510;-0.023051
0.015232;0.009644;-0.042205
0.015232;-0.019087;-0.032628
0.005656;0.000067;-0.003898
0.005656;-0.009510;-0.003898
-0.023075;-0.019087;0.015256
0.015232;0.019220;0.024833
-0.003921;0.019220;0.015256
0.005656;0.009644;0.043986
0.024809;0.000067;0.015256
0.005656;-0.009510;-0.003898
-0.003921;-0.009510;-0.042205
-0.013498;0.000067;-0.090089
-0.032652;0.009644;-0.051782