0.450110;0.124498;10.409.989
0.411803;0.124498;10.467.450
0.402226;0.105345;10.505.757
0.402226;0.114922;10.218.452
0.373495;0.134075;10.007.763
0.373495;0.134075;9.787.497
0.363919;0.124498;9.500.193
0.325611;0.124498;9.366.117
0.430956;0.095768;9.509.769
0.421380;0.114922;9.528.923
0.344765;0.095768;9.873.688
0.363919;0.124498;10.141.838
0.354342;0.114922;10.275.913
0.363919;0.134075;10.467.450
0.392649;0.114922;10.390.836
0.373495;0.124498;10.323.798
0.363919;0.124498;10.007.763
0.363919;0.114922;9.825.804
0.383072;0.105345;9.643.845
0.335188;0.095768;9.634.268
0.383072;0.124498;9.624.691
0.411803;0.114922;9.682.152
0.411803;0.095768;9.787.497
0.402226;0.124498;10.093.954
0.392649;0.114922;10.228.029
0.402226;0.124498;10.237.606
0.383072;0.105345;10.285.490
0.354342;0.105345;10.132.261
0.363919;0.143652;10.046.070
0.373495;0.114922;9.864.111
0.402226;0.114922;9.758.766
0.373495;0.114922;9.672.575
0.354342;0.143652;9.710.882
0.354342;0.134075;9.701.305
0.325611;0.124498;9.911.995
0.354342;0.134075;10.026.917
0.373495;0.143652;10.170.568
0.430956;0.162806;10.295.067
0.383072;0.124498;10.247.183
0.363919;0.124498;10.132.261
0.411803;0.114922;10.017.340
0.402226;0.124498;9.902.418
0.383072;0.114922;9.758.766
0.363919;0.105345;9.730.036
0.344765;0.114922;9.701.305
0.392649;0.124498;9.787.497
0.392649;0.134075;10.026.917
0.402226;0.114922;10.132.261
0.421380;0.105345;10.228.029
0.354342;0.124498;10.151.415
0.354342;0.124498;10.074.800
0.363919;0.095768;9.959.879
0.373495;0.134075;9.806.650
0.373495;0.114922;9.720.459
0.402226;0.124498;9.825.804
0.373495;0.114922;9.931.149
0.402226;0.134075;10.055.647
0.411803;0.134075;10.132.261
0.383072;0.114922;10.160.992
0.392649;0.134075;10.103.531
0.402226;0.143652;9.940.725
0.392649;0.143652;9.873.688
0.383072;0.114922;9.825.804
0.392649;0.105345;9.844.957
0.363919;0.105345;9.883.265
0.335188;0.124498;9.911.995
0.392649;0.105345;9.988.609
0.354342;0.124498;9.969.456
0.363919;0.105345;10.055.647
0.402226;0.124498;10.084.377
0.402226;0.134075;10.065.224
0.392649;0.134075;10.074.800
0.411803;0.134075;10.093.954
0.373495;0.105345;9.940.725
0.402226;0.095768;9.873.688
0.392649;0.105345;9.864.111
0.373495;0.124498;9.777.920
0.402226;0.105345;9.835.381
0.383072;0.124498;9.844.957
0.411803;0.114922;9.959.879
0.392649;0.124498;10.026.917
0.392649;0.114922;10.093.954
0.430956;0.095768;10.141.838
0.363919;0.134075;10.132.261
0.363919;0.124498;10.113.108
0.344765;0.105345;10.036.493
0.363919;0.095768;9.883.265
0.344765;0.134075;9.787.497
0.354342;0.105345;9.768.343
0.383072;0.134075;9.825.804
0.383072;0.114922;9.825.804
0.421380;0.143652;9.950.302
0.383072;0.114922;10.074.800
0.383072;0.134075;10.103.531
0.363919;0.114922;10.084.377
0.363919;0.114922;10.074.800
0.383072;0.124498;10.046.070
0.392649;0.114922;9.998.186
0.411803;0.143652;9.940.725
0.383072;0.114922;9.931.149
0.392649;0.134075;9.911.995
0.373495;0.114922;9.892.841
0.363919;0.114922;9.864.111
0.363919;0.114922;9.911.995
0.402226;0.124498;9.940.725
0.363919;0.153229;10.046.070
0.383072;0.124498;10.074.800
0.383072;0.114922;10.084.377
0.392649;0.114922;10.074.800
0.354342;0.143652;9.998.186
0.402226;0.105345;9.931.149
0.402226;0.114922;9.921.572
0.363919;0.095768;9.844.957
0.344765;0.086191;9.844.957
0.411803;0.114922;9.883.265
0.373495;0.105345;9.940.725
0.392649;0.124498;10.065.224
0.402226;0.124498;10.084.377
0.383072;0.114922;10.046.070
0.373495;0.124498;10.017.340
0.373495;0.124498;9.959.879
0.354342;0.105345;9.921.572
0.363919;0.105345;9.892.841
0.373495;0.105345;9.902.418
0.354342;0.114922;9.969.456
0.373495;0.134075;9.988.609
0.392649;0.114922;10.017.340
0.373495;0.134075;9.998.186
0.354342;0.114922;9.969.456
0.354342;0.134075;9.931.149
0.373495;0.124498;9.892.841
0.383072;0.114922;9.911.995
0.402226;0.114922;9.950.302
0.392649;0.134075;9.998.186
0.402226;0.114922;9.979.033
0.402226;0.105345;10.026.917
0.373495;0.105345;9.988.609
0.383072;0.124498;10.017.340
0.354342;0.134075;9.969.456
0.344765;0.095768;9.911.995
0.363919;0.134075;9.950.302
0.383072;0.105345;9.979.033
0.383072;0.124498;9.950.302
0.373495;0.114922;9.959.879
0.383072;0.114922;9.998.186
0.354342;0.105345;10.007.763
0.354342;0.114922;9.979.033
0.402226;0.134075;9.979.033
0.363919;0.114922;9.940.725
0.344765;0.086191;9.902.418
0.383072;0.114922;9.931.149
0.421380;0.124498;9.950.302
0.411803;0.105345;9.988.609
0.392649;0.114922;9.969.456
0.421380;0.143652;10.093.954
0.392649;0.134075;10.084.377
0.383072;0.124498;9.979.033
0.363919;0.153229;9.988.609
0.363919;0.114922;9.892.841
0.344765;0.086191;9.844.957
0.383072;0.114922;9.854.534
0.411803;0.124498;9.921.572
0.373495;0.134075;9.940.725
0.402226;0.105345;10.046.070
0.392649;0.124498;10.170.568
0.383072;0.114922;10.122.684
0.383072;0.124498;10.103.531
0.363919;0.134075;9.892.841
0.354342;0.134075;9.825.804
0.363919;0.105345;9.787.497
0.363919;0.124498;9.825.804
0.402226;0.124498;9.854.534
0.440533;0.143652;9.969.456
0.392649;0.134075;10.113.108
0.402226;0.134075;10.160.992
0.392649;0.095768;10.170.568
0.402226;0.124498;10.074.800
0.392649;0.134075;9.959.879
0.354342;0.114922;9.864.111
0.344765;0.124498;9.797.073
0.354342;0.124498;9.768.343
0.421380;0.143652;9.921.572
0.383072;0.134075;9.902.418
0.392649;0.124498;10.007.763
0.411803;0.105345;10.046.070
0.373495;0.124498;10.074.800
0.335188;0.124498;10.055.647
0.373495;0.114922;10.007.763
0.344765;0.134075;9.969.456
0.363919;0.114922;9.921.572
0.402226;0.124498;9.892.841
0.411803;0.134075;9.825.804
0.411803;0.134075;9.911.995
0.392649;0.105345;9.911.995
0.402226;0.124498;9.979.033
0.383072;0.105345;9.998.186
0.402226;0.114922;10.046.070
0.383072;0.134075;10.036.493
0.373495;0.114922;10.026.917
0.402226;0.114922;10.026.917
0.402226;0.114922;9.959.879
0.354342;0.124498;9.921.572
0.363919;0.134075;9.892.841
0.392649;0.124498;9.911.995
0.383072;0.114922;9.979.033
0.383072;0.124498;10.007.763
0.383072;0.114922;10.026.917
0.392649;0.114922;10.026.917
0.402226;0.124498;9.988.609
0.383072;0.114922;9.931.149
0.392649;0.134075;9.892.841
0.421380;0.105345;9.902.418
0.383072;0.134075;9.931.149
0.392649;0.114922;9.998.186
0.411803;0.124498;10.017.340
0.402226;0.114922;10.046.070
0.392649;0.124498;10.074.800
0.373495;0.134075;10.026.917
0.411803;0.114922;9.931.149
0.392649;0.134075;9.931.149
0.373495;0.105345;9.892.841
0.373495;0.134075;9.883.265
0.383072;0.153229;9.931.149
0.411803;0.114922;9.969.456
0.363919;0.114922;10.046.070
0.402226;0.114922;10.065.224
0.402226;0.124498;10.065.224
0.402226;0.124498;10.046.070
0.383072;0.105345;9.959.879
0.383072;0.134075;9.940.725
0.383072;0.114922;9.892.841
0.411803;0.114922;9.940.725
0.363919;0.124498;9.864.111
0.421380;0.124498;9.931.149
0.421380;0.114922;9.940.725
0.392649;0.105345;9.988.609
0.392649;0.124498;10.036.493
0.383072;0.105345;10.065.224
0.373495;0.114922;10.036.493
0.344765;0.114922;9.959.879
0.354342;0.134075;9.969.456
0.363919;0.134075;9.950.302
0.383072;0.134075;9.902.418
0.363919;0.095768;9.902.418
0.392649;0.105345;9.979.033
0.411803;0.124498;9.969.456
0.411803;0.114922;9.988.609
0.383072;0.124498;9.979.033
0.373495;0.114922;9.950.302
0.383072;0.114922;9.988.609
0.402226;0.114922;9.998.186
0.402226;0.114922;9.998.186
0.383072;0.143652;9.988.609
0.383072;0.095768;9.988.609
0.392649;0.105345;9.959.879
0.402226;0.134075;9.959.879
0.392649;0.134075;9.969.456
0.402226;0.114922;9.979.033
0.373495;0.143652;10.017.340
0.363919;0.124498;9.931.149
0.373495;0.114922;9.950.302
0.373495;0.124498;9.959.879
0.383072;0.124498;9.950.302
0.383072;0.114922;9.940.725
0.411803;0.134075;10.017.340
0.363919;0.124498;10.007.763
0.392649;0.095768;10.007.763
0.402226;0.143652;9.940.725
0.402226;0.143652;9.940.725
0.383072;0.124498;9.969.456
0.392649;0.134075;9.969.456
0.392649;0.114922;9.940.725
0.392649;0.124498;9.950.302
0.392649;0.105345;9.969.456
0.392649;0.134075;9.950.302
0.402226;0.114922;9.988.609
0.383072;0.114922;9.988.609
0.363919;0.105345;9.998.186
0.363919;0.114922;10.007.763
0.354342;0.134075;9.969.456
0.402226;0.114922;9.959.879
0.373495;0.124498;9.959.879
0.363919;0.124498;9.902.418
0.392649;0.114922;9.921.572
0.383072;0.134075;9.940.725
0.373495;0.124498;9.969.456
0.363919;0.124498;10.046.070
0.411803;0.124498;10.074.800
0.421380;0.143652;10.046.070
0.373495;0.124498;9.998.186
0.354342;0.105345;9.940.725
0.373495;0.124498;9.931.149
0.402226;0.124498;9.911.995
0.402226;0.105345;9.959.879
0.392649;0.105345;9.940.725
0.383072;0.124498;9.950.302
0.373495;0.124498;9.921.572
0.373495;0.124498;9.950.302
0.354342;0.124498;9.969.456
0.392649;0.114922;10.046.070
0.373495;0.134075;10.065.224
0.383072;0.124498;10.026.917
0.411803;0.124498;9.988.609
0.383072;0.124498;9.959.879
0.383072;0.124498;9.892.841
0.373495;0.124498;9.892.841
0.373495;0.105345;9.902.418
0.383072;0.105345;9.921.572
0.383072;0.143652;9.969.456
0.421380;0.124498;10.074.800
0.383072;0.114922;10.055.647
0.392649;0.143652;10.036.493
0.373495;0.124498;9.979.033
0.383072;0.134075;9.921.572
0.392649;0.134075;9.883.265
0.392649;0.134075;9.883.265
0.392649;0.124498;9.892.841
0.363919;0.124498;9.883.265
0.363919;0.105345;9.911.995
0.383072;0.114922;10.007.763
0.373495;0.114922;10.007.763
0.383072;0.124498;10.055.647
0.363919;0.124498;10.084.377
0.402226;0.114922;10.065.224
0.392649;0.105345;10.007.763
0.411803;0.114922;9.959.879
0.363919;0.095768;9.854.534
0.373495;0.124498;9.854.534
0.383072;0.114922;9.835.381
0.392649;0.143652;9.892.841
0.392649;0.105345;9.931.149
0.392649;0.114922;10.007.763
0.402226;0.134075;10.093.954
0.383072;0.134075;10.113.108
0.363919;0.143652;10.084.377
0.373495;0.105345;10.055.647
0.373495;0.124498;9.959.879
0.344765;0.134075;9.892.841
0.354342;0.114922;9.844.957
0.392649;0.114922;9.844.957
0.383072;0.114922;9.864.111
0.383072;0.114922;9.892.841
0.392649;0.134075;9.959.879
0.392649;0.124498;10.074.800
0.392649;0.124498;10.065.224
0.363919;0.105345;10.046.070
0.373495;0.143652;10.036.493
0.354342;0.124498;10.007.763
0.383072;0.114922;9.950.302
0.411803;0.143652;10.017.340
0.402226;0.124498;9.959.879
0.383072;0.105345;9.921.572
0.402226;0.124498;9.892.841
0.373495;0.134075;9.873.688
0.383072;0.114922;9.854.534
0.344765;0.134075;9.883.265
0.344765;0.124498;9.988.609
0.363919;0.124498;10.065.224
0.392649;0.124498;10.132.261
0.392649;0.162806;10.170.568
0.373495;0.105345;10.132.261
0.383072;0.134075;10.093.954
0.383072;0.114922;10.007.763
0.363919;0.134075;9.825.804
0.402226;0.124498;9.816.227
0.383072;0.114922;9.720.459
0.392649;0.134075;9.844.957
0.392649;0.134075;9.969.456
0.383072;0.124498;10.026.917
0.402226;0.114922;10.084.377
0.373495;0.105345;10.160.992
0.383072;0.114922;10.189.722
0.383072;0.105345;10.113.108
0.392649;0.124498;9.998.186
0.392649;0.124498;9.921.572
0.392649;0.114922;9.873.688
0.363919;0.134075;9.787.497
0.383072;0.124498;9.720.459
0.354342;0.134075;9.758.766
0.363919;0.143652;9.816.227
0.363919;0.114922;10.036.493
0.354342;0.114922;10.084.377
0.411803;0.114922;10.256.760
0.392649;0.134075;10.256.760
0.373495;0.124498;10.132.261
0.373495;0.134075;10.036.493
0.392649;0.095768;9.988.609
0.363919;0.114922;9.720.459
0.373495;0.105345;9.739.613
0.383072;0.124498;9.758.766
0.402226;0.114922;9.911.995
0.411803;0.143652;9.988.609
0.383072;0.114922;10.065.224
0.363919;0.124498;10.160.992
0.354342;0.114922;10.122.684
0.344765;0.134075;10.093.954
0.373495;0.105345;9.988.609
0.373495;0.114922;9.883.265
0.383072;0.105345;9.844.957
0.373495;0.114922;9.844.957
0.383072;0.095768;9.921.572
0.363919;0.114922;9.959.879
0.383072;0.095768;10.026.917
0.392649;0.114922;10.065.224
0.411803;0.143652;10.074.800
0.363919;0.105345;9.998.186
0.344765;0.105345;9.959.879
0.402226;0.114922;9.921.572
0.363919;0.105345;9.911.995
0.373495;0.124498;9.864.111
0.373495;0.114922;9.892.841
0.402226;0.124498;9.921.572
0.392649;0.095768;9.940.725
0.411803;0.124498;9.969.456
0.392649;0.124498;10.065.224
0.363919;0.105345;10.046.070
0.373495;0.134075;10.046.070
0.373495;0.134075;10.017.340
0.344765;0.134075;9.969.456
0.344765;0.124498;9.940.725
0.402226;0.134075;9.940.725
0.411803;0.134075;9.969.456
0.402226;0.124498;9.921.572
0.402226;0.105345;9.950.302
0.383072;0.114922;9.979.033
0.392649;0.114922;9.940.725
0.392649;0.114922;9.931.149
0.373495;0.105345;9.940.725
0.373495;0.114922;9.998.186
0.383072;0.114922;9.969.456
0.402226;0.105345;9.988.609
0.363919;0.114922;10.007.763
0.383072;0.124498;10.074.800
0.411803;0.114922;10.036.493
0.354342;0.134075;9.921.572
0.373495;0.134075;9.921.572
0.383072;0.114922;9.931.149
0.344765;0.124498;9.854.534
0.363919;0.134075;9.854.534
0.392649;0.143652;9.979.033
0.402226;0.134075;9.979.033
0.402226;0.134075;10.074.800
0.383072;0.114922;10.103.531
0.373495;0.105345;10.113.108
0.402226;0.124498;10.046.070
0.402226;0.124498;9.969.456
0.392649;0.124498;9.940.725
0.383072;0.114922;9.883.265
0.373495;0.143652;9.854.534
0.392649;0.114922;9.835.381
0.383072;0.134075;9.911.995
0.354342;0.105345;9.940.725
0.383072;0.134075;10.026.917
0.402226;0.124498;10.065.224
0.363919;0.124498;10.074.800
0.373495;0.114922;10.065.224
0.383072;0.114922;9.988.609
0.392649;0.105345;9.950.302
0.383072;0.105345;9.902.418
0.363919;0.124498;9.883.265
0.392649;0.095768;9.816.227
0.392649;0.143652;9.787.497
0.363919;0.114922;9.835.381
0.383072;0.134075;10.036.493
0.421380;0.124498;10.103.531
0.411803;0.114922;10.103.531
0.383072;0.124498;10.122.684
0.383072;0.134075;10.132.261
0.383072;0.114922;10.055.647
0.392649;0.114922;9.979.033
0.402226;0.134075;9.950.302
0.402226;0.114922;9.969.456
0.411803;0.143652;10.036.493
0.411803;0.124498;10.084.377
0.316035;0.105345;10.448.297
0.229843;0.124498;10.793.061
0.421380;0.134075;11.329.363
0.392649;0.143652;12.038.046
0.488417;0.153229;12.066.776
0.651223;0.134075;11.626.244
0.699107;0.086191;9.069.236
0.287304;0.153229;7.220.912
-0.469264;0.105345;5.228.937
-0.526724;-0.009577;3.916.914
0.622492;0.124498;6.770.802
0.909797;0.143652;8.858.546
0.565032;0.153229;10.457.873
-0.019154;0.105345;13.215.993
-0.019154;0.105345;13.551.182
0.545878;0.114922;14.556.746
0.632069;0.153229;13.579.912
0.459687;0.105345;12.047.623
0.248997;0.124498;9.509.769
0.296881;0.047884;7.527.370
0.009577;0.086191;5.248.090
0.019154;0.057461;5.631.162
0.287304;0.114922;6.320.693
0.641646;0.124498;8.858.546
0.268151;0.153229;10.764.331
-0.086191;0.086191;12.248.735
0.038307;0.105345;13.685.257
0.900220;0.162806;14.748.282
0.746991;0.143652;14.192.827
0.105345;0.105345;10.639.832
0.162806;0.067038;8.513.782
0.248997;0.105345;6.560.112
0.248997;0.086191;5.726.931
0.191536;0.076614;5.870.583
0.335188;0.067038;6.617.573
0.469264;0.086191;7.891.289
0.363919;0.134075;9.662.998
0.143652;0.095768;13.177.686
0.440533;0.124498;14.298.173
0.746991;0.143652;14.968.549
0.373495;0.134075;13.235.147
0.153229;0.095768;11.693.281
0.181959;0.105345;9.567.230
0.306458;0.086191;7.852.982
0.172383;0.086191;5.544.971
0.162806;0.076614;5.544.971
0.239420;0.067038;5.803.545
0.287304;0.114922;8.475.474
0.191536;0.105345;10.342.952
0.268151;0.114922;12.306.197
0.670376;0.143652;14.834.474
0.612916;0.124498;14.729.129
0.402226;0.143652;13.962.984
0.248997;0.105345;12.545.617
0.316035;0.086191;9.050.082
0.277727;0.095768;7.230.489
0.239420;0.076614;6.129.156
0.191536;0.076614;5.439.626
0.210690;0.114922;6.177.041
0.191536;0.095768;7.402.872
0.306458;0.124498;11.224.017
0.488417;0.134075;13.053.187
0.584185;0.134075;14.336.480
0.517148;0.134075;14.748.282
0.296881;0.134075;13.311.762
0.316035;0.124498;11.856.087
0.344765;0.095768;10.132.261
0.239420;0.086191;6.885.724
0.201113;0.086191;5.688.623
0.239420;0.076614;5.305.551
0.172383;0.095768;5.564.125
0.172383;0.124498;8.293.514
0.517148;0.095768;12.105.083
0.603339;0.153229;13.627.796
0.526724;0.124498;14.585.477
0.373495;0.143652;14.671.668
0.287304;0.143652;13.972.561
0.411803;0.114922;11.176.133
0.373495;0.076614;9.442.732
0.258574;0.105345;7.718.906
0.172383;0.095768;6.291.962
0.181959;0.076614;5.200.206
0.153229;0.067038;5.928.043
0.143652;0.076614;7.259.220
0.450110;0.105345;11.070.788
0.584185;0.124498;12.756.307
0.545878;0.143652;14.068.329
0.277727;0.134075;14.422.671
0.335188;0.134075;13.579.912
0.421380;0.134075;12.220.005
0.421380;0.105345;10.563.218
0.229843;0.076614;7.096.414
0.181959;0.086191;5.822.699
0.134075;0.076614;5.190.629
0.124498;0.095768;6.426.037
0.220267;0.076614;8.054.094
0.402226;0.114922;9.921.572
0.526724;0.114922;11.836.933
0.430956;0.153229;14.259.866
0.325611;0.124498;14.595.054
0.354342;0.114922;14.077.906
0.440533;0.095768;11.607.090
0.354342;0.086191;9.787.497
0.248997;0.095768;8.063.671
0.181959;0.076614;5.458.780
0.143652;0.076614;5.209.783
0.114922;0.067038;5.765.238
0.162806;0.086191;7.077.260
0.488417;0.124498;10.716.447
0.545878;0.134075;12.440.272
0.459687;0.124498;13.752.295
0.344765;0.143652;14.441.825
0.430956;0.134075;13.771.448
0.478840;0.114922;12.536.040
0.268151;0.086191;9.059.659
0.210690;0.067038;7.335.834
0.181959;0.076614;6.014.235
0.162806;0.086191;5.267.244
0.105345;0.076614;6.263.232
0.201113;0.067038;7.757.214
0.392649;0.114922;9.576.807
0.497994;0.124498;13.034.034
0.392649;0.153229;14.106.636
0.344765;0.162806;14.556.746
0.392649;0.134075;14.269.443
0.450110;0.114922;11.856.087
0.344765;0.114922;10.122.684
0.239420;0.076614;8.341.399
0.191536;0.057461;5.602.432
0.162806;0.067038;5.248.090
0.114922;0.067038;5.679.047
0.268151;0.076614;8.456.321
0.440533;0.105345;10.304.645
0.497994;0.124498;12.152.967
0.440533;0.153229;13.493.721
0.344765;0.143652;14.508.862
0.421380;0.134075;13.953.407
0.450110;0.105345;12.775.460
0.277727;0.076614;9.385.271
0.229843;0.086191;7.642.292
0.210690;0.067038;6.244.078
0.172383;0.057461;5.391.742
0.095768;0.076614;6.062.119
0.201113;0.086191;7.431.602
0.354342;0.095768;9.232.041
0.507571;0.134075;12.727.576
0.430956;0.143652;13.982.138
0.383072;0.134075;14.508.862
0.459687;0.143652;13.512.875
0.440533;0.124498;12.143.391
0.363919;0.105345;10.457.873
0.287304;0.095768;8.638.280
0.191536;0.067038;5.784.391
0.162806;0.086191;5.295.974
0.086191;0.076614;5.564.125
0.229843;0.114922;8.140.285
0.383072;0.114922;9.969.456
0.488417;0.095768;11.789.049
0.373495;0.134075;14.240.712
0.383072;0.114922;14.499.286
0.411803;0.134075;14.049.175
0.402226;0.086191;11.444.284
0.316035;0.105345;9.701.305
0.239420;0.086191;7.958.326
0.229843;0.086191;6.502.652
0.143652;0.067038;5.315.128
0.134075;0.067038;5.937.620
0.172383;0.076614;7.182.605
0.296881;0.086191;8.848.969
0.517148;0.124498;12.459.426
0.430956;0.124498;13.761.871
0.383072;0.124498;14.432.248
0.421380;0.153229;13.666.103
0.430956;0.124498;12.392.388
0.363919;0.114922;10.793.061
0.201113;0.076614;6.033.388
0.172383;0.067038;5.372.589
0.114922;0.076614;5.477.933
0.220267;0.086191;7.843.405
0.373495;0.114922;9.643.845
0.497994;0.105345;11.473.015
0.421380;0.153229;14.116.213
0.383072;0.143652;14.499.286
0.430956;0.114922;11.769.896
0.354342;0.114922;10.017.340
0.248997;0.095768;8.312.668
0.220267;0.086191;6.742.072
0.153229;0.076614;5.305.551
0.095768;0.105345;5.755.661
0.268151;0.076614;8.571.242
0.430956;0.105345;10.409.989
0.497994;0.124498;12.172.121
0.450110;0.105345;13.570.335
0.402226;0.162806;14.374.787
0.421380;0.124498;13.819.332
0.459687;0.134075;12.641.385
0.392649;0.114922;11.070.788
0.220267;0.076614;7.603.985
0.220267;0.076614;6.224.925
0.201113;0.076614;5.439.626
0.124498;0.057461;6.186.617
0.201113;0.057461;7.556.100
0.335188;0.095768;9.327.810
0.469264;0.095768;11.147.403
0.421380;0.153229;13.962.984
0.383072;0.124498;14.470.555
0.373495;0.143652;14.259.866
0.430956;0.105345;12.018.892
0.344765;0.124498;10.323.798
0.268151;0.076614;8.599.973
0.201113;0.076614;5.851.429
0.162806;0.095768;5.372.589
0.105345;0.067038;5.707.777
0.114922;0.076614;6.684.611
0.411803;0.095768;10.093.954
0.497994;0.114922;11.856.087
0.450110;0.124498;13.311.762
0.354342;0.134075;14.441.825
0.421380;0.114922;13.982.138
0.440533;0.105345;12.871.228
0.411803;0.105345;11.386.824
0.248997;0.086191;7.929.596
0.239420;0.076614;6.473.921
0.210690;0.057461;5.554.548
0.105345;0.076614;6.052.542
0.162806;0.067038;7.316.680
0.316035;0.076614;9.002.198
0.478840;0.124498;12.507.310
0.450110;0.124498;13.752.295
0.373495;0.143652;14.413.095
0.373495;0.124498;14.336.480
0.411803;0.095768;12.287.044
0.383072;0.095768;10.658.986
0.258574;0.076614;8.887.277
0.210690;0.086191;6.042.965
0.172383;0.067038;5.410.896
0.124498;0.067038;6.502.652
0.201113;0.086191;7.967.903
0.383072;0.095768;9.739.613
0.478840;0.105345;11.540.052
0.478840;0.105345;13.053.187
0.373495;0.134075;14.451.402
0.402226;0.134075;14.097.059
0.440533;0.153229;13.091.495
0.335188;0.105345;9.969.456
0.268151;0.105345;8.216.900
0.229843;0.086191;6.722.919
0.210690;0.095768;5.717.354
0.134075;0.086191;5.918.467
0.162806;0.086191;7.058.106
0.277727;0.076614;8.667.010
0.469264;0.134075;12.172.121
0.421380;0.162806;13.532.028
0.392649;0.124498;14.307.750
0.411803;0.153229;13.704.411
0.430956;0.143652;12.516.887
0.402226;0.114922;10.955.867
0.306458;0.095768;9.251.195
0.220267;0.067038;6.253.655
0.201113;0.076614;5.516.241
0.153229;0.076614;5.525.817
0.201113;0.086191;7.709.330
0.325611;0.095768;9.414.001
0.507571;0.105345;11.195.287
0.459687;0.124498;12.804.191
0.373495;0.124498;14.393.941
0.402226;0.134075;14.144.943
0.402226;0.114922;11.913.548
0.354342;0.086191;10.256.760
0.258574;0.095768;8.504.205
0.229843;0.086191;7.010.222
0.172383;0.086191;5.449.203
0.114922;0.076614;5.755.661
0.143652;0.086191;6.828.263
0.239420;0.067038;8.379.706
0.478840;0.105345;11.923.124
0.450110;0.143652;13.340.492
0.383072;0.134075;14.192.827
0.421380;0.114922;13.857.639
0.450110;0.134075;12.775.460
0.392649;0.114922;11.281.479
0.258574;0.076614;7.833.828
0.210690;0.086191;6.464.345
0.201113;0.057461;5.592.855
0.143652;0.095768;5.516.241
0.172383;0.057461;7.412.448
0.306458;0.105345;9.078.813
0.430956;0.114922;10.898.406
0.421380;0.114922;13.742.718
0.363919;0.134075;14.355.634
0.383072;0.143652;14.259.866
0.421380;0.114922;13.493.721
0.344765;0.105345;10.544.065
0.287304;0.086191;8.820.239
0.191536;0.076614;6.062.119
0.172383;0.067038;5.497.087
0.143652;0.057461;5.669.470
0.153229;0.076614;6.617.573
0.383072;0.105345;9.835.381
0.459687;0.124498;11.578.360
0.469264;0.124498;13.081.918
0.392649;0.134075;14.097.059
0.402226;0.124498;14.010.868
0.440533;0.134075;12.986.150
0.392649;0.134075;11.540.052
0.258574;0.086191;8.178.593
0.229843;0.067038;6.684.611
0.191536;0.086191;5.736.507
0.124498;0.086191;5.995.081
0.162806;0.086191;7.182.605
0.287304;0.076614;8.791.509
0.411803;0.105345;10.553.641
0.430956;0.124498;13.522.451
0.383072;0.143652;14.259.866
0.373495;0.143652;14.307.750
0.411803;0.124498;12.440.272
0.373495;0.134075;10.860.099
0.277727;0.095768;9.155.427
0.248997;0.076614;6.272.809
0.191536;0.067038;5.525.817
0.143652;0.086191;5.621.585
0.210690;0.086191;7.795.521
0.363919;0.105345;9.548.077
0.440533;0.095768;11.262.324
0.402226;0.134075;13.895.947
0.383072;0.114922;14.355.634
0.383072;0.114922;14.097.059
0.421380;0.124498;13.206.416
0.402226;0.105345;11.817.780
0.258574;0.095768;8.456.321
0.220267;0.095768;6.943.185
0.201113;0.076614;5.880.159
0.124498;0.076614;5.899.313
0.172383;0.086191;6.971.915
0.277727;0.095768;8.485.051
0.402226;0.095768;10.228.029
0.430956;0.134075;13.311.762
0.402226;0.143652;14.164.097
0.392649;0.162806;14.317.327
0.440533;0.124498;12.689.269
0.392649;0.114922;11.156.980
0.287304;0.086191;9.452.309
0.220267;0.105345;6.445.191
0.191536;0.095768;5.669.470
0.153229;0.076614;5.583.278
0.124498;0.076614;6.282.385
0.325611;0.095768;9.203.311
0.450110;0.105345;10.936.713
0.459687;0.143652;12.545.617
0.363919;0.124498;14.288.596
0.392649;0.124498;14.164.097
0.421380;0.124498;13.369.223
0.354342;0.105345;10.457.873
0.258574;0.105345;8.772.355
0.201113;0.086191;7.220.912
0.201113;0.057461;6.071.695
0.124498;0.076614;5.765.238
0.153229;0.067038;6.742.072
0.258574;0.076614;8.197.746
0.459687;0.114922;11.607.090
0.440533;0.124498;13.062.764
0.392649;0.143652;14.049.175
0.392649;0.105345;14.317.327
0.440533;0.105345;12.899.959
0.402226;0.095768;11.444.284
0.220267;0.086191;6.703.765
0.210690;0.067038;5.765.238
0.153229;0.086191;5.592.855
0.181959;0.114922;7.287.950
0.306458;0.086191;8.887.277
0.421380;0.105345;10.630.256
0.469264;0.095768;12.248.735
0.363919;0.134075;14.221.559
0.392649;0.162806;14.211.981
0.430956;0.134075;13.551.182
0.363919;0.124498;10.793.061
0.287304;0.095768;9.078.813
0.239420;0.076614;7.498.640
0.172383;0.067038;5.640.739
0.143652;0.095768;5.726.931
0.258574;0.076614;7.929.596
0.469264;0.114922;11.338.940
0.459687;0.124498;12.813.767
0.411803;0.114922;13.867.216
0.402226;0.124498;14.001.291
0.440533;0.105345;13.101.071
0.411803;0.086191;11.731.588
0.335188;0.086191;10.074.800
0.201113;0.086191;6.914.454
0.191536;0.076614;5.918.467
0.162806;0.076614;5.583.278
0.181959;0.076614;7.058.106
0.287304;0.086191;8.580.819
0.392649;0.105345;10.333.375
0.440533;0.134075;13.292.608
0.392649;0.124498;14.116.213
0.383072;0.114922;14.259.866
0.421380;0.124498;13.685.257
0.373495;0.095768;11.080.365
0.296881;0.105345;9.385.271
0.239420;0.086191;7.766.790
0.201113;0.057461;5.679.047
0.124498;0.067038;5.650.316
0.124498;0.086191;6.349.423
0.335188;0.114922;9.270.349
0.421380;0.124498;11.013.328
0.440533;0.143652;12.574.347
0.392649;0.153229;13.704.411
0.411803;0.114922;13.283.031
0.421380;0.105345;11.990.162
0.268151;0.086191;8.714.894
0.239420;0.076614;7.192.182
0.220267;0.067038;6.081.272
0.162806;0.095768;6.837.840
0.258574;0.067038;8.312.668
0.459687;0.134075;13.101.071
0.383072;0.134075;13.962.984
0.392649;0.134075;14.221.559
0.459687;0.114922;12.804.191
0.402226;0.105345;11.367.670
0.325611;0.076614;9.720.459
0.248997;0.086191;8.073.248
0.201113;0.067038;5.803.545
0.143652;0.057461;5.640.739
0.134075;0.086191;6.253.655
0.316035;0.086191;8.983.045
0.430956;0.124498;10.716.447
0.450110;0.114922;12.296.620
0.383072;0.124498;14.144.943
0.402226;0.105345;14.097.059
0.421380;0.134075;13.455.414
0.411803;0.086191;12.248.735
0.277727;0.086191;9.011.775
0.229843;0.105345;7.431.602
0.239420;0.086191;6.263.232
0.143652;0.057461;5.784.391
0.143652;0.105345;6.675.035
0.239420;0.076614;8.025.364
0.344765;0.095768;9.691.729
0.440533;0.114922;12.852.075
0.411803;0.134075;13.848.063
0.392649;0.124498;14.221.559
0.421380;0.114922;12.976.573
0.402226;0.114922;11.626.244
0.325611;0.095768;9.998.186
0.229843;0.086191;6.904.878
0.191536;0.057461;5.956.774
0.153229;0.067038;5.650.316
0.134075;0.067038;6.090.849
0.268151;0.095768;8.676.587
0.411803;0.105345;10.381.259
0.459687;0.124498;12.028.469
0.383072;0.134075;14.068.329
0.392649;0.134075;14.144.943
0.430956;0.143652;13.579.912
0.383072;0.114922;10.984.597
0.296881;0.076614;9.337.387
0.248997;0.095768;7.718.906
0.220267;0.076614;6.464.345
0.153229;0.076614;5.736.507
0.172383;0.086191;6.502.652
0.201113;0.095768;7.747.637
0.440533;0.114922;11.061.212
0.459687;0.124498;12.564.771
0.411803;0.134075;13.675.680
0.383072;0.134075;14.202.404
0.450110;0.153229;13.196.839
0.421380;0.114922;11.884.817
0.316035;0.076614;10.333.375
0.239420;0.076614;7.153.875
0.201113;0.086191;6.100.426
0.181959;0.057461;5.679.047
0.153229;0.076614;6.952.762
0.277727;0.095768;8.379.706
0.392649;0.105345;10.074.800
0.450110;0.105345;11.750.742
0.402226;0.143652;13.962.984
0.392649;0.114922;14.154.520
0.411803;0.134075;13.742.718
0.373495;0.134075;11.233.594
0.316035;0.095768;9.634.268
0.268151;0.086191;8.015.787
0.229843;0.076614;6.675.035
0.162806;0.076614;5.707.777
0.124498;0.105345;6.320.693
0.201113;0.086191;7.536.947
0.430956;0.114922;10.754.754
0.459687;0.134075;12.334.928
0.430956;0.114922;13.532.028
0.392649;0.134075;14.049.175
0.450110;0.124498;13.340.492
0.430956;0.114922;12.143.391
0.354342;0.095768;10.611.102
0.248997;0.095768;7.422.025
0.220267;0.086191;6.263.232
0.172383;0.105345;5.717.354
0.153229;0.057461;6.742.072
0.239420;0.086191;8.140.285
0.344765;0.105345;9.749.189
0.430956;0.124498;12.852.075
0.402226;0.124498;13.838.486
0.383072;0.143652;14.173.674
0.430956;0.153229;13.828.909
0.392649;0.105345;11.520.899
0.306458;0.095768;9.940.725
0.258574;0.067038;8.312.668
0.191536;0.067038;5.985.504
0.143652;0.076614;5.707.777
0.143652;0.076614;6.157.887
0.181959;0.086191;7.287.950
0.392649;0.105345;10.457.873
0.430956;0.105345;12.057.199
0.430956;0.124498;13.302.185
0.373495;0.124498;14.087.482
0.430956;0.114922;13.493.721
0.421380;0.134075;12.373.235
0.277727;0.086191;9.260.772
0.248997;0.067038;7.709.330
0.210690;0.076614;6.512.228
0.191536;0.076614;5.803.545
0.143652;0.067038;6.560.112
0.229843;0.095768;7.891.289
0.335188;0.076614;9.471.462
0.440533;0.114922;12.593.501
0.402226;0.124498;13.656.527
0.411803;0.114922;14.144.943
0.440533;0.134075;13.101.071
0.411803;0.114922;11.769.896
0.325611;0.095768;10.237.606
0.268151;0.086191;8.609.550
0.201113;0.095768;6.129.156
0.181959;0.086191;5.746.084
0.143652;0.067038;6.081.272
0.258574;0.076614;8.475.474
0.383072;0.095768;10.151.415
0.440533;0.114922;11.741.165
0.421380;0.114922;13.101.071
0.383072;0.124498;14.125.790
0.402226;0.124498;13.637.373
0.430956;0.124498;12.583.924
0.316035;0.076614;9.576.807
0.248997;0.067038;8.015.787
0.210690;0.105345;6.703.765
0.153229;0.067038;5.784.391
0.124498;0.076614;6.406.884
0.201113;0.095768;7.584.831
0.325611;0.095768;9.145.850
0.440533;0.124498;12.363.658
0.411803;0.124498;13.493.721
0.373495;0.124498;14.068.329
0.440533;0.143652;13.235.147
0.421380;0.124498;12.038.046
0.344765;0.105345;10.553.641
0.229843;0.086191;7.402.872
0.229843;0.095768;6.301.539
0.153229;0.076614;5.755.661
0.153229;0.076614;5.966.351
0.258574;0.095768;8.207.323
0.363919;0.124498;9.835.381
0.430956;0.124498;11.463.438
0.392649;0.143652;13.771.448
0.392649;0.124498;14.077.906
0.392649;0.143652;13.733.141
0.421380;0.143652;12.842.498
0.316035;0.095768;9.835.381
0.258574;0.095768;8.283.937
0.210690;0.057461;6.914.454
0.181959;0.076614;5.765.238
0.153229;0.086191;6.244.078
0.201113;0.086191;7.364.564
0.392649;0.114922;10.496.181
0.450110;0.114922;12.057.199
0.392649;0.134075;13.972.561
0.411803;0.114922;13.445.837
0.430956;0.105345;12.287.044
0.363919;0.114922;10.793.061
0.239420;0.086191;7.680.599
0.229843;0.095768;6.483.498
0.162806;0.067038;5.841.852
0.172383;0.076614;6.684.611
0.229843;0.076614;7.948.750
0.344765;0.095768;9.528.923
0.421380;0.134075;11.166.556
0.402226;0.134075;13.666.103
0.383072;0.114922;14.068.329
0.402226;0.124498;13.867.216
0.373495;0.114922;11.712.435
0.316035;0.105345;10.113.108
0.287304;0.086191;8.542.512
0.220267;0.114922;7.144.298
0.181959;0.076614;5.774.815
0.172383;0.095768;6.148.310
0.191536;0.086191;7.153.875
0.373495;0.105345;10.208.876
0.430956;0.114922;11.789.049
0.402226;0.124498;13.062.764
0.392649;0.124498;14.049.175
0.421380;0.134075;13.551.182
0.411803;0.134075;12.507.310
0.296881;0.095768;9.471.462
0.220267;0.076614;7.948.750
0.239420;0.105345;6.694.188
0.191536;0.057461;5.937.620
0.172383;0.076614;6.512.228
0.210690;0.076614;7.690.176
0.316035;0.095768;9.232.041
0.440533;0.143652;12.354.081
0.421380;0.124498;13.455.414
0.383072;0.124498;14.010.868
0.402226;0.134075;13.905.523
0.411803;0.134075;11.951.855
0.363919;0.105345;10.477.027
0.287304;0.114922;8.820.239
0.201113;0.076614;6.301.539
0.181959;0.095768;5.822.699
0.153229;0.067038;6.062.119
0.181959;0.086191;6.952.762
0.383072;0.105345;9.911.995
0.421380;0.114922;11.492.168
0.402226;0.124498;12.852.075
0.392649;0.124498;14.049.175
0.411803;0.134075;13.694.834
0.430956;0.124498;12.717.999
0.306458;0.105345;9.768.343
0.258574;0.105345;8.236.053
0.248997;0.095768;6.885.724
0.191536;0.067038;6.042.965
0.172383;0.076614;6.359.000
0.210690;0.076614;7.450.756
0.306458;0.105345;8.954.314
0.421380;0.114922;12.057.199
0.421380;0.143652;13.283.031
0.383072;0.114922;13.934.254
0.383072;0.134075;13.972.561
0.430956;0.114922;12.210.428
0.354342;0.105345;10.735.600
0.287304;0.076614;9.145.850
0.210690;0.095768;6.493.075
0.181959;0.076614;5.880.159
0.162806;0.076614;5.975.927
0.239420;0.086191;8.044.518
0.344765;0.086191;9.605.537
0.430956;0.114922;11.204.864
0.430956;0.124498;12.631.808
0.383072;0.134075;14.030.022
0.411803;0.114922;13.761.871
0.430956;0.134075;12.880.805
0.325611;0.114922;10.065.224
0.248997;0.076614;8.523.358
0.220267;0.076614;7.134.721
0.172383;0.057461;5.861.006
0.162806;0.086191;6.244.078
0.191536;0.067038;7.249.643
0.277727;0.067038;8.686.164
0.430956;0.095768;11.827.356
0.411803;0.134075;13.062.764
0.392649;0.114922;13.838.486
0.430956;0.114922;13.474.567
0.402226;0.114922;12.411.542
0.363919;0.105345;11.003.751
0.239420;0.095768;7.920.019
0.220267;0.095768;6.703.765
0.181959;0.067038;5.975.927
0.191536;0.086191;5.947.197
0.229843;0.086191;7.766.790
0.316035;0.105345;9.289.502
0.411803;0.114922;10.917.560
0.392649;0.124498;13.445.837
0.411803;0.105345;13.943.830
0.402226;0.124498;13.809.755
0.421380;0.134075;13.072.341
0.344765;0.105345;10.390.836
0.277727;0.086191;8.801.085
0.229843;0.086191;7.374.141
0.191536;0.067038;5.889.736
0.162806;0.086191;6.157.887
0.201113;0.076614;7.038.953
0.354342;0.105345;9.988.609
0.430956;0.114922;11.530.476
0.430956;0.134075;12.871.228
0.373495;0.134075;13.713.987
0.421380;0.134075;13.599.066
0.411803;0.114922;12.622.231
0.383072;0.105345;11.252.748
0.268151;0.076614;8.188.169
0.220267;0.095768;6.924.031
0.191536;0.047884;6.100.426
0.172383;0.095768;5.937.620
0.191536;0.086191;7.565.677
0.287304;0.095768;9.011.775
0.392649;0.105345;10.611.102
0.402226;0.153229;13.292.608
0.402226;0.124498;13.895.947
0.402226;0.134075;13.876.793
0.411803;0.114922;12.114.660
0.363919;0.105345;10.668.563
0.268151;0.086191;9.088.389
0.229843;0.086191;7.603.985
0.172383;0.076614;5.966.351
0.172383;0.067038;6.052.542
0.172383;0.095768;6.866.570
0.316035;0.095768;9.682.152
0.440533;0.124498;11.271.901
0.430956;0.134075;12.612.655
0.392649;0.134075;13.943.830
0.402226;0.105345;13.685.257
0.421380;0.124498;12.823.344
0.363919;0.095768;11.540.052
0.277727;0.076614;8.475.474
0.229843;0.076614;7.144.298
0.210690;0.057461;6.215.348
0.153229;0.086191;6.320.693
0.181959;0.067038;7.345.411
0.306458;0.095768;8.753.201
0.392649;0.095768;10.323.798
0.411803;0.134075;13.072.341
0.392649;0.143652;13.781.025
0.411803;0.134075;13.876.793
0.402226;0.114922;12.306.197
0.383072;0.134075;10.936.713
0.306458;0.086191;9.385.271
0.210690;0.086191;6.694.188
0.181959;0.067038;6.033.388
0.162806;0.076614;6.014.235
0.191536;0.076614;6.713.342
0.344765;0.105345;9.394.848
0.421380;0.105345;10.965.444
0.430956;0.124498;12.382.812
0.373495;0.153229;13.924.677
0.392649;0.134075;13.761.871
0.430956;0.143652;12.976.573
0.325611;0.095768;10.304.645
0.287304;0.095768;8.734.048
0.220267;0.067038;7.335.834
0.191536;0.076614;6.339.846
0.162806;0.067038;6.234.501
0.181959;0.067038;7.134.721
0.268151;0.114922;8.475.474
0.421380;0.105345;11.597.513
0.411803;0.114922;12.861.651
0.411803;0.124498;13.713.987
0.411803;0.124498;13.924.677
0.421380;0.124498;12.545.617
0.383072;0.114922;11.195.287
0.306458;0.105345;9.672.575
0.220267;0.105345;6.895.301
0.201113;0.086191;6.110.003
0.172383;0.105345;5.975.927
0.201113;0.105345;7.671.022
0.316035;0.114922;9.107.543
0.402226;0.105345;10.687.716
0.440533;0.114922;12.133.814
0.373495;0.134075;13.857.639
0.402226;0.134075;13.809.755
0.411803;0.134075;13.139.379
0.344765;0.105345;10.563.218
0.277727;0.105345;9.021.352
0.229843;0.067038;7.603.985
0.172383;0.067038;5.995.081
0.181959;0.067038;6.157.887
0.181959;0.057461;6.952.762
0.258574;0.105345;8.216.900
0.430956;0.105345;11.338.940
0.430956;0.134075;12.631.808
0.392649;0.134075;13.589.489
0.430956;0.114922;13.608.643
0.421380;0.124498;12.727.576
0.402226;0.086191;11.425.131
0.325611;0.095768;9.931.149
0.229843;0.086191;7.115.568
0.201113;0.086191;6.234.501
0.172383;0.067038;5.995.081
0.220267;0.076614;7.441.179
0.306458;0.076614;8.848.969
0.392649;0.086191;10.419.566
0.402226;0.114922;13.072.341
0.383072;0.143652;13.771.448
0.411803;0.134075;13.819.332
0.421380;0.095768;13.283.031
0.354342;0.124498;10.840.945
0.296881;0.076614;9.308.656
0.239420;0.086191;7.824.251
0.181959;0.095768;6.100.426
0.172383;0.067038;6.119.579
0.181959;0.067038;6.789.956
0.335188;0.095768;9.481.039
0.411803;0.095768;11.003.751
0.421380;0.114922;12.411.542
0.392649;0.153229;13.895.947
0.421380;0.124498;13.694.834
0.421380;0.114922;12.899.959
0.392649;0.124498;11.683.704
0.258574;0.076614;8.686.164
0.229843;0.086191;7.307.104
0.210690;0.095768;6.387.730
0.181959;0.086191;6.033.388
0.181959;0.057461;7.249.643
0.268151;0.095768;8.590.396
0.383072;0.095768;10.122.684
0.402226;0.114922;12.861.651
0.411803;0.134075;13.675.680
0.411803;0.124498;13.838.486
0.411803;0.095768;12.421.119
0.373495;0.105345;11.128.249
0.306458;0.095768;9.595.961
0.258574;0.067038;8.111.555
0.201113;0.067038;6.148.310
0.162806;0.067038;6.071.695
0.172383;0.095768;6.655.881
0.325611;0.095768;9.184.157
0.402226;0.114922;10.716.447
0.402226;0.114922;12.172.121
0.421380;0.143652;13.800.179
0.421380;0.124498;13.742.718
0.421380;0.105345;13.043.611
0.411803;0.105345;11.894.394
0.296881;0.095768;8.954.314
0.220267;0.076614;7.546.524
0.220267;0.067038;6.531.382
0.134075;0.076614;6.224.925
0.201113;0.095768;7.038.953
0.248997;0.086191;8.312.668
0.430956;0.124498;11.338.940
0.430956;0.124498;12.631.808
0.383072;0.143652;13.512.875
0.392649;0.114922;13.848.063
0.421380;0.095768;12.612.655
0.363919;0.105345;11.367.670
0.306458;0.105345;9.864.111
0.268151;0.086191;8.341.399
0.220267;0.086191;6.282.385
0.153229;0.086191;6.062.119
0.210690;0.105345;7.546.524
0.296881;0.076614;8.906.430
0.392649;0.095768;10.457.873
0.430956;0.114922;11.903.971
0.392649;0.134075;13.713.987
0.402226;0.143652;13.790.602
0.411803;0.086191;13.196.839
0.354342;0.095768;10.764.331
0.296881;0.086191;9.241.618
0.239420;0.095768;7.805.098
0.220267;0.076614;6.713.342
0.181959;0.086191;6.196.194
0.191536;0.095768;6.856.994
0.248997;0.086191;8.063.671
0.383072;0.105345;11.061.212
0.411803;0.143652;12.411.542
0.411803;0.134075;13.388.376
0.411803;0.143652;13.790.602
0.392649;0.105345;12.804.191
0.392649;0.095768;11.607.090
0.335188;0.086191;10.141.838
0.239420;0.105345;7.326.257
0.210690;0.067038;6.416.461
0.201113;0.076614;6.081.272
0.210690;0.076614;7.364.564
0.277727;0.076614;8.667.010
0.363919;0.105345;10.180.145
0.411803;0.114922;11.664.551
0.402226;0.134075;13.627.796
0.411803;0.114922;13.781.025
0.430956;0.124498;13.330.915
0.363919;0.095768;11.003.751
0.287304;0.086191;9.500.193
0.258574;0.086191;8.073.248
0.220267;0.095768;6.914.454
0.181959;0.076614;6.157.887
0.172383;0.076614;6.732.495
0.248997;0.076614;7.862.558
0.392649;0.143652;10.812.215
0.402226;0.105345;12.191.275
0.411803;0.105345;13.244.724
0.411803;0.124498;13.637.373
0.392649;0.114922;12.966.996
0.392649;0.095768;11.827.356
0.344765;0.095768;10.409.989
0.229843;0.095768;7.556.100
0.220267;0.095768;6.540.959
0.191536;0.076614;7.153.875
0.248997;0.086191;8.408.437
0.354342;0.114922;9.864.111
0.421380;0.114922;12.679.692
0.411803;0.114922;13.512.875
0.421380;0.124498;13.790.602
0.411803;0.114922;13.445.837
0.373495;0.095768;11.271.901
0.296881;0.076614;9.777.920
0.220267;0.076614;7.077.260
0.181959;0.076614;6.301.539
0.191536;0.067038;6.119.579
0.172383;0.095768;6.607.996
0.220267;0.067038;7.632.715
0.383072;0.124498;10.524.911
0.402226;0.105345;11.951.855
0.392649;0.134075;13.053.187
0.402226;0.124498;13.704.411
0.411803;0.124498;13.081.918
0.421380;0.105345;12.066.776
0.268151;0.076614;9.184.157
0.248997;0.076614;7.776.367
0.201113;0.057461;6.732.495
0.201113;0.076614;6.196.194
0.191536;0.086191;6.952.762
0.220267;0.105345;8.149.862
0.354342;0.086191;9.624.691
0.411803;0.114922;12.430.696
0.411803;0.134075;13.369.223
0.402226;0.114922;13.781.025
0.411803;0.124498;12.708.423
0.383072;0.105345;11.492.168
0.325611;0.105345;10.036.493
0.268151;0.076614;8.580.819
0.181959;0.095768;6.148.310
0.172383;0.095768;6.502.652
0.287304;0.105345;8.734.048
0.373495;0.114922;10.228.029
0.402226;0.105345;11.683.704
0.411803;0.134075;12.852.075
0.411803;0.143652;13.733.141
0.440533;0.134075;13.244.724
0.411803;0.124498;12.267.890
0.277727;0.095768;9.442.732
0.239420;0.086191;8.025.364
0.229843;0.076614;6.885.724
0.191536;0.067038;6.234.501
0.172383;0.057461;6.828.263
0.220267;0.076614;7.910.442
0.335188;0.095768;9.346.964
0.430956;0.105345;12.220.005
0.402226;0.114922;13.235.147
0.392649;0.124498;13.723.564
0.402226;0.124498;12.823.344
0.383072;0.095768;11.731.588
0.325611;0.086191;10.304.645
0.287304;0.086191;8.820.239
0.201113;0.057461;6.540.959
0.181959;0.076614;6.196.194
0.181959;0.076614;6.397.307
0.248997;0.105345;8.485.051
0.363919;0.105345;9.988.609
0.421380;0.124498;11.463.438
0.392649;0.134075;13.493.721
0.402226;0.143652;13.723.564
0.411803;0.134075;13.350.069
0.354342;0.105345;11.156.980
0.306458;0.095768;9.701.305
0.268151;0.105345;8.264.784
0.229843;0.076614;7.086.837
0.181959;0.076614;6.215.348
0.201113;0.086191;6.694.188
0.210690;0.095768;7.690.176
0.316035;0.095768;9.097.966
0.402226;0.114922;11.961.432
0.411803;0.124498;13.072.341
0.383072;0.134075;13.656.527
0.421380;0.134075;13.014.880
0.392649;0.124498;11.932.701
0.363919;0.095768;10.601.525
0.248997;0.086191;7.747.637
0.210690;0.076614;6.713.342
0.210690;0.067038;6.224.925
0.229843;0.086191;7.105.990
0.287304;0.086191;8.274.361
0.335188;0.105345;9.710.882
0.383072;0.086191;11.185.710
0.411803;0.162806;13.378.799
0.411803;0.143652;13.694.834
0.421380;0.114922;13.426.683
0.383072;0.105345;11.425.131
0.316035;0.086191;9.979.033
0.258574;0.086191;8.532.935
0.220267;0.086191;7.278.373
0.181959;0.067038;6.196.194
0.191536;0.086191;6.598.420
0.220267;0.076614;7.527.370
0.363919;0.105345;10.342.952
0.392649;0.095768;11.750.742
0.402226;0.134075;12.899.959
0.392649;0.124498;13.666.103
0.421380;0.114922;13.129.802
0.402226;0.114922;12.143.391
0.344765;0.105345;10.812.215
0.258574;0.076614;8.006.210
0.229843;0.047884;6.904.878
0.201113;0.076614;6.282.385
0.172383;0.067038;6.952.762
0.239420;0.086191;8.044.518
0.335188;0.086191;9.433.155
0.363919;0.134075;10.917.560
0.383072;0.134075;13.225.570
0.402226;0.124498;13.666.103
0.402226;0.134075;13.512.875
0.411803;0.134075;11.607.090
0.335188;0.114922;10.228.029
0.258574;0.095768;8.791.509
0.201113;0.095768;6.569.689
0.181959;0.095768;6.215.348
0.172383;0.067038;6.512.228
0.229843;0.076614;7.345.411
0.354342;0.095768;10.074.800
0.392649;0.105345;11.501.745
0.402226;0.124498;13.464.991
0.402226;0.134075;13.666.103
0.411803;0.124498;13.254.301
0.392649;0.134075;12.325.351
0.296881;0.076614;9.624.691
0.239420;0.095768;8.188.169
0.229843;0.086191;7.077.260
0.191536;0.086191;6.378.153
0.162806;0.076614;6.789.956
0.239420;0.067038;7.795.521
0.306458;0.105345;9.174.581
0.411803;0.114922;12.028.469
0.421380;0.143652;13.034.034
0.411803;0.124498;13.608.643
0.430956;0.114922;13.560.759
0.392649;0.124498;11.817.780
0.363919;0.114922;10.477.027
0.229843;0.086191;7.718.906
0.220267;0.067038;6.732.495
0.201113;0.057461;6.263.232
0.172383;0.067038;6.416.461
0.248997;0.105345;8.360.553
0.335188;0.105345;9.787.497
0.402226;0.114922;11.243.171
0.402226;0.143652;12.478.580
0.411803;0.134075;13.666.103
0.421380;0.124498;13.340.492
0.392649;0.124498;12.536.040
0.325611;0.076614;9.883.265
0.258574;0.067038;8.465.898
0.229843;0.086191;7.249.643
0.191536;0.076614;6.464.345
0.181959;0.086191;6.684.611
0.239420;0.095768;7.623.138
0.296881;0.095768;8.944.737
0.402226;0.095768;11.779.472
0.402226;0.124498;12.880.805
0.402226;0.114922;13.522.451
0.402226;0.124498;13.053.187
0.383072;0.114922;12.085.930
0.363919;0.095768;10.726.024
0.306458;0.105345;9.318.233
0.239420;0.076614;6.914.454
0.191536;0.057461;6.330.269
0.172383;0.067038;6.378.153
0.248997;0.114922;8.159.439
0.335188;0.086191;9.538.500
0.392649;0.105345;10.984.597
0.411803;0.124498;12.277.467
0.392649;0.124498;13.637.373
0.421380;0.105345;13.445.837
0.411803;0.105345;12.689.269
0.335188;0.105345;10.132.261
0.277727;0.095768;8.734.048
0.220267;0.067038;6.569.689
0.172383;0.076614;6.263.232
0.191536;0.067038;6.569.689
0.220267;0.095768;7.431.602
0.277727;0.105345;8.695.741
0.411803;0.105345;11.501.745
0.383072;0.134075;12.698.846
0.411803;0.143652;13.417.107
0.421380;0.105345;13.187.263
0.411803;0.124498;12.258.312
0.344765;0.105345;11.013.328
0.268151;0.095768;8.178.593
0.229843;0.057461;7.067.683
0.220267;0.067038;6.416.461
0.172383;0.067038;6.330.269
0.239420;0.095768;7.920.019
0.335188;0.095768;9.260.772
0.363919;0.124498;10.716.447
0.402226;0.134075;13.062.764
0.392649;0.124498;13.579.912
0.411803;0.124498;13.512.875
0.383072;0.114922;11.760.319
0.335188;0.086191;10.419.566
0.287304;0.076614;8.973.468
0.248997;0.067038;7.690.176
0.191536;0.067038;6.330.269
0.181959;0.076614;6.502.652
0.210690;0.057461;7.278.373
0.344765;0.105345;9.844.957
0.383072;0.105345;11.291.056
0.421380;0.124498;13.311.762
0.402226;0.134075;13.292.608
0.411803;0.114922;12.440.272
0.354342;0.114922;11.224.017
0.277727;0.095768;8.427.590
0.210690;0.086191;7.240.066
0.201113;0.095768;6.493.075
0.181959;0.086191;6.780.379
0.220267;0.067038;7.709.330
0.296881;0.076614;9.030.929
0.373495;0.095768;10.457.873
0.402226;0.114922;12.880.805
0.402226;0.134075;13.493.721
0.411803;0.105345;13.541.605
0.354342;0.095768;10.678.140
0.277727;0.057461;9.251.195
0.258574;0.067038;7.910.442
0.210690;0.067038;6.359.000
0.191536;0.076614;6.435.614
0.201113;0.057461;7.115.568
0.363919;0.114922;11.051.635
0.411803;0.134075;12.306.197
0.392649;0.114922;13.599.066
0.402226;0.114922;13.350.069
0.402226;0.095768;12.641.385
0.373495;0.105345;11.444.284
0.248997;0.076614;8.676.587
0.239420;0.095768;7.450.756
0.210690;0.086191;6.607.996
0.191536;0.086191;6.665.458
0.220267;0.095768;7.546.524
0.287304;0.076614;8.781.932
0.373495;0.105345;11.540.052
0.411803;0.114922;12.689.269
0.430956;0.124498;13.407.530
0.421380;0.143652;13.579.912
0.402226;0.124498;12.152.967
0.354342;0.095768;10.907.983
0.296881;0.076614;9.528.923
0.220267;0.067038;7.048.530
0.210690;0.067038;6.435.614
0.181959;0.086191;6.406.884
0.191536;0.086191;6.981.492
0.325611;0.086191;9.327.810
0.363919;0.095768;10.764.331
0.411803;0.114922;12.066.776
0.430956;0.114922;13.541.605
0.402226;0.114922;13.417.107
0.392649;0.114922;12.756.307
0.344765;0.105345;10.323.798
0.277727;0.076614;8.944.737
0.248997;0.067038;7.661.446
0.220267;0.076614;6.761.226
0.201113;0.086191;6.579.266
0.210690;0.067038;7.364.564
0.268151;0.086191;8.542.512
0.373495;0.095768;11.348.516
0.421380;0.114922;12.497.733
0.392649;0.124498;13.292.608
0.402226;0.134075;13.206.416
0.392649;0.114922;12.334.928
0.354342;0.124498;11.185.710
0.316035;0.086191;9.758.766
0.229843;0.095768;7.268.796
0.210690;0.095768;6.560.112
0.201113;0.076614;6.397.307
0.229843;0.095768;7.814.674
0.287304;0.095768;9.117.120
0.373495;0.086191;10.496.181
0.392649;0.105345;11.846.510
0.421380;0.124498;13.464.991
0.383072;0.124498;13.484.144
0.383072;0.105345;12.909.535
0.335188;0.124498;10.563.218
0.287304;0.067038;9.184.157
0.229843;0.086191;7.891.289
0.191536;0.086191;6.445.191
0.191536;0.047884;6.531.382
0.210690;0.067038;7.220.912
0.258574;0.086191;8.322.245
0.383072;0.095768;11.061.212
0.392649;0.124498;12.306.197
0.402226;0.134075;13.158.532
0.421380;0.105345;13.273.455
0.411803;0.143652;12.516.887
0.363919;0.124498;11.367.670
0.316035;0.114922;10.017.340
0.248997;0.067038;7.431.602
0.210690;0.086191;6.636.727
0.201113;0.086191;6.387.730
0.239420;0.086191;7.613.562
0.277727;0.095768;8.868.123
0.344765;0.114922;10.256.760
0.411803;0.124498;12.698.846
0.411803;0.124498;13.378.799
0.421380;0.114922;13.522.451
0.411803;0.105345;13.024.457
0.344765;0.105345;10.831.368
0.287304;0.095768;9.471.462
0.239420;0.095768;8.111.555
0.210690;0.076614;6.473.921
0.201113;0.095768;6.483.498
0.181959;0.105345;7.067.683
0.335188;0.105345;9.433.155
0.383072;0.105345;10.831.368
0.411803;0.124498;12.085.930
0.421380;0.143652;13.484.144
0.402226;0.114922;13.359.646
0.402226;0.134075;12.679.692
0.316035;0.095768;10.266.336
0.258574;0.067038;8.896.853
0.229843;0.086191;7.661.446
0.201113;0.067038;6.789.956
0.181959;0.086191;6.665.458
0.229843;0.067038;7.431.602
0.277727;0.095768;8.590.396
0.344765;0.095768;9.988.609
0.411803;0.114922;12.507.310
0.402226;0.124498;13.263.878
0.402226;0.134075;13.493.721
0.392649;0.114922;12.296.620
0.363919;0.095768;11.089.942
0.296881;0.095768;9.691.729
0.258574;0.105345;8.360.553
0.210690;0.095768;6.569.689
0.210690;0.067038;6.464.345
0.181959;0.067038;6.933.608
0.296881;0.105345;9.165.004
0.373495;0.114922;10.582.372
0.392649;0.114922;11.875.240
0.402226;0.124498;13.417.107
0.421380;0.114922;13.388.376
0.402226;0.105345;12.813.767
0.383072;0.114922;11.798.626
0.296881;0.095768;9.117.120
0.258574;0.067038;7.862.558
0.210690;0.086191;6.914.454
0.181959;0.095768;6.588.843
0.220267;0.067038;7.287.950
0.248997;0.095768;8.389.283
0.344765;0.095768;9.720.459
0.392649;0.124498;12.325.351
0.402226;0.143652;13.187.263
0.411803;0.143652;13.493.721
0.392649;0.105345;12.430.696
0.344765;0.105345;11.300.632
0.325611;0.086191;9.921.572
0.229843;0.057461;7.431.602
0.201113;0.086191;6.675.035
0.191536;0.057461;6.435.614
0.201113;0.076614;6.809.110
0.296881;0.095768;8.916.007
0.354342;0.086191;10.304.645
0.392649;0.095768;11.626.244
0.411803;0.124498;13.350.069
0.402226;0.114922;13.417.107
0.392649;0.114922;12.947.843
0.354342;0.134075;10.783.484
0.287304;0.105345;9.385.271
0.248997;0.095768;8.073.248
0.229843;0.057461;7.086.837
0.201113;0.086191;6.540.959
0.220267;0.114922;7.163.452
0.268151;0.067038;8.188.169
0.383072;0.114922;10.869.676
0.392649;0.114922;12.114.660
0.411803;0.134075;13.005.303
0.402226;0.134075;13.426.683
0.402226;0.134075;12.603.078
0.383072;0.114922;11.492.168
0.335188;0.095768;10.189.722
0.229843;0.067038;7.632.715
0.220267;0.067038;6.799.533
0.191536;0.095768;6.464.345
0.229843;0.086191;7.527.370
0.277727;0.095768;8.705.317
0.344765;0.095768;10.046.070
0.383072;0.105345;11.405.977
0.402226;0.124498;13.235.147
0.402226;0.114922;13.436.260
0.411803;0.114922;13.053.187
0.344765;0.086191;11.013.328
0.287304;0.105345;9.634.268
0.268151;0.086191;8.341.399
0.201113;0.086191;6.598.420
0.201113;0.086191;6.521.805
0.258574;0.095768;7.987.057
0.363919;0.114922;10.611.102
0.411803;0.124498;11.865.664
0.402226;0.143652;12.871.228
0.402226;0.124498;13.330.915
0.402226;0.105345;12.737.153
0.363919;0.134075;11.722.012
0.277727;0.086191;9.078.813
0.239420;0.057461;7.833.828
0.191536;0.095768;6.924.031
0.201113;0.086191;6.521.805
0.220267;0.105345;7.364.564
0.277727;0.086191;8.494.628
0.344765;0.105345;9.787.497
0.411803;0.105345;12.306.197
0.402226;0.124498;13.120.225
0.421380;0.124498;13.407.530
0.411803;0.105345;13.139.379
0.363919;0.095768;11.243.171
0.316035;0.076614;9.883.265
0.277727;0.095768;8.552.089
0.201113;0.086191;6.713.342
0.191536;0.057461;6.521.805
0.201113;0.086191;6.904.878
0.239420;0.086191;7.805.098
0.344765;0.105345;10.362.105
0.373495;0.134075;11.664.551
0.392649;0.124498;12.708.423
0.402226;0.124498;13.350.069
0.421380;0.134075;12.861.651
0.383072;0.124498;11.942.278
0.277727;0.095768;9.337.387
0.248997;0.086191;8.092.402
0.220267;0.076614;7.058.106
0.220267;0.057461;6.569.689
0.220267;0.095768;7.220.912
0.258574;0.105345;8.236.053
0.335188;0.105345;9.557.653
0.402226;0.105345;12.076.353
0.411803;0.114922;13.024.457
0.402226;0.124498;13.407.530
0.383072;0.105345;12.507.310
0.354342;0.114922;11.453.861
0.325611;0.134075;10.132.261
0.277727;0.105345;8.781.932
0.220267;0.067038;6.847.417
0.201113;0.067038;6.512.228
0.181959;0.095768;6.780.379
0.296881;0.095768;8.753.201
0.335188;0.076614;10.113.108
0.373495;0.124498;11.434.708
0.411803;0.124498;12.516.887
0.392649;0.124498;13.369.223
0.402226;0.124498;12.976.573
0.383072;0.095768;12.095.507
0.296881;0.095768;9.576.807
0.268151;0.067038;8.312.668
0.220267;0.076614;7.278.373
0.181959;0.095768;6.598.420
0.229843;0.086191;7.105.990
0.248997;0.095768;8.073.248
0.325611;0.105345;9.308.656
0.411803;0.114922;11.894.394
0.373495;0.124498;12.852.075
0.402226;0.124498;13.340.492
0.392649;0.124498;12.650.962
0.373495;0.105345;11.635.820
0.335188;0.114922;10.381.259
0.239420;0.086191;7.843.405
0.220267;0.067038;6.962.338
0.181959;0.076614;6.540.959
0.191536;0.067038;6.742.072
0.258574;0.086191;8.523.358
0.335188;0.095768;9.873.688
0.383072;0.124498;11.195.287
0.402226;0.143652;13.120.225
0.402226;0.124498;13.378.799
0.411803;0.143652;13.081.918
0.402226;0.105345;12.287.044
0.268151;0.095768;8.513.782
0.258574;0.095768;7.402.872
0.191536;0.076614;6.607.996
0.239420;0.086191;7.862.558
0.344765;0.114922;10.409.989
0.392649;0.114922;11.674.128
0.402226;0.124498;12.698.846
0.402226;0.124498;13.292.608
0.411803;0.134075;12.804.191
0.392649;0.105345;11.856.087
0.287304;0.114922;9.270.349
0.248997;0.057461;8.082.825
0.220267;0.086191;7.086.837
0.220267;0.086191;6.627.151
0.229843;0.067038;7.278.373
0.258574;0.095768;8.312.668
0.316035;0.095768;9.605.537
0.354342;0.086191;10.946.290
0.402226;0.105345;12.976.573
0.402226;0.124498;13.359.646
0.392649;0.114922;13.187.263
0.354342;0.105345;11.348.516
0.316035;0.114922;10.074.800
0.248997;0.095768;8.753.201
0.239420;0.076614;7.642.292
0.201113;0.076614;6.588.843
0.191536;0.047884;6.876.147
0.229843;0.114922;7.699.753
0.335188;0.114922;10.170.568
0.383072;0.114922;11.463.438
0.392649;0.114922;12.516.887
0.421380;0.114922;13.311.762
0.411803;0.105345;12.909.535
0.383072;0.114922;12.028.469
0.354342;0.095768;10.831.368
0.248997;0.095768;8.264.784
0.220267;0.086191;7.240.066
0.191536;0.095768;6.627.151
0.210690;0.095768;7.182.605
0.248997;0.095768;8.149.862
0.316035;0.076614;9.366.117
0.392649;0.114922;11.923.124
0.402226;0.114922;12.852.075
0.411803;0.114922;13.292.608
0.421380;0.134075;13.187.263
0.383072;0.105345;11.587.936
0.325611;0.095768;10.314.221
0.268151;0.086191;8.973.468
0.220267;0.067038;6.962.338
0.201113;0.076614;6.627.151
0.181959;0.076614;6.799.533
0.220267;0.076614;7.508.216
0.325611;0.095768;9.931.149
0.392649;0.114922;11.243.171
0.411803;0.105345;12.325.351
0.402226;0.124498;13.340.492
0.402226;0.143652;13.005.303
0.383072;0.134075;12.210.428
0.325611;0.086191;9.787.497
0.258574;0.086191;8.465.898
0.229843;0.076614;7.431.602
0.220267;0.057461;6.780.379
0.210690;0.076614;7.058.106
0.239420;0.057461;7.929.596
0.287304;0.086191;9.155.427
0.383072;0.124498;11.731.588
0.392649;0.124498;12.689.269
0.383072;0.105345;13.235.147
0.411803;0.114922;12.727.576
0.383072;0.114922;11.760.319
0.325611;0.114922;10.524.911
0.258574;0.086191;8.006.210
0.210690;0.076614;7.115.568
0.210690;0.086191;6.665.458
0.191536;0.047884;6.742.072
0.268151;0.095768;8.398.860
0.325611;0.076614;9.691.729
0.344765;0.105345;10.994.174
0.354342;0.124498;12.133.814
0.421380;0.124498;13.263.878
0.411803;0.114922;13.081.918
0.363919;0.114922;11.271.901
0.316035;0.095768;10.007.763
0.277727;0.105345;8.734.048
0.229843;0.086191;7.623.138
0.181959;0.076614;6.655.881
0.191536;0.047884;6.952.762
0.239420;0.095768;7.766.790
0.316035;0.105345;8.896.853
0.373495;0.105345;11.492.168
0.402226;0.124498;12.526.464
0.402226;0.134075;13.187.263
0.411803;0.114922;12.842.498
0.383072;0.114922;11.961.432
0.344765;0.114922;10.773.908
0.268151;0.105345;9.442.732
0.220267;0.076614;7.259.220
0.210690;0.095768;6.703.765
0.201113;0.086191;6.761.226
0.277727;0.076614;8.226.477
0.325611;0.105345;9.433.155
0.363919;0.105345;10.764.331
0.402226;0.124498;12.823.344
0.430956;0.105345;13.225.570
0.402226;0.124498;13.148.955
0.392649;0.114922;12.526.464
0.316035;0.095768;10.228.029
0.277727;0.086191;8.935.161
0.229843;0.067038;7.795.521
0.181959;0.095768;6.646.304
0.201113;0.095768;6.885.724
0.220267;0.095768;7.584.831
0.344765;0.086191;9.988.609
0.373495;0.095768;11.262.324
0.383072;0.124498;12.344.504
0.383072;0.124498;13.091.495
0.383072;0.124498;12.966.996
0.383072;0.095768;12.124.237
0.373495;0.114922;10.994.174
0.268151;0.086191;8.427.590
0.239420;0.076614;7.402.872
0.210690;0.086191;6.809.110
0.201113;0.067038;6.684.611
0.248997;0.114922;8.006.210
0.287304;0.086191;9.232.041
0.354342;0.086191;10.544.065
0.383072;0.124498;12.698.846
0.411803;0.143652;13.196.839
0.411803;0.105345;13.196.839
0.354342;0.124498;11.654.974
0.335188;0.114922;10.467.450
0.287304;0.086191;9.193.734
0.248997;0.114922;7.977.480
0.201113;0.067038;6.694.188
0.210690;0.067038;6.809.110
0.268151;0.086191;8.475.474
0.306458;0.076614;9.739.613
0.363919;0.114922;11.042.058
0.383072;0.114922;12.172.121
0.411803;0.143652;13.263.878
0.402226;0.134075;13.014.880
0.392649;0.114922;12.325.351
0.363919;0.114922;11.195.287
0.248997;0.095768;8.647.857
0.239420;0.067038;7.594.408
0.220267;0.076614;6.856.994
0.220267;0.076614;7.038.953
0.229843;0.086191;7.833.828
0.296881;0.086191;8.973.468
0.383072;0.124498;11.511.322
0.402226;0.114922;12.545.617
0.430956;0.114922;13.110.648
0.430956;0.124498;13.225.570
0.373495;0.105345;11.884.817
0.354342;0.114922;10.716.447
0.287304;0.105345;9.442.732
0.248997;0.095768;7.240.066
0.201113;0.095768;6.732.495
0.181959;0.076614;6.770.802
0.258574;0.105345;8.293.514
0.316035;0.105345;9.500.193
0.354342;0.114922;10.802.638
0.383072;0.105345;11.971.008
0.421380;0.124498;13.206.416
0.411803;0.124498;13.091.495
0.392649;0.124498;12.440.272
0.325611;0.095768;10.180.145
0.258574;0.076614;8.925.584
0.239420;0.086191;7.795.521
0.220267;0.076614;7.010.222
0.191536;0.095768;6.971.915
0.229843;0.095768;7.671.022
0.287304;0.095768;8.753.201
0.363919;0.114922;11.300.632
0.392649;0.114922;12.354.081
0.392649;0.124498;13.024.457
0.402226;0.114922;13.206.416
0.373495;0.124498;12.038.046
0.335188;0.114922;10.946.290
0.306458;0.067038;9.624.691
0.239420;0.095768;7.422.025
0.210690;0.076614;6.828.263
0.181959;0.076614;6.770.802
0.229843;0.057461;8.092.402
0.306458;0.086191;9.279.925
0.344765;0.105345;10.563.218
0.363919;0.124498;11.731.588
0.411803;0.134075;13.187.263
0.392649;0.114922;13.120.225
0.402226;0.114922;12.555.194
0.344765;0.105345;10.429.143
0.287304;0.086191;9.126.697
0.248997;0.067038;7.987.057
0.201113;0.067038;6.742.072
0.210690;0.086191;6.895.301
0.239420;0.067038;7.546.524
0.277727;0.105345;8.571.242
0.373495;0.114922;11.070.788
0.392649;0.134075;12.172.121
0.411803;0.134075;12.909.535
0.402226;0.114922;12.947.843
0.392649;0.114922;12.181.698
0.373495;0.114922;11.137.826
0.316035;0.105345;9.873.688
0.239420;0.086191;7.594.408
0.220267;0.086191;6.904.878
0.191536;0.095768;6.751.649
0.258574;0.086191;7.929.596
0.325611;0.095768;9.078.813
0.335188;0.114922;10.333.375
0.402226;0.124498;12.516.887
0.421380;0.143652;13.101.071
0.411803;0.114922;13.168.109
0.392649;0.105345;12.689.269
0.344765;0.105345;10.620.679
0.268151;0.114922;9.375.694
0.248997;0.067038;8.169.016
0.220267;0.095768;6.809.110
0.210690;0.076614;6.847.417
0.210690;0.086191;7.412.448
0.268151;0.086191;8.370.130
0.354342;0.105345;10.831.368
0.383072;0.095768;11.990.162
0.392649;0.124498;12.813.767
0.402226;0.143652;13.005.303
0.392649;0.105345;12.373.235
0.373495;0.105345;11.358.093
0.287304;0.095768;8.868.123
0.248997;0.095768;7.785.944
0.220267;0.086191;7.019.799
0.210690;0.086191;6.761.226
0.229843;0.086191;7.766.790
0.287304;0.086191;8.848.969
0.335188;0.086191;10.103.531
0.373495;0.114922;12.373.235
0.392649;0.114922;13.034.034
0.402226;0.114922;13.187.263
0.363919;0.114922;11.961.432
0.363919;0.105345;10.850.522
0.296881;0.086191;9.576.807
0.248997;0.114922;8.379.706
0.201113;0.095768;6.885.724
0.201113;0.095768;6.818.686
0.220267;0.067038;7.259.220
0.325611;0.105345;9.337.387
0.344765;0.095768;10.630.256
0.383072;0.124498;11.779.472
0.411803;0.114922;12.670.115
0.402226;0.124498;13.081.918
0.392649;0.114922;12.497.733
0.373495;0.114922;11.540.052
0.296881;0.095768;9.107.543
0.248997;0.086191;7.958.326
0.201113;0.076614;7.144.298
0.210690;0.076614;6.962.338
0.239420;0.076614;7.623.138
0.268151;0.095768;8.638.280
0.335188;0.105345;9.864.111
0.402226;0.114922;12.200.851
0.402226;0.114922;12.890.382
0.402226;0.134075;13.168.109
0.392649;0.105345;12.143.391
0.335188;0.105345;11.061.212
0.306458;0.114922;9.816.227
0.239420;0.086191;7.565.677
0.220267;0.095768;6.952.762
0.210690;0.095768;6.789.956
0.220267;0.076614;7.163.452
0.287304;0.105345;9.126.697
0.354342;0.105345;10.371.682
0.383072;0.105345;11.597.513
0.411803;0.124498;13.081.918
0.430956;0.105345;13.101.071
0.383072;0.124498;12.631.808
0.335188;0.105345;10.563.218
0.287304;0.105345;9.318.233
0.268151;0.105345;8.140.285
0.220267;0.086191;7.268.796
0.210690;0.086191;6.904.878
0.220267;0.086191;7.469.909
0.268151;0.086191;8.437.167
0.363919;0.124498;10.879.252
0.373495;0.095768;11.980.585
0.411803;0.124498;12.765.883
0.402226;0.124498;13.139.379
0.392649;0.134075;12.277.467
0.354342;0.105345;11.243.171
0.316035;0.105345;10.046.070
0.239420;0.067038;7.766.790
0.220267;0.076614;7.067.683
0.210690;0.067038;6.799.533
0.248997;0.076614;7.824.251
0.296881;0.076614;8.906.430
0.344765;0.095768;10.160.992
0.363919;0.095768;11.367.670
0.411803;0.105345;12.986.150
0.421380;0.114922;13.129.802
0.402226;0.114922;12.717.999
0.344765;0.124498;10.793.061
0.306458;0.095768;9.557.653
0.248997;0.086191;8.341.399
0.229843;0.095768;7.422.025
0.210690;0.086191;6.856.994
0.229843;0.086191;7.345.411
0.268151;0.076614;8.245.630
0.363919;0.105345;10.658.986
0.383072;0.114922;11.808.203
0.411803;0.124498;12.641.385
0.411803;0.114922;13.034.034
0.402226;0.124498;12.430.696
0.363919;0.114922;11.492.168
0.325611;0.095768;10.266.336
0.258574;0.076614;7.958.326
0.229843;0.076614;7.173.028
0.210690;0.076614;6.837.840
0.239420;0.076614;7.661.446
0.258574;0.095768;8.705.317
0.335188;0.095768;9.911.995
0.392649;0.143652;12.200.851
0.421380;0.124498;12.871.228
0.402226;0.105345;13.110.648
0.430956;0.124498;12.813.767
0.344765;0.095768;10.984.597
0.306458;0.086191;9.749.189
0.268151;0.105345;8.580.819
0.201113;0.086191;6.943.185
0.210690;0.076614;6.847.417
0.220267;0.067038;7.240.066
0.239420;0.095768;8.063.671
0.325611;0.095768;10.448.297
0.373495;0.114922;11.626.244
0.402226;0.105345;12.507.310
0.411803;0.124498;13.024.457
0.383072;0.105345;12.555.194
0.383072;0.105345;11.664.551
0.287304;0.095768;9.279.925
0.248997;0.076614;8.140.285
0.239420;0.095768;7.297.527
0.210690;0.076614;6.828.263
0.239420;0.095768;7.565.677
0.248997;0.086191;8.513.782
0.316035;0.086191;9.672.575
0.363919;0.124498;11.999.739
0.383072;0.124498;12.765.883
0.421380;0.134075;13.101.071
0.392649;0.105345;12.899.959
0.344765;0.114922;11.195.287
0.306458;0.114922;9.998.186
0.248997;0.095768;7.738.060
0.220267;0.067038;7.077.260
0.229843;0.067038;6.876.147
0.220267;0.086191;7.173.028
0.306458;0.105345;8.963.891
0.354342;0.114922;10.228.029
0.373495;0.134075;11.405.977
0.411803;0.114922;12.382.812
0.421380;0.134075;13.062.764
0.402226;0.095768;12.641.385
0.363919;0.114922;11.827.356
0.316035;0.095768;9.519.346
0.258574;0.076614;8.350.976
0.239420;0.095768;7.412.448
0.210690;0.086191;6.914.454
0.229843;0.086191;7.422.025
0.258574;0.095768;8.312.668
0.325611;0.105345;9.471.462
0.373495;0.124498;11.808.203
0.392649;0.114922;12.660.539
0.392649;0.114922;13.053.187
0.392649;0.114922;12.344.504
0.354342;0.114922;11.386.824
0.306458;0.086191;10.180.145
0.239420;0.105345;7.920.019
0.239420;0.067038;7.182.605
0.220267;0.057461;6.895.301
0.210690;0.086191;7.058.106
0.277727;0.105345;8.772.355
0.325611;0.095768;9.959.879
0.354342;0.086191;11.176.133
0.402226;0.114922;12.871.228
0.411803;0.134075;13.091.495
0.392649;0.124498;12.756.307
0.335188;0.114922;10.917.560
0.316035;0.105345;9.720.459
0.268151;0.095768;8.532.935
0.229843;0.095768;7.584.831
0.210690;0.086191;6.904.878
0.239420;0.067038;7.326.257
0.258574;0.095768;8.149.862
0.363919;0.086191;10.486.604
0.373495;0.124498;11.616.667
0.392649;0.124498;12.507.310
0.411803;0.124498;12.995.727
0.392649;0.124498;12.469.003
0.373495;0.105345;11.587.936
0.325611;0.105345;10.448.297
0.248997;0.067038;8.130.709
0.229843;0.076614;7.316.680
0.220267;0.067038;6.904.878
0.239420;0.095768;7.613.562
0.268151;0.086191;8.590.396
0.316035;0.105345;9.758.766
0.363919;0.124498;10.955.867
0.383072;0.124498;12.756.307
0.411803;0.124498;13.062.764
0.402226;0.134075;12.813.767
0.344765;0.114922;11.147.403
0.306458;0.114922;9.940.725
0.277727;0.086191;8.743.625
0.220267;0.095768;7.766.790
0.220267;0.067038;6.895.301
0.220267;0.086191;7.230.489
0.239420;0.105345;7.967.903
0.344765;0.114922;10.266.336
0.383072;0.134075;11.405.977
0.383072;0.114922;12.373.235
0.411803;0.105345;13.053.187
0.411803;0.124498;12.574.347
0.363919;0.114922;11.769.896
0.316035;0.114922;10.697.293
0.239420;0.095768;8.312.668
0.239420;0.086191;7.441.179
0.229843;0.076614;6.981.492
0.239420;0.076614;7.498.640
0.258574;0.095768;8.418.014
0.287304;0.086191;9.557.653
0.373495;0.124498;10.735.600
0.411803;0.095768;12.631.808
0.440533;0.143652;13.024.457
0.411803;0.114922;12.871.228
0.354342;0.095768;11.338.940
0.325611;0.105345;10.160.992
0.268151;0.105345;8.963.891
0.239420;0.086191;7.211.336
0.229843;0.086191;6.952.762
0.229843;0.086191;7.125.144
0.277727;0.105345;8.848.969
0.335188;0.076614;10.026.917
0.354342;0.105345;11.185.710
0.392649;0.105345;12.220.005
0.402226;0.134075;13.024.457
0.383072;0.105345;12.689.269
0.363919;0.114922;11.951.855
0.296881;0.095768;9.672.575
0.268151;0.067038;8.504.205
0.229843;0.086191;7.584.831
0.220267;0.086191;7.077.260
0.239420;0.095768;7.402.872
0.258574;0.086191;8.216.900
0.325611;0.095768;9.318.233
0.363919;0.114922;11.654.974
0.402226;0.134075;12.516.887
0.421380;0.134075;12.938.266
0.430956;0.153229;12.947.843
0.363919;0.105345;11.501.745
0.325611;0.076614;10.390.836
0.287304;0.086191;9.193.734
0.210690;0.076614;7.297.527
0.220267;0.076614;6.981.492
0.210690;0.095768;7.105.990
0.277727;0.086191;8.638.280
0.296881;0.105345;9.806.650
0.344765;0.105345;10.994.174
0.363919;0.114922;12.018.892
0.411803;0.124498;13.014.880
0.392649;0.124498;12.775.460
0.392649;0.124498;12.076.353
0.306458;0.067038;9.883.265
0.277727;0.076614;8.743.625
0.248997;0.076614;7.728.483
0.201113;0.076614;6.952.762
0.220267;0.067038;7.316.680
0.239420;0.057461;8.044.518
0.277727;0.076614;9.107.543
0.354342;0.124498;11.434.708
0.392649;0.114922;12.354.081
0.411803;0.124498;12.919.112
0.411803;0.105345;12.536.040
0.344765;0.095768;11.693.281
0.354342;0.105345;10.591.949
0.296881;0.086191;9.394.848
0.229843;0.086191;7.450.756
0.201113;0.095768;7.010.222
0.229843;0.076614;7.029.376
0.287304;0.086191;8.465.898
0.316035;0.095768;9.595.961
0.344765;0.086191;10.802.638
0.392649;0.114922;12.603.078
0.411803;0.134075;12.986.150
0.402226;0.114922;12.842.498
0.383072;0.114922;12.200.851
0.316035;0.105345;10.113.108
0.287304;0.076614;8.963.891
0.258574;0.095768;7.920.019
0.220267;0.076614;6.971.915
0.210690;0.086191;7.220.912
0.239420;0.076614;7.910.442
0.335188;0.067038;10.084.377
0.363919;0.095768;11.233.594
0.411803;0.086191;12.200.851
0.392649;0.114922;12.794.614
0.392649;0.095768;12.641.385
0.392649;0.124498;11.875.240
0.344765;0.105345;10.793.061
0.258574;0.076614;8.485.051
0.229843;0.057461;7.584.831
0.229843;0.086191;7.067.683
0.201113;0.076614;7.048.530
0.268151;0.076614;8.264.784
0.306458;0.095768;9.346.964
0.344765;0.105345;10.563.218
0.392649;0.105345;12.469.003
0.392649;0.105345;12.919.112
0.383072;0.105345;12.890.382
0.363919;0.095768;11.463.438
0.306458;0.114922;10.342.952
0.277727;0.095768;9.136.273
0.268151;0.086191;8.082.825
0.210690;0.086191;7.000.646
0.239420;0.076614;7.144.298
0.239420;0.067038;7.747.637
0.335188;0.067038;9.854.534
0.354342;0.114922;11.022.904
0.373495;0.124498;12.057.199
0.411803;0.114922;12.957.419
0.392649;0.095768;12.727.576
0.383072;0.124498;12.028.469
0.306458;0.067038;9.844.957
0.277727;0.095768;8.695.741
0.248997;0.076614;7.757.214
0.220267;0.076614;7.163.452
0.210690;0.105345;7.354.988
0.277727;0.067038;8.101.978
0.287304;0.076614;9.174.581
0.335188;0.105345;10.352.529
0.411803;0.114922;12.344.504
0.411803;0.105345;12.861.651
0.402226;0.114922;12.909.535
0.373495;0.105345;11.626.244
0.335188;0.086191;10.553.641
0.287304;0.095768;9.366.117
0.229843;0.076614;7.479.486
0.220267;0.076614;7.010.222
0.210690;0.086191;7.086.837
0.239420;0.105345;7.632.715
0.316035;0.095768;9.653.421
0.354342;0.095768;10.821.792
0.363919;0.105345;11.856.087
0.411803;0.095768;12.938.266
0.411803;0.124498;12.785.037
0.383072;0.134075;12.152.967
0.354342;0.105345;11.185.710
0.268151;0.095768;8.906.430
0.229843;0.086191;7.900.866
0.229843;0.076614;7.029.376
0.229843;0.086191;7.278.373
0.220267;0.067038;7.958.326
0.335188;0.105345;10.132.261
0.344765;0.124498;11.271.901
0.383072;0.095768;12.200.851
0.402226;0.134075;12.785.037
0.402226;0.134075;12.919.112
0.363919;0.114922;11.769.896
0.344765;0.105345;10.735.600
0.306458;0.086191;9.576.807
0.239420;0.076614;7.623.138
0.191536;0.076614;7.115.568
0.220267;0.086191;7.067.683
0.268151;0.095768;8.360.553
0.316035;0.095768;9.433.155
0.354342;0.105345;10.601.525
0.373495;0.134075;11.674.128
0.402226;0.105345;12.899.959
0.402226;0.114922;12.832.921
0.373495;0.105345;12.287.044
0.316035;0.105345;10.275.913
0.287304;0.095768;9.088.389
0.239420;0.076614;8.082.825
0.239420;0.076614;7.374.141
0.220267;0.086191;7.211.336
0.229843;0.076614;7.814.674
0.296881;0.086191;8.753.201
0.363919;0.095768;11.070.788
0.383072;0.124498;12.028.469
0.402226;0.124498;12.919.112
0.402226;0.134075;12.650.962
0.373495;0.114922;11.942.278
0.335188;0.095768;10.946.290
0.296881;0.095768;9.806.650
0.239420;0.095768;7.747.637
0.229843;0.114922;7.182.605
0.220267;0.105345;7.058.106
0.258574;0.076614;8.197.746
0.296881;0.095768;9.222.465
0.335188;0.105345;10.400.413
0.402226;0.114922;12.354.081
0.411803;0.143652;12.823.344
0.392649;0.114922;12.880.805
0.402226;0.124498;12.411.542
0.335188;0.086191;10.486.604
0.296881;0.105345;9.327.810
0.248997;0.095768;8.245.630
0.229843;0.067038;7.058.106
0.239420;0.067038;7.163.452
0.229843;0.076614;7.690.176
0.306458;0.086191;9.701.305
0.344765;0.105345;10.821.792
0.373495;0.105345;11.856.087
0.402226;0.124498;12.583.924
0.402226;0.124498;12.717.999
0.383072;0.124498;12.085.930
0.363919;0.105345;11.109.096
0.268151;0.086191;8.848.969
0.248997;0.095768;7.929.596
0.229843;0.076614;7.249.643
0.210690;0.076614;7.067.683
0.248997;0.067038;8.025.364
0.287304;0.076614;9.040.505
0.344765;0.095768;10.189.722
0.392649;0.124498;12.191.275
0.402226;0.124498;12.765.883
0.402226;0.124498;12.899.959
0.354342;0.134075;11.722.012
0.335188;0.105345;10.668.563
0.287304;0.105345;9.509.769
0.268151;0.095768;8.456.321
0.239420;0.086191;7.096.414
0.220267;0.057461;7.115.568
0.248997;0.095768;7.584.831
0.316035;0.095768;9.490.616
0.325611;0.114922;10.639.832
0.373495;0.105345;11.712.435
0.392649;0.134075;12.459.426
0.411803;0.105345;12.765.883
0.383072;0.143652;12.229.582
0.373495;0.114922;11.300.632
0.296881;0.095768;9.069.236
0.258574;0.086191;8.063.671
0.229843;0.086191;7.364.564
0.220267;0.086191;7.268.796
0.239420;0.086191;7.900.866
0.268151;0.076614;8.829.816
0.354342;0.105345;11.070.788
0.392649;0.105345;12.028.469
0.411803;0.124498;12.689.269
0.411803;0.114922;12.899.959
0.392649;0.114922;11.894.394
0.344765;0.105345;10.917.560
0.296881;0.095768;9.768.343
0.248997;0.067038;7.747.637
0.229843;0.086191;7.201.759
0.229843;0.057461;7.086.837
0.229843;0.086191;7.479.486
0.287304;0.095768;9.279.925
0.306458;0.114922;10.457.873
0.373495;0.105345;11.530.476
0.402226;0.153229;12.804.191
0.392649;0.124498;12.813.767
0.383072;0.095768;12.344.504
0.354342;0.095768;11.492.168
0.287304;0.105345;9.299.079
0.248997;0.067038;8.226.477
0.239420;0.105345;7.479.486
0.239420;0.086191;7.220.912
0.239420;0.076614;7.776.367
0.268151;0.105345;8.638.280
0.335188;0.095768;10.879.252
0.354342;0.105345;11.894.394
0.392649;0.134075;12.555.194
0.402226;0.114922;12.880.805
0.373495;0.114922;12.018.892
0.344765;0.124498;11.089.942
0.296881;0.105345;9.940.725
0.239420;0.076614;7.891.289
0.229843;0.086191;7.268.796
0.220267;0.076614;7.105.990
0.248997;0.086191;8.111.555
0.296881;0.076614;9.097.966
0.335188;0.086191;10.218.452
0.373495;0.114922;11.300.632
0.392649;0.134075;12.708.423
0.392649;0.124498;12.842.498
0.383072;0.114922;12.449.849
0.335188;0.095768;10.639.832
0.306458;0.076614;9.500.193
0.268151;0.067038;8.437.167
0.248997;0.086191;7.584.831
0.220267;0.086191;7.144.298
0.239420;0.095768;7.623.138
0.268151;0.076614;8.475.474
0.363919;0.095768;10.697.293
0.392649;0.105345;11.693.281
0.402226;0.114922;12.449.849
0.383072;0.134075;12.717.999
0.392649;0.105345;12.172.121
0.354342;0.105345;11.233.594
0.316035;0.095768;10.151.415
0.258574;0.086191;8.054.094
0.229843;0.067038;7.345.411
0.201113;0.057461;7.115.568
0.268151;0.095768;7.948.750
0.287304;0.067038;8.858.546
0.316035;0.086191;9.988.609
0.392649;0.114922;12.057.199
0.411803;0.124498;12.622.231
0.392649;0.105345;12.842.498
0.383072;0.134075;12.488.156
0.325611;0.105345;10.812.215
0.306458;0.105345;9.672.575
0.268151;0.076614;8.628.703
0.239420;0.076614;7.220.912
0.201113;0.067038;7.144.298
0.248997;0.086191;7.536.947
0.258574;0.086191;8.274.361
0.335188;0.114922;10.505.757
0.373495;0.153229;11.520.899
0.411803;0.124498;12.344.504
0.430956;0.143652;12.746.730
0.383072;0.114922;12.277.467
0.354342;0.086191;11.453.861
0.296881;0.095768;9.232.041
0.277727;0.076614;8.207.323
0.220267;0.076614;7.498.640
0.229843;0.086191;7.144.298
0.239420;0.086191;7.833.828
0.287304;0.095768;8.695.741
0.316035;0.105345;9.797.073
0.383072;0.124498;11.903.971
0.392649;0.134075;12.555.194
0.411803;0.114922;12.794.614
0.354342;0.134075;11.951.855
0.325611;0.105345;11.013.328
0.316035;0.086191;9.902.418
0.268151;0.114922;8.820.239
0.229843;0.086191;7.297.527
0.229843;0.076614;7.173.028
0.220267;0.076614;7.431.602
0.296881;0.086191;9.117.120
0.325611;0.114922;10.285.490
0.363919;0.124498;11.310.209
0.392649;0.114922;12.200.851
0.392649;0.124498;12.765.883
0.383072;0.105345;12.363.658
0.383072;0.124498;11.607.090
0.306458;0.095768;9.461.885
0.277727;0.067038;8.398.860
0.239420;0.105345;7.613.562
0.229843;0.086191;7.211.336
0.248997;0.114922;7.728.483
0.277727;0.095768;8.552.089
0.335188;0.105345;10.716.447
0.373495;0.124498;11.693.281
0.402226;0.134075;12.459.426
0.411803;0.124498;12.785.037
0.392649;0.095768;12.095.507
0.354342;0.095768;11.185.710
0.325611;0.105345;10.122.684
0.248997;0.086191;8.034.941
0.210690;0.086191;7.402.872
0.210690;0.076614;7.153.875
0.229843;0.095768;7.374.141
0.287304;0.086191;8.963.891
0.335188;0.114922;10.046.070
0.363919;0.114922;11.137.826
0.392649;0.114922;12.650.962
0.421380;0.124498;12.775.460
0.402226;0.124498;12.459.426
0.354342;0.114922;10.754.754
0.296881;0.105345;9.682.152
0.287304;0.095768;8.599.973
0.248997;0.095768;7.757.214
0.210690;0.095768;7.220.912
0.258574;0.086191;7.613.562
0.258574;0.095768;8.398.860
0.344765;0.114922;10.515.334
0.373495;0.114922;11.540.052
0.373495;0.114922;12.334.928
0.402226;0.134075;12.737.153
0.392649;0.114922;12.191.275
0.363919;0.086191;11.338.940
0.316035;0.124498;10.314.221
0.258574;0.086191;8.188.169
0.229843;0.076614;7.489.063
0.229843;0.076614;7.192.182
0.229843;0.076614;7.335.834
0.258574;0.076614;8.772.355
0.296881;0.105345;9.844.957
0.363919;0.114922;10.946.290
0.402226;0.105345;12.564.771
0.411803;0.134075;12.785.037
0.392649;0.114922;12.516.887
0.344765;0.114922;10.955.867
0.316035;0.095768;9.892.841
0.287304;0.095768;8.781.932
0.268151;0.076614;7.900.866
0.239420;0.086191;7.201.759
0.248997;0.076614;7.536.947
0.258574;0.076614;8.245.630
0.344765;0.095768;10.295.067
0.373495;0.086191;11.377.247
0.392649;0.124498;12.210.428
0.392649;0.114922;12.737.153
0.402226;0.095768;12.315.774
0.354342;0.114922;11.530.476
0.325611;0.105345;10.515.334
0.248997;0.076614;8.389.283
0.229843;0.086191;7.613.562
0.210690;0.076614;7.240.066
0.248997;0.095768;7.757.214
0.277727;0.086191;8.599.973
0.306458;0.086191;9.653.421
0.354342;0.076614;10.726.024
0.402226;0.114922;12.449.849
0.411803;0.134075;12.737.153
0.402226;0.124498;12.603.078
0.363919;0.105345;11.118.672
0.325611;0.124498;10.036.493
0.277727;0.067038;8.954.314
0.220267;0.086191;7.383.718
0.220267;0.095768;7.201.759
0.229843;0.095768;7.450.756
0.258574;0.095768;8.063.671
0.335188;0.114922;10.103.531
0.335188;0.105345;11.176.133
0.392649;0.114922;12.057.199
0.402226;0.105345;12.717.999
0.402226;0.114922;12.401.965
0.373495;0.105345;11.674.128
0.354342;0.086191;10.706.870
0.277727;0.067038;8.571.242
0.248997;0.076614;7.766.790
0.210690;0.076614;7.278.373
0.229843;0.086191;7.623.138
0.268151;0.095768;8.427.590
0.316035;0.095768;9.452.309
0.363919;0.105345;11.568.783
0.402226;0.086191;12.344.504
0.402226;0.124498;12.717.999
0.402226;0.124498;12.650.962
0.363919;0.114922;11.319.786
0.325611;0.076614;10.256.760
0.277727;0.076614;9.184.157
0.220267;0.076614;7.517.793
0.220267;0.067038;7.240.066
0.229843;0.086191;7.364.564
0.296881;0.095768;8.810.662
0.325611;0.086191;9.902.418
0.344765;0.095768;10.994.174
0.373495;0.124498;11.913.548
0.411803;0.153229;12.756.307
0.402226;0.134075;12.478.580
0.383072;0.124498;11.817.780
0.325611;0.086191;9.806.650
0.258574;0.105345;8.762.778
0.239420;0.076614;7.900.866
0.220267;0.086191;7.230.489
0.248997;0.086191;7.575.254
0.268151;0.095768;8.264.784
0.316035;0.105345;9.279.925
0.354342;0.114922;11.367.670
0.354342;0.095768;12.172.121
0.402226;0.114922;12.641.385
0.383072;0.124498;12.248.735
0.373495;0.105345;11.463.438
0.335188;0.105345;10.457.873
0.277727;0.086191;8.379.706
0.248997;0.076614;7.613.562
0.239420;0.095768;7.259.220
0.220267;0.095768;7.335.834
0.268151;0.076614;8.647.857
0.325611;0.076614;9.682.152
0.344765;0.105345;10.783.484
0.411803;0.114922;12.430.696
0.411803;0.114922;12.708.423
0.411803;0.143652;12.593.501
0.363919;0.105345;11.971.008
0.306458;0.105345;9.998.186
0.287304;0.076614;8.944.737
0.248997;0.095768;8.025.364
0.229843;0.095768;7.230.489
0.220267;0.086191;7.469.909
0.258574;0.105345;8.140.285
0.316035;0.086191;10.160.992
0.363919;0.105345;11.185.710
0.373495;0.095768;12.047.623
0.402226;0.134075;12.603.078
0.392649;0.105345;12.363.658
0.344765;0.114922;11.645.397
0.316035;0.095768;10.630.256
0.248997;0.095768;8.561.666
0.239420;0.067038;7.757.214
0.220267;0.095768;7.326.257
0.210690;0.057461;7.287.950
0.277727;0.076614;8.485.051
0.306458;0.095768;9.471.462
0.363919;0.134075;11.549.629
0.392649;0.134075;12.306.197
0.402226;0.114922;12.689.269
0.411803;0.114922;12.603.078
0.363919;0.105345;11.233.594
0.306458;0.105345;10.228.029
0.287304;0.105345;9.136.273
0.268151;0.086191;8.216.900
0.239420;0.067038;7.268.796
0.210690;0.095768;7.460.332
0.258574;0.095768;7.996.634
0.306458;0.086191;9.921.572
0.354342;0.124498;10.975.020
0.373495;0.124498;11.913.548
0.402226;0.114922;12.488.156
0.373495;0.134075;12.430.696
0.373495;0.095768;11.769.896
0.344765;0.114922;10.850.522
0.287304;0.086191;8.734.048
0.239420;0.076614;7.862.558
0.220267;0.076614;7.383.718
0.248997;0.095768;7.632.715
0.258574;0.095768;8.360.553
0.306458;0.095768;9.337.387
0.325611;0.095768;10.371.682
0.392649;0.134075;12.191.275
0.402226;0.124498;12.631.808
0.402226;0.114922;12.612.655
0.373495;0.105345;11.405.977
0.296881;0.086191;10.400.413
0.277727;0.095768;9.366.117
0.239420;0.095768;7.642.292
0.210690;0.095768;7.307.104
0.229843;0.086191;7.393.295
0.248997;0.086191;7.900.866
0.325611;0.095768;9.730.036
0.354342;0.076614;10.831.368
0.373495;0.114922;11.779.472
0.402226;0.134075;12.679.692
0.383072;0.105345;12.497.733
0.363919;0.095768;11.903.971
0.325611;0.086191;11.013.328
0.258574;0.086191;8.906.430
0.268151;0.105345;8.034.941
0.248997;0.067038;7.441.179
0.239420;0.076614;7.556.100
0.248997;0.076614;8.197.746
0.296881;0.105345;9.136.273
0.363919;0.124498;11.204.864
0.392649;0.114922;12.028.469
0.411803;0.124498;12.526.464
0.383072;0.114922;12.296.620
0.373495;0.105345;11.568.783
0.344765;0.095768;10.582.372
0.287304;0.095768;9.528.923
0.220267;0.086191;7.757.214
0.220267;0.086191;7.354.988
0.239420;0.076614;7.354.988
0.248997;0.076614;8.571.242
0.296881;0.086191;9.567.230
0.316035;0.095768;10.611.102
0.383072;0.124498;11.587.936
0.402226;0.114922;12.650.962
0.383072;0.134075;12.536.040
0.373495;0.105345;12.028.469
0.325611;0.095768;10.170.568
0.268151;0.076614;9.126.697
0.239420;0.067038;8.188.169
0.248997;0.067038;7.546.524
0.220267;0.105345;7.489.063
0.258574;0.086191;8.044.518
0.268151;0.076614;8.935.161
0.363919;0.105345;11.032.481
0.363919;0.105345;11.913.548
0.402226;0.114922;12.469.003
0.383072;0.105345;12.363.658
0.363919;0.105345;11.683.704
0.344765;0.105345;10.773.908
0.316035;0.105345;9.701.305
0.248997;0.067038;7.872.135
0.239420;0.076614;7.441.179
0.210690;0.086191;7.364.564
0.268151;0.095768;8.398.860
0.306458;0.114922;9.346.964
0.335188;0.105345;10.429.143
0.392649;0.105345;12.172.121
0.373495;0.086191;12.593.501
0.392649;0.114922;12.593.501
0.363919;0.134075;12.152.967
0.316035;0.105345;10.342.952
0.296881;0.105345;9.299.079
0.220267;0.076614;7.335.834
0.229843;0.086191;7.469.909
0.239420;0.086191;7.948.750
0.296881;0.095768;9.806.650
0.354342;0.114922;10.860.099
0.373495;0.105345;11.741.165
0.402226;0.105345;12.382.812
0.402226;0.134075;12.421.119
0.373495;0.105345;11.875.240
0.325611;0.105345;10.936.713
0.296881;0.086191;8.887.277
0.268151;0.076614;8.015.787
0.239420;0.095768;7.469.909
0.277727;0.086191;7.613.562
0.258574;0.095768;8.255.207
0.296881;0.114922;9.184.157
0.325611;0.095768;10.256.760
0.354342;0.095768;12.028.469
0.383072;0.095768;12.536.040
0.411803;0.114922;12.603.078
0.373495;0.095768;11.482.592
0.335188;0.076614;10.572.795
0.296881;0.095768;9.500.193
0.258574;0.086191;8.532.935
0.220267;0.076614;7.364.564
0.248997;0.057461;7.441.179
0.248997;0.095768;7.843.405
0.296881;0.105345;9.576.807
0.325611;0.114922;10.658.986
0.363919;0.134075;11.597.513
0.402226;0.114922;12.603.078
0.421380;0.124498;12.469.003
0.383072;0.114922;11.961.432
0.344765;0.095768;11.137.826
0.277727;0.076614;9.040.505
0.239420;0.086191;8.159.439
0.239420;0.076614;7.565.677
0.239420;0.067038;7.546.524
0.268151;0.076614;8.130.709
0.287304;0.086191;9.011.775
0.306458;0.095768;10.026.917
0.383072;0.105345;11.894.394
0.392649;0.114922;12.593.501
0.354342;0.105345;11.635.820
0.335188;0.095768;10.745.177
0.287304;0.095768;9.662.998
0.248997;0.047884;7.872.135
0.248997;0.086191;7.460.332
0.229843;0.095768;7.422.025
0.239420;0.067038;7.747.637
0.306458;0.095768;9.423.578
0.325611;0.114922;10.448.297
0.373495;0.124498;11.434.708
0.402226;0.124498;12.583.924
0.411803;0.124498;12.516.887
0.373495;0.114922;12.076.353
0.335188;0.105345;11.281.479
0.296881;0.105345;9.260.772
0.239420;0.095768;8.331.821
0.239420;0.095768;7.661.446
0.239420;0.076614;7.460.332
0.258574;0.114922;8.006.210
0.287304;0.095768;8.820.239
0.344765;0.124498;10.879.252
0.392649;0.134075;11.760.319
0.383072;0.086191;12.382.812
0.392649;0.134075;12.603.078
0.373495;0.105345;11.798.626
0.344765;0.114922;10.888.829
0.306458;0.095768;9.873.688
0.239420;0.095768;8.054.094
0.239420;0.095768;7.479.486
0.239420;0.057461;7.345.411
0.229843;0.076614;7.661.446
0.296881;0.095768;9.222.465
0.354342;0.114922;11.262.324
0.354342;0.114922;11.262.324
0.411803;0.105345;12.497.733
0.392649;0.105345;12.574.347
0.402226;0.105345;12.172.121
0.335188;0.086191;10.496.181
0.277727;0.095768;9.461.885
0.258574;0.076614;8.475.474
0.229843;0.076614;7.776.367
0.220267;0.076614;7.479.486
0.248997;0.095768;7.891.289
0.277727;0.095768;8.686.164
0.354342;0.105345;10.668.563
0.354342;0.095768;11.616.667
0.383072;0.134075;12.248.735
0.411803;0.114922;12.430.696
0.373495;0.124498;11.903.971
0.344765;0.095768;11.089.942
0.325611;0.105345;10.065.224
0.268151;0.095768;8.169.016
0.229843;0.076614;7.594.408
0.239420;0.095768;7.393.295
0.258574;0.086191;8.159.439
0.287304;0.086191;9.040.505
0.316035;0.105345;10.074.800
0.344765;0.114922;11.070.788
0.373495;0.114922;12.440.272
0.402226;0.114922;12.574.347
0.373495;0.095768;12.277.467
0.344765;0.095768;10.649.409
0.296881;0.086191;9.653.421
0.268151;0.086191;8.676.587
0.220267;0.095768;7.489.063
0.239420;0.076614;7.450.756
0.239420;0.086191;7.795.521
0.268151;0.095768;8.523.358
0.344765;0.105345;10.467.450
0.363919;0.124498;11.434.708
0.373495;0.114922;12.191.275
0.392649;0.114922;12.478.580
0.363919;0.114922;12.047.623
0.344765;0.086191;11.252.748
0.277727;0.086191;9.222.465
0.258574;0.105345;8.312.668
0.229843;0.076614;7.671.022
0.248997;0.086191;7.450.756
0.248997;0.047884;8.063.671
0.287304;0.095768;8.906.430
0.335188;0.114922;9.873.688
0.373495;0.114922;11.798.626
0.392649;0.114922;12.354.081
0.411803;0.095768;12.583.924
0.402226;0.114922;12.354.081
0.335188;0.105345;10.850.522
0.306458;0.086191;9.844.957
0.277727;0.105345;8.848.969
0.239420;0.095768;7.546.524
0.220267;0.076614;7.422.025
0.229843;0.086191;7.738.060
0.287304;0.086191;9.308.656
0.325611;0.095768;10.304.645
0.363919;0.124498;11.281.479
0.392649;0.114922;12.057.199
0.383072;0.114922;12.526.464
0.402226;0.134075;12.124.237
0.325611;0.105345;10.438.720
0.287304;0.095768;9.385.271
0.248997;0.076614;8.485.051
0.248997;0.067038;7.766.790
0.229843;0.076614;7.508.216
0.258574;0.086191;7.967.903
0.277727;0.086191;8.734.048
0.296881;0.095768;9.691.729
0.383072;0.124498;11.587.936
0.383072;0.105345;12.258.312
0.392649;0.124498;12.545.617
0.363919;0.114922;11.856.087
0.354342;0.095768;11.022.904
0.316035;0.105345;10.026.917
0.296881;0.095768;9.011.775
0.229843;0.086191;7.613.562
0.229843;0.076614;7.431.602
0.268151;0.067038;8.226.477
0.277727;0.114922;9.107.543
0.325611;0.114922;10.093.954
0.354342;0.095768;11.118.672
0.411803;0.114922;12.421.119
0.402226;0.105345;12.516.887
0.383072;0.095768;12.210.428
0.363919;0.114922;11.530.476
0.306458;0.086191;9.624.691
0.277727;0.095768;8.667.010
0.258574;0.095768;7.900.866
0.248997;0.047884;7.460.332
0.248997;0.086191;7.872.135
0.296881;0.105345;8.571.242
0.325611;0.105345;10.534.488
0.373495;0.095768;11.463.438
0.402226;0.114922;12.507.310
0.402226;0.124498;12.449.849
0.373495;0.114922;11.942.278
0.354342;0.105345;11.176.133
0.316035;0.105345;10.228.029
0.268151;0.067038;8.312.668
0.239420;0.105345;7.680.599
0.229843;0.095768;7.479.486
0.248997;0.095768;7.603.985
0.277727;0.095768;8.973.468
0.316035;0.095768;9.931.149
0.344765;0.105345;10.927.136
0.402226;0.124498;12.354.081
0.392649;0.114922;12.526.464
0.383072;0.124498;12.306.197
0.335188;0.124498;10.812.215
0.296881;0.076614;9.806.650
0.229843;0.086191;8.025.364
0.229843;0.086191;7.575.254
0.248997;0.095768;7.460.332
0.248997;0.095768;7.776.367
0.268151;0.105345;8.427.590
0.316035;0.095768;10.362.105
0.363919;0.095768;11.291.056
0.363919;0.134075;12.047.623
0.392649;0.095768;12.478.580
0.383072;0.114922;12.076.353
0.354342;0.086191;11.329.363
0.325611;0.105345;10.429.143
0.258574;0.067038;8.504.205
0.258574;0.076614;7.814.674
0.258574;0.076614;7.469.909
0.248997;0.095768;8.025.364
0.287304;0.105345;8.772.355
0.296881;0.095768;9.749.189
0.335188;0.114922;10.726.024
0.392649;0.124498;12.258.312
0.392649;0.124498;12.497.733
0.392649;0.124498;12.354.081
0.335188;0.105345;10.984.597
0.325611;0.086191;9.998.186
0.277727;0.105345;8.992.621
0.239420;0.086191;7.623.138
0.239420;0.095768;7.479.486
0.239420;0.105345;7.671.022
0.277727;0.076614;8.293.514
0.316035;0.095768;10.132.261
0.335188;0.114922;11.118.672
0.354342;0.105345;11.894.394
0.392649;0.153229;12.488.156
0.383072;0.105345;12.181.698
0.354342;0.114922;11.501.745
0.296881;0.095768;9.567.230
0.258574;0.095768;8.628.703
0.248997;0.095768;7.910.442
0.239420;0.047884;7.498.640
0.239420;0.086191;7.920.019
0.268151;0.076614;8.609.550
0.296881;0.076614;9.519.346
0.344765;0.086191;11.473.015
0.392649;0.114922;12.152.967
0.402226;0.124498;12.469.003
0.354342;0.105345;11.913.548
0.354342;0.105345;11.118.672
0.316035;0.105345;10.180.145
0.296881;0.095768;9.184.157
0.229843;0.057461;7.728.483
0.239420;0.095768;7.489.063
0.258574;0.105345;7.623.138
0.277727;0.086191;8.983.045
0.316035;0.124498;9.959.879
0.344765;0.124498;10.898.406
0.363919;0.114922;11.741.165
0.402226;0.134075;12.469.003
0.392649;0.095768;12.239.159
0.373495;0.076614;11.616.667
0.316035;0.095768;9.749.189
0.268151;0.105345;8.801.085
0.229843;0.105345;8.063.671
0.248997;0.095768;7.508.216
0.258574;0.067038;7.814.674
0.258574;0.076614;8.485.051
0.383072;0.114922;11.291.056
0.373495;0.095768;12.018.892
0.392649;0.105345;12.430.696
0.383072;0.124498;12.009.315
0.363919;0.114922;11.291.056
0.316035;0.105345;10.381.259
0.296881;0.114922;9.375.694
0.239420;0.086191;7.833.828
0.229843;0.105345;7.508.216
0.229843;0.095768;7.594.408
0.306458;0.076614;8.820.239
0.306458;0.105345;9.749.189
0.306458;0.086191;10.754.754
0.411803;0.124498;12.229.582
0.402226;0.124498;12.449.849
0.411803;0.114922;12.296.620
0.363919;0.086191;11.731.588
0.306458;0.105345;9.950.302
0.248997;0.095768;9.002.198
0.248997;0.086191;8.159.439
0.239420;0.067038;7.498.640
0.258574;0.086191;7.776.367
0.277727;0.095768;8.360.553
0.316035;0.095768;10.180.145
0.363919;0.114922;11.137.826
0.373495;0.105345;11.884.817
0.392649;0.105345;12.344.504
0.383072;0.124498;12.114.660
0.344765;0.105345;11.444.284
0.325611;0.114922;10.515.334
0.248997;0.067038;8.647.857
0.258574;0.076614;7.929.596
0.220267;0.086191;7.546.524
0.258574;0.076614;7.584.831
0.268151;0.076614;8.686.164
0.316035;0.067038;9.605.537
0.344765;0.105345;10.591.949
0.373495;0.114922;12.133.814
0.402226;0.105345;12.449.849
0.383072;0.134075;12.344.504
0.344765;0.124498;11.080.365
0.316035;0.105345;10.113.108
0.277727;0.086191;9.184.157
0.258574;0.076614;8.293.514
0.229843;0.086191;7.498.640
0.239420;0.076614;7.699.753
0.258574;0.105345;8.197.746
0.306458;0.076614;9.988.609
0.344765;0.095768;10.965.444
0.363919;0.114922;11.760.319
0.411803;0.134075;12.287.044
0.373495;0.124498;12.191.275
0.383072;0.114922;11.559.206
0.316035;0.105345;10.716.447
0.277727;0.105345;8.791.509
0.248997;0.095768;8.054.094
0.239420;0.076614;7.594.408
0.258574;0.095768;7.872.135
0.287304;0.086191;8.513.782
0.296881;0.105345;9.423.578
0.344765;0.105345;10.390.836
0.373495;0.114922;12.018.892
0.411803;0.105345;12.373.235
0.383072;0.114922;12.382.812
0.354342;0.114922;11.233.594
0.316035;0.095768;10.304.645
0.287304;0.114922;9.346.964
0.248997;0.095768;7.824.251
0.239420;0.076614;7.632.715
0.248997;0.086191;8.121.132
0.306458;0.105345;9.835.381
0.335188;0.095768;10.773.908
0.373495;0.134075;11.645.397
0.383072;0.105345;12.421.119
0.383072;0.143652;12.258.312
0.373495;0.124498;11.731.588
0.344765;0.095768;10.879.252
0.277727;0.076614;8.954.314
0.258574;0.095768;8.159.439
0.239420;0.076614;7.690.176
0.258574;0.067038;7.814.674
0.248997;0.086191;8.398.860
0.287304;0.067038;9.232.041
0.344765;0.105345;11.147.403
0.383072;0.105345;11.884.817
0.392649;0.124498;12.354.081
0.402226;0.134075;12.401.965
0.344765;0.095768;11.386.824
0.335188;0.105345;10.486.604
0.296881;0.105345;9.519.346
0.258574;0.076614;7.939.173
0.239420;0.095768;7.556.100
0.248997;0.076614;7.613.562
0.296881;0.086191;8.714.894
0.325611;0.095768;9.624.691
0.316035;0.105345;10.601.525
0.363919;0.095768;11.492.168
0.411803;0.134075;12.411.542
0.392649;0.124498;12.296.620
0.373495;0.124498;11.798.626
0.325611;0.114922;10.093.954
0.287304;0.086191;9.136.273
0.258574;0.114922;8.322.245
0.229843;0.086191;7.776.367
0.239420;0.105345;7.738.060
0.248997;0.067038;8.283.937
0.296881;0.095768;9.107.543
0.335188;0.114922;10.994.174
0.373495;0.124498;11.760.319
0.383072;0.114922;12.277.467
0.363919;0.114922;12.143.391
0.363919;0.086191;11.511.322
0.335188;0.105345;10.649.409
0.296881;0.095768;9.682.152
0.268151;0.086191;8.044.518
0.239420;0.095768;7.642.292
0.229843;0.076614;7.603.985
0.277727;0.114922;8.599.973
0.287304;0.086191;9.452.309
0.316035;0.086191;10.448.297
0.373495;0.114922;11.338.940
0.402226;0.114922;12.373.235
0.402226;0.114922;12.334.928
0.373495;0.114922;11.913.548
0.325611;0.095768;10.247.183
0.277727;0.105345;9.289.502
0.258574;0.076614;8.446.744
0.210690;0.086191;7.565.677
0.220267;0.086191;7.690.176
0.268151;0.095768;8.140.285
0.277727;0.086191;8.935.161
0.335188;0.114922;10.793.061
0.363919;0.124498;11.626.244
0.392649;0.105345;12.210.428
0.383072;0.095768;12.210.428
0.363919;0.114922;11.607.090
0.306458;0.105345;10.812.215
0.277727;0.086191;8.944.737
0.248997;0.105345;8.169.016
0.248997;0.095768;7.709.330
0.239420;0.076614;7.594.408
0.258574;0.095768;8.465.898
0.316035;0.105345;9.289.502
0.296881;0.105345;10.256.760
0.383072;0.124498;11.903.971
0.392649;0.105345;12.306.197
0.392649;0.095768;12.344.504
0.383072;0.114922;11.990.162
0.325611;0.105345;10.419.566
0.296881;0.095768;9.452.309
0.268151;0.076614;8.599.973
0.258574;0.086191;7.623.138
0.258574;0.105345;7.651.869
0.268151;0.086191;8.082.825
0.316035;0.086191;9.662.998
0.335188;0.076614;10.630.256
0.363919;0.105345;11.482.592
0.392649;0.105345;12.114.660
0.402226;0.114922;12.239.159
0.354342;0.143652;11.750.742
0.335188;0.114922;10.984.597
0.277727;0.086191;9.088.389
0.248997;0.095768;8.293.514
0.229843;0.057461;7.776.367
0.248997;0.076614;7.785.944
0.287304;0.095768;8.341.399
0.316035;0.086191;9.136.273
0.316035;0.114922;10.074.800
0.373495;0.105345;11.769.896
0.373495;0.105345;12.258.312
0.402226;0.105345;12.354.081
0.363919;0.124498;11.473.015
0.335188;0.105345;10.582.372
0.287304;0.105345;9.624.691
0.268151;0.095768;8.781.932
0.239420;0.086191;7.661.446
0.239420;0.095768;7.632.715
0.268151;0.076614;7.958.326
0.316035;0.086191;9.528.923
0.325611;0.095768;10.477.027
0.373495;0.114922;11.338.940
0.411803;0.114922;12.306.197
0.392649;0.134075;12.287.044
0.363919;0.114922;11.875.240
0.344765;0.105345;11.118.672
0.296881;0.095768;9.270.349
0.248997;0.086191;8.456.321
0.248997;0.086191;7.833.828
0.248997;0.086191;7.766.790
0.268151;0.086191;8.216.900
0.287304;0.105345;8.983.045
0.335188;0.095768;10.831.368
0.363919;0.114922;11.645.397
0.392649;0.095768;12.172.121
0.402226;0.124498;12.363.658
0.354342;0.095768;11.587.936
0.335188;0.086191;10.754.754
0.306458;0.086191;9.816.227
0.239420;0.076614;8.178.593
0.258574;0.086191;7.718.906
0.239420;0.086191;7.603.985
0.239420;0.086191;7.910.442
0.287304;0.105345;9.346.964
0.335188;0.114922;10.304.645
0.344765;0.086191;11.204.864
0.392649;0.095768;12.267.890
0.402226;0.134075;12.315.774
0.373495;0.124498;11.932.701
0.316035;0.095768;10.371.682
0.296881;0.086191;9.452.309
0.268151;0.086191;8.552.089
0.248997;0.076614;7.958.326
0.248997;0.086191;7.699.753
0.277727;0.086191;8.140.285
0.306458;0.114922;8.839.393
0.335188;0.105345;10.678.140
0.373495;0.105345;11.492.168
0.373495;0.095768;12.095.507
0.383072;0.095768;12.200.851
0.354342;0.105345;11.674.128
0.344765;0.095768;10.917.560
0.296881;0.086191;10.017.340
0.239420;0.114922;8.322.245
0.229843;0.095768;7.776.367
0.239420;0.086191;7.623.138
0.258574;0.086191;8.389.283
0.287304;0.105345;9.212.888
0.316035;0.086191;10.113.108
0.335188;0.124498;11.003.751
0.383072;0.105345;12.220.005
0.402226;0.095768;12.344.504
0.373495;0.105345;12.028.469
0.316035;0.095768;10.553.641
0.306458;0.095768;9.595.961
0.268151;0.095768;8.734.048
0.239420;0.076614;7.661.446
0.248997;0.095768;7.661.446
0.248997;0.105345;8.044.518
0.287304;0.095768;9.557.653
0.316035;0.124498;10.505.757
0.354342;0.105345;11.348.516
0.392649;0.124498;11.990.162
0.392649;0.114922;12.220.005
0.354342;0.114922;11.789.049
0.354342;0.105345;11.070.788
0.306458;0.114922;10.151.415
0.239420;0.105345;8.437.167
0.229843;0.086191;7.862.558
0.268151;0.086191;7.661.446
0.277727;0.076614;8.283.937
0.296881;0.086191;9.040.505
0.306458;0.105345;9.959.879
0.373495;0.124498;11.664.551
0.402226;0.124498;12.162.544
0.411803;0.124498;12.325.351
0.383072;0.124498;12.085.930
0.335188;0.095768;10.716.447
0.316035;0.105345;9.787.497
0.268151;0.105345;8.887.277
0.239420;0.086191;7.747.637
0.258574;0.076614;7.671.022
0.268151;0.114922;7.967.903
0.296881;0.086191;9.394.848
0.325611;0.114922;10.333.375
0.354342;0.105345;11.243.171
0.383072;0.114922;11.894.394
0.392649;0.124498;12.258.312
0.411803;0.134075;11.875.240
0.354342;0.124498;11.204.864
0.287304;0.095768;9.404.425
0.268151;0.095768;8.542.512
0.239420;0.095768;7.948.750
0.229843;0.076614;7.690.176
0.277727;0.076614;8.178.593
0.277727;0.095768;8.906.430
0.296881;0.124498;9.749.189
0.354342;0.095768;11.540.052
0.363919;0.134075;12.095.507
0.402226;0.105345;12.296.620
0.363919;0.114922;11.626.244
0.325611;0.105345;10.888.829
0.316035;0.095768;9.959.879
0.277727;0.095768;9.030.929
0.229843;0.086191;7.814.674
0.258574;0.067038;7.671.022
0.248997;0.086191;7.881.712
0.287304;0.105345;9.260.772
0.325611;0.114922;10.170.568
0.335188;0.114922;11.042.058
0.392649;0.114922;12.200.851
0.392649;0.114922;12.306.197
0.373495;0.114922;11.980.585
0.354342;0.095768;11.329.363
0.296881;0.086191;9.548.077
0.268151;0.095768;8.695.741
0.248997;0.076614;8.073.248
0.258574;0.095768;7.718.906
0.239420;0.076614;8.073.248
0.248997;0.086191;8.753.201
0.296881;0.086191;9.605.537
0.354342;0.124498;11.358.093
0.392649;0.124498;12.009.315
0.402226;0.105345;12.191.275
0.363919;0.105345;11.760.319
0.354342;0.124498;11.032.481
0.325611;0.076614;10.113.108
0.258574;0.095768;8.398.860
0.248997;0.105345;7.900.866
0.239420;0.086191;7.671.022
0.268151;0.086191;8.331.821
0.287304;0.095768;9.069.236
0.316035;0.105345;9.988.609
0.325611;0.114922;10.927.136
0.383072;0.134075;12.133.814
0.373495;0.124498;12.306.197
0.402226;0.105345;12.047.623
0.335188;0.095768;10.687.716
0.306458;0.105345;9.720.459
0.277727;0.095768;8.868.123
0.258574;0.105345;8.159.439
0.239420;0.095768;7.709.330
0.239420;0.076614;8.006.210
0.277727;0.086191;8.619.126
0.316035;0.124498;10.381.259
0.354342;0.095768;11.214.440
0.363919;0.124498;11.865.664
0.402226;0.095768;12.229.582
0.383072;0.134075;11.846.510
0.363919;0.105345;11.204.864
0.316035;0.105345;10.295.067
0.248997;0.105345;8.561.666
0.239420;0.076614;7.977.480
0.258574;0.105345;7.709.330
0.258574;0.095768;8.255.207
0.296881;0.095768;8.935.161
0.325611;0.086191;9.816.227
0.335188;0.095768;10.735.600
0.392649;0.105345;12.057.199
0.383072;0.095768;12.277.467
0.373495;0.124498;12.105.083
0.335188;0.105345;10.812.215
0.306458;0.114922;9.911.995
0.296881;0.105345;9.021.352
0.229843;0.086191;7.805.098
0.229843;0.114922;7.699.753
0.268151;0.095768;7.900.866
0.335188;0.105345;10.170.568
0.344765;0.105345;11.070.788
0.354342;0.105345;11.741.165
0.411803;0.143652;12.267.890
0.383072;0.095768;11.932.701
0.363919;0.095768;11.310.209
0.277727;0.095768;9.548.077
0.258574;0.086191;8.705.317
0.229843;0.086191;8.073.248
0.239420;0.095768;7.728.483
0.258574;0.095768;8.149.862
0.268151;0.086191;8.810.662
0.287304;0.095768;9.653.421
0.354342;0.114922;11.367.670
0.373495;0.124498;11.951.855
0.383072;0.114922;12.248.735
0.373495;0.105345;12.162.544
0.335188;0.086191;10.965.444
0.306458;0.114922;10.074.800
0.287304;0.086191;9.145.850
0.258574;0.057461;7.910.442
0.239420;0.086191;7.699.753
0.258574;0.095768;7.891.289
0.287304;0.095768;8.379.706
0.325611;0.114922;10.026.917
0.354342;0.105345;10.936.713
0.402226;0.134075;12.143.391
0.383072;0.124498;12.258.312
0.373495;0.114922;11.999.739
0.363919;0.124498;11.405.977
0.306458;0.105345;9.682.152
0.277727;0.124498;8.829.816
0.239420;0.095768;8.159.439
0.229843;0.105345;7.785.944
0.258574;0.095768;8.054.094
0.268151;0.086191;8.647.857
0.296881;0.086191;9.490.616
0.373495;0.105345;11.281.479
0.402226;0.124498;11.884.817
0.392649;0.124498;12.229.582
0.363919;0.114922;11.789.049
0.354342;0.095768;11.137.826
0.316035;0.105345;10.247.183
0.287304;0.105345;9.327.810
0.248997;0.086191;7.987.057
0.239420;0.095768;7.718.906
0.229843;0.076614;7.833.828
0.287304;0.076614;9.002.198
0.325611;0.086191;9.883.265
0.335188;0.134075;10.735.600
0.344765;0.114922;11.530.476
0.392649;0.114922;12.220.005
0.383072;0.114922;12.057.199
0.363919;0.124498;11.501.745
0.306458;0.095768;9.864.111
0.277727;0.067038;9.011.775
0.258574;0.076614;8.303.091
0.258574;0.086191;7.747.637
0.248997;0.086191;7.958.326
0.258574;0.076614;8.523.358
0.277727;0.086191;9.337.387
0.354342;0.105345;11.089.942
0.363919;0.114922;11.760.319
0.392649;0.105345;12.172.121
0.373495;0.124498;11.846.510
0.354342;0.114922;11.233.594
0.316035;0.105345;10.381.259
0.248997;0.086191;8.686.164
0.258574;0.086191;8.054.094
0.248997;0.086191;7.776.367
0.239420;0.095768;7.824.251
0.306458;0.076614;8.848.969
0.316035;0.095768;9.691.729
0.354342;0.124498;11.396.400
0.373495;0.124498;11.961.432
0.392649;0.105345;12.210.428
0.392649;0.124498;12.105.083
0.335188;0.086191;10.927.136
0.316035;0.095768;10.017.340
0.268151;0.095768;9.136.273
0.268151;0.067038;8.389.283
0.268151;0.095768;7.709.330
0.248997;0.086191;7.939.173
0.277727;0.076614;9.174.581
0.287304;0.086191;10.093.954
0.344765;0.095768;10.936.713
0.363919;0.105345;11.645.397
0.392649;0.124498;12.114.660
0.383072;0.114922;11.932.701
0.344765;0.105345;11.358.093
0.325611;0.114922;10.553.641
0.258574;0.095768;8.781.932
0.248997;0.095768;8.169.016
0.248997;0.086191;7.814.674
0.277727;0.086191;8.092.402
0.277727;0.086191;8.724.471
0.296881;0.086191;9.538.500
0.316035;0.105345;10.429.143
0.373495;0.134075;11.884.817
0.392649;0.124498;12.220.005
0.383072;0.124498;12.143.391
0.354342;0.124498;11.051.635
0.316035;0.067038;10.170.568
0.287304;0.105345;9.289.502
0.248997;0.095768;8.561.666
0.229843;0.086191;7.785.944
0.248997;0.086191;7.881.712
0.258574;0.076614;8.312.668
0.325611;0.114922;9.902.418
0.344765;0.114922;10.793.061
0.373495;0.105345;11.540.052
0.411803;0.124498;12.220.005
0.373495;0.095768;11.990.162
0.373495;0.134075;11.482.592
0.344765;0.114922;10.697.293
0.268151;0.095768;8.963.891
0.239420;0.114922;8.255.207
0.248997;0.076614;7.862.558
0.248997;0.086191;8.025.364
0.277727;0.086191;8.628.703
0.306458;0.095768;9.404.425
0.335188;0.114922;11.118.672
0.373495;0.124498;11.769.896
0.373495;0.124498;12.143.391
0.373495;0.124498;12.181.698
0.354342;0.095768;11.185.710
0.344765;0.105345;10.333.375
0.316035;0.114922;9.452.309
0.239420;0.086191;8.092.402
0.248997;0.086191;7.814.674
0.248997;0.086191;7.833.828
0.258574;0.105345;8.906.430
0.296881;0.095768;9.749.189
0.335188;0.095768;10.639.832
0.354342;0.095768;11.405.977
0.402226;0.124498;12.191.275
0.373495;0.124498;12.066.776
0.354342;0.095768;11.578.360
0.296881;0.086191;9.969.456
0.277727;0.076614;9.136.273
0.258574;0.095768;8.398.860
0.239420;0.086191;7.929.596
0.239420;0.067038;7.977.480
0.287304;0.086191;8.475.474
0.287304;0.105345;9.270.349
0.335188;0.105345;10.936.713
0.373495;0.114922;11.674.128
0.392649;0.114922;12.095.507
0.383072;0.124498;11.913.548
0.344765;0.105345;11.319.786
0.335188;0.114922;10.486.604
0.296881;0.086191;9.615.114
0.229843;0.095768;8.178.593
0.258574;0.067038;7.852.982
0.248997;0.076614;7.824.251
0.277727;0.076614;8.781.932
0.316035;0.114922;9.586.384
0.306458;0.114922;10.477.027
0.373495;0.124498;11.875.240
0.392649;0.124498;12.162.544
0.392649;0.105345;12.114.660
0.354342;0.105345;11.683.704
0.296881;0.086191;10.141.838
0.277727;0.095768;9.270.349
0.277727;0.095768;8.523.358
0.239420;0.086191;7.776.367
0.268151;0.076614;7.900.866
0.248997;0.095768;8.389.283
0.287304;0.105345;9.078.813
0.335188;0.105345;10.802.638
0.373495;0.114922;11.520.899
0.392649;0.114922;12.047.623
0.392649;0.105345;11.951.855
0.363919;0.114922;11.425.131
0.316035;0.095768;10.649.409
0.296881;0.095768;8.944.737
0.258574;0.105345;8.283.937
0.248997;0.105345;7.881.712
0.239420;0.095768;7.805.098
0.277727;0.095768;8.647.857
0.296881;0.086191;9.414.001
0.316035;0.124498;10.323.798
0.383072;0.105345;11.789.049
0.392649;0.124498;12.133.814
0.402226;0.114922;12.143.391
0.373495;0.114922;11.779.472
0.335188;0.105345;10.323.798
0.287304;0.095768;9.442.732
0.268151;0.114922;8.638.280
0.248997;0.114922;7.833.828
0.258574;0.086191;7.891.289
0.268151;0.057461;8.283.937
0.296881;0.105345;9.797.073
0.325611;0.105345;10.658.986
0.373495;0.095768;11.425.131
0.383072;0.134075;11.942.278
0.373495;0.124498;11.990.162
0.363919;0.086191;11.530.476
0.335188;0.105345;10.812.215
0.268151;0.086191;9.097.966
0.248997;0.095768;8.379.706
0.248997;0.095768;7.948.750
0.268151;0.114922;8.025.364
0.277727;0.086191;8.561.666
0.296881;0.086191;9.279.925
0.335188;0.114922;10.170.568
0.383072;0.086191;11.654.974
0.383072;0.105345;12.057.199
0.383072;0.114922;12.124.237
0.363919;0.124498;11.233.594
0.325611;0.105345;10.457.873
0.287304;0.086191;9.576.807
0.277727;0.057461;8.781.932
0.229843;0.086191;7.862.558
0.268151;0.114922;7.852.982
0.268151;0.086191;8.207.323
0.306458;0.105345;9.653.421
0.325611;0.095768;10.496.181
0.335188;0.114922;11.291.056
0.392649;0.143652;12.162.544
0.373495;0.143652;12.066.776
0.373495;0.105345;11.616.667
0.344765;0.114922;10.955.867
0.287304;0.095768;9.251.195
0.248997;0.095768;8.025.364
0.248997;0.095768;7.987.057
0.277727;0.095768;8.437.167
0.296881;0.095768;9.165.004
0.363919;0.105345;11.568.783
0.392649;0.105345;12.018.892
0.392649;0.105345;12.133.814
0.363919;0.124498;11.377.247
0.325611;0.114922;10.601.525
0.296881;0.095768;9.758.766
0.229843;0.086191;7.881.712
0.248997;0.086191;7.862.558
0.268151;0.086191;8.140.285
0.316035;0.124498;9.471.462
0.335188;0.114922;10.333.375
0.344765;0.095768;11.166.556
0.383072;0.134075;12.105.083
0.373495;0.114922;11.702.858
0.287304;0.095768;9.404.425
0.277727;0.086191;8.619.126
0.248997;0.105345;8.063.671
0.268151;0.086191;8.341.399
0.296881;0.086191;9.021.352
0.344765;0.095768;10.678.140
0.383072;0.124498;11.971.008
0.373495;0.114922;12.162.544
0.335188;0.095768;10.754.754
0.306458;0.095768;9.921.572
0.248997;0.076614;8.398.860
0.268151;0.086191;7.958.326
0.248997;0.086191;7.805.098
0.287304;0.086191;8.609.550
0.287304;0.114922;9.346.964
0.325611;0.105345;10.199.299
0.335188;0.124498;11.032.481
0.383072;0.124498;12.047.623
0.383072;0.105345;12.095.507
0.392649;0.105345;11.798.626
0.306458;0.095768;10.409.989
0.296881;0.095768;9.538.500
0.248997;0.076614;8.753.201
0.258574;0.076614;8.188.169
0.248997;0.086191;7.900.866
0.248997;0.076614;8.255.207
0.277727;0.095768;8.877.700
0.316035;0.114922;10.534.488
0.354342;0.124498;11.291.056
0.363919;0.134075;11.846.510
0.392649;0.105345;12.009.315
0.363919;0.124498;11.568.783
0.344765;0.105345;10.898.406
0.316035;0.086191;10.065.224
0.268151;0.095768;8.494.628
0.229843;0.095768;8.025.364
0.239420;0.095768;7.852.982
0.268151;0.114922;8.494.628
0.277727;0.086191;9.203.311
0.306458;0.095768;10.055.647
0.373495;0.105345;11.540.052
0.383072;0.095768;12.009.315
0.411803;0.143652;12.124.237
0.383072;0.124498;11.884.817
0.325611;0.086191;10.553.641
0.268151;0.086191;9.701.305
0.277727;0.086191;8.896.853
0.258574;0.067038;7.900.866
0.239420;0.095768;7.881.712
0.268151;0.095768;8.169.016
0.306458;0.095768;9.557.653
0.325611;0.095768;10.371.682
0.344765;0.105345;11.137.826
0.383072;0.114922;11.769.896
0.373495;0.114922;12.028.469
0.373495;0.124498;11.693.281
0.344765;0.114922;11.032.481
0.287304;0.095768;9.356.541
0.268151;0.086191;8.619.126
0.239420;0.086191;8.082.825
0.248997;0.086191;7.852.982
0.258574;0.076614;8.379.706
0.287304;0.076614;9.078.813
0.316035;0.105345;9.892.841
0.392649;0.124498;11.405.977
0.402226;0.114922;11.951.855
0.392649;0.134075;12.124.237
0.363919;0.114922;11.405.977
0.316035;0.114922;10.706.870
0.306458;0.086191;9.873.688
0.287304;0.105345;9.040.505
0.239420;0.095768;7.996.634
0.258574;0.086191;7.891.289
0.248997;0.076614;8.140.285
0.296881;0.086191;9.394.848
0.325611;0.105345;10.218.452
0.363919;0.114922;11.032.481
0.373495;0.114922;11.645.397
0.402226;0.095768;12.066.776
0.392649;0.105345;11.750.742
0.335188;0.095768;11.166.556
0.287304;0.095768;9.519.346
0.287304;0.076614;8.753.201
0.258574;0.105345;8.178.593
0.248997;0.067038;7.958.326
0.258574;0.095768;8.312.668
0.287304;0.086191;8.944.737
0.287304;0.105345;9.730.036
0.344765;0.114922;11.300.632
0.363919;0.124498;11.836.933
0.383072;0.124498;12.095.507
0.363919;0.114922;11.530.476
0.344765;0.105345;10.840.945
0.287304;0.095768;10.017.340
0.268151;0.076614;8.494.628
0.248997;0.086191;8.054.094
0.258574;0.105345;7.891.289
0.268151;0.105345;8.015.787
0.296881;0.105345;9.222.465
0.316035;0.105345;10.093.954
0.335188;0.105345;10.869.676
0.392649;0.095768;11.971.008
0.383072;0.105345;12.047.623
0.373495;0.124498;11.817.780
0.344765;0.095768;11.262.324
0.296881;0.086191;9.662.998
0.258574;0.114922;8.887.277
0.268151;0.076614;8.274.361
0.239420;0.105345;7.920.019
0.268151;0.086191;8.226.477
0.268151;0.095768;8.829.816
0.335188;0.114922;10.409.989
0.354342;0.114922;11.185.710
0.392649;0.114922;11.760.319
0.363919;0.143652;12.066.776
0.373495;0.105345;11.616.667
0.335188;0.124498;11.003.751
0.316035;0.105345;10.189.722
0.258574;0.095768;8.609.550
0.258574;0.086191;8.130.709
0.239420;0.095768;7.920.019
0.258574;0.086191;8.044.518
0.277727;0.095768;9.107.543
0.316035;0.086191;9.921.572
0.335188;0.095768;10.735.600
0.373495;0.124498;11.923.124
0.392649;0.114922;12.057.199
0.383072;0.114922;11.884.817
0.335188;0.105345;10.630.256
0.316035;0.086191;9.835.381
0.268151;0.086191;9.030.929
0.268151;0.105345;8.408.437
0.239420;0.095768;7.920.019
0.258574;0.086191;8.140.285
0.268151;0.105345;8.686.164
0.325611;0.114922;10.256.760
0.354342;0.105345;11.042.058
0.373495;0.105345;11.674.128
0.402226;0.124498;11.999.739
0.344765;0.114922;11.702.858
0.335188;0.095768;11.089.942
0.287304;0.095768;9.471.462
0.258574;0.086191;8.695.741
0.248997;0.095768;8.197.746
0.258574;0.086191;7.987.057
0.277727;0.067038;8.331.821
0.277727;0.086191;8.983.045
0.277727;0.095768;9.768.343
0.363919;0.124498;11.319.786
0.373495;0.143652;11.836.933
0.402226;0.134075;12.076.353
0.392649;0.105345;11.932.701
0.344765;0.124498;10.793.061
0.287304;0.086191;9.174.581
0.258574;0.095768;8.054.094
0.248997;0.076614;7.929.596
0.277727;0.114922;8.580.819
0.344765;0.124498;10.907.983
0.373495;0.095768;11.587.936
0.411803;0.124498;12.028.469
0.383072;0.105345;11.750.742
0.296881;0.124498;9.653.421
0.277727;0.095768;8.887.277
0.268151;0.105345;8.293.514
0.248997;0.095768;7.987.057
0.258574;0.076614;8.293.514
0.268151;0.086191;8.877.700
0.296881;0.095768;9.615.114
0.354342;0.134075;11.204.864
0.363919;0.124498;11.769.896
0.363919;0.095768;12.028.469
0.383072;0.095768;11.980.585
0.316035;0.105345;10.113.108
0.316035;0.105345;10.113.108
0.268151;0.086191;9.327.810
0.258574;0.067038;7.910.442
0.258574;0.076614;8.034.941
0.277727;0.124498;9.145.850
0.306458;0.095768;9.959.879
0.325611;0.105345;10.754.754
0.363919;0.114922;11.444.284
0.383072;0.134075;12.028.469
0.363919;0.114922;11.846.510
0.344765;0.114922;11.310.209
0.306458;0.095768;9.758.766
0.287304;0.086191;9.002.198
0.258574;0.086191;8.379.706
0.239420;0.105345;7.958.326
0.258574;0.086191;8.207.323
0.287304;0.076614;8.743.625
0.296881;0.105345;9.481.039
0.344765;0.095768;11.080.365
0.383072;0.095768;11.654.974
0.392649;0.143652;12.009.315
0.373495;0.114922;11.674.128
0.344765;0.086191;11.042.058
0.335188;0.105345;10.285.490
0.258574;0.086191;8.734.048
0.248997;0.095768;8.197.746
0.220267;0.095768;7.948.750
0.268151;0.076614;8.054.094
0.287304;0.105345;9.030.929
0.296881;0.095768;9.797.073
0.335188;0.114922;10.601.525
0.392649;0.105345;11.808.203
0.373495;0.124498;12.047.623
0.373495;0.124498;11.884.817
0.363919;0.095768;11.453.861
0.287304;0.095768;9.940.725
0.277727;0.105345;9.165.004
0.287304;0.076614;8.494.628
0.268151;0.105345;7.939.173
0.248997;0.076614;8.159.439
0.277727;0.095768;8.638.280
0.296881;0.114922;10.160.992
0.344765;0.095768;10.955.867
0.363919;0.114922;11.568.783
0.354342;0.105345;11.750.742
0.354342;0.134075;11.185.710
0.277727;0.076614;8.858.546
0.268151;0.076614;8.283.937
0.239420;0.095768;7.977.480
0.239420;0.086191;8.006.210
0.287304;0.095768;8.944.737
0.306458;0.095768;9.662.998
0.316035;0.114922;10.467.450
0.373495;0.105345;11.722.012
0.392649;0.134075;11.999.739
0.383072;0.105345;11.913.548
0.325611;0.095768;10.879.252
0.306458;0.095768;10.103.531
0.277727;0.105345;9.279.925
0.268151;0.095768;8.609.550
0.248997;0.095768;7.958.326
0.248997;0.105345;8.092.402
0.296881;0.076614;8.532.935
0.325611;0.105345;9.988.609
0.344765;0.114922;10.802.638
0.373495;0.105345;11.434.708
0.411803;0.124498;12.009.315
0.383072;0.114922;11.760.319
0.363919;0.095768;11.291.056
0.325611;0.095768;10.591.949
0.287304;0.095768;8.963.891
0.268151;0.067038;8.379.706
0.248997;0.086191;8.054.094
0.258574;0.067038;8.274.361
0.268151;0.086191;8.801.085
0.287304;0.076614;9.509.769
0.316035;0.105345;10.333.375
0.383072;0.124498;11.951.855
0.383072;0.105345;11.971.008
0.335188;0.114922;11.013.328
0.325611;0.114922;10.208.876
0.287304;0.086191;9.414.001
0.248997;0.086191;7.987.057
0.248997;0.095768;8.082.825
0.277727;0.076614;8.485.051
0.268151;0.086191;9.854.534
0.335188;0.114922;10.649.409
0.373495;0.114922;11.348.516
0.373495;0.114922;12.009.315
0.383072;0.124498;11.856.087
0.354342;0.114922;11.396.400
0.287304;0.095768;9.136.273
0.268151;0.076614;8.475.474
0.258574;0.086191;8.082.825
0.277727;0.076614;8.197.746
0.287304;0.095768;8.676.587
0.287304;0.114922;9.385.271
0.335188;0.134075;10.955.867
0.383072;0.114922;11.923.124
0.383072;0.114922;11.961.432
0.354342;0.124498;11.128.249
0.325611;0.086191;10.371.682
0.248997;0.086191;8.283.937
0.229843;0.086191;8.044.518
0.277727;0.076614;8.954.314
0.306458;0.105345;9.701.305
0.325611;0.105345;10.496.181
0.335188;0.105345;11.195.287
0.392649;0.134075;11.971.008
0.373495;0.124498;11.903.971
0.363919;0.124498;11.453.861
0.306458;0.086191;10.046.070
0.287304;0.086191;9.270.349
0.277727;0.095768;8.619.126
0.248997;0.076614;8.169.016
0.258574;0.086191;8.121.132
0.268151;0.086191;8.571.242
0.287304;0.086191;9.241.618
0.335188;0.114922;10.831.368
0.363919;0.114922;11.453.861
0.373495;0.114922;11.856.087
0.363919;0.114922;11.769.896
0.354342;0.095768;11.252.748
0.325611;0.095768;10.544.065
0.296881;0.095768;9.739.613
0.248997;0.086191;8.389.283
0.239420;0.067038;8.054.094
0.258574;0.095768;8.015.787
0.268151;0.095768;8.829.816
0.306458;0.086191;9.548.077
0.335188;0.105345;10.362.105
0.363919;0.105345;11.664.551
0.383072;0.124498;11.942.278
0.373495;0.114922;11.903.971
0.373495;0.105345;11.587.936
0.306458;0.105345;10.228.029
0.296881;0.105345;9.394.848
0.277727;0.067038;8.724.471
0.258574;0.095768;8.006.210
0.258574;0.086191;8.092.402
0.258574;0.076614;8.465.898
0.287304;0.095768;9.117.120
0.325611;0.105345;10.658.986
0.363919;0.124498;11.338.940
0.373495;0.114922;11.808.203
0.373495;0.124498;11.798.626
0.354342;0.124498;11.338.940
0.325611;0.086191;10.639.832
0.287304;0.067038;9.097.966
0.248997;0.095768;8.485.051
0.258574;0.105345;8.092.402
0.229843;0.095768;8.054.094
0.268151;0.086191;8.753.201
0.316035;0.105345;9.414.001
0.325611;0.095768;10.199.299
0.363919;0.124498;11.578.360
0.373495;0.105345;11.913.548
0.383072;0.124498;11.932.701
0.335188;0.134075;11.070.788
0.316035;0.095768;10.342.952
0.287304;0.086191;9.567.230
0.258574;0.105345;8.829.816
0.239420;0.067038;8.034.941
0.287304;0.067038;8.063.671
0.258574;0.095768;8.418.014
0.306458;0.134075;9.739.613
0.325611;0.105345;10.524.911
0.344765;0.095768;11.214.440
0.363919;0.086191;11.722.012
0.383072;0.105345;11.836.933
0.354342;0.095768;11.444.284
0.335188;0.114922;10.802.638
0.277727;0.114922;9.232.041
0.268151;0.076614;8.590.396
0.268151;0.067038;8.159.439
0.248997;0.086191;8.197.746
0.277727;0.086191;8.619.126
0.287304;0.086191;9.289.502
0.316035;0.095768;10.065.224
0.373495;0.124498;11.434.708
0.392649;0.095768;11.846.510
0.383072;0.095768;11.932.701
0.335188;0.095768;11.214.440
0.316035;0.124498;10.477.027
0.287304;0.105345;9.691.729
0.277727;0.095768;8.360.553
0.268151;0.095768;8.092.402
0.277727;0.105345;8.063.671
0.268151;0.076614;8.341.399
0.287304;0.105345;9.586.384
0.316035;0.105345;10.390.836
0.325611;0.114922;11.080.365
0.383072;0.114922;11.932.701
0.383072;0.124498;11.875.240
0.363919;0.105345;11.520.899
0.335188;0.114922;10.917.560
0.306458;0.114922;9.385.271
0.268151;0.076614;8.695.741
0.248997;0.105345;8.216.900
0.239420;0.086191;8.169.016
0.277727;0.095768;8.523.358
0.287304;0.114922;9.155.427
0.335188;0.095768;10.706.870
0.354342;0.114922;11.358.093
0.363919;0.114922;11.798.626
0.363919;0.124498;11.923.124
0.363919;0.105345;11.300.632
0.335188;0.086191;10.611.102
0.306458;0.114922;9.816.227
0.248997;0.095768;8.504.205
0.248997;0.086191;8.034.941
0.268151;0.105345;8.283.937
0.296881;0.105345;9.461.885
0.296881;0.095768;10.237.606
0.335188;0.105345;10.975.020
0.383072;0.124498;11.894.394
0.392649;0.134075;11.913.548
0.373495;0.105345;11.587.936
0.325611;0.086191;10.323.798
0.277727;0.095768;9.528.923
0.277727;0.105345;8.839.393
0.248997;0.076614;8.312.668
0.248997;0.095768;8.121.132
0.268151;0.114922;8.446.744
0.296881;0.095768;9.021.352
0.325611;0.105345;10.572.795
0.363919;0.124498;11.233.594
0.363919;0.124498;11.741.165
0.373495;0.124498;11.798.626
0.354342;0.124498;11.415.554
0.335188;0.095768;10.745.177
0.306458;0.105345;9.969.456
0.258574;0.086191;8.580.819
0.258574;0.086191;8.159.439
0.248997;0.095768;8.063.671
0.277727;0.105345;8.667.010
0.287304;0.095768;9.308.656
0.306458;0.105345;10.074.800
0.344765;0.105345;10.879.252
0.373495;0.095768;11.808.203
0.383072;0.124498;11.923.124
0.344765;0.114922;11.674.128
0.325611;0.105345;10.457.873
0.287304;0.095768;9.634.268
0.277727;0.105345;8.925.584
0.248997;0.067038;8.073.248
0.258574;0.067038;8.092.402
0.248997;0.076614;8.370.130
0.277727;0.086191;8.916.007
0.316035;0.095768;10.419.566
0.363919;0.105345;11.109.096
0.373495;0.105345;11.626.244
0.383072;0.134075;11.856.087
0.354342;0.095768;11.463.438
0.335188;0.124498;10.879.252
0.287304;0.086191;9.346.964
0.277727;0.086191;8.686.164
0.277727;0.105345;8.226.477
0.248997;0.095768;8.063.671
0.268151;0.105345;8.580.819
0.296881;0.105345;9.193.734
0.316035;0.086191;9.950.302
0.363919;0.114922;11.338.940
0.373495;0.143652;11.798.626
0.383072;0.114922;11.923.124
0.363919;0.134075;11.702.858
0.335188;0.114922;10.582.372
0.316035;0.095768;9.816.227
0.277727;0.105345;9.069.236
0.258574;0.105345;8.130.709
0.258574;0.086191;8.063.671
0.268151;0.067038;8.293.514
0.287304;0.095768;9.500.193
0.306458;0.086191;10.237.606
0.354342;0.114922;10.984.597
0.363919;0.124498;11.549.629
0.354342;0.105345;11.856.087
0.344765;0.105345;11.549.629
0.354342;0.114922;10.984.597
0.287304;0.076614;9.509.769
0.277727;0.086191;8.820.239
0.258574;0.095768;8.312.668
0.248997;0.095768;8.159.439
0.268151;0.086191;8.513.782
0.306458;0.105345;9.088.389
0.335188;0.105345;9.816.227
0.344765;0.134075;11.214.440
0.373495;0.114922;11.702.858
0.383072;0.134075;11.894.394
0.344765;0.114922;11.377.247
0.335188;0.124498;10.697.293
0.306458;0.086191;9.940.725
0.268151;0.086191;9.203.311
0.248997;0.095768;8.197.746
0.258574;0.086191;8.063.671
0.258574;0.076614;8.255.207
0.306458;0.124498;9.385.271
0.306458;0.114922;10.122.684
0.344765;0.095768;10.860.099
0.392649;0.105345;11.808.203
0.383072;0.105345;11.884.817
0.344765;0.086191;11.616.667
0.344765;0.095768;11.109.096
0.316035;0.105345;9.662.998
0.277727;0.095768;8.925.584
0.268151;0.086191;8.398.860
0.239420;0.076614;8.130.709
0.268151;0.086191;8.418.014
0.296881;0.086191;8.983.045
0.316035;0.095768;10.419.566
0.363919;0.105345;11.109.096
0.383072;0.105345;11.607.090
0.383072;0.134075;11.856.087
0.354342;0.105345;11.415.554
0.335188;0.114922;10.821.792
0.316035;0.086191;10.103.531
0.248997;0.095768;8.686.164
0.239420;0.076614;8.274.361
0.258574;0.095768;8.092.402
0.268151;0.105345;8.619.126
0.296881;0.105345;9.241.618
0.316035;0.095768;9.998.186
0.354342;0.114922;11.358.093
0.373495;0.095768;11.760.319
0.402226;0.095768;11.865.664
0.363919;0.114922;11.683.704
0.335188;0.095768;10.544.065
0.287304;0.105345;9.768.343
0.287304;0.076614;9.050.082
0.248997;0.095768;8.504.205
0.268151;0.105345;8.111.555
0.277727;0.086191;8.370.130
0.296881;0.114922;8.848.969
0.316035;0.105345;10.275.913
0.344765;0.114922;10.994.174
0.363919;0.124498;11.530.476
0.383072;0.114922;11.846.510
0.363919;0.105345;11.511.322
0.344765;0.114922;10.965.444
0.306458;0.095768;10.237.606
0.258574;0.076614;8.781.932
0.258574;0.114922;8.312.668
0.268151;0.105345;8.092.402
0.277727;0.086191;8.561.666
0.277727;0.095768;9.136.273
0.296881;0.105345;9.844.957
0.325611;0.105345;10.582.372
0.373495;0.114922;11.702.858
0.373495;0.114922;11.865.664
0.383072;0.124498;11.741.165
0.325611;0.105345;10.668.563
0.296881;0.095768;9.921.572
0.296881;0.095768;9.184.157
0.258574;0.076614;8.207.323
0.239420;0.086191;8.101.978
0.248997;0.076614;8.303.091
0.277727;0.114922;8.753.201
0.325611;0.105345;10.141.838
0.344765;0.095768;10.869.676
0.363919;0.095768;11.444.284
0.392649;0.114922;11.846.510
0.383072;0.114922;11.607.090
0.335188;0.124498;11.051.635
0.325611;0.105345;10.362.105
0.268151;0.105345;8.896.853
0.268151;0.105345;8.398.860
0.258574;0.076614;8.159.439
0.258574;0.057461;8.456.321
0.306458;0.124498;8.983.045
0.354342;0.134075;11.128.249
0.373495;0.114922;11.607.090
0.373495;0.114922;11.827.356
0.363919;0.124498;11.386.824
0.344765;0.114922;10.773.908
0.306458;0.095768;10.065.224
0.277727;0.124498;9.318.233
0.248997;0.105345;8.274.361
0.248997;0.105345;8.121.132
0.258574;0.105345;8.264.784
0.296881;0.105345;9.299.079
0.316035;0.105345;10.017.340
0.344765;0.095768;10.754.754
0.354342;0.095768;11.358.093
0.373495;0.114922;11.884.817
0.373495;0.114922;11.654.974
0.344765;0.095768;11.156.980
0.296881;0.095768;9.749.189
0.277727;0.095768;9.030.929
0.268151;0.095768;8.494.628
0.258574;0.086191;8.140.285
0.268151;0.086191;8.389.283
0.268151;0.086191;8.896.853
0.296881;0.105345;9.557.653
0.335188;0.105345;11.022.904
0.373495;0.105345;11.540.052
0.392649;0.114922;11.798.626
0.354342;0.105345;11.492.168
0.354342;0.114922;10.907.983
0.325611;0.114922;10.170.568
0.287304;0.114922;9.461.885
0.258574;0.076614;8.341.399
0.258574;0.105345;8.140.285
0.248997;0.095768;8.236.053
0.306458;0.095768;9.155.427
0.306458;0.086191;9.883.265
0.325611;0.105345;10.591.949
0.373495;0.134075;11.674.128
0.392649;0.086191;11.827.356
0.363919;0.124498;11.683.704
0.373495;0.114922;11.291.056
0.287304;0.105345;9.864.111
0.277727;0.086191;9.145.850
0.248997;0.076614;8.552.089
0.258574;0.067038;8.121.132
0.258574;0.086191;8.341.399
0.306458;0.095768;8.801.085
0.306458;0.095768;9.423.578
0.335188;0.124498;10.879.252
0.354342;0.105345;11.473.015
0.373495;0.105345;11.798.626
0.354342;0.124498;11.530.476
0.325611;0.105345;11.013.328
0.335188;0.105345;10.352.529
0.268151;0.086191;8.925.584
0.248997;0.095768;8.408.437
0.268151;0.095768;8.149.862
0.268151;0.086191;8.197.746
0.287304;0.124498;9.050.082
0.316035;0.105345;9.739.613
0.354342;0.124498;11.128.249
0.373495;0.114922;11.607.090
0.383072;0.105345;11.827.356
0.383072;0.114922;11.712.435
0.335188;0.095768;10.754.754
0.344765;0.124498;10.007.763
0.287304;0.086191;9.308.656
0.277727;0.105345;8.676.587
0.268151;0.105345;8.130.709
0.268151;0.105345;8.303.091
0.277727;0.086191;8.714.894
0.306458;0.095768;10.055.647
0.316035;0.105345;10.783.484
0.373495;0.143652;11.358.093
0.383072;0.134075;11.808.203
0.363919;0.134075;11.607.090
0.344765;0.124498;11.128.249
0.335188;0.095768;10.438.720
0.277727;0.076614;9.030.929
0.239420;0.076614;8.504.205
0.258574;0.105345;8.197.746
0.277727;0.086191;8.446.744
0.287304;0.105345;8.916.007
0.287304;0.095768;9.586.384
0.325611;0.095768;10.342.952
0.363919;0.105345;11.549.629
0.373495;0.114922;11.808.203
0.373495;0.114922;11.760.319
0.344765;0.114922;10.860.099
0.287304;0.057461;10.180.145
0.296881;0.105345;9.414.001
0.248997;0.095768;8.341.399
0.248997;0.086191;8.178.593
0.258574;0.105345;8.236.053
0.258574;0.095768;8.638.280
0.306458;0.095768;9.902.418
0.325611;0.086191;10.630.256
0.335188;0.095768;11.252.748
0.383072;0.124498;11.808.203
0.373495;0.105345;11.674.128
0.354342;0.124498;11.195.287
0.306458;0.105345;9.835.381
0.277727;0.086191;9.145.850
0.268151;0.086191;8.571.242
0.248997;0.067038;8.245.630
0.258574;0.095768;8.379.706
0.268151;0.114922;8.839.393
0.287304;0.114922;9.490.616
0.335188;0.105345;10.898.406
0.373495;0.105345;11.444.284
0.373495;0.114922;11.779.472
0.402226;0.114922;11.779.472
0.354342;0.095768;10.955.867
0.316035;0.105345;10.256.760
0.296881;0.086191;9.548.077
0.268151;0.076614;8.398.860
0.258574;0.086191;8.178.593
0.258574;0.086191;8.236.053
0.287304;0.105345;9.097.966
0.296881;0.114922;9.777.920
0.306458;0.105345;10.486.604
0.363919;0.095768;11.195.287
0.373495;0.124498;11.817.780
0.373495;0.114922;11.693.281
0.354342;0.086191;11.300.632
0.306458;0.105345;9.988.609
0.296881;0.095768;9.260.772
0.268151;0.076614;8.686.164
0.258574;0.067038;8.140.285
0.258574;0.095768;8.331.821
0.277727;0.076614;8.762.778
0.296881;0.095768;9.375.694
0.335188;0.114922;10.802.638
0.373495;0.095768;11.348.516
0.383072;0.105345;11.702.858
0.373495;0.134075;11.578.360
0.344765;0.095768;11.070.788
0.325611;0.105345;10.429.143
0.287304;0.095768;9.682.152
0.277727;0.086191;8.494.628
0.258574;0.095768;8.188.169
0.248997;0.095768;8.216.900
0.287304;0.105345;9.002.198
0.316035;0.105345;9.662.998
0.335188;0.114922;10.371.682
0.354342;0.086191;11.061.212
0.392649;0.124498;11.808.203
0.383072;0.124498;11.741.165
0.344765;0.124498;11.377.247
0.306458;0.086191;10.093.954
0.306458;0.086191;9.404.425
0.268151;0.086191;8.781.932
0.277727;0.105345;8.197.746
0.258574;0.086191;8.293.514
0.277727;0.095768;8.676.587
0.287304;0.086191;9.260.772
0.344765;0.114922;10.658.986
0.354342;0.105345;11.262.324
0.392649;0.124498;11.635.820
0.363919;0.143652;11.616.667
0.363919;0.114922;11.156.980
0.325611;0.114922;10.544.065
0.287304;0.086191;9.126.697
0.258574;0.086191;8.552.089
0.287304;0.095768;8.255.207
0.258574;0.086191;8.188.169
0.277727;0.095768;8.906.430
0.306458;0.095768;9.519.346
0.325611;0.095768;10.247.183
0.363919;0.095768;11.415.554
0.363919;0.124498;11.741.165
0.373495;0.124498;11.444.284
0.335188;0.114922;10.888.829
0.316035;0.105345;10.256.760
0.277727;0.095768;9.528.923
0.296881;0.086191;8.896.853
0.268151;0.076614;8.197.746
0.248997;0.095768;8.255.207
0.277727;0.067038;8.609.550
0.296881;0.105345;9.816.227
0.316035;0.095768;10.534.488
0.344765;0.105345;11.137.826
0.363919;0.134075;11.635.820
0.383072;0.105345;11.693.281
0.354342;0.114922;11.262.324
0.335188;0.114922;10.668.563
0.287304;0.086191;9.232.041
0.268151;0.086191;8.667.010
0.268151;0.067038;8.303.091
0.268151;0.076614;8.360.553
0.287304;0.095768;8.791.509
0.296881;0.105345;9.414.001
0.316035;0.086191;10.093.954
0.344765;0.105345;11.358.093
0.373495;0.143652;11.722.012
0.383072;0.114922;11.769.896
0.344765;0.105345;11.022.904
0.325611;0.095768;10.390.836
0.306458;0.114922;9.643.845
0.296881;0.105345;8.992.621
0.258574;0.086191;8.226.477
0.258574;0.105345;8.245.630
0.277727;0.076614;8.504.205
0.316035;0.114922;9.682.152
0.325611;0.105345;10.390.836
0.335188;0.095768;11.061.212
0.363919;0.114922;11.789.049
0.354342;0.114922;11.683.704
0.344765;0.124498;11.348.516
0.325611;0.105345;10.773.908
0.296881;0.086191;9.375.694
0.268151;0.086191;8.724.471
0.277727;0.067038;8.360.553
0.268151;0.076614;8.312.668
0.268151;0.086191;8.695.741
0.306458;0.086191;9.308.656
0.316035;0.105345;10.678.140
0.363919;0.124498;11.271.901
0.373495;0.105345;11.674.128
0.383072;0.114922;11.750.742
0.335188;0.114922;11.118.672
0.335188;0.114922;10.457.873
0.306458;0.067038;9.787.497
0.268151;0.095768;8.580.819
0.268151;0.067038;8.293.514
0.258574;0.086191;8.207.323
0.296881;0.105345;8.935.161
0.277727;0.095768;9.557.653
0.316035;0.095768;10.285.490
0.344765;0.086191;10.946.290
0.392649;0.105345;11.731.588
0.363919;0.086191;11.712.435
0.344765;0.124498;11.396.400
0.325611;0.095768;10.218.452
0.296881;0.086191;9.471.462
0.268151;0.095768;8.858.546
0.258574;0.076614;8.408.437
0.268151;0.086191;8.283.937
0.277727;0.086191;8.599.973
0.268151;0.086191;9.193.734
0.325611;0.105345;10.582.372
0.344765;0.105345;11.166.556
0.373495;0.105345;11.626.244
0.354342;0.114922;11.635.820
0.354342;0.105345;11.233.594
0.335188;0.095768;10.601.525
0.287304;0.114922;9.911.995
0.258574;0.076614;8.647.857
0.268151;0.095768;8.322.245
0.268151;0.095768;8.236.053
0.258574;0.095768;8.848.969
0.296881;0.095768;9.442.732
0.316035;0.105345;10.151.415
0.316035;0.086191;10.812.215
0.373495;0.114922;11.712.435
0.383072;0.114922;11.722.012
0.354342;0.105345;11.482.592
0.296881;0.114922;10.295.067
0.306458;0.086191;9.624.691
0.277727;0.057461;8.992.621
0.268151;0.086191;8.236.053
0.268151;0.095768;8.255.207
0.277727;0.076614;8.552.089
0.306458;0.114922;9.739.613
0.306458;0.095768;10.429.143
0.354342;0.105345;11.070.788
0.373495;0.105345;11.559.206
0.354342;0.105345;11.616.667
0.354342;0.114922;11.281.479
0.316035;0.095768;10.745.177
0.296881;0.095768;10.036.493
0.277727;0.095768;8.753.201
0.268151;0.086191;8.350.976
0.248997;0.095768;8.236.053
0.287304;0.067038;8.762.778
0.316035;0.105345;9.318.233
0.306458;0.076614;10.026.917
0.383072;0.105345;11.281.479
0.383072;0.105345;11.654.974
0.392649;0.134075;11.741.165
0.383072;0.114922;11.520.899
0.325611;0.105345;10.448.297
0.296881;0.086191;9.730.036
0.277727;0.086191;9.069.236
0.258574;0.067038;8.274.361
0.268151;0.086191;8.236.053
0.277727;0.105345;8.504.205
0.325611;0.076614;9.643.845
0.306458;0.105345;10.295.067
0.344765;0.114922;10.965.444
0.354342;0.124498;11.482.592
0.392649;0.105345;11.683.704
0.344765;0.114922;11.367.670
0.325611;0.124498;10.860.099
0.287304;0.067038;9.471.462
0.268151;0.095768;8.858.546
0.268151;0.114922;8.437.167
0.248997;0.095768;8.236.053
0.268151;0.105345;8.667.010
0.306458;0.095768;9.203.311
0.316035;0.105345;9.921.572
0.363919;0.095768;11.176.133
0.373495;0.105345;11.549.629
0.373495;0.095768;11.712.435
0.354342;0.124498;11.166.556
0.325611;0.095768;10.572.795
0.287304;0.086191;9.883.265
0.287304;0.086191;9.212.888
0.268151;0.095768;8.312.668
0.248997;0.076614;8.264.784
0.268151;0.105345;8.446.744
0.268151;0.105345;9.490.616
0.316035;0.114922;10.189.722
0.344765;0.124498;10.831.368
0.383072;0.114922;11.683.704
0.363919;0.114922;11.434.708
0.354342;0.095768;10.946.290
0.287304;0.095768;9.595.961
0.268151;0.095768;8.963.891
0.268151;0.086191;8.513.782
0.239420;0.114922;8.312.668
0.277727;0.095768;8.628.703
0.277727;0.095768;9.107.543
0.277727;0.086191;9.768.343
0.344765;0.124498;11.070.788
0.354342;0.114922;11.549.629
0.373495;0.114922;11.731.588
0.344765;0.105345;11.252.748
0.325611;0.095768;10.697.293
0.316035;0.114922;9.998.186
0.277727;0.095768;8.762.778
0.268151;0.105345;8.389.283
0.277727;0.095768;8.255.207
0.277727;0.095768;8.408.437
0.296881;0.086191;9.375.694
0.306458;0.114922;10.046.070
0.344765;0.114922;10.726.024
0.363919;0.124498;11.626.244
0.373495;0.114922;11.702.858
0.363919;0.105345;11.501.745
0.316035;0.105345;10.429.143
0.306458;0.114922;9.720.459
0.277727;0.105345;9.088.389
0.287304;0.105345;8.571.242
0.268151;0.086191;8.293.514
0.268151;0.086191;8.532.935
0.268151;0.105345;9.011.775
0.296881;0.105345;10.342.952
0.344765;0.095768;10.975.020
0.363919;0.124498;11.434.708
0.363919;0.134075;11.674.128
0.363919;0.124498;11.348.516
0.344765;0.124498;10.831.368
0.306458;0.114922;10.122.684
0.268151;0.095768;8.858.546
0.258574;0.086191;8.446.744
0.268151;0.086191;8.264.784
0.268151;0.076614;8.734.048
0.287304;0.076614;9.260.772
0.316035;0.076614;9.940.725
0.335188;0.114922;10.582.372
0.373495;0.114922;11.587.936
0.373495;0.114922;11.693.281
0.373495;0.134075;11.530.476
0.325611;0.105345;10.505.757
0.287304;0.076614;9.854.534
0.287304;0.105345;9.193.734
0.248997;0.086191;8.360.553
0.268151;0.095768;8.293.514
0.268151;0.095768;8.485.051
0.287304;0.076614;8.935.161
0.316035;0.124498;10.228.029
0.363919;0.134075;10.898.406
0.373495;0.114922;11.367.670
0.354342;0.114922;11.674.128
0.354342;0.105345;11.415.554
0.354342;0.105345;10.898.406
0.316035;0.124498;10.266.336
0.287304;0.095768;8.954.314
0.277727;0.067038;8.504.205
0.287304;0.076614;8.274.361
0.296881;0.086191;8.619.126
0.287304;0.095768;9.174.581
0.316035;0.076614;9.787.497
0.344765;0.105345;11.080.365
0.383072;0.134075;11.530.476
0.354342;0.105345;11.702.858
0.373495;0.114922;11.597.513
0.344765;0.095768;10.668.563
0.306458;0.086191;9.979.033
0.306458;0.095768;9.299.079
0.258574;0.076614;8.379.706
0.268151;0.076614;8.283.937
0.268151;0.086191;8.427.590
0.277727;0.086191;8.820.239
0.316035;0.086191;10.084.377
0.335188;0.124498;10.735.600
0.363919;0.114922;11.262.324
0.373495;0.114922;11.664.551
0.373495;0.105345;11.463.438
0.335188;0.114922;11.013.328
0.287304;0.114922;9.682.152
0.268151;0.095768;9.069.236
0.248997;0.086191;8.580.819
0.287304;0.086191;8.350.976
0.268151;0.086191;8.580.819
0.287304;0.095768;9.050.082
0.316035;0.105345;9.701.305
0.325611;0.114922;10.955.867
0.354342;0.105345;11.434.708
0.373495;0.134075;11.664.551
0.354342;0.095768;11.291.056
0.335188;0.114922;10.764.331
0.296881;0.086191;10.074.800
0.277727;0.086191;9.414.001
0.248997;0.086191;8.437.167
0.258574;0.076614;8.303.091
0.268151;0.114922;8.389.283
0.296881;0.076614;9.308.656
0.296881;0.114922;9.969.456
0.335188;0.105345;10.639.832
0.392649;0.114922;11.549.629
0.363919;0.124498;11.645.397
0.344765;0.114922;11.492.168
0.344765;0.086191;11.080.365
0.335188;0.105345;9.816.227
0.277727;0.086191;9.165.004
0.268151;0.105345;8.638.280
0.268151;0.095768;8.303.091
0.268151;0.095768;8.513.782
0.296881;0.095768;8.992.621
0.306458;0.095768;9.576.807
0.335188;0.124498;10.879.252
0.373495;0.095768;11.377.247
0.363919;0.105345;11.626.244
0.363919;0.105345;11.377.247
0.335188;0.105345;10.831.368
0.325611;0.086191;10.208.876
0.277727;0.086191;8.935.161
0.258574;0.095768;8.523.358
0.258574;0.086191;8.283.937
0.258574;0.086191;8.370.130
0.287304;0.095768;9.203.311
0.296881;0.086191;9.844.957
0.335188;0.095768;10.524.911
0.363919;0.105345;11.501.745
0.392649;0.114922;11.664.551
0.383072;0.114922;11.549.629
0.363919;0.086191;11.185.710
0.287304;0.095768;9.950.302
0.287304;0.114922;9.299.079
0.248997;0.095768;8.734.048
0.268151;0.086191;8.303.091
0.248997;0.076614;8.456.321
0.258574;0.114922;8.868.123
0.296881;0.095768;10.132.261
0.344765;0.114922;10.754.754
0.363919;0.105345;11.281.479
0.383072;0.105345;11.607.090
0.373495;0.095768;11.415.554
0.344765;0.105345;10.946.290
0.335188;0.124498;10.333.375
0.268151;0.086191;9.050.082
0.258574;0.114922;8.599.973
0.268151;0.095768;8.341.399
0.248997;0.095768;8.370.130
0.277727;0.076614;9.088.389
0.296881;0.105345;9.730.036
0.316035;0.105345;10.371.682
0.383072;0.105345;11.434.708
0.383072;0.124498;11.635.820
0.363919;0.114922;11.540.052
0.344765;0.095768;10.726.024
0.316035;0.124498;10.055.647
0.296881;0.095768;9.404.425
0.258574;0.076614;8.839.393
0.268151;0.095768;8.293.514
0.277727;0.086191;8.791.509
0.306458;0.086191;9.998.186
0.373495;0.124498;11.204.864
0.383072;0.105345;11.635.820
0.363919;0.095768;11.444.284
0.354342;0.095768;11.070.788
0.325611;0.105345;10.457.873
0.277727;0.105345;9.165.004
0.268151;0.105345;8.667.010
0.258574;0.105345;8.370.130
0.258574;0.086191;8.561.666
0.258574;0.105345;9.002.198
0.306458;0.086191;9.615.114
0.363919;0.114922;10.888.829
0.354342;0.105345;11.348.516
0.373495;0.114922;11.597.513
0.373495;0.105345;11.597.513
0.344765;0.105345;10.812.215
0.316035;0.114922;10.189.722
0.277727;0.086191;9.500.193
0.268151;0.124498;8.532.935
0.248997;0.086191;8.303.091
0.277727;0.076614;8.389.283
0.287304;0.076614;9.241.618
0.287304;0.076614;9.873.688
0.316035;0.105345;10.534.488
0.335188;0.086191;11.128.249
0.373495;0.114922;11.635.820
0.354342;0.134075;11.511.322
0.354342;0.105345;11.118.672
0.306458;0.076614;9.931.149
0.287304;0.086191;9.289.502
0.258574;0.086191;8.724.471
0.268151;0.105345;8.427.590
0.258574;0.057461;8.504.205
0.306458;0.076614;8.916.007
0.296881;0.105345;9.471.462
0.306458;0.105345;10.783.484
0.344765;0.105345;11.291.056
0.373495;0.095768;11.578.360
0.344765;0.095768;11.367.670
0.335188;0.105345;10.898.406
0.306458;0.095768;10.285.490
0.287304;0.095768;9.653.421
0.258574;0.095768;8.580.819
0.258574;0.086191;8.341.399
0.268151;0.076614;8.370.130
0.287304;0.105345;9.165.004
0.287304;0.095768;9.739.613
0.296881;0.114922;10.409.989
0.363919;0.105345;10.984.597
0.373495;0.114922;11.607.090
0.373495;0.114922;11.540.052
0.363919;0.105345;11.224.017
0.296881;0.114922;10.026.917
0.296881;0.105345;9.394.848
0.277727;0.095768;8.848.969
0.258574;0.086191;8.350.976
0.258574;0.086191;8.475.474
0.287304;0.114922;8.839.393
0.306458;0.095768;9.375.694
0.335188;0.095768;10.678.140
0.335188;0.124498;11.214.440
0.383072;0.124498;11.549.629
0.354342;0.114922;11.425.131
0.344765;0.105345;11.013.328
0.306458;0.076614;10.400.413
0.277727;0.076614;9.136.273
0.268151;0.095768;8.647.857
0.258574;0.086191;8.398.860
0.277727;0.076614;8.580.819
0.287304;0.095768;9.040.505
0.316035;0.067038;9.624.691
0.325611;0.095768;10.275.913
0.373495;0.095768;11.367.670
0.354342;0.124498;11.597.513
0.383072;0.095768;11.530.476
0.363919;0.134075;11.300.632
0.325611;0.086191;10.160.992
0.296881;0.086191;9.500.193
0.277727;0.086191;8.935.161
0.277727;0.095768;8.350.976
0.258574;0.086191;8.437.167
0.277727;0.124498;8.762.778
0.325611;0.095768;9.902.418
0.344765;0.095768;10.563.218
0.354342;0.114922;11.137.826
0.354342;0.124498;11.482.592
0.373495;0.114922;11.080.365
0.335188;0.086191;10.534.488
0.296881;0.095768;9.232.041
0.277727;0.067038;8.734.048
0.268151;0.076614;8.446.744
0.258574;0.086191;8.379.706
0.268151;0.086191;8.973.468
0.296881;0.095768;9.528.923
0.316035;0.095768;10.170.568
0.373495;0.105345;11.262.324
0.363919;0.114922;11.559.206
0.392649;0.124498;11.587.936
0.363919;0.114922;10.879.252
0.306458;0.114922;10.275.913
0.316035;0.076614;9.595.961
0.287304;0.095768;9.050.082
0.277727;0.095768;8.370.130
0.248997;0.067038;8.418.014
0.287304;0.076614;8.705.317
0.296881;0.086191;9.797.073
0.325611;0.095768;10.409.989
0.354342;0.095768;11.013.328
0.354342;0.114922;11.425.131
0.363919;0.114922;11.520.899
0.363919;0.124498;11.185.710
0.306458;0.105345;9.998.186
0.296881;0.105345;9.375.694
0.268151;0.095768;8.839.393
0.258574;0.067038;8.494.628
0.268151;0.086191;8.504.205
0.287304;0.095768;8.887.277
0.316035;0.086191;9.423.578
0.316035;0.105345;10.046.070
0.344765;0.105345;11.176.133
0.354342;0.124498;11.530.476
0.373495;0.114922;11.607.090
0.325611;0.105345;10.955.867
0.316035;0.105345;10.381.259
0.306458;0.105345;9.739.613
0.258574;0.105345;8.657.434
0.239420;0.067038;8.427.590
0.287304;0.095768;8.389.283
0.268151;0.105345;8.628.703
0.296881;0.105345;9.691.729
0.316035;0.105345;10.295.067
0.344765;0.105345;10.898.406
0.373495;0.114922;11.578.360
0.354342;0.114922;11.549.629
0.354342;0.105345;11.243.171
0.325611;0.076614;10.726.024
0.287304;0.086191;9.481.039
0.287304;0.086191;8.916.007
0.287304;0.095768;8.379.706
0.277727;0.086191;8.465.898
0.277727;0.095768;8.810.662
0.296881;0.124498;9.299.079
0.316035;0.095768;10.563.218
0.344765;0.095768;11.109.096
0.373495;0.105345;11.473.015
0.373495;0.105345;11.597.513
0.354342;0.086191;11.042.058
0.335188;0.095768;10.477.027
0.296881;0.105345;9.835.381
0.258574;0.086191;8.743.625
0.268151;0.095768;8.437.167
0.268151;0.086191;8.389.283
0.277727;0.086191;9.002.198
0.306458;0.095768;9.538.500
0.316035;0.105345;10.180.145
0.316035;0.114922;10.783.484
0.373495;0.114922;11.568.783
0.373495;0.124498;11.540.052
0.363919;0.114922;11.291.056
0.325611;0.114922;10.256.760
0.296881;0.076614;9.576.807
0.268151;0.105345;9.021.352
0.268151;0.095768;8.398.860
0.277727;0.086191;8.465.898
0.287304;0.086191;8.724.471
0.287304;0.086191;9.184.157
0.335188;0.105345;10.429.143
0.335188;0.114922;11.013.328
0.363919;0.105345;11.405.977
0.344765;0.105345;11.128.249
0.325611;0.095768;10.611.102
0.316035;0.095768;9.988.609
0.258574;0.095768;8.820.239
0.268151;0.076614;8.494.628
0.268151;0.086191;8.389.283
0.287304;0.105345;8.906.430
0.277727;0.067038;9.471.462
0.306458;0.105345;10.084.377
0.344765;0.105345;11.185.710
0.373495;0.124498;11.540.052
0.363919;0.095768;11.559.206
0.373495;0.134075;11.329.363
0.316035;0.086191;10.342.952
0.306458;0.105345;9.701.305
0.277727;0.095768;9.117.120
0.268151;0.095768;8.427.590
0.258574;0.086191;8.408.437
0.258574;0.114922;8.667.010
0.306458;0.134075;9.730.036
0.325611;0.095768;10.333.375
0.335188;0.105345;10.917.560
0.363919;0.105345;11.329.363
0.354342;0.114922;11.530.476
0.363919;0.086191;11.204.864
0.325611;0.114922;10.706.870
0.277727;0.086191;9.442.732
0.248997;0.076614;8.925.584
0.268151;0.105345;8.542.512
0.268151;0.105345;8.408.437
0.296881;0.086191;8.820.239
0.287304;0.105345;9.327.810
0.306458;0.076614;9.979.033
0.344765;0.105345;11.080.365
0.373495;0.105345;11.559.206
0.344765;0.105345;11.013.328
0.306458;0.105345;10.448.297
0.296881;0.086191;9.816.227
0.277727;0.105345;9.222.465
0.258574;0.076614;8.427.590
0.277727;0.105345;8.609.550
0.287304;0.076614;9.595.961
0.316035;0.095768;10.208.876
0.354342;0.114922;10.812.215
0.363919;0.114922;11.300.632
0.373495;0.114922;11.540.052
0.354342;0.095768;11.262.324
0.344765;0.105345;10.821.792
0.296881;0.114922;9.576.807
0.277727;0.095768;9.002.198
0.277727;0.076614;8.590.396
0.277727;0.105345;8.465.898
0.277727;0.086191;8.772.355
0.296881;0.124498;9.251.195
0.316035;0.076614;9.883.265
0.354342;0.095768;11.042.058
0.363919;0.105345;11.396.400
0.354342;0.105345;11.540.052
0.363919;0.114922;11.080.365
0.344765;0.086191;10.553.641
0.316035;0.086191;9.931.149
0.296881;0.095768;9.299.079
0.277727;0.095768;8.494.628
0.277727;0.095768;8.437.167
0.287304;0.095768;8.954.314
0.306458;0.086191;9.519.346
0.306458;0.095768;10.103.531
0.335188;0.114922;10.726.024
0.363919;0.086191;11.482.592
0.363919;0.105345;11.520.899
0.363919;0.086191;11.310.209
0.344765;0.105345;10.907.983
0.277727;0.076614;9.662.998
0.277727;0.095768;9.126.697
0.258574;0.105345;8.667.010
0.268151;0.095768;8.446.744
0.296881;0.095768;8.686.164
0.316035;0.076614;9.777.920
0.316035;0.086191;10.371.682
0.344765;0.105345;10.946.290
0.373495;0.105345;11.338.940
0.335188;0.105345;11.530.476
0.373495;0.105345;11.147.403
0.344765;0.105345;10.649.409
0.306458;0.076614;10.036.493
0.296881;0.086191;8.906.430
0.258574;0.086191;8.552.089
0.268151;0.114922;8.427.590
0.268151;0.105345;8.868.123
0.316035;0.114922;9.385.271
0.306458;0.095768;10.026.917
0.363919;0.124498;11.099.519
0.383072;0.105345;11.453.861
0.373495;0.114922;11.559.206
0.354342;0.114922;11.358.093
0.316035;0.105345;10.429.143
0.287304;0.105345;9.777.920
0.287304;0.076614;9.203.311
0.268151;0.095768;8.705.317
0.277727;0.105345;8.446.744
0.277727;0.105345;8.676.587
0.277727;0.086191;9.059.659
0.316035;0.105345;10.237.606
0.344765;0.086191;10.869.676
0.383072;0.105345;11.511.322
0.354342;0.105345;11.501.745
0.373495;0.124498;11.243.171
0.335188;0.114922;10.783.484
0.325611;0.114922;10.160.992
0.287304;0.105345;9.002.198
0.277727;0.095768;8.628.703
0.258574;0.076614;8.418.014
0.268151;0.086191;8.820.239
0.287304;0.086191;9.299.079
0.306458;0.114922;9.873.688
0.306458;0.095768;10.524.911
0.373495;0.105345;11.405.977
0.363919;0.114922;11.511.322
0.363919;0.105345;11.405.977
0.325611;0.095768;10.524.911
0.296881;0.095768;9.911.995
0.306458;0.095768;9.327.810
0.258574;0.095768;8.513.782
0.277727;0.067038;8.456.321
0.268151;0.086191;8.619.126
0.296881;0.067038;8.983.045
0.316035;0.105345;10.160.992
0.344765;0.095768;10.726.024
0.335188;0.086191;11.214.440
0.373495;0.076614;11.492.168
0.344765;0.105345;11.300.632
0.344765;0.095768;10.840.945
0.306458;0.095768;10.275.913
0.277727;0.114922;9.078.813
0.258574;0.095768;8.667.010
0.277727;0.086191;8.485.051
0.268151;0.086191;8.724.471
0.287304;0.076614;9.203.311
0.306458;0.076614;9.768.343
0.344765;0.105345;10.927.136
0.363919;0.095768;11.329.363
0.392649;0.124498;11.540.052
0.363919;0.114922;11.444.284
0.325611;0.086191;10.620.679
0.296881;0.086191;10.017.340
0.287304;0.105345;9.404.425
0.268151;0.076614;8.571.242
0.258574;0.076614;8.456.321
0.248997;0.076614;8.571.242
0.306458;0.105345;9.433.155
0.325611;0.114922;10.046.070
0.325611;0.095768;10.649.409
0.325611;0.105345;11.137.826
0.373495;0.076614;11.501.745
0.344765;0.124498;11.319.786
0.354342;0.076614;10.936.713
0.316035;0.086191;9.768.343
0.287304;0.086191;9.184.157
0.268151;0.105345;8.734.048
0.268151;0.086191;8.465.898
0.268151;0.095768;8.695.741
0.287304;0.086191;9.117.120
0.306458;0.086191;9.682.152
0.325611;0.114922;10.831.368
0.373495;0.114922;11.281.479
0.363919;0.105345;11.520.899
0.373495;0.095768;11.166.556
0.325611;0.095768;10.726.024
0.316035;0.086191;10.113.108
0.296881;0.095768;9.519.346
0.248997;0.095768;8.609.550
0.268151;0.086191;8.446.744
0.268151;0.095768;8.552.089
0.287304;0.086191;9.318.233
0.306458;0.095768;9.931.149
0.316035;0.114922;10.515.334
0.363919;0.095768;11.386.824
0.373495;0.124498;11.511.322
0.383072;0.124498;11.367.670
0.344765;0.114922;10.994.174
0.287304;0.086191;9.883.265
0.277727;0.086191;9.279.925
0.258574;0.067038;8.810.662
0.268151;0.105345;8.446.744
0.287304;0.095768;8.628.703
0.268151;0.086191;9.040.505
0.296881;0.076614;9.557.653
0.354342;0.095768;10.754.754
0.344765;0.095768;11.195.287
0.363919;0.105345;11.453.861
0.344765;0.105345;11.233.594
0.335188;0.095768;10.793.061
0.335188;0.124498;10.247.183
0.277727;0.076614;9.088.389
0.277727;0.076614;8.686.164
0.277727;0.086191;8.485.051
0.268151;0.095768;8.504.205
0.268151;0.086191;9.251.195
0.296881;0.114922;9.816.227
0.316035;0.095768;10.419.566
0.363919;0.114922;11.310.209
0.392649;0.105345;11.473.015
0.363919;0.105345;11.405.977
0.306458;0.076614;10.591.949
0.335188;0.095768;9.988.609
0.306458;0.095768;9.366.117
0.258574;0.086191;8.896.853
0.277727;0.095768;8.465.898
0.268151;0.095768;8.590.396
0.268151;0.076614;8.925.584
0.316035;0.124498;10.055.647
0.335188;0.124498;10.658.986
0.363919;0.095768;11.147.403
0.354342;0.105345;11.482.592
0.373495;0.114922;11.291.056
0.354342;0.105345;10.898.406
0.325611;0.095768;10.352.529
0.287304;0.086191;9.193.734
0.287304;0.086191;8.753.201
0.268151;0.095768;8.532.935
0.258574;0.105345;8.734.048
0.287304;0.086191;9.136.273
0.287304;0.105345;9.720.459
0.335188;0.114922;10.850.522
0.354342;0.105345;11.291.056
0.383072;0.095768;11.463.438
0.363919;0.095768;11.425.131
0.335188;0.095768;10.706.870
0.306458;0.047884;10.084.377
0.287304;0.076614;9.500.193
0.268151;0.086191;8.619.126
0.277727;0.076614;8.494.628
0.268151;0.086191;8.552.089
0.287304;0.095768;8.868.123
0.296881;0.105345;9.959.879
0.335188;0.086191;10.553.641
0.344765;0.095768;11.042.058
0.354342;0.105345;11.501.745
0.363919;0.124498;11.319.786
0.335188;0.095768;10.994.174
0.325611;0.114922;10.457.873
0.287304;0.105345;9.289.502
0.277727;0.095768;8.820.239
0.268151;0.095768;8.494.628
0.277727;0.076614;8.676.587
0.268151;0.105345;9.078.813
0.306458;0.095768;9.595.961
0.344765;0.095768;10.764.331
0.344765;0.124498;11.176.133
0.383072;0.105345;11.444.284
0.344765;0.114922;11.453.861
0.344765;0.095768;10.783.484
0.306458;0.086191;10.208.876
0.306458;0.086191;9.605.537
0.248997;0.095768;8.676.587
0.277727;0.086191;8.494.628
0.258574;0.086191;8.552.089
0.277727;0.105345;9.270.349
0.296881;0.076614;9.816.227
0.335188;0.105345;10.429.143
0.325611;0.114922;10.946.290
0.383072;0.095768;11.463.438
0.373495;0.124498;11.367.670
0.335188;0.124498;11.070.788
0.325611;0.105345;9.959.879
0.296881;0.114922;9.375.694
0.296881;0.086191;8.906.430
0.258574;0.095768;8.599.973
0.277727;0.095768;8.619.126
0.296881;0.076614;8.983.045
0.306458;0.095768;9.500.193
0.335188;0.114922;10.649.409
0.344765;0.114922;11.137.826
0.363919;0.134075;11.396.400
0.363919;0.095768;11.281.479
0.354342;0.105345;10.869.676
0.316035;0.095768;10.323.798
0.296881;0.095768;9.720.459
0.268151;0.086191;8.734.048
0.268151;0.105345;8.513.782
0.258574;0.105345;8.552.089
0.277727;0.076614;9.165.004
0.287304;0.095768;9.730.036
0.306458;0.086191;10.333.375
0.354342;0.086191;11.262.324
0.354342;0.114922;11.473.015
0.373495;0.105345;11.415.554
0.325611;0.105345;10.649.409
0.316035;0.095768;10.046.070
0.316035;0.105345;9.471.462
0.248997;0.095768;8.973.468
0.277727;0.086191;8.494.628
0.268151;0.095768;8.609.550
0.277727;0.105345;8.925.584
0.277727;0.105345;9.385.271
0.335188;0.095768;10.544.065
0.335188;0.114922;11.042.058
0.363919;0.105345;11.358.093
0.363919;0.114922;11.329.363
0.344765;0.124498;10.946.290
0.325611;0.095768;10.419.566
0.287304;0.095768;9.289.502
0.268151;0.095768;8.820.239
0.277727;0.086191;8.552.089
0.268151;0.095768;8.513.782
0.287304;0.095768;9.097.966
0.296881;0.095768;9.634.268
0.306458;0.105345;10.189.722
0.344765;0.134075;11.195.287
0.354342;0.086191;11.415.554
0.373495;0.105345;11.444.284
0.335188;0.105345;10.745.177
0.316035;0.114922;10.170.568
0.296881;0.076614;9.595.961
0.277727;0.105345;9.078.813
0.277727;0.076614;8.504.205
0.268151;0.105345;8.571.242
0.258574;0.105345;8.858.546
0.277727;0.086191;9.883.265
0.335188;0.114922;10.438.720
0.335188;0.105345;10.965.444
0.344765;0.105345;11.319.786
0.373495;0.114922;11.348.516
0.354342;0.105345;11.003.751
0.344765;0.105345;10.524.911
0.296881;0.105345;9.346.964
0.258574;0.086191;8.896.853
0.268151;0.095768;8.590.396
0.277727;0.095768;8.676.587
0.277727;0.086191;9.002.198
0.296881;0.086191;9.538.500
0.316035;0.086191;10.103.531
0.363919;0.124498;11.118.672
0.363919;0.095768;11.396.400
0.363919;0.105345;11.425.131
0.344765;0.114922;10.821.792
0.316035;0.095768;10.266.336
0.296881;0.086191;9.691.729
0.287304;0.086191;9.145.850
0.258574;0.095768;8.532.935
0.287304;0.114922;8.542.512
0.287304;0.086191;8.781.932
0.296881;0.114922;9.758.766
0.306458;0.095768;10.333.375
0.325611;0.114922;10.879.252
0.383072;0.086191;11.425.131
0.363919;0.095768;11.358.093
0.344765;0.105345;11.070.788
0.325611;0.086191;10.591.949
0.296881;0.095768;9.433.155
0.268151;0.095768;8.973.468
0.277727;0.105345;8.647.857
0.268151;0.086191;8.609.550
0.277727;0.134075;8.963.891
0.316035;0.095768;9.394.848
0.335188;0.124498;10.572.795
0.344765;0.105345;11.051.635
0.363919;0.105345;11.358.093
0.344765;0.124498;11.434.708
0.344765;0.086191;10.888.829
0.306458;0.086191;10.352.529
0.287304;0.095768;9.797.073
0.268151;0.086191;8.791.509
0.287304;0.095768;8.542.512
0.277727;0.086191;8.532.935
0.268151;0.105345;9.145.850
0.306458;0.105345;9.653.421
0.316035;0.105345;10.247.183
0.344765;0.095768;10.783.484
0.373495;0.134075;11.415.554
0.354342;0.086191;11.386.824
0.363919;0.095768;11.156.980
0.325611;0.086191;10.151.415
0.296881;0.105345;9.576.807
0.258574;0.105345;9.059.659
0.268151;0.086191;8.705.317
0.277727;0.105345;8.580.819
0.287304;0.105345;8.858.546
0.296881;0.105345;9.346.964
0.335188;0.114922;10.477.027
0.354342;0.105345;10.955.867
0.354342;0.105345;11.271.901
0.373495;0.105345;11.310.209
0.354342;0.114922;10.975.020
0.325611;0.095768;10.515.334
0.306458;0.105345;9.902.418
0.287304;0.076614;8.896.853
0.268151;0.076614;8.609.550
0.296881;0.095768;8.513.782
0.277727;0.086191;9.059.659
0.306458;0.095768;9.576.807
0.316035;0.086191;10.084.377
0.335188;0.086191;10.706.870
0.392649;0.114922;11.367.670
0.363919;0.114922;11.434.708
0.363919;0.095768;11.176.133
0.316035;0.105345;10.275.913
0.287304;0.086191;9.691.729
0.277727;0.105345;9.136.273
0.268151;0.095768;8.552.089
0.268151;0.105345;8.571.242
0.296881;0.086191;8.839.393
0.287304;0.095768;9.251.195
0.325611;0.105345;10.362.105
0.335188;0.105345;10.888.829
0.363919;0.114922;11.243.171
0.363919;0.114922;11.329.363
0.354342;0.124498;11.032.481
0.335188;0.095768;10.572.795
0.296881;0.095768;9.442.732
0.277727;0.095768;8.973.468
0.258574;0.095768;8.657.434
0.268151;0.095768;8.542.512
0.287304;0.095768;8.992.621
0.287304;0.105345;9.471.462
0.296881;0.114922;10.026.917
0.335188;0.095768;11.061.212
0.354342;0.086191;11.348.516
0.373495;0.095768;11.425.131
0.354342;0.095768;11.243.171
0.325611;0.114922;10.342.952
0.306458;0.124498;9.777.920
0.277727;0.086191;9.232.041
0.258574;0.114922;8.580.819
0.287304;0.086191;8.561.666
0.277727;0.086191;8.772.355
0.306458;0.105345;9.672.575
0.306458;0.095768;10.266.336
0.354342;0.086191;10.773.908
0.344765;0.114922;11.195.287
0.363919;0.114922;11.358.093
0.354342;0.124498;11.089.942
0.344765;0.095768;10.697.293
0.287304;0.076614;9.576.807
0.277727;0.086191;9.011.775
0.277727;0.086191;8.695.741
0.277727;0.076614;8.561.666
0.268151;0.076614;8.925.584
0.316035;0.086191;9.366.117
0.325611;0.086191;9.931.149
0.335188;0.105345;10.984.597
0.363919;0.114922;11.291.056
0.354342;0.105345;11.434.708
0.344765;0.124498;10.936.713
0.325611;0.095768;10.438.720
0.296881;0.105345;9.873.688
0.268151;0.086191;9.337.387
0.268151;0.095768;8.619.126
0.268151;0.086191;8.561.666
0.277727;0.095768;8.714.894
0.306458;0.124498;9.586.384
0.316035;0.105345;10.170.568
0.325611;0.105345;10.697.293
0.363919;0.114922;11.367.670
0.373495;0.105345;11.386.824
0.363919;0.095768;11.156.980
0.354342;0.105345;10.764.331
0.296881;0.095768;9.662.998
0.258574;0.057461;9.136.273
0.268151;0.105345;8.743.625
0.258574;0.086191;8.619.126
0.268151;0.086191;8.868.123
0.287304;0.114922;9.299.079
0.316035;0.124498;9.806.650
0.335188;0.095768;10.907.983
0.373495;0.105345;11.262.324
0.354342;0.105345;11.405.977
0.344765;0.105345;11.013.328
0.316035;0.086191;10.553.641
0.306458;0.105345;9.998.186
0.268151;0.095768;8.973.468
0.258574;0.086191;8.638.280
0.268151;0.086191;8.590.396
0.277727;0.114922;8.686.164
0.296881;0.105345;9.509.769
0.316035;0.105345;10.046.070
0.335188;0.105345;10.601.525
0.373495;0.105345;11.300.632
0.354342;0.134075;11.405.977
0.344765;0.105345;10.821.792
0.325611;0.086191;10.323.798
0.306458;0.114922;9.730.036
0.277727;0.086191;9.222.465
0.277727;0.095768;8.820.239
0.296881;0.067038;8.580.819
0.277727;0.086191;8.810.662
0.287304;0.095768;9.212.888
0.316035;0.105345;10.295.067
0.335188;0.114922;10.812.215
0.373495;0.105345;11.185.710
0.363919;0.114922;11.405.977
0.363919;0.095768;11.061.212
0.325611;0.105345;10.649.409
0.296881;0.095768;10.103.531
0.268151;0.095768;9.030.929
0.277727;0.067038;8.705.317
0.268151;0.105345;8.571.242
0.296881;0.076614;8.954.314
0.316035;0.095768;9.404.425
0.325611;0.067038;9.940.725
0.325611;0.095768;10.496.181
0.373495;0.095768;11.262.324
0.335188;0.105345;11.386.824
0.354342;0.105345;11.243.171
0.335188;0.086191;10.419.566
0.325611;0.095768;9.854.534
0.287304;0.086191;9.318.233
0.268151;0.095768;8.628.703
0.258574;0.076614;8.571.242
0.277727;0.124498;8.762.778
0.296881;0.095768;9.615.114
0.306458;0.095768;10.170.568
0.335188;0.114922;10.706.870
0.335188;0.124498;11.128.249
0.363919;0.114922;11.329.363
0.363919;0.105345;11.099.519
0.335188;0.114922;10.726.024
0.316035;0.105345;10.189.722
0.306458;0.067038;9.107.543
0.268151;0.086191;8.753.201
0.268151;0.095768;8.580.819
0.268151;0.076614;8.896.853
0.287304;0.105345;9.289.502
0.306458;0.086191;9.854.534
0.335188;0.114922;10.907.983
0.363919;0.105345;11.243.171
0.344765;0.105345;11.377.247
0.344765;0.095768;10.984.597
0.316035;0.105345;10.515.334
0.325611;0.095768;9.959.879
0.287304;0.095768;9.414.001
0.258574;0.095768;8.647.857
0.258574;0.067038;8.580.819
0.287304;0.095768;8.724.471
0.277727;0.076614;9.519.346
0.316035;0.105345;10.084.377
0.325611;0.134075;10.563.218
0.344765;0.124498;11.051.635
0.354342;0.105345;11.377.247
0.373495;0.114922;11.185.710
0.325611;0.095768;10.773.908
0.296881;0.076614;9.749.189
0.268151;0.095768;9.212.888
0.268151;0.067038;8.801.085
0.268151;0.076614;8.599.973
0.268151;0.105345;8.810.662
0.287304;0.114922;9.232.041
0.306458;0.105345;9.739.613
0.344765;0.095768;10.821.792
0.344765;0.114922;11.195.287
0.363919;0.086191;11.358.093
0.325611;0.095768;11.042.058
0.344765;0.095768;10.591.949
0.306458;0.095768;10.065.224
0.277727;0.095768;9.030.929
0.287304;0.086191;8.705.317
0.287304;0.114922;8.580.819
0.296881;0.086191;8.695.741
0.277727;0.105345;9.414.001
0.306458;0.105345;9.998.186
0.325611;0.086191;11.003.751
0.363919;0.105345;11.271.901
0.354342;0.114922;11.367.670
0.354342;0.105345;11.243.171
0.344765;0.114922;10.860.099
0.306458;0.105345;9.825.804
0.306458;0.086191;9.299.079
0.268151;0.095768;8.868.123
0.268151;0.086191;8.590.396
0.296881;0.086191;8.791.509
0.296881;0.086191;9.136.273
0.296881;0.095768;9.653.421
0.325611;0.095768;10.716.447
0.354342;0.086191;11.128.249
0.363919;0.095768;11.319.786
0.354342;0.105345;11.089.942
0.325611;0.114922;10.678.140
0.296881;0.095768;10.189.722
0.277727;0.086191;9.107.543
0.258574;0.086191;8.762.778
0.258574;0.076614;8.609.550
0.277727;0.105345;8.657.434
0.287304;0.095768;9.337.387
0.316035;0.105345;9.864.111
0.325611;0.134075;10.409.989
0.335188;0.095768;11.224.017
0.373495;0.095768;11.377.247
0.344765;0.114922;11.262.324
0.335188;0.114922;10.496.181
0.316035;0.086191;9.940.725
0.287304;0.105345;9.404.425
0.296881;0.095768;8.944.737
0.287304;0.086191;8.609.550
0.268151;0.095768;8.762.778
0.287304;0.095768;9.069.236
0.325611;0.114922;10.084.377
0.335188;0.114922;10.639.832
0.354342;0.105345;11.070.788
0.383072;0.105345;11.319.786
0.354342;0.086191;11.137.826
0.344765;0.114922;10.783.484
0.316035;0.076614;10.266.336
0.306458;0.086191;9.193.734
0.287304;0.124498;8.829.816
0.268151;0.086191;8.628.703
0.258574;0.105345;8.887.277
0.296881;0.086191;9.279.925
0.316035;0.095768;9.777.920
0.306458;0.114922;10.304.645
0.344765;0.124498;11.185.710
0.363919;0.114922;11.338.940
0.383072;0.114922;11.281.479
0.344765;0.086191;10.572.795
0.316035;0.114922;10.055.647
0.296881;0.095768;9.481.039
0.268151;0.067038;9.021.352
0.277727;0.095768;8.609.550
0.277727;0.086191;8.695.741
0.316035;0.105345;9.011.775
0.316035;0.095768;9.998.186
0.325611;0.114922;10.563.218
0.354342;0.124498;10.975.020
0.363919;0.114922;11.319.786
0.363919;0.095768;11.214.440
0.354342;0.114922;10.879.252
0.325611;0.105345;10.352.529
0.277727;0.086191;9.289.502
0.268151;0.105345;8.887.277
0.268151;0.105345;8.705.317
0.287304;0.086191;8.829.816
0.287304;0.086191;9.203.311
0.287304;0.095768;9.710.882
0.335188;0.095768;10.735.600
0.363919;0.105345;11.319.786
0.363919;0.095768;11.300.632
0.325611;0.095768;10.668.563
0.325611;0.114922;10.180.145
0.296881;0.105345;9.586.384
0.268151;0.095768;8.781.932
0.287304;0.086191;8.609.550
0.268151;0.095768;8.676.587
0.287304;0.076614;8.954.314
0.325611;0.105345;9.892.841
0.316035;0.105345;10.457.873
0.325611;0.124498;10.898.406
0.373495;0.105345;11.329.363
0.354342;0.105345;11.243.171
0.344765;0.095768;10.898.406
0.306458;0.095768;9.921.572
0.287304;0.076614;9.385.271
0.268151;0.114922;8.973.468
0.248997;0.086191;8.676.587
0.287304;0.086191;8.791.509
0.306458;0.095768;9.126.697
0.306458;0.095768;9.567.230
0.325611;0.086191;10.658.986
0.354342;0.105345;11.042.058
0.354342;0.124498;11.281.479
0.354342;0.095768;11.109.096
0.344765;0.105345;10.745.177
0.296881;0.086191;10.247.183
0.287304;0.086191;9.701.305
0.268151;0.086191;8.829.816
0.277727;0.076614;8.657.434
0.287304;0.086191;8.657.434
0.306458;0.067038;9.279.925
0.316035;0.086191;9.777.920
0.325611;0.114922;10.333.375
0.363919;0.105345;11.185.710
0.373495;0.124498;11.319.786
0.363919;0.076614;11.252.748
0.344765;0.114922;10.955.867
0.335188;0.095768;10.007.763
0.306458;0.095768;9.490.616
0.287304;0.086191;9.050.082
0.268151;0.105345;8.619.126
0.277727;0.105345;8.753.201
0.287304;0.105345;9.011.775
0.287304;0.086191;9.490.616
0.316035;0.114922;10.553.641
0.335188;0.095768;10.984.597
0.363919;0.124498;11.271.901
0.344765;0.114922;11.156.980
0.335188;0.124498;10.831.368
0.335188;0.086191;10.333.375
0.277727;0.095768;9.327.810
0.296881;0.105345;8.877.700
0.277727;0.105345;8.647.857
0.268151;0.047884;8.647.857
0.306458;0.095768;9.184.157
0.296881;0.095768;9.730.036
0.316035;0.095768;10.247.183
0.344765;0.095768;11.118.672
0.354342;0.114922;11.300.632
0.392649;0.134075;11.262.324
0.363919;0.124498;11.022.904
0.335188;0.134075;10.122.684
0.277727;0.086191;9.567.230
0.277727;0.105345;9.097.966
0.287304;0.067038;8.638.280
0.277727;0.086191;8.714.894
0.277727;0.086191;8.983.045
0.287304;0.086191;9.921.572
0.335188;0.095768;10.467.450
0.344765;0.086191;10.907.983
0.373495;0.105345;11.310.209
0.383072;0.124498;11.214.440
0.344765;0.086191;10.907.983
0.325611;0.067038;10.438.720
0.287304;0.076614;9.394.848
0.296881;0.076614;8.983.045
0.258574;0.086191;8.705.317
0.296881;0.095768;8.820.239
0.277727;0.076614;9.117.120
0.287304;0.095768;9.624.691
0.316035;0.095768;10.132.261
0.363919;0.124498;11.051.635
0.363919;0.105345;11.281.479
0.354342;0.095768;11.281.479
0.325611;0.105345;10.735.600
0.325611;0.086191;10.218.452
0.296881;0.057461;9.682.152
0.287304;0.086191;9.184.157
0.268151;0.105345;8.657.434
0.268151;0.086191;8.695.741
0.277727;0.105345;8.925.584
0.325611;0.095768;9.825.804
0.344765;0.105345;10.362.105
0.354342;0.124498;10.831.368
0.354342;0.114922;11.300.632
0.344765;0.086191;11.233.594
0.344765;0.095768;10.936.713
0.325611;0.105345;10.524.911
0.296881;0.086191;9.481.039
0.277727;0.095768;9.021.352
0.268151;0.095768;8.743.625
0.296881;0.086191;8.772.355
0.248997;0.086191;9.078.813
0.277727;0.086191;9.528.923
0.335188;0.105345;10.553.641
0.363919;0.114922;10.984.597
0.344765;0.124498;11.243.171
0.354342;0.095768;11.300.632
0.344765;0.105345;10.793.061
0.316035;0.095768;10.285.490
0.306458;0.114922;9.797.073
0.258574;0.105345;8.887.277
0.268151;0.086191;8.705.317
0.268151;0.076614;8.667.010
0.277727;0.095768;8.829.816
0.306458;0.095768;9.710.882
0.325611;0.076614;10.266.336
0.344765;0.095768;10.773.908
0.363919;0.095768;11.281.479
0.344765;0.095768;11.233.594
0.335188;0.076614;10.994.174
0.306458;0.086191;10.103.531
0.306458;0.114922;9.576.807
0.277727;0.095768;9.107.543
0.258574;0.086191;8.762.778
0.277727;0.076614;8.724.471
0.306458;0.086191;9.021.352
0.296881;0.114922;9.442.732
0.316035;0.105345;10.477.027
0.354342;0.105345;10.907.983
0.363919;0.114922;11.185.710
0.354342;0.105345;11.166.556
0.344765;0.114922;10.860.099
0.325611;0.114922;10.390.836
0.316035;0.124498;9.902.418
0.277727;0.086191;8.954.314
0.277727;0.086191;8.686.164
0.268151;0.105345;8.657.434
0.287304;0.114922;9.184.157
0.296881;0.086191;9.653.421
0.325611;0.105345;10.141.838
0.335188;0.114922;10.658.986
0.373495;0.114922;11.271.901
0.354342;0.114922;11.271.901
0.354342;0.105345;11.061.212
0.306458;0.114922;10.208.876
0.306458;0.086191;9.653.421
0.287304;0.086191;9.184.157
0.268151;0.067038;8.667.010
0.287304;0.086191;8.695.741
0.277727;0.076614;8.935.161
0.296881;0.067038;9.346.964
0.316035;0.105345;10.371.682
0.344765;0.086191;10.840.945
0.363919;0.105345;11.156.980
0.344765;0.114922;11.204.864
0.344765;0.105345;10.927.136
0.325611;0.105345;10.457.873
0.296881;0.076614;9.461.885
0.268151;0.086191;9.011.775
0.268151;0.076614;8.743.625
0.268151;0.086191;8.676.587
0.296881;0.086191;9.088.389
0.306458;0.095768;9.567.230
0.306458;0.105345;10.065.224
0.344765;0.095768;10.965.444
0.373495;0.105345;11.243.171
0.363919;0.114922;11.291.056
0.363919;0.114922;11.137.826
0.316035;0.086191;10.275.913
0.306458;0.067038;9.739.613
0.306458;0.114922;9.279.925
0.258574;0.076614;8.705.317
0.277727;0.095768;8.705.317
0.277727;0.114922;8.887.277
0.296881;0.105345;9.758.766
0.325611;0.114922;10.285.490
0.344765;0.105345;10.764.331
0.354342;0.095768;11.089.942
0.363919;0.105345;11.233.594
0.354342;0.105345;10.984.597
0.335188;0.105345;10.572.795
0.296881;0.105345;9.519.346
0.306458;0.076614;9.107.543
0.277727;0.076614;8.810.662
0.268151;0.114922;8.676.587
0.287304;0.086191;9.030.929
0.296881;0.124498;9.452.309
0.306458;0.105345;9.959.879
0.354342;0.095768;10.898.406
0.344765;0.114922;11.214.440
0.354342;0.114922;11.300.632
0.344765;0.114922;10.860.099
0.316035;0.105345;10.371.682
0.306458;0.105345;9.844.957
0.296881;0.086191;9.366.117
0.258574;0.105345;8.724.471
0.258574;0.086191;8.705.317
0.258574;0.095768;8.839.393
0.296881;0.095768;9.662.998
0.306458;0.086191;10.199.299
0.335188;0.076614;10.687.716
0.354342;0.114922;11.243.171
0.363919;0.105345;11.243.171
0.354342;0.105345;11.042.058
0.335188;0.105345;10.658.986
0.306458;0.095768;9.634.268
0.287304;0.086191;9.155.427
0.258574;0.086191;8.839.393
0.287304;0.086191;8.743.625
0.296881;0.105345;8.973.468
0.287304;0.105345;9.375.694
0.325611;0.114922;10.390.836
0.335188;0.105345;10.831.368
0.354342;0.105345;11.166.556
0.363919;0.105345;11.252.748
0.354342;0.086191;10.888.829
0.325611;0.076614;10.448.297
0.287304;0.076614;9.959.879
0.296881;0.067038;9.021.352
0.268151;0.086191;8.762.778
0.277727;0.086191;8.667.010
0.277727;0.095768;8.839.393
0.296881;0.095768;9.576.807
0.306458;0.114922;10.093.954
0.335188;0.114922;10.572.795
0.363919;0.105345;11.214.440
0.363919;0.105345;11.252.748
0.354342;0.114922;11.099.519
0.335188;0.105345;10.266.336
0.287304;0.086191;9.749.189
0.287304;0.067038;9.299.079
0.277727;0.067038;8.896.853
0.268151;0.076614;8.714.894
0.277727;0.086191;8.925.584
0.296881;0.105345;9.270.349
0.325611;0.076614;10.295.067
0.354342;0.105345;10.764.331
0.344765;0.086191;11.099.519
0.316035;0.134075;11.252.748
0.354342;0.105345;10.946.290
0.363919;0.114922;10.563.218
0.296881;0.086191;10.017.340
0.287304;0.086191;9.078.813
0.268151;0.086191;8.762.778
0.268151;0.067038;8.676.587
0.306458;0.105345;9.078.813
0.296881;0.105345;9.509.769
0.316035;0.095768;9.988.609
0.325611;0.105345;10.496.181
0.363919;0.105345;11.195.287
0.344765;0.095768;11.243.171
0.335188;0.105345;11.118.672
0.325611;0.086191;10.333.375
0.296881;0.095768;9.816.227
0.296881;0.105345;9.337.387
0.277727;0.114922;8.743.625
0.277727;0.105345;8.724.471
0.268151;0.105345;8.887.277
0.296881;0.095768;9.203.311
0.325611;0.105345;10.199.299
0.344765;0.124498;10.687.716
0.344765;0.095768;11.061.212
0.335188;0.095768;11.204.864
0.354342;0.114922;11.003.751
0.325611;0.095768;10.630.256
0.335188;0.086191;10.113.108
0.258574;0.086191;9.155.427
0.277727;0.076614;8.858.546
0.287304;0.095768;8.724.471
0.296881;0.105345;9.011.775
0.316035;0.076614;9.414.001
0.306458;0.114922;9.921.572
0.344765;0.105345;10.850.522
0.354342;0.095768;11.137.826
0.344765;0.114922;11.156.980
0.344765;0.114922;11.156.980
0.316035;0.105345;10.457.873
0.316035;0.086191;9.921.572
0.296881;0.086191;9.461.885
0.268151;0.076614;8.753.201
0.287304;0.114922;8.695.741
0.277727;0.105345;8.848.969
0.296881;0.095768;9.615.114
0.316035;0.105345;10.103.531
0.344765;0.114922;10.601.525
0.392649;0.095768;11.195.287
0.383072;0.114922;11.243.171
0.344765;0.124498;11.051.635
0.325611;0.114922;10.716.447
0.316035;0.105345;9.730.036
0.287304;0.076614;9.270.349
0.287304;0.095768;8.896.853
0.277727;0.067038;8.724.471
0.296881;0.076614;8.954.314
0.287304;0.095768;9.346.964
0.296881;0.105345;9.797.073
0.325611;0.105345;10.745.177
0.335188;0.114922;11.099.519
0.354342;0.134075;11.233.594
0.344765;0.086191;10.907.983
0.316035;0.105345;10.486.604
0.316035;0.076614;10.026.917
0.296881;0.105345;9.519.346
0.296881;0.114922;8.820.239
0.277727;0.095768;8.714.894
0.287304;0.095768;8.820.239
0.287304;0.114922;9.519.346
0.306458;0.076614;10.026.917
0.335188;0.095768;10.515.334
0.354342;0.105345;11.166.556
0.363919;0.124498;11.224.017
0.354342;0.105345;11.118.672
0.335188;0.105345;10.802.638
0.316035;0.124498;9.816.227
0.287304;0.047884;9.346.964
0.277727;0.086191;8.973.468
0.268151;0.076614;8.724.471
0.296881;0.086191;8.906.430
0.287304;0.095768;9.260.772
0.316035;0.095768;9.701.305
0.335188;0.095768;10.706.870
0.354342;0.105345;11.051.635
0.344765;0.095768;11.214.440
0.344765;0.086191;10.955.867
0.316035;0.114922;10.591.949
0.316035;0.105345;10.122.684
0.277727;0.086191;9.174.581
0.258574;0.086191;8.858.546
0.277727;0.095768;8.734.048
0.287304;0.095768;8.781.932
0.296881;0.086191;9.442.732
0.287304;0.095768;9.921.572
0.316035;0.114922;10.429.143
0.354342;0.114922;11.128.249
0.354342;0.114922;11.243.171
0.363919;0.105345;11.118.672
0.354342;0.114922;10.860.099
0.316035;0.114922;9.921.572
0.287304;0.076614;9.394.848
0.287304;0.095768;9.030.929
0.277727;0.086191;8.734.048
0.268151;0.086191;8.858.546
0.277727;0.105345;9.184.157
0.306458;0.105345;10.122.684
0.344765;0.105345;10.591.949
0.344765;0.105345;10.965.444
0.354342;0.105345;11.204.864
0.344765;0.105345;11.051.635
0.335188;0.095768;10.649.409
0.316035;0.114922;10.199.299
0.268151;0.105345;9.222.465
0.248997;0.076614;8.906.430
0.277727;0.114922;8.743.625
0.277727;0.105345;9.002.198
0.306458;0.086191;9.356.541
0.316035;0.105345;9.844.957
0.335188;0.105345;10.352.529
0.344765;0.105345;11.118.672
0.363919;0.105345;11.243.171
0.354342;0.086191;11.166.556
0.325611;0.114922;10.467.450
0.306458;0.105345;9.979.033
0.287304;0.095768;9.481.039
0.277727;0.076614;9.088.389
0.296881;0.124498;8.753.201
0.277727;0.095768;8.839.393
0.296881;0.086191;9.097.966
0.316035;0.105345;10.055.647
0.335188;0.086191;10.505.757
0.335188;0.105345;10.927.136
0.344765;0.134075;11.195.287
0.354342;0.124498;11.051.635
0.335188;0.134075;10.735.600
0.316035;0.134075;10.256.760
0.296881;0.105345;9.337.387
0.258574;0.095768;8.963.891
0.277727;0.095768;8.762.778
0.277727;0.105345;8.925.584
0.277727;0.114922;9.270.349
0.306458;0.105345;9.749.189
0.344765;0.095768;10.697.293
0.354342;0.124498;11.042.058
0.363919;0.105345;11.214.440
0.344765;0.105345;11.185.710
0.335188;0.086191;10.544.065
0.306458;0.095768;10.084.377
0.287304;0.086191;9.586.384
0.277727;0.114922;8.858.546
0.287304;0.076614;8.753.201
0.268151;0.114922;8.820.239
0.296881;0.095768;9.069.236
0.306458;0.095768;9.950.302
0.335188;0.095768;10.448.297
0.335188;0.095768;10.840.945
0.363919;0.105345;11.224.017
0.363919;0.105345;11.099.519
0.354342;0.095768;10.812.215
0.325611;0.105345;9.883.265
0.296881;0.086191;9.385.271
0.268151;0.086191;9.040.505
0.277727;0.086191;8.801.085
0.268151;0.105345;8.896.853
0.287304;0.105345;9.222.465
0.287304;0.095768;9.672.575
0.335188;0.114922;10.639.832
0.344765;0.105345;10.965.444
0.363919;0.114922;11.166.556
0.363919;0.114922;11.176.133
0.316035;0.114922;10.649.409
0.316035;0.076614;10.170.568
0.306458;0.086191;9.701.305
0.296881;0.095768;8.906.430
0.277727;0.086191;8.762.778
0.287304;0.095768;8.781.932
0.268151;0.086191;9.385.271
0.335188;0.095768;9.864.111
0.325611;0.095768;10.362.105
0.325611;0.095768;10.783.484
0.363919;0.105345;11.185.710
0.354342;0.105345;11.109.096
0.325611;0.086191;10.860.099
0.316035;0.095768;9.931.149
0.287304;0.086191;9.490.616
0.277727;0.105345;9.107.543
0.258574;0.095768;8.734.048
0.287304;0.086191;8.858.546
0.287304;0.114922;9.155.427
0.306458;0.095768;10.046.070
0.316035;0.105345;10.534.488
0.344765;0.086191;10.917.560
0.354342;0.086191;11.156.980
0.373495;0.105345;11.022.904
0.354342;0.124498;10.697.293
0.306458;0.086191;10.247.183
0.316035;0.095768;9.299.079
0.258574;0.086191;8.954.314
0.268151;0.076614;8.801.085
0.277727;0.076614;9.346.964
0.296881;0.086191;9.777.920
0.296881;0.105345;10.237.606
0.354342;0.086191;11.051.635
0.373495;0.114922;11.185.710
0.354342;0.105345;11.137.826
0.335188;0.086191;10.907.983
0.325611;0.105345;10.074.800
0.287304;0.105345;9.557.653
0.277727;0.086191;9.174.581
0.287304;0.086191;8.724.471
0.287304;0.114922;8.820.239
0.306458;0.095768;9.509.769
0.325611;0.076614;9.969.456
0.335188;0.105345;10.448.297
0.344765;0.086191;10.869.676
0.354342;0.105345;11.109.096
0.354342;0.114922;11.099.519
0.344765;0.105345;10.793.061
0.325611;0.095768;10.362.105
0.287304;0.086191;9.394.848
0.287304;0.095768;9.021.352
0.277727;0.086191;8.801.085
0.268151;0.105345;8.762.778
0.296881;0.095768;9.251.195
0.287304;0.105345;9.672.575
0.316035;0.095768;10.160.992
0.354342;0.095768;10.984.597
0.354342;0.114922;11.176.133
0.373495;0.095768;11.166.556
0.335188;0.124498;10.591.949
0.306458;0.076614;10.113.108
0.316035;0.086191;9.653.421
0.268151;0.086191;8.944.737
0.277727;0.086191;8.762.778
0.296881;0.086191;8.820.239
0.277727;0.086191;9.059.659
0.316035;0.086191;9.902.418
0.325611;0.095768;10.371.682
0.354342;0.124498;10.802.638
0.344765;0.105345;11.195.287
0.363919;0.114922;11.109.096
0.335188;0.095768;10.831.368
0.335188;0.086191;10.419.566
0.296881;0.105345;9.471.462
0.277727;0.105345;9.040.505
0.277727;0.095768;8.839.393
0.277727;0.086191;8.896.853
0.306458;0.105345;9.184.157
0.296881;0.105345;9.595.961
0.325611;0.095768;10.074.800
0.325611;0.105345;10.946.290
0.354342;0.095768;11.166.556
0.354342;0.105345;11.185.710
0.325611;0.095768;10.706.870
0.306458;0.086191;10.218.452
0.316035;0.086191;9.749.189
0.287304;0.114922;8.973.468
0.287304;0.095768;8.801.085
0.277727;0.095768;8.791.509
0.287304;0.067038;9.002.198
0.325611;0.105345;9.816.227
0.316035;0.105345;10.275.913
0.344765;0.105345;10.697.293
0.325611;0.124498;11.185.710
0.354342;0.114922;11.128.249
0.316035;0.105345;10.888.829
0.325611;0.114922;10.505.757
0.287304;0.095768;9.576.807
0.277727;0.086191;9.155.427
0.268151;0.076614;8.896.853
0.277727;0.086191;8.858.546
0.287304;0.095768;9.136.273
0.287304;0.086191;9.519.346
0.335188;0.095768;10.477.027
0.344765;0.114922;10.869.676
0.335188;0.095768;11.118.672
0.363919;0.114922;11.176.133
0.344765;0.105345;10.735.600
0.354342;0.114922;10.314.221
0.306458;0.095768;9.806.650
0.277727;0.095768;9.002.198
0.277727;0.067038;8.810.662
0.268151;0.124498;8.781.932
0.296881;0.067038;9.299.079
0.325611;0.124498;9.730.036
0.325611;0.105345;10.218.452
0.335188;0.114922;10.630.256
0.354342;0.095768;11.156.980
0.344765;0.086191;11.128.249
0.354342;0.114922;10.936.713
0.306458;0.114922;10.103.531
0.287304;0.095768;9.653.421
0.296881;0.105345;9.241.618
0.258574;0.105345;8.772.355
0.268151;0.076614;8.839.393
0.287304;0.105345;9.059.659
0.306458;0.105345;9.452.309
0.325611;0.086191;10.390.836
0.354342;0.105345;11.070.788
0.354342;0.124498;11.080.365
0.335188;0.105345;10.812.215
0.296881;0.086191;10.371.682
0.316035;0.076614;9.902.418
0.268151;0.095768;9.088.389
0.277727;0.086191;8.839.393
0.258574;0.086191;8.791.509
0.287304;0.105345;9.232.041
0.296881;0.105345;9.653.421
0.296881;0.076614;10.103.531
0.335188;0.124498;10.917.560
0.363919;0.105345;11.137.826
0.344765;0.095768;11.147.403
0.344765;0.105345;10.965.444
0.316035;0.095768;10.170.568
0.296881;0.086191;9.691.729
0.287304;0.076614;9.279.925
0.287304;0.095768;8.801.085
0.258574;0.105345;8.829.816
0.296881;0.095768;9.030.929
0.287304;0.086191;9.356.541
0.325611;0.124498;10.314.221
0.344765;0.105345;10.726.024
0.344765;0.095768;11.013.328
0.335188;0.105345;11.109.096
0.344765;0.095768;10.869.676
0.316035;0.114922;10.486.604
0.306458;0.105345;9.528.923
0.287304;0.095768;9.145.850
0.287304;0.095768;8.887.277
0.296881;0.086191;8.781.932
0.287304;0.095768;9.165.004
0.306458;0.095768;9.567.230
0.325611;0.105345;10.007.763
0.344765;0.105345;10.869.676
0.344765;0.124498;11.099.519
0.325611;0.114922;11.147.403
0.335188;0.076614;10.735.600
0.316035;0.114922;10.285.490
0.287304;0.067038;9.787.497
0.277727;0.086191;9.385.271
0.268151;0.095768;8.820.239
0.258574;0.086191;8.781.932
0.277727;0.095768;9.011.775
0.306458;0.086191;9.777.920
0.316035;0.124498;10.218.452
0.325611;0.124498;10.658.986
0.354342;0.095768;10.975.020
0.363919;0.114922;11.128.249
0.335188;0.076614;10.888.829
0.316035;0.105345;10.524.911
0.296881;0.105345;9.643.845
0.287304;0.105345;9.203.311
0.268151;0.076614;8.916.007
0.277727;0.076614;8.868.123
0.316035;0.095768;9.069.236
0.296881;0.114922;9.481.039
0.306458;0.095768;9.969.456
0.335188;0.114922;10.783.484
0.354342;0.095768;11.051.635
0.373495;0.105345;11.137.826
0.335188;0.105345;10.764.331
0.296881;0.086191;10.371.682
0.306458;0.067038;9.911.995
0.268151;0.095768;9.078.813
0.287304;0.105345;8.877.700
0.287304;0.095768;8.829.816
0.277727;0.095768;8.954.314
0.287304;0.105345;9.634.268
0.325611;0.124498;10.132.261
0.325611;0.114922;10.601.525
0.354342;0.095768;11.118.672
0.354342;0.114922;11.137.826
0.354342;0.114922;10.946.290
0.335188;0.105345;10.601.525
0.316035;0.086191;9.710.882
0.306458;0.086191;9.270.349
0.268151;0.076614;8.992.621
0.277727;0.076614;8.848.969
0.306458;0.086191;9.050.082
0.296881;0.095768;9.394.848
0.335188;0.105345;10.323.798
0.325611;0.114922;10.735.600
0.335188;0.105345;11.022.904
0.335188;0.114922;11.137.826
0.344765;0.095768;10.840.945
0.325611;0.086191;10.429.143
0.316035;0.095768;9.979.033
0.287304;0.095768;9.145.850
0.277727;0.095768;8.887.277
0.268151;0.076614;8.820.239
0.287304;0.086191;9.184.157
0.277727;0.095768;9.586.384
0.316035;0.105345;10.055.647
0.316035;0.095768;10.505.757
0.354342;0.114922;11.099.519
0.363919;0.114922;11.137.826
0.335188;0.095768;11.013.328
0.335188;0.105345;10.256.760
0.306458;0.105345;9.806.650
0.296881;0.114922;9.337.387
0.287304;0.086191;8.848.969
0.277727;0.095768;8.829.816
0.287304;0.105345;9.002.198
0.287304;0.105345;9.337.387
0.316035;0.095768;10.208.876
0.335188;0.095768;10.658.986
0.363919;0.114922;10.975.020
0.344765;0.105345;11.109.096
0.335188;0.095768;10.888.829
0.335188;0.095768;10.515.334
0.306458;0.124498;10.074.800
0.296881;0.086191;9.193.734
0.268151;0.086191;8.935.161
0.258574;0.105345;8.810.662
0.306458;0.086191;9.126.697
0.296881;0.114922;9.519.346
0.316035;0.095768;9.950.302
0.354342;0.114922;10.812.215
0.363919;0.105345;11.061.212
0.354342;0.095768;11.156.980
0.354342;0.095768;11.042.058
0.325611;0.095768;10.323.798
0.316035;0.105345;9.883.265
0.277727;0.105345;9.433.155
0.277727;0.105345;8.868.123
0.277727;0.105345;8.820.239
0.277727;0.095768;8.963.891
0.296881;0.095768;9.289.502
0.316035;0.086191;10.151.415
0.325611;0.095768;10.582.372
0.344765;0.114922;10.946.290
0.344765;0.095768;11.109.096
0.335188;0.095768;10.946.290
0.335188;0.114922;10.591.949
0.316035;0.086191;9.691.729
0.287304;0.114922;9.299.079
0.287304;0.086191;8.954.314
0.277727;0.095768;8.868.123
0.287304;0.095768;9.059.659
0.316035;0.086191;9.404.425
0.316035;0.095768;9.873.688
0.325611;0.095768;10.745.177
0.354342;0.114922;11.013.328
0.363919;0.114922;11.128.249
0.335188;0.105345;10.802.638
0.335188;0.105345;10.429.143
0.306458;0.105345;9.950.302
0.296881;0.095768;9.528.923
0.268151;0.095768;8.906.430
0.277727;0.076614;8.829.816
0.277727;0.086191;8.954.314
0.306458;0.095768;9.643.845
0.316035;0.105345;10.074.800
0.335188;0.105345;10.515.334
0.335188;0.114922;10.869.676
0.344765;0.134075;11.109.096
0.344765;0.105345;10.975.020
0.335188;0.114922;10.658.986
0.296881;0.105345;9.787.497
0.268151;0.124498;9.318.233
0.268151;0.095768;9.021.352
0.287304;0.105345;8.868.123
0.268151;0.076614;9.050.082
0.277727;0.095768;9.385.271
0.287304;0.086191;9.787.497
0.316035;0.114922;10.668.563
0.335188;0.086191;10.965.444
0.354342;0.143652;11.089.942
0.335188;0.095768;10.888.829
0.335188;0.105345;10.486.604
0.316035;0.105345;10.046.070
0.306458;0.114922;9.567.230
0.287304;0.076614;8.944.737
0.277727;0.095768;8.839.393
0.277727;0.095768;8.916.007
0.287304;0.095768;9.519.346
0.296881;0.124498;9.998.186
0.325611;0.114922;10.419.566
0.344765;0.124498;11.070.788
0.344765;0.124498;11.089.942
0.354342;0.095768;11.003.751
0.344765;0.114922;10.726.024
0.306458;0.124498;9.854.534
0.296881;0.105345;9.423.578
0.287304;0.095768;9.078.813
0.287304;0.076614;8.839.393
0.277727;0.086191;9.011.775
0.287304;0.086191;9.299.079
0.335188;0.086191;10.180.145
0.325611;0.105345;10.620.679
0.335188;0.095768;10.927.136
0.363919;0.086191;11.080.365
0.344765;0.095768;10.907.983
0.316035;0.086191;10.572.795
0.306458;0.105345;10.122.684
0.296881;0.086191;9.279.925
0.287304;0.105345;8.973.468
0.277727;0.076614;8.848.969
0.306458;0.076614;9.107.543
0.306458;0.114922;9.461.885
0.306458;0.086191;9.902.418
0.335188;0.095768;10.342.952
0.363919;0.095768;10.994.174
0.373495;0.095768;11.128.249
0.344765;0.114922;11.003.751
0.316035;0.105345;10.400.413
0.325611;0.095768;9.950.302
0.306458;0.086191;9.509.769
0.277727;0.086191;8.906.430
0.277727;0.086191;8.848.969
0.296881;0.076614;8.973.468
0.287304;0.105345;9.232.041
0.296881;0.095768;10.084.377
0.325611;0.086191;10.544.065
0.354342;0.105345;10.879.252
0.344765;0.105345;10.946.290
0.335188;0.105345;10.601.525
0.335188;0.105345;10.208.876
0.306458;0.086191;9.337.387
0.277727;0.086191;9.040.505
0.287304;0.086191;8.868.123
0.287304;0.076614;9.078.813
0.296881;0.095768;9.385.271
0.316035;0.095768;9.816.227
0.325611;0.095768;10.266.336
0.354342;0.105345;10.984.597
0.373495;0.105345;11.118.672
0.344765;0.114922;11.051.635
0.296881;0.114922;10.457.873
0.306458;0.086191;10.017.340
0.287304;0.086191;9.557.653
0.287304;0.095768;8.935.161
0.268151;0.095768;8.839.393
0.296881;0.076614;9.174.581
0.306458;0.086191;9.998.186
0.316035;0.067038;10.438.720
0.354342;0.095768;10.821.792
0.354342;0.095768;11.089.942
0.335188;0.105345;10.984.597
0.335188;0.095768;10.678.140
0.306458;0.114922;9.835.381
0.277727;0.076614;9.423.578
0.268151;0.095768;9.069.236
0.268151;0.095768;8.868.123
0.287304;0.105345;9.021.352
0.296881;0.086191;9.318.233
0.306458;0.095768;9.758.766
0.335188;0.105345;10.611.102
0.363919;0.134075;10.936.713
0.354342;0.105345;11.099.519
0.344765;0.114922;11.061.212
0.335188;0.095768;10.534.488
0.325611;0.095768;10.141.838
0.296881;0.095768;9.653.421
0.277727;0.095768;9.002.198
0.296881;0.086191;8.858.546
0.296881;0.076614;8.925.584
0.296881;0.105345;9.490.616
0.306458;0.067038;9.940.725
0.325611;0.095768;10.371.682
0.335188;0.124498;10.735.600
0.354342;0.105345;11.109.096
0.325611;0.095768;11.013.328
0.344765;0.086191;10.735.600
0.306458;0.114922;9.902.418
0.287304;0.095768;9.461.885
0.296881;0.095768;9.117.120
0.277727;0.076614;8.839.393
0.277727;0.095768;8.983.045
0.287304;0.095768;9.289.502
0.296881;0.086191;9.672.575
0.306458;0.105345;10.534.488
0.354342;0.086191;10.879.252
0.344765;0.105345;11.051.635
0.344765;0.076614;10.927.136
0.363919;0.095768;10.591.949
0.325611;0.114922;10.170.568
0.287304;0.086191;9.730.036
0.277727;0.086191;9.021.352
0.287304;0.095768;8.887.277
0.268151;0.086191;9.097.966
0.287304;0.095768;9.442.732
0.296881;0.105345;9.825.804
0.325611;0.124498;10.285.490
0.335188;0.114922;10.984.597
0.354342;0.124498;11.080.365
0.344765;0.124498;11.022.904
0.335188;0.095768;10.821.792
0.316035;0.086191;9.998.186
0.296881;0.114922;9.548.077
0.287304;0.095768;9.184.157
0.277727;0.086191;8.877.700
0.258574;0.086191;8.954.314
0.277727;0.105345;9.193.734
0.316035;0.114922;9.595.961
0.316035;0.114922;10.429.143
0.325611;0.105345;10.802.638
0.344765;0.095768;11.013.328
0.335188;0.095768;10.984.597
0.354342;0.114922;10.678.140
0.325611;0.124498;10.256.760
0.296881;0.067038;9.404.425
0.287304;0.086191;9.069.236
0.296881;0.095768;8.906.430
0.268151;0.076614;8.868.123
0.296881;0.067038;9.356.541
0.316035;0.095768;9.777.920
0.325611;0.095768;10.199.299
0.344765;0.076614;10.917.560
0.344765;0.095768;11.061.212
0.354342;0.114922;11.051.635
0.296881;0.076614;10.486.604
0.335188;0.095768;10.055.647
0.296881;0.086191;9.653.421
0.268151;0.095768;9.260.772
0.296881;0.086191;8.877.700
0.287304;0.105345;8.944.737
0.306458;0.086191;9.155.427
0.316035;0.086191;9.940.725
0.325611;0.086191;10.381.259
0.344765;0.095768;10.745.177
0.354342;0.095768;11.080.365
0.354342;0.124498;10.975.020
0.354342;0.134075;10.726.024
0.325611;0.095768;10.342.952
0.287304;0.114922;9.452.309
0.296881;0.086191;9.136.273
0.268151;0.086191;8.935.161
0.296881;0.105345;9.011.775
0.287304;0.086191;9.289.502
0.306458;0.076614;9.691.729
0.296881;0.086191;10.132.261
0.354342;0.076614;10.879.252
0.354342;0.114922;11.070.788
0.373495;0.095768;11.070.788
0.316035;0.114922;10.582.372
0.325611;0.105345;10.160.992
0.306458;0.105345;9.710.882
0.287304;0.076614;9.040.505
0.277727;0.095768;8.877.700
0.277727;0.076614;8.916.007
0.268151;0.076614;9.126.697
0.296881;0.095768;9.873.688
0.325611;0.114922;10.314.221
0.363919;0.114922;10.678.140
0.354342;0.153229;11.061.212
0.354342;0.114922;11.003.751
0.335188;0.105345;10.764.331
0.316035;0.105345;10.419.566
0.306458;0.095768;9.557.653
0.268151;0.105345;9.212.888
0.277727;0.095768;8.973.468
0.277727;0.086191;8.983.045
0.296881;0.076614;9.241.618
0.306458;0.086191;9.615.114
0.344765;0.114922;10.467.450
0.344765;0.086191;10.783.484
0.344765;0.114922;11.003.751
0.354342;0.095768;11.061.212
0.335188;0.086191;10.649.409
0.335188;0.095768;10.218.452
0.316035;0.086191;9.806.650
0.268151;0.105345;9.078.813
0.277727;0.105345;8.906.430
0.258574;0.105345;8.916.007
0.296881;0.105345;9.069.236
0.316035;0.095768;9.777.920
0.335188;0.105345;10.208.876
0.325611;0.105345;10.620.679
0.344765;0.114922;11.080.365
0.344765;0.095768;11.022.904
0.354342;0.114922;10.821.792
0.325611;0.095768;10.074.800
0.287304;0.086191;9.653.421
0.287304;0.086191;9.241.618
0.287304;0.105345;8.992.621
0.268151;0.114922;8.983.045
0.268151;0.095768;9.165.004
0.306458;0.105345;9.538.500
0.316035;0.086191;10.419.566
0.354342;0.105345;10.773.908
0.373495;0.105345;11.013.328
0.344765;0.105345;10.965.444
0.316035;0.105345;10.726.024
0.344765;0.114922;10.323.798
0.316035;0.095768;9.873.688
0.287304;0.095768;9.136.273
0.296881;0.076614;8.925.584
0.277727;0.105345;8.896.853
0.296881;0.086191;9.337.387
0.296881;0.086191;9.720.459
0.316035;0.095768;10.170.568
0.354342;0.076614;10.850.522
0.335188;0.095768;11.051.635
0.335188;0.114922;10.553.641
0.316035;0.095768;10.141.838
0.296881;0.067038;9.739.613
0.277727;0.095768;9.346.964
0.268151;0.095768;8.916.007
0.287304;0.076614;8.944.737
0.287304;0.086191;9.126.697
0.316035;0.095768;9.481.039
0.325611;0.114922;10.314.221
0.316035;0.095768;10.697.293
0.354342;0.105345;10.946.290
0.335188;0.105345;10.975.020
0.335188;0.105345;10.783.484
0.325611;0.086191;10.409.989
0.296881;0.105345;9.538.500
0.277727;0.095768;9.193.734
0.296881;0.105345;8.963.891
0.268151;0.076614;8.925.584
0.306458;0.105345;9.270.349
0.296881;0.095768;9.634.268
0.287304;0.076614;10.065.224
0.335188;0.105345;10.821.792
0.344765;0.095768;11.013.328
0.354342;0.095768;11.042.058
0.335188;0.086191;10.591.949
0.325611;0.086191;10.199.299
0.316035;0.086191;9.777.920
0.296881;0.095768;9.414.001
0.268151;0.095768;8.916.007
0.277727;0.095768;8.906.430
0.277727;0.105345;9.107.543
0.316035;0.095768;9.816.227
0.335188;0.105345;10.266.336
0.325611;0.114922;10.639.832
0.344765;0.114922;10.907.983
0.354342;0.105345;11.022.904
0.335188;0.114922;10.793.061
0.335188;0.105345;10.457.873
0.306458;0.076614;9.615.114
0.287304;0.086191;9.260.772
0.277727;0.086191;9.002.198
0.258574;0.076614;9.002.198
0.277727;0.076614;9.232.041
0.306458;0.105345;9.548.077
0.316035;0.076614;9.988.609
0.354342;0.095768;10.764.331
0.344765;0.095768;10.975.020
0.363919;0.095768;11.042.058
0.325611;0.114922;10.687.716
0.325611;0.086191;10.285.490
0.316035;0.086191;9.902.418
0.296881;0.095768;9.481.039
0.287304;0.086191;8.944.737
0.287304;0.095768;8.916.007
0.258574;0.076614;9.050.082
0.316035;0.086191;9.730.036
0.316035;0.114922;10.160.992
0.335188;0.105345;10.572.795
0.335188;0.105345;11.032.481
0.373495;0.124498;11.032.481
0.316035;0.105345;10.821.792
0.325611;0.124498;10.553.641
0.296881;0.095768;9.701.305
0.287304;0.114922;9.327.810
0.277727;0.105345;9.040.505
0.268151;0.086191;8.963.891
0.296881;0.086191;9.155.427
0.306458;0.076614;9.519.346
0.325611;0.114922;10.333.375
0.354342;0.114922;10.706.870
0.335188;0.105345;10.946.290
0.354342;0.095768;11.042.058
0.335188;0.114922;10.716.447
0.306458;0.086191;10.362.105
0.325611;0.095768;9.931.149
0.287304;0.105345;9.212.888
0.268151;0.105345;8.992.621
0.287304;0.105345;8.906.430
0.296881;0.076614;9.040.505
0.325611;0.086191;9.653.421
0.316035;0.086191;10.074.800
0.316035;0.134075;10.505.757
0.354342;0.114922;11.022.904
0.363919;0.105345;11.032.481
0.344765;0.105345;10.917.560
0.306458;0.095768;10.180.145
0.296881;0.114922;9.768.343
0.277727;0.124498;9.404.425
0.277727;0.086191;9.088.389
0.296881;0.076614;8.954.314
0.306458;0.095768;9.126.697
0.296881;0.095768;9.433.155
0.316035;0.105345;10.256.760
0.325611;0.105345;10.639.832
0.344765;0.095768;10.888.829
0.335188;0.114922;11.022.904
0.335188;0.095768;10.745.177
0.335188;0.105345;10.419.566
0.306458;0.095768;10.007.763
0.296881;0.095768;9.232.041
0.306458;0.086191;9.002.198
0.287304;0.076614;8.925.584
0.287304;0.067038;9.251.195
0.316035;0.095768;9.586.384
0.306458;0.105345;10.036.493
0.335188;0.067038;10.457.873
0.344765;0.114922;10.984.597
0.344765;0.095768;11.022.904
0.325611;0.095768;10.907.983
0.306458;0.095768;10.247.183
0.306458;0.095768;9.864.111
0.287304;0.105345;9.461.885
0.268151;0.095768;8.963.891
0.248997;0.076614;8.944.737
0.296881;0.095768;9.069.236
0.296881;0.095768;9.366.117
0.316035;0.105345;10.180.145
0.316035;0.114922;10.572.795
0.335188;0.105345;11.022.904
0.344765;0.105345;10.965.444
0.335188;0.086191;10.802.638
0.316035;0.095768;10.496.181
0.306458;0.095768;9.662.998
0.296881;0.086191;9.308.656
0.287304;0.067038;9.050.082
0.296881;0.086191;8.925.584
0.287304;0.095768;9.232.041
0.296881;0.095768;9.528.923
0.306458;0.095768;9.940.725
0.344765;0.124498;10.697.293
0.325611;0.105345;10.936.713
0.344765;0.105345;11.022.904
0.325611;0.114922;10.927.136
0.335188;0.114922;10.314.221
0.316035;0.114922;9.959.879
0.306458;0.095768;9.184.157
0.306458;0.105345;8.983.045
0.277727;0.086191;8.954.314
0.306458;0.095768;9.069.236
0.296881;0.105345;9.672.575
0.296881;0.095768;10.093.954
0.325611;0.086191;10.496.181
0.325611;0.114922;10.831.368
0.344765;0.105345;11.003.751
0.354342;0.114922;10.888.829
0.316035;0.095768;10.563.218
0.316035;0.086191;9.749.189
0.306458;0.095768;9.385.271
0.277727;0.086191;9.088.389
0.277727;0.057461;8.944.737
0.287304;0.105345;9.145.850
0.325611;0.067038;9.461.885
0.325611;0.086191;9.854.534
0.344765;0.105345;10.649.409
0.325611;0.095768;10.927.136
0.335188;0.095768;11.032.481
0.335188;0.105345;10.726.024
0.344765;0.105345;10.390.836
0.335188;0.095768;9.998.186
0.306458;0.095768;9.567.230
0.268151;0.114922;9.021.352
0.268151;0.114922;8.925.584
0.277727;0.095768;9.030.929
0.296881;0.124498;9.615.114
0.325611;0.105345;10.026.917
0.335188;0.105345;10.448.297
0.344765;0.095768;10.994.174
0.363919;0.114922;11.022.904
0.354342;0.095768;10.907.983
0.316035;0.095768;10.601.525
0.316035;0.095768;9.816.227
0.296881;0.124498;9.442.732
0.287304;0.095768;9.136.273
0.287304;0.095768;8.954.314
0.277727;0.086191;9.117.120
0.296881;0.086191;9.414.001
0.296881;0.095768;9.787.497
0.325611;0.105345;10.582.372
0.354342;0.105345;10.879.252
0.354342;0.095768;10.984.597
0.325611;0.105345;10.793.061
0.316035;0.114922;10.457.873
0.296881;0.114922;10.074.800
0.296881;0.105345;9.308.656
0.268151;0.105345;9.050.082
0.287304;0.095768;8.925.584
0.268151;0.095768;9.011.775
0.287304;0.086191;9.586.384
0.325611;0.086191;9.940.725
0.316035;0.095768;10.342.952
0.344765;0.095768;10.927.136
0.373495;0.114922;11.032.481
0.344765;0.095768;10.898.406
0.325611;0.105345;10.295.067
0.316035;0.105345;9.892.841
0.287304;0.095768;9.519.346
0.287304;0.095768;9.193.734
0.296881;0.086191;8.954.314
0.268151;0.067038;9.078.813
0.296881;0.086191;9.327.810
0.325611;0.095768;10.132.261
0.344765;0.124498;10.515.334
0.325611;0.114922;10.840.945
0.354342;0.105345;10.975.020
0.354342;0.114922;10.821.792
0.325611;0.095768;10.544.065
0.344765;0.105345;10.132.261
0.287304;0.086191;9.337.387
0.268151;0.086191;9.088.389
0.277727;0.086191;8.973.468
0.248997;0.076614;9.155.427
0.277727;0.076614;9.481.039
0.335188;0.086191;9.892.841
0.325611;0.105345;10.304.645
0.344765;0.086191;10.927.136
0.363919;0.086191;11.013.328
0.335188;0.086191;10.946.290
0.335188;0.095768;10.400.413
0.316035;0.105345;9.969.456
0.296881;0.086191;9.548.077
0.268151;0.105345;9.011.775
0.277727;0.095768;8.954.314
0.287304;0.095768;9.040.505
0.296881;0.105345;9.299.079
0.316035;0.095768;10.046.070
0.335188;0.105345;10.448.297
0.354342;0.105345;10.773.908
0.335188;0.105345;10.994.174
0.344765;0.086191;10.860.099
0.354342;0.105345;10.591.949
0.316035;0.076614;10.199.299
0.287304;0.124498;9.404.425
0.287304;0.095768;9.126.697
0.296881;0.076614;8.983.045
0.287304;0.114922;9.136.273
0.306458;0.095768;9.414.001
0.316035;0.086191;9.787.497
0.354342;0.095768;10.582.372
0.354342;0.095768;10.869.676
0.344765;0.105345;10.975.020
0.363919;0.105345;10.936.713
0.306458;0.114922;10.448.297
0.306458;0.095768;10.055.647
0.296881;0.095768;9.653.421
0.277727;0.105345;9.050.082
0.277727;0.086191;8.963.891
0.287304;0.095768;9.021.352
0.296881;0.086191;9.557.653
0.306458;0.086191;9.969.456
0.316035;0.095768;10.371.682
0.335188;0.124498;10.716.447
0.354342;0.114922;10.994.174
0.335188;0.095768;10.907.983
0.335188;0.114922;10.649.409
0.306458;0.095768;9.873.688
0.287304;0.086191;9.471.462
0.277727;0.114922;9.193.734
0.287304;0.095768;8.992.621
0.287304;0.086191;9.117.120
0.296881;0.114922;9.356.541
0.306458;0.095768;9.749.189
0.335188;0.086191;10.515.334
0.344765;0.105345;10.821.792
0.335188;0.105345;10.975.020
0.344765;0.114922;10.793.061
0.335188;0.114922;10.477.027
0.316035;0.095768;10.122.684
0.296881;0.105345;9.701.305
0.287304;0.086191;9.078.813
0.287304;0.086191;8.963.891
0.306458;0.076614;9.021.352
0.306458;0.095768;9.519.346
0.296881;0.114922;9.902.418
0.335188;0.095768;10.314.221
0.344765;0.095768;10.658.986
0.354342;0.105345;10.984.597
0.354342;0.086191;10.917.560
0.344765;0.105345;10.668.563
0.316035;0.076614;9.959.879
0.296881;0.067038;9.557.653
0.296881;0.095768;9.212.888
0.306458;0.095768;8.963.891
0.287304;0.095768;9.097.966
0.287304;0.095768;9.318.233
0.296881;0.086191;9.643.845
0.335188;0.105345;10.457.873
0.344765;0.105345;10.754.754
0.354342;0.114922;10.965.444
0.344765;0.095768;10.831.368
0.325611;0.124498;10.544.065
0.306458;0.105345;10.180.145
0.287304;0.095768;9.433.155
0.277727;0.095768;9.126.697
0.287304;0.105345;8.973.468
0.268151;0.076614;8.992.621
0.296881;0.086191;9.461.885
0.306458;0.114922;9.825.804
0.335188;0.086191;10.256.760
0.344765;0.105345;10.869.676
0.335188;0.105345;10.975.020
0.344765;0.114922;10.936.713
0.316035;0.105345;10.726.024
0.316035;0.086191;10.017.340
0.306458;0.095768;9.634.268
0.277727;0.124498;9.279.925
0.287304;0.086191;8.983.045
0.296881;0.086191;9.040.505
0.277727;0.114922;9.260.772
0.306458;0.105345;10.017.340
0.325611;0.086191;10.409.989
0.335188;0.086191;10.726.024
0.363919;0.095768;10.860.099
0.344765;0.105345;10.601.525
0.306458;0.114922;10.256.760
0.306458;0.086191;9.461.885
0.287304;0.076614;9.165.004
0.296881;0.086191;9.011.775
0.277727;0.095768;9.117.120
0.306458;0.086191;9.404.425
0.306458;0.105345;9.749.189
0.335188;0.095768;10.151.415
0.325611;0.095768;10.831.368
0.354342;0.095768;10.946.290
0.335188;0.105345;10.773.908
0.325611;0.086191;10.467.450
0.296881;0.105345;10.093.954
0.316035;0.095768;9.691.729
0.296881;0.124498;9.327.810
0.296881;0.067038;8.973.468
0.287304;0.086191;9.021.352
0.287304;0.105345;9.241.618
0.306458;0.095768;9.921.572
0.335188;0.086191;10.314.221
0.325611;0.095768;10.649.409
0.325611;0.095768;10.965.444
0.344765;0.095768;10.898.406
0.325611;0.105345;10.658.986
0.344765;0.095768;10.304.645
0.296881;0.105345;9.538.500
0.287304;0.067038;9.222.465
0.306458;0.086191;9.021.352
0.296881;0.086191;9.088.389
0.306458;0.095768;9.356.541
0.287304;0.105345;9.701.305
0.335188;0.086191;10.477.027
0.354342;0.105345;10.783.484
0.344765;0.105345;10.927.136
0.335188;0.095768;10.955.867
0.316035;0.114922;10.505.757
0.306458;0.114922;10.151.415
0.306458;0.076614;9.739.613
0.287304;0.095768;9.136.273
0.287304;0.086191;9.021.352
0.296881;0.086191;9.011.775
0.306458;0.095768;9.193.734
0.306458;0.086191;9.844.957
0.316035;0.124498;10.295.067
0.344765;0.105345;10.869.676
0.344765;0.095768;10.946.290
0.354342;0.105345;10.927.136
0.344765;0.095768;10.716.447
0.306458;0.105345;9.998.186
0.296881;0.095768;9.624.691
0.287304;0.095768;9.270.349
0.277727;0.095768;9.078.813
0.277727;0.086191;9.059.659
0.296881;0.105345;9.327.810
0.316035;0.086191;10.017.340
0.316035;0.086191;10.429.143
0.335188;0.105345;10.726.024
0.344765;0.095768;10.927.136
0.335188;0.114922;10.831.368
0.335188;0.086191;10.572.795
0.316035;0.076614;10.237.606
0.296881;0.076614;9.835.381
0.296881;0.114922;9.184.157
0.277727;0.086191;9.002.198
0.287304;0.086191;8.983.045
0.296881;0.086191;9.394.848
0.296881;0.086191;9.749.189
0.325611;0.105345;10.160.992
0.306458;0.105345;10.544.065
0.335188;0.086191;10.936.713
0.363919;0.105345;10.907.983
0.344765;0.114922;10.754.754
0.316035;0.105345;10.046.070
0.306458;0.114922;9.653.421
0.277727;0.095768;9.318.233
0.296881;0.076614;9.021.352
0.268151;0.105345;9.050.082
0.287304;0.095768;9.241.618
0.316035;0.105345;9.538.500
0.325611;0.086191;10.333.375
0.335188;0.124498;10.716.447
0.354342;0.105345;10.888.829
0.335188;0.086191;10.869.676
0.335188;0.114922;10.649.409
0.335188;0.086191;10.295.067
0.306458;0.057461;9.883.265
0.306458;0.086191;9.203.311
0.268151;0.067038;9.050.082
0.277727;0.095768;9.002.198
0.296881;0.076614;9.346.964
0.306458;0.086191;9.710.882
0.335188;0.124498;10.496.181
0.344765;0.086191;10.754.754
0.335188;0.086191;10.907.983
0.335188;0.114922;10.927.136
0.344765;0.067038;10.783.484
0.325611;0.086191;10.151.415
0.316035;0.105345;9.749.189
0.277727;0.086191;9.366.117
0.268151;0.095768;9.011.775
0.296881;0.105345;9.030.929
0.287304;0.076614;9.203.311
0.296881;0.067038;9.873.688
0.325611;0.105345;10.256.760
0.335188;0.124498;10.582.372
0.344765;0.095768;10.840.945
0.344765;0.114922;10.879.252
0.335188;0.095768;10.697.293
0.306458;0.095768;10.342.952
0.306458;0.105345;9.595.961
0.287304;0.105345;9.279.925
0.287304;0.105345;9.050.082
0.287304;0.105345;8.992.621
0.296881;0.086191;9.318.233
0.296881;0.086191;9.662.998
0.316035;0.114922;10.055.647
0.344765;0.114922;10.726.024
0.354342;0.105345;10.879.252
0.363919;0.105345;10.946.290
0.344765;0.124498;10.572.795
0.316035;0.105345;10.180.145
0.296881;0.114922;9.825.804
0.306458;0.105345;9.452.309
0.287304;0.076614;9.011.775
0.277727;0.105345;9.021.352
0.296881;0.076614;9.155.427
0.306458;0.114922;9.835.381
0.335188;0.086191;10.208.876
0.344765;0.095768;10.582.372
0.354342;0.105345;10.936.713
0.325611;0.105345;10.927.136
0.354342;0.105345;10.745.177
0.335188;0.095768;10.409.989
0.296881;0.095768;9.682.152
0.296881;0.086191;9.308.656
0.277727;0.086191;9.097.966
0.287304;0.086191;9.078.813
0.296881;0.076614;9.279.925
0.306458;0.095768;9.567.230
0.325611;0.105345;9.969.456
0.335188;0.086191;10.687.716
0.344765;0.114922;10.898.406
0.344765;0.105345;10.955.867
0.325611;0.114922;10.620.679
0.306458;0.124498;10.275.913
0.316035;0.086191;9.911.995
0.296881;0.086191;9.232.041
0.268151;0.095768;9.050.082
0.287304;0.086191;9.040.505
0.277727;0.095768;9.145.850
0.316035;0.095768;9.710.882
0.316035;0.105345;10.132.261
0.325611;0.124498;10.477.027
0.363919;0.105345;10.917.560
0.344765;0.095768;10.898.406
0.344765;0.105345;10.764.331
0.325611;0.114922;10.103.531
0.296881;0.076614;9.739.613
0.296881;0.095768;9.394.848
0.287304;0.086191;9.126.697
0.268151;0.095768;9.059.659
0.296881;0.095768;9.260.772
0.306458;0.095768;9.500.193
0.306458;0.057461;10.304.645
0.325611;0.095768;10.591.949
0.325611;0.114922;10.850.522
0.354342;0.086191;10.936.713
0.344765;0.105345;10.649.409
0.325611;0.086191;10.333.375
0.316035;0.114922;9.979.033
0.296881;0.086191;9.241.618
0.287304;0.095768;9.059.659
0.306458;0.086191;9.030.929
0.277727;0.086191;9.327.810
0.287304;0.105345;9.672.575
0.316035;0.095768;10.046.070
0.335188;0.095768;10.438.720
0.335188;0.105345;10.917.560
0.354342;0.086191;10.917.560
0.325611;0.105345;10.773.908
0.335188;0.095768;10.180.145
0.296881;0.095768;9.777.920
0.268151;0.095768;9.442.732
0.287304;0.086191;9.174.581
0.287304;0.095768;9.030.929
0.306458;0.086191;9.184.157
0.296881;0.095768;9.490.616
0.325611;0.114922;10.218.452
0.316035;0.114922;10.572.795
0.363919;0.114922;10.812.215
0.344765;0.095768;10.898.406
0.354342;0.095768;10.706.870
0.325611;0.105345;10.381.259
0.325611;0.105345;10.036.493
0.287304;0.076614;9.327.810
0.268151;0.076614;9.088.389
0.287304;0.095768;9.030.929
0.287304;0.086191;9.299.079
0.296881;0.067038;9.615.114
0.316035;0.086191;9.979.033
0.344765;0.105345;10.639.832
0.335188;0.114922;10.879.252
0.344765;0.095768;10.917.560
0.335188;0.124498;10.831.368
0.306458;0.095768;10.237.606
0.296881;0.124498;9.902.418
0.306458;0.086191;9.509.769
0.268151;0.086191;9.050.082
0.296881;0.086191;9.050.082
0.316035;0.076614;9.165.004
0.296881;0.086191;9.423.578
0.296881;0.114922;10.170.568
0.325611;0.105345;10.505.757
0.344765;0.086191;10.764.331
0.325611;0.114922;10.907.983
0.344765;0.105345;10.735.600
0.325611;0.105345;10.457.873
0.287304;0.095768;9.739.613
0.287304;0.105345;9.366.117
0.277727;0.067038;9.145.850
0.287304;0.057461;9.030.929
0.277727;0.105345;9.260.772
0.316035;0.105345;9.538.500
0.316035;0.095768;9.921.572
0.335188;0.105345;10.630.256
0.344765;0.124498;10.850.522
0.335188;0.114922;10.917.560
0.325611;0.114922;10.630.256
0.325611;0.076614;10.295.067
0.316035;0.105345;9.921.572
0.287304;0.095768;9.567.230
0.296881;0.067038;9.097.966
0.287304;0.076614;9.030.929
0.287304;0.086191;9.126.697
0.316035;0.105345;9.691.729
0.335188;0.095768;10.065.224
0.335188;0.105345;10.429.143
0.335188;0.095768;10.716.447
0.344765;0.095768;10.917.560
0.344765;0.114922;10.505.757
0.306458;0.095768;9.787.497
0.277727;0.067038;9.452.309
0.287304;0.095768;9.184.157
0.296881;0.086191;9.050.082
0.306458;0.086191;9.232.041
0.296881;0.105345;9.490.616
0.325611;0.095768;9.835.381
0.316035;0.114922;10.572.795
0.344765;0.114922;10.802.638
0.344765;0.086191;10.888.829
0.354342;0.086191;10.706.870
0.325611;0.105345;10.342.952
0.316035;0.095768;9.998.186
0.296881;0.086191;9.318.233
0.277727;0.105345;9.097.966
0.287304;0.076614;9.040.505
0.287304;0.114922;9.097.966
0.296881;0.095768;9.634.268
0.306458;0.114922;10.017.340
0.316035;0.105345;10.371.682
0.354342;0.114922;10.888.829
0.363919;0.105345;10.907.983
0.344765;0.095768;10.802.638
0.325611;0.095768;10.563.218
0.306458;0.095768;9.844.957
0.306458;0.095768;9.509.769
0.277727;0.105345;9.212.888
0.268151;0.076614;9.059.659
0.296881;0.095768;9.184.157
0.306458;0.076614;9.433.155
0.316035;0.114922;10.160.992
0.335188;0.095768;10.496.181
0.344765;0.105345;10.793.061
0.344765;0.105345;10.898.406
0.335188;0.095768;10.726.024
0.325611;0.095768;10.419.566
0.325611;0.095768;10.084.377
0.277727;0.105345;9.404.425
0.287304;0.105345;9.145.850
0.287304;0.095768;9.069.236
0.268151;0.095768;9.097.966
0.325611;0.076614;9.586.384
0.306458;0.095768;9.940.725
0.316035;0.105345;10.323.798
0.354342;0.114922;10.850.522
0.325611;0.114922;10.888.829
0.344765;0.095768;10.840.945
0.335188;0.105345;10.275.913
0.296881;0.095768;9.921.572
0.306458;0.114922;9.567.230
0.268151;0.095768;9.059.659
0.296881;0.105345;9.040.505
0.287304;0.095768;9.184.157
0.287304;0.076614;9.385.271
0.316035;0.105345;10.074.800
0.325611;0.114922;10.448.297
0.344765;0.095768;10.716.447
0.344765;0.114922;10.898.406
0.344765;0.095768;10.764.331
0.316035;0.114922;10.505.757
0.316035;0.086191;10.151.415
0.296881;0.095768;9.423.578
0.277727;0.047884;9.174.581
0.277727;0.057461;9.050.082
0.287304;0.105345;9.251.195
0.306458;0.105345;9.528.923
0.306458;0.105345;9.873.688
0.325611;0.105345;10.582.372
0.316035;0.114922;10.773.908
0.344765;0.124498;10.917.560
0.344765;0.105345;10.860.099
0.325611;0.095768;10.371.682
0.325611;0.095768;9.979.033
0.316035;0.095768;9.624.691
0.277727;0.105345;9.117.120
0.277727;0.105345;9.021.352
0.287304;0.076614;9.145.850
0.306458;0.095768;9.356.541
0.296881;0.086191;10.026.917
0.325611;0.095768;10.371.682
0.344765;0.095768;10.697.293
0.354342;0.105345;10.888.829
0.325611;0.114922;10.764.331
0.335188;0.086191;10.524.911
0.306458;0.095768;9.835.381
0.287304;0.095768;9.519.346
0.296881;0.095768;9.232.041
0.258574;0.067038;9.069.236
0.296881;0.086191;9.212.888
0.306458;0.105345;9.481.039
0.296881;0.076614;9.806.650
0.335188;0.095768;10.496.181
0.354342;0.105345;10.783.484
0.344765;0.095768;10.879.252
0.306458;0.086191;10.687.716
0.335188;0.114922;10.409.989
0.296881;0.095768;10.065.224
0.306458;0.105345;9.682.152
0.287304;0.086191;9.145.850
0.306458;0.086191;9.059.659
0.277727;0.076614;9.097.966
0.306458;0.076614;9.605.537
0.325611;0.095768;9.959.879
0.335188;0.124498;10.295.067
0.344765;0.105345;10.611.102
0.354342;0.114922;10.907.983
0.344765;0.114922;10.793.061
0.335188;0.095768;10.591.949
0.296881;0.105345;9.940.725
0.296881;0.076614;9.548.077
0.287304;0.086191;9.289.502
0.287304;0.076614;9.040.505
0.277727;0.095768;9.184.157
0.277727;0.076614;9.414.001
0.316035;0.105345;9.720.459
0.335188;0.114922;10.438.720
0.335188;0.105345;10.726.024
0.363919;0.105345;10.869.676
0.344765;0.124498;10.764.331
0.316035;0.105345;10.457.873
0.306458;0.114922;10.122.684
0.306458;0.076614;9.749.189
0.296881;0.076614;9.184.157
0.277727;0.086191;9.050.082
0.316035;0.076614;9.251.195
0.296881;0.105345;9.548.077
0.306458;0.105345;9.892.841
0.306458;0.086191;10.275.913
0.344765;0.105345;10.802.638
0.344765;0.124498;10.888.829
0.316035;0.095768;10.860.099
0.335188;0.086191;10.639.832
0.306458;0.105345;9.979.033
0.296881;0.095768;9.615.114
0.296881;0.086191;9.308.656
0.287304;0.086191;9.059.659
0.296881;0.105345;9.174.581
0.296881;0.095768;9.366.117
0.296881;0.124498;10.036.493
0.344765;0.114922;10.352.529
0.335188;0.105345;10.668.563
0.335188;0.105345;10.831.368
0.363919;0.095768;10.783.484
0.325611;0.114922;10.524.911
0.316035;0.076614;10.199.299
0.287304;0.095768;9.481.039
0.287304;0.086191;9.222.465
0.277727;0.086191;9.059.659
0.296881;0.086191;9.241.618
0.296881;0.095768;9.471.462
0.306458;0.105345;9.835.381
0.306458;0.124498;10.208.876
0.335188;0.124498;10.764.331
0.354342;0.095768;10.879.252
0.344765;0.095768;10.860.099
0.335188;0.095768;10.400.413
0.316035;0.105345;10.036.493
0.296881;0.086191;9.662.998
0.287304;0.095768;9.385.271
0.296881;0.095768;9.050.082
0.277727;0.095768;9.145.850
0.287304;0.114922;9.318.233
0.325611;0.124498;9.988.609
0.335188;0.086191;10.342.952
0.325611;0.114922;10.611.102
0.344765;0.086191;10.888.829
0.344765;0.095768;10.783.484
0.344765;0.114922;10.563.218
0.316035;0.095768;10.266.336
0.287304;0.076614;9.528.923
0.306458;0.086191;9.251.195
0.268151;0.095768;9.097.966
0.287304;0.105345;9.203.311
0.287304;0.086191;9.423.578
0.316035;0.105345;9.749.189
0.316035;0.086191;10.122.684
0.335188;0.095768;10.745.177
0.354342;0.095768;10.850.522
0.335188;0.114922;10.850.522
0.335188;0.086191;10.457.873
0.335188;0.105345;10.093.954
0.277727;0.086191;9.212.888
0.287304;0.105345;9.088.389
0.277727;0.076614;9.107.543
0.277727;0.086191;9.270.349
0.306458;0.086191;9.892.841
0.325611;0.105345;10.275.913
0.335188;0.086191;10.591.949
0.335188;0.105345;10.869.676
0.344765;0.095768;10.793.061
0.325611;0.105345;10.630.256
0.316035;0.105345;9.605.537
0.268151;0.076614;9.088.389
0.296881;0.086191;9.174.581
0.306458;0.067038;9.423.578
0.296881;0.114922;9.691.729
0.335188;0.124498;10.390.836
0.325611;0.105345;10.678.140
0.335188;0.086191;10.860.099
0.335188;0.105345;10.850.522
0.335188;0.095768;10.496.181
0.325611;0.095768;10.151.415
0.306458;0.114922;9.816.227
0.296881;0.076614;9.222.465
0.287304;0.076614;9.078.813
0.287304;0.095768;9.126.697
0.287304;0.105345;9.500.193
0.306458;0.095768;10.208.876
0.344765;0.095768;10.764.331
0.354342;0.114922;10.840.945
0.335188;0.105345;10.831.368
0.325611;0.124498;10.668.563
0.306458;0.095768;10.036.493
0.287304;0.086191;9.662.998
0.306458;0.086191;9.366.117
0.296881;0.105345;9.155.427
0.306458;0.095768;9.155.427
0.287304;0.105345;9.337.387
0.287304;0.105345;9.634.268
0.325611;0.105345;10.314.221
0.354342;0.095768;10.668.563
0.344765;0.143652;10.812.215
0.344765;0.095768;10.754.754
0.344765;0.105345;10.534.488
0.316035;0.095768;10.247.183
0.306458;0.086191;9.883.265
0.287304;0.086191;9.270.349
0.296881;0.095768;9.117.120
0.277727;0.086191;9.097.966
0.287304;0.105345;9.461.885
0.296881;0.095768;9.797.073
0.316035;0.095768;10.122.684
0.344765;0.086191;10.735.600
0.354342;0.105345;10.879.252
0.335188;0.095768;10.869.676
0.325611;0.095768;10.409.989
0.306458;0.086191;10.065.224
0.325611;0.105345;9.749.189
0.287304;0.095768;9.423.578
0.306458;0.095768;9.097.966
0.287304;0.095768;9.126.697
0.296881;0.086191;9.299.079
0.335188;0.095768;9.911.995
0.316035;0.086191;10.304.645
0.354342;0.105345;10.591.949
0.354342;0.114922;10.783.484
0.335188;0.095768;10.783.484
0.325611;0.124498;10.582.372
0.335188;0.105345;10.256.760
0.306458;0.086191;9.586.384
0.287304;0.086191;9.308.656
0.268151;0.086191;9.126.697
0.287304;0.105345;9.107.543
0.296881;0.095768;9.414.001
0.306458;0.105345;9.730.036
0.296881;0.105345;10.084.377
0.344765;0.095768;10.697.293
0.335188;0.114922;10.840.945
0.344765;0.124498;10.850.522
0.335188;0.095768;10.505.757
0.325611;0.095768;10.132.261
0.296881;0.105345;9.787.497
0.306458;0.095768;9.471.462
0.268151;0.086191;9.117.120
0.287304;0.095768;9.107.543
0.287304;0.086191;9.270.349
0.296881;0.114922;9.864.111
0.316035;0.086191;10.199.299
0.316035;0.086191;10.515.334
0.335188;0.105345;10.764.331
0.344765;0.105345;10.812.215
0.344765;0.105345;10.620.679
0.316035;0.095768;10.333.375
0.316035;0.105345;9.653.421
0.296881;0.095768;9.318.233
0.287304;0.095768;9.155.427
0.277727;0.076614;9.193.734
0.316035;0.076614;9.366.117
0.296881;0.114922;9.691.729
0.316035;0.095768;10.017.340
0.335188;0.105345;10.649.409
0.363919;0.095768;10.783.484
0.344765;0.114922;10.840.945
0.335188;0.114922;10.515.334
0.316035;0.095768;10.180.145
0.316035;0.095768;9.844.957
0.277727;0.076614;9.260.772
0.287304;0.105345;9.107.543
0.296881;0.086191;9.107.543
0.306458;0.086191;9.232.041
0.316035;0.105345;9.806.650
0.316035;0.095768;10.170.568
0.354342;0.095768;10.486.604
0.344765;0.095768;10.860.099
0.325611;0.095768;10.831.368
0.335188;0.095768;10.687.716
0.306458;0.095768;10.381.259
0.306458;0.086191;9.710.882
0.296881;0.095768;9.414.001
0.287304;0.095768;9.165.004
0.268151;0.114922;9.145.850
0.277727;0.095768;9.318.233
0.296881;0.114922;9.595.961
0.325611;0.095768;10.314.221
0.344765;0.124498;10.601.525
0.325611;0.105345;10.773.908
0.344765;0.114922;10.860.099
0.335188;0.105345;10.582.372
0.306458;0.095768;10.247.183
0.316035;0.105345;9.892.841
0.277727;0.086191;9.327.810
0.287304;0.095768;9.117.120
0.296881;0.086191;9.097.966
0.287304;0.095768;9.212.888
0.316035;0.105345;9.720.459
0.316035;0.105345;10.103.531
0.335188;0.114922;10.419.566
0.354342;0.114922;10.831.368
0.335188;0.105345;10.831.368
0.344765;0.095768;10.678.140
0.306458;0.095768;10.103.531
0.306458;0.095768;9.777.920
0.296881;0.105345;9.452.309
0.296881;0.076614;9.212.888
0.277727;0.095768;9.126.697
0.287304;0.105345;9.289.502
0.296881;0.086191;9.557.653
0.335188;0.086191;10.237.606
0.335188;0.105345;10.534.488
0.335188;0.086191;10.745.177
0.354342;0.114922;10.783.484
0.335188;0.105345;10.611.102
0.316035;0.114922;10.314.221
0.306458;0.095768;9.959.879
0.287304;0.095768;9.346.964
0.287304;0.086191;9.155.427
0.296881;0.076614;9.117.120
0.296881;0.105345;9.356.541
0.306458;0.095768;9.710.882
0.316035;0.114922;10.036.493
0.325611;0.095768;10.352.529
0.344765;0.095768;10.793.061
0.344765;0.095768;10.850.522
0.354342;0.114922;10.716.447
0.296881;0.105345;10.180.145
0.306458;0.086191;9.844.957
0.296881;0.095768;9.481.039
0.287304;0.076614;9.126.697
0.287304;0.076614;9.136.273
0.277727;0.086191;9.241.618
0.306458;0.095768;9.509.769
0.316035;0.086191;10.199.299
0.335188;0.105345;10.477.027
0.325611;0.114922;10.745.177
0.325611;0.114922;10.793.061
0.306458;0.086191;10.649.409
0.316035;0.114922;10.352.529
0.316035;0.076614;9.672.575
0.316035;0.086191;9.385.271
0.277727;0.105345;9.212.888
0.287304;0.095768;9.126.697
0.306458;0.105345;9.337.387
0.306458;0.076614;9.624.691
0.306458;0.086191;9.969.456
0.335188;0.086191;10.611.102
0.354342;0.105345;10.773.908
0.325611;0.095768;10.831.368
0.325611;0.095768;10.745.177
0.344765;0.114922;10.247.183
0.306458;0.114922;9.902.418
0.306458;0.086191;9.557.653
0.287304;0.086191;9.145.850
0.277727;0.086191;9.117.120
0.287304;0.114922;9.270.349
0.316035;0.105345;9.768.343
0.316035;0.124498;10.113.108
0.316035;0.105345;10.409.989
0.344765;0.095768;10.678.140
0.344765;0.095768;10.812.215
0.344765;0.114922;10.658.986
0.335188;0.105345;10.429.143
0.306458;0.114922;9.758.766
0.296881;0.095768;9.442.732
0.277727;0.095768;9.241.618
0.287304;0.095768;9.155.427
0.306458;0.086191;9.299.079
0.287304;0.105345;9.605.537
0.325611;0.095768;10.237.606
0.344765;0.114922;10.505.757
0.344765;0.076614;10.754.754
0.354342;0.095768;10.840.945
0.335188;0.105345;10.582.372
0.325611;0.095768;10.295.067
0.306458;0.076614;9.950.302
0.277727;0.086191;9.356.541
0.277727;0.086191;9.155.427
0.277727;0.086191;9.117.120
0.296881;0.105345;9.212.888
0.296881;0.105345;9.720.459
0.325611;0.105345;10.046.070
0.325611;0.095768;10.381.259
0.344765;0.095768;10.812.215
0.335188;0.086191;10.821.792
0.354342;0.114922;10.697.293
0.325611;0.105345;10.486.604
0.306458;0.095768;9.806.650
0.296881;0.076614;9.528.923
0.306458;0.076614;9.270.349
0.287304;0.076614;9.155.427
0.287304;0.086191;9.270.349
0.296881;0.105345;9.528.923
0.325611;0.114922;9.864.111
0.325611;0.124498;10.486.604
0.325611;0.114922;10.735.600
0.344765;0.095768;10.850.522
0.325611;0.095768;10.649.409
0.316035;0.086191;10.017.340
0.296881;0.086191;9.404.425
0.306458;0.105345;9.184.157
0.306458;0.124498;9.107.543
0.277727;0.086191;9.174.581
0.296881;0.105345;9.682.152
0.306458;0.095768;9.979.033
0.306458;0.105345;10.285.490
0.344765;0.105345;10.783.484
0.354342;0.105345;10.840.945
0.344765;0.114922;10.735.600
0.316035;0.114922;10.199.299
0.306458;0.067038;9.892.841
0.316035;0.076614;9.576.807
0.296881;0.095768;9.308.656
0.287304;0.095768;9.145.850
0.287304;0.086191;9.232.041
0.287304;0.114922;9.471.462
0.325611;0.095768;10.084.377
0.316035;0.095768;10.429.143
0.344765;0.134075;10.697.293
0.344765;0.134075;10.802.638
0.335188;0.105345;10.649.409
0.335188;0.105345;10.381.259
0.316035;0.095768;10.074.800
0.277727;0.095768;9.461.885
0.277727;0.095768;9.212.888
0.287304;0.086191;9.136.273
0.316035;0.114922;9.346.964
0.287304;0.086191;9.595.961
0.316035;0.095768;9.931.149
0.316035;0.086191;10.247.183
0.335188;0.114922;10.716.447
0.335188;0.105345;10.850.522
0.344765;0.105345;10.745.177
0.316035;0.095768;10.275.913
0.325611;0.086191;9.940.725
0.306458;0.114922;9.595.961
0.287304;0.124498;9.165.004
0.296881;0.105345;9.126.697
0.306458;0.086191;9.203.311
0.296881;0.105345;9.433.155
0.306458;0.105345;10.055.647
0.325611;0.114922;10.400.413
0.335188;0.134075;10.639.832
0.363919;0.105345;10.793.061
0.344765;0.086191;10.678.140
0.335188;0.105345;10.457.873
0.316035;0.105345;10.151.415
0.325611;0.105345;9.490.616
0.296881;0.105345;9.260.772
0.296881;0.086191;9.145.850
0.287304;0.095768;9.279.925
0.296881;0.086191;9.586.384
0.316035;0.105345;9.854.534
0.354342;0.134075;10.505.757
0.325611;0.114922;10.735.600
0.335188;0.086191;10.821.792
0.335188;0.114922;10.764.331
0.325611;0.095768;10.323.798
0.306458;0.105345;10.026.917
0.306458;0.086191;9.672.575
0.306458;0.095768;9.212.888
0.296881;0.095768;9.145.850
0.287304;0.095768;9.232.041
0.306458;0.095768;9.672.575
0.306458;0.105345;10.036.493
0.306458;0.095768;10.304.645
0.335188;0.095768;10.582.372
0.344765;0.105345;10.821.792
0.354342;0.114922;10.706.870
0.335188;0.114922;10.496.181
0.316035;0.076614;9.873.688
0.306458;0.105345;9.538.500
0.287304;0.095768;9.299.079
0.287304;0.086191;9.193.734
0.296881;0.114922;9.260.772
0.287304;0.086191;9.500.193
0.306458;0.095768;9.797.073
0.354342;0.114922;10.438.720
0.354342;0.114922;10.687.716
0.335188;0.095768;10.764.331
0.325611;0.105345;10.639.832
0.316035;0.095768;10.390.836
0.296881;0.114922;10.084.377
0.306458;0.095768;9.739.613
0.287304;0.095768;9.222.465
0.287304;0.086191;9.117.120
0.287304;0.114922;9.193.734
0.287304;0.067038;9.615.114
0.306458;0.095768;9.969.456
0.344765;0.086191;10.275.913
0.335188;0.114922;10.735.600
0.344765;0.105345;10.802.638
0.325611;0.105345;10.716.447
0.335188;0.095768;10.534.488
0.296881;0.095768;9.931.149
0.296881;0.095768;9.586.384
0.287304;0.105345;9.366.117
0.296881;0.086191;9.155.427
0.287304;0.095768;9.279.925
0.296881;0.095768;9.471.462
0.306458;0.114922;9.768.343
0.316035;0.095768;10.390.836
0.354342;0.105345;10.658.986
0.335188;0.105345;10.793.061
0.335188;0.086191;10.678.140
0.325611;0.076614;10.429.143
0.316035;0.095768;10.132.261
0.306458;0.105345;9.471.462
0.277727;0.086191;9.270.349
0.287304;0.095768;9.165.004
0.287304;0.105345;9.174.581
0.296881;0.105345;9.548.077
0.316035;0.086191;9.883.265
0.306458;0.095768;10.218.452
0.325611;0.095768;10.726.024
0.344765;0.105345;10.783.484
0.335188;0.105345;10.754.754
0.325611;0.095768;10.611.102
0.296881;0.105345;9.979.033
0.306458;0.105345;9.662.998
0.296881;0.086191;9.385.271
0.287304;0.086191;9.155.427
0.287304;0.095768;9.212.888
0.296881;0.114922;9.414.001
0.316035;0.095768;10.007.763
0.325611;0.124498;10.342.952
0.325611;0.095768;10.601.525
0.335188;0.095768;10.783.484
0.325611;0.105345;10.668.563
0.335188;0.095768;10.477.027
0.306458;0.095768;10.189.722
0.316035;0.095768;9.519.346
0.296881;0.095768;9.308.656
0.277727;0.076614;9.165.004
0.277727;0.105345;9.279.925
0.287304;0.114922;9.528.923
0.325611;0.114922;9.825.804
0.325611;0.086191;10.160.992
0.335188;0.095768;10.678.140
0.354342;0.105345;10.773.908
0.335188;0.076614;10.773.908
0.316035;0.095768;10.362.105
0.306458;0.095768;10.036.493
0.306458;0.095768;9.720.459
0.287304;0.095768;9.251.195
0.287304;0.095768;9.174.581
0.287304;0.086191;9.232.041
0.296881;0.086191;9.366.117
0.306458;0.086191;9.988.609
0.335188;0.124498;10.295.067
0.335188;0.114922;10.553.641
0.325611;0.105345;10.793.061
0.344765;0.124498;10.726.024
0.325611;0.124498;10.515.334
0.325611;0.105345;10.247.183
0.287304;0.095768;9.615.114
0.296881;0.095768;9.327.810
0.287304;0.105345;9.174.581
0.277727;0.114922;9.251.195
0.296881;0.095768;9.519.346
0.316035;0.086191;9.777.920
0.335188;0.124498;10.409.989
0.335188;0.105345;10.678.140
0.344765;0.105345;10.764.331
0.344765;0.105345;10.773.908
0.335188;0.124498;10.409.989
0.325611;0.095768;10.093.954
0.316035;0.095768;9.758.766
0.296881;0.114922;9.251.195
0.287304;0.076614;9.165.004
0.287304;0.105345;9.203.311
0.296881;0.114922;9.346.964
0.316035;0.105345;9.892.841
0.325611;0.086191;10.237.606
0.325611;0.105345;10.505.757
0.344765;0.114922;10.783.484
0.363919;0.114922;10.726.024
0.344765;0.095768;10.515.334
0.306458;0.095768;9.950.302
0.296881;0.095768;9.653.421
0.277727;0.114922;9.375.694
0.287304;0.095768;9.212.888
0.277727;0.095768;9.212.888
0.296881;0.114922;9.452.309
0.316035;0.095768;9.701.305
0.335188;0.114922;10.362.105
0.354342;0.124498;10.620.679
0.354342;0.105345;10.773.908
0.325611;0.114922;10.687.716
0.354342;0.095768;10.467.450
0.316035;0.086191;10.151.415
0.316035;0.095768;9.844.957
0.296881;0.076614;9.279.925
0.296881;0.114922;9.174.581
0.277727;0.105345;9.165.004
0.306458;0.076614;9.548.077
0.296881;0.124498;9.844.957
0.325611;0.105345;10.180.145
0.335188;0.095768;10.457.873
0.354342;0.124498;10.802.638
0.354342;0.095768;10.735.600
0.335188;0.105345;10.601.525
0.277727;0.105345;10.017.340
0.296881;0.076614;9.691.729
0.306458;0.086191;9.414.001
0.268151;0.105345;9.155.427
0.296881;0.095768;9.241.618
0.287304;0.086191;9.414.001
0.325611;0.095768;9.672.575
0.335188;0.105345;10.304.645
0.335188;0.105345;10.582.372
0.344765;0.114922;10.716.447
0.335188;0.114922;10.687.716
0.316035;0.095768;10.515.334
0.325611;0.105345;10.199.299
0.325611;0.086191;9.873.688
0.306458;0.086191;9.337.387
0.287304;0.105345;9.184.157
0.306458;0.086191;9.184.157
0.306458;0.114922;9.500.193
0.316035;0.105345;9.806.650
0.335188;0.095768;10.122.684
0.344765;0.105345;10.639.832
0.335188;0.124498;10.745.177
0.344765;0.124498;10.745.177
0.354342;0.105345;10.591.949
0.325611;0.095768;10.084.377
0.306458;0.105345;9.777.920
0.287304;0.095768;9.260.772
0.296881;0.114922;9.174.581
0.268151;0.105345;9.193.734
0.287304;0.095768;9.366.117
0.316035;0.105345;9.911.995
0.316035;0.134075;10.256.760
0.344765;0.086191;10.524.911
0.344765;0.105345;10.735.600
0.325611;0.114922;10.726.024
0.335188;0.134075;10.524.911
0.325611;0.095768;10.247.183
0.296881;0.086191;9.624.691
0.287304;0.114922;9.394.848
0.287304;0.086191;9.222.465
0.296881;0.105345;9.145.850
0.287304;0.105345;9.490.616
0.306458;0.114922;9.720.459
0.316035;0.086191;10.055.647
0.335188;0.114922;10.601.525
0.344765;0.114922;10.735.600
0.344765;0.086191;10.764.331
0.335188;0.105345;10.438.720
0.316035;0.095768;10.122.684
0.306458;0.076614;9.825.804
0.316035;0.114922;9.538.500
0.296881;0.105345;9.184.157
0.287304;0.105345;9.193.734
0.287304;0.086191;9.327.810
0.306458;0.086191;9.883.265
0.306458;0.105345;10.170.568
0.335188;0.124498;10.486.604
0.354342;0.105345;10.745.177
0.354342;0.114922;10.735.600
0.325611;0.105345;10.582.372
0.316035;0.105345;10.314.221
0.296881;0.086191;9.672.575
0.287304;0.105345;9.394.848
0.268151;0.086191;9.232.041
0.277727;0.086191;9.241.618
0.287304;0.076614;9.423.578
0.296881;0.086191;9.682.152
0.296881;0.076614;9.969.456
0.316035;0.114922;10.572.795
0.344765;0.114922;10.716.447
0.344765;0.124498;10.754.754
0.335188;0.105345;10.477.027
0.316035;0.105345;10.160.992
0.316035;0.095768;9.883.265
0.287304;0.086191;9.327.810
0.277727;0.095768;9.203.311
0.287304;0.095768;9.193.734
0.296881;0.134075;9.308.656
0.306458;0.095768;9.787.497
0.325611;0.095768;10.141.838
0.316035;0.105345;10.429.143
0.344765;0.095768;10.735.600
0.344765;0.114922;10.735.600
0.306458;0.095768;10.611.102
0.306458;0.086191;10.055.647
0.296881;0.095768;9.739.613
0.287304;0.086191;9.471.462
0.287304;0.067038;9.260.772
0.287304;0.095768;9.241.618
0.277727;0.057461;9.375.694
0.296881;0.086191;9.643.845
0.325611;0.114922;10.266.336
0.335188;0.114922;10.515.334
0.344765;0.095768;10.706.870
0.325611;0.114922;10.783.484
0.325611;0.095768;10.505.757
0.316035;0.114922;10.247.183
0.287304;0.086191;9.921.572
0.287304;0.095768;9.375.694
0.306458;0.086191;9.222.465
0.296881;0.095768;9.184.157
0.306458;0.114922;9.490.616
0.325611;0.105345;9.749.189
0.296881;0.095768;10.084.377
0.344765;0.095768;10.371.682
0.335188;0.124498;10.745.177
0.344765;0.114922;10.754.754
0.344765;0.114922;10.630.256
0.316035;0.105345;10.122.684
0.316035;0.095768;9.816.227
0.296881;0.076614;9.490.616
0.306458;0.086191;9.203.311
0.296881;0.076614;9.241.618
0.306458;0.086191;9.346.964
0.296881;0.095768;9.605.537
0.306458;0.114922;10.199.299
0.335188;0.105345;10.467.450
0.335188;0.086191;10.668.563
0.335188;0.095768;10.706.870
0.325611;0.095768;10.553.641
0.325611;0.114922;10.256.760
0.296881;0.124498;9.988.609
0.306458;0.067038;9.385.271
0.306458;0.095768;9.241.618
0.296881;0.086191;9.212.888
0.296881;0.105345;9.452.309
0.316035;0.114922;9.691.729
0.316035;0.124498;10.017.340
0.335188;0.114922;10.553.641
0.325611;0.095768;10.726.024
0.325611;0.114922;10.773.908
0.325611;0.086191;10.639.832
0.344765;0.086191;10.170.568
0.306458;0.095768;9.864.111
0.316035;0.124498;9.567.230
0.268151;0.086191;9.193.734
0.296881;0.086191;9.212.888
0.306458;0.095768;9.318.233
0.306458;0.086191;9.548.077
0.306458;0.114922;10.151.415
0.325611;0.105345;10.457.873
0.335188;0.124498;10.630.256
0.354342;0.095768;10.745.177
0.316035;0.095768;10.572.795
0.306458;0.095768;9.730.036
0.296881;0.114922;9.452.309
0.277727;0.076614;9.279.925
0.316035;0.095768;9.193.734
0.306458;0.086191;9.423.578
0.316035;0.124498;9.691.729
0.316035;0.124498;9.959.879
0.335188;0.086191;10.553.641
0.354342;0.095768;10.716.447
0.354342;0.095768;10.773.908
0.325611;0.105345;10.467.450
0.335188;0.105345;10.218.452
0.316035;0.086191;9.911.995
0.296881;0.095768;9.615.114
0.277727;0.086191;9.232.041
0.287304;0.095768;9.203.311
0.287304;0.095768;9.299.079
0.287304;0.124498;9.825.804
0.316035;0.086191;10.093.954
0.354342;0.105345;10.381.259
0.344765;0.095768;10.754.754
0.335188;0.105345;10.735.600
0.316035;0.086191;10.601.525
0.325611;0.114922;10.381.259
0.306458;0.105345;9.787.497
0.296881;0.076614;9.519.346
0.268151;0.114922;9.289.502
0.277727;0.105345;9.212.888
0.296881;0.114922;9.385.271
0.306458;0.095768;9.605.537
0.306458;0.076614;9.911.995
0.335188;0.124498;10.477.027
0.335188;0.105345;10.678.140
0.335188;0.114922;10.754.754
0.354342;0.114922;10.534.488
0.306458;0.105345;10.275.913
0.325611;0.114922;9.662.998
0.306458;0.076614;9.385.271
0.287304;0.095768;9.241.618
0.296881;0.086191;9.203.311
0.287304;0.086191;9.270.349
0.306458;0.105345;9.730.036
0.325611;0.095768;10.026.917
0.335188;0.095768;10.323.798
0.335188;0.105345;10.726.024
0.344765;0.095768;10.735.600
0.335188;0.095768;10.620.679
0.344765;0.114922;10.419.566
0.316035;0.086191;9.844.957
0.287304;0.105345;9.567.230
0.277727;0.105345;9.327.810
0.277727;0.095768;9.232.041
0.277727;0.095768;9.337.387
0.306458;0.105345;9.567.230
0.316035;0.105345;10.170.568
0.335188;0.114922;10.448.297
0.325611;0.095768;10.658.986
0.335188;0.105345;10.745.177
0.325611;0.076614;10.553.641
0.306458;0.134075;10.314.221
0.306458;0.067038;10.007.763
0.296881;0.095768;9.442.732
0.277727;0.076614;9.299.079
0.268151;0.095768;9.193.734
0.296881;0.105345;9.452.309
0.287304;0.124498;9.701.305
0.325611;0.095768;9.998.186
0.306458;0.105345;10.304.645
0.335188;0.105345;10.697.293
0.335188;0.095768;10.735.600
0.335188;0.095768;10.649.409
0.335188;0.114922;10.218.452
0.306458;0.105345;9.883.265
0.287304;0.114922;9.595.961
0.277727;0.076614;9.404.425
0.287304;0.105345;9.222.465
0.296881;0.086191;9.318.233
0.287304;0.095768;9.538.500
0.316035;0.105345;10.103.531
0.325611;0.076614;10.409.989
0.316035;0.124498;10.639.832
0.344765;0.114922;10.754.754
0.325611;0.086191;10.601.525
0.325611;0.114922;10.371.682
0.296881;0.105345;10.084.377
0.306458;0.067038;9.490.616
0.296881;0.095768;9.289.502
0.287304;0.095768;9.203.311
0.296881;0.114922;9.423.578
0.316035;0.095768;9.643.845
0.296881;0.095768;9.950.302
0.325611;0.086191;10.496.181
0.335188;0.143652;10.687.716
0.335188;0.095768;10.716.447
0.335188;0.105345;10.668.563
0.316035;0.095768;10.247.183
0.296881;0.076614;9.931.149
0.287304;0.095768;9.653.421
0.268151;0.114922;9.279.925
0.287304;0.086191;9.232.041
0.277727;0.076614;9.299.079
0.287304;0.076614;9.500.193
0.335188;0.095768;10.074.800
0.316035;0.105345;10.362.105
0.335188;0.124498;10.582.372
0.354342;0.114922;10.726.024
0.325611;0.095768;10.601.525
0.316035;0.124498;10.400.413
0.296881;0.095768;9.816.227
0.306458;0.095768;9.548.077
0.287304;0.105345;9.337.387
0.296881;0.105345;9.241.618
0.296881;0.057461;9.366.117
0.306458;0.086191;9.595.961
0.316035;0.105345;9.873.688
0.363919;0.095768;10.448.297
0.316035;0.124498;10.668.563
0.335188;0.105345;10.726.024
0.335188;0.105345;10.544.065
0.325611;0.114922;10.304.645
0.325611;0.086191;10.007.763
0.287304;0.114922;9.691.729
0.277727;0.105345;9.299.079
0.277727;0.086191;9.193.734
0.296881;0.095768;9.299.079
0.296881;0.086191;9.720.459
0.306458;0.076614;10.007.763
0.325611;0.114922;10.275.913
0.325611;0.124498;10.678.140
0.335188;0.095768;10.726.024
0.344765;0.076614;10.649.409
0.335188;0.105345;10.448.297
0.306458;0.095768;9.873.688
0.296881;0.086191;9.586.384
0.296881;0.105345;9.366.117
0.268151;0.076614;9.232.041
0.287304;0.086191;9.375.694
0.296881;0.114922;9.576.807
0.335188;0.114922;10.113.108
0.325611;0.105345;10.419.566
0.335188;0.095768;10.601.525
0.344765;0.105345;10.706.870
0.325611;0.095768;10.591.949
0.316035;0.105345;10.371.682
0.325611;0.114922;10.046.070
0.306458;0.105345;9.758.766
0.316035;0.095768;9.299.079
0.306458;0.124498;9.212.888
0.306458;0.114922;9.251.195
0.296881;0.114922;9.662.998
0.316035;0.095768;9.931.149
0.335188;0.105345;10.275.913
0.316035;0.095768;10.678.140
0.316035;0.124498;10.706.870
0.363919;0.086191;10.687.716
0.335188;0.086191;10.496.181
0.296881;0.095768;9.931.149
0.316035;0.095768;9.624.691
0.306458;0.095768;9.414.001
0.287304;0.105345;9.232.041
0.277727;0.086191;9.337.387
0.316035;0.095768;9.500.193
0.316035;0.095768;10.084.377
0.344765;0.114922;10.342.952
0.344765;0.114922;10.591.949
0.344765;0.095768;10.697.293
0.335188;0.134075;10.601.525
0.344765;0.095768;10.371.682
0.325611;0.105345;10.103.531
0.306458;0.067038;9.509.769
0.296881;0.095768;9.337.387
0.287304;0.095768;9.232.041
0.306458;0.095768;9.394.848
0.316035;0.086191;9.624.691
0.306458;0.086191;9.892.841
0.344765;0.095768;10.218.452
0.316035;0.124498;10.649.409
0.325611;0.114922;10.745.177
0.325611;0.105345;10.678.140
0.306458;0.095768;10.247.183
0.306458;0.086191;9.988.609
0.296881;0.086191;9.720.459
0.287304;0.095768;9.442.732
0.268151;0.086191;9.241.618
0.287304;0.095768;9.279.925
0.296881;0.095768;9.452.309
0.316035;0.095768;10.046.070
0.316035;0.105345;10.314.221
0.325611;0.095768;10.544.065
0.335188;0.095768;10.687.716
0.325611;0.124498;10.601.525
0.316035;0.114922;10.419.566
0.316035;0.105345;10.151.415
0.306458;0.086191;9.567.230
0.287304;0.086191;9.366.117
0.277727;0.076614;9.270.349
0.287304;0.076614;9.375.694
0.296881;0.105345;9.557.653
0.306458;0.105345;9.825.804
0.306458;0.086191;10.151.415
0.335188;0.114922;10.630.256
0.344765;0.095768;10.726.024
0.325611;0.105345;10.697.293
0.325611;0.114922;10.314.221
0.335188;0.105345;10.065.224
0.296881;0.105345;9.730.036
0.296881;0.086191;9.308.656
0.287304;0.095768;9.222.465
0.268151;0.086191;9.270.349
0.306458;0.086191;9.682.152
0.316035;0.105345;9.959.879
0.316035;0.095768;10.285.490
0.344765;0.105345;10.486.604
0.344765;0.076614;10.697.293
0.344765;0.124498;10.639.832
0.316035;0.143652;10.477.027
0.316035;0.086191;10.189.722
0.296881;0.114922;9.634.268
0.287304;0.095768;9.385.271
0.296881;0.086191;9.251.195
0.296881;0.095768;9.356.541
0.287304;0.095768;9.548.077
0.316035;0.105345;9.825.804
0.316035;0.105345;10.362.105
0.335188;0.114922;10.601.525
0.373495;0.114922;10.697.293
0.316035;0.095768;10.572.795
0.316035;0.105345;10.371.682
0.325611;0.076614;10.093.954
0.325611;0.086191;9.777.920
0.287304;0.095768;9.308.656
0.287304;0.086191;9.260.772
0.287304;0.114922;9.299.079
0.306458;0.086191;9.624.691
0.325611;0.095768;9.931.149
0.325611;0.105345;10.189.722
0.325611;0.105345;10.457.873
0.344765;0.114922;10.706.870
0.335188;0.114922;10.649.409
0.316035;0.105345;10.505.757
0.325611;0.086191;9.969.456
0.296881;0.095768;9.672.575
0.277727;0.086191;9.442.732
0.287304;0.105345;9.289.502
0.296881;0.086191;9.327.810
0.306458;0.134075;9.481.039
0.296881;0.076614;9.758.766
0.325611;0.114922;10.323.798
0.354342;0.114922;10.582.372
0.335188;0.095768;10.678.140
0.344765;0.114922;10.601.525
0.335188;0.114922;10.429.143
0.287304;0.095768;10.141.838
0.296881;0.076614;9.854.534
0.306458;0.105345;9.394.848
0.296881;0.095768;9.241.618
0.287304;0.095768;9.308.656
0.316035;0.105345;9.586.384
0.306458;0.086191;9.864.111
0.316035;0.105345;10.132.261
0.335188;0.105345;10.620.679
0.354342;0.114922;10.706.870
0.354342;0.105345;10.706.870
0.335188;0.076614;10.515.334
0.306458;0.095768;10.007.763
0.296881;0.095768;9.720.459
0.277727;0.105345;9.471.462
0.306458;0.095768;9.279.925
0.287304;0.095768;9.299.079
0.287304;0.086191;9.471.462
0.277727;0.086191;9.720.459
0.325611;0.076614;10.266.336
0.325611;0.105345;10.496.181
0.344765;0.114922;10.658.986
0.316035;0.114922;10.620.679
0.316035;0.124498;10.429.143
0.325611;0.105345;10.189.722
0.306458;0.114922;9.605.537
0.277727;0.086191;9.375.694
0.296881;0.086191;9.270.349
0.287304;0.095768;9.241.618
0.306458;0.095768;9.548.077
0.296881;0.095768;9.844.957
0.306458;0.105345;10.074.800
0.316035;0.105345;10.582.372
0.344765;0.105345;10.697.293
0.335188;0.076614;10.687.716
0.316035;0.105345;10.342.952
0.325611;0.095768;10.046.070
0.296881;0.105345;9.777.920
0.306458;0.067038;9.509.769
0.296881;0.086191;9.251.195
0.287304;0.086191;9.289.502
0.268151;0.095768;9.433.155
0.306458;0.114922;9.959.879
0.306458;0.105345;10.228.029
0.335188;0.086191;10.467.450
0.344765;0.143652;10.639.832
0.335188;0.095768;10.639.832
0.316035;0.095768;10.477.027
0.316035;0.095768;10.218.452
0.316035;0.105345;9.662.998
0.296881;0.114922;9.414.001
0.296881;0.095768;9.279.925
0.277727;0.095768;9.241.618
0.287304;0.095768;9.528.923
0.287304;0.105345;9.797.073
0.316035;0.105345;10.055.647
0.325611;0.086191;10.534.488
0.335188;0.105345;10.678.140
0.325611;0.134075;10.697.293
0.344765;0.105345;10.409.989
0.306458;0.124498;10.084.377
0.306458;0.105345;9.835.381
0.316035;0.114922;9.576.807
0.268151;0.086191;9.260.772
0.296881;0.114922;9.394.848
0.325611;0.105345;9.854.534
0.306458;0.086191;10.189.722
0.325611;0.095768;10.448.297
0.335188;0.105345;10.678.140
0.344765;0.095768;10.697.293
0.316035;0.095768;10.515.334
0.344765;0.086191;10.275.913
0.287304;0.086191;9.710.882
0.296881;0.086191;9.461.885
0.296881;0.076614;9.318.233
0.296881;0.105345;9.299.079
0.306458;0.086191;9.471.462
0.306458;0.105345;9.720.459
0.306458;0.095768;9.988.609
0.325611;0.114922;10.505.757
0.325611;0.114922;10.658.986
0.325611;0.114922;10.697.293
0.335188;0.095768;10.390.836
0.335188;0.086191;10.170.568
0.306458;0.095768;9.864.111
0.296881;0.076614;9.366.117
0.296881;0.095768;9.289.502
0.277727;0.086191;9.279.925
0.296881;0.076614;9.366.117
0.287304;0.105345;9.835.381
0.296881;0.086191;10.122.684
0.335188;0.086191;10.381.259
0.316035;0.105345;10.678.140
0.335188;0.095768;10.649.409
0.344765;0.086191;10.544.065
0.296881;0.086191;10.055.647
0.287304;0.095768;9.806.650
0.306458;0.095768;9.509.769
0.296881;0.124498;9.346.964
0.296881;0.095768;9.452.309
0.306458;0.086191;9.682.152
0.306458;0.114922;10.247.183
0.335188;0.114922;10.486.604
0.344765;0.105345;10.630.256
0.335188;0.105345;10.687.716
0.306458;0.086191;10.429.143
0.335188;0.114922;10.208.876
0.325611;0.095768;9.911.995
0.287304;0.086191;9.433.155
0.277727;0.086191;9.251.195
0.306458;0.095768;9.548.077
0.287304;0.095768;9.816.227
0.316035;0.095768;10.074.800
0.335188;0.095768;10.333.375
0.354342;0.095768;10.668.563
0.344765;0.105345;10.668.563
0.325611;0.095768;10.563.218
0.335188;0.105345;10.103.531
0.325611;0.095768;9.825.804
0.306458;0.114922;9.538.500
0.296881;0.095768;9.270.349
0.306458;0.105345;9.299.079
0.296881;0.095768;9.433.155
0.296881;0.114922;9.624.691
0.316035;0.095768;10.180.145
0.344765;0.114922;10.457.873
0.316035;0.095768;10.639.832
0.316035;0.114922;10.649.409
0.335188;0.114922;10.486.604
0.316035;0.086191;10.266.336
0.296881;0.086191;9.959.879
0.277727;0.067038;9.461.885
0.296881;0.095768;9.318.233
0.287304;0.076614;9.260.772
0.287304;0.105345;9.528.923
0.316035;0.105345;9.749.189
0.325611;0.086191;10.017.340
0.335188;0.105345;10.524.911
0.344765;0.105345;10.649.409
0.344765;0.105345;10.678.140
0.335188;0.114922;10.591.949
0.316035;0.086191;10.151.415
0.296881;0.095768;9.854.534
0.296881;0.105345;9.605.537
0.287304;0.076614;9.270.349
0.277727;0.105345;9.299.079
0.316035;0.095768;9.385.271
0.306458;0.114922;9.576.807
0.325611;0.076614;10.132.261
0.335188;0.124498;10.429.143
0.335188;0.124498;10.582.372
0.344765;0.114922;10.658.986
0.335188;0.114922;10.496.181
0.306458;0.086191;10.275.913
0.316035;0.114922;9.730.036
0.287304;0.095768;9.509.769
0.287304;0.067038;9.318.233
0.287304;0.095768;9.270.349
0.277727;0.067038;9.452.309
0.316035;0.105345;9.701.305
0.306458;0.105345;9.988.609
0.354342;0.105345;10.496.181
0.335188;0.095768;10.639.832
0.316035;0.134075;10.687.716
0.325611;0.114922;10.438.720
0.306458;0.086191;10.170.568
0.296881;0.086191;9.921.572
0.296881;0.086191;9.643.845
0.287304;0.095768;9.308.656
0.306458;0.105345;9.270.349
0.277727;0.114922;9.394.848
0.306458;0.076614;9.806.650
0.325611;0.095768;10.074.800
0.335188;0.067038;10.333.375
0.344765;0.105345;10.572.795
0.325611;0.095768;10.668.563
0.325611;0.095768;10.553.641
0.325611;0.114922;10.314.221
0.325611;0.067038;9.787.497
0.296881;0.114922;9.519.346
0.277727;0.095768;9.385.271
0.287304;0.105345;9.308.656
0.306458;0.086191;9.442.732
0.306458;0.105345;9.672.575
0.316035;0.105345;9.911.995
0.325611;0.095768;10.448.297
0.344765;0.114922;10.611.102
0.316035;0.095768;10.668.563
0.306458;0.095768;10.457.873
0.325611;0.114922;10.228.029
0.306458;0.114922;9.969.456
0.296881;0.086191;9.442.732
0.277727;0.095768;9.299.079
0.287304;0.095768;9.270.349
0.287304;0.095768;9.346.964
0.325611;0.086191;9.758.766
0.316035;0.114922;10.055.647
0.335188;0.114922;10.304.645
0.316035;0.095768;10.678.140
0.344765;0.105345;10.658.986
0.335188;0.095768;10.591.949
0.325611;0.105345;10.371.682
0.306458;0.095768;9.835.381
0.296881;0.105345;9.586.384
0.277727;0.105345;9.385.271
0.306458;0.105345;9.318.233
0.306458;0.105345;9.394.848
0.296881;0.095768;9.595.961
0.296881;0.086191;10.151.415
0.325611;0.105345;10.400.413
0.316035;0.105345;10.601.525
0.325611;0.105345;10.687.716
0.335188;0.095768;10.486.604
0.344765;0.114922;10.285.490
0.306458;0.105345;10.026.917
0.287304;0.095768;9.500.193
0.287304;0.086191;9.346.964
0.296881;0.105345;9.299.079
0.287304;0.086191;9.481.039
0.344765;0.095768;9.701.305
0.296881;0.105345;9.998.186
0.316035;0.095768;10.266.336
0.335188;0.095768;10.639.832
0.335188;0.105345;10.697.293
0.335188;0.095768;10.400.413
0.325611;0.114922;10.151.415
0.316035;0.105345;9.902.418
0.287304;0.114922;9.624.691
0.296881;0.086191;9.308.656
0.296881;0.095768;9.289.502
0.287304;0.105345;9.385.271
0.296881;0.095768;9.557.653
0.306458;0.095768;10.084.377
0.316035;0.114922;10.352.529
0.316035;0.095768;10.553.641
0.335188;0.095768;10.649.409
0.325611;0.114922;10.563.218
0.344765;0.095768;10.314.221
0.325611;0.114922;9.749.189
0.306458;0.105345;9.557.653
0.296881;0.095768;9.356.541
0.277727;0.095768;9.318.233
0.296881;0.086191;9.452.309
0.316035;0.086191;9.662.998
0.306458;0.086191;9.959.879
0.325611;0.105345;10.429.143
0.354342;0.095768;10.611.102
0.354342;0.105345;10.678.140
0.335188;0.086191;10.630.256
0.325611;0.114922;10.218.452
0.316035;0.105345;9.931.149
0.316035;0.105345;9.672.575
0.306458;0.095768;9.308.656
0.277727;0.086191;9.299.079
0.287304;0.076614;9.356.541
0.287304;0.105345;9.557.653
0.287304;0.095768;10.065.224
0.316035;0.086191;10.314.221
0.335188;0.095768;10.515.334
0.344765;0.105345;10.668.563
0.335188;0.105345;10.544.065
0.335188;0.105345;10.342.952
0.316035;0.095768;9.835.381
0.296881;0.095768;9.576.807
0.277727;0.105345;9.375.694
0.287304;0.095768;9.270.349
0.287304;0.086191;9.423.578
0.296881;0.105345;9.624.691
0.316035;0.095768;9.864.111
0.325611;0.114922;10.390.836
0.335188;0.114922;10.582.372
0.335188;0.105345;10.639.832
0.316035;0.095768;10.486.604
0.316035;0.105345;10.228.029
0.316035;0.095768;9.998.186
0.325611;0.095768;9.739.613
0.287304;0.095768;9.318.233
0.296881;0.076614;9.299.079
0.296881;0.095768;9.337.387
0.296881;0.076614;9.758.766
0.306458;0.095768;10.007.763
0.306458;0.076614;10.266.336
0.335188;0.114922;10.486.604
0.325611;0.105345;10.630.256
0.335188;0.095768;10.582.372
0.316035;0.095768;10.352.529
0.306458;0.105345;9.883.265
0.296881;0.076614;9.615.114
0.296881;0.114922;9.404.425
0.296881;0.076614;9.289.502
0.296881;0.076614;9.394.848
0.296881;0.105345;9.605.537
0.316035;0.105345;9.835.381
0.316035;0.105345;10.323.798
0.325611;0.124498;10.544.065
0.316035;0.086191;10.639.832
0.325611;0.105345;10.515.334
0.335188;0.105345;10.285.490
0.296881;0.105345;10.084.377
0.296881;0.095768;9.538.500
0.296881;0.105345;9.366.117
0.287304;0.095768;9.289.502
0.296881;0.105345;9.318.233
0.306458;0.095768;9.691.729
0.316035;0.086191;9.959.879
0.325611;0.105345;10.256.760
0.325611;0.124498;10.611.102
0.316035;0.095768;10.668.563
0.344765;0.105345;10.601.525
0.325611;0.105345;10.429.143
0.325611;0.095768;9.902.418
0.296881;0.095768;9.662.998
0.306458;0.086191;9.452.309
0.287304;0.086191;9.279.925
0.306458;0.086191;9.375.694
0.296881;0.086191;9.548.077
0.325611;0.114922;10.065.224
0.325611;0.124498;10.323.798
0.335188;0.105345;10.544.065
0.316035;0.086191;10.658.986
0.354342;0.095768;10.534.488
0.325611;0.105345;10.304.645
0.325611;0.105345;10.074.800
0.296881;0.095768;9.586.384
0.306458;0.095768;9.366.117
0.287304;0.124498;9.318.233
0.306458;0.095768;9.337.387
0.306458;0.114922;9.662.998
0.325611;0.095768;9.883.265
0.316035;0.095768;10.170.568
0.335188;0.076614;10.572.795
0.325611;0.114922;10.649.409
0.335188;0.105345;10.591.949
0.316035;0.105345;10.237.606
0.306458;0.114922;9.998.186
0.306458;0.095768;9.720.459
0.287304;0.086191;9.500.193
0.287304;0.105345;9.299.079
0.287304;0.114922;9.375.694
0.296881;0.086191;9.490.616
0.325611;0.086191;10.026.917
0.325611;0.105345;10.275.913
0.316035;0.114922;10.486.604
0.354342;0.076614;10.620.679
0.344765;0.095768;10.563.218
0.335188;0.095768;10.362.105
0.306458;0.105345;10.122.684
0.306458;0.086191;9.605.537
0.316035;0.105345;9.433.155
0.287304;0.105345;9.318.233
0.296881;0.095768;9.433.155
0.296881;0.095768;9.576.807
0.325611;0.095768;9.883.265
0.335188;0.095768;10.122.684
0.335188;0.095768;10.591.949
0.316035;0.114922;10.649.409
0.325611;0.105345;10.630.256
0.316035;0.124498;10.266.336
0.316035;0.114922;10.026.917
0.306458;0.076614;9.749.189
0.287304;0.076614;9.366.117
0.287304;0.086191;9.318.233
0.277727;0.095768;9.356.541
0.296881;0.076614;9.490.616
0.306458;0.114922;9.979.033
0.306458;0.095768;10.228.029
0.325611;0.095768;10.438.720
0.335188;0.134075;10.649.409
0.335188;0.124498;10.591.949
0.325611;0.153229;10.151.415
0.287304;0.105345;9.643.845
0.296881;0.076614;9.433.155
0.277727;0.086191;9.346.964
0.296881;0.105345;9.385.271
0.306458;0.105345;9.586.384
0.306458;0.114922;9.787.497
0.306458;0.086191;10.323.798
0.325611;0.114922;10.496.181
0.335188;0.105345;10.649.409
0.325611;0.114922;10.649.409
0.325611;0.105345;10.314.221
0.325611;0.105345;10.074.800
0.316035;0.105345;9.806.650
0.277727;0.086191;9.366.117
0.296881;0.095768;9.308.656
0.306458;0.086191;9.337.387
0.316035;0.114922;9.662.998
0.325611;0.105345;9.931.149
0.325611;0.086191;10.189.722
0.316035;0.095768;10.438.720
0.335188;0.086191;10.639.832
0.325611;0.105345;10.572.795
0.306458;0.105345;10.438.720
0.306458;0.105345;9.950.302
0.296881;0.105345;9.701.305
0.287304;0.105345;9.481.039
0.277727;0.095768;9.327.810
0.296881;0.105345;9.404.425
0.287304;0.105345;9.538.500
0.306458;0.105345;9.787.497
0.335188;0.114922;10.285.490
0.325611;0.124498;10.496.181
0.335188;0.114922;10.591.949
0.325611;0.105345;10.553.641
0.306458;0.095768;10.333.375
0.316035;0.095768;10.113.108
0.306458;0.105345;9.844.957
0.277727;0.105345;9.433.155
0.277727;0.086191;9.308.656
0.306458;0.067038;9.318.233
0.316035;0.076614;9.634.268
0.306458;0.095768;9.892.841
0.325611;0.105345;10.141.838
0.335188;0.095768;10.572.795
0.335188;0.114922;10.639.832
0.335188;0.134075;10.601.525
0.325611;0.095768;10.486.604
0.325611;0.095768;9.998.186
0.306458;0.095768;9.730.036
0.316035;0.114922;9.500.193
0.316035;0.105345;9.318.233
0.306458;0.105345;9.375.694
0.296881;0.086191;9.509.769
0.306458;0.105345;9.720.459
0.316035;0.095768;10.247.183
0.325611;0.105345;10.467.450
0.316035;0.095768;10.582.372
0.335188;0.095768;10.563.218
0.335188;0.086191;10.381.259
0.325611;0.114922;10.180.145
0.296881;0.105345;9.624.691
0.296881;0.095768;9.461.885
0.277727;0.076614;9.337.387
0.306458;0.105345;9.318.233
0.287304;0.095768;9.595.961
0.296881;0.114922;9.835.381
0.325611;0.086191;10.084.377
0.335188;0.095768;10.544.065
0.325611;0.095768;10.591.949
0.316035;0.095768;10.620.679
0.344765;0.105345;10.285.490
0.316035;0.086191;10.046.070
0.306458;0.095768;9.787.497
0.287304;0.086191;9.586.384
0.296881;0.105345;9.318.233
0.316035;0.114922;9.356.541
0.306458;0.095768;9.481.039
0.306458;0.095768;9.969.456
0.325611;0.105345;10.228.029
0.325611;0.114922;10.429.143
0.325611;0.105345;10.553.641
0.316035;0.124498;10.572.795
0.335188;0.114922;10.409.989
0.325611;0.086191;10.180.145
0.287304;0.067038;9.691.729
0.287304;0.086191;9.490.616
0.296881;0.105345;9.346.964
0.306458;0.114922;9.375.694
0.306458;0.095768;9.538.500
0.296881;0.105345;9.806.650
0.306458;0.086191;10.046.070
0.335188;0.105345;10.486.604
0.325611;0.114922;10.601.525
0.325611;0.086191;10.639.832
0.335188;0.114922;10.323.798
0.325611;0.095768;10.093.954
0.296881;0.086191;9.825.804
0.287304;0.105345;9.586.384
0.306458;0.105345;9.346.964
0.296881;0.095768;9.327.810
0.287304;0.095768;9.461.885
0.296881;0.095768;9.911.995
0.316035;0.095768;10.151.415
0.325611;0.124498;10.362.105
0.344765;0.124498;10.639.832
0.335188;0.114922;10.572.795
0.335188;0.105345;10.448.297
0.325611;0.095768;10.247.183
0.296881;0.105345;9.720.459
0.296881;0.095768;9.490.616
0.296881;0.095768;9.375.694
0.296881;0.086191;9.375.694
0.306458;0.105345;9.519.346
0.306458;0.124498;9.768.343
0.306458;0.105345;10.266.336
0.325611;0.086191;10.486.604
0.325611;0.095768;10.591.949
0.325611;0.086191;10.505.757
0.335188;0.114922;10.371.682
0.344765;0.114922;10.132.261
0.316035;0.114922;9.892.841
0.277727;0.114922;9.461.885
0.287304;0.086191;9.346.964
0.277727;0.095768;9.327.810
0.306458;0.105345;9.442.732
0.306458;0.105345;9.854.534
0.306458;0.086191;10.103.531
0.325611;0.095768;10.333.375
0.316035;0.105345;10.630.256
0.306458;0.114922;10.591.949
0.325611;0.114922;10.295.067
0.316035;0.105345;10.036.493
0.325611;0.095768;9.777.920
0.306458;0.095768;9.548.077
0.296881;0.095768;9.375.694
0.277727;0.105345;9.366.117
0.296881;0.105345;9.509.769
0.306458;0.095768;9.950.302
0.316035;0.114922;10.218.452
0.325611;0.086191;10.438.720
0.335188;0.095768;10.582.372
0.316035;0.095768;10.553.641
0.325611;0.086191;10.381.259
0.335188;0.105345;10.180.145
0.325611;0.095768;9.931.149
0.296881;0.095768;9.471.462
0.306458;0.086191;9.356.541
0.296881;0.105345;9.318.233
0.316035;0.095768;9.586.384
0.306458;0.095768;9.844.957
0.325611;0.114922;10.084.377
0.316035;0.105345;10.304.645
0.354342;0.105345;10.611.102
0.354342;0.114922;10.611.102
0.344765;0.114922;10.515.334
0.287304;0.086191;10.074.800
0.316035;0.114922;9.825.804
0.306458;0.086191;9.576.807
0.296881;0.095768;9.308.656
0.277727;0.095768;9.346.964
0.306458;0.124498;9.471.462
0.306458;0.105345;9.643.845
0.335188;0.095768;10.170.568
0.354342;0.105345;10.400.413
0.335188;0.105345;10.544.065
0.335188;0.114922;10.591.949
0.335188;0.095768;10.448.297
0.325611;0.105345;10.218.452
0.296881;0.086191;9.730.036
0.287304;0.086191;9.509.769
0.268151;0.095768;9.346.964
0.296881;0.095768;9.337.387
0.306458;0.086191;9.557.653
0.316035;0.086191;9.758.766
0.296881;0.086191;10.017.340
0.306458;0.105345;10.467.450
0.335188;0.114922;10.591.949
0.354342;0.095768;10.582.372
0.325611;0.105345;10.524.911
0.306458;0.105345;10.113.108
0.296881;0.095768;9.873.688
0.296881;0.105345;9.615.114
0.287304;0.076614;9.337.387
0.287304;0.105345;9.337.387
0.277727;0.095768;9.442.732
0.325611;0.105345;9.854.534
0.325611;0.086191;10.141.838
0.335188;0.095768;10.352.529
0.325611;0.086191;10.524.911
0.354342;0.086191;10.591.949
0.335188;0.095768;10.486.604
0.316035;0.105345;10.256.760
0.316035;0.086191;9.768.343
0.277727;0.105345;9.528.923
0.296881;0.095768;9.366.117
0.296881;0.076614;9.394.848
0.296881;0.095768;9.500.193
0.306458;0.086191;9.749.189
0.325611;0.095768;9.979.033
0.335188;0.114922;10.438.720
0.335188;0.086191;10.582.372
0.354342;0.124498;10.572.795
0.306458;0.095768;10.390.836
0.344765;0.095768;10.160.992
0.316035;0.105345;9.950.302
0.296881;0.086191;9.672.575
0.296881;0.095768;9.337.387
0.287304;0.095768;9.356.541
0.306458;0.076614;9.404.425
0.316035;0.095768;9.816.227
0.325611;0.095768;10.065.224
0.316035;0.095768;10.323.798
0.335188;0.105345;10.601.525
0.325611;0.124498;10.572.795
0.325611;0.086191;10.505.757
0.325611;0.105345;10.323.798
0.306458;0.105345;9.806.650
0.277727;0.095768;9.586.384
0.277727;0.095768;9.414.001
0.306458;0.105345;9.346.964
0.306458;0.105345;9.509.769
0.296881;0.105345;9.672.575
0.316035;0.114922;10.160.992
0.325611;0.114922;10.400.413
0.344765;0.086191;10.524.911
0.335188;0.105345;10.601.525
0.325611;0.105345;10.438.720
0.325611;0.086191;10.208.876
0.325611;0.095768;9.959.879
0.277727;0.086191;9.509.769
0.277727;0.105345;9.366.117
0.287304;0.105345;9.327.810
0.296881;0.114922;9.404.425
0.335188;0.105345;9.797.073
0.316035;0.086191;10.026.917
0.316035;0.105345;10.285.490
0.325611;0.114922;10.563.218
0.335188;0.124498;10.591.949
0.344765;0.124498;10.486.604
0.316035;0.114922;10.141.838
0.296881;0.105345;9.844.957
0.316035;0.086191;9.605.537
0.306458;0.105345;9.461.885
0.268151;0.095768;9.385.271
0.296881;0.105345;9.442.732
0.296881;0.114922;9.643.845
0.316035;0.114922;10.151.415
0.325611;0.114922;10.342.952
0.344765;0.095768;10.524.911
0.335188;0.124498;10.572.795
0.325611;0.114922;10.429.143
0.325611;0.105345;10.237.606
0.316035;0.086191;9.988.609
0.296881;0.095768;9.528.923
0.287304;0.105345;9.385.271
0.316035;0.114922;9.327.810
0.277727;0.095768;9.528.923
0.296881;0.086191;9.730.036
0.335188;0.124498;10.007.763
0.316035;0.114922;10.409.989
0.335188;0.105345;10.563.218
0.335188;0.095768;10.620.679
0.335188;0.105345;10.515.334
0.325611;0.124498;10.122.684
0.316035;0.086191;9.883.265
0.306458;0.114922;9.672.575
0.296881;0.095768;9.366.117
0.287304;0.086191;9.337.387
0.296881;0.086191;9.404.425
0.287304;0.105345;9.605.537
0.325611;0.095768;10.074.800
0.325611;0.114922;10.314.221
0.325611;0.095768;10.496.181
0.344765;0.114922;10.563.218
0.325611;0.105345;10.496.181
0.335188;0.124498;10.285.490
0.325611;0.086191;9.787.497
0.296881;0.105345;9.576.807
0.287304;0.076614;9.385.271
0.296881;0.086191;9.337.387
0.287304;0.105345;9.481.039
0.306458;0.095768;9.701.305
0.316035;0.095768;9.921.572
0.325611;0.086191;10.400.413
0.344765;0.105345;10.524.911
0.316035;0.095768;10.601.525
0.325611;0.095768;10.524.911
0.335188;0.086191;10.208.876
0.287304;0.114922;9.931.149
0.306458;0.095768;9.672.575
0.287304;0.086191;9.366.117
0.277727;0.095768;9.356.541
0.306458;0.086191;9.414.001
0.306458;0.105345;9.797.073
0.316035;0.095768;10.046.070
0.325611;0.095768;10.285.490
0.325611;0.076614;10.477.027
0.325611;0.095768;10.572.795
0.344765;0.114922;10.486.604
0.335188;0.114922;10.314.221
0.325611;0.086191;9.854.534
0.296881;0.086191;9.595.961
0.287304;0.076614;9.442.732
0.296881;0.095768;9.375.694
0.306458;0.105345;9.481.039
0.306458;0.076614;9.682.152
0.306458;0.114922;9.892.841
0.325611;0.124498;10.342.952
0.344765;0.124498;10.496.181
0.335188;0.086191;10.611.102
0.306458;0.105345;10.438.720
0.316035;0.076614;10.228.029
0.325611;0.105345;9.969.456
0.296881;0.114922;9.730.036
0.316035;0.076614;9.394.848
0.306458;0.105345;9.366.117
0.306458;0.114922;9.385.271
0.316035;0.095768;9.730.036
0.316035;0.086191;9.988.609
0.325611;0.114922;10.237.606
0.335188;0.095768;10.544.065
0.325611;0.124498;10.601.525
0.306458;0.086191;10.524.911
0.325611;0.124498;10.352.529
0.316035;0.076614;9.864.111
0.287304;0.086191;9.682.152
0.296881;0.105345;9.471.462
0.306458;0.086191;9.346.964
0.306458;0.086191;9.442.732
0.277727;0.105345;9.634.268
0.335188;0.105345;10.093.954
0.325611;0.105345;10.314.221
0.316035;0.095768;10.486.604
0.325611;0.105345;10.582.372
0.335188;0.095768;10.467.450
0.306458;0.076614;10.256.760
0.325611;0.105345;10.055.647
0.296881;0.095768;9.567.230
0.287304;0.067038;9.423.578
0.306458;0.105345;9.366.117
0.296881;0.086191;9.394.848
0.306458;0.114922;9.739.613
0.306458;0.095768;9.950.302
0.335188;0.114922;10.199.299
0.325611;0.105345;10.524.911
0.335188;0.095768;10.601.525
0.335188;0.095768;10.505.757
0.325611;0.114922;10.371.682
0.306458;0.095768;9.940.725
0.296881;0.086191;9.701.305
0.296881;0.095768;9.471.462
0.296881;0.095768;9.375.694
0.287304;0.114922;9.423.578
0.306458;0.105345;9.586.384
0.296881;0.105345;10.046.070
0.306458;0.105345;10.285.490
0.316035;0.105345;10.486.604
0.335188;0.105345;10.591.949
0.335188;0.095768;10.477.027
0.335188;0.076614;10.275.913
0.335188;0.105345;10.065.224
0.306458;0.105345;9.595.961
0.277727;0.095768;9.442.732
0.287304;0.095768;9.366.117
0.306458;0.086191;9.500.193
0.296881;0.105345;9.653.421
0.277727;0.095768;9.911.995
0.316035;0.086191;10.160.992
0.344765;0.105345;10.486.604
0.335188;0.105345;10.553.641
0.325611;0.076614;10.553.641
0.316035;0.114922;10.208.876
0.325611;0.095768;9.979.033
0.306458;0.086191;9.749.189
0.306458;0.095768;9.394.848
0.296881;0.086191;9.346.964
0.306458;0.105345;9.404.425
0.296881;0.105345;9.567.230
0.287304;0.095768;10.026.917
0.316035;0.114922;10.256.760
0.316035;0.095768;10.419.566
0.325611;0.114922;10.572.795
0.335188;0.114922;10.496.181
0.325611;0.114922;10.323.798
0.325611;0.095768;10.113.108
0.306458;0.105345;9.634.268
0.296881;0.086191;9.471.462
0.287304;0.086191;9.394.848
0.306458;0.105345;9.461.885
0.296881;0.095768;9.615.114
0.325611;0.086191;9.835.381
0.316035;0.086191;10.314.221
0.316035;0.095768;10.505.757
0.316035;0.086191;10.572.795
0.325611;0.105345;10.563.218
0.325611;0.105345;10.237.606
0.325611;0.086191;10.017.340
0.296881;0.086191;9.452.309
0.296881;0.095768;9.375.694
0.325611;0.105345;9.528.923
0.296881;0.105345;9.739.613
0.325611;0.095768;9.950.302
0.335188;0.105345;10.218.452
0.325611;0.105345;10.429.143
0.354342;0.114922;10.572.795
0.335188;0.114922;10.515.334
0.296881;0.095768;10.390.836
0.306458;0.076614;9.931.149
0.306458;0.095768;9.701.305
0.287304;0.095768;9.519.346
0.296881;0.076614;9.414.001
0.277727;0.124498;9.452.309
0.287304;0.067038;9.634.268
0.316035;0.086191;9.806.650
0.325611;0.086191;10.304.645
0.344765;0.105345;10.457.873
0.335188;0.105345;10.563.218
0.335188;0.095768;10.467.450
0.325611;0.076614;10.314.221
0.325611;0.086191;10.074.800
0.287304;0.105345;9.816.227
0.287304;0.086191;9.471.462
0.296881;0.124498;9.394.848
0.277727;0.076614;9.375.694
0.296881;0.114922;9.691.729
0.306458;0.105345;9.940.725
0.306458;0.105345;10.160.992
0.325611;0.105345;10.362.105
0.335188;0.124498;10.572.795
0.344765;0.105345;10.524.911
0.325611;0.105345;10.409.989
0.316035;0.095768;9.979.033
0.296881;0.095768;9.758.766
0.306458;0.095768;9.548.077
0.287304;0.086191;9.375.694
0.296881;0.095768;9.452.309
0.306458;0.095768;9.576.807
0.306458;0.086191;10.017.340
0.316035;0.124498;10.237.606
0.316035;0.086191;10.429.143
0.325611;0.086191;10.563.218
0.344765;0.124498;10.457.873
0.316035;0.095768;10.314.221
0.325611;0.095768;10.084.377
0.316035;0.086191;9.643.845
0.296881;0.086191;9.461.885
0.277727;0.095768;9.385.271
0.287304;0.095768;9.394.848
0.306458;0.086191;9.643.845
0.296881;0.114922;9.844.957
0.306458;0.086191;10.113.108
0.325611;0.134075;10.505.757
0.325611;0.086191;10.582.372
0.335188;0.114922;10.553.641
0.325611;0.095768;10.419.566
0.306458;0.095768;10.017.340
0.306458;0.095768;9.749.189
0.316035;0.105345;9.557.653
0.296881;0.105345;9.356.541
0.296881;0.086191;9.404.425
0.316035;0.095768;9.557.653
0.316035;0.114922;9.959.879
0.325611;0.086191;10.218.452
0.325611;0.095768;10.409.989
0.306458;0.095768;10.505.757
0.325611;0.086191;10.553.641
0.335188;0.105345;10.352.529
0.325611;0.086191;10.160.992
0.296881;0.095768;9.653.421
0.287304;0.095768;9.509.769
0.277727;0.086191;9.394.848
0.306458;0.076614;9.433.155
0.287304;0.086191;9.624.691
0.316035;0.076614;9.844.957
0.325611;0.105345;10.065.224
0.316035;0.105345;10.448.297
0.335188;0.105345;10.553.641
0.335188;0.105345;10.266.336
0.296881;0.095768;10.055.647
0.316035;0.105345;9.787.497
0.287304;0.105345;9.461.885
0.306458;0.076614;9.366.117
0.296881;0.086191;9.414.001
0.277727;0.114922;9.538.500
0.316035;0.105345;9.940.725
0.325611;0.086191;10.170.568
0.335188;0.105345;10.381.259
0.335188;0.124498;10.563.218
0.344765;0.095768;10.524.911
0.325611;0.095768;10.352.529
0.316035;0.114922;10.199.299
0.287304;0.086191;9.739.613
0.296881;0.095768;9.519.346
0.277727;0.105345;9.423.578
0.296881;0.095768;9.442.732
0.296881;0.095768;9.595.961
0.296881;0.095768;9.806.650
0.325611;0.114922;10.247.183
0.335188;0.114922;10.438.720
0.325611;0.114922;10.553.641
0.335188;0.114922;10.572.795
0.335188;0.086191;10.323.798
0.296881;0.095768;10.093.954
0.325611;0.086191;9.873.688
0.316035;0.086191;9.490.616
0.287304;0.086191;9.394.848
0.296881;0.086191;9.375.694
0.306458;0.086191;9.653.421
0.316035;0.095768;9.892.841
0.296881;0.086191;10.141.838
0.316035;0.105345;10.323.798
0.344765;0.124498;10.563.218
0.325611;0.105345;10.515.334
0.335188;0.105345;10.400.413
0.316035;0.095768;10.017.340
0.306458;0.105345;9.768.343
0.287304;0.095768;9.557.653
0.296881;0.076614;9.442.732
0.306458;0.067038;9.433.155
0.316035;0.086191;9.586.384
0.296881;0.124498;9.768.343
0.335188;0.095768;10.228.029
0.325611;0.086191;10.419.566
0.325611;0.105345;10.505.757
0.316035;0.095768;10.352.529
0.306458;0.105345;10.132.261
0.325611;0.114922;9.892.841
0.287304;0.105345;9.509.769
0.296881;0.105345;9.414.001
0.306458;0.095768;9.394.848
0.296881;0.095768;9.653.421
0.316035;0.095768;9.864.111
0.325611;0.095768;10.065.224
0.344765;0.124498;10.467.450
0.325611;0.114922;10.572.795
0.325611;0.095768;10.544.065
0.325611;0.086191;10.295.067
0.316035;0.095768;10.036.493
0.316035;0.114922;9.806.650
0.277727;0.105345;9.605.537
0.306458;0.086191;9.414.001
0.287304;0.086191;9.423.578
0.296881;0.076614;9.509.769
0.316035;0.114922;9.739.613
0.325611;0.114922;10.170.568
0.325611;0.095768;10.371.682
0.335188;0.095768;10.496.181
0.325611;0.095768;10.505.757
0.335188;0.124498;10.400.413
0.287304;0.076614;10.189.722
0.287304;0.095768;9.701.305
0.296881;0.114922;9.528.923
0.306458;0.105345;9.404.425
0.296881;0.076614;9.385.271
0.306458;0.105345;9.615.114
0.296881;0.095768;9.816.227
0.316035;0.095768;10.055.647
0.344765;0.086191;10.448.297
0.325611;0.095768;10.553.641
0.316035;0.086191;10.534.488
0.344765;0.095768;10.438.720
0.316035;0.105345;10.093.954
0.306458;0.086191;9.854.534
0.287304;0.105345;9.624.691
0.296881;0.105345;9.394.848
0.287304;0.114922;9.385.271
0.296881;0.114922;9.509.769
0.325611;0.086191;9.902.418
0.316035;0.086191;10.141.838
0.325611;0.134075;10.333.375
0.325611;0.095768;10.505.757
0.325611;0.095768;10.534.488
0.316035;0.105345;10.409.989
0.316035;0.105345;10.218.452
0.316035;0.105345;9.749.189
0.296881;0.086191;9.576.807
0.306458;0.095768;9.442.732
0.287304;0.095768;9.452.309
0.296881;0.105345;9.605.537
0.296881;0.086191;9.787.497
0.306458;0.086191;9.979.033
0.325611;0.105345;10.390.836
0.344765;0.105345;10.544.065
0.335188;0.114922;10.563.218
0.306458;0.114922;10.314.221
0.335188;0.086191;10.122.684
0.316035;0.105345;9.883.265
0.296881;0.076614;9.481.039
0.296881;0.086191;9.404.425
0.277727;0.076614;9.385.271
0.306458;0.086191;9.500.193
0.296881;0.076614;9.873.688
0.325611;0.076614;10.103.531
0.344765;0.086191;10.323.798
0.335188;0.095768;10.563.218
0.325611;0.124498;10.524.911
0.325611;0.095768;10.390.836
0.316035;0.086191;10.256.760
0.316035;0.076614;9.777.920
0.287304;0.105345;9.624.691
0.296881;0.086191;9.452.309
0.296881;0.105345;9.423.578
0.316035;0.086191;9.538.500
0.306458;0.105345;9.710.882
0.344765;0.095768;10.189.722
0.344765;0.095768;10.381.259
0.335188;0.105345;10.524.911
0.335188;0.095768;10.534.488
0.316035;0.124498;10.333.375
0.306458;0.095768;10.189.722
0.316035;0.095768;9.959.879
0.296881;0.095768;9.528.923
0.306458;0.086191;9.433.155
0.287304;0.086191;9.366.117
0.296881;0.086191;9.481.039
0.325611;0.095768;9.825.804
0.316035;0.086191;10.055.647
0.316035;0.076614;10.438.720
0.344765;0.095768;10.553.641
0.325611;0.114922;10.544.065
0.325611;0.105345;10.448.297
0.316035;0.095768;10.084.377
0.306458;0.095768;9.825.804
0.306458;0.105345;9.624.691
0.306458;0.095768;9.461.885
0.316035;0.086191;9.414.001
0.296881;0.095768;9.519.346
0.306458;0.086191;9.701.305
0.306458;0.105345;10.160.992
0.325611;0.076614;10.323.798
0.325611;0.124498;10.477.027
0.335188;0.076614;10.544.065
0.344765;0.095768;10.390.836
0.325611;0.076614;10.208.876
0.296881;0.095768;9.969.456
0.306458;0.086191;9.548.077
0.306458;0.105345;9.414.001
0.306458;0.095768;9.394.848
0.296881;0.086191;9.615.114
0.316035;0.076614;9.758.766
0.316035;0.114922;9.998.186
0.316035;0.086191;10.228.029
0.335188;0.105345;10.534.488
0.325611;0.076614;10.467.450
0.306458;0.114922;10.084.377
0.306458;0.095768;9.902.418
0.287304;0.067038;9.653.421
0.296881;0.114922;9.423.578
0.287304;0.095768;9.414.001
0.287304;0.095768;9.481.039
0.287304;0.076614;9.662.998
0.335188;0.095768;10.103.531
0.325611;0.086191;10.304.645
0.325611;0.134075;10.544.065
0.335188;0.105345;10.496.181
0.325611;0.095768;10.409.989
0.325611;0.105345;10.228.029
0.316035;0.114922;9.816.227
0.306458;0.105345;9.605.537
0.306458;0.086191;9.442.732
0.296881;0.086191;9.404.425
0.306458;0.114922;9.567.230
0.296881;0.086191;9.730.036
0.325611;0.114922;9.988.609
0.316035;0.114922;10.390.836
0.316035;0.134075;10.496.181
0.335188;0.105345;10.544.065
0.335188;0.086191;10.515.334
0.296881;0.105345;10.141.838
0.316035;0.114922;9.921.572
0.316035;0.105345;9.710.882
0.306458;0.095768;9.423.578
0.296881;0.086191;9.452.309
0.287304;0.086191;9.490.616
0.306458;0.114922;9.844.957
0.325611;0.105345;10.055.647
0.325611;0.067038;10.275.913
0.344765;0.114922;10.419.566
0.316035;0.095768;10.515.334
0.344765;0.067038;10.438.720
0.306458;0.095768;10.084.377
0.306458;0.086191;9.825.804
0.296881;0.105345;9.615.114
0.306458;0.095768;9.490.616
0.296881;0.105345;9.423.578
0.306458;0.114922;9.519.346
0.296881;0.095768;9.730.036
0.306458;0.086191;9.931.149
0.354342;0.114922;10.352.529
0.325611;0.095768;10.486.604
0.325611;0.095768;10.524.911
0.344765;0.095768;10.352.529
0.325611;0.105345;10.199.299
0.306458;0.105345;9.988.609
0.306458;0.105345;9.749.189
0.306458;0.095768;9.452.309
0.287304;0.114922;9.414.001
0.306458;0.105345;9.615.114
0.316035;0.105345;9.825.804
0.325611;0.105345;10.046.070
0.306458;0.095768;10.228.029
0.325611;0.124498;10.496.181
0.354342;0.076614;10.524.911
0.335188;0.105345;10.467.450
0.325611;0.114922;10.295.067
0.316035;0.095768;9.873.688
0.296881;0.076614;9.653.421
0.296881;0.086191;9.500.193
0.287304;0.086191;9.433.155
0.325611;0.095768;9.509.769
0.316035;0.114922;9.672.575
0.296881;0.105345;10.141.838
0.316035;0.095768;10.314.221
0.335188;0.095768;10.438.720
0.335188;0.086191;10.524.911
0.325611;0.095768;10.409.989
0.316035;0.095768;10.228.029
0.325611;0.105345;10.026.917
0.316035;0.105345;9.576.807
0.296881;0.086191;9.433.155
0.296881;0.095768;9.375.694
0.296881;0.095768;9.442.732
0.306458;0.086191;9.749.189
0.306458;0.095768;9.988.609
0.325611;0.095768;10.199.299
0.335188;0.105345;10.496.181
0.325611;0.095768;10.524.911
0.325611;0.076614;10.486.604
0.325611;0.086191;10.141.838
0.306458;0.105345;9.921.572
0.296881;0.105345;9.691.729
0.296881;0.086191;9.452.309
0.287304;0.095768;9.404.425
0.316035;0.086191;9.471.462
0.296881;0.095768;9.634.268
0.316035;0.105345;10.074.800
0.335188;0.114922;10.266.336
0.335188;0.086191;10.409.989
0.316035;0.095768;10.496.181
0.335188;0.105345;10.419.566
0.316035;0.086191;10.266.336
0.316035;0.124498;10.055.647
0.268151;0.095768;9.615.114
0.287304;0.086191;9.490.616
0.296881;0.076614;9.404.425
0.296881;0.095768;9.548.077
0.287304;0.105345;9.739.613
0.316035;0.086191;9.921.572
0.306458;0.105345;10.151.415
0.316035;0.095768;10.467.450
0.335188;0.095768;10.524.911
0.325611;0.114922;10.496.181
0.306458;0.095768;10.189.722
0.306458;0.095768;9.950.302
0.306458;0.105345;9.730.036
0.306458;0.086191;9.452.309
0.306458;0.095768;9.423.578
0.306458;0.086191;9.461.885
0.316035;0.114922;9.624.691
0.316035;0.086191;10.026.917
0.344765;0.095768;10.228.029
0.335188;0.105345;10.390.836
0.335188;0.095768;10.524.911
0.325611;0.095768;10.448.297
0.316035;0.114922;10.285.490
0.296881;0.086191;9.864.111
0.306458;0.095768;9.653.421
0.306458;0.105345;9.509.769
0.306458;0.086191;9.423.578
0.316035;0.086191;9.528.923
0.306458;0.105345;9.710.882
0.306458;0.114922;9.902.418
0.325611;0.086191;10.295.067
0.344765;0.105345;10.457.873
0.344765;0.086191;10.534.488
0.325611;0.076614;10.381.259
0.316035;0.105345;10.199.299
0.306458;0.105345;9.979.033
0.296881;0.086191;9.777.920
0.277727;0.095768;9.471.462
0.296881;0.086191;9.423.578
0.287304;0.086191;9.490.616
0.296881;0.105345;9.768.343
0.325611;0.076614;9.988.609
0.354342;0.105345;10.199.299
0.325611;0.114922;10.371.682
0.325611;0.124498;10.524.911
0.354342;0.114922;10.457.873
0.316035;0.086191;10.323.798
0.306458;0.076614;9.902.418
0.296881;0.086191;9.691.729
0.296881;0.114922;9.538.500
0.316035;0.095768;9.442.732
0.287304;0.086191;9.509.769
0.325611;0.076614;9.634.268
0.296881;0.114922;9.854.534
0.316035;0.095768;10.256.760
0.325611;0.086191;10.429.143
0.325611;0.114922;10.515.334
0.335188;0.086191;10.438.720
0.335188;0.105345;10.237.606
0.335188;0.095768;10.046.070
0.306458;0.086191;9.835.381
0.306458;0.105345;9.471.462
0.306458;0.076614;9.433.155
0.277727;0.095768;9.452.309
0.287304;0.086191;9.739.613
0.316035;0.095768;9.950.302
0.316035;0.114922;10.180.145
0.344765;0.105345;10.486.604
0.325611;0.105345;10.515.334
0.335188;0.105345;10.438.720
0.325611;0.095768;10.151.415
0.325611;0.095768;9.950.302
0.296881;0.105345;9.749.189
0.306458;0.076614;9.567.230
0.306458;0.076614;9.423.578
0.316035;0.086191;9.490.616
0.296881;0.105345;9.615.114
0.316035;0.086191;9.816.227
0.325611;0.076614;10.228.029
0.335188;0.095768;10.429.143
0.335188;0.086191;10.505.757
0.335188;0.124498;10.419.566
0.325611;0.105345;10.275.913
0.316035;0.114922;10.074.800
0.316035;0.114922;9.643.845
0.306458;0.105345;9.509.769
0.296881;0.095768;9.433.155
0.306458;0.114922;9.452.309
0.306458;0.086191;9.710.882
0.306458;0.114922;9.911.995
0.296881;0.114922;10.132.261
0.335188;0.105345;10.438.720
0.335188;0.086191;10.524.911
0.325611;0.095768;10.477.027
0.316035;0.105345;10.189.722
0.316035;0.095768;9.969.456
0.316035;0.076614;9.768.343
0.287304;0.086191;9.471.462
0.296881;0.114922;9.433.155
0.296881;0.105345;9.471.462
0.306458;0.114922;9.624.691
0.296881;0.114922;10.026.917
0.325611;0.105345;10.218.452
0.344765;0.124498;10.390.836
0.325611;0.105345;10.515.334
0.335188;0.114922;10.429.143
0.325611;0.095768;10.304.645
0.316035;0.086191;10.093.954
0.316035;0.095768;9.672.575
0.296881;0.086191;9.567.230
0.287304;0.076614;9.461.885
0.316035;0.086191;9.548.077
0.306458;0.095768;9.682.152
0.306458;0.076614;10.065.224
0.325611;0.095768;10.429.143
0.335188;0.086191;10.505.757
0.354342;0.095768;10.486.604
0.316035;0.086191;10.228.029
0.296881;0.105345;10.046.070
0.306458;0.076614;9.797.073
0.287304;0.086191;9.481.039
0.296881;0.095768;9.423.578
0.296881;0.095768;9.471.462
0.306458;0.105345;9.576.807
0.316035;0.086191;9.979.033
0.306458;0.076614;10.180.145
0.325611;0.114922;10.381.259
0.335188;0.095768;10.534.488
0.335188;0.105345;10.467.450
0.316035;0.105345;10.304.645
0.316035;0.086191;10.122.684
0.296881;0.086191;9.749.189
0.287304;0.114922;9.576.807
0.287304;0.095768;9.433.155
0.296881;0.095768;9.519.346
0.316035;0.086191;9.615.114
0.335188;0.095768;9.835.381
0.325611;0.105345;10.247.183
0.325611;0.105345;10.409.989
0.335188;0.095768;10.496.181
0.335188;0.105345;10.505.757
0.325611;0.114922;10.285.490
0.306458;0.086191;10.065.224
0.306458;0.076614;9.854.534
0.277727;0.095768;9.509.769
0.287304;0.076614;9.452.309
0.296881;0.124498;9.471.462
0.296881;0.086191;9.701.305
0.306458;0.095768;9.921.572
0.325611;0.105345;10.160.992
0.325611;0.086191;10.333.375
0.335188;0.124498;10.515.334
0.335188;0.105345;10.467.450
0.325611;0.095768;10.342.952
0.316035;0.086191;9.979.033
0.306458;0.105345;9.777.920
0.287304;0.095768;9.595.961
0.306458;0.105345;9.509.769
0.296881;0.095768;9.481.039
0.306458;0.095768;9.605.537
0.325611;0.095768;9.998.186
0.335188;0.086191;10.199.299
0.344765;0.086191;10.362.105
0.335188;0.105345;10.477.027
0.325611;0.095768;10.438.720
0.325611;0.086191;10.275.913
0.316035;0.095768;10.074.800
0.306458;0.095768;9.864.111
0.277727;0.095768;9.557.653
0.306458;0.086191;9.442.732
0.306458;0.095768;9.423.578
0.316035;0.095768;9.864.111
0.296881;0.105345;10.093.954
0.316035;0.114922;10.285.490
0.325611;0.095768;10.477.027
0.325611;0.086191;10.496.181
0.325611;0.095768;10.390.836
0.306458;0.095768;9.988.609
0.306458;0.086191;9.787.497
0.306458;0.086191;9.624.691
0.277727;0.095768;9.442.732
0.287304;0.105345;9.461.885
0.296881;0.105345;9.567.230
0.296881;0.105345;9.758.766
0.335188;0.095768;10.199.299
0.316035;0.114922;10.381.259
0.344765;0.095768;10.448.297
0.335188;0.086191;10.448.297
0.296881;0.095768;10.304.645
0.325611;0.105345;10.122.684
0.325611;0.114922;9.739.613
0.325611;0.114922;9.567.230
0.316035;0.095768;9.481.039
0.306458;0.076614;9.452.309
0.306458;0.105345;9.662.998
0.306458;0.086191;9.854.534
0.316035;0.086191;10.065.224
0.335188;0.086191;10.429.143
0.325611;0.086191;10.496.181
0.316035;0.114922;10.505.757
0.325611;0.114922;10.237.606
0.316035;0.086191;10.065.224
0.316035;0.076614;9.825.804
0.287304;0.076614;9.662.998
0.306458;0.076614;9.461.885
0.296881;0.076614;9.442.732
0.287304;0.114922;9.557.653
0.325611;0.105345;9.959.879
0.316035;0.105345;10.141.838
0.335188;0.095768;10.314.221
0.335188;0.105345;10.438.720
0.335188;0.124498;10.457.873
0.335188;0.105345;10.333.375
0.325611;0.095768;10.180.145
0.296881;0.105345;9.768.343
0.296881;0.114922;9.586.384
0.296881;0.086191;9.461.885
0.287304;0.086191;9.509.769
0.296881;0.095768;9.624.691
0.325611;0.076614;9.835.381
0.306458;0.086191;10.026.917
0.316035;0.076614;10.390.836
0.325611;0.095768;10.496.181
0.325611;0.095768;10.400.413
0.306458;0.086191;10.275.913
0.316035;0.095768;10.103.531
0.316035;0.086191;9.864.111
0.296881;0.086191;9.682.152
0.306458;0.076614;9.452.309
0.296881;0.105345;9.471.462
0.287304;0.105345;9.557.653
0.306458;0.105345;9.873.688
0.306458;0.076614;10.103.531
0.306458;0.095768;10.314.221
0.335188;0.095768;10.486.604
0.335188;0.124498;10.467.450
0.325611;0.095768;10.362.105
0.316035;0.086191;10.199.299
0.296881;0.095768;9.797.073
0.306458;0.095768;9.595.961
0.296881;0.105345;9.500.193
0.306458;0.105345;9.461.885
0.306458;0.086191;9.605.537
0.325611;0.067038;9.777.920
0.316035;0.105345;10.180.145
0.335188;0.095768;10.362.105
0.325611;0.086191;10.457.873
0.316035;0.086191;10.486.604
0.306458;0.095768;10.285.490
0.316035;0.095768;10.113.108
0.316035;0.076614;9.902.418
0.306458;0.086191;9.557.653
0.306458;0.086191;9.481.039
0.316035;0.095768;9.423.578
0.335188;0.086191;9.682.152
0.296881;0.086191;9.844.957
0.325611;0.105345;10.074.800
0.306458;0.095768;10.285.490
0.325611;0.095768;10.477.027
0.325611;0.095768;10.457.873
0.325611;0.105345;10.400.413
0.325611;0.095768;10.036.493
0.316035;0.105345;9.835.381
0.325611;0.105345;9.634.268
0.287304;0.095768;9.538.500
0.306458;0.105345;9.452.309
0.306458;0.095768;9.605.537
0.287304;0.076614;9.777.920
0.306458;0.105345;10.151.415
0.316035;0.086191;10.323.798
0.316035;0.095768;10.457.873
0.325611;0.105345;10.467.450
0.325611;0.114922;10.314.221
0.316035;0.105345;10.132.261
0.335188;0.095768;9.950.302
0.287304;0.076614;9.576.807
0.316035;0.076614;9.481.039
0.296881;0.114922;9.452.309
0.316035;0.105345;9.643.845
0.306458;0.095768;9.825.804
0.306458;0.086191;10.017.340
0.306458;0.095768;10.237.606
0.344765;0.095768;10.457.873
0.335188;0.076614;10.467.450
0.316035;0.105345;10.247.183
0.316035;0.095768;10.093.954
0.287304;0.105345;9.902.418
0.306458;0.086191;9.672.575
0.287304;0.105345;9.490.616
0.287304;0.086191;9.461.885
0.306458;0.105345;9.567.230
0.306458;0.105345;9.701.305
0.296881;0.095768;10.122.684
0.325611;0.095768;10.275.913
0.316035;0.105345;10.457.873
0.325611;0.105345;10.486.604
0.306458;0.086191;10.371.682
0.325611;0.095768;10.199.299
0.316035;0.114922;9.777.920
0.296881;0.095768;9.624.691
0.296881;0.076614;9.481.039
0.306458;0.076614;9.452.309
0.316035;0.095768;9.605.537
0.325611;0.134075;9.787.497
0.316035;0.095768;9.988.609
0.325611;0.105345;10.362.105
0.335188;0.105345;10.438.720
0.335188;0.124498;10.496.181
0.335188;0.105345;10.429.143
0.306458;0.086191;10.132.261
0.306458;0.086191;9.892.841
0.296881;0.086191;9.739.613
0.316035;0.095768;9.461.885
0.296881;0.086191;9.452.309
0.316035;0.095768;9.548.077
0.316035;0.067038;9.873.688
0.306458;0.105345;10.084.377
0.316035;0.095768;10.256.760
0.316035;0.086191;10.390.836
0.325611;0.095768;10.477.027
0.306458;0.076614;10.371.682
0.325611;0.086191;10.199.299
0.306458;0.095768;9.835.381
0.296881;0.105345;9.643.845
0.296881;0.124498;9.528.923
0.306458;0.095768;9.471.462
0.306458;0.095768;9.586.384
0.296881;0.114922;9.749.189
0.316035;0.105345;10.170.568
0.325611;0.095768;10.333.375
0.325611;0.114922;10.467.450
0.325611;0.105345;10.486.604
0.325611;0.086191;10.333.375
0.316035;0.076614;10.170.568
0.306458;0.095768;9.950.302
0.287304;0.086191;9.739.613
0.296881;0.086191;9.461.885
0.306458;0.076614;9.442.732
0.306458;0.086191;9.519.346
0.296881;0.105345;9.854.534
0.306458;0.076614;10.065.224
0.316035;0.105345;10.256.760
0.316035;0.124498;10.496.181
0.335188;0.086191;10.477.027
0.335188;0.105345;10.409.989
0.316035;0.086191;10.256.760
0.316035;0.105345;9.883.265
0.296881;0.095768;9.672.575
0.277727;0.086191;9.519.346
0.287304;0.105345;9.490.616
0.306458;0.114922;9.586.384
0.306458;0.086191;9.739.613
0.296881;0.067038;10.132.261
0.325611;0.095768;10.295.067
0.316035;0.095768;10.419.566
0.335188;0.124498;10.496.181
0.316035;0.114922;10.342.952
0.296881;0.095768;10.160.992
0.296881;0.076614;9.940.725
0.316035;0.095768;9.605.537
0.296881;0.086191;9.500.193
0.287304;0.095768;9.490.616
0.296881;0.086191;9.509.769
0.306458;0.114922;9.825.804
0.306458;0.105345;10.007.763
0.316035;0.086191;10.199.299
0.325611;0.076614;10.457.873
0.325611;0.105345;10.467.450
0.325611;0.095768;10.419.566
0.316035;0.105345;10.093.954
0.316035;0.095768;9.883.265
0.287304;0.105345;9.701.305
0.306458;0.114922;9.567.230
0.296881;0.105345;9.490.616
0.306458;0.095768;9.548.077
0.296881;0.086191;9.701.305
0.316035;0.114922;10.122.684
0.306458;0.105345;10.275.913
0.316035;0.095768;10.390.836
0.325611;0.105345;10.457.873
0.325611;0.105345;10.371.682
0.344765;0.095768;10.208.876
0.325611;0.095768;10.017.340
0.296881;0.105345;9.653.421
0.316035;0.076614;9.481.039
0.296881;0.086191;9.471.462
0.287304;0.076614;9.605.537
0.306458;0.105345;9.758.766
0.325611;0.105345;9.959.879
0.316035;0.105345;10.323.798
0.316035;0.067038;10.448.297
0.344765;0.114922;10.477.027
0.325611;0.086191;10.419.566
0.296881;0.086191;10.132.261
0.316035;0.105345;9.921.572
0.296881;0.095768;9.739.613
0.287304;0.076614;9.509.769
0.287304;0.095768;9.471.462
0.316035;0.095768;9.528.923
0.287304;0.105345;9.643.845
0.316035;0.095768;10.074.800
0.335188;0.114922;10.256.760
0.325611;0.114922;10.381.259
0.325611;0.095768;10.457.873
0.325611;0.124498;10.362.105
0.335188;0.114922;10.228.029
0.306458;0.095768;9.825.804
0.296881;0.095768;9.662.998
0.296881;0.095768;9.538.500
0.287304;0.086191;9.461.885
0.306458;0.124498;9.567.230
0.306458;0.105345;9.739.613
0.325611;0.105345;9.921.572
0.316035;0.105345;10.314.221
0.344765;0.105345;10.419.566
0.335188;0.095768;10.486.604
0.344765;0.114922;10.438.720
0.306458;0.076614;10.160.992
0.325611;0.105345;9.959.879
0.296881;0.095768;9.595.961
0.316035;0.095768;9.490.616
0.296881;0.105345;9.452.309
0.277727;0.105345;9.519.346
0.325611;0.095768;9.787.497
0.316035;0.086191;10.007.763
0.316035;0.105345;10.199.299
0.325611;0.076614;10.371.682
0.316035;0.105345;10.467.450
0.335188;0.105345;10.390.836
0.325611;0.105345;10.256.760
0.325611;0.095768;9.873.688
0.316035;0.105345;9.672.575
0.287304;0.067038;9.567.230
0.296881;0.105345;9.490.616
0.296881;0.095768;9.557.653
0.287304;0.095768;9.720.459
0.306458;0.105345;9.902.418
0.306458;0.105345;10.295.067
0.344765;0.086191;10.381.259
0.306458;0.095768;10.457.873
0.335188;0.086191;10.352.529
0.306458;0.105345;10.208.876
0.316035;0.095768;9.988.609
0.316035;0.095768;9.825.804
0.296881;0.086191;9.500.193
0.306458;0.105345;9.461.885
0.287304;0.086191;9.509.769
0.277727;0.086191;9.749.189
0.325611;0.105345;9.979.033
0.316035;0.095768;10.180.145
0.344765;0.105345;10.409.989
0.335188;0.095768;10.477.027
0.344765;0.095768;10.429.143
0.296881;0.095768;10.285.490
0.306458;0.086191;9.940.725
0.287304;0.095768;9.739.613
0.296881;0.105345;9.586.384
0.316035;0.105345;9.481.039
0.316035;0.086191;9.548.077
0.287304;0.114922;9.643.845
0.316035;0.095768;10.046.070
0.316035;0.105345;10.237.606
0.325611;0.086191;10.362.105
0.344765;0.105345;10.467.450
0.335188;0.095768;10.362.105
0.325611;0.095768;10.228.029
0.296881;0.114922;10.036.493
0.306458;0.076614;9.682.152
0.306458;0.105345;9.567.230
0.287304;0.095768;9.461.885
0.296881;0.095768;9.528.923
0.316035;0.086191;9.749.189
0.306458;0.105345;9.940.725
0.316035;0.095768;10.132.261
0.325611;0.105345;10.438.720
0.335188;0.105345;10.467.450
0.335188;0.095768;10.419.566
0.306458;0.105345;10.141.838
0.306458;0.057461;9.979.033
0.306458;0.095768;9.758.766
0.296881;0.095768;9.605.537
0.296881;0.095768;9.452.309
0.287304;0.086191;9.509.769
0.296881;0.095768;9.662.998
0.316035;0.086191;10.036.493
0.325611;0.086191;10.218.452
0.316035;0.095768;10.371.682
0.335188;0.105345;10.438.720
0.325611;0.095768;10.362.105
0.325611;0.105345;10.266.336
0.306458;0.105345;10.065.224
0.287304;0.105345;9.710.882
0.277727;0.095768;9.557.653
0.296881;0.114922;9.500.193
0.306458;0.086191;9.586.384
0.316035;0.095768;9.710.882
0.325611;0.095768;9.911.995
0.316035;0.105345;10.084.377
0.306458;0.105345;10.390.836
0.335188;0.105345;10.477.027
0.325611;0.114922;10.333.375
0.325611;0.114922;10.160.992
0.306458;0.095768;9.998.186
0.306458;0.076614;9.797.073
0.296881;0.095768;9.528.923
0.296881;0.086191;9.471.462
0.287304;0.086191;9.519.346
0.316035;0.105345;9.634.268
0.306458;0.105345;9.998.186
0.306458;0.095768;10.170.568
0.316035;0.095768;10.342.952
0.325611;0.105345;10.477.027
0.306458;0.105345;10.390.836
0.325611;0.114922;10.275.913
0.335188;0.095768;10.103.531
0.316035;0.095768;9.730.036
0.287304;0.076614;9.576.807
0.325611;0.095768;9.490.616
0.306458;0.105345;9.557.653
0.316035;0.105345;9.691.729
0.296881;0.105345;9.844.957
0.306458;0.095768;10.228.029
0.306458;0.095768;10.381.259
0.335188;0.105345;10.457.873
0.325611;0.095768;10.438.720
0.316035;0.095768;10.218.452
0.306458;0.086191;10.026.917
0.296881;0.105345;9.816.227
0.296881;0.105345;9.538.500
0.287304;0.095768;9.471.462
0.277727;0.086191;9.509.769
0.306458;0.095768;9.758.766
0.296881;0.086191;9.921.572
0.306458;0.114922;10.141.838
0.344765;0.095768;10.400.413
0.344765;0.095768;10.457.873
0.335188;0.095768;10.400.413
0.325611;0.086191;10.304.645
0.306458;0.086191;9.950.302
0.306458;0.086191;9.720.459
0.287304;0.114922;9.605.537
0.306458;0.095768;9.538.500
0.316035;0.076614;9.567.230
0.316035;0.086191;9.682.152
0.325611;0.076614;9.835.381
0.325611;0.076614;10.218.452
0.306458;0.114922;10.381.259
0.296881;0.114922;10.438.720
0.325611;0.105345;10.371.682
0.325611;0.114922;10.237.606
0.325611;0.095768;10.046.070
0.316035;0.105345;9.864.111
0.296881;0.086191;9.567.230
0.316035;0.067038;9.509.769
0.277727;0.086191;9.605.537
0.287304;0.076614;9.730.036
0.306458;0.086191;9.911.995
0.316035;0.095768;10.122.684
0.344765;0.124498;10.400.413
0.306458;0.134075;10.448.297
0.325611;0.105345;10.438.720
0.325611;0.095768;10.314.221
0.316035;0.095768;9.988.609
0.306458;0.086191;9.797.073
0.296881;0.076614;9.634.268
0.287304;0.105345;9.471.462
0.296881;0.067038;9.557.653
0.296881;0.095768;9.643.845
0.316035;0.114922;9.825.804
0.325611;0.086191;10.189.722
0.325611;0.105345;10.342.952
0.325611;0.114922;10.409.989
0.325611;0.105345;10.371.682
0.325611;0.086191;10.275.913
0.316035;0.086191;10.093.954
0.296881;0.086191;9.720.459
0.296881;0.095768;9.567.230
0.287304;0.095768;9.490.616
0.316035;0.095768;9.509.769
0.296881;0.086191;9.691.729
0.287304;0.086191;9.902.418
0.325611;0.105345;10.074.800
0.335188;0.105345;10.352.529
0.325611;0.134075;10.429.143
0.335188;0.086191;10.448.297
0.335188;0.095768;10.352.529
0.306458;0.114922;9.998.186
0.296881;0.105345;9.816.227
0.296881;0.105345;9.643.845
0.306458;0.114922;9.509.769
0.296881;0.086191;9.519.346
0.296881;0.105345;9.605.537
0.306458;0.095768;9.931.149
0.325611;0.095768;10.141.838
0.325611;0.095768;10.314.221
0.325611;0.086191;10.400.413
0.344765;0.114922;10.285.490
0.325611;0.095768;10.122.684
0.316035;0.105345;9.749.189
0.306458;0.076614;9.595.961
0.306458;0.105345;9.528.923
0.296881;0.086191;9.538.500
0.325611;0.124498;9.672.575
0.306458;0.076614;9.854.534
0.287304;0.114922;10.036.493
0.325611;0.114922;10.352.529
0.325611;0.086191;10.419.566
0.344765;0.086191;10.429.143
0.316035;0.086191;10.218.452
0.316035;0.105345;10.046.070
0.296881;0.114922;9.844.957
0.287304;0.086191;9.538.500
0.306458;0.105345;9.500.193
0.296881;0.095768;9.500.193
0.306458;0.105345;9.595.961
0.316035;0.105345;9.911.995
0.316035;0.095768;10.132.261
0.325611;0.114922;10.256.760
0.316035;0.086191;10.457.873
0.316035;0.086191;10.390.836
0.316035;0.095768;10.323.798
0.306458;0.095768;10.160.992
0.296881;0.105345;9.777.920
0.296881;0.086191;9.615.114
0.296881;0.095768;9.519.346
0.296881;0.086191;9.548.077
0.316035;0.105345;9.672.575
0.296881;0.095768;9.825.804
0.325611;0.105345;10.180.145
0.325611;0.095768;10.342.952
0.335188;0.105345;10.419.566
0.335188;0.095768;10.457.873
0.325611;0.114922;10.247.183
0.316035;0.076614;10.065.224
0.306458;0.105345;9.902.418
0.316035;0.095768;9.586.384
0.296881;0.095768;9.490.616
0.287304;0.086191;9.481.039
0.296881;0.095768;9.720.459
0.296881;0.105345;9.902.418
0.306458;0.086191;10.074.800
0.316035;0.114922;10.228.029
0.316035;0.095768;10.409.989
0.325611;0.105345;10.429.143
0.296881;0.105345;10.333.375
0.325611;0.095768;9.979.033
0.306458;0.086191;9.825.804
0.296881;0.095768;9.634.268
0.296881;0.076614;9.538.500
0.306458;0.114922;9.509.769
0.306458;0.124498;9.624.691
0.306458;0.095768;9.777.920
0.325611;0.105345;10.141.838
0.316035;0.105345;10.304.645
0.316035;0.114922;10.438.720
0.316035;0.124498;10.381.259
0.287304;0.095768;10.275.913
0.306458;0.105345;10.122.684
0.316035;0.086191;9.902.418
0.287304;0.114922;9.615.114
0.296881;0.095768;9.500.193
0.296881;0.114922;9.519.346
0.306458;0.086191;9.710.882
0.306458;0.105345;9.864.111
0.306458;0.095768;10.046.070
0.316035;0.124498;10.371.682
0.325611;0.086191;10.448.297
0.344765;0.114922;10.448.297
0.325611;0.095768;10.342.952
0.306458;0.105345;10.026.917
0.287304;0.095768;9.844.957
0.296881;0.086191;9.691.729
0.296881;0.086191;9.509.769
0.287304;0.086191;9.528.923
0.296881;0.105345;9.634.268
0.306458;0.095768;9.758.766
0.306458;0.124498;10.132.261
0.325611;0.095768;10.295.067
0.325611;0.105345;10.390.836
0.316035;0.086191;10.381.259
0.316035;0.076614;10.323.798
0.325611;0.114922;10.160.992
0.306458;0.105345;9.768.343
0.306458;0.105345;9.605.537
0.296881;0.114922;9.528.923
0.325611;0.095768;9.500.193
0.296881;0.086191;9.672.575
0.296881;0.086191;9.825.804
0.325611;0.105345;10.026.917
0.316035;0.095768;10.323.798
0.325611;0.086191;10.409.989
0.335188;0.105345;10.419.566
0.316035;0.105345;10.342.952
0.335188;0.105345;10.074.800
0.325611;0.076614;9.854.534
0.306458;0.095768;9.730.036
0.277727;0.086191;9.519.346
0.316035;0.067038;9.500.193
0.287304;0.105345;9.605.537
0.316035;0.105345;9.902.418
0.325611;0.105345;10.103.531
0.325611;0.105345;10.256.760
0.306458;0.105345;10.362.105
0.325611;0.105345;10.409.989
0.344765;0.114922;10.352.529
0.316035;0.105345;10.199.299
0.306458;0.124498;9.797.073
0.296881;0.086191;9.634.268
0.287304;0.086191;9.586.384
0.306458;0.086191;9.519.346
0.306458;0.095768;9.634.268
0.335188;0.095768;9.787.497
0.316035;0.086191;9.969.456
0.316035;0.114922;10.304.645
0.335188;0.105345;10.400.413
0.335188;0.086191;10.457.873
0.325611;0.114922;10.285.490
0.316035;0.095768;10.093.954
0.316035;0.105345;9.892.841
0.287304;0.095768;9.739.613
0.296881;0.076614;9.509.769
0.306458;0.095768;9.500.193
0.296881;0.095768;9.691.729
0.316035;0.086191;9.892.841
0.316035;0.095768;10.055.647
0.306458;0.095768;10.237.606
0.335188;0.095768;10.409.989
0.316035;0.095768;10.448.297
0.325611;0.086191;10.333.375
0.325611;0.095768;10.218.452
0.325611;0.095768;9.835.381
0.296881;0.105345;9.653.421
0.296881;0.076614;9.567.230
0.287304;0.095768;9.519.346
0.316035;0.086191;9.643.845
0.316035;0.105345;9.749.189
0.316035;0.114922;10.132.261
0.325611;0.124498;10.285.490
0.335188;0.105345;10.390.836
0.325611;0.095768;10.438.720
0.325611;0.095768;10.314.221
0.325611;0.124498;10.132.261
0.316035;0.095768;9.950.302
0.306458;0.076614;9.615.114
0.296881;0.086191;9.528.923
0.287304;0.114922;9.500.193
0.316035;0.114922;9.548.077
0.316035;0.086191;9.806.650
0.316035;0.086191;10.017.340
0.325611;0.095768;10.218.452
0.316035;0.105345;10.400.413
0.306458;0.114922;10.409.989
0.325611;0.095768;10.362.105
0.316035;0.114922;10.026.917
0.335188;0.124498;9.854.534
0.296881;0.086191;9.701.305
0.287304;0.076614;9.490.616
0.268151;0.067038;9.528.923
0.306458;0.095768;9.595.961
0.296881;0.114922;9.691.729
0.325611;0.076614;10.084.377
0.296881;0.095768;10.247.183
0.325611;0.086191;10.362.105
0.325611;0.095768;10.409.989
0.316035;0.095768;10.314.221
0.316035;0.095768;10.170.568
0.316035;0.105345;9.979.033
0.306458;0.086191;9.653.421
0.306458;0.095768;9.567.230
0.306458;0.095768;9.519.346
0.306458;0.114922;9.672.575
0.296881;0.095768;9.825.804
0.287304;0.095768;9.969.456
0.316035;0.114922;10.304.645
0.325611;0.086191;10.400.413
0.325611;0.105345;10.419.566
0.325611;0.095768;10.390.836
0.316035;0.095768;10.074.800
0.296881;0.076614;9.921.572
0.306458;0.114922;9.710.882
0.287304;0.086191;9.538.500
0.296881;0.105345;9.519.346
0.296881;0.095768;9.586.384
0.296881;0.095768;9.730.036
0.325611;0.114922;10.093.954
0.325611;0.114922;10.247.183
0.316035;0.095768;10.362.105
0.344765;0.095768;10.381.259
0.325611;0.095768;10.323.798
0.306458;0.095768;10.170.568
0.325611;0.105345;9.816.227
0.325611;0.105345;9.653.421
0.277727;0.105345;9.557.653
0.306458;0.076614;9.519.346
0.296881;0.095768;9.643.845
0.296881;0.105345;9.797.073
0.306458;0.086191;9.959.879
0.306458;0.114922;10.275.913
0.335188;0.086191;10.400.413
0.325611;0.114922;10.429.143
0.335188;0.105345;10.352.529
0.296881;0.095768;10.141.838
0.316035;0.124498;9.950.302
0.316035;0.076614;9.739.613
0.277727;0.095768;9.538.500
0.306458;0.114922;9.500.193
0.316035;0.086191;9.567.230
0.316035;0.086191;9.854.534
0.306458;0.095768;10.007.763
0.325611;0.095768;10.199.299
0.325611;0.095768;10.409.989
0.325611;0.114922;10.448.297
0.335188;0.086191;10.333.375
0.335188;0.086191;10.218.452
0.306458;0.086191;9.883.265
0.306458;0.105345;9.710.882
0.316035;0.086191;9.567.230
0.287304;0.105345;9.538.500
0.296881;0.114922;9.624.691
0.325611;0.086191;9.768.343
0.335188;0.095768;9.911.995
0.306458;0.105345;10.266.336
0.306458;0.105345;10.381.259
0.344765;0.086191;10.419.566
0.325611;0.114922;10.160.992
0.306458;0.086191;9.988.609
0.287304;0.105345;9.777.920
0.287304;0.095768;9.557.653
0.287304;0.086191;9.538.500
0.306458;0.086191;9.576.807
0.296881;0.067038;9.816.227
0.306458;0.105345;9.998.186
0.316035;0.095768;10.170.568
0.316035;0.095768;10.400.413
0.335188;0.114922;10.400.413
0.335188;0.134075;10.371.682
0.325611;0.095768;10.247.183
0.325611;0.105345;9.892.841
0.296881;0.086191;9.710.882
0.306458;0.086191;9.605.537
0.296881;0.105345;9.519.346
0.277727;0.105345;9.576.807
0.306458;0.105345;9.730.036
0.316035;0.095768;9.873.688
0.335188;0.095768;10.352.529
0.335188;0.076614;10.409.989
0.335188;0.095768;10.285.490
0.316035;0.095768;10.151.415
0.306458;0.095768;10.017.340
0.306458;0.114922;9.662.998
0.287304;0.095768;9.548.077
0.306458;0.076614;9.519.346
0.306458;0.086191;9.528.923
0.316035;0.095768;9.777.920
0.316035;0.095768;10.141.838
0.325611;0.095768;10.390.836
0.316035;0.114922;10.409.989
0.344765;0.095768;10.362.105
0.316035;0.086191;10.113.108
0.306458;0.076614;9.940.725
0.316035;0.095768;9.739.613
0.287304;0.086191;9.624.691
0.287304;0.086191;9.548.077
0.306458;0.095768;9.586.384
0.316035;0.076614;9.701.305
0.316035;0.095768;10.046.070
0.325611;0.086191;10.218.452
0.325611;0.105345;10.352.529
0.335188;0.105345;10.390.836
0.325611;0.105345;10.333.375
0.306458;0.095768;10.218.452
0.325611;0.086191;10.036.493
0.306458;0.095768;9.710.882
0.287304;0.086191;9.595.961
0.296881;0.095768;9.519.346
0.306458;0.095768;9.595.961
0.296881;0.095768;9.758.766
0.325611;0.105345;9.911.995
0.325611;0.105345;10.113.108
0.335188;0.105345;10.362.105
0.335188;0.105345;10.409.989
0.306458;0.105345;10.381.259
0.335188;0.095768;10.132.261
0.306458;0.095768;9.979.033
0.287304;0.086191;9.787.497
0.296881;0.095768;9.538.500
0.306458;0.086191;9.519.346
0.306458;0.114922;9.557.653
0.296881;0.105345;9.662.998
0.325611;0.124498;10.007.763
0.316035;0.105345;10.189.722
0.325611;0.095768;10.333.375
0.306458;0.124498;10.381.259
0.316035;0.086191;10.333.375
0.306458;0.076614;10.237.606
0.316035;0.105345;9.902.418
0.287304;0.076614;9.720.459
0.296881;0.105345;9.605.537
0.306458;0.105345;9.519.346
0.287304;0.095768;9.605.537
0.316035;0.086191;9.739.613
0.325611;0.086191;9.892.841
0.325611;0.086191;10.237.606
0.316035;0.114922;10.352.529
0.325611;0.105345;10.390.836
0.316035;0.095768;10.362.105
0.306458;0.095768;10.189.722
0.316035;0.095768;9.979.033
0.287304;0.134075;9.835.381
0.325611;0.114922;9.576.807
0.306458;0.076614;9.509.769
0.296881;0.076614;9.538.500
0.306458;0.105345;9.797.073
0.316035;0.086191;9.950.302
0.316035;0.114922;10.170.568
0.306458;0.105345;10.275.913
0.325611;0.095768;10.409.989
0.344765;0.114922;10.342.952
0.316035;0.095768;10.266.336
0.316035;0.114922;9.902.418
0.306458;0.095768;9.720.459
0.296881;0.105345;9.634.268
0.287304;0.095768;9.538.500
0.296881;0.095768;9.605.537
0.306458;0.105345;9.701.305
0.306458;0.105345;9.854.534
0.325611;0.086191;10.228.029
0.325611;0.095768;10.314.221
0.325611;0.105345;10.419.566
0.316035;0.095768;10.304.645
0.335188;0.086191;10.208.876
0.316035;0.095768;10.046.070
0.296881;0.095768;9.864.111
0.306458;0.095768;9.576.807
0.287304;0.114922;9.528.923
0.296881;0.095768;9.557.653
0.296881;0.105345;9.797.073
0.296881;0.114922;9.940.725
0.306458;0.114922;10.113.108
0.325611;0.095768;10.371.682
0.335188;0.095768;10.400.413
0.316035;0.105345;10.381.259
0.325611;0.105345;10.266.336
0.306458;0.095768;9.969.456
0.306458;0.095768;9.797.073
0.316035;0.086191;9.605.537
0.306458;0.086191;9.557.653
0.296881;0.076614;9.576.807
0.296881;0.086191;9.682.152
0.316035;0.105345;9.844.957
0.316035;0.114922;10.189.722
0.316035;0.086191;10.314.221
0.325611;0.114922;10.371.682
0.325611;0.134075;10.323.798
0.325611;0.095768;10.218.452
0.316035;0.105345;10.055.647
0.277727;0.105345;9.720.459
0.306458;0.105345;9.595.961
0.316035;0.105345;9.548.077
0.296881;0.095768;9.624.691
0.306458;0.105345;9.749.189
0.316035;0.105345;9.921.572
0.316035;0.114922;10.113.108
0.325611;0.095768;10.333.375
0.335188;0.114922;10.381.259
0.344765;0.095768;10.371.682
0.306458;0.105345;10.151.415
0.306458;0.105345;10.007.763
0.306458;0.095768;9.825.804
0.296881;0.095768;9.586.384
0.316035;0.105345;9.538.500
0.296881;0.086191;9.557.653
0.296881;0.095768;9.662.998
0.316035;0.105345;9.969.456
0.316035;0.095768;10.151.415
0.325611;0.095768;10.285.490
0.316035;0.105345;10.390.836
0.335188;0.095768;10.352.529
0.335188;0.095768;10.237.606
0.325611;0.095768;10.074.800
0.316035;0.076614;9.730.036
0.306458;0.086191;9.595.961
0.316035;0.114922;9.538.500
0.296881;0.105345;9.595.961
0.306458;0.086191;9.710.882
0.306458;0.095768;9.864.111
0.306458;0.067038;10.046.070
0.325611;0.095768;10.304.645
0.335188;0.105345;10.381.259
0.335188;0.095768;10.295.067
0.316035;0.114922;10.189.722
0.325611;0.095768;10.017.340
0.316035;0.105345;9.864.111
0.296881;0.105345;9.567.230
0.296881;0.105345;9.557.653
0.296881;0.067038;9.538.500
0.277727;0.105345;9.634.268
0.316035;0.086191;9.950.302
0.306458;0.086191;10.160.992
0.306458;0.086191;10.275.913
0.344765;0.095768;10.409.989
0.335188;0.086191;10.323.798
0.316035;0.095768;10.266.336
0.316035;0.095768;9.940.725
0.306458;0.086191;9.768.343
0.306458;0.076614;9.643.845
0.277727;0.105345;9.528.923
0.306458;0.086191;9.586.384
0.306458;0.114922;9.701.305
0.306458;0.086191;9.854.534
0.335188;0.086191;10.199.299
0.335188;0.114922;10.314.221
0.306458;0.105345;10.371.682
0.325611;0.105345;10.381.259
0.316035;0.105345;10.199.299
0.306458;0.095768;10.065.224
0.306458;0.067038;9.864.111
0.296881;0.076614;9.595.961
0.296881;0.095768;9.538.500
0.296881;0.114922;9.538.500
0.306458;0.095768;9.777.920
0.316035;0.086191;9.931.149
0.325611;0.124498;10.103.531
0.325611;0.105345;10.247.183
0.335188;0.095768;10.381.259
0.335188;0.105345;10.323.798
0.335188;0.086191;10.304.645
0.316035;0.095768;9.998.186
0.306458;0.095768;9.797.073
0.316035;0.086191;9.672.575
0.306458;0.095768;9.576.807
0.316035;0.114922;9.586.384
0.316035;0.114922;9.662.998
0.287304;0.086191;9.816.227
0.306458;0.086191;10.151.415
0.306458;0.095768;10.295.067
0.335188;0.105345;10.400.413
0.335188;0.095768;10.304.645
0.335188;0.105345;10.208.876
0.296881;0.095768;10.074.800
0.296881;0.095768;9.902.418
0.306458;0.095768;9.615.114
0.287304;0.086191;9.528.923
0.296881;0.086191;9.557.653
0.296881;0.095768;9.730.036
0.306458;0.095768;9.892.841
0.306458;0.086191;10.093.954
0.325611;0.105345;10.352.529
0.316035;0.114922;10.371.682
0.316035;0.105345;10.400.413
0.325611;0.114922;10.256.760
0.306458;0.105345;10.007.763
0.296881;0.086191;9.825.804
0.287304;0.086191;9.682.152
0.296881;0.095768;9.538.500
0.335188;0.086191;9.567.230
0.287304;0.095768;9.643.845
0.296881;0.095768;9.797.073
0.316035;0.095768;10.132.261
0.316035;0.095768;10.256.760
0.306458;0.105345;10.371.682
0.325611;0.105345;10.342.952
0.325611;0.114922;10.247.183
0.306458;0.105345;10.113.108
0.296881;0.095768;9.797.073
0.296881;0.086191;9.615.114
0.306458;0.095768;9.548.077
0.306458;0.086191;9.528.923
0.306458;0.105345;9.730.036
0.306458;0.086191;9.864.111
0.325611;0.086191;9.998.186
0.316035;0.095768;10.304.645
0.306458;0.114922;10.371.682
0.335188;0.114922;10.409.989
0.325611;0.114922;10.199.299
0.287304;0.086191;10.036.493
0.306458;0.114922;9.844.957
0.306458;0.095768;9.730.036
0.296881;0.114922;9.557.653
0.296881;0.067038;9.567.230
0.287304;0.095768;9.643.845
0.306458;0.067038;9.940.725
0.306458;0.095768;10.103.531
0.335188;0.076614;10.237.606
0.325611;0.114922;10.352.529
0.325611;0.114922;10.371.682
0.316035;0.095768;10.256.760
0.316035;0.086191;10.122.684
0.306458;0.095768;9.806.650
0.296881;0.105345;9.643.845
0.287304;0.105345;9.576.807
0.325611;0.105345;9.567.230
0.316035;0.114922;9.691.729
0.306458;0.086191;9.854.534
0.316035;0.095768;9.988.609
0.316035;0.114922;10.285.490
0.325611;0.114922;10.371.682
0.306458;0.105345;10.381.259
0.335188;0.076614;10.199.299
0.306458;0.105345;10.074.800
0.335188;0.076614;9.911.995
0.296881;0.114922;9.615.114
0.306458;0.105345;9.557.653
0.296881;0.086191;9.538.500
0.296881;0.095768;9.605.537
0.335188;0.105345;9.902.418
0.316035;0.105345;10.237.606
0.316035;0.105345;10.381.259
0.335188;0.114922;10.371.682
0.316035;0.105345;10.304.645
0.316035;0.105345;10.141.838
0.316035;0.067038;9.854.534
0.306458;0.076614;9.672.575
0.306458;0.095768;9.605.537
0.296881;0.095768;9.595.961
0.306458;0.105345;9.672.575
0.316035;0.095768;9.816.227
0.306458;0.076614;10.160.992
0.335188;0.124498;10.285.490
0.325611;0.095768;10.352.529
0.316035;0.095768;10.381.259
0.325611;0.114922;10.237.606
0.316035;0.095768;10.113.108
0.306458;0.124498;9.931.149
0.325611;0.086191;9.624.691
0.287304;0.105345;9.538.500
0.287304;0.095768;9.538.500
0.296881;0.105345;9.720.459
0.296881;0.105345;9.911.995
0.306458;0.095768;10.046.070
0.306458;0.086191;10.189.722
0.335188;0.095768;10.390.836
0.325611;0.076614;10.390.836
0.325611;0.095768;10.333.375
0.316035;0.095768;10.017.340
0.306458;0.105345;9.873.688
0.287304;0.095768;9.730.036
0.296881;0.105345;9.586.384
0.296881;0.114922;9.557.653
0.287304;0.105345;9.643.845
0.287304;0.095768;9.797.073
0.316035;0.086191;10.113.108
0.325611;0.134075;10.256.760
0.335188;0.105345;10.352.529
0.316035;0.095768;10.333.375
0.325611;0.086191;10.266.336
0.325611;0.105345;10.141.838
0.296881;0.086191;9.950.302
0.316035;0.095768;9.662.998
0.287304;0.105345;9.576.807
0.287304;0.095768;9.567.230
0.296881;0.086191;9.691.729
0.287304;0.095768;9.854.534
0.306458;0.095768;9.998.186
0.316035;0.095768;10.314.221
0.325611;0.105345;10.371.682
0.316035;0.095768;10.362.105
0.316035;0.095768;10.304.645
0.306458;0.114922;10.055.647
0.316035;0.114922;9.902.418
0.296881;0.114922;9.701.305
0.306458;0.076614;9.567.230
0.306458;0.105345;9.567.230
0.306458;0.105345;9.634.268
0.306458;0.095768;9.758.766
0.306458;0.114922;10.065.224
0.325611;0.086191;10.218.452
0.335188;0.114922;10.371.682
0.325611;0.086191;10.352.529
0.335188;0.095768;10.285.490
0.335188;0.105345;10.151.415
0.306458;0.086191;9.816.227
0.316035;0.095768;9.682.152
0.296881;0.143652;9.615.114
0.296881;0.067038;9.538.500
0.306458;0.086191;9.662.998
0.296881;0.086191;9.825.804
0.316035;0.114922;9.988.609
0.335188;0.086191;10.275.913
0.335188;0.124498;10.362.105
0.335188;0.124498;10.381.259
0.325611;0.105345;10.342.952
0.316035;0.095768;10.074.800
0.306458;0.086191;9.911.995
0.287304;0.086191;9.739.613
0.287304;0.095768;9.586.384
0.296881;0.086191;9.605.537
0.287304;0.095768;9.883.265
0.316035;0.095768;10.084.377
0.306458;0.105345;10.189.722
0.325611;0.076614;10.314.221
0.335188;0.095768;10.371.682
0.325611;0.095768;10.275.913
0.325611;0.114922;10.180.145
0.306458;0.095768;9.864.111
0.306458;0.086191;9.720.459
0.306458;0.105345;9.624.691
0.306458;0.095768;9.586.384
0.306458;0.105345;9.662.998
0.306458;0.076614;9.777.920
0.306458;0.114922;9.959.879
0.306458;0.095768;10.256.760
0.344765;0.086191;10.362.105
0.325611;0.086191;10.371.682
0.325611;0.095768;10.256.760
0.325611;0.105345;10.113.108
0.316035;0.105345;9.950.302
0.296881;0.095768;9.787.497
0.296881;0.095768;9.576.807
0.287304;0.076614;9.528.923
0.306458;0.105345;9.605.537
0.296881;0.086191;9.854.534
0.335188;0.076614;10.026.917
0.296881;0.095768;10.170.568
0.325611;0.095768;10.352.529
0.325611;0.076614;10.381.259
0.325611;0.086191;10.295.067
0.325611;0.105345;10.208.876
0.325611;0.105345;9.873.688
0.306458;0.095768;9.739.613
0.296881;0.105345;9.615.114
0.316035;0.105345;9.567.230
0.287304;0.086191;9.643.845
0.316035;0.114922;9.768.343
0.316035;0.114922;10.065.224
0.296881;0.105345;10.256.760
0.335188;0.105345;10.342.952
0.325611;0.076614;10.362.105
0.325611;0.076614;10.285.490
0.316035;0.095768;10.141.838
0.306458;0.105345;9.988.609
0.287304;0.095768;9.691.729
0.296881;0.076614;9.595.961
0.306458;0.086191;9.557.653
0.306458;0.095768;9.586.384
0.306458;0.086191;9.844.957
0.316035;0.114922;9.969.456
0.316035;0.124498;10.132.261
0.325611;0.105345;10.342.952
0.344765;0.095768;10.381.259
0.335188;0.105345;10.323.798
0.316035;0.086191;10.093.954
0.316035;0.095768;9.883.265
0.306458;0.095768;9.730.036
0.296881;0.086191;9.624.691
0.296881;0.095768;9.567.230
0.306458;0.105345;9.643.845
0.306458;0.095768;9.749.189
0.316035;0.105345;10.046.070
0.335188;0.086191;10.333.375
0.316035;0.114922;10.352.529
0.306458;0.095768;10.295.067
0.316035;0.105345;10.170.568
0.306458;0.086191;9.701.305
0.287304;0.105345;9.605.537
0.306458;0.095768;9.557.653
0.296881;0.105345;9.682.152
0.306458;0.095768;9.816.227
0.306458;0.105345;9.969.456
0.316035;0.114922;10.113.108
0.306458;0.095768;10.323.798
0.335188;0.095768;10.371.682
0.325611;0.114922;10.333.375
0.296881;0.076614;10.084.377
0.306458;0.095768;9.940.725
0.306458;0.114922;9.797.073
0.306458;0.105345;9.586.384
0.306458;0.086191;9.576.807
0.296881;0.076614;9.624.691
0.325611;0.105345;9.710.882
0.325611;0.086191;10.026.917
0.316035;0.095768;10.170.568
0.306458;0.105345;10.295.067
0.306458;0.095768;10.304.645
0.335188;0.114922;10.160.992
0.316035;0.114922;9.892.841
0.287304;0.105345;9.720.459
0.296881;0.086191;9.557.653
0.316035;0.086191;9.643.845
0.316035;0.076614;9.758.766
0.316035;0.095768;9.931.149
0.306458;0.095768;10.199.299
0.335188;0.095768;10.314.221
0.325611;0.086191;10.362.105
0.316035;0.114922;10.323.798
0.316035;0.114922;9.979.033
0.296881;0.095768;9.825.804
0.306458;0.086191;9.634.268
0.296881;0.076614;9.557.653
0.268151;0.095768;9.595.961
0.316035;0.095768;9.835.381
0.296881;0.105345;9.988.609
0.316035;0.114922;10.151.415
0.316035;0.105345;10.275.913
0.354342;0.086191;10.362.105
0.325611;0.086191;10.323.798
0.306458;0.086191;10.208.876
0.325611;0.095768;9.931.149
0.306458;0.086191;9.777.920
0.296881;0.076614;9.634.268
0.277727;0.114922;9.576.807
0.306458;0.095768;9.634.268
0.306458;0.095768;9.730.036
0.316035;0.105345;9.921.572
0.325611;0.114922;10.199.299
0.344765;0.095768;10.295.067
0.325611;0.095768;10.352.529
0.306458;0.105345;10.285.490
0.316035;0.086191;10.151.415
0.306458;0.086191;10.017.340
0.325611;0.105345;9.854.534
0.296881;0.114922;9.605.537
0.306458;0.086191;9.567.230
0.316035;0.095768;9.586.384
0.296881;0.076614;9.806.650
0.325611;0.105345;9.959.879
0.335188;0.114922;10.122.684
0.335188;0.095768;10.362.105
0.316035;0.114922;10.381.259
0.325611;0.114922;10.304.645
0.316035;0.086191;10.228.029
0.296881;0.105345;9.950.302
0.316035;0.105345;9.777.920
0.306458;0.095768;9.672.575
0.287304;0.105345;9.567.230
0.287304;0.105345;9.624.691
0.287304;0.076614;9.720.459
0.316035;0.124498;10.026.917
0.316035;0.095768;10.170.568
0.306458;0.095768;10.295.067
0.325611;0.105345;10.352.529
0.335188;0.095768;10.285.490
0.325611;0.086191;10.160.992
0.316035;0.086191;10.046.070
0.296881;0.076614;9.730.036
0.287304;0.076614;9.615.114
0.306458;0.086191;9.586.384
0.296881;0.086191;9.595.961
0.306458;0.105345;9.768.343
0.306458;0.095768;9.911.995
0.316035;0.095768;10.093.954
0.344765;0.105345;10.333.375
0.335188;0.067038;10.362.105
0.325611;0.095768;10.314.221
0.316035;0.114922;10.093.954
0.316035;0.086191;9.969.456
0.306458;0.105345;9.806.650
0.306458;0.105345;9.682.152
0.296881;0.095768;9.576.807
0.287304;0.086191;9.605.537
0.296881;0.095768;9.710.882
0.287304;0.095768;9.998.186
0.287304;0.124498;10.151.415
0.316035;0.095768;10.247.183
0.316035;0.114922;10.352.529
0.316035;0.095768;10.304.645
0.325611;0.095768;10.208.876
0.325611;0.095768;10.065.224
0.306458;0.086191;9.777.920
0.296881;0.095768;9.653.421
0.287304;0.095768;9.557.653
0.296881;0.114922;9.643.845
0.306458;0.114922;9.758.766
0.316035;0.095768;9.902.418
0.306458;0.114922;10.055.647
0.325611;0.095768;10.323.798
0.325611;0.114922;10.371.682
0.325611;0.086191;10.342.952
0.325611;0.076614;10.141.838
0.296881;0.086191;10.017.340
0.316035;0.095768;9.835.381
0.306458;0.095768;9.595.961
0.287304;0.105345;9.595.961
0.316035;0.086191;9.595.961
0.316035;0.095768;9.691.729
0.325611;0.086191;9.979.033
0.325611;0.095768;10.141.838
0.316035;0.114922;10.228.029
0.325611;0.095768;10.362.105
0.335188;0.095768;10.295.067
0.316035;0.105345;10.218.452
0.325611;0.095768;10.074.800
0.296881;0.086191;9.768.343
0.296881;0.095768;9.643.845
0.296881;0.086191;9.576.807
0.296881;0.067038;9.643.845
0.296881;0.095768;9.749.189
0.296881;0.086191;9.873.688
0.325611;0.095768;10.218.452
0.344765;0.086191;10.304.645
0.325611;0.105345;10.352.529
0.306458;0.114922;10.371.682
0.344765;0.114922;10.151.415
0.306458;0.095768;10.026.917
0.316035;0.067038;9.864.111
0.296881;0.095768;9.615.114
0.316035;0.076614;9.567.230
0.306458;0.076614;9.595.961
0.316035;0.105345;9.797.073
0.316035;0.095768;9.940.725
0.325611;0.105345;10.084.377
0.325611;0.086191;10.208.876
0.325611;0.105345;10.352.529
0.335188;0.076614;10.333.375
0.325611;0.086191;10.247.183
0.325611;0.105345;9.950.302
0.296881;0.095768;9.797.073
0.287304;0.086191;9.672.575
0.287304;0.095768;9.576.807
0.325611;0.095768;9.643.845
0.277727;0.095768;9.730.036
0.325611;0.114922;9.854.534
0.335188;0.086191;10.151.415
0.316035;0.105345;10.266.336
0.325611;0.105345;10.342.952
0.316035;0.105345;10.323.798
0.325611;0.124498;10.180.145
0.325611;0.095768;10.065.224
0.306458;0.114922;9.739.613
0.296881;0.067038;9.634.268
0.287304;0.076614;9.605.537
0.306458;0.095768;9.586.384
0.287304;0.076614;9.787.497
0.306458;0.095768;9.940.725
0.325611;0.086191;10.103.531
0.306458;0.095768;10.304.645
0.316035;0.124498;10.362.105
0.335188;0.105345;10.352.529
0.325611;0.095768;10.256.760
0.306458;0.086191;9.979.033
0.316035;0.105345;9.825.804
0.306458;0.105345;9.682.152
0.306458;0.105345;9.586.384
0.306458;0.086191;9.615.114
0.306458;0.114922;9.691.729
0.316035;0.105345;9.959.879
0.316035;0.095768;10.132.261
0.316035;0.105345;10.256.760
0.325611;0.124498;10.304.645
0.316035;0.105345;10.333.375
0.316035;0.076614;10.199.299
0.316035;0.095768;10.055.647
0.287304;0.095768;9.777.920
0.296881;0.095768;9.643.845
0.296881;0.095768;9.595.961
0.306458;0.095768;9.595.961
0.316035;0.086191;9.787.497
0.306458;0.095768;9.892.841
0.306458;0.076614;10.046.070
0.325611;0.105345;10.295.067
0.325611;0.086191;10.352.529
0.335188;0.124498;10.371.682
0.306458;0.114922;10.160.992
0.316035;0.114922;10.036.493
0.306458;0.114922;9.854.534
0.316035;0.076614;9.730.036
0.296881;0.076614;9.567.230
0.296881;0.105345;9.595.961
0.287304;0.095768;9.691.729
0.316035;0.105345;9.969.456
0.296881;0.095768;10.122.684
0.306458;0.105345;10.256.760
0.325611;0.114922;10.342.952
0.316035;0.124498;10.314.221
0.316035;0.095768;10.228.029
0.306458;0.124498;10.113.108
0.306458;0.086191;9.806.650
0.316035;0.095768;9.682.152
0.277727;0.095768;9.586.384
0.306458;0.086191;9.624.691
0.316035;0.086191;9.710.882
0.306458;0.095768;9.873.688
0.306458;0.114922;9.988.609
0.325611;0.134075;10.275.913
0.316035;0.105345;10.362.105
0.325611;0.095768;10.189.722
0.325611;0.095768;10.026.917
0.296881;0.095768;9.883.265
0.306458;0.086191;9.634.268
0.296881;0.086191;9.576.807
0.306458;0.105345;9.586.384
0.306458;0.105345;9.777.920
0.344765;0.105345;9.921.572
0.316035;0.114922;10.084.377
0.335188;0.076614;10.314.221
0.335188;0.105345;10.342.952
0.316035;0.105345;10.333.375
0.316035;0.114922;10.266.336
0.316035;0.086191;10.007.763
0.296881;0.095768;9.816.227
0.316035;0.105345;9.691.729
0.306458;0.095768;9.605.537
0.296881;0.086191;9.615.114
0.296881;0.134075;9.710.882
0.296881;0.114922;9.816.227
0.316035;0.076614;10.141.838
0.325611;0.114922;10.266.336
0.316035;0.086191;10.323.798
0.335188;0.095768;10.352.529
0.325611;0.095768;10.218.452
0.316035;0.095768;10.093.954
0.325611;0.105345;9.902.418
0.296881;0.095768;9.643.845
0.316035;0.095768;9.605.537
0.306458;0.114922;9.576.807
0.296881;0.105345;9.758.766
0.306458;0.095768;9.911.995
0.335188;0.105345;10.046.070
0.344765;0.105345;10.180.145
0.344765;0.076614;10.352.529
0.316035;0.105345;10.342.952
0.335188;0.095768;10.256.760
0.306458;0.086191;10.007.763
0.316035;0.105345;9.844.957
0.277727;0.095768;9.710.882
0.316035;0.124498;9.586.384
0.306458;0.095768;9.605.537
0.316035;0.076614;9.710.882
0.316035;0.105345;9.806.650
0.325611;0.105345;10.113.108
0.344765;0.095768;10.247.183
0.316035;0.095768;10.333.375
0.316035;0.114922;10.295.067
0.306458;0.095768;10.228.029
0.316035;0.076614;10.103.531
0.306458;0.086191;9.921.572
0.306458;0.114922;9.710.882
0.306458;0.086191;9.615.114
0.287304;0.086191;9.595.961
0.306458;0.086191;9.720.459
0.335188;0.114922;9.854.534
0.306458;0.095768;10.026.917
0.316035;0.114922;10.285.490
0.354342;0.095768;10.323.798
0.316035;0.086191;10.333.375
0.325611;0.114922;10.285.490
0.287304;0.105345;10.046.070
0.306458;0.105345;9.902.418
0.306458;0.105345;9.701.305
0.306458;0.105345;9.595.961
0.316035;0.095768;9.595.961
0.316035;0.086191;9.672.575
0.306458;0.114922;9.911.995
0.335188;0.095768;10.084.377
0.316035;0.095768;10.218.452
0.335188;0.086191;10.295.067
0.335188;0.086191;10.333.375
0.296881;0.086191;10.266.336
0.316035;0.095768;10.122.684
0.316035;0.095768;9.835.381
0.316035;0.095768;9.701.305
0.287304;0.124498;9.634.268
0.287304;0.095768;9.615.114
0.306458;0.114922;9.720.459
0.316035;0.086191;9.864.111
0.296881;0.105345;9.998.186
0.335188;0.067038;10.275.913
0.325611;0.114922;10.314.221
0.325611;0.105345;10.352.529
0.316035;0.105345;10.199.299
0.306458;0.105345;10.065.224
0.306458;0.095768;9.921.572
0.306458;0.105345;9.777.920
0.316035;0.067038;9.615.114
0.296881;0.105345;9.615.114
0.287304;0.086191;9.662.998
0.287304;0.095768;9.902.418
0.316035;0.105345;10.055.647
0.306458;0.114922;10.189.722
0.325611;0.105345;10.352.529
0.344765;0.114922;10.323.798
0.316035;0.105345;10.247.183
0.325611;0.105345;10.141.838
0.306458;0.086191;9.864.111
0.306458;0.095768;9.730.036
0.306458;0.095768;9.643.845
0.296881;0.105345;9.624.691
0.296881;0.095768;9.691.729
0.325611;0.086191;9.816.227
0.316035;0.086191;9.959.879
0.325611;0.095768;10.228.029
0.344765;0.114922;10.314.221
0.335188;0.095768;10.323.798
0.306458;0.114922;10.228.029
0.306458;0.076614;10.084.377
0.316035;0.105345;9.940.725
0.306458;0.105345;9.682.152
0.277727;0.086191;9.634.268
0.306458;0.086191;9.605.537
0.287304;0.067038;9.643.845
0.325611;0.105345;9.864.111
0.316035;0.105345;10.036.493
0.306458;0.086191;10.189.722
0.325611;0.105345;10.323.798
0.325611;0.095768;10.323.798
0.344765;0.086191;10.275.913
0.316035;0.114922;10.036.493
0.325611;0.086191;9.873.688
0.316035;0.095768;9.749.189
0.306458;0.105345;9.634.268
0.296881;0.095768;9.605.537
0.296881;0.114922;9.691.729
0.296881;0.086191;9.797.073
0.335188;0.086191;10.113.108
0.316035;0.095768;10.228.029
0.344765;0.086191;10.323.798
0.344765;0.076614;10.333.375
0.316035;0.124498;10.237.606
0.325611;0.095768;10.113.108
0.277727;0.095768;9.950.302
0.306458;0.095768;9.701.305
0.316035;0.105345;9.615.114
0.306458;0.105345;9.586.384
0.316035;0.114922;9.720.459
0.316035;0.114922;9.854.534
0.316035;0.105345;9.998.186
0.316035;0.124498;10.151.415
0.335188;0.114922;10.314.221
0.325611;0.114922;10.323.798
0.335188;0.114922;10.285.490
0.306458;0.114922;10.017.340
0.306458;0.105345;9.911.995
0.306458;0.124498;9.777.920
0.306458;0.076614;9.605.537
0.296881;0.095768;9.605.537
0.296881;0.086191;9.672.575
0.306458;0.105345;9.758.766
0.296881;0.114922;10.074.800
0.316035;0.105345;10.199.299
0.316035;0.095768;10.275.913
0.335188;0.095768;10.304.645
0.316035;0.095768;10.237.606
0.306458;0.086191;10.141.838
0.325611;0.086191;9.988.609
0.306458;0.095768;9.710.882
0.316035;0.086191;9.624.691
0.296881;0.095768;9.595.961
0.287304;0.095768;9.730.036
0.325611;0.105345;9.844.957
0.316035;0.076614;9.969.456
0.316035;0.105345;10.208.876
0.335188;0.086191;10.314.221
0.344765;0.134075;10.333.375
0.335188;0.086191;10.295.067
0.296881;0.105345;10.074.800
0.325611;0.086191;9.902.418
0.306458;0.105345;9.816.227
0.306458;0.105345;9.634.268
0.306458;0.076614;9.586.384
0.296881;0.086191;9.653.421
0.325611;0.086191;9.883.265
0.325611;0.105345;10.046.070
0.335188;0.095768;10.160.992
0.335188;0.114922;10.295.067
0.316035;0.095768;10.352.529
0.316035;0.095768;10.266.336
0.316035;0.114922;10.170.568
0.296881;0.076614;9.883.265
0.296881;0.086191;9.739.613
0.287304;0.105345;9.634.268
0.306458;0.095768;9.615.114
0.306458;0.076614;9.691.729
0.277727;0.086191;9.806.650
0.316035;0.124498;9.931.149
0.335188;0.114922;10.218.452
0.335188;0.095768;10.285.490
0.344765;0.095768;10.314.221
0.296881;0.076614;10.189.722
0.316035;0.105345;10.103.531
0.306458;0.105345;9.950.302
0.306458;0.105345;9.816.227
0.296881;0.095768;9.595.961
0.306458;0.095768;9.586.384
0.306458;0.086191;9.605.537
0.325611;0.105345;9.864.111
0.335188;0.124498;10.017.340
0.335188;0.095768;10.160.992
0.335188;0.095768;10.304.645
0.306458;0.105345;10.304.645
0.306458;0.105345;10.285.490
0.316035;0.114922;10.180.145
0.316035;0.105345;9.892.841
0.306458;0.095768;9.768.343
0.306458;0.095768;9.643.845
0.325611;0.114922;9.634.268
0.325611;0.114922;9.691.729
0.306458;0.095768;9.787.497
0.296881;0.095768;9.931.149
0.316035;0.086191;10.208.876
0.325611;0.105345;10.323.798
0.325611;0.086191;10.323.798
0.335188;0.095768;10.218.452
0.306458;0.105345;10.132.261
0.306458;0.114922;9.969.456
0.316035;0.105345;9.720.459
0.287304;0.105345;9.624.691
0.296881;0.086191;9.624.691
0.306458;0.095768;9.643.845
0.316035;0.124498;9.816.227
0.325611;0.095768;9.979.033
0.316035;0.076614;10.122.684
0.325611;0.105345;10.275.913
0.325611;0.067038;10.295.067
0.335188;0.095768;10.256.760
0.316035;0.076614;10.199.299
0.296881;0.105345;9.921.572
0.296881;0.105345;9.787.497
0.316035;0.095768;9.672.575
0.296881;0.095768;9.605.537
0.306458;0.095768;9.643.845
0.306458;0.114922;9.777.920
0.306458;0.086191;9.998.186
0.316035;0.105345;10.180.145
0.325611;0.086191;10.275.913
0.325611;0.105345;10.323.798
0.316035;0.095768;10.237.606
0.316035;0.105345;10.160.992
0.316035;0.095768;10.007.763
0.316035;0.114922;9.720.459
0.296881;0.105345;9.653.421
0.296881;0.124498;9.624.691
0.316035;0.086191;9.691.729
0.296881;0.105345;9.816.227
0.287304;0.114922;9.950.302
0.296881;0.105345;10.084.377
0.316035;0.086191;10.304.645
0.325611;0.124498;10.333.375
0.306458;0.095768;10.314.221
0.335188;0.095768;10.093.954
0.316035;0.114922;9.959.879
0.306458;0.095768;9.777.920
0.296881;0.105345;9.634.268
0.296881;0.095768;9.595.961
0.306458;0.076614;9.653.421
0.287304;0.095768;9.730.036
0.316035;0.086191;10.036.493
0.306458;0.095768;10.170.568
0.316035;0.086191;10.266.336
0.325611;0.095768;10.304.645
0.316035;0.086191;10.256.760
0.316035;0.114922;10.180.145
0.306458;0.105345;9.892.841
0.316035;0.095768;9.739.613
0.296881;0.086191;9.672.575
0.296881;0.086191;9.605.537
0.316035;0.095768;9.691.729
0.306458;0.105345;9.797.073
0.316035;0.086191;9.950.302
0.335188;0.095768;10.180.145
0.335188;0.105345;10.285.490
0.316035;0.076614;10.333.375
0.325611;0.105345;10.295.067
0.306458;0.095768;10.084.377
0.325611;0.086191;9.959.879
0.325611;0.105345;9.825.804
0.316035;0.086191;9.634.268
0.296881;0.095768;9.605.537
0.306458;0.095768;9.624.691
0.296881;0.086191;9.844.957
0.316035;0.095768;9.969.456
0.316035;0.095768;10.132.261
0.335188;0.095768;10.208.876
0.306458;0.095768;10.304.645
0.316035;0.086191;10.295.067
0.296881;0.114922;10.180.145
0.316035;0.076614;9.892.841
0.325611;0.095768;9.787.497
0.277727;0.095768;9.682.152
0.316035;0.076614;9.615.114
0.296881;0.086191;9.691.729
0.316035;0.095768;9.768.343
0.335188;0.086191;9.911.995
0.296881;0.095768;10.189.722
0.306458;0.095768;10.275.913
0.344765;0.124498;10.304.645
0.316035;0.124498;10.247.183
0.306458;0.114922;10.151.415
0.325611;0.105345;9.998.186
0.316035;0.105345;9.873.688
0.306458;0.086191;9.643.845
0.296881;0.086191;9.615.114
0.335188;0.105345;9.615.114
0.306458;0.095768;9.816.227
0.306458;0.095768;9.979.033
0.316035;0.086191;10.103.531
0.344765;0.095768;10.228.029
0.325611;0.095768;10.304.645
0.335188;0.114922;10.285.490
0.325611;0.105345;10.218.452
0.306458;0.095768;9.959.879
0.296881;0.105345;9.816.227
0.306458;0.114922;9.682.152
0.306458;0.076614;9.605.537
0.306458;0.095768;9.653.421
0.306458;0.105345;9.758.766
0.296881;0.086191;9.998.186
0.335188;0.105345;10.141.838
0.344765;0.095768;10.266.336
0.325611;0.114922;10.333.375
0.325611;0.095768;10.295.067
0.306458;0.076614;10.189.722
0.296881;0.124498;10.026.917
0.287304;0.086191;9.730.036
0.296881;0.105345;9.672.575
0.296881;0.086191;9.595.961
0.306458;0.095768;9.634.268
0.277727;0.086191;9.797.073
0.306458;0.095768;9.950.302
0.325611;0.105345;10.065.224
0.335188;0.095768;10.275.913
0.325611;0.114922;10.323.798
0.306458;0.105345;10.333.375
0.306458;0.095768;10.228.029
0.316035;0.105345;10.026.917
0.306458;0.086191;9.835.381
0.296881;0.086191;9.720.459
0.316035;0.105345;9.624.691
0.296881;0.095768;9.643.845
0.316035;0.114922;9.739.613
0.296881;0.095768;9.988.609
0.316035;0.114922;10.141.838
0.316035;0.105345;10.247.183
0.335188;0.095768;10.314.221
0.325611;0.105345;10.275.913
0.325611;0.105345;10.160.992
0.316035;0.076614;10.036.493
0.277727;0.124498;9.787.497
0.287304;0.114922;9.672.575
0.306458;0.086191;9.605.537
0.287304;0.086191;9.662.998
0.287304;0.095768;9.797.073
0.316035;0.095768;9.921.572
0.316035;0.114922;10.065.224
0.325611;0.086191;10.266.336
0.335188;0.095768;10.295.067
0.344765;0.105345;10.304.645
0.325611;0.095768;10.132.261
0.306458;0.076614;9.998.186
0.296881;0.105345;9.873.688
0.316035;0.076614;9.777.920
0.306458;0.105345;9.615.114
0.296881;0.086191;9.643.845
0.296881;0.095768;9.710.882
0.306458;0.114922;9.950.302
0.306458;0.086191;10.132.261
0.325611;0.105345;10.247.183
0.316035;0.105345;10.304.645
0.335188;0.076614;10.266.336
0.325611;0.114922;10.199.299
0.316035;0.095768;10.074.800
0.296881;0.095768;9.787.497
0.296881;0.076614;9.691.729
0.296881;0.086191;9.615.114
0.316035;0.095768;9.662.998
0.316035;0.095768;9.777.920
0.325611;0.095768;9.883.265
0.306458;0.086191;10.180.145
0.316035;0.114922;10.256.760
0.335188;0.086191;10.323.798
0.316035;0.095768;10.314.221
0.296881;0.105345;10.160.992
0.325611;0.086191;10.017.340
0.316035;0.095768;9.892.841
0.296881;0.076614;9.653.421
0.306458;0.086191;9.634.268
0.287304;0.095768;9.624.691
0.316035;0.114922;9.720.459
0.325611;0.086191;9.950.302
0.316035;0.095768;10.093.954
0.316035;0.086191;10.285.490
0.325611;0.095768;10.333.375
0.325611;0.105345;10.323.798
0.306458;0.086191;10.199.299
0.325611;0.114922;9.969.456
0.316035;0.095768;9.825.804
0.296881;0.095768;9.701.305
0.316035;0.067038;9.643.845
0.306458;0.095768;9.672.575
0.306458;0.105345;9.749.189
0.306458;0.095768;9.844.957
0.316035;0.105345;10.132.261
0.335188;0.076614;10.237.606
0.316035;0.086191;10.295.067
0.335188;0.086191;10.256.760
0.316035;0.095768;10.170.568
0.316035;0.105345;10.017.340
0.316035;0.095768;9.911.995
0.316035;0.095768;9.672.575
0.325611;0.086191;9.624.691
0.296881;0.105345;9.643.845
0.296881;0.105345;9.787.497
0.325611;0.067038;9.921.572
0.306458;0.095768;10.074.800
0.325611;0.105345;10.199.299
0.325611;0.105345;10.323.798
0.325611;0.114922;10.314.221
0.316035;0.095768;10.218.452
0.287304;0.105345;9.969.456
0.306458;0.076614;9.864.111
0.287304;0.076614;9.730.036
0.287304;0.095768;9.615.114
0.316035;0.095768;9.653.421
0.306458;0.095768;9.730.036
0.316035;0.086191;9.873.688
0.325611;0.105345;10.113.108
0.325611;0.095768;10.237.606
0.325611;0.076614;10.285.490
0.306458;0.105345;10.266.336
0.325611;0.095768;10.199.299
0.316035;0.095768;10.036.493
0.296881;0.105345;9.806.650
0.306458;0.105345;9.701.305
0.316035;0.095768;9.653.421
0.306458;0.095768;9.643.845
0.287304;0.105345;9.768.343
0.316035;0.095768;9.892.841
0.306458;0.086191;10.256.760
0.316035;0.086191;10.323.798
0.316035;0.105345;10.275.913
0.306458;0.114922;10.266.336
0.306458;0.076614;9.998.186
0.316035;0.105345;9.892.841
0.306458;0.086191;9.758.766
0.287304;0.095768;9.634.268
0.316035;0.086191;9.643.845
0.296881;0.086191;9.720.459
0.316035;0.105345;9.979.033
0.325611;0.095768;10.103.531
0.306458;0.086191;10.228.029
0.325611;0.105345;10.285.490
0.325611;0.086191;10.295.067
0.296881;0.105345;10.208.876
0.316035;0.114922;10.093.954
0.325611;0.095768;9.816.227
0.296881;0.076614;9.710.882
0.316035;0.105345;9.634.268
0.306458;0.095768;9.682.152
0.316035;0.086191;9.749.189
0.296881;0.076614;9.873.688
0.325611;0.095768;9.998.186
0.316035;0.105345;10.247.183
0.335188;0.105345;10.304.645
0.316035;0.105345;10.295.067
0.316035;0.114922;10.151.415
0.316035;0.105345;10.026.917
0.306458;0.095768;9.883.265
0.316035;0.095768;9.672.575
0.316035;0.095768;9.643.845
0.296881;0.086191;9.643.845
0.306458;0.086191;9.720.459
0.316035;0.095768;9.950.302
0.325611;0.095768;10.084.377
0.335188;0.105345;10.208.876
0.316035;0.086191;10.295.067
0.316035;0.105345;10.314.221
0.325611;0.114922;10.228.029
0.325611;0.114922;10.093.954
0.316035;0.105345;9.825.804
0.296881;0.076614;9.730.036
0.296881;0.095768;9.662.998
0.296881;0.105345;9.682.152
0.325611;0.086191;9.739.613
0.325611;0.105345;9.844.957
0.316035;0.105345;10.122.684
0.325611;0.095768;10.237.606
0.316035;0.095768;10.266.336
0.344765;0.095768;10.304.645
0.306458;0.095768;10.208.876
0.306458;0.076614;10.055.647
0.316035;0.105345;9.911.995
0.306458;0.105345;9.672.575
0.306458;0.086191;9.615.114
0.306458;0.086191;9.653.421
0.316035;0.086191;9.672.575
0.316035;0.076614;9.921.572
0.325611;0.114922;10.055.647
0.325611;0.086191;10.180.145
0.316035;0.095768;10.323.798
0.316035;0.086191;10.295.067
0.296881;0.095768;10.218.452
0.316035;0.105345;10.017.340
0.296881;0.105345;9.873.688
0.296881;0.095768;9.739.613
0.296881;0.124498;9.682.152
0.287304;0.076614;9.662.998
0.306458;0.076614;9.720.459
0.296881;0.105345;9.873.688
0.316035;0.086191;10.103.531
0.316035;0.095768;10.237.606
0.325611;0.076614;10.295.067
0.316035;0.095768;10.314.221
0.325611;0.095768;10.189.722
0.316035;0.105345;10.084.377
0.296881;0.105345;9.959.879
0.306458;0.095768;9.710.882
0.306458;0.086191;9.662.998
0.296881;0.095768;9.615.114
0.306458;0.086191;9.777.920
0.306458;0.095768;9.883.265
0.335188;0.095768;10.007.763
0.306458;0.095768;10.170.568
0.335188;0.114922;10.323.798
0.325611;0.086191;10.304.645
0.325611;0.095768;10.237.606
0.316035;0.095768;10.036.493
0.316035;0.114922;9.883.265
0.296881;0.114922;9.758.766
0.316035;0.105345;9.643.845
0.316035;0.095768;9.624.691
0.296881;0.114922;9.710.882
0.296881;0.086191;9.816.227
0.296881;0.086191;10.084.377
0.335188;0.105345;10.208.876
0.316035;0.114922;10.256.760
0.306458;0.105345;10.285.490
0.335188;0.105345;10.228.029
0.316035;0.095768;10.093.954
0.316035;0.086191;9.959.879
0.296881;0.086191;9.730.036
0.306458;0.105345;9.653.421
0.306458;0.105345;9.653.421
0.306458;0.086191;9.730.036
0.325611;0.095768;9.883.265
0.316035;0.095768;9.988.609
0.316035;0.095768;10.228.029
0.316035;0.086191;10.304.645
0.325611;0.114922;10.295.067
0.316035;0.105345;10.256.760
0.296881;0.086191;10.055.647
0.306458;0.095768;9.921.572
0.306458;0.067038;9.777.920
0.306458;0.105345;9.634.268
0.296881;0.095768;9.634.268
0.296881;0.095768;9.701.305
0.306458;0.086191;9.931.149
0.325611;0.105345;10.036.493
0.306458;0.105345;10.151.415
0.296881;0.105345;10.304.645
0.325611;0.105345;10.295.067
0.316035;0.114922;10.218.452
0.306458;0.076614;10.113.108
0.296881;0.095768;9.835.381
0.306458;0.086191;9.739.613
0.296881;0.095768;9.662.998
0.306458;0.095768;9.662.998
0.277727;0.086191;9.749.189
0.306458;0.086191;9.854.534
0.325611;0.095768;9.979.033
0.316035;0.105345;10.228.029
0.306458;0.105345;10.275.913
0.325611;0.095768;10.285.490
0.316035;0.114922;10.180.145
0.306458;0.095768;10.093.954
0.316035;0.086191;9.950.302
0.316035;0.114922;9.710.882
0.306458;0.114922;9.662.998
0.306458;0.095768;9.643.845
0.306458;0.114922;9.691.729
0.316035;0.105345;9.892.841
0.316035;0.095768;10.036.493
0.325611;0.105345;10.160.992
0.335188;0.105345;10.275.913
0.325611;0.105345;10.304.645
0.325611;0.076614;10.247.183
0.316035;0.105345;10.151.415
0.296881;0.086191;9.892.841
0.306458;0.095768;9.797.073
0.287304;0.114922;9.672.575
0.316035;0.095768;9.653.421
0.306458;0.086191;9.720.459
0.316035;0.095768;9.816.227
0.316035;0.086191;9.940.725
0.325611;0.105345;10.160.992
0.316035;0.105345;10.266.336
0.316035;0.105345;10.304.645
0.296881;0.095768;10.218.452
0.316035;0.086191;10.113.108
0.316035;0.095768;9.959.879
0.306458;0.086191;9.701.305
0.306458;0.095768;9.662.998
0.306458;0.086191;9.653.421
0.296881;0.086191;9.672.575
0.306458;0.086191;9.873.688
0.325611;0.086191;10.017.340
0.316035;0.114922;10.113.108
0.316035;0.105345;10.275.913
0.335188;0.095768;10.295.067
0.316035;0.086191;10.256.760
0.316035;0.095768;10.036.493
0.316035;0.086191;9.902.418
0.306458;0.095768;9.797.073
0.277727;0.086191;9.682.152
0.296881;0.105345;9.653.421
0.316035;0.086191;9.691.729
0.306458;0.095768;9.816.227
0.316035;0.095768;10.065.224
0.325611;0.105345;10.180.145
0.325611;0.095768;10.275.913
0.325611;0.086191;10.285.490
0.316035;0.105345;10.228.029
0.316035;0.095768;10.132.261
0.316035;0.114922;9.988.609
0.287304;0.105345;9.758.766
0.306458;0.095768;9.653.421
0.296881;0.114922;9.653.421
0.306458;0.114922;9.749.189
0.344765;0.095768;9.844.957
0.316035;0.114922;9.979.033
0.306458;0.095768;10.084.377
0.316035;0.095768;10.285.490
0.316035;0.076614;10.256.760
0.306458;0.114922;10.074.800
0.306458;0.095768;9.931.149
0.306458;0.095768;9.825.804
0.296881;0.086191;9.662.998
0.316035;0.105345;9.662.998
0.296881;0.095768;9.691.729
0.296881;0.076614;9.787.497
0.306458;0.105345;10.036.493
0.316035;0.095768;10.160.992
0.325611;0.105345;10.237.606
0.325611;0.095768;10.295.067
0.325611;0.076614;10.247.183
0.335188;0.095768;10.141.838
0.316035;0.105345;9.892.841
0.296881;0.067038;9.768.343
0.287304;0.076614;9.662.998
0.296881;0.086191;9.653.421
0.287304;0.114922;9.749.189
0.316035;0.086191;9.825.804
0.306458;0.086191;9.988.609
0.306458;0.105345;10.218.452
0.325611;0.086191;10.285.490
0.325611;0.124498;10.275.913
0.335188;0.105345;10.285.490
0.316035;0.105345;10.103.531
0.306458;0.105345;9.959.879
0.306458;0.086191;9.844.957
0.296881;0.095768;9.643.845
0.306458;0.114922;9.672.575
0.306458;0.095768;9.710.882
0.287304;0.105345;9.892.841
0.316035;0.095768;10.026.917
0.325611;0.095768;10.103.531
0.335188;0.095768;10.237.606
0.325611;0.114922;10.295.067
0.316035;0.095768;10.256.760
0.316035;0.124498;10.160.992
0.325611;0.086191;9.892.841
0.325611;0.105345;9.758.766
0.287304;0.105345;9.701.305
0.325611;0.105345;9.653.421
0.296881;0.114922;9.730.036
0.296881;0.076614;9.816.227
0.306458;0.086191;9.940.725
0.335188;0.095768;10.170.568
0.354342;0.124498;10.266.336
0.325611;0.105345;10.275.913
0.306458;0.076614;10.218.452
0.316035;0.095768;10.122.684
0.306458;0.114922;9.988.609
0.325611;0.086191;9.844.957
0.306458;0.095768;9.672.575
0.287304;0.086191;9.643.845
0.316035;0.105345;9.682.152
0.296881;0.076614;9.844.957
0.325611;0.105345;9.979.033
0.306458;0.095768;10.122.684
0.316035;0.114922;10.208.876
0.306458;0.086191;10.295.067
0.325611;0.095768;10.266.336
0.325611;0.095768;10.180.145
0.306458;0.095768;9.902.418
0.325611;0.086191;9.797.073
0.316035;0.114922;9.720.459
0.316035;0.095768;9.653.421
0.306458;0.086191;9.701.305
0.316035;0.095768;9.806.650
0.306458;0.095768;9.911.995
0.316035;0.105345;10.132.261
0.335188;0.086191;10.256.760
0.306458;0.095768;10.295.067
0.316035;0.086191;10.228.029
0.325611;0.105345;10.113.108
0.306458;0.086191;9.988.609
0.316035;0.086191;9.758.766
0.306458;0.095768;9.653.421
0.287304;0.095768;9.643.845
0.306458;0.095768;9.662.998
0.296881;0.086191;9.816.227
0.287304;0.086191;9.950.302
0.325611;0.114922;10.084.377
0.325611;0.095768;10.247.183
0.325611;0.095768;10.304.645
0.316035;0.105345;10.266.336
0.296881;0.095768;10.074.800
0.316035;0.086191;9.950.302
0.306458;0.095768;9.835.381
0.325611;0.095768;9.720.459
0.306458;0.086191;9.653.421
0.316035;0.105345;9.701.305
0.306458;0.086191;9.768.343
0.325611;0.105345;9.998.186
0.325611;0.086191;10.151.415
0.306458;0.105345;10.218.452
0.325611;0.105345;10.295.067
0.325611;0.086191;10.228.029
0.344765;0.076614;10.122.684
0.306458;0.105345;10.017.340
0.306458;0.105345;9.806.650
0.306458;0.095768;9.739.613
0.306458;0.086191;9.662.998
0.316035;0.095768;9.710.882
0.325611;0.095768;9.825.804
0.325611;0.095768;9.931.149
0.306458;0.095768;10.074.800
0.316035;0.105345;10.247.183
0.325611;0.095768;10.285.490
0.335188;0.095768;10.275.913
0.316035;0.076614;10.103.531
0.296881;0.095768;9.979.033
0.316035;0.095768;9.825.804
0.316035;0.086191;9.682.152
0.316035;0.076614;9.634.268
0.306458;0.114922;9.672.575
0.296881;0.095768;9.864.111
0.316035;0.114922;9.988.609
0.306458;0.114922;10.132.261
0.325611;0.086191;10.228.029
0.316035;0.095768;10.285.490
0.335188;0.105345;10.247.183
0.316035;0.076614;10.141.838
0.325611;0.076614;10.055.647
0.296881;0.095768;9.816.227
0.306458;0.105345;9.710.882
0.306458;0.095768;9.643.845
0.316035;0.095768;9.710.882
0.306458;0.086191;9.816.227
0.296881;0.095768;9.921.572
0.296881;0.105345;10.180.145
0.316035;0.086191;10.275.913
0.344765;0.095768;10.285.490
0.335188;0.095768;10.285.490
0.306458;0.105345;10.141.838
0.296881;0.095768;9.979.033
0.316035;0.105345;9.758.766
0.296881;0.095768;9.662.998
0.306458;0.095768;9.662.998
0.306458;0.076614;9.662.998
0.316035;0.057461;9.806.650
0.335188;0.095768;9.979.033
0.316035;0.076614;10.093.954
0.325611;0.086191;10.208.876
0.325611;0.105345;10.275.913
0.306458;0.095768;10.266.336
0.325611;0.086191;10.189.722
0.306458;0.124498;9.959.879
0.296881;0.076614;9.825.804
0.306458;0.095768;9.691.729
0.316035;0.095768;9.672.575
0.306458;0.105345;9.662.998
0.306458;0.105345;9.787.497
0.316035;0.086191;9.911.995
0.306458;0.095768;10.132.261
0.306458;0.095768;10.228.029
0.316035;0.105345;10.275.913
0.335188;0.095768;10.218.452
0.316035;0.114922;10.141.838
0.296881;0.086191;9.998.186
0.325611;0.114922;9.892.841
0.316035;0.095768;9.701.305
0.296881;0.095768;9.672.575
0.296881;0.105345;9.691.729
0.296881;0.095768;9.825.804
0.296881;0.095768;9.950.302
0.325611;0.124498;10.084.377
0.325611;0.095768;10.180.145
0.316035;0.095768;10.285.490
0.316035;0.114922;10.256.760
0.335188;0.114922;10.160.992
0.316035;0.086191;9.979.033
0.306458;0.095768;9.816.227
0.277727;0.086191;9.768.343
0.306458;0.095768;9.634.268
0.306458;0.067038;9.701.305
0.306458;0.086191;9.758.766
0.296881;0.095768;9.864.111
0.335188;0.086191;10.113.108
0.325611;0.076614;10.228.029
0.316035;0.086191;10.275.913
0.335188;0.114922;10.247.183
0.316035;0.086191;10.160.992
0.306458;0.086191;10.055.647
0.306458;0.105345;9.787.497
0.316035;0.114922;9.749.189
0.296881;0.086191;9.643.845
0.325611;0.076614;9.634.268
0.316035;0.114922;9.797.073
0.296881;0.095768;9.931.149
0.316035;0.086191;10.046.070
0.335188;0.095768;10.237.606
0.325611;0.124498;10.275.913
0.306458;0.114922;10.275.913
0.316035;0.095768;10.208.876
0.296881;0.105345;10.007.763
0.296881;0.095768;9.873.688
0.306458;0.095768;9.768.343
0.287304;0.095768;9.624.691
0.316035;0.124498;9.672.575
0.316035;0.105345;9.710.882
0.306458;0.105345;9.969.456
0.306458;0.076614;10.103.531
0.316035;0.095768;10.199.299
0.316035;0.105345;10.275.913
0.325611;0.105345;10.237.606
0.316035;0.086191;10.189.722
0.316035;0.095768;10.046.070
0.296881;0.095768;9.825.804
0.306458;0.086191;9.710.882
0.306458;0.086191;9.653.421
0.306458;0.124498;9.691.729
0.325611;0.105345;9.787.497
0.306458;0.095768;9.883.265
0.316035;0.086191;10.026.917
0.316035;0.114922;10.237.606
0.325611;0.095768;10.275.913
0.335188;0.105345;10.266.336
0.325611;0.086191;10.093.954
0.316035;0.105345;10.017.340
0.316035;0.095768;9.883.265
0.296881;0.095768;9.768.343
0.316035;0.105345;9.653.421
0.296881;0.076614;9.682.152
0.287304;0.095768;9.739.613
0.306458;0.105345;9.950.302
0.316035;0.105345;10.074.800
0.316035;0.095768;10.180.145
0.335188;0.095768;10.275.913
0.306458;0.105345;10.228.029
0.316035;0.095768;10.180.145
0.306458;0.105345;10.093.954
0.316035;0.124498;9.806.650
0.296881;0.114922;9.749.189
0.316035;0.086191;9.672.575
0.316035;0.114922;9.691.729
0.325611;0.095768;9.797.073
0.325611;0.095768;9.873.688
0.296881;0.124498;10.084.377
0.316035;0.086191;10.189.722
0.335188;0.105345;10.256.760
0.316035;0.086191;10.266.336
0.325611;0.095768;10.141.838
0.325611;0.114922;10.026.917
0.306458;0.105345;9.902.418
0.296881;0.076614;9.691.729
0.316035;0.105345;9.682.152
0.306458;0.105345;9.643.845
0.287304;0.114922;9.739.613
0.316035;0.105345;9.921.572
0.316035;0.105345;10.046.070
0.325611;0.105345;10.151.415
0.325611;0.086191;10.266.336
0.325611;0.105345;10.266.336
0.335188;0.086191;10.218.452
0.306458;0.095768;10.007.763
0.316035;0.086191;9.873.688
0.316035;0.086191;9.739.613
0.296881;0.095768;9.682.152
0.316035;0.086191;9.682.152
0.316035;0.095768;9.749.189
0.296881;0.086191;9.844.957
0.325611;0.095768;10.084.377
0.335188;0.105345;10.218.452
0.325611;0.105345;10.247.183
0.344765;0.095768;10.256.760
0.325611;0.095768;10.160.992
0.325611;0.076614;10.074.800
0.306458;0.105345;9.921.572
0.316035;0.086191;9.720.459
0.306458;0.076614;9.672.575
0.306458;0.086191;9.653.421
0.287304;0.124498;9.806.650
0.296881;0.086191;9.892.841
0.316035;0.114922;10.007.763
0.316035;0.105345;10.122.684
0.335188;0.105345;10.247.183
0.335188;0.114922;10.247.183
0.316035;0.124498;10.208.876
0.325611;0.105345;9.979.033
0.316035;0.105345;9.892.841
0.296881;0.076614;9.768.343
0.325611;0.095768;9.634.268
0.296881;0.105345;9.662.998
0.316035;0.095768;9.749.189
0.316035;0.095768;9.864.111
0.306458;0.124498;10.084.377
0.306458;0.105345;10.199.299
0.316035;0.114922;10.266.336
0.316035;0.114922;10.228.029
0.344765;0.105345;10.180.145
0.306458;0.105345;10.084.377
0.316035;0.095768;9.825.804
0.316035;0.086191;9.710.882
0.287304;0.105345;9.672.575
0.316035;0.105345;9.672.575
0.306458;0.095768;9.787.497
0.306458;0.124498;9.902.418
0.325611;0.076614;10.017.340
0.316035;0.114922;10.228.029
0.325611;0.114922;10.256.760
0.316035;0.105345;10.266.336
0.335188;0.114922;10.208.876
0.335188;0.086191;10.017.340
0.296881;0.105345;9.911.995
0.306458;0.095768;9.787.497
0.296881;0.105345;9.662.998
0.287304;0.095768;9.682.152
0.306458;0.105345;9.749.189
0.306458;0.114922;9.940.725
0.306458;0.105345;10.055.647
0.316035;0.105345;10.151.415
0.344765;0.105345;10.247.183
0.316035;0.086191;10.275.913
0.325611;0.095768;10.180.145
0.316035;0.105345;10.084.377
0.287304;0.105345;9.864.111
0.296881;0.095768;9.777.920
0.287304;0.076614;9.682.152
0.316035;0.076614;9.701.305
0.306458;0.095768;9.758.766
0.306458;0.095768;9.883.265
0.325611;0.086191;10.007.763
0.335188;0.105345;10.189.722
0.296881;0.114922;10.256.760
0.325611;0.095768;10.266.336
0.316035;0.095768;10.151.415
0.306458;0.095768;10.046.070
0.296881;0.086191;9.902.418
0.306458;0.095768;9.835.381
0.296881;0.105345;9.662.998
0.287304;0.114922;9.662.998
0.296881;0.086191;9.720.459
0.325611;0.095768;9.911.995
0.325611;0.095768;10.055.647
0.316035;0.095768;10.141.838
0.325611;0.105345;10.266.336
0.316035;0.095768;10.228.029
0.335188;0.095768;10.208.876
0.325611;0.086191;10.103.531
0.316035;0.105345;9.892.841
0.306458;0.114922;9.777.920
0.296881;0.086191;9.691.729
0.306458;0.105345;9.682.152
0.306458;0.105345;9.749.189
0.296881;0.086191;9.835.381
0.316035;0.124498;10.093.954
0.316035;0.105345;10.199.299
0.316035;0.076614;10.256.760
0.296881;0.086191;10.295.067
0.306458;0.086191;10.180.145
0.316035;0.105345;10.046.070
0.306458;0.086191;9.940.725
0.316035;0.105345;9.710.882
0.306458;0.105345;9.653.421
0.296881;0.095768;9.643.845
0.316035;0.124498;9.730.036
0.296881;0.086191;9.911.995
0.306458;0.114922;10.036.493
0.306458;0.086191;10.122.684
0.335188;0.095768;10.247.183
0.325611;0.105345;10.247.183
0.325611;0.105345;10.218.452
0.316035;0.105345;10.036.493
0.316035;0.095768;9.892.841
0.316035;0.086191;9.787.497
0.296881;0.086191;9.691.729
0.325611;0.086191;9.720.459
0.306458;0.114922;9.835.381
0.325611;0.095768;10.065.224
0.316035;0.105345;10.199.299
0.316035;0.086191;10.228.029
0.306458;0.076614;10.256.760
0.325611;0.105345;10.208.876
0.296881;0.076614;10.093.954
0.306458;0.105345;9.979.033
0.316035;0.105345;9.768.343
0.296881;0.105345;9.672.575
0.296881;0.086191;9.662.998
0.316035;0.086191;9.768.343
0.296881;0.105345;9.892.841
0.316035;0.095768;9.979.033
0.316035;0.105345;10.093.954
0.316035;0.105345;10.256.760
0.335188;0.086191;10.247.183
0.316035;0.105345;10.208.876
0.287304;0.095768;10.026.917
0.325611;0.105345;9.911.995
0.306458;0.114922;9.806.650
0.296881;0.095768;9.691.729
0.296881;0.105345;9.682.152
0.306458;0.105345;9.720.459
0.306458;0.105345;9.816.227
0.325611;0.105345;10.055.647
0.316035;0.114922;10.132.261
0.306458;0.095768;10.218.452
0.316035;0.095768;10.266.336
0.316035;0.095768;10.199.299
0.335188;0.105345;10.093.954
0.306458;0.095768;9.873.688
0.325611;0.124498;9.758.766
0.296881;0.067038;9.691.729
0.325611;0.095768;9.691.729
0.296881;0.086191;9.768.343
0.306458;0.124498;9.844.957
0.325611;0.095768;9.959.879
0.335188;0.095768;10.180.145
0.325611;0.105345;10.247.183
0.325611;0.105345;10.266.336
0.316035;0.095768;10.218.452
0.316035;0.105345;10.074.800
0.316035;0.095768;9.940.725
0.325611;0.095768;9.816.227
0.335188;0.114922;9.672.575
0.296881;0.114922;9.672.575
0.316035;0.114922;9.710.882
0.296881;0.095768;9.921.572
0.306458;0.086191;10.046.070
0.316035;0.105345;10.151.415
0.316035;0.124498;10.218.452
0.335188;0.114922;10.256.760
0.325611;0.095768;10.189.722
0.316035;0.114922;10.122.684
0.316035;0.095768;9.883.265
0.306458;0.076614;9.777.920
0.306458;0.114922;9.710.882
0.306458;0.105345;9.691.729
0.296881;0.105345;9.749.189
0.316035;0.057461;9.844.957
0.325611;0.095768;9.969.456
0.325611;0.076614;10.170.568
0.296881;0.095768;10.266.336
0.316035;0.105345;10.285.490
0.335188;0.105345;10.151.415
0.316035;0.095768;10.093.954
0.296881;0.105345;9.959.879
0.316035;0.095768;9.844.957
0.306458;0.095768;9.682.152
0.306458;0.076614;9.672.575
0.296881;0.086191;9.777.920
0.325611;0.086191;9.883.265
0.316035;0.095768;9.979.033
0.335188;0.114922;10.093.954
0.325611;0.105345;10.275.913
0.325611;0.086191;10.256.760
0.316035;0.105345;10.218.452
0.316035;0.095768;10.151.415
0.316035;0.105345;9.921.572
0.296881;0.076614;9.777.920
0.296881;0.095768;9.701.305
0.316035;0.086191;9.672.575
0.287304;0.114922;9.730.036
0.316035;0.076614;9.825.804
0.316035;0.086191;9.921.572
0.335188;0.105345;10.160.992
0.325611;0.114922;10.218.452
0.325611;0.095768;10.266.336
0.325611;0.095768;10.189.722
0.306458;0.095768;10.093.954
0.316035;0.086191;9.979.033
0.287304;0.076614;9.768.343
0.306458;0.095768;9.653.421
0.306458;0.076614;9.710.882
0.306458;0.086191;9.864.111
0.306458;0.086191;9.998.186
0.325611;0.095768;10.122.684
0.316035;0.095768;10.218.452
0.306458;0.095768;10.247.183
0.325611;0.095768;10.247.183
0.325611;0.086191;10.046.070
0.316035;0.086191;9.940.725
0.316035;0.076614;9.816.227
0.306458;0.095768;9.730.036
0.316035;0.105345;9.691.729
0.306458;0.095768;9.730.036
0.306458;0.086191;9.806.650
0.325611;0.114922;10.036.493
0.325611;0.105345;10.132.261
0.306458;0.095768;10.218.452
0.344765;0.114922;10.247.183
0.316035;0.114922;10.199.299
0.316035;0.114922;10.113.108
0.325611;0.095768;9.998.186
0.296881;0.095768;9.787.497
0.306458;0.095768;9.730.036
0.287304;0.076614;9.682.152
0.296881;0.095768;9.758.766
0.316035;0.095768;9.854.534
0.306458;0.086191;9.950.302
0.325611;0.095768;10.074.800
0.335188;0.095768;10.247.183
0.316035;0.114922;10.256.760
0.316035;0.105345;10.170.568
0.306458;0.114922;10.055.647
0.325611;0.095768;9.959.879
0.296881;0.105345;9.835.381
0.306458;0.095768;9.691.729
0.316035;0.086191;9.682.152
0.316035;0.076614;9.701.305
0.325611;0.105345;9.806.650
0.344765;0.114922;9.998.186
0.335188;0.114922;10.132.261
0.316035;0.124498;10.208.876
0.335188;0.086191;10.256.760
0.316035;0.095768;10.199.299
0.316035;0.105345;10.132.261
0.316035;0.105345;10.055.647
0.316035;0.095768;9.797.073
0.306458;0.114922;9.720.459
0.344765;0.105345;9.682.152
0.306458;0.105345;9.758.766
0.316035;0.105345;9.825.804
0.316035;0.086191;9.959.879
0.306458;0.114922;10.170.568
0.306458;0.076614;10.199.299
0.325611;0.095768;10.266.336
0.325611;0.095768;10.247.183
0.316035;0.105345;10.103.531
0.306458;0.086191;9.998.186
0.306458;0.095768;9.835.381
0.296881;0.095768;9.701.305
0.316035;0.095768;9.682.152
0.316035;0.095768;9.710.882
0.306458;0.095768;9.864.111
0.316035;0.095768;9.988.609
0.306458;0.114922;10.113.108
0.325611;0.095768;10.218.452
0.325611;0.114922;10.266.336
0.316035;0.105345;10.228.029
0.316035;0.095768;10.151.415
0.296881;0.105345;9.931.149
0.296881;0.095768;9.816.227
0.325611;0.086191;9.758.766
0.287304;0.105345;9.691.729
0.296881;0.114922;9.730.036
0.296881;0.114922;9.787.497
0.306458;0.114922;9.921.572
0.335188;0.114922;10.170.568
0.335188;0.086191;10.199.299
0.306458;0.124498;10.256.760
0.316035;0.114922;10.189.722
0.325611;0.076614;10.122.684
0.306458;0.105345;9.988.609
0.287304;0.086191;9.873.688
0.296881;0.105345;9.730.036
0.296881;0.095768;9.701.305
0.316035;0.095768;9.691.729
0.306458;0.086191;9.844.957
0.325611;0.086191;9.969.456
0.296881;0.086191;10.084.377
0.325611;0.086191;10.256.760
0.325611;0.086191;10.275.913
0.325611;0.105345;10.228.029
0.335188;0.086191;10.160.992
0.306458;0.105345;9.940.725
0.316035;0.105345;9.854.534
0.296881;0.114922;9.768.343
0.335188;0.095768;9.691.729
0.306458;0.095768;9.710.882
0.296881;0.095768;9.806.650
0.316035;0.114922;10.007.763
0.306458;0.105345;10.122.684
0.316035;0.105345;10.189.722
0.335188;0.105345;10.256.760
0.296881;0.086191;10.208.876
0.325611;0.114922;10.141.838
0.306458;0.095768;9.998.186
0.306458;0.086191;9.787.497
0.296881;0.095768;9.720.459
0.306458;0.105345;9.701.305
0.306458;0.086191;9.768.343
0.316035;0.105345;9.835.381
0.306458;0.114922;9.950.302
0.316035;0.114922;10.084.377
0.335188;0.095768;10.199.299
0.325611;0.095768;10.237.606
0.316035;0.095768;10.228.029
0.316035;0.105345;10.170.568
0.316035;0.095768;9.959.879
0.316035;0.095768;9.854.534
0.316035;0.086191;9.758.766
0.287304;0.105345;9.662.998
0.296881;0.124498;9.720.459
0.306458;0.086191;9.758.766
0.316035;0.105345;9.998.186
0.306458;0.086191;10.093.954
0.325611;0.095768;10.189.722
0.325611;0.095768;10.237.606
0.316035;0.114922;10.218.452
0.306458;0.095768;10.122.684
0.325611;0.086191;10.036.493
0.268151;0.086191;9.816.227
0.316035;0.105345;9.720.459
0.306458;0.105345;9.672.575
0.306458;0.114922;9.739.613
0.316035;0.095768;9.825.804
0.316035;0.114922;9.931.149
0.325611;0.114922;10.036.493
0.325611;0.095768;10.208.876
0.325611;0.114922;10.247.183
0.306458;0.095768;10.237.606
0.316035;0.095768;10.113.108
0.316035;0.086191;9.959.879
0.325611;0.086191;9.873.688
0.306458;0.114922;9.691.729
0.306458;0.086191;9.691.729
0.316035;0.076614;9.710.882
0.306458;0.105345;9.758.766
0.325611;0.095768;9.979.033
0.296881;0.095768;10.113.108
0.316035;0.095768;10.228.029
0.325611;0.105345;10.237.606
0.316035;0.076614;10.208.876
0.306458;0.076614;10.151.415
0.306458;0.105345;10.074.800
0.325611;0.105345;9.835.381
0.296881;0.114922;9.730.036
0.306458;0.105345;9.701.305
0.316035;0.095768;9.720.459
0.306458;0.095768;9.797.073
0.316035;0.105345;9.892.841
0.306458;0.086191;10.132.261
0.344765;0.086191;10.218.452
0.316035;0.105345;10.237.606
0.316035;0.095768;10.228.029
0.335188;0.105345;10.132.261
0.316035;0.114922;9.988.609
0.296881;0.114922;9.892.841
0.306458;0.095768;9.701.305
0.306458;0.105345;9.701.305
0.287304;0.086191;9.730.036
0.316035;0.095768;9.864.111
0.316035;0.105345;9.950.302
0.316035;0.105345;10.065.224
0.335188;0.086191;10.160.992
0.325611;0.134075;10.237.606
0.325611;0.105345;10.237.606
0.325611;0.086191;10.189.722
0.296881;0.105345;9.979.033
0.316035;0.086191;9.854.534
0.306458;0.095768;9.758.766
0.296881;0.114922;9.691.729
0.316035;0.114922;9.701.305
0.316035;0.086191;9.777.920
0.306458;0.076614;9.892.841
0.306458;0.095768;10.103.531
0.306458;0.095768;10.218.452
0.306458;0.086191;10.247.183
0.296881;0.114922;10.237.606
0.325611;0.105345;10.122.684
0.306458;0.076614;10.026.917
0.306458;0.114922;9.911.995
0.316035;0.086191;9.739.613
0.296881;0.067038;9.672.575
0.296881;0.076614;9.682.152
0.325611;0.095768;9.825.804
0.306458;0.114922;9.921.572
0.316035;0.095768;10.007.763
0.316035;0.105345;10.132.261
0.335188;0.134075;10.256.760
0.316035;0.095768;10.247.183
0.306458;0.105345;10.170.568
0.296881;0.105345;9.979.033
0.316035;0.095768;9.864.111
0.306458;0.095768;9.768.343
0.316035;0.105345;9.682.152
0.306458;0.105345;9.672.575
0.296881;0.076614;9.777.920
0.325611;0.086191;9.883.265
0.316035;0.095768;10.122.684
0.316035;0.114922;10.180.145
0.316035;0.086191;10.237.606
0.306458;0.095768;10.208.876
0.335188;0.095768;10.141.838
0.316035;0.095768;10.026.917
0.316035;0.095768;9.816.227
0.306458;0.086191;9.749.189
0.296881;0.105345;9.691.729
0.287304;0.086191;9.720.459
0.306458;0.105345;9.835.381
0.316035;0.124498;9.902.418
0.316035;0.105345;10.007.763
0.325611;0.095768;10.208.876
0.316035;0.105345;10.218.452
0.316035;0.105345;10.228.029
0.335188;0.114922;10.180.145
0.316035;0.114922;9.979.033
0.296881;0.105345;9.777.920
0.316035;0.105345;9.662.998
0.306458;0.086191;9.701.305
0.296881;0.095768;9.758.766
0.325611;0.086191;9.969.456
0.296881;0.086191;10.074.800
0.306458;0.105345;10.151.415
0.306458;0.086191;10.208.876
0.316035;0.105345;10.228.029
0.316035;0.095768;10.180.145
0.306458;0.095768;10.074.800
0.316035;0.114922;9.844.957
0.296881;0.105345;9.777.920
0.296881;0.105345;9.701.305
0.296881;0.086191;9.730.036
0.335188;0.095768;9.797.073
0.316035;0.105345;9.902.418
0.316035;0.095768;10.007.763
0.325611;0.114922;10.189.722
0.316035;0.095768;10.256.760
0.325611;0.114922;10.237.606
0.296881;0.095768;10.103.531
0.306458;0.105345;10.017.340
0.306458;0.114922;9.902.418
0.316035;0.095768;9.816.227
0.306458;0.124498;9.691.729
0.316035;0.134075;9.701.305
0.325611;0.086191;9.768.343
0.316035;0.095768;9.931.149
0.306458;0.095768;10.036.493
0.316035;0.095768;10.141.838
0.306458;0.086191;10.256.760
0.306458;0.114922;10.218.452
0.316035;0.067038;10.151.415
0.316035;0.086191;10.093.954
0.306458;0.095768;9.854.534
0.306458;0.095768;9.787.497
0.296881;0.076614;9.710.882
0.306458;0.105345;9.720.459
0.296881;0.114922;9.768.343
0.296881;0.114922;9.883.265
0.296881;0.105345;10.093.954
0.316035;0.105345;10.170.568
0.335188;0.086191;10.218.452
0.316035;0.105345;10.228.029
0.316035;0.095768;10.141.838
0.316035;0.086191;10.046.070
0.316035;0.095768;9.911.995
0.296881;0.095768;9.739.613
0.325611;0.095768;9.701.305
0.296881;0.105345;9.730.036
0.296881;0.095768;9.739.613
0.287304;0.105345;9.931.149
0.325611;0.095768;10.026.917
0.325611;0.105345;10.122.684
0.325611;0.105345;10.218.452
0.316035;0.105345;10.247.183
0.316035;0.105345;10.199.299
0.316035;0.095768;9.988.609
0.316035;0.105345;9.873.688
0.316035;0.095768;9.758.766
0.316035;0.124498;9.739.613
0.316035;0.095768;9.730.036
0.306458;0.076614;9.777.920
0.325611;0.105345;9.844.957
0.316035;0.105345;10.084.377
0.325611;0.076614;10.180.145
0.325611;0.086191;10.237.606
0.306458;0.114922;10.218.452
0.335188;0.114922;10.141.838
0.296881;0.095768;10.055.647
0.306458;0.105345;9.950.302
0.306458;0.095768;9.768.343
0.306458;0.105345;9.691.729
0.306458;0.124498;9.710.882
0.296881;0.095768;9.825.804
0.316035;0.124498;9.911.995
0.306458;0.105345;10.007.763
0.306458;0.105345;10.113.108
0.335188;0.095768;10.218.452
0.325611;0.124498;10.237.606
0.306458;0.095768;10.199.299
0.316035;0.114922;9.998.186
0.316035;0.095768;9.892.841
0.287304;0.095768;9.835.381
0.325611;0.105345;9.682.152
0.296881;0.095768;9.730.036
0.296881;0.095768;9.749.189
0.316035;0.105345;9.854.534
0.306458;0.105345;10.065.224
0.296881;0.086191;10.160.992
0.296881;0.086191;10.247.183
0.325611;0.124498;10.218.452
0.325611;0.076614;10.132.261
0.306458;0.095768;10.074.800
0.316035;0.086191;9.959.879
0.306458;0.086191;9.768.343
0.296881;0.114922;9.710.882
0.306458;0.086191;9.691.729
0.296881;0.076614;9.787.497
0.316035;0.076614;9.892.841
0.306458;0.095768;9.998.186
0.316035;0.105345;10.199.299
0.306458;0.095768;10.228.029
0.335188;0.095768;10.208.876
0.296881;0.095768;10.189.722
0.325611;0.105345;10.017.340
0.316035;0.124498;9.921.572
0.316035;0.105345;9.806.650
0.306458;0.095768;9.682.152
0.316035;0.076614;9.710.882
0.306458;0.114922;9.758.766
0.316035;0.105345;9.950.302
0.325611;0.105345;10.055.647
0.325611;0.114922;10.113.108
0.306458;0.086191;10.189.722
0.325611;0.086191;10.247.183
0.316035;0.105345;10.160.992
0.306458;0.134075;10.065.224
0.306458;0.105345;9.883.265
0.306458;0.105345;9.777.920
0.287304;0.086191;9.720.459
0.287304;0.124498;9.682.152
0.306458;0.095768;9.768.343
0.306458;0.114922;9.854.534
0.316035;0.105345;9.959.879
0.325611;0.114922;10.160.992
0.316035;0.124498;10.228.029
0.335188;0.124498;10.218.452
0.335188;0.134075;10.160.992
0.306458;0.124498;10.046.070
0.316035;0.076614;9.940.725
0.277727;0.114922;9.730.036
0.306458;0.105345;9.720.459
0.296881;0.086191;9.720.459
0.316035;0.114922;9.730.036
0.325611;0.095768;9.921.572
0.316035;0.105345;9.998.186
0.325611;0.086191;10.103.531
0.344765;0.086191;10.228.029
0.306458;0.105345;10.237.606
0.306458;0.095768;10.189.722
0.306458;0.076614;10.132.261
0.287304;0.095768;9.892.841
0.306458;0.105345;9.777.920
0.296881;0.114922;9.701.305
0.316035;0.095768;9.710.882
0.316035;0.114922;9.739.613
0.306458;0.095768;9.864.111
0.325611;0.086191;10.055.647
0.335188;0.105345;10.160.992
0.306458;0.114922;10.218.452
0.335188;0.095768;10.237.606
0.335188;0.086191;10.180.145
0.306458;0.086191;10.074.800
0.306458;0.124498;9.979.033
0.296881;0.095768;9.758.766
0.306458;0.124498;9.701.305
0.306458;0.124498;9.730.036
0.306458;0.124498;9.730.036
0.316035;0.095768;9.902.418
0.306458;0.095768;9.959.879
0.325611;0.095768;10.084.377
0.344765;0.095768;10.208.876
0.335188;0.105345;10.247.183
0.316035;0.105345;10.199.299
0.306458;0.086191;10.026.917
0.306458;0.105345;9.911.995
0.306458;0.105345;9.835.381
0.277727;0.095768;9.739.613
0.287304;0.076614;9.720.459
0.316035;0.095768;9.749.189
0.306458;0.095768;9.844.957
0.325611;0.086191;10.055.647
0.325611;0.105345;10.151.415
0.316035;0.105345;10.189.722
0.325611;0.105345;10.237.606
0.316035;0.124498;10.160.992
0.316035;0.095768;10.093.954
0.316035;0.095768;9.979.033
0.306458;0.095768;9.777.920
0.296881;0.086191;9.720.459
0.306458;0.095768;9.682.152
0.306458;0.095768;9.787.497
0.306458;0.105345;9.864.111
0.306458;0.105345;9.969.456
0.316035;0.114922;10.046.070
0.316035;0.105345;10.208.876
0.325611;0.095768;10.228.029
0.325611;0.086191;10.180.145
0.325611;0.114922;10.036.493
0.296881;0.105345;9.931.149
0.296881;0.076614;9.835.381
0.306458;0.105345;9.701.305
0.287304;0.095768;9.710.882
0.296881;0.105345;9.749.189
0.306458;0.095768;9.844.957
0.325611;0.105345;10.026.917
0.325611;0.095768;10.103.531
0.335188;0.105345;10.199.299
0.296881;0.105345;10.247.183
0.306458;0.124498;10.199.299
0.306458;0.095768;10.093.954
0.277727;0.124498;9.988.609
0.306458;0.086191;9.797.073
0.296881;0.086191;9.730.036
0.296881;0.095768;9.710.882
0.325611;0.095768;9.797.073
0.306458;0.105345;9.835.381
0.306458;0.124498;9.969.456
0.325611;0.095768;10.151.415
0.325611;0.095768;10.180.145
0.316035;0.105345;10.247.183
0.306458;0.095768;10.199.299
0.306458;0.114922;10.065.224
0.325611;0.124498;9.940.725
0.316035;0.105345;9.854.534
0.296881;0.067038;9.730.036
0.296881;0.114922;9.720.459
0.316035;0.095768;9.739.613
0.296881;0.095768;9.902.418
0.306458;0.105345;10.017.340
0.325611;0.095768;10.103.531
0.316035;0.105345;10.247.183
0.316035;0.105345;10.228.029
0.306458;0.095768;10.199.299
0.335188;0.105345;10.113.108
0.316035;0.105345;9.911.995
0.316035;0.095768;9.816.227
0.287304;0.095768;9.758.766
0.316035;0.095768;9.710.882
0.306458;0.114922;9.730.036
0.306458;0.105345;9.835.381
0.316035;0.114922;9.969.456
0.325611;0.076614;10.132.261
0.316035;0.086191;10.228.029
0.335188;0.105345;10.218.452
0.316035;0.086191;10.151.415
0.306458;0.124498;10.084.377
0.316035;0.095768;9.959.879
0.296881;0.105345;9.873.688
0.306458;0.086191;9.730.036
0.316035;0.105345;9.691.729
0.306458;0.095768;9.730.036
0.296881;0.095768;9.892.841
0.306458;0.105345;9.979.033
0.306458;0.105345;10.074.800
0.335188;0.076614;10.228.029
0.306458;0.105345;10.237.606
0.344765;0.114922;10.189.722
0.316035;0.086191;10.141.838
0.316035;0.105345;9.931.149
0.306458;0.105345;9.806.650
0.316035;0.105345;9.739.613
0.306458;0.105345;9.691.729
0.316035;0.105345;9.758.766
0.306458;0.095768;9.825.804
0.316035;0.095768;9.940.725
0.325611;0.076614;10.151.415
0.316035;0.114922;10.189.722
0.325611;0.114922;10.247.183
0.316035;0.114922;10.141.838
0.325611;0.095768;10.093.954
0.325611;0.095768;9.998.186
0.296881;0.095768;9.816.227
0.316035;0.105345;9.710.882
0.306458;0.124498;9.701.305
0.316035;0.105345;9.720.459
0.316035;0.076614;9.873.688
0.316035;0.086191;9.950.302
0.306458;0.095768;10.065.224
0.325611;0.076614;10.199.299
0.344765;0.105345;10.228.029
0.335188;0.095768;10.218.452
0.325611;0.086191;10.055.647
0.316035;0.114922;9.959.879
0.306458;0.095768;9.873.688
0.296881;0.105345;9.758.766
0.306458;0.095768;9.710.882
0.316035;0.086191;9.749.189
0.306458;0.095768;9.797.073
0.316035;0.105345;9.998.186
0.325611;0.114922;10.103.531
0.316035;0.114922;10.189.722
0.316035;0.124498;10.218.452
0.325611;0.076614;10.180.145
0.316035;0.095768;10.132.261
0.316035;0.095768;10.017.340
0.296881;0.086191;9.797.073
0.316035;0.086191;9.739.613
0.296881;0.076614;9.701.305
0.325611;0.114922;9.758.766
0.325611;0.114922;9.873.688
0.306458;0.095768;9.931.149
0.277727;0.076614;10.055.647
0.325611;0.114922;10.208.876
0.335188;0.095768;10.228.029
0.325611;0.095768;10.228.029
0.306458;0.105345;10.065.224
0.306458;0.105345;9.969.456
0.306458;0.105345;9.854.534
0.296881;0.095768;9.701.305
0.296881;0.076614;9.720.459
0.306458;0.105345;9.720.459
0.325611;0.076614;9.806.650
0.306458;0.114922;9.988.609
0.306458;0.105345;10.074.800
0.335188;0.114922;10.160.992
0.306458;0.114922;10.218.452
0.296881;0.105345;10.199.299
0.306458;0.086191;10.132.261
0.335188;0.095768;10.026.917
0.296881;0.095768;9.835.381
0.316035;0.095768;9.749.189
0.306458;0.086191;9.691.729
0.296881;0.095768;9.739.613
0.306458;0.114922;9.844.957
0.325611;0.095768;9.931.149
0.316035;0.095768;10.113.108
0.344765;0.095768;10.208.876
0.344765;0.105345;10.208.876
0.335188;0.114922;10.218.452
0.316035;0.124498;10.093.954
0.325611;0.114922;9.998.186
0.306458;0.095768;9.873.688
0.306458;0.095768;9.720.459
0.306458;0.095768;9.739.613
0.287304;0.086191;9.797.073
0.316035;0.105345;9.969.456
0.316035;0.086191;10.055.647
0.316035;0.095768;10.151.415
0.325611;0.105345;10.208.876
0.325611;0.114922;10.208.876
0.316035;0.105345;10.122.684
0.296881;0.067038;9.921.572
0.306458;0.076614;9.825.804
0.296881;0.095768;9.682.152
0.325611;0.114922;9.739.613
0.306458;0.105345;9.835.381
0.306458;0.105345;9.931.149
0.316035;0.105345;10.122.684
0.335188;0.105345;10.160.992
0.306458;0.105345;10.228.029
0.325611;0.105345;10.189.722
0.325611;0.076614;10.122.684
0.316035;0.105345;10.007.763
0.296881;0.095768;9.739.613
0.296881;0.086191;9.710.882
0.325611;0.095768;9.739.613
0.306458;0.095768;9.873.688
0.325611;0.105345;10.065.224
0.316035;0.086191;10.151.415
0.325611;0.105345;10.247.183
0.325611;0.105345;10.189.722
0.335188;0.095768;10.151.415
0.325611;0.086191;9.969.456
0.296881;0.105345;9.777.920
0.316035;0.095768;9.682.152
0.277727;0.105345;9.739.613
0.306458;0.124498;9.816.227
0.316035;0.105345;9.892.841
0.306458;0.095768;10.084.377
0.306458;0.105345;10.189.722
0.306458;0.086191;10.218.452
0.335188;0.095768;10.180.145
0.306458;0.105345;10.122.684
0.325611;0.105345;10.007.763
0.306458;0.095768;9.921.572
0.287304;0.086191;9.749.189
0.296881;0.105345;9.720.459
0.306458;0.105345;9.720.459
0.316035;0.076614;9.825.804
0.296881;0.086191;9.950.302
0.296881;0.114922;10.065.224
0.335188;0.114922;10.199.299
0.316035;0.105345;10.228.029
0.335188;0.114922;10.199.299
0.325611;0.086191;10.160.992
0.325611;0.095768;9.969.456
0.325611;0.095768;9.873.688
0.287304;0.105345;9.787.497
0.306458;0.095768;9.720.459
0.296881;0.076614;9.739.613
0.296881;0.095768;9.806.650
0.296881;0.095768;9.988.609
0.306458;0.114922;10.055.647
0.335188;0.124498;10.160.992
0.335188;0.124498;10.208.876
0.325611;0.095768;10.180.145
0.325611;0.095768;10.132.261
0.306458;0.114922;10.017.340
0.325611;0.095768;9.835.381
0.296881;0.086191;9.777.920
0.296881;0.086191;9.739.613
0.296881;0.095768;9.720.459
0.316035;0.105345;9.816.227
0.296881;0.105345;9.911.995
0.316035;0.114922;9.998.186
0.316035;0.095768;10.180.145
0.335188;0.086191;10.199.299
0.316035;0.105345;10.208.876
0.335188;0.114922;10.093.954
0.316035;0.076614;9.979.033
0.306458;0.095768;9.902.418
0.306458;0.086191;9.816.227
0.296881;0.095768;9.720.459
0.306458;0.105345;9.720.459
0.306458;0.114922;9.768.343
0.306458;0.095768;9.969.456
0.316035;0.105345;10.074.800
0.316035;0.095768;10.151.415
0.325611;0.105345;10.228.029
0.316035;0.124498;10.180.145
0.325611;0.095768;10.132.261
0.335188;0.076614;10.055.647
0.306458;0.095768;9.844.957
0.316035;0.105345;9.797.073
0.306458;0.095768;9.739.613
0.296881;0.095768;9.758.766
0.287304;0.114922;9.806.650
0.316035;0.134075;9.883.265
0.306458;0.105345;10.084.377
0.325611;0.095768;10.180.145
0.325611;0.105345;10.199.299
0.316035;0.105345;10.218.452
0.316035;0.105345;10.113.108
0.296881;0.095768;10.026.917
0.296881;0.095768;9.797.073
0.306458;0.114922;9.758.766
0.296881;0.124498;9.710.882
0.325611;0.095768;9.730.036
0.316035;0.086191;9.777.920
0.316035;0.086191;9.950.302
0.325611;0.114922;10.055.647
0.287304;0.105345;10.141.838
0.335188;0.095768;10.208.876
0.325611;0.114922;10.199.299
0.335188;0.105345;10.141.838
0.296881;0.067038;9.988.609
0.306458;0.114922;9.873.688
0.316035;0.105345;9.777.920
0.287304;0.095768;9.691.729
0.306458;0.114922;9.730.036
0.296881;0.076614;9.797.073
0.306458;0.086191;9.883.265
0.316035;0.095768;10.093.954
0.325611;0.105345;10.170.568
0.335188;0.105345;10.218.452
0.316035;0.105345;10.208.876
0.316035;0.114922;10.113.108
0.306458;0.105345;10.046.070
0.316035;0.086191;9.911.995
0.306458;0.114922;9.758.766
0.306458;0.105345;9.720.459
0.325611;0.086191;9.720.459
0.306458;0.095768;9.835.381
0.306458;0.114922;9.931.149
0.306458;0.105345;10.036.493
0.316035;0.134075;10.122.684
0.335188;0.105345;10.228.029
0.325611;0.086191;10.208.876
0.325611;0.095768;10.160.992
0.306458;0.095768;9.988.609
0.316035;0.095768;9.892.841
0.325611;0.095768;9.806.650
0.287304;0.114922;9.730.036
0.296881;0.105345;9.730.036
0.306458;0.105345;9.787.497
0.316035;0.105345;9.864.111
0.316035;0.105345;10.084.377
0.316035;0.067038;10.113.108
0.316035;0.114922;10.189.722
0.316035;0.095768;10.170.568
0.306458;0.095768;10.132.261
0.316035;0.095768;10.065.224
0.296881;0.086191;9.844.957
0.306458;0.124498;9.758.766
0.316035;0.105345;9.739.613
0.296881;0.095768;9.739.613
0.316035;0.095768;9.816.227
0.316035;0.076614;9.911.995
0.306458;0.095768;9.988.609
0.325611;0.105345;10.180.145
0.325611;0.114922;10.199.299
0.316035;0.105345;10.199.299
0.344765;0.095768;10.170.568
0.316035;0.095768;9.988.609
0.325611;0.105345;9.883.265
0.316035;0.086191;9.806.650
0.306458;0.095768;9.739.613
0.316035;0.105345;9.749.189
0.316035;0.105345;9.787.497
0.306458;0.114922;9.979.033
0.306458;0.114922;10.055.647
0.306458;0.086191;10.113.108
0.335188;0.086191;10.180.145
0.316035;0.095768;10.199.299
0.316035;0.114922;10.132.261
0.335188;0.105345;10.046.070
0.306458;0.105345;9.864.111
0.296881;0.105345;9.777.920
0.296881;0.086191;9.720.459
0.306458;0.086191;9.730.036
0.316035;0.124498;9.825.804
0.287304;0.114922;9.883.265
0.296881;0.105345;10.017.340
0.335188;0.105345;10.151.415
0.335188;0.105345;10.208.876
0.316035;0.105345;10.218.452
0.316035;0.105345;10.084.377
0.316035;0.114922;10.026.917
0.316035;0.086191;9.940.725
0.316035;0.114922;9.816.227
0.296881;0.105345;9.710.882
0.287304;0.105345;9.730.036
0.306458;0.086191;9.758.766
0.316035;0.114922;9.940.725
0.325611;0.095768;10.017.340
0.306458;0.105345;10.132.261
0.316035;0.124498;10.208.876
0.344765;0.114922;10.218.452
0.335188;0.076614;10.151.415
0.316035;0.114922;10.055.647
0.325611;0.095768;9.921.572
0.296881;0.076614;9.806.650
0.306458;0.105345;9.720.459
0.316035;0.095768;9.749.189
0.306458;0.105345;9.806.650
0.296881;0.114922;9.902.418
0.306458;0.095768;10.074.800
0.325611;0.105345;10.151.415
0.316035;0.105345;10.199.299
0.316035;0.105345;10.208.876
0.306458;0.105345;10.122.684
0.306458;0.114922;10.017.340
0.306458;0.124498;9.950.302
0.306458;0.114922;9.787.497
0.306458;0.095768;9.730.036
0.306458;0.095768;9.720.459
0.306458;0.086191;9.768.343
0.306458;0.124498;9.921.572
0.335188;0.124498;10.017.340
0.316035;0.095768;10.103.531
0.306458;0.086191;10.208.876
0.325611;0.105345;10.199.299
0.325611;0.105345;10.180.145
0.306458;0.086191;9.998.186
0.316035;0.076614;9.911.995
0.287304;0.095768;9.806.650
0.316035;0.095768;9.739.613
0.306458;0.076614;9.768.343
0.306458;0.095768;9.797.073
0.306458;0.095768;9.835.381
0.325611;0.124498;10.046.070
0.325611;0.114922;10.141.838
0.325611;0.095768;10.208.876
0.325611;0.105345;10.189.722
0.306458;0.095768;10.141.838
0.306458;0.095768;10.074.800
0.306458;0.095768;9.940.725
0.325611;0.095768;9.797.073
0.296881;0.086191;9.758.766
0.316035;0.086191;9.730.036
0.296881;0.086191;9.806.650
0.335188;0.095768;9.911.995
0.325611;0.124498;10.017.340
0.306458;0.095768;10.113.108
0.316035;0.095768;10.208.876
0.325611;0.095768;10.208.876
0.306458;0.095768;10.160.992
0.325611;0.105345;10.007.763
0.296881;0.105345;9.911.995
0.316035;0.105345;9.844.957
0.306458;0.105345;9.730.036
0.306458;0.114922;9.749.189
0.287304;0.105345;9.777.920
0.296881;0.114922;9.854.534
0.296881;0.105345;10.007.763
0.316035;0.124498;10.103.531
0.325611;0.095768;10.180.145
0.325611;0.124498;10.199.299
0.335188;0.076614;10.160.992
0.306458;0.114922;10.065.224
0.325611;0.095768;9.969.456
0.306458;0.095768;9.787.497
0.306458;0.105345;9.758.766
0.316035;0.095768;9.749.189
0.325611;0.124498;9.777.920
0.325611;0.105345;9.892.841
0.325611;0.095768;9.969.456
0.335188;0.105345;10.141.838
0.316035;0.095768;10.199.299
0.335188;0.124498;10.180.145
0.325611;0.114922;10.180.145
0.296881;0.095768;10.046.070
0.316035;0.105345;9.931.149
0.316035;0.095768;9.835.381
0.306458;0.114922;9.730.036
0.296881;0.105345;9.720.459
0.306458;0.095768;9.797.073
0.306458;0.076614;9.940.725
0.316035;0.086191;10.007.763
0.325611;0.095768;10.113.108
0.325611;0.095768;10.170.568
0.325611;0.105345;10.208.876
0.316035;0.095768;10.055.647
0.316035;0.105345;9.892.841
0.296881;0.095768;9.816.227
0.306458;0.095768;9.758.766
0.316035;0.086191;9.825.804
0.316035;0.086191;9.864.111
0.306458;0.095768;9.950.302
0.316035;0.105345;10.122.684
0.316035;0.086191;10.170.568
0.316035;0.095768;10.228.029
0.335188;0.095768;10.113.108
0.316035;0.105345;10.065.224
0.325611;0.086191;9.950.302
0.296881;0.095768;9.854.534
0.306458;0.095768;9.730.036
0.296881;0.086191;9.739.613
0.316035;0.114922;9.777.920
0.316035;0.095768;10.026.917
0.316035;0.086191;10.113.108
0.325611;0.105345;10.199.299
0.306458;0.095768;10.218.452
0.325611;0.095768;10.084.377
0.306458;0.095768;9.911.995
0.277727;0.114922;9.816.227
0.296881;0.095768;9.739.613
0.306458;0.076614;9.758.766
0.306458;0.105345;9.806.650
0.306458;0.114922;9.950.302
0.306458;0.105345;10.122.684
0.325611;0.095768;10.199.299
0.316035;0.086191;10.170.568
0.316035;0.114922;10.065.224
0.306458;0.124498;9.998.186
0.306458;0.105345;9.797.073
0.325611;0.105345;9.739.613
0.316035;0.095768;9.710.882
0.306458;0.086191;9.739.613
0.325611;0.114922;9.883.265
0.325611;0.105345;9.959.879
0.296881;0.095768;10.074.800
0.316035;0.114922;10.218.452
0.316035;0.105345;10.199.299
0.325611;0.095768;10.170.568
0.306458;0.114922;10.036.493
0.325611;0.114922;9.931.149
0.316035;0.105345;9.844.957
0.306458;0.086191;9.768.343
0.316035;0.105345;9.749.189
0.306458;0.105345;9.777.920
0.306458;0.095768;9.921.572
0.316035;0.114922;10.055.647
0.316035;0.076614;10.103.531
0.316035;0.114922;10.189.722
0.316035;0.095768;10.237.606
0.335188;0.134075;10.160.992
0.325611;0.095768;10.074.800
0.306458;0.105345;10.017.340
0.316035;0.105345;9.835.381
0.306458;0.114922;9.758.766
0.306458;0.086191;9.739.613
0.306458;0.105345;9.806.650
0.306458;0.095768;9.902.418
0.316035;0.105345;9.959.879
0.306458;0.114922;10.055.647
0.325611;0.105345;10.189.722
0.325611;0.105345;10.199.299
0.316035;0.114922;10.132.261
0.287304;0.086191;10.026.917
0.316035;0.095768;9.950.302
0.306458;0.095768;9.854.534
0.316035;0.105345;9.739.613
0.287304;0.105345;9.739.613
0.296881;0.095768;9.758.766
0.335188;0.124498;9.825.804
0.316035;0.095768;10.036.493
0.316035;0.086191;10.103.531
0.296881;0.095768;10.189.722
0.325611;0.114922;10.180.145
0.325611;0.086191;10.132.261
0.335188;0.105345;10.065.224
0.316035;0.124498;10.007.763
0.316035;0.095768;9.816.227
0.316035;0.114922;9.758.766
0.306458;0.086191;9.710.882
0.306458;0.086191;9.806.650
0.306458;0.105345;9.854.534
0.325611;0.076614;9.959.879
0.325611;0.086191;10.132.261
0.325611;0.095768;10.208.876
0.306458;0.086191;10.189.722
0.325611;0.114922;10.160.992
0.316035;0.114922;10.055.647
0.316035;0.105345;9.950.302
0.287304;0.086191;9.806.650
0.296881;0.105345;9.739.613
0.316035;0.105345;9.730.036
0.316035;0.095768;9.758.766
0.316035;0.124498;9.892.841
0.316035;0.105345;9.979.033
0.316035;0.105345;10.093.954
0.316035;0.114922;10.160.992
0.344765;0.086191;10.199.299
0.316035;0.086191;10.160.992
0.306458;0.105345;10.132.261
0.316035;0.095768;9.931.149
0.306458;0.105345;9.854.534
0.325611;0.095768;9.758.766
0.277727;0.124498;9.730.036
0.296881;0.114922;9.797.073
0.316035;0.095768;9.835.381
0.316035;0.095768;9.950.302
0.296881;0.105345;10.132.261
0.316035;0.114922;10.180.145
0.316035;0.105345;10.180.145
0.335188;0.095768;10.151.415
0.325611;0.095768;10.074.800
0.316035;0.086191;9.998.186
0.325611;0.114922;9.902.418
0.306458;0.095768;9.768.343
0.316035;0.114922;9.768.343
0.316035;0.095768;9.777.920
0.325611;0.105345;9.873.688
0.306458;0.105345;9.988.609
0.325611;0.076614;10.132.261
0.325611;0.095768;10.189.722
0.325611;0.105345;10.237.606
0.316035;0.105345;10.170.568
0.316035;0.095768;10.122.684
0.325611;0.105345;9.931.149
0.306458;0.114922;9.873.688
0.325611;0.086191;9.777.920
0.296881;0.105345;9.720.459
0.325611;0.105345;9.777.920
0.277727;0.095768;9.816.227
0.296881;0.095768;9.921.572
0.306458;0.095768;10.132.261
0.325611;0.105345;10.132.261
0.306458;0.114922;10.170.568
0.316035;0.105345;10.151.415
0.316035;0.095768;10.093.954
0.316035;0.095768;9.998.186
0.325611;0.095768;9.825.804
0.306458;0.114922;9.768.343
0.325611;0.095768;9.739.613
0.316035;0.105345;9.710.882
0.296881;0.105345;9.873.688
0.316035;0.086191;9.969.456
0.335188;0.095768;10.055.647
0.316035;0.105345;10.180.145
0.335188;0.086191;10.189.722
0.316035;0.076614;10.189.722
0.306458;0.114922;10.151.415
0.287304;0.114922;9.950.302
0.306458;0.114922;9.873.688
0.316035;0.105345;9.806.650
0.306458;0.086191;9.739.613
0.296881;0.095768;9.758.766
0.316035;0.086191;9.835.381
0.316035;0.095768;10.017.340
0.316035;0.095768;10.084.377
0.316035;0.095768;10.170.568
0.296881;0.105345;10.218.452
0.316035;0.095768;10.151.415
0.306458;0.114922;10.103.531
0.316035;0.105345;9.998.186
0.306458;0.105345;9.825.804
0.316035;0.105345;9.787.497
0.306458;0.086191;9.739.613
0.316035;0.114922;9.787.497
0.296881;0.114922;9.844.957
0.335188;0.086191;9.959.879
0.306458;0.105345;10.017.340
0.325611;0.095768;10.189.722
0.306458;0.114922;10.189.722
0.325611;0.086191;10.180.145
0.306458;0.095768;10.074.800
0.325611;0.105345;9.988.609
0.296881;0.105345;9.883.265
0.306458;0.114922;9.739.613
0.306458;0.105345;9.720.459
0.306458;0.105345;9.777.920
0.306458;0.105345;9.797.073
0.296881;0.114922;9.979.033
0.306458;0.105345;10.065.224
0.335188;0.086191;10.141.838
0.335188;0.086191;10.218.452
0.325611;0.086191;10.189.722
0.316035;0.095768;10.113.108
0.316035;0.095768;10.026.917
0.316035;0.105345;9.825.804
0.316035;0.095768;9.777.920
0.306458;0.124498;9.749.189
0.306458;0.114922;9.787.497
0.306458;0.086191;9.825.804
0.316035;0.076614;9.940.725
0.306458;0.114922;10.093.954
0.325611;0.086191;10.160.992
0.316035;0.095768;10.189.722
0.325611;0.114922;10.199.299
0.316035;0.105345;10.084.377
0.306458;0.114922;9.969.456
0.306458;0.105345;9.873.688
0.296881;0.095768;9.777.920
0.287304;0.086191;9.720.459
0.306458;0.095768;9.777.920
0.325611;0.105345;9.787.497
0.287304;0.095768;9.959.879
0.316035;0.086191;10.046.070
0.316035;0.095768;10.122.684
0.316035;0.114922;10.189.722
0.325611;0.086191;10.180.145
0.316035;0.095768;10.132.261
0.306458;0.105345;9.940.725
0.316035;0.095768;9.873.688
0.316035;0.114922;9.777.920
0.325611;0.095768;9.749.189
0.325611;0.095768;9.758.766
0.335188;0.105345;9.835.381
0.316035;0.086191;9.902.418
0.306458;0.095768;10.093.954
0.316035;0.114922;10.141.838
0.296881;0.095768;10.189.722
0.325611;0.086191;10.151.415
0.306458;0.076614;10.103.531
0.325611;0.095768;9.988.609
0.325611;0.124498;9.911.995
0.306458;0.076614;9.758.766
0.306458;0.086191;9.758.766
0.325611;0.095768;9.749.189
0.325611;0.114922;9.873.688
0.306458;0.114922;9.959.879
0.316035;0.095768;10.017.340
0.325611;0.105345;10.141.838
0.316035;0.114922;10.189.722
0.316035;0.114922;10.160.992
0.335188;0.114922;10.141.838
0.306458;0.114922;9.979.033
0.296881;0.095768;9.902.418
0.296881;0.105345;9.835.381
0.316035;0.095768;9.739.613
0.296881;0.086191;9.749.189
0.306458;0.105345;9.835.381
0.306458;0.086191;9.921.572
0.316035;0.095768;10.084.377
0.325611;0.095768;10.170.568
0.325611;0.086191;10.218.452
0.325611;0.134075;10.160.992
0.316035;0.105345;10.103.531
0.296881;0.105345;10.007.763
0.287304;0.095768;9.854.534
0.306458;0.095768;9.768.343
0.306458;0.105345;9.710.882
0.316035;0.114922;9.768.343
0.316035;0.067038;9.835.381
0.296881;0.095768;9.931.149
0.316035;0.105345;10.007.763
0.316035;0.086191;10.180.145
0.325611;0.095768;10.199.299
0.316035;0.095768;10.189.722
0.306458;0.095768;10.151.415
0.316035;0.095768;9.988.609
0.306458;0.095768;9.892.841
0.316035;0.095768;9.797.073
0.287304;0.095768;9.730.036
0.316035;0.076614;9.758.766
0.316035;0.114922;9.835.381
0.325611;0.105345;9.988.609
0.316035;0.086191;10.084.377
0.325611;0.095768;10.141.838
0.325611;0.105345;10.160.992
0.325611;0.114922;10.180.145
0.306458;0.095768;10.132.261
0.306458;0.095768;10.055.647
0.306458;0.086191;9.844.957
0.316035;0.114922;9.777.920
0.306458;0.105345;9.749.189
0.316035;0.086191;9.749.189
0.316035;0.095768;9.816.227
0.316035;0.086191;9.911.995
0.325611;0.076614;9.988.609
0.316035;0.105345;10.170.568
0.325611;0.105345;10.199.299
0.325611;0.095768;10.180.145
0.306458;0.076614;10.074.800
0.316035;0.095768;10.007.763
0.325611;0.095768;9.911.995
0.316035;0.086191;9.844.957
0.296881;0.095768;9.710.882
0.325611;0.105345;9.739.613
0.306458;0.105345;9.768.343
0.316035;0.086191;9.959.879
0.335188;0.105345;10.046.070
0.316035;0.105345;10.132.261
0.325611;0.076614;10.199.299
0.316035;0.105345;10.151.415
0.335188;0.114922;10.132.261
0.325611;0.105345;10.055.647
0.316035;0.086191;9.864.111
0.316035;0.095768;9.806.650
0.306458;0.105345;9.777.920
0.296881;0.105345;9.768.343
0.306458;0.095768;9.797.073
0.306458;0.095768;9.892.841
0.316035;0.086191;10.055.647
0.306458;0.105345;10.132.261
0.335188;0.105345;10.208.876
0.325611;0.095768;10.180.145
0.335188;0.105345;10.093.954
0.335188;0.095768;10.017.340
0.306458;0.095768;9.931.149
0.316035;0.095768;9.768.343
0.306458;0.095768;9.749.189
0.296881;0.114922;9.739.613
0.316035;0.086191;9.777.920
0.306458;0.095768;9.950.302
0.325611;0.095768;10.017.340
0.306458;0.095768;10.103.531
0.325611;0.105345;10.180.145
0.316035;0.114922;10.180.145
0.335188;0.105345;10.132.261
0.306458;0.086191;9.969.456
0.306458;0.124498;9.797.073
0.306458;0.095768;9.777.920
0.296881;0.105345;9.777.920
0.306458;0.105345;9.816.227
0.296881;0.086191;9.892.841
0.335188;0.095768;10.055.647
0.316035;0.114922;10.141.838
0.316035;0.086191;10.199.299
0.325611;0.105345;10.141.838
0.316035;0.095768;10.103.531
0.316035;0.114922;10.036.493
0.325611;0.095768;9.931.149
0.306458;0.095768;9.787.497
0.306458;0.095768;9.720.459
0.316035;0.105345;9.777.920
0.306458;0.124498;9.854.534
0.316035;0.086191;9.921.572
0.335188;0.086191;10.026.917
0.325611;0.086191;10.132.261
0.306458;0.086191;10.180.145
0.306458;0.095768;10.189.722
0.306458;0.105345;10.151.415
0.296881;0.086191;10.007.763
0.306458;0.095768;9.902.418
0.306458;0.095768;9.816.227
0.296881;0.095768;9.768.343
0.287304;0.095768;9.768.343
0.296881;0.095768;9.816.227
0.306458;0.095768;9.959.879
0.296881;0.105345;10.046.070
0.316035;0.076614;10.151.415
0.316035;0.095768;10.180.145
0.325611;0.086191;10.122.684
0.325611;0.086191;10.055.647
0.316035;0.086191;9.950.302
0.306458;0.105345;9.806.650
0.306458;0.105345;9.749.189
0.306458;0.095768;9.768.343
0.306458;0.114922;9.816.227
0.306458;0.076614;9.931.149
0.316035;0.114922;9.988.609
0.316035;0.105345;10.170.568
0.316035;0.105345;10.180.145
0.316035;0.095768;10.189.722
0.316035;0.105345;10.170.568
0.306458;0.105345;9.979.033
0.296881;0.114922;9.931.149
0.306458;0.124498;9.844.957
0.296881;0.114922;9.768.343
0.306458;0.124498;9.768.343
0.306458;0.095768;9.777.920
0.325611;0.105345;9.950.302
0.296881;0.076614;10.046.070
0.316035;0.105345;10.132.261
0.316035;0.105345;10.160.992
0.306458;0.095768;10.170.568
0.306458;0.105345;10.132.261
0.325611;0.124498;10.065.224
0.316035;0.076614;9.902.418
0.306458;0.105345;9.825.804
0.316035;0.105345;9.768.343
0.287304;0.095768;9.768.343
0.296881;0.114922;9.806.650
0.316035;0.105345;9.892.841
0.296881;0.086191;9.979.033
0.325611;0.105345;10.132.261
0.316035;0.114922;10.180.145
0.316035;0.095768;10.180.145
0.306458;0.086191;10.113.108
0.306458;0.095768;10.007.763
0.316035;0.095768;9.959.879
0.325611;0.105345;9.873.688
0.306458;0.095768;9.758.766
0.306458;0.114922;9.758.766
0.306458;0.105345;9.768.343
0.325611;0.105345;9.940.725
0.296881;0.076614;10.007.763
0.316035;0.095768;10.093.954
0.306458;0.095768;10.189.722
0.335188;0.105345;10.180.145
0.306458;0.105345;10.132.261
0.316035;0.124498;10.074.800
0.306458;0.105345;9.911.995
0.296881;0.095768;9.844.957
0.287304;0.095768;9.797.073
0.296881;0.114922;9.758.766
0.325611;0.114922;9.844.957
0.306458;0.095768;9.883.265
0.325611;0.114922;10.046.070
0.316035;0.105345;10.132.261
0.306458;0.095768;10.180.145
0.306458;0.105345;10.180.145
0.306458;0.105345;10.122.684
0.296881;0.114922;10.036.493
0.306458;0.095768;9.988.609
0.325611;0.086191;9.797.073
0.316035;0.086191;9.777.920
0.296881;0.076614;9.739.613
0.306458;0.086191;9.797.073
0.316035;0.114922;9.931.149
0.287304;0.105345;9.988.609
0.306458;0.114922;10.093.954
0.316035;0.095768;10.189.722
0.316035;0.124498;10.199.299
0.325611;0.095768;10.132.261
0.325611;0.095768;9.988.609
0.296881;0.095768;9.902.418
0.296881;0.105345;9.825.804
0.296881;0.114922;9.787.497
0.296881;0.095768;9.749.189
0.306458;0.105345;9.797.073
0.316035;0.105345;9.873.688
0.306458;0.086191;10.065.224
0.316035;0.105345;10.113.108
0.296881;0.095768;10.170.568
0.325611;0.086191;10.189.722
0.316035;0.105345;10.132.261
0.306458;0.086191;10.074.800
0.316035;0.095768;9.959.879
0.316035;0.095768;9.816.227
0.306458;0.086191;9.777.920
0.296881;0.086191;9.758.766
0.316035;0.067038;9.825.804
0.325611;0.105345;9.892.841
0.316035;0.114922;9.979.033
0.335188;0.095768;10.036.493
0.325611;0.105345;10.189.722
0.316035;0.105345;10.180.145
0.316035;0.105345;10.160.992
0.325611;0.095768;10.017.340
0.316035;0.086191;9.931.149
0.277727;0.095768;9.844.957
0.296881;0.095768;9.739.613
0.335188;0.114922;9.758.766
0.306458;0.114922;9.787.497
0.316035;0.095768;9.854.534
0.325611;0.105345;10.026.917
0.316035;0.095768;10.084.377
0.335188;0.086191;10.151.415
0.316035;0.105345;10.160.992
0.335188;0.114922;10.103.531
0.325611;0.105345;10.074.800
0.325611;0.095768;9.883.265
0.296881;0.095768;9.806.650
0.296881;0.105345;9.777.920
0.296881;0.105345;9.749.189
0.316035;0.067038;9.825.804
0.325611;0.086191;9.883.265
0.316035;0.105345;9.969.456
0.296881;0.114922;10.141.838
0.325611;0.114922;10.151.415
0.296881;0.105345;10.208.876
0.335188;0.105345;10.122.684
0.316035;0.124498;10.017.340
0.316035;0.105345;9.940.725
0.296881;0.086191;9.864.111
0.296881;0.105345;9.768.343
0.306458;0.095768;9.777.920
0.316035;0.086191;9.787.497
0.316035;0.105345;9.931.149
0.306458;0.095768;10.017.340
0.325611;0.095768;10.113.108
0.316035;0.086191;10.132.261
0.344765;0.105345;10.189.722
0.325611;0.105345;10.113.108
0.316035;0.105345;10.074.800
0.287304;0.076614;9.911.995
0.306458;0.105345;9.825.804
0.316035;0.086191;9.816.227
0.316035;0.105345;9.758.766
0.325611;0.095768;9.816.227
0.296881;0.105345;9.873.688
0.316035;0.095768;9.979.033
0.306458;0.086191;10.103.531
0.316035;0.105345;10.160.992
0.316035;0.114922;10.170.568
0.316035;0.076614;10.093.954
0.325611;0.086191;10.017.340
0.296881;0.095768;9.959.879
0.325611;0.095768;9.883.265
0.287304;0.095768;9.768.343
0.306458;0.095768;9.749.189
0.306458;0.086191;9.806.650
0.306458;0.086191;9.902.418
0.316035;0.086191;10.007.763
0.296881;0.105345;10.074.800
0.306458;0.114922;10.160.992
0.335188;0.095768;10.189.722
0.296881;0.086191;10.170.568
0.316035;0.086191;10.103.531
0.306458;0.095768;9.940.725
0.316035;0.095768;9.864.111
0.296881;0.086191;9.777.920
0.306458;0.114922;9.758.766
0.325611;0.086191;9.777.920
0.316035;0.095768;9.864.111
0.306458;0.095768;10.036.493
0.316035;0.105345;10.093.954
0.316035;0.114922;10.151.415
0.316035;0.086191;10.199.299
0.325611;0.114922;10.103.531
0.306458;0.095768;10.093.954
0.316035;0.086191;9.979.033
0.287304;0.105345;9.835.381
0.296881;0.076614;9.806.650
0.316035;0.086191;9.758.766
0.306458;0.095768;9.749.189
0.325611;0.105345;9.883.265
0.316035;0.086191;9.998.186
0.325611;0.105345;10.055.647
0.316035;0.124498;10.180.145
0.316035;0.105345;10.180.145
0.306458;0.105345;10.151.415
0.316035;0.105345;10.036.493
0.325611;0.114922;9.940.725
0.306458;0.114922;9.854.534
0.335188;0.086191;9.816.227
0.296881;0.076614;9.777.920
0.306458;0.105345;9.806.650
0.287304;0.086191;9.864.111
0.306458;0.105345;10.007.763
0.296881;0.105345;10.113.108
0.316035;0.086191;10.151.415
0.325611;0.105345;10.180.145
0.325611;0.095768;10.141.838
0.306458;0.095768;10.074.800
0.306458;0.086191;9.988.609
0.306458;0.095768;9.844.957
0.306458;0.105345;9.768.343
0.296881;0.086191;9.768.343
0.306458;0.105345;9.816.227
0.316035;0.105345;9.873.688
0.306458;0.105345;9.959.879
0.296881;0.095768;10.055.647
0.316035;0.095768;10.160.992
0.316035;0.114922;10.170.568
0.325611;0.095768;10.151.415
0.325611;0.076614;10.026.917
0.325611;0.105345;9.969.456
0.316035;0.114922;9.864.111
0.316035;0.076614;9.768.343
0.296881;0.076614;9.749.189
0.287304;0.105345;9.777.920
0.296881;0.095768;9.844.957
0.306458;0.095768;9.979.033
0.306458;0.095768;10.084.377
0.325611;0.114922;10.141.838
0.316035;0.095768;10.170.568
0.335188;0.086191;10.170.568
0.306458;0.095768;10.074.800
0.277727;0.105345;10.026.917
0.335188;0.105345;9.854.534
0.316035;0.086191;9.816.227
0.296881;0.095768;9.758.766
0.325611;0.105345;9.777.920
0.325611;0.114922;9.883.265
0.287304;0.086191;9.969.456
0.316035;0.076614;10.103.531
0.316035;0.086191;10.151.415
0.335188;0.114922;10.160.992
0.316035;0.105345;10.141.838
0.287304;0.086191;10.046.070
0.296881;0.086191;9.969.456
0.287304;0.095768;9.883.265
0.287304;0.095768;9.787.497
0.296881;0.095768;9.787.497
0.287304;0.105345;9.797.073
0.316035;0.086191;9.854.534
0.316035;0.086191;9.959.879
0.325611;0.086191;10.036.493
0.316035;0.114922;10.132.261
0.296881;0.105345;10.189.722
0.335188;0.095768;10.160.992
0.325611;0.095768;10.065.224
0.306458;0.095768;9.950.302
0.306458;0.105345;9.854.534
0.306458;0.086191;9.806.650
0.296881;0.095768;9.768.343
0.296881;0.105345;9.787.497
0.316035;0.095768;9.854.534
0.306458;0.105345;9.931.149
0.335188;0.086191;10.103.531
0.325611;0.095768;10.141.838
0.325611;0.095768;10.160.992
0.316035;0.095768;10.122.684
0.306458;0.105345;10.084.377
0.325611;0.095768;9.979.033
0.306458;0.134075;9.835.381
0.316035;0.105345;9.787.497
0.306458;0.105345;9.768.343
0.306458;0.095768;9.768.343
0.296881;0.095768;9.902.418
0.306458;0.095768;9.969.456
0.296881;0.095768;10.046.070
0.287304;0.086191;10.151.415
0.316035;0.114922;10.160.992
0.296881;0.105345;10.141.838
0.325611;0.095768;10.093.954
0.306458;0.095768;9.959.879
0.316035;0.105345;9.864.111
0.316035;0.076614;9.825.804
0.306458;0.114922;9.768.343
0.306458;0.105345;9.787.497
0.316035;0.076614;9.844.957
0.316035;0.067038;9.892.841
0.325611;0.086191;10.084.377
0.306458;0.114922;10.103.531
0.306458;0.086191;10.180.145
0.296881;0.114922;10.160.992
0.325611;0.076614;10.084.377
0.296881;0.105345;10.007.763
0.306458;0.105345;9.854.534
0.306458;0.086191;9.777.920
0.296881;0.105345;9.768.343
0.316035;0.095768;9.777.920
0.296881;0.095768;9.864.111
0.316035;0.095768;9.959.879
0.306458;0.105345;10.036.493
0.316035;0.095768;10.141.838
0.306458;0.095768;10.160.992
0.335188;0.095768;10.160.992
0.316035;0.086191;10.065.224
0.316035;0.114922;9.998.186
0.306458;0.086191;9.902.418
0.306458;0.114922;9.825.804
0.306458;0.095768;9.768.343
0.316035;0.095768;9.768.343
0.316035;0.086191;9.844.957
0.325611;0.086191;9.988.609
0.316035;0.105345;10.055.647
0.306458;0.114922;10.113.108
0.325611;0.076614;10.170.568
0.335188;0.095768;10.141.838
0.325611;0.076614;10.065.224
0.306458;0.114922;9.998.186
0.316035;0.086191;9.873.688
0.316035;0.114922;9.806.650
0.306458;0.114922;9.777.920
0.287304;0.095768;9.797.073
0.306458;0.086191;9.854.534
0.316035;0.086191;9.950.302
0.325611;0.095768;10.017.340
0.306458;0.105345;10.170.568
0.306458;0.105345;10.141.838
0.316035;0.095768;10.180.145
0.316035;0.105345;10.065.224
0.316035;0.124498;9.988.609
0.306458;0.095768;9.911.995
0.306458;0.086191;9.816.227
0.306458;0.086191;9.777.920
0.306458;0.105345;9.768.343
0.287304;0.095768;9.892.841
0.306458;0.105345;9.998.186
0.296881;0.105345;10.026.917
0.325611;0.095768;10.160.992
0.325611;0.095768;10.170.568
0.306458;0.114922;10.151.415
0.325611;0.095768;10.093.954
0.316035;0.095768;10.017.340
0.306458;0.114922;9.854.534
0.306458;0.086191;9.825.804
0.306458;0.086191;9.777.920
0.325611;0.086191;9.787.497
0.316035;0.105345;9.835.381
0.316035;0.095768;9.940.725
0.335188;0.105345;10.103.531
0.316035;0.105345;10.141.838
0.316035;0.086191;10.180.145
0.306458;0.105345;10.189.722
0.316035;0.076614;10.113.108
0.296881;0.105345;10.007.763
0.296881;0.095768;9.902.418
0.306458;0.105345;9.806.650
0.306458;0.076614;9.777.920
0.306458;0.076614;9.768.343
0.306458;0.105345;9.797.073
0.296881;0.086191;9.988.609
0.335188;0.114922;10.046.070
0.316035;0.124498;10.132.261
0.316035;0.095768;10.189.722
0.325611;0.076614;10.180.145
0.306458;0.105345;10.093.954
0.316035;0.114922;9.979.033
0.335188;0.105345;9.883.265
0.325611;0.095768;9.816.227
0.316035;0.086191;9.768.343
0.296881;0.114922;9.777.920
0.306458;0.095768;9.825.804
0.306458;0.124498;9.892.841
0.325611;0.105345;10.055.647
0.325611;0.105345;10.122.684
0.344765;0.095768;10.170.568
0.325611;0.114922;10.122.684
0.316035;0.105345;10.093.954
0.316035;0.095768;10.007.763
0.316035;0.086191;9.844.957
0.325611;0.114922;9.797.073
0.316035;0.095768;9.768.343
0.296881;0.095768;9.816.227
0.325611;0.095768;9.892.841
0.306458;0.105345;9.911.995
0.316035;0.095768;10.046.070
0.316035;0.114922;10.122.684
0.316035;0.114922;10.160.992
0.325611;0.095768;10.141.838
0.325611;0.095768;10.132.261
0.306458;0.086191;9.959.879
0.296881;0.114922;9.921.572
0.296881;0.076614;9.825.804
0.316035;0.105345;9.758.766
0.306458;0.076614;9.787.497
0.316035;0.095768;9.835.381
0.325611;0.086191;9.911.995
0.306458;0.095768;10.036.493
0.325611;0.095768;10.113.108
0.306458;0.095768;10.170.568
0.325611;0.086191;10.151.415
0.316035;0.095768;10.113.108
0.306458;0.105345;9.998.186
0.306458;0.105345;9.864.111
0.325611;0.086191;9.806.650
0.296881;0.086191;9.787.497
0.296881;0.114922;9.797.073
0.316035;0.095768;9.844.957
0.306458;0.095768;9.931.149
0.316035;0.105345;10.007.763
0.325611;0.114922;10.141.838
0.335188;0.105345;10.170.568
0.316035;0.114922;10.180.145
0.335188;0.095768;10.132.261
0.325611;0.105345;9.988.609
0.325611;0.105345;9.873.688
0.296881;0.076614;9.825.804
0.306458;0.095768;9.777.920
0.316035;0.114922;9.777.920
0.316035;0.086191;9.844.957
0.287304;0.105345;9.969.456
0.335188;0.105345;10.055.647
0.296881;0.105345;10.084.377
0.325611;0.105345;10.132.261
0.316035;0.095768;10.141.838
0.316035;0.095768;10.103.531
0.316035;0.114922;10.046.070
0.306458;0.095768;9.911.995
0.316035;0.076614;9.816.227
0.306458;0.105345;9.758.766
0.306458;0.095768;9.777.920
0.296881;0.095768;9.864.111
0.325611;0.105345;9.931.149
0.296881;0.114922;9.979.033
0.316035;0.105345;10.132.261
0.335188;0.124498;10.170.568
0.316035;0.095768;10.151.415
0.325611;0.095768;10.074.800
0.306458;0.095768;9.998.186
0.306458;0.086191;9.911.995
0.325611;0.105345;9.835.381
0.296881;0.076614;9.749.189
0.325611;0.076614;9.777.920
0.316035;0.105345;9.835.381
0.316035;0.086191;9.950.302
0.306458;0.114922;10.017.340
0.306458;0.124498;10.103.531
0.306458;0.105345;10.170.568
0.296881;0.095768;10.141.838
0.296881;0.095768;10.132.261
0.306458;0.086191;10.007.763
0.306458;0.095768;9.911.995
0.306458;0.124498;9.835.381
0.306458;0.114922;9.806.650
0.316035;0.076614;9.844.957
0.306458;0.076614;9.911.995
0.325611;0.095768;10.055.647
0.316035;0.086191;10.141.838
0.325611;0.095768;10.141.838
0.316035;0.105345;10.160.992
0.306458;0.086191;10.093.954
0.325611;0.086191;10.026.917
0.316035;0.105345;9.921.572
0.296881;0.105345;9.797.073
0.306458;0.086191;9.787.497
0.287304;0.086191;9.768.343
0.316035;0.086191;9.797.073
0.316035;0.114922;9.950.302
0.325611;0.067038;10.026.917
0.325611;0.105345;10.113.108
0.316035;0.114922;10.170.568
0.335188;0.124498;10.151.415
0.316035;0.105345;10.141.838
0.306458;0.105345;9.959.879
0.306458;0.086191;9.883.265
0.296881;0.086191;9.835.381
0.325611;0.076614;9.806.650
0.306458;0.086191;9.806.650
0.316035;0.105345;9.835.381
0.306458;0.076614;9.883.265
0.306458;0.076614;10.046.070
0.325611;0.095768;10.113.108
0.316035;0.095768;10.160.992
0.316035;0.086191;10.170.568
0.316035;0.095768;10.113.108
0.296881;0.095768;10.026.917
0.325611;0.105345;9.864.111
0.296881;0.076614;9.816.227
0.287304;0.076614;9.758.766
0.316035;0.095768;9.777.920
0.296881;0.114922;9.835.381
0.316035;0.086191;9.911.995
0.325611;0.095768;10.017.340
0.354342;0.076614;10.055.647
0.325611;0.114922;10.160.992
0.325611;0.114922;10.180.145
0.325611;0.105345;10.132.261
0.287304;0.086191;9.998.186
0.316035;0.095768;9.902.418
0.306458;0.105345;9.844.957
0.316035;0.105345;9.777.920
0.296881;0.086191;9.777.920
0.306458;0.105345;9.835.381
0.306458;0.114922;9.959.879
0.296881;0.095768;10.026.917
0.316035;0.095768;10.103.531
0.306458;0.105345;10.132.261
0.325611;0.095768;10.141.838
0.316035;0.114922;10.132.261
0.316035;0.105345;10.065.224
0.316035;0.105345;9.892.841
0.325611;0.086191;9.844.957
0.287304;0.105345;9.787.497
0.316035;0.086191;9.864.111
0.306458;0.105345;9.921.572
0.306458;0.095768;9.988.609
0.325611;0.095768;10.113.108
0.316035;0.086191;10.141.838
0.335188;0.105345;10.160.992
0.316035;0.114922;10.151.415
0.306458;0.105345;9.998.186
0.306458;0.114922;9.940.725
0.316035;0.105345;9.835.381
0.316035;0.095768;9.797.073
0.316035;0.124498;9.768.343
0.306458;0.095768;9.816.227
0.306458;0.114922;9.940.725
0.306458;0.124498;9.998.186
0.296881;0.095768;10.065.224
0.306458;0.086191;10.113.108
0.325611;0.095768;10.160.992
0.335188;0.067038;10.132.261
0.344765;0.095768;10.055.647
0.316035;0.095768;9.921.572
0.316035;0.114922;9.835.381
0.287304;0.105345;9.806.650
0.296881;0.095768;9.787.497
0.316035;0.086191;9.844.957
0.325611;0.095768;9.902.418
0.316035;0.095768;9.959.879
0.316035;0.095768;10.122.684
0.306458;0.114922;10.151.415
0.316035;0.095768;10.160.992
0.316035;0.105345;10.074.800
0.316035;0.114922;10.046.070
0.316035;0.105345;9.950.302
0.306458;0.076614;9.864.111
0.316035;0.095768;9.777.920
0.316035;0.105345;9.797.073
0.306458;0.105345;9.806.650
0.306458;0.095768;9.940.725
0.325611;0.076614;9.998.186
0.325611;0.095768;10.074.800
0.325611;0.086191;10.170.568
0.325611;0.105345;10.151.415
0.316035;0.105345;10.141.838
0.316035;0.095768;10.074.800
0.316035;0.086191;9.902.418
0.306458;0.067038;9.825.804
0.306458;0.086191;9.816.227
0.316035;0.105345;9.806.650
0.335188;0.086191;9.835.381
0.316035;0.114922;9.873.688
0.287304;0.114922;9.931.149
0.335188;0.105345;10.093.954
0.325611;0.105345;10.160.992
0.325611;0.095768;10.141.838
0.306458;0.086191;10.113.108
0.306458;0.076614;10.055.647
0.306458;0.095768;9.979.033
0.296881;0.105345;9.816.227
0.325611;0.095768;9.787.497
0.296881;0.114922;9.777.920
0.306458;0.086191;9.806.650
0.296881;0.114922;9.931.149
0.325611;0.095768;9.969.456
0.306458;0.095768;10.074.800
0.306458;0.086191;10.132.261
0.325611;0.095768;10.141.838
0.316035;0.124498;10.122.684
0.306458;0.114922;9.998.186
0.306458;0.105345;9.931.149
0.306458;0.086191;9.825.804
0.306458;0.086191;9.825.804
0.316035;0.095768;9.787.497
0.316035;0.105345;9.835.381
0.316035;0.095768;9.883.265
0.335188;0.095768;10.026.917
0.316035;0.105345;10.084.377
0.335188;0.086191;10.141.838
0.316035;0.095768;10.170.568
0.325611;0.076614;10.103.531
0.306458;0.086191;10.026.917
0.316035;0.095768;9.979.033
0.306458;0.095768;9.854.534
0.287304;0.076614;9.787.497
0.306458;0.105345;9.758.766
0.316035;0.095768;9.844.957
0.296881;0.095768;9.873.688
0.316035;0.076614;9.969.456
0.316035;0.114922;10.046.070
0.296881;0.105345;10.141.838
0.325611;0.105345;10.170.568
0.325611;0.095768;10.113.108
0.316035;0.105345;9.998.186
0.316035;0.095768;9.950.302
0.296881;0.076614;9.844.957
0.316035;0.086191;9.787.497
0.316035;0.076614;9.797.073
0.296881;0.095768;9.787.497
0.306458;0.114922;9.873.688
0.306458;0.114922;10.007.763
0.306458;0.095768;10.074.800
0.296881;0.095768;10.170.568
0.316035;0.076614;10.170.568
0.316035;0.095768;10.132.261
0.306458;0.095768;10.065.224
0.316035;0.105345;9.902.418
0.306458;0.105345;9.835.381
0.306458;0.086191;9.806.650
0.316035;0.095768;9.777.920
0.325611;0.105345;9.854.534
0.296881;0.105345;9.911.995
0.316035;0.095768;9.969.456
0.306458;0.105345;10.113.108
0.325611;0.105345;10.113.108
0.306458;0.095768;10.151.415
0.325611;0.095768;10.151.415
0.325611;0.114922;10.007.763
0.296881;0.076614;9.921.572
0.296881;0.095768;9.873.688
0.316035;0.095768;9.797.073
0.316035;0.124498;9.768.343
0.296881;0.076614;9.806.650
0.335188;0.076614;9.940.725
0.316035;0.095768;10.007.763
0.316035;0.095768;10.093.954
0.316035;0.095768;10.113.108
0.316035;0.095768;10.132.261
0.306458;0.114922;10.122.684
0.306458;0.105345;10.103.531
0.316035;0.095768;9.931.149
0.306458;0.086191;9.873.688
0.296881;0.086191;9.816.227
0.296881;0.076614;9.768.343
0.306458;0.076614;9.844.957
0.306458;0.095768;9.883.265
0.306458;0.086191;9.950.302
0.325611;0.114922;10.093.954
0.325611;0.095768;10.132.261
0.325611;0.124498;10.160.992
0.316035;0.105345;10.084.377
0.316035;0.095768;10.036.493
0.316035;0.095768;9.940.725
0.296881;0.086191;9.892.841
0.306458;0.086191;9.787.497
0.316035;0.095768;9.816.227
0.316035;0.114922;9.921.572
0.306458;0.086191;9.998.186
0.316035;0.067038;10.046.070
0.325611;0.114922;10.151.415
0.316035;0.086191;10.132.261
0.306458;0.095768;10.122.684
0.316035;0.124498;10.093.954
0.306458;0.095768;9.940.725
0.316035;0.095768;9.854.534
0.306458;0.095768;9.835.381
0.316035;0.086191;9.806.650
0.316035;0.095768;9.806.650
0.277727;0.105345;9.892.841
0.287304;0.095768;9.931.149
0.316035;0.095768;10.093.954
0.325611;0.105345;10.141.838
0.316035;0.086191;10.160.992
0.325611;0.095768;10.113.108
0.316035;0.086191;10.036.493
0.316035;0.105345;9.979.033
0.325611;0.105345;9.835.381
0.306458;0.105345;9.797.073
0.325611;0.105345;9.758.766
0.296881;0.105345;9.797.073
0.325611;0.114922;9.902.418
0.316035;0.076614;9.969.456
0.296881;0.114922;10.036.493
0.316035;0.095768;10.170.568
0.325611;0.095768;10.160.992
0.325611;0.105345;10.141.838
0.306458;0.114922;10.026.917
0.316035;0.105345;9.969.456
0.306458;0.105345;9.873.688
0.325611;0.095768;9.835.381
0.325611;0.095768;9.777.920
0.306458;0.105345;9.797.073
0.296881;0.105345;9.873.688
0.325611;0.105345;9.988.609
0.325611;0.105345;10.084.377
0.306458;0.124498;10.141.838
0.306458;0.095768;10.132.261
0.316035;0.095768;10.103.531
0.316035;0.095768;10.065.224
0.316035;0.114922;10.007.763
0.316035;0.095768;9.883.265
0.306458;0.095768;9.835.381
0.296881;0.086191;9.777.920
0.316035;0.105345;9.816.227
0.296881;0.105345;9.873.688
0.296881;0.114922;9.959.879
0.296881;0.105345;10.046.070
0.316035;0.105345;10.151.415
0.325611;0.105345;10.170.568
0.306458;0.105345;10.141.838
0.325611;0.114922;10.036.493
0.316035;0.105345;9.988.609
0.316035;0.086191;9.892.841
0.306458;0.076614;9.806.650
0.296881;0.095768;9.787.497
0.296881;0.105345;9.816.227
0.325611;0.095768;9.864.111
0.316035;0.114922;9.979.033
0.325611;0.095768;10.065.224
0.316035;0.086191;10.141.838
0.325611;0.105345;10.141.838
0.316035;0.105345;10.122.684
0.316035;0.114922;10.046.070
0.325611;0.095768;9.921.572
0.306458;0.105345;9.864.111
0.316035;0.105345;9.816.227
0.306458;0.086191;9.787.497
0.306458;0.105345;9.825.804
0.325611;0.076614;9.864.111
0.325611;0.095768;9.969.456
0.316035;0.095768;10.084.377
0.316035;0.124498;10.122.684
0.306458;0.105345;10.160.992
0.325611;0.076614;10.170.568
0.325611;0.105345;10.036.493
0.296881;0.114922;9.959.879
0.277727;0.095768;9.892.841
0.306458;0.095768;9.797.073
0.316035;0.114922;9.797.073
0.277727;0.086191;9.806.650
0.316035;0.095768;9.902.418
0.306458;0.086191;9.940.725
0.296881;0.095768;10.036.493
0.316035;0.105345;10.093.954
0.325611;0.105345;10.151.415
0.306458;0.095768;10.132.261
0.306458;0.114922;10.074.800
0.316035;0.105345;9.950.302
0.325611;0.114922;9.892.841
0.306458;0.114922;9.825.804
0.306458;0.105345;9.787.497
0.306458;0.095768;9.816.227
0.306458;0.105345;9.854.534
0.316035;0.105345;9.950.302
0.344765;0.105345;10.065.224
0.335188;0.105345;10.122.684
0.335188;0.095768;10.132.261
0.296881;0.105345;10.141.838
0.306458;0.105345;10.065.224
0.306458;0.105345;9.988.609
0.306458;0.076614;9.921.572
0.316035;0.114922;9.797.073
0.306458;0.095768;9.806.650
0.296881;0.086191;9.797.073
0.316035;0.105345;9.892.841
0.316035;0.124498;9.959.879
0.296881;0.095768;10.036.493
0.316035;0.105345;10.113.108
0.325611;0.114922;10.141.838
0.316035;0.105345;10.160.992
0.316035;0.095768;10.093.954
0.306458;0.095768;9.950.302
0.316035;0.076614;9.892.841
0.325611;0.105345;9.854.534
0.316035;0.105345;9.758.766
0.296881;0.076614;9.844.957
0.316035;0.095768;9.854.534
0.306458;0.095768;9.921.572
0.306458;0.067038;10.084.377
0.296881;0.076614;10.103.531
0.325611;0.105345;10.141.838
0.335188;0.086191;10.093.954
0.316035;0.076614;10.065.224
0.316035;0.086191;10.017.340
0.325611;0.105345;9.873.688
0.316035;0.076614;9.806.650
0.316035;0.105345;9.806.650
0.306458;0.105345;9.777.920
0.306458;0.114922;9.883.265
0.316035;0.114922;9.979.033
0.306458;0.105345;10.007.763
0.316035;0.076614;10.151.415
0.306458;0.105345;10.170.568
0.325611;0.095768;10.141.838
0.306458;0.086191;10.055.647
0.296881;0.105345;9.979.033
0.296881;0.105345;9.911.995
0.296881;0.105345;9.844.957
0.306458;0.105345;9.797.073
0.325611;0.086191;9.797.073
0.316035;0.095768;9.844.957
0.335188;0.114922;9.979.033
0.306458;0.086191;10.055.647
0.335188;0.095768;10.113.108
0.306458;0.095768;10.151.415
0.316035;0.086191;10.113.108
0.325611;0.086191;10.084.377
0.335188;0.095768;10.017.340
0.325611;0.086191;9.883.265
0.306458;0.105345;9.816.227
0.316035;0.095768;9.797.073
0.316035;0.114922;9.806.650
0.306458;0.114922;9.873.688
0.287304;0.086191;9.959.879
0.306458;0.076614;10.007.763
0.316035;0.095768;10.113.108
0.306458;0.095768;10.160.992
0.316035;0.086191;10.151.415
0.325611;0.105345;10.065.224
0.306458;0.105345;10.007.763
0.306458;0.086191;9.911.995
0.306458;0.086191;9.825.804
0.306458;0.086191;9.787.497
0.296881;0.086191;9.825.804
0.296881;0.114922;9.844.957
0.316035;0.067038;9.979.033
0.316035;0.095768;10.055.647
0.296881;0.114922;10.093.954
0.335188;0.105345;10.180.145
0.344765;0.095768;10.132.261
0.316035;0.086191;10.113.108
0.325611;0.124498;10.026.917
0.306458;0.095768;9.873.688
0.296881;0.105345;9.825.804
0.316035;0.095768;9.787.497
0.296881;0.086191;9.816.227
0.306458;0.095768;9.864.111
0.296881;0.095768;9.940.725
0.306458;0.105345;10.065.224
0.296881;0.086191;10.122.684
0.316035;0.095768;10.122.684
0.316035;0.124498;10.170.568
0.306458;0.105345;10.055.647
0.325611;0.114922;10.017.340
0.316035;0.114922;9.921.572
0.306458;0.076614;9.816.227
0.296881;0.105345;9.816.227
0.296881;0.095768;9.806.650
0.316035;0.105345;9.902.418
0.306458;0.086191;9.950.302
0.296881;0.095768;9.998.186
0.325611;0.086191;10.084.377
0.325611;0.095768;10.151.415
0.306458;0.114922;10.141.838
0.344765;0.095768;10.046.070
0.335188;0.114922;9.988.609
0.306458;0.114922;9.911.995
0.287304;0.095768;9.854.534
0.306458;0.124498;9.777.920
0.316035;0.086191;9.816.227
0.316035;0.086191;9.864.111
0.316035;0.095768;9.921.572
0.344765;0.095768;10.084.377
0.316035;0.095768;10.113.108
0.306458;0.095768;10.151.415
0.316035;0.086191;10.122.684
0.325611;0.105345;10.065.224
0.296881;0.105345;10.007.763
0.296881;0.105345;9.940.725
0.296881;0.095768;9.854.534
0.296881;0.095768;9.787.497
0.306458;0.076614;9.806.650
0.325611;0.095768;9.873.688
0.296881;0.086191;9.950.302
0.325611;0.105345;10.026.917
0.306458;0.095768;10.122.684
0.316035;0.095768;10.141.838
0.316035;0.124498;10.170.568
0.316035;0.095768;10.132.261
0.316035;0.095768;9.998.186
0.316035;0.105345;9.921.572
0.316035;0.095768;9.844.957
0.296881;0.095768;9.806.650
0.287304;0.114922;9.825.804
0.316035;0.105345;9.835.381
0.316035;0.067038;9.902.418
0.316035;0.105345;10.017.340
0.325611;0.114922;10.093.954
0.325611;0.105345;10.132.261
0.316035;0.095768;10.132.261
0.296881;0.095768;10.093.954
0.316035;0.105345;10.026.917
0.316035;0.076614;9.883.265
0.325611;0.086191;9.825.804
0.296881;0.124498;9.816.227
0.306458;0.086191;9.787.497
0.306458;0.105345;9.883.265
0.306458;0.086191;9.931.149
0.316035;0.105345;9.988.609
0.306458;0.105345;10.132.261
0.306458;0.095768;10.141.838
0.325611;0.086191;10.113.108
0.316035;0.114922;10.065.224
0.306458;0.095768;10.007.763
0.306458;0.086191;9.921.572
0.325611;0.086191;9.864.111
0.306458;0.086191;9.806.650
0.296881;0.095768;9.806.650
0.306458;0.086191;9.835.381
0.325611;0.095768;9.959.879
0.316035;0.114922;10.046.070
0.316035;0.095768;10.093.954
0.325611;0.105345;10.122.684
0.316035;0.095768;10.160.992
0.316035;0.105345;10.113.108
0.306458;0.086191;10.046.070
0.296881;0.114922;9.883.265
0.287304;0.095768;9.835.381
0.296881;0.095768;9.787.497
0.325611;0.086191;9.797.073
0.306458;0.114922;9.873.688
0.306458;0.124498;9.902.418
0.316035;0.105345;9.979.033
0.306458;0.105345;10.113.108
0.306458;0.086191;10.160.992
0.316035;0.086191;10.151.415
0.335188;0.105345;10.084.377
0.306458;0.095768;9.998.186
0.325611;0.086191;9.940.725
0.316035;0.105345;9.835.381
0.306458;0.124498;9.835.381
0.296881;0.095768;9.806.650
0.296881;0.095768;9.864.111
0.296881;0.086191;9.921.572
0.316035;0.086191;9.988.609
0.316035;0.114922;10.065.224
0.325611;0.076614;10.151.415
0.316035;0.086191;10.151.415
0.316035;0.095768;10.093.954
0.316035;0.095768;10.036.493
0.306458;0.086191;9.921.572
0.316035;0.114922;9.844.957
0.316035;0.105345;9.825.804
0.306458;0.095768;9.787.497
0.296881;0.095768;9.844.957
0.306458;0.114922;9.902.418
0.316035;0.086191;10.065.224
0.296881;0.114922;10.113.108
0.325611;0.086191;10.122.684
0.325611;0.095768;10.113.108
0.316035;0.076614;10.074.800
0.316035;0.095768;10.007.763
0.335188;0.105345;9.959.879
0.306458;0.076614;9.835.381
0.306458;0.086191;9.825.804
0.306458;0.095768;9.787.497
0.306458;0.114922;9.844.957
0.316035;0.086191;9.950.302
0.325611;0.095768;9.979.033
0.316035;0.105345;10.132.261
0.325611;0.086191;10.170.568
0.296881;0.095768;10.141.838
0.316035;0.095768;10.122.684
0.316035;0.095768;9.979.033
0.325611;0.095768;9.902.418
0.296881;0.086191;9.873.688
0.316035;0.105345;9.806.650
0.287304;0.105345;9.797.073
0.316035;0.095768;9.844.957
0.306458;0.086191;9.911.995
0.316035;0.105345;10.036.493
0.344765;0.095768;10.103.531
0.354342;0.114922;10.122.684
0.316035;0.124498;10.141.838
0.306458;0.095768;10.084.377
0.316035;0.124498;10.026.917
0.316035;0.086191;9.959.879
0.316035;0.105345;9.835.381
0.335188;0.095768;9.806.650
0.296881;0.105345;9.768.343
0.316035;0.105345;9.864.111
0.316035;0.105345;9.921.572
0.287304;0.095768;10.007.763
0.325611;0.105345;10.103.531
0.316035;0.114922;10.141.838
0.316035;0.095768;10.151.415
0.316035;0.095768;10.122.684
0.335188;0.105345;9.979.033
0.316035;0.086191;9.864.111
0.316035;0.076614;9.806.650
0.296881;0.105345;9.797.073
0.306458;0.114922;9.892.841
0.306458;0.114922;9.892.841
0.325611;0.105345;9.998.186
0.325611;0.095768;10.074.800
0.335188;0.105345;10.103.531
0.296881;0.105345;10.141.838
0.325611;0.114922;10.074.800
0.316035;0.114922;10.055.647
0.325611;0.105345;9.864.111
0.306458;0.105345;9.797.073
0.316035;0.095768;9.797.073
0.306458;0.095768;9.835.381
0.296881;0.095768;9.921.572
0.306458;0.086191;9.979.033
0.296881;0.105345;10.103.531
0.306458;0.105345;10.122.684
0.306458;0.086191;10.141.838
0.316035;0.086191;10.093.954
0.316035;0.076614;9.998.186
0.325611;0.095768;9.959.879
0.306458;0.086191;9.911.995
0.306458;0.105345;9.787.497
0.296881;0.105345;9.797.073
0.316035;0.105345;9.806.650
0.325611;0.095768;9.950.302
0.325611;0.095768;9.998.186
0.316035;0.114922;10.084.377
0.325611;0.105345;10.132.261
0.306458;0.086191;10.141.838
0.335188;0.105345;10.122.684
0.316035;0.095768;10.036.493
0.316035;0.086191;9.931.149
0.306458;0.076614;9.873.688
0.316035;0.086191;9.825.804
0.325611;0.095768;9.797.073
0.316035;0.086191;9.854.534
0.325611;0.095768;9.902.418
0.296881;0.076614;9.959.879
0.316035;0.095768;10.084.377
0.296881;0.105345;10.132.261
0.306458;0.095768;10.151.415
0.316035;0.114922;10.084.377
0.325611;0.095768;10.017.340
0.316035;0.105345;9.950.302
0.306458;0.095768;9.883.265
0.306458;0.095768;9.806.650
0.316035;0.086191;9.797.073
0.306458;0.124498;9.816.227
0.316035;0.105345;9.940.725
0.306458;0.105345;9.988.609
0.325611;0.105345;10.074.800
0.335188;0.124498;10.122.684
0.316035;0.095768;10.122.684
0.306458;0.105345;10.074.800
0.316035;0.105345;9.911.995
0.325611;0.105345;9.844.957
0.296881;0.105345;9.806.650
0.306458;0.124498;9.797.073
0.296881;0.086191;9.835.381
0.287304;0.086191;9.873.688
0.316035;0.105345;9.979.033
0.335188;0.114922;10.055.647
0.325611;0.095768;10.141.838
0.316035;0.095768;10.093.954
0.316035;0.105345;10.084.377
0.306458;0.086191;10.055.647
0.306458;0.105345;9.969.456
0.325611;0.086191;9.854.534
0.277727;0.095768;9.797.073
0.296881;0.114922;9.777.920
0.306458;0.105345;9.844.957
0.306458;0.086191;9.902.418
0.316035;0.114922;9.969.456
0.306458;0.095768;10.065.224
0.316035;0.095768;10.122.684
0.335188;0.114922;10.141.838
0.316035;0.114922;10.132.261
0.325611;0.095768;10.007.763
0.316035;0.105345;9.950.302
0.306458;0.095768;9.883.265
0.306458;0.095768;9.806.650
0.296881;0.095768;9.816.227
0.296881;0.095768;9.825.804
0.306458;0.067038;9.892.841
0.306458;0.105345;9.988.609
0.316035;0.086191;10.074.800
0.335188;0.114922;10.113.108
0.325611;0.095768;10.093.954
0.316035;0.105345;10.046.070
0.316035;0.067038;9.979.033
0.296881;0.095768;9.844.957
0.316035;0.105345;9.816.227
0.335188;0.114922;9.806.650
0.306458;0.095768;9.854.534
0.296881;0.105345;9.911.995
0.306458;0.105345;9.959.879
0.316035;0.105345;10.026.917
0.325611;0.086191;10.122.684
0.306458;0.095768;10.151.415
0.316035;0.095768;10.122.684
0.306458;0.076614;10.017.340
0.316035;0.114922;9.979.033
0.316035;0.114922;9.911.995
0.306458;0.095768;9.816.227
0.325611;0.105345;9.816.227
0.306458;0.114922;9.816.227
0.316035;0.105345;9.864.111
0.316035;0.086191;9.988.609
0.316035;0.086191;10.055.647
0.316035;0.095768;10.113.108
0.316035;0.105345;10.113.108
0.306458;0.086191;10.113.108
0.325611;0.095768;10.036.493
0.325611;0.095768;9.921.572
0.316035;0.076614;9.873.688
0.325611;0.105345;9.825.804
0.316035;0.095768;9.797.073
0.316035;0.105345;9.844.957
0.296881;0.095768;9.883.265
0.316035;0.086191;9.959.879
0.306458;0.086191;10.074.800
0.306458;0.076614;10.132.261
0.335188;0.076614;10.132.261
0.325611;0.095768;10.113.108
0.296881;0.086191;10.026.917
0.316035;0.095768;9.959.879
0.316035;0.095768;9.911.995
0.287304;0.076614;9.787.497
0.296881;0.086191;9.777.920
0.306458;0.105345;9.816.227
0.306458;0.124498;9.940.725
0.316035;0.105345;9.979.033
0.316035;0.105345;10.055.647
0.316035;0.095768;10.103.531
0.316035;0.076614;10.122.684
0.316035;0.114922;10.113.108
0.325611;0.086191;10.065.224
0.306458;0.095768;9.931.149
0.306458;0.114922;9.873.688
0.316035;0.105345;9.816.227
0.325611;0.105345;9.825.804
0.316035;0.114922;9.844.957
0.306458;0.086191;9.892.841
0.335188;0.095768;9.959.879
0.306458;0.086191;10.074.800
0.306458;0.105345;10.103.531
0.335188;0.105345;10.151.415
0.325611;0.095768;10.084.377
0.316035;0.095768;10.026.917
0.325611;0.105345;9.959.879
0.325611;0.105345;9.950.302
0.296881;0.095768;9.825.804
0.306458;0.095768;9.797.073
0.306458;0.105345;9.825.804
0.296881;0.086191;9.911.995
0.325611;0.114922;9.969.456
0.316035;0.105345;10.046.070
0.325611;0.067038;10.122.684
0.316035;0.095768;10.113.108
0.296881;0.095768;10.132.261
0.316035;0.124498;10.074.800
0.306458;0.105345;9.969.456
0.316035;0.114922;9.931.149
0.316035;0.095768;9.854.534
0.306458;0.086191;9.797.073
0.316035;0.095768;9.835.381
0.325611;0.114922;9.950.302
0.325611;0.114922;9.950.302
0.325611;0.105345;10.093.954
0.316035;0.114922;10.113.108
0.335188;0.105345;10.113.108
0.325611;0.114922;10.093.954
0.325611;0.095768;10.046.070
0.306458;0.086191;10.007.763
0.316035;0.105345;9.873.688
0.287304;0.105345;9.854.534
0.306458;0.105345;9.806.650
0.296881;0.114922;9.806.650
0.316035;0.086191;9.883.265
0.335188;0.086191;9.959.879
0.306458;0.105345;9.998.186
0.325611;0.105345;10.132.261
0.306458;0.095768;10.103.531
0.335188;0.095768;10.151.415
0.325611;0.086191;10.036.493
0.306458;0.105345;9.959.879
0.316035;0.086191;9.873.688
0.316035;0.086191;9.825.804
0.287304;0.086191;9.797.073
0.306458;0.086191;9.816.227
0.306458;0.105345;9.911.995
0.316035;0.105345;9.988.609
0.325611;0.086191;10.046.070
0.344765;0.105345;10.103.531
0.325611;0.114922;10.113.108
0.325611;0.086191;10.122.684
0.325611;0.095768;10.055.647
0.325611;0.114922;9.979.033
0.306458;0.086191;9.873.688
0.296881;0.095768;9.844.957
0.296881;0.086191;9.806.650
0.325611;0.086191;9.816.227
0.316035;0.114922;9.873.688
0.316035;0.095768;9.969.456
0.316035;0.086191;10.026.917
0.335188;0.076614;10.103.531
0.306458;0.124498;10.141.838
0.325611;0.114922;10.141.838
0.316035;0.095768;10.036.493
0.325611;0.114922;9.969.456
0.296881;0.095768;9.931.149
0.287304;0.076614;9.806.650
0.306458;0.086191;9.816.227
0.316035;0.114922;9.835.381
0.306458;0.076614;9.864.111
0.306458;0.105345;9.988.609
0.325611;0.105345;10.026.917
0.325611;0.105345;10.113.108
0.325611;0.105345;10.122.684
0.316035;0.105345;10.103.531
0.316035;0.105345;10.065.224
0.325611;0.124498;9.950.302
0.306458;0.105345;9.883.265
0.296881;0.105345;9.797.073
0.306458;0.095768;9.825.804
0.306458;0.086191;9.844.957
0.306458;0.076614;9.864.111
0.306458;0.086191;9.940.725
0.335188;0.086191;10.084.377
0.306458;0.095768;10.132.261
0.296881;0.114922;10.151.415
0.306458;0.105345;10.122.684
0.306458;0.105345;10.046.070
0.325611;0.105345;9.998.186
0.306458;0.114922;9.921.572
0.306458;0.105345;9.806.650
0.306458;0.105345;9.787.497
0.296881;0.095768;9.844.957
0.325611;0.095768;9.921.572
0.325611;0.076614;9.959.879
0.325611;0.076614;10.026.917
0.325611;0.086191;10.093.954
0.306458;0.057461;10.151.415
0.306458;0.095768;10.113.108
0.306458;0.076614;10.074.800
0.306458;0.114922;9.959.879
0.306458;0.114922;9.892.841
0.296881;0.114922;9.825.804
0.296881;0.095768;9.825.804
0.335188;0.086191;9.816.227
0.325611;0.105345;9.873.688
0.335188;0.086191;9.931.149
0.325611;0.095768;10.065.224
0.325611;0.114922;10.103.531
0.306458;0.114922;10.132.261
0.306458;0.105345;10.113.108
0.306458;0.105345;10.065.224
0.306458;0.114922;10.017.340
0.316035;0.105345;9.921.572
0.306458;0.105345;9.854.534
0.306458;0.124498;9.787.497
0.316035;0.086191;9.797.073
0.306458;0.086191;9.892.841
0.316035;0.076614;9.969.456
0.306458;0.086191;10.026.917
0.316035;0.095768;10.093.954
0.325611;0.105345;10.160.992
0.316035;0.105345;10.151.415
0.316035;0.095768;10.074.800
0.306458;0.105345;9.988.609
0.316035;0.095768;9.883.265
0.306458;0.105345;9.844.957
0.325611;0.095768;9.825.804
0.316035;0.105345;9.825.804
0.306458;0.105345;9.864.111
0.316035;0.114922;9.892.841
0.335188;0.105345;10.055.647
0.325611;0.095768;10.093.954
0.325611;0.086191;10.122.684
0.306458;0.095768;10.122.684
0.335188;0.114922;10.084.377
0.335188;0.105345;9.979.033
0.296881;0.105345;9.892.841
0.306458;0.095768;9.854.534
0.325611;0.105345;9.825.804
0.306458;0.105345;9.806.650
0.325611;0.095768;9.892.841
0.316035;0.105345;9.959.879
0.325611;0.124498;10.026.917
0.316035;0.105345;10.065.224
0.325611;0.105345;10.132.261
0.316035;0.105345;10.113.108
0.335188;0.095768;10.036.493
0.316035;0.076614;9.969.456
0.306458;0.086191;9.911.995
0.325611;0.114922;9.864.111
0.287304;0.095768;9.758.766
0.296881;0.095768;9.825.804
0.306458;0.105345;9.864.111
0.296881;0.114922;9.998.186
0.335188;0.095768;10.046.070
0.325611;0.076614;10.093.954
0.306458;0.095768;10.141.838
0.296881;0.095768;10.122.684
0.325611;0.105345;10.065.224
0.296881;0.076614;10.007.763
0.306458;0.105345;9.892.841
0.325611;0.076614;9.864.111
0.316035;0.095768;9.825.804
0.306458;0.105345;9.825.804
0.316035;0.095768;9.892.841
0.325611;0.124498;9.931.149
0.306458;0.105345;9.969.456
0.316035;0.076614;10.113.108
0.316035;0.095768;10.093.954
0.344765;0.095768;10.113.108
0.316035;0.105345;10.036.493
0.316035;0.105345;9.998.186
0.306458;0.095768;9.921.572
0.296881;0.095768;9.816.227
0.296881;0.105345;9.844.957
0.306458;0.105345;9.835.381
0.316035;0.095768;9.854.534
0.316035;0.134075;9.979.033
0.316035;0.105345;10.036.493
0.316035;0.095768;10.065.224
0.325611;0.095768;10.122.684
0.316035;0.095768;10.122.684
0.316035;0.095768;10.093.954
0.325611;0.105345;9.940.725
0.316035;0.095768;9.902.418
0.325611;0.095768;9.854.534
0.306458;0.114922;9.816.227
0.296881;0.086191;9.854.534
0.316035;0.105345;9.883.265
0.316035;0.076614;9.911.995
0.325611;0.105345;10.036.493
0.325611;0.105345;10.103.531
0.325611;0.095768;10.122.684
0.325611;0.095768;10.141.838
0.306458;0.114922;10.074.800
0.316035;0.114922;10.007.763
0.296881;0.095768;9.940.725
0.325611;0.114922;9.835.381
0.287304;0.124498;9.825.804
0.316035;0.124498;9.825.804
0.306458;0.105345;9.873.688
0.316035;0.095768;9.969.456
0.316035;0.105345;9.998.186
0.296881;0.086191;10.074.800
0.325611;0.095768;10.122.684
0.306458;0.114922;10.141.838
0.316035;0.086191;10.103.531
0.306458;0.086191;9.950.302
0.296881;0.105345;9.911.995
0.325611;0.105345;9.844.957
0.296881;0.086191;9.825.804
0.306458;0.114922;9.825.804
0.296881;0.095768;9.873.688
0.325611;0.105345;9.940.725
0.306458;0.086191;10.046.070
0.306458;0.114922;10.093.954
0.325611;0.086191;10.141.838
0.325611;0.095768;10.103.531
0.306458;0.105345;10.046.070
0.306458;0.095768;10.046.070
0.335188;0.114922;9.940.725
0.306458;0.095768;9.835.381
0.296881;0.086191;9.825.804
0.296881;0.076614;9.835.381
0.306458;0.095768;9.883.265
0.306458;0.095768;9.940.725
0.306458;0.086191;10.007.763
0.325611;0.114922;10.074.800
0.316035;0.105345;10.122.684
0.335188;0.114922;10.113.108
0.296881;0.105345;10.103.531
0.287304;0.095768;9.988.609
0.306458;0.105345;9.892.841
0.316035;0.105345;9.864.111
0.306458;0.095768;9.816.227
0.316035;0.086191;9.825.804
0.316035;0.105345;9.854.534
0.325611;0.095768;9.873.688
0.316035;0.114922;10.007.763
0.316035;0.105345;10.055.647
0.325611;0.067038;10.113.108
0.316035;0.086191;10.113.108
0.306458;0.086191;10.074.800
0.316035;0.105345;10.055.647
0.306458;0.124498;9.892.841
0.306458;0.086191;9.844.957
0.316035;0.086191;9.806.650
0.287304;0.095768;9.787.497
0.306458;0.076614;9.873.688
0.306458;0.086191;9.911.995
0.316035;0.105345;9.969.456
0.306458;0.095768;10.113.108
0.316035;0.095768;10.141.838
0.316035;0.124498;10.103.531
0.316035;0.086191;10.074.800
0.316035;0.124498;9.988.609
0.316035;0.086191;9.911.995
0.316035;0.105345;9.883.265
0.296881;0.076614;9.825.804
0.296881;0.086191;9.835.381
0.306458;0.095768;9.844.957
0.316035;0.095768;9.979.033
0.325611;0.086191;10.007.763
0.325611;0.086191;10.055.647
0.306458;0.105345;10.103.531
0.316035;0.086191;10.122.684
0.296881;0.095768;10.074.800
0.325611;0.105345;10.026.917
0.325611;0.086191;9.902.418
0.287304;0.086191;9.854.534
0.306458;0.086191;9.844.957
0.306458;0.095768;9.844.957
0.306458;0.095768;9.873.688
0.316035;0.095768;9.921.572
0.306458;0.114922;9.988.609
0.306458;0.076614;10.113.108
0.325611;0.086191;10.103.531
0.325611;0.124498;10.132.261
0.335188;0.095768;10.065.224
0.316035;0.105345;10.026.917
0.296881;0.086191;9.950.302
0.306458;0.086191;9.844.957
0.316035;0.105345;9.816.227
0.306458;0.086191;9.806.650
0.306458;0.095768;9.835.381
0.325611;0.095768;9.959.879
0.306458;0.095768;9.988.609
0.325611;0.105345;10.065.224
0.296881;0.095768;10.132.261
0.306458;0.095768;10.141.838
0.325611;0.086191;10.093.954
0.306458;0.124498;9.969.456
0.316035;0.114922;9.911.995
0.325611;0.095768;9.864.111
0.316035;0.095768;9.844.957
0.296881;0.114922;9.825.804
0.306458;0.095768;9.864.111
0.306458;0.095768;9.892.841
0.306458;0.105345;9.998.186
0.306458;0.114922;10.046.070
0.306458;0.114922;10.113.108
0.306458;0.095768;10.113.108
0.325611;0.095768;10.074.800
0.316035;0.095768;10.026.917
0.316035;0.105345;9.969.456
0.316035;0.095768;9.864.111
0.296881;0.105345;9.825.804
0.296881;0.095768;9.835.381
0.325611;0.105345;9.883.265
0.296881;0.086191;9.921.572
0.306458;0.095768;9.988.609
0.325611;0.105345;10.046.070
0.296881;0.124498;10.122.684
0.335188;0.086191;10.113.108
0.316035;0.105345;10.065.224
0.306458;0.086191;9.998.186
0.325611;0.095768;9.921.572
0.325611;0.105345;9.864.111
0.306458;0.114922;9.825.804
0.306458;0.086191;9.816.227
0.316035;0.095768;9.854.534
0.306458;0.114922;9.883.265
0.325611;0.095768;9.988.609
0.296881;0.105345;10.046.070
0.325611;0.114922;10.103.531
0.316035;0.095768;10.103.531
0.316035;0.095768;10.093.954
0.316035;0.086191;10.046.070
0.325611;0.105345;9.959.879
0.296881;0.067038;9.864.111
0.306458;0.105345;9.854.534
0.306458;0.105345;9.825.804
0.296881;0.105345;9.864.111
0.306458;0.114922;9.950.302
0.325611;0.105345;9.988.609
0.325611;0.095768;10.074.800
0.316035;0.105345;10.113.108
0.325611;0.114922;10.132.261
0.316035;0.105345;10.093.954
0.316035;0.105345;9.998.186
0.316035;0.114922;9.950.302
0.306458;0.105345;9.883.265
0.306458;0.105345;9.806.650
0.296881;0.114922;9.844.957
0.306458;0.114922;9.864.111
0.296881;0.105345;9.940.725
0.316035;0.086191;10.017.340
0.316035;0.095768;10.055.647
0.296881;0.076614;10.122.684
0.325611;0.095768;10.103.531
0.306458;0.105345;10.084.377
0.306458;0.105345;10.036.493
0.306458;0.105345;9.911.995
0.296881;0.095768;9.854.534
0.316035;0.086191;9.835.381
0.325611;0.086191;9.806.650
0.316035;0.095768;9.854.534
0.316035;0.076614;9.921.572
0.306458;0.095768;9.959.879
0.306458;0.086191;10.093.954
0.316035;0.095768;10.122.684
0.325611;0.095768;10.103.531
0.306458;0.086191;10.065.224
0.296881;0.095768;10.026.917
0.306458;0.114922;9.950.302
0.316035;0.095768;9.902.418
0.306458;0.076614;9.844.957
0.306458;0.105345;9.835.381
0.316035;0.105345;9.873.688
0.316035;0.086191;9.931.149
0.316035;0.114922;9.998.186
0.296881;0.105345;10.055.647
0.296881;0.124498;10.093.954
0.316035;0.086191;10.113.108
0.296881;0.095768;10.084.377
0.316035;0.095768;10.046.070
0.325611;0.105345;9.931.149
0.306458;0.095768;9.864.111
0.325611;0.086191;9.844.957
0.306458;0.095768;9.797.073
0.325611;0.114922;9.854.534
0.306458;0.086191;9.921.572
0.316035;0.105345;9.979.033
0.335188;0.114922;10.093.954
0.316035;0.076614;10.113.108
0.296881;0.095768;10.093.954
0.306458;0.076614;10.055.647
0.306458;0.105345;10.026.917
0.344765;0.105345;9.959.879
0.296881;0.095768;9.835.381
0.316035;0.105345;9.835.381
0.325611;0.095768;9.816.227
0.306458;0.076614;9.825.804
0.316035;0.105345;9.911.995
0.325611;0.114922;9.998.186
0.306458;0.105345;10.026.917
0.306458;0.095768;10.132.261
0.325611;0.095768;10.113.108
0.325611;0.105345;10.084.377
0.296881;0.095768;10.065.224
0.316035;0.095768;9.959.879
0.316035;0.095768;9.892.841
0.306458;0.086191;9.835.381
0.287304;0.105345;9.844.957
0.306458;0.105345;9.873.688
0.296881;0.086191;9.883.265
0.316035;0.086191;10.026.917
0.306458;0.095768;10.074.800
0.316035;0.076614;10.113.108
0.335188;0.086191;10.132.261
0.316035;0.105345;10.084.377
0.306458;0.095768;10.046.070
0.306458;0.095768;9.988.609
0.325611;0.095768;9.911.995
0.296881;0.086191;9.844.957
0.316035;0.095768;9.835.381
0.306458;0.095768;9.825.804
0.316035;0.095768;9.911.995
0.306458;0.114922;9.969.456
0.316035;0.095768;10.036.493
0.325611;0.076614;10.103.531
0.306458;0.124498;10.132.261
0.325611;0.086191;10.103.531
0.306458;0.086191;10.026.917
0.316035;0.095768;9.959.879
0.335188;0.105345;9.911.995
0.296881;0.086191;9.844.957
0.287304;0.095768;9.825.804
0.296881;0.086191;9.854.534
0.306458;0.095768;9.883.265
0.316035;0.086191;10.017.340
0.316035;0.105345;10.065.224
0.335188;0.095768;10.103.531
0.325611;0.076614;10.132.261
0.316035;0.105345;10.103.531
0.316035;0.086191;10.036.493
0.306458;0.095768;9.931.149
0.296881;0.124498;9.873.688
0.325611;0.114922;9.864.111
0.316035;0.105345;9.816.227
0.296881;0.086191;9.854.534
0.306458;0.095768;9.892.841
0.306458;0.105345;9.988.609
0.296881;0.095768;10.017.340
0.306458;0.114922;10.103.531
0.335188;0.095768;10.103.531
0.316035;0.095768;10.122.684
0.316035;0.086191;10.036.493
0.296881;0.114922;9.959.879
0.325611;0.105345;9.883.265
0.306458;0.105345;9.844.957
0.306458;0.076614;9.825.804
0.306458;0.086191;9.854.534
0.316035;0.095768;9.883.265
0.306458;0.105345;10.007.763
0.316035;0.105345;10.055.647
0.325611;0.105345;10.103.531
0.335188;0.095768;10.113.108
0.306458;0.105345;10.084.377
0.316035;0.105345;10.055.647
0.306458;0.105345;9.911.995
0.306458;0.095768;9.825.804
0.287304;0.086191;9.825.804
0.287304;0.114922;9.864.111
0.316035;0.105345;9.902.418
0.325611;0.095768;9.969.456
0.316035;0.095768;10.103.531
0.316035;0.086191;10.103.531
0.296881;0.114922;10.084.377
0.316035;0.076614;10.113.108
0.306458;0.105345;10.036.493
0.316035;0.114922;9.988.609
0.306458;0.086191;9.921.572
0.306458;0.095768;9.825.804
0.325611;0.095768;9.854.534
0.287304;0.095768;9.940.725
0.325611;0.095768;10.026.917
0.306458;0.095768;10.103.531
0.306458;0.076614;10.122.684
0.306458;0.095768;10.122.684
0.335188;0.105345;10.046.070
0.325611;0.095768;9.950.302
0.325611;0.105345;9.892.841
0.316035;0.105345;9.825.804
0.306458;0.105345;9.825.804
0.306458;0.114922;9.854.534
0.316035;0.086191;9.864.111
0.306458;0.095768;9.959.879
0.306458;0.076614;10.065.224
0.306458;0.095768;10.103.531
0.316035;0.095768;10.093.954
0.316035;0.095768;10.074.800
0.316035;0.105345;10.046.070
0.296881;0.105345;9.979.033
0.296881;0.095768;9.931.149
0.306458;0.095768;9.844.957
0.325611;0.076614;9.816.227
0.325611;0.114922;9.825.804
0.296881;0.095768;9.931.149
0.306458;0.086191;9.979.033
0.306458;0.067038;10.017.340
0.316035;0.086191;10.074.800
0.325611;0.095768;10.132.261
0.335188;0.095768;10.103.531
0.316035;0.086191;10.055.647
0.335188;0.086191;9.959.879
0.316035;0.095768;9.902.418
0.306458;0.114922;9.883.265
0.306458;0.086191;9.806.650
0.306458;0.086191;9.844.957
0.316035;0.095768;9.864.111
0.306458;0.095768;9.998.186
0.296881;0.086191;9.998.186
0.325611;0.095768;10.113.108
0.325611;0.086191;10.132.261
0.316035;0.105345;10.093.954
0.316035;0.114922;10.046.070
0.306458;0.105345;9.998.186
0.296881;0.105345;9.883.265
0.306458;0.095768;9.854.534
0.306458;0.076614;9.816.227
0.306458;0.114922;9.806.650
0.316035;0.086191;9.883.265
0.316035;0.095768;9.959.879
0.287304;0.095768;10.046.070
0.316035;0.095768;10.113.108
0.306458;0.086191;10.132.261
0.306458;0.114922;10.084.377
0.306458;0.114922;9.988.609
0.306458;0.105345;9.979.033
0.344765;0.086191;9.931.149
0.306458;0.105345;9.864.111
0.306458;0.076614;9.825.804
0.316035;0.114922;9.844.957
0.316035;0.114922;9.892.841
0.316035;0.105345;9.969.456
0.306458;0.086191;10.055.647
0.316035;0.105345;10.065.224
0.325611;0.076614;10.151.415
0.306458;0.095768;10.103.531
0.316035;0.114922;10.074.800
0.306458;0.095768;9.979.033
0.306458;0.086191;9.902.418
0.287304;0.086191;9.854.534
0.296881;0.114922;9.816.227
0.306458;0.095768;9.844.957
0.316035;0.076614;9.911.995
0.306458;0.086191;9.950.302
0.306458;0.105345;10.007.763
0.306458;0.105345;10.093.954
0.306458;0.086191;10.103.531
0.325611;0.105345;10.103.531
0.316035;0.105345;10.046.070
0.296881;0.095768;9.988.609
0.316035;0.095768;9.940.725
0.316035;0.105345;9.844.957
0.306458;0.105345;9.835.381
0.316035;0.095768;9.825.804
0.316035;0.086191;9.892.841
0.335188;0.095768;9.950.302
0.316035;0.086191;10.036.493
0.306458;0.095768;10.084.377
0.306458;0.086191;10.103.531
0.306458;0.095768;10.113.108
0.316035;0.114922;10.055.647
0.325611;0.086191;10.007.763
0.296881;0.114922;9.902.418
0.316035;0.086191;9.835.381
0.316035;0.105345;9.825.804
0.306458;0.095768;9.844.957
0.306458;0.086191;9.883.265
0.316035;0.114922;9.950.302
0.287304;0.105345;10.046.070
0.316035;0.095768;10.084.377
0.335188;0.095768;10.103.531
0.316035;0.095768;10.103.531
0.325611;0.114922;10.065.224
0.296881;0.124498;9.979.033
0.277727;0.086191;9.921.572
0.335188;0.086191;9.854.534
0.287304;0.076614;9.835.381
0.316035;0.105345;9.825.804
0.325611;0.105345;9.892.841
0.316035;0.095768;9.959.879
0.325611;0.086191;10.007.763
0.316035;0.086191;10.074.800
0.306458;0.076614;10.122.684
0.316035;0.086191;10.132.261
0.316035;0.076614;10.065.224
0.296881;0.105345;9.969.456
0.287304;0.086191;9.921.572
0.316035;0.067038;9.844.957
0.306458;0.095768;9.835.381
0.296881;0.114922;9.844.957
0.306458;0.095768;9.883.265
0.325611;0.114922;9.921.572
0.316035;0.114922;10.036.493
0.325611;0.086191;10.103.531
0.306458;0.095768;10.113.108
0.325611;0.105345;10.074.800
0.296881;0.086191;10.074.800
0.325611;0.095768;10.017.340
0.296881;0.105345;9.940.725
0.325611;0.086191;9.854.534
0.316035;0.114922;9.816.227
0.296881;0.105345;9.844.957
0.306458;0.095768;9.911.995
0.316035;0.105345;9.959.879
0.316035;0.124498;9.988.609
0.316035;0.086191;10.122.684
0.306458;0.076614;10.141.838
0.325611;0.114922;10.132.261
0.306458;0.076614;10.074.800
0.316035;0.095768;9.969.456
0.316035;0.086191;9.921.572
0.296881;0.095768;9.844.957
0.296881;0.086191;9.864.111
0.316035;0.105345;9.864.111
0.316035;0.095768;9.969.456
0.316035;0.095768;10.036.493
0.316035;0.105345;10.084.377
0.325611;0.095768;10.113.108
0.306458;0.105345;10.122.684
0.316035;0.095768;10.055.647
0.325611;0.105345;10.017.340
0.306458;0.105345;9.892.841
0.296881;0.114922;9.844.957
0.316035;0.114922;9.825.804
0.306458;0.105345;9.835.381
0.316035;0.105345;9.883.265
0.316035;0.114922;9.921.572
0.306458;0.095768;10.026.917
0.316035;0.105345;10.084.377
0.325611;0.095768;10.122.684
0.316035;0.086191;10.065.224
0.325611;0.086191;9.979.033
0.316035;0.086191;9.950.302
0.296881;0.095768;9.883.265
0.306458;0.105345;9.825.804
0.316035;0.105345;9.854.534
0.316035;0.095768;9.873.688
0.316035;0.105345;9.940.725
0.316035;0.105345;10.036.493
0.316035;0.105345;10.093.954
0.325611;0.095768;10.093.954
0.335188;0.105345;10.084.377
0.306458;0.105345;10.074.800
0.306458;0.095768;10.026.917
0.306458;0.105345;9.911.995
0.296881;0.114922;9.864.111
0.316035;0.076614;9.854.534
0.306458;0.086191;9.844.957
0.316035;0.105345;9.892.841
0.296881;0.095768;9.931.149
0.306458;0.095768;9.998.186
0.316035;0.086191;10.074.800
0.316035;0.095768;10.084.377
0.316035;0.105345;10.113.108
0.316035;0.086191;10.036.493
0.287304;0.114922;9.988.609
0.316035;0.105345;9.931.149
0.296881;0.095768;9.854.534
0.335188;0.095768;9.844.957
0.296881;0.086191;9.835.381
0.296881;0.086191;9.854.534
0.335188;0.105345;9.950.302
0.316035;0.114922;10.036.493
0.306458;0.076614;10.055.647
0.296881;0.086191;10.103.531
0.306458;0.086191;10.122.684
0.316035;0.105345;10.055.647
0.296881;0.124498;10.046.070
0.316035;0.095768;9.931.149
0.316035;0.114922;9.892.841
0.316035;0.095768;9.835.381
0.325611;0.105345;9.797.073
0.306458;0.095768;9.864.111
0.296881;0.114922;9.921.572
0.306458;0.114922;10.046.070
0.335188;0.086191;10.103.531
0.296881;0.086191;10.093.954
0.306458;0.095768;10.113.108
0.325611;0.095768;10.074.800
0.296881;0.105345;9.998.186
0.306458;0.095768;9.950.302
0.316035;0.105345;9.844.957
0.287304;0.114922;9.844.957
0.325611;0.095768;9.806.650
0.325611;0.114922;9.892.841
0.306458;0.086191;9.940.725
0.306458;0.095768;10.007.763
0.316035;0.076614;10.065.224
0.325611;0.105345;10.103.531
0.316035;0.105345;10.113.108
0.306458;0.105345;10.074.800
0.306458;0.105345;9.979.033
0.306458;0.086191;9.940.725
0.306458;0.076614;9.873.688
0.316035;0.105345;9.873.688
0.316035;0.105345;9.816.227
0.316035;0.105345;9.854.534
0.296881;0.076614;9.902.418
0.316035;0.105345;9.998.186
0.316035;0.086191;10.055.647
0.325611;0.105345;10.093.954
0.306458;0.105345;10.093.954
0.316035;0.095768;10.065.224
0.296881;0.095768;10.017.340
0.316035;0.086191;9.969.456
0.296881;0.086191;9.873.688
0.325611;0.105345;9.816.227
0.316035;0.114922;9.825.804
0.306458;0.095768;9.883.265
0.306458;0.086191;9.921.572
0.296881;0.114922;10.007.763
0.306458;0.105345;10.084.377
0.306458;0.105345;10.113.108
0.296881;0.095768;10.103.531
0.306458;0.095768;10.074.800
0.316035;0.105345;10.007.763
0.296881;0.095768;9.950.302
0.306458;0.086191;9.844.957
0.335188;0.105345;9.825.804
0.306458;0.086191;9.844.957
0.316035;0.114922;9.883.265
0.306458;0.067038;9.892.841
0.306458;0.086191;10.036.493
0.325611;0.076614;10.065.224
0.325611;0.105345;10.093.954
0.325611;0.086191;10.103.531
0.325611;0.086191;10.046.070
0.316035;0.114922;9.969.456
0.306458;0.105345;9.892.841
0.296881;0.095768;9.883.265
0.296881;0.105345;9.835.381
0.306458;0.124498;9.816.227
0.325611;0.086191;9.864.111
0.306458;0.114922;9.940.725
0.325611;0.114922;10.007.763
0.306458;0.095768;10.084.377
0.306458;0.095768;10.093.954
0.306458;0.114922;10.093.954
0.316035;0.105345;10.055.647
0.325611;0.076614;9.969.456
0.306458;0.076614;9.873.688
0.306458;0.076614;9.873.688
0.316035;0.105345;9.825.804
0.287304;0.095768;9.816.227
0.306458;0.095768;9.864.111
0.325611;0.105345;9.959.879
0.316035;0.086191;10.007.763
0.325611;0.105345;10.074.800
0.325611;0.114922;10.103.531
0.316035;0.086191;10.113.108
0.325611;0.086191;10.084.377
0.325611;0.095768;10.017.340
0.287304;0.086191;9.911.995
0.325611;0.105345;9.873.688
0.325611;0.095768;9.835.381
0.306458;0.095768;9.844.957
0.287304;0.086191;9.883.265
0.306458;0.095768;9.931.149
0.306458;0.095768;9.998.186
0.306458;0.095768;10.065.224
0.296881;0.095768;10.113.108
0.325611;0.114922;10.122.684
0.316035;0.095768;10.036.493
0.296881;0.095768;9.998.186
0.306458;0.095768;9.940.725
0.306458;0.095768;9.844.957
0.306458;0.086191;9.844.957
0.306458;0.124498;9.844.957
0.296881;0.114922;9.873.688
0.316035;0.105345;9.921.572
0.306458;0.095768;9.988.609
0.316035;0.095768;10.046.070
0.296881;0.105345;10.113.108
0.316035;0.114922;10.103.531
0.325611;0.095768;10.084.377
0.316035;0.086191;10.074.800
0.316035;0.105345;9.940.725
0.316035;0.076614;9.873.688
0.316035;0.105345;9.873.688
0.325611;0.105345;9.844.957
0.287304;0.086191;9.844.957
0.306458;0.086191;9.902.418
0.306458;0.114922;10.007.763
0.325611;0.105345;10.084.377
0.316035;0.086191;10.093.954
0.316035;0.105345;10.074.800
0.296881;0.086191;10.065.224
0.306458;0.105345;10.017.340
0.316035;0.105345;9.969.456
0.316035;0.105345;9.864.111
0.296881;0.086191;9.854.534
0.316035;0.105345;9.844.957
0.306458;0.086191;9.873.688
0.316035;0.086191;9.940.725
0.316035;0.095768;9.979.033
0.306458;0.114922;10.093.954
0.316035;0.086191;10.122.684
0.325611;0.095768;10.113.108
0.325611;0.086191;10.065.224
0.296881;0.086191;9.969.456
0.316035;0.105345;9.931.149
0.306458;0.095768;9.892.841
0.316035;0.095768;9.864.111
0.306458;0.076614;9.844.957
0.316035;0.095768;9.873.688
0.316035;0.086191;9.911.995
0.316035;0.095768;9.998.186
0.296881;0.105345;10.055.647
0.325611;0.095768;10.084.377
0.325611;0.086191;10.093.954
0.325611;0.095768;10.046.070
0.287304;0.086191;10.036.493
0.306458;0.105345;9.969.456
0.335188;0.086191;9.864.111
0.306458;0.124498;9.844.957
0.296881;0.086191;9.835.381
0.325611;0.105345;9.883.265
0.296881;0.095768;9.921.572
0.296881;0.095768;9.979.033
0.306458;0.086191;10.093.954
0.296881;0.086191;10.103.531
0.306458;0.095768;10.113.108
0.325611;0.105345;10.055.647
0.306458;0.105345;10.017.340
0.316035;0.095768;9.931.149
0.306458;0.105345;9.883.265
0.306458;0.105345;9.797.073
0.306458;0.095768;9.825.804
0.316035;0.114922;9.873.688
0.306458;0.134075;9.959.879
0.325611;0.086191;10.007.763
0.296881;0.105345;10.055.647
0.306458;0.086191;10.084.377
0.325611;0.095768;10.113.108
0.316035;0.086191;10.103.531
0.306458;0.086191;10.007.763
0.306458;0.095768;9.940.725
0.325611;0.124498;9.892.841
0.296881;0.095768;9.864.111
0.306458;0.095768;9.835.381
0.306458;0.086191;9.864.111
0.306458;0.076614;9.921.572
0.306458;0.086191;9.959.879
0.316035;0.105345;10.046.070
0.325611;0.095768;10.103.531
0.325611;0.105345;10.113.108
0.335188;0.086191;10.103.531
0.325611;0.086191;10.036.493
0.316035;0.067038;9.969.456
0.306458;0.105345;9.911.995
0.306458;0.114922;9.835.381
0.296881;0.095768;9.825.804
0.335188;0.095768;9.835.381
0.306458;0.095768;9.959.879
0.306458;0.095768;9.988.609
0.316035;0.105345;10.074.800
0.296881;0.114922;10.093.954
0.325611;0.114922;10.132.261
0.316035;0.105345;10.084.377
0.296881;0.114922;10.046.070
0.306458;0.076614;9.959.879
0.325611;0.086191;9.902.418
0.325611;0.114922;9.854.534
0.306458;0.095768;9.835.381
0.306458;0.086191;9.873.688
0.306458;0.105345;9.883.265
0.316035;0.105345;9.969.456
0.296881;0.086191;10.046.070
0.306458;0.086191;10.103.531
0.316035;0.095768;10.103.531
0.306458;0.095768;10.074.800
0.325611;0.086191;10.046.070
0.296881;0.095768;9.988.609
0.316035;0.095768;9.854.534
0.306458;0.124498;9.854.534
0.316035;0.095768;9.864.111
0.325611;0.095768;9.864.111
0.306458;0.095768;9.931.149
0.325611;0.105345;9.979.033
0.316035;0.105345;10.026.917
0.316035;0.076614;10.113.108
0.325611;0.086191;10.084.377
0.306458;0.114922;10.093.954
0.316035;0.086191;10.055.647
0.306458;0.086191;9.959.879
0.306458;0.086191;9.902.418
0.325611;0.105345;9.854.534
0.296881;0.105345;9.825.804
0.316035;0.086191;9.854.534
0.316035;0.086191;9.911.995
0.316035;0.095768;9.988.609
0.306458;0.105345;10.026.917
0.316035;0.095768;10.065.224
0.325611;0.095768;10.113.108
0.306458;0.076614;10.084.377
0.335188;0.086191;10.036.493
0.306458;0.095768;10.007.763
0.316035;0.086191;9.883.265
0.296881;0.095768;9.864.111
0.296881;0.095768;9.844.957
0.306458;0.076614;9.825.804
0.325611;0.105345;9.921.572
0.325611;0.086191;9.979.033
0.316035;0.095768;9.988.609
0.306458;0.086191;10.093.954
0.306458;0.114922;10.103.531
0.325611;0.105345;10.103.531
0.316035;0.086191;10.017.340
0.296881;0.076614;9.921.572
0.316035;0.105345;9.854.534
0.316035;0.105345;9.835.381
0.306458;0.095768;9.873.688
0.296881;0.076614;9.873.688
0.316035;0.086191;10.007.763
0.316035;0.095768;10.046.070
0.325611;0.114922;10.084.377
0.316035;0.105345;10.103.531
0.306458;0.114922;10.017.340
0.306458;0.105345;9.979.033
0.316035;0.105345;9.892.841
0.316035;0.095768;9.844.957
0.325611;0.114922;9.883.265
0.306458;0.095768;9.921.572
0.316035;0.095768;9.988.609
0.316035;0.095768;10.055.647
0.316035;0.095768;10.065.224
0.316035;0.076614;10.103.531
0.306458;0.095768;10.103.531
0.335188;0.067038;9.998.186
0.296881;0.124498;9.988.609
0.287304;0.105345;9.902.418
0.316035;0.095768;9.825.804
0.306458;0.105345;9.854.534
0.335188;0.086191;9.873.688
0.335188;0.124498;9.883.265
0.306458;0.114922;9.979.033
0.316035;0.095768;10.036.493
0.335188;0.105345;10.065.224
0.306458;0.067038;10.103.531
0.316035;0.105345;10.065.224
0.325611;0.105345;10.017.340
0.306458;0.086191;9.950.302
0.306458;0.076614;9.883.265
0.296881;0.086191;9.854.534
0.287304;0.086191;9.844.957
0.325611;0.076614;9.883.265
0.296881;0.086191;9.883.265
0.306458;0.095768;9.931.149
0.335188;0.105345;10.084.377
0.306458;0.114922;10.074.800
0.316035;0.086191;10.113.108
0.316035;0.095768;10.122.684
0.306458;0.105345;10.017.340
0.316035;0.095768;9.979.033
0.316035;0.114922;9.931.149
0.306458;0.095768;9.854.534
0.296881;0.076614;9.854.534
0.316035;0.114922;9.835.381
0.306458;0.086191;9.959.879
0.306458;0.114922;9.988.609
0.306458;0.076614;10.046.070
0.325611;0.095768;10.065.224
0.316035;0.095768;10.103.531
0.306458;0.105345;10.093.954
0.316035;0.105345;10.046.070
0.325611;0.095768;9.969.456
0.316035;0.086191;9.902.418
0.306458;0.076614;9.854.534
0.306458;0.114922;9.844.957
0.316035;0.114922;9.844.957
0.316035;0.086191;9.921.572
0.296881;0.105345;9.950.302
0.316035;0.095768;10.046.070
0.306458;0.105345;10.065.224
0.325611;0.095768;10.084.377
0.316035;0.095768;10.055.647
0.306458;0.095768;10.026.917
0.316035;0.086191;9.988.609
0.306458;0.114922;9.931.149
0.316035;0.105345;9.844.957
0.316035;0.095768;9.864.111
0.296881;0.105345;9.864.111
0.296881;0.076614;9.921.572
0.325611;0.095768;9.979.033
0.306458;0.086191;10.036.493
0.325611;0.095768;10.103.531
0.316035;0.086191;10.093.954
0.344765;0.095768;10.084.377
0.325611;0.114922;10.065.224
0.306458;0.105345;9.959.879
0.306458;0.086191;9.921.572
0.296881;0.105345;9.854.534
0.296881;0.105345;9.835.381
0.316035;0.076614;9.844.957
0.316035;0.086191;9.892.841
0.325611;0.095768;9.921.572
0.306458;0.105345;10.026.917
0.344765;0.114922;10.055.647
0.306458;0.105345;10.113.108
0.316035;0.095768;10.093.954
0.335188;0.086191;10.055.647
0.316035;0.124498;9.998.186
0.296881;0.105345;9.892.841
0.306458;0.095768;9.854.534
0.316035;0.105345;9.844.957
0.306458;0.095768;9.825.804
0.316035;0.105345;9.911.995
0.306458;0.086191;9.979.033
0.316035;0.095768;10.007.763
0.325611;0.086191;10.103.531
0.306458;0.095768;10.093.954
0.316035;0.086191;10.084.377
0.306458;0.105345;10.026.917
0.316035;0.114922;9.979.033
0.325611;0.105345;9.911.995
0.325611;0.086191;9.883.265
0.316035;0.114922;9.825.804
0.325611;0.095768;9.864.111
0.316035;0.114922;9.854.534
0.306458;0.076614;10.017.340
0.316035;0.105345;10.036.493
0.306458;0.105345;10.055.647
0.306458;0.105345;10.093.954
0.296881;0.105345;10.084.377
0.306458;0.086191;10.026.917
0.316035;0.086191;9.998.186
0.325611;0.124498;9.883.265
0.306458;0.114922;9.864.111
0.316035;0.095768;9.883.265
0.306458;0.086191;9.883.265
0.306458;0.086191;9.902.418
0.306458;0.076614;9.950.302
0.316035;0.095768;9.998.186
0.316035;0.095768;10.084.377
0.335188;0.076614;10.113.108
0.316035;0.114922;10.074.800
0.306458;0.105345;10.036.493
0.316035;0.076614;9.979.033
0.306458;0.095768;9.902.418
0.306458;0.086191;9.844.957
0.306458;0.095768;9.825.804
0.316035;0.086191;9.854.534
0.325611;0.086191;9.921.572
0.316035;0.076614;10.036.493
0.316035;0.095768;10.093.954
0.316035;0.114922;10.093.954
0.287304;0.095768;10.074.800
0.306458;0.105345;10.046.070
0.306458;0.095768;10.007.763
0.306458;0.105345;9.902.418
0.306458;0.095768;9.864.111
0.316035;0.095768;9.873.688
0.287304;0.095768;9.854.534
0.316035;0.086191;9.892.841
0.335188;0.114922;9.950.302
0.316035;0.105345;10.036.493
0.316035;0.105345;10.084.377
0.335188;0.105345;10.093.954
0.325611;0.095768;10.093.954
0.296881;0.114922;10.055.647
0.306458;0.086191;9.969.456
0.316035;0.114922;9.940.725
0.296881;0.086191;9.835.381
0.316035;0.086191;9.835.381
0.306458;0.105345;9.854.534
0.306458;0.105345;9.892.841
0.316035;0.086191;9.959.879
0.316035;0.095768;10.007.763
0.325611;0.114922;10.046.070
0.325611;0.105345;10.103.531
0.325611;0.124498;10.084.377
0.335188;0.086191;10.046.070
0.316035;0.105345;9.959.879
0.325611;0.086191;9.911.995
0.325611;0.105345;9.854.534
0.306458;0.086191;9.864.111
0.306458;0.095768;9.854.534
0.306458;0.095768;9.873.688
0.306458;0.124498;9.931.149
0.306458;0.095768;10.036.493
0.316035;0.134075;10.065.224
0.306458;0.114922;10.103.531
0.306458;0.124498;10.046.070
0.316035;0.095768;10.074.800
0.316035;0.086191;9.988.609
0.316035;0.095768;9.959.879
0.306458;0.105345;9.873.688
0.306458;0.095768;9.854.534
0.316035;0.095768;9.864.111
0.316035;0.105345;9.892.841
0.296881;0.095768;9.940.725
0.296881;0.134075;9.998.186
0.316035;0.095768;10.093.954
0.335188;0.086191;10.103.531
0.335188;0.086191;10.113.108
0.325611;0.105345;10.065.224
0.306458;0.105345;9.979.033
0.306458;0.086191;9.892.841
0.316035;0.095768;9.902.418
0.316035;0.105345;9.854.534
0.296881;0.095768;9.844.957
0.306458;0.114922;9.873.688
0.316035;0.076614;9.950.302
0.306458;0.086191;10.026.917
0.325611;0.124498;10.055.647
0.325611;0.095768;10.093.954
0.316035;0.095768;10.074.800
0.296881;0.095768;10.074.800
0.296881;0.095768;9.950.302
0.316035;0.095768;9.883.265
0.316035;0.095768;9.873.688
0.325611;0.105345;9.844.957
0.325611;0.086191;9.854.534
0.306458;0.105345;9.892.841
0.296881;0.105345;9.969.456
0.325611;0.086191;9.998.186
0.325611;0.086191;10.074.800
0.306458;0.095768;10.093.954
0.335188;0.076614;10.093.954
0.316035;0.105345;10.093.954
0.287304;0.067038;9.988.609
0.287304;0.105345;9.931.149
0.316035;0.105345;9.902.418
0.306458;0.095768;9.864.111
0.296881;0.086191;9.854.534
0.316035;0.114922;9.864.111
0.306458;0.105345;9.959.879
0.316035;0.076614;10.007.763
0.316035;0.095768;10.036.493
0.306458;0.095768;10.074.800
0.316035;0.114922;10.103.531
0.325611;0.095768;10.074.800
0.296881;0.086191;10.017.340
0.306458;0.105345;9.902.418
0.316035;0.105345;9.864.111
0.325611;0.086191;9.835.381
0.316035;0.114922;9.854.534
0.306458;0.095768;9.902.418
0.306458;0.095768;9.931.149
0.325611;0.124498;10.007.763
0.316035;0.086191;10.065.224
0.316035;0.086191;10.103.531
0.325611;0.086191;10.084.377
0.316035;0.105345;10.055.647
0.296881;0.114922;9.979.033
0.325611;0.114922;9.931.149
0.316035;0.095768;9.864.111
0.306458;0.076614;9.825.804
0.306458;0.086191;9.854.534
0.306458;0.095768;9.864.111
0.306458;0.086191;9.969.456
0.316035;0.105345;10.026.917
0.316035;0.095768;10.046.070
0.325611;0.086191;10.122.684
0.325611;0.086191;10.074.800
0.296881;0.086191;10.065.224
0.306458;0.114922;10.007.763
0.306458;0.105345;9.902.418
0.296881;0.105345;9.883.265
0.296881;0.076614;9.844.957
0.287304;0.105345;9.892.841
0.306458;0.105345;9.902.418
0.296881;0.086191;9.902.418
0.316035;0.105345;10.036.493
0.296881;0.114922;10.046.070
0.325611;0.114922;10.113.108
0.325611;0.105345;10.084.377
0.325611;0.114922;10.046.070
0.325611;0.095768;9.988.609
0.316035;0.105345;9.864.111
0.306458;0.114922;9.854.534
0.306458;0.086191;9.864.111
0.316035;0.105345;9.854.534
0.316035;0.076614;9.931.149
0.306458;0.114922;10.007.763
0.325611;0.086191;10.046.070
0.306458;0.114922;10.093.954
0.325611;0.114922;10.055.647
0.296881;0.076614;10.074.800
0.316035;0.114922;9.959.879
0.306458;0.095768;9.931.149
0.316035;0.076614;9.864.111
0.316035;0.086191;9.864.111
0.325611;0.076614;9.864.111
0.316035;0.105345;9.892.841
0.316035;0.105345;9.931.149
0.316035;0.114922;10.036.493
0.306458;0.076614;10.046.070
0.306458;0.095768;10.093.954
0.306458;0.095768;10.074.800
0.306458;0.105345;10.026.917
0.306458;0.095768;10.017.340
0.316035;0.095768;9.931.149
0.316035;0.105345;9.883.265
0.306458;0.105345;9.854.534
0.316035;0.105345;9.911.995
0.325611;0.105345;9.902.418
0.287304;0.095768;9.998.186
0.316035;0.086191;10.026.917
0.316035;0.086191;10.093.954
0.316035;0.086191;10.103.531
0.325611;0.105345;10.026.917
0.316035;0.095768;9.988.609
0.316035;0.095768;9.902.418
0.316035;0.086191;9.892.841
0.296881;0.114922;9.873.688
0.306458;0.114922;9.873.688
0.306458;0.095768;9.854.534
0.296881;0.105345;9.911.995
0.325611;0.095768;10.026.917
0.325611;0.105345;10.046.070
0.325611;0.086191;10.113.108
0.335188;0.114922;10.074.800
0.325611;0.095768;10.046.070
0.306458;0.095768;10.036.493
0.316035;0.095768;9.940.725
0.306458;0.105345;9.911.995
0.306458;0.114922;9.854.534
0.296881;0.114922;9.825.804
0.306458;0.114922;9.873.688
0.306458;0.095768;9.911.995
0.335188;0.095768;9.979.033
0.316035;0.105345;10.055.647
0.325611;0.124498;10.084.377
0.325611;0.105345;10.084.377
0.316035;0.086191;10.084.377
0.306458;0.114922;9.988.609
0.287304;0.114922;9.940.725
0.296881;0.105345;9.902.418
0.306458;0.086191;9.835.381
0.306458;0.105345;9.844.957
0.306458;0.086191;9.883.265
0.316035;0.086191;9.988.609
0.306458;0.076614;10.017.340
0.325611;0.095768;10.074.800
0.287304;0.095768;10.074.800
0.316035;0.086191;10.084.377
0.296881;0.114922;10.007.763
0.325611;0.114922;9.940.725
0.306458;0.086191;9.883.265
0.296881;0.086191;9.854.534
0.316035;0.105345;9.864.111
0.306458;0.095768;9.902.418
0.306458;0.114922;9.940.725
0.316035;0.114922;9.959.879
0.325611;0.095768;10.055.647
0.316035;0.086191;10.084.377
0.306458;0.105345;10.036.493
0.316035;0.114922;10.007.763
0.316035;0.105345;9.959.879
0.306458;0.095768;9.892.841
0.325611;0.095768;9.844.957
0.316035;0.105345;9.854.534
0.316035;0.105345;9.883.265
0.316035;0.105345;9.950.302
0.316035;0.095768;9.998.186
0.296881;0.086191;10.036.493
0.316035;0.114922;10.074.800
0.287304;0.086191;10.084.377
0.306458;0.105345;10.065.224
0.316035;0.114922;10.046.070
0.296881;0.095768;9.911.995
0.316035;0.114922;9.902.418
0.316035;0.114922;9.892.841
0.306458;0.105345;9.854.534
0.316035;0.086191;9.883.265
0.316035;0.095768;9.921.572
0.316035;0.105345;9.998.186
0.325611;0.114922;10.055.647
0.316035;0.086191;10.103.531
0.335188;0.076614;10.093.954
0.296881;0.105345;10.026.917
0.306458;0.095768;9.998.186
0.306458;0.095768;9.969.456
0.316035;0.076614;9.902.418
0.296881;0.095768;9.864.111
0.316035;0.095768;9.844.957
0.306458;0.114922;9.854.534
0.296881;0.076614;9.921.572
0.335188;0.124498;9.950.302
0.306458;0.105345;10.007.763
0.296881;0.114922;10.093.954
0.325611;0.105345;10.093.954
0.325611;0.095768;10.055.647
0.306458;0.086191;9.979.033
0.306458;0.095768;9.940.725
0.316035;0.095768;9.892.841
0.296881;0.105345;9.902.418
0.296881;0.105345;9.844.957
0.325611;0.105345;9.864.111
0.296881;0.086191;9.931.149
0.296881;0.095768;10.007.763
0.316035;0.105345;10.065.224
0.325611;0.105345;10.074.800
0.316035;0.105345;10.113.108
0.325611;0.076614;10.036.493
0.316035;0.086191;10.046.070
0.296881;0.086191;9.979.033
0.316035;0.086191;9.854.534
0.325611;0.105345;9.864.111
0.325611;0.076614;9.854.534
0.325611;0.095768;9.883.265
0.316035;0.095768;9.931.149
0.316035;0.124498;9.950.302
0.306458;0.105345;10.017.340
0.325611;0.105345;10.065.224
0.335188;0.105345;10.084.377
0.316035;0.114922;10.074.800
0.316035;0.114922;9.998.186
0.306458;0.076614;9.959.879
0.306458;0.114922;9.921.572
0.287304;0.095768;9.854.534
0.325611;0.105345;9.854.534
0.306458;0.114922;9.873.688
0.316035;0.095768;9.902.418
0.296881;0.086191;9.969.456
0.325611;0.105345;10.007.763
0.316035;0.095768;10.055.647
0.316035;0.086191;10.103.531
0.325611;0.105345;10.055.647
0.316035;0.086191;10.036.493
0.287304;0.105345;9.931.149
0.306458;0.105345;9.883.265
0.306458;0.086191;9.844.957
0.306458;0.095768;9.864.111
0.325611;0.076614;9.902.418
0.296881;0.095768;9.911.995
0.296881;0.095768;9.950.302
0.316035;0.105345;10.046.070
0.306458;0.105345;10.084.377
0.316035;0.095768;10.093.954
0.316035;0.076614;10.084.377
0.306458;0.076614;9.998.186
0.306458;0.114922;9.959.879
0.306458;0.134075;9.931.149
0.306458;0.114922;9.864.111
0.287304;0.086191;9.835.381
0.316035;0.086191;9.864.111
0.306458;0.095768;9.931.149
0.316035;0.105345;9.988.609
0.306458;0.105345;10.046.070
0.316035;0.095768;10.093.954
0.316035;0.105345;10.074.800
0.296881;0.105345;10.074.800
0.325611;0.076614;10.036.493
0.306458;0.105345;9.950.302
0.344765;0.095768;9.902.418
0.306458;0.105345;9.844.957
0.316035;0.105345;9.873.688
0.306458;0.124498;9.873.688
0.316035;0.105345;9.911.995
0.325611;0.095768;9.959.879
0.306458;0.105345;10.046.070
0.316035;0.114922;10.074.800
0.316035;0.105345;10.065.224
0.306458;0.114922;10.036.493
0.306458;0.114922;9.959.879
0.306458;0.095768;9.902.418
0.316035;0.114922;9.835.381
0.325611;0.105345;9.825.804
0.296881;0.086191;9.864.111
0.287304;0.095768;9.931.149
0.325611;0.114922;9.969.456
0.316035;0.095768;10.046.070
0.325611;0.095768;10.084.377
0.306458;0.105345;10.103.531
0.325611;0.095768;10.093.954
0.325611;0.095768;10.036.493
0.325611;0.105345;9.931.149
0.296881;0.105345;9.921.572
0.287304;0.114922;9.892.841
0.306458;0.086191;9.883.265
0.296881;0.105345;9.873.688
0.316035;0.095768;9.902.418
0.306458;0.105345;9.950.302
0.306458;0.086191;10.046.070
0.316035;0.095768;10.055.647
0.316035;0.114922;10.084.377
0.296881;0.095768;10.055.647
0.306458;0.086191;10.055.647
0.306458;0.114922;9.969.456
0.287304;0.095768;9.911.995
0.316035;0.067038;9.873.688
0.306458;0.114922;9.854.534
0.296881;0.105345;9.844.957
0.316035;0.114922;9.911.995
0.316035;0.086191;9.959.879
0.316035;0.086191;10.017.340
0.344765;0.095768;10.065.224
0.306458;0.076614;10.093.954
0.306458;0.086191;10.074.800
0.325611;0.076614;10.065.224
0.316035;0.114922;9.959.879
0.306458;0.095768;9.883.265
0.287304;0.105345;9.864.111
0.316035;0.105345;9.844.957
0.306458;0.095768;9.854.534
0.306458;0.114922;9.902.418
0.306458;0.095768;9.988.609
0.316035;0.095768;10.046.070
0.316035;0.114922;10.046.070
0.316035;0.105345;10.122.684
0.306458;0.105345;10.074.800
0.316035;0.095768;10.046.070
0.306458;0.086191;10.007.763
0.306458;0.076614;9.902.418
0.316035;0.086191;9.873.688
0.306458;0.076614;9.844.957
0.316035;0.076614;9.873.688
0.306458;0.076614;9.911.995
0.335188;0.114922;9.931.149
0.316035;0.105345;9.998.186
0.325611;0.095768;10.055.647
0.325611;0.095768;10.113.108
0.325611;0.105345;10.074.800
0.316035;0.095768;10.017.340
0.325611;0.105345;9.969.456
0.316035;0.105345;9.911.995
0.306458;0.114922;9.844.957
0.306458;0.105345;9.854.534
0.335188;0.105345;9.873.688
0.316035;0.076614;9.892.841
0.306458;0.124498;9.998.186
0.325611;0.095768;10.017.340
0.325611;0.095768;10.074.800
0.306458;0.095768;10.093.954
0.325611;0.105345;10.046.070
0.316035;0.086191;10.026.917
0.335188;0.105345;9.998.186
0.316035;0.086191;9.892.841
0.306458;0.086191;9.873.688
0.306458;0.076614;9.864.111
0.316035;0.095768;9.873.688
0.316035;0.114922;9.940.725
0.316035;0.105345;9.950.302
0.306458;0.095768;10.026.917
0.316035;0.105345;10.055.647
0.316035;0.095768;10.093.954
0.325611;0.095768;10.084.377
0.296881;0.105345;10.026.917
0.306458;0.105345;9.959.879
0.296881;0.095768;9.931.149
0.287304;0.086191;9.873.688
0.316035;0.095768;9.854.534
0.316035;0.105345;9.854.534
0.306458;0.095768;9.892.841
0.306458;0.086191;9.969.456
0.325611;0.095768;10.017.340
0.306458;0.105345;10.093.954
0.316035;0.095768;10.084.377
0.325611;0.114922;10.093.954
0.316035;0.105345;10.046.070
0.316035;0.095768;9.940.725
0.296881;0.086191;9.911.995
0.306458;0.076614;9.873.688
0.296881;0.076614;9.825.804
0.306458;0.086191;9.873.688
0.306458;0.134075;9.921.572
0.306458;0.076614;9.959.879
0.325611;0.086191;10.036.493
0.325611;0.086191;10.103.531
0.306458;0.086191;10.074.800
0.325611;0.105345;10.074.800
0.316035;0.095768;10.007.763
0.306458;0.105345;9.969.456
0.316035;0.095768;9.883.265
0.325611;0.114922;9.873.688
0.316035;0.095768;9.854.534
0.296881;0.105345;9.854.534
0.306458;0.114922;9.921.572
0.325611;0.086191;9.969.456
0.316035;0.095768;9.998.186
0.325611;0.095768;10.074.800
0.287304;0.095768;10.074.800
0.316035;0.105345;10.065.224
0.325611;0.105345;10.074.800
0.296881;0.095768;9.959.879
0.316035;0.105345;9.921.572
0.306458;0.114922;9.873.688
0.316035;0.095768;9.854.534
0.306458;0.095768;9.873.688
0.316035;0.105345;9.902.418
0.316035;0.076614;9.950.302
0.287304;0.095768;10.017.340
0.306458;0.114922;10.074.800
0.316035;0.095768;10.074.800
0.316035;0.076614;10.036.493
0.296881;0.095768;10.055.647
0.296881;0.095768;9.959.879
0.306458;0.086191;9.921.572
0.325611;0.105345;9.883.265
0.296881;0.105345;9.854.534
0.306458;0.086191;9.854.534
0.316035;0.105345;9.921.572
0.306458;0.105345;9.998.186
0.306458;0.095768;9.998.186
0.325611;0.095768;10.055.647
0.296881;0.086191;10.093.954
0.325611;0.114922;10.074.800
0.325611;0.114922;10.017.340
0.296881;0.114922;9.988.609
0.306458;0.095768;9.931.149
0.316035;0.095768;9.864.111
0.316035;0.095768;9.844.957
0.306458;0.124498;9.892.841
0.316035;0.095768;9.883.265
0.325611;0.086191;9.959.879
0.306458;0.124498;10.026.917
0.325611;0.086191;10.046.070
0.316035;0.105345;10.084.377
0.306458;0.095768;10.055.647
0.316035;0.095768;10.046.070
0.316035;0.105345;9.998.186
0.325611;0.105345;9.921.572
0.325611;0.114922;9.883.265
0.287304;0.105345;9.883.265
0.296881;0.086191;9.883.265
0.316035;0.105345;9.892.841
0.296881;0.095768;9.940.725
0.316035;0.095768;9.959.879
0.316035;0.105345;10.084.377
0.316035;0.095768;10.093.954
0.316035;0.114922;10.084.377
0.325611;0.114922;10.007.763
0.306458;0.095768;9.969.456
0.316035;0.114922;9.940.725
0.316035;0.105345;9.902.418
0.325611;0.086191;9.864.111
0.316035;0.095768;9.864.111
0.316035;0.105345;9.979.033
0.316035;0.086191;10.007.763
0.316035;0.105345;10.065.224
0.335188;0.086191;10.074.800
0.316035;0.095768;10.065.224
0.306458;0.076614;10.065.224
0.316035;0.114922;10.007.763
0.325611;0.086191;9.911.995
0.296881;0.114922;9.883.265
0.296881;0.076614;9.873.688
0.316035;0.095768;9.873.688
0.316035;0.105345;9.921.572
0.306458;0.105345;9.931.149
0.306458;0.105345;10.026.917
0.296881;0.124498;10.046.070
0.306458;0.095768;10.065.224
0.316035;0.086191;10.084.377
0.325611;0.086191;10.046.070
0.316035;0.124498;9.979.033
0.306458;0.114922;9.921.572
0.316035;0.095768;9.864.111
0.316035;0.095768;9.854.534
0.296881;0.086191;9.835.381
0.316035;0.086191;9.873.688
0.316035;0.086191;9.959.879
0.316035;0.114922;9.979.033
0.325611;0.114922;10.055.647
0.306458;0.095768;10.074.800
0.316035;0.095768;10.074.800
0.325611;0.095768;10.065.224
0.306458;0.095768;9.959.879
0.306458;0.095768;9.911.995
0.296881;0.105345;9.892.841
0.306458;0.114922;9.854.534
0.316035;0.114922;9.873.688
0.306458;0.095768;9.892.841
0.296881;0.105345;9.921.572
0.325611;0.095768;10.007.763
0.335188;0.086191;10.065.224
0.316035;0.095768;10.084.377
0.325611;0.105345;10.074.800
0.306458;0.114922;10.017.340
0.316035;0.105345;9.988.609
0.316035;0.086191;9.931.149
0.316035;0.086191;9.864.111
0.306458;0.086191;9.844.957
0.306458;0.095768;9.873.688
0.316035;0.105345;9.883.265
0.306458;0.095768;9.950.302
0.335188;0.086191;9.998.186
0.316035;0.095768;10.055.647
0.306458;0.076614;10.074.800
0.325611;0.095768;10.036.493
0.335188;0.095768;10.055.647
0.316035;0.095768;9.969.456
0.296881;0.086191;9.940.725
0.306458;0.095768;9.883.265
0.306458;0.095768;9.854.534
0.316035;0.086191;9.864.111
0.316035;0.105345;9.902.418
0.296881;0.086191;9.940.725
0.296881;0.105345;10.036.493
0.325611;0.095768;10.036.493
0.344765;0.095768;10.065.224
0.335188;0.086191;10.065.224
0.316035;0.095768;10.036.493
0.306458;0.086191;10.007.763
0.325611;0.086191;9.902.418
0.325611;0.105345;9.873.688
0.325611;0.114922;9.873.688
0.296881;0.086191;9.864.111
0.296881;0.095768;9.902.418
0.316035;0.095768;9.940.725
0.325611;0.105345;9.959.879
0.306458;0.105345;10.055.647
0.316035;0.105345;10.065.224
0.316035;0.095768;10.103.531
0.325611;0.114922;10.093.954
0.316035;0.105345;9.988.609
0.287304;0.086191;9.931.149
0.325611;0.095768;9.911.995
0.325611;0.095768;9.854.534
0.316035;0.086191;9.883.265
0.306458;0.076614;9.892.841
0.325611;0.095768;9.950.302
0.316035;0.105345;10.017.340
0.325611;0.095768;10.046.070
0.306458;0.105345;10.055.647
0.296881;0.086191;10.084.377
0.306458;0.095768;10.055.647
0.306458;0.095768;10.007.763
0.306458;0.086191;9.931.149
0.325611;0.076614;9.902.418
0.316035;0.095768;9.854.534
0.316035;0.086191;9.873.688
0.306458;0.105345;9.892.841
0.316035;0.067038;9.931.149
0.316035;0.095768;9.988.609
0.325611;0.105345;10.055.647
0.306458;0.105345;10.065.224
0.306458;0.105345;10.074.800
0.325611;0.086191;10.017.340
0.325611;0.095768;10.007.763
0.296881;0.095768;9.940.725
0.316035;0.095768;9.911.995
0.296881;0.105345;9.835.381
0.325611;0.086191;9.835.381
0.306458;0.095768;9.892.841
0.306458;0.095768;9.969.456
0.344765;0.076614;10.026.917
0.306458;0.105345;10.026.917
0.316035;0.086191;10.074.800
0.316035;0.114922;10.074.800
0.325611;0.114922;10.074.800
0.306458;0.086191;10.017.340
0.306458;0.114922;9.931.149
0.316035;0.095768;9.911.995
0.325611;0.095768;9.864.111
0.316035;0.095768;9.873.688
0.296881;0.095768;9.902.418
0.316035;0.105345;9.931.149
0.306458;0.095768;10.026.917
0.296881;0.095768;10.055.647
0.325611;0.095768;10.074.800
0.306458;0.095768;10.084.377
0.296881;0.086191;10.046.070
0.306458;0.086191;9.998.186
0.325611;0.095768;9.959.879
0.316035;0.105345;9.864.111
0.316035;0.095768;9.873.688
0.296881;0.076614;9.873.688
0.306458;0.095768;9.873.688
0.325611;0.114922;9.950.302
0.325611;0.105345;9.979.033
0.316035;0.086191;10.017.340
0.325611;0.095768;10.065.224
0.335188;0.076614;10.055.647
0.296881;0.105345;10.065.224
0.325611;0.114922;9.969.456
0.316035;0.105345;9.921.572
0.296881;0.114922;9.892.841
0.296881;0.095768;9.883.265
0.316035;0.105345;9.844.957
0.316035;0.114922;9.892.841
0.316035;0.095768;9.911.995
0.325611;0.114922;10.026.917
0.316035;0.095768;10.065.224
0.325611;0.095768;10.055.647
0.296881;0.095768;10.084.377
0.316035;0.114922;10.046.070
0.306458;0.114922;9.979.033
0.316035;0.086191;9.940.725
0.296881;0.095768;9.921.572
0.306458;0.105345;9.864.111
0.296881;0.105345;9.873.688
0.335188;0.114922;9.892.841
0.325611;0.086191;9.940.725
0.316035;0.105345;9.959.879
0.316035;0.114922;10.007.763
0.335188;0.114922;10.055.647
0.296881;0.114922;10.065.224
0.325611;0.114922;10.074.800
0.306458;0.105345;9.998.186
0.306458;0.086191;9.959.879
0.296881;0.095768;9.873.688
0.306458;0.105345;9.844.957
0.306458;0.095768;9.873.688
0.316035;0.105345;9.902.418
0.316035;0.095768;9.921.572
0.316035;0.076614;10.007.763
0.325611;0.095768;10.046.070
0.306458;0.095768;10.084.377
0.316035;0.086191;10.074.800
0.296881;0.086191;10.046.070
0.296881;0.086191;10.017.340
0.316035;0.086191;9.988.609
0.306458;0.114922;9.883.265
0.306458;0.095768;9.873.688
0.306458;0.114922;9.835.381
0.306458;0.095768;9.883.265
0.316035;0.086191;9.931.149
0.316035;0.105345;9.998.186
0.335188;0.095768;10.036.493
0.306458;0.095768;10.074.800
0.316035;0.095768;10.065.224
0.325611;0.105345;10.065.224
0.335188;0.095768;9.998.186
0.316035;0.095768;9.921.572
0.296881;0.095768;9.902.418
0.287304;0.114922;9.873.688
0.306458;0.114922;9.864.111
0.316035;0.086191;9.873.688
0.306458;0.086191;9.950.302
0.325611;0.105345;10.007.763
0.316035;0.095768;10.017.340
0.306458;0.105345;10.055.647
0.306458;0.114922;10.074.800
0.325611;0.095768;10.055.647
0.306458;0.086191;9.988.609
0.296881;0.076614;9.902.418
0.316035;0.095768;9.883.265
0.316035;0.086191;9.892.841
0.316035;0.095768;9.864.111
0.316035;0.095768;9.921.572
0.335188;0.124498;9.950.302
0.316035;0.095768;9.979.033
0.316035;0.076614;10.026.917
0.325611;0.095768;10.074.800
0.316035;0.086191;10.093.954
0.325611;0.114922;10.007.763
0.325611;0.086191;9.988.609
0.306458;0.105345;9.950.302
0.316035;0.095768;9.864.111
0.325611;0.095768;9.864.111
0.287304;0.124498;9.902.418
0.325611;0.095768;9.959.879
0.296881;0.114922;9.998.186
0.316035;0.095768;10.065.224
0.344765;0.114922;10.055.647
0.325611;0.095768;10.084.377
0.306458;0.095768;10.046.070
0.325611;0.086191;10.036.493
0.316035;0.076614;9.931.149
0.335188;0.105345;9.921.572
0.316035;0.105345;9.873.688
0.306458;0.095768;9.864.111
0.335188;0.114922;9.883.265
0.306458;0.124498;9.931.149
0.335188;0.086191;9.969.456
0.296881;0.086191;10.036.493
0.325611;0.095768;10.055.647
0.316035;0.114922;10.074.800
0.316035;0.086191;10.046.070
0.306458;0.086191;10.007.763
0.316035;0.114922;9.979.033
0.316035;0.067038;9.883.265
0.316035;0.095768;9.902.418
0.306458;0.105345;9.873.688
0.316035;0.076614;9.854.534
0.316035;0.095768;9.931.149
0.335188;0.076614;9.969.456
0.296881;0.124498;10.036.493
0.316035;0.086191;10.084.377
0.306458;0.086191;10.055.647
0.325611;0.105345;10.065.224
0.306458;0.095768;10.017.340
0.306458;0.095768;9.902.418
0.296881;0.114922;9.911.995
0.296881;0.095768;9.864.111
0.316035;0.076614;9.873.688
0.277727;0.095768;9.873.688
0.306458;0.086191;9.892.841
0.306458;0.105345;10.007.763
0.306458;0.086191;10.065.224
0.335188;0.114922;10.055.647
0.325611;0.105345;10.093.954
0.325611;0.114922;10.036.493
0.325611;0.086191;9.988.609
0.325611;0.095768;9.969.456
0.306458;0.086191;9.892.841
0.306458;0.105345;9.864.111
0.306458;0.086191;9.864.111
0.316035;0.095768;9.892.841
0.325611;0.095768;9.921.572
0.316035;0.134075;9.988.609
0.306458;0.095768;10.007.763
0.325611;0.095768;10.065.224
0.316035;0.095768;10.074.800
0.316035;0.067038;9.988.609
0.287304;0.086191;9.969.456
0.325611;0.095768;9.940.725
0.306458;0.086191;9.864.111
0.296881;0.076614;9.873.688
0.287304;0.086191;9.873.688
0.306458;0.076614;9.931.149
0.316035;0.114922;9.998.186
0.306458;0.105345;10.055.647
0.325611;0.105345;10.055.647
0.316035;0.086191;10.046.070
0.335188;0.095768;10.026.917
0.316035;0.086191;9.988.609
0.316035;0.086191;9.911.995
0.296881;0.105345;9.844.957
0.306458;0.095768;9.892.841
0.306458;0.095768;9.950.302
0.306458;0.076614;9.959.879
0.325611;0.086191;10.026.917
0.325611;0.095768;10.046.070
0.325611;0.105345;10.074.800
0.316035;0.086191;10.074.800
0.306458;0.124498;9.959.879
0.296881;0.076614;9.969.456
0.296881;0.095768;9.940.725
0.325611;0.114922;9.873.688
0.296881;0.095768;9.864.111
0.306458;0.095768;9.873.688
0.306458;0.095768;9.931.149
0.325611;0.076614;9.969.456
0.316035;0.114922;10.046.070
0.316035;0.095768;10.046.070
0.296881;0.105345;10.017.340
0.306458;0.086191;9.940.725
0.325611;0.105345;9.902.418
0.316035;0.105345;9.883.265
0.316035;0.086191;9.864.111
0.325611;0.095768;9.873.688
0.296881;0.095768;9.921.572
0.316035;0.076614;9.988.609
0.325611;0.105345;10.026.917
0.316035;0.105345;10.065.224
0.296881;0.086191;10.074.800
0.316035;0.114922;10.017.340
0.316035;0.095768;10.007.763
0.306458;0.105345;9.950.302
0.316035;0.086191;9.931.149
0.306458;0.114922;9.854.534
0.325611;0.105345;9.854.534
0.287304;0.095768;9.873.688
0.306458;0.095768;9.921.572
0.306458;0.105345;9.950.302
0.306458;0.105345;10.017.340
0.344765;0.086191;10.026.917
0.316035;0.095768;10.074.800
0.316035;0.105345;10.017.340
0.316035;0.095768;10.026.917
0.316035;0.076614;9.950.302
0.306458;0.095768;9.902.418
0.325611;0.114922;9.873.688
0.316035;0.105345;9.854.534
0.296881;0.095768;9.892.841
0.325611;0.095768;9.911.995
0.306458;0.086191;9.969.456
0.316035;0.095768;10.007.763
0.335188;0.105345;10.074.800
0.325611;0.095768;10.065.224
0.306458;0.086191;10.055.647
0.316035;0.105345;9.998.186
0.316035;0.105345;9.969.456
0.316035;0.105345;9.911.995
0.316035;0.086191;9.883.265
0.316035;0.114922;9.864.111
0.316035;0.105345;9.864.111
0.316035;0.095768;9.931.149
0.316035;0.095768;9.969.456
0.325611;0.095768;9.998.186
0.325611;0.105345;10.055.647
0.325611;0.076614;10.084.377
0.296881;0.067038;10.074.800
0.316035;0.124498;10.036.493
0.316035;0.105345;9.959.879
0.316035;0.086191;9.921.572
0.296881;0.086191;9.883.265
0.316035;0.076614;9.873.688
0.316035;0.086191;9.873.688
0.316035;0.095768;9.911.995
0.316035;0.095768;9.979.033
0.316035;0.086191;10.007.763
0.306458;0.095768;10.065.224
0.316035;0.095768;10.074.800
0.306458;0.095768;10.036.493
0.306458;0.086191;10.007.763
0.335188;0.086191;9.979.033
0.306458;0.114922;9.921.572
0.296881;0.076614;9.883.265
0.296881;0.086191;9.854.534
0.316035;0.086191;9.892.841
0.316035;0.114922;9.921.572
0.316035;0.105345;9.950.302
0.306458;0.105345;10.007.763
0.316035;0.095768;10.055.647
0.316035;0.086191;10.074.800
0.325611;0.105345;10.084.377
0.316035;0.105345;10.007.763
0.316035;0.086191;9.979.033
0.296881;0.095768;9.921.572
0.287304;0.095768;9.902.418
0.287304;0.105345;9.854.534
0.296881;0.095768;9.883.265
0.296881;0.095768;9.911.995
0.316035;0.095768;9.988.609
0.316035;0.086191;10.036.493
0.316035;0.114922;10.046.070
0.316035;0.105345;10.084.377
0.296881;0.124498;10.055.647
0.325611;0.095768;10.026.917
0.306458;0.114922;10.007.763
0.316035;0.105345;9.931.149
0.296881;0.114922;9.873.688
0.296881;0.105345;9.873.688
0.306458;0.114922;9.883.265
0.296881;0.124498;9.931.149
0.316035;0.124498;9.950.302
0.316035;0.114922;10.036.493
0.325611;0.124498;10.055.647
0.316035;0.086191;10.084.377
0.296881;0.105345;10.065.224
0.316035;0.086191;10.026.917
0.316035;0.105345;9.979.033
0.316035;0.105345;9.902.418
0.325611;0.105345;9.873.688
0.296881;0.095768;9.873.688
0.306458;0.076614;9.883.265
0.306458;0.095768;9.902.418
0.316035;0.105345;9.979.033
0.306458;0.105345;10.026.917
0.306458;0.105345;10.084.377
0.335188;0.095768;10.065.224
0.325611;0.105345;10.046.070
0.335188;0.095768;10.036.493
0.316035;0.086191;9.959.879
0.306458;0.086191;9.931.149
0.296881;0.105345;9.892.841
0.296881;0.105345;9.864.111
0.316035;0.095768;9.864.111
0.296881;0.105345;9.902.418
0.296881;0.076614;9.969.456
0.306458;0.095768;10.036.493
0.325611;0.076614;10.084.377
0.316035;0.114922;10.093.954
0.316035;0.086191;10.084.377
0.325611;0.057461;10.026.917
0.316035;0.095768;9.988.609
0.316035;0.095768;9.940.725
0.296881;0.095768;9.844.957
0.296881;0.114922;9.864.111
0.316035;0.086191;9.873.688
0.306458;0.095768;9.902.418
0.325611;0.105345;9.988.609
0.296881;0.086191;10.007.763
0.316035;0.086191;10.046.070
0.335188;0.086191;10.103.531
0.325611;0.124498;10.046.070
0.316035;0.114922;10.026.917
0.306458;0.114922;9.979.033
0.316035;0.095768;9.940.725
0.316035;0.114922;9.902.418
0.325611;0.114922;9.873.688
0.316035;0.105345;9.844.957
0.306458;0.114922;9.931.149
0.316035;0.105345;9.959.879
0.325611;0.095768;10.017.340
0.316035;0.105345;10.036.493
0.335188;0.086191;10.074.800
0.325611;0.076614;10.074.800
0.325611;0.095768;10.055.647
0.316035;0.095768;9.979.033
0.316035;0.114922;9.931.149
0.296881;0.095768;9.883.265
0.306458;0.105345;9.864.111
0.316035;0.114922;9.844.957
0.316035;0.067038;9.921.572
0.316035;0.105345;9.979.033
0.316035;0.086191;9.979.033
0.316035;0.086191;10.046.070
0.306458;0.105345;10.084.377
0.316035;0.095768;10.065.224
0.316035;0.095768;10.017.340
0.306458;0.095768;9.979.033
0.296881;0.114922;9.950.302
0.316035;0.095768;9.892.841
0.296881;0.114922;9.854.534
0.325611;0.124498;9.864.111
0.335188;0.114922;9.892.841
0.316035;0.095768;9.959.879
0.306458;0.095768;10.036.493
0.306458;0.114922;10.055.647
0.316035;0.114922;10.065.224
0.316035;0.105345;10.036.493
0.344765;0.095768;10.036.493
0.316035;0.086191;9.988.609
0.306458;0.105345;9.931.149
0.306458;0.105345;9.892.841
0.325611;0.114922;9.854.534
0.325611;0.095768;9.864.111
0.316035;0.114922;9.921.572
0.316035;0.086191;9.940.725
0.306458;0.105345;9.979.033
0.316035;0.086191;10.036.493
0.335188;0.095768;10.055.647
0.296881;0.086191;10.055.647
0.335188;0.086191;10.007.763
0.316035;0.086191;9.979.033
0.296881;0.105345;9.969.456
0.316035;0.086191;9.911.995
0.296881;0.095768;9.854.534
0.325611;0.095768;9.873.688
0.296881;0.086191;9.873.688
0.316035;0.095768;9.969.456
0.325611;0.086191;10.017.340
0.316035;0.105345;10.046.070
0.306458;0.095768;10.046.070
0.306458;0.095768;10.036.493
0.316035;0.086191;10.007.763
0.296881;0.114922;9.998.186
0.316035;0.095768;9.931.149
0.316035;0.105345;9.873.688
0.296881;0.086191;9.883.265
0.306458;0.105345;9.864.111
0.296881;0.095768;9.892.841
0.306458;0.105345;9.931.149
0.335188;0.095768;10.007.763
0.316035;0.114922;10.084.377
0.306458;0.105345;10.084.377
0.316035;0.105345;10.065.224
0.306458;0.076614;10.017.340
0.325611;0.105345;9.969.456
0.306458;0.086191;9.902.418
0.316035;0.095768;9.892.841
0.296881;0.076614;9.873.688
0.296881;0.114922;9.883.265
0.316035;0.105345;9.892.841
0.316035;0.076614;9.940.725
0.306458;0.105345;9.998.186
0.306458;0.086191;10.036.493
0.306458;0.086191;10.074.800
0.316035;0.105345;10.065.224
0.316035;0.105345;10.026.917
0.316035;0.105345;9.969.456
0.325611;0.114922;9.959.879
0.316035;0.114922;9.883.265
0.316035;0.105345;9.873.688
0.316035;0.095768;9.864.111
0.325611;0.114922;9.921.572
0.306458;0.086191;9.940.725
0.335188;0.114922;10.026.917
0.335188;0.086191;10.055.647
0.325611;0.086191;10.036.493
0.316035;0.105345;10.074.800
0.325611;0.114922;10.017.340
0.306458;0.095768;9.998.186
0.287304;0.086191;9.950.302
0.306458;0.076614;9.883.265
0.316035;0.095768;9.864.111
0.335188;0.105345;9.864.111
0.316035;0.095768;9.921.572
0.287304;0.076614;9.940.725
0.306458;0.105345;9.969.456
0.296881;0.105345;10.026.917
0.316035;0.105345;10.065.224
0.325611;0.095768;10.074.800
0.306458;0.086191;10.036.493
0.306458;0.114922;9.979.033
0.316035;0.105345;9.940.725
0.316035;0.095768;9.931.149
0.316035;0.086191;9.864.111
0.335188;0.086191;9.892.841
0.325611;0.076614;9.902.418
0.316035;0.095768;9.950.302
0.325611;0.095768;10.026.917
0.325611;0.086191;10.046.070
0.325611;0.105345;10.084.377
0.325611;0.114922;10.055.647
0.316035;0.095768;10.046.070
0.325611;0.095768;9.969.456
0.306458;0.124498;9.979.033
0.316035;0.095768;9.854.534
0.306458;0.105345;9.864.111
0.316035;0.105345;9.883.265
0.306458;0.105345;9.892.841
0.316035;0.105345;9.940.725
0.316035;0.134075;9.988.609
0.306458;0.086191;10.055.647
0.316035;0.114922;10.065.224
0.325611;0.086191;10.084.377
0.306458;0.095768;10.055.647
0.306458;0.105345;9.988.609
0.287304;0.095768;9.921.572
0.325611;0.105345;9.892.841
0.306458;0.076614;9.844.957
0.316035;0.105345;9.816.227
0.306458;0.086191;9.864.111
0.296881;0.086191;9.969.456
0.316035;0.086191;9.979.033
0.306458;0.105345;10.026.917
0.316035;0.095768;10.036.493
0.316035;0.086191;10.074.800
0.306458;0.095768;10.036.493
0.296881;0.114922;10.036.493
0.325611;0.095768;9.931.149
0.316035;0.086191;9.873.688
0.306458;0.095768;9.883.265
0.306458;0.095768;9.864.111
0.325611;0.124498;9.921.572
0.325611;0.105345;9.969.456
0.296881;0.095768;10.065.224
0.306458;0.105345;10.055.647
0.316035;0.095768;10.017.340
0.306458;0.095768;9.988.609
0.325611;0.114922;9.911.995
0.316035;0.076614;9.873.688
0.287304;0.114922;9.864.111
0.316035;0.105345;9.883.265
0.306458;0.076614;9.969.456
0.316035;0.095768;9.998.186
0.335188;0.086191;10.036.493
0.316035;0.105345;10.055.647
0.306458;0.095768;10.055.647
0.316035;0.095768;10.026.917
0.306458;0.114922;9.950.302
0.316035;0.105345;9.892.841
0.296881;0.086191;9.892.841
0.287304;0.095768;9.892.841
0.316035;0.095768;9.931.149
0.316035;0.086191;9.921.572
0.316035;0.105345;9.988.609
0.325611;0.114922;10.074.800
0.296881;0.105345;10.065.224
0.306458;0.105345;10.074.800
0.325611;0.095768;10.007.763
0.325611;0.086191;9.998.186
0.316035;0.124498;9.959.879
0.316035;0.095768;9.902.418
0.306458;0.095768;9.892.841
0.306458;0.105345;9.864.111
0.306458;0.105345;9.873.688
0.335188;0.114922;9.950.302
0.325611;0.095768;9.969.456
0.325611;0.086191;10.007.763
0.316035;0.114922;10.055.647
0.344765;0.143652;10.065.224
0.306458;0.124498;10.046.070
0.306458;0.086191;9.998.186
0.296881;0.095768;9.931.149
0.287304;0.105345;9.911.995
0.306458;0.086191;9.864.111
0.335188;0.095768;9.864.111
0.296881;0.095768;9.902.418
0.296881;0.114922;9.921.572
0.306458;0.114922;9.988.609
0.316035;0.105345;10.017.340
0.306458;0.105345;10.055.647
0.316035;0.124498;10.065.224
0.306458;0.095768;10.026.917
0.316035;0.105345;10.017.340
0.287304;0.086191;9.940.725
0.316035;0.086191;9.911.995
0.296881;0.086191;9.883.265
0.316035;0.095768;9.864.111
0.306458;0.095768;9.902.418
0.306458;0.086191;9.959.879
0.296881;0.105345;10.007.763
0.306458;0.105345;9.998.186
0.316035;0.086191;10.074.800
0.296881;0.095768;10.084.377
0.325611;0.076614;10.046.070
0.316035;0.105345;9.969.456
0.316035;0.114922;9.921.572
0.306458;0.095768;9.931.149
0.325611;0.105345;9.873.688
0.296881;0.095768;9.873.688
0.316035;0.105345;9.883.265
0.316035;0.124498;9.940.725
0.316035;0.076614;10.007.763
0.316035;0.095768;10.065.224
0.296881;0.086191;10.046.070
0.335188;0.076614;10.093.954
0.316035;0.105345;10.036.493
0.325611;0.086191;10.026.917
0.306458;0.105345;9.969.456
0.335188;0.095768;9.931.149
0.316035;0.105345;9.902.418
0.306458;0.105345;9.864.111
0.306458;0.086191;9.911.995
0.335188;0.076614;9.931.149
0.316035;0.105345;9.979.033
0.325611;0.086191;10.046.070
0.306458;0.095768;10.065.224
0.325611;0.105345;10.055.647
0.316035;0.095768;10.055.647
0.306458;0.124498;9.969.456
0.316035;0.086191;9.950.302
0.306458;0.105345;9.931.149
0.306458;0.105345;9.892.841
0.296881;0.095768;9.873.688
0.296881;0.076614;9.892.841
0.325611;0.105345;9.921.572
0.325611;0.114922;9.979.033
0.306458;0.105345;10.036.493
0.325611;0.105345;10.065.224
0.316035;0.105345;10.065.224
0.306458;0.114922;10.046.070
0.316035;0.076614;10.026.917
0.306458;0.114922;9.940.725
0.325611;0.114922;9.921.572
0.306458;0.086191;9.892.841
0.287304;0.095768;9.844.957
0.306458;0.076614;9.911.995
0.316035;0.086191;9.931.149
0.325611;0.095768;9.959.879
0.296881;0.095768;10.026.917
0.316035;0.105345;10.046.070
0.335188;0.105345;10.046.070
0.325611;0.086191;10.026.917
0.316035;0.105345;9.988.609
0.306458;0.095768;9.959.879
0.296881;0.105345;9.902.418
0.316035;0.076614;9.873.688
0.316035;0.086191;9.854.534
0.306458;0.086191;9.883.265
0.296881;0.095768;9.921.572
0.316035;0.095768;9.979.033
0.296881;0.105345;10.026.917
0.325611;0.114922;10.036.493
0.325611;0.095768;10.065.224
0.306458;0.095768;10.046.070
0.306458;0.095768;10.007.763
0.325611;0.076614;9.940.725
0.316035;0.095768;9.911.995
0.306458;0.114922;9.864.111
0.316035;0.095768;9.873.688
0.296881;0.095768;9.902.418
0.316035;0.114922;9.911.995
0.316035;0.114922;9.959.879
0.335188;0.086191;10.046.070
0.306458;0.095768;10.065.224
0.316035;0.095768;10.065.224
0.306458;0.114922;10.026.917
0.316035;0.114922;9.998.186
0.306458;0.086191;9.988.609
0.306458;0.086191;9.892.841
0.316035;0.105345;9.902.418
0.296881;0.086191;9.854.534
0.316035;0.086191;9.873.688
0.296881;0.114922;9.931.149
0.306458;0.086191;9.979.033
0.325611;0.124498;10.026.917
0.306458;0.095768;10.065.224
0.325611;0.105345;10.065.224
0.325611;0.086191;10.046.070
0.316035;0.105345;9.979.033
0.306458;0.105345;9.931.149
0.316035;0.086191;9.911.995
0.287304;0.095768;9.873.688
0.306458;0.105345;9.892.841
0.325611;0.076614;9.883.265
0.306458;0.105345;9.950.302
0.316035;0.105345;9.979.033
0.325611;0.095768;10.026.917
0.306458;0.105345;10.046.070
0.306458;0.086191;10.026.917
0.316035;0.095768;10.026.917
0.306458;0.114922;10.026.917
0.316035;0.114922;9.979.033
0.335188;0.095768;9.921.572
0.316035;0.086191;9.902.418
0.316035;0.114922;9.892.841
0.316035;0.105345;9.931.149
0.316035;0.095768;9.940.725
0.316035;0.105345;9.998.186
0.316035;0.105345;10.007.763
0.306458;0.095768;10.036.493
0.325611;0.105345;10.065.224
0.344765;0.105345;10.046.070
0.296881;0.076614;9.988.609
0.296881;0.105345;9.950.302
0.316035;0.095768;9.921.572
0.306458;0.086191;9.873.688
0.316035;0.095768;9.883.265
0.306458;0.076614;9.892.841
0.316035;0.114922;9.950.302
0.306458;0.114922;10.026.917
0.287304;0.086191;10.055.647
0.316035;0.105345;10.065.224
0.316035;0.095768;10.055.647
0.306458;0.095768;9.940.725
0.316035;0.086191;9.921.572
0.316035;0.105345;9.883.265
0.316035;0.095768;9.883.265
0.287304;0.105345;9.940.725
0.306458;0.095768;9.950.302
0.316035;0.105345;10.036.493
0.325611;0.086191;10.055.647
0.335188;0.105345;10.055.647
0.316035;0.114922;10.036.493
0.296881;0.076614;9.969.456
0.306458;0.105345;9.940.725
0.316035;0.114922;9.864.111
0.316035;0.095768;9.864.111
0.306458;0.086191;9.892.841
0.296881;0.105345;9.931.149
0.316035;0.105345;9.969.456
0.316035;0.076614;10.017.340
0.316035;0.124498;10.055.647
0.325611;0.095768;10.074.800
0.316035;0.105345;10.036.493
0.316035;0.095768;10.046.070
0.316035;0.105345;9.959.879
0.316035;0.076614;9.950.302
0.325611;0.105345;9.892.841
0.316035;0.105345;9.873.688
0.306458;0.086191;9.902.418
0.306458;0.095768;9.921.572
0.306458;0.105345;9.959.879
0.325611;0.095768;10.036.493
0.344765;0.105345;10.026.917
0.325611;0.114922;10.036.493
0.306458;0.095768;10.055.647
0.316035;0.086191;10.007.763
0.296881;0.095768;9.959.879
0.296881;0.105345;9.931.149
0.316035;0.105345;9.892.841
0.316035;0.095768;9.883.265
0.306458;0.095768;9.892.841
0.306458;0.076614;9.959.879
0.306458;0.105345;9.969.456
0.316035;0.076614;10.007.763
0.325611;0.134075;10.017.340
0.325611;0.095768;10.074.800
0.325611;0.095768;10.046.070
0.325611;0.105345;10.036.493
0.335188;0.095768;9.979.033
0.287304;0.105345;9.921.572
0.306458;0.086191;9.883.265
0.316035;0.124498;9.873.688
0.316035;0.076614;9.883.265
0.316035;0.105345;9.921.572
0.306458;0.124498;9.950.302
0.296881;0.095768;10.026.917
0.316035;0.105345;10.026.917
0.306458;0.086191;10.074.800
0.306458;0.114922;10.036.493
0.316035;0.095768;10.026.917
0.306458;0.086191;9.969.456
0.316035;0.095768;9.873.688
0.316035;0.076614;9.864.111
0.325611;0.105345;9.911.995
0.296881;0.114922;9.864.111
0.296881;0.086191;9.902.418
0.296881;0.095768;9.969.456
0.316035;0.105345;10.017.340
0.335188;0.095768;10.065.224
0.335188;0.105345;10.036.493
0.316035;0.114922;10.065.224
0.306458;0.105345;10.036.493
0.306458;0.086191;9.940.725
0.296881;0.086191;9.940.725
0.306458;0.105345;9.892.841
0.316035;0.095768;9.892.841
0.296881;0.095768;9.873.688
0.316035;0.095768;9.921.572
0.325611;0.105345;9.969.456
0.325611;0.124498;10.017.340
0.306458;0.105345;10.046.070
0.325611;0.095768;10.055.647
0.316035;0.086191;10.046.070
0.306458;0.086191;10.026.917
0.316035;0.105345;9.988.609
0.306458;0.134075;9.921.572
0.287304;0.095768;9.873.688
0.325611;0.105345;9.883.265
0.306458;0.095768;9.911.995
0.306458;0.086191;9.979.033
0.306458;0.095768;9.988.609
0.306458;0.105345;10.036.493
0.325611;0.086191;10.046.070
0.335188;0.076614;10.055.647
0.306458;0.105345;10.007.763
0.316035;0.114922;9.969.456
0.316035;0.114922;9.911.995
0.306458;0.095768;9.902.418
0.306458;0.086191;9.883.265
0.316035;0.105345;9.864.111
0.306458;0.086191;9.892.841
0.325611;0.105345;9.959.879
0.306458;0.095768;10.007.763
0.306458;0.095768;10.046.070
0.316035;0.114922;10.065.224
0.316035;0.095768;10.036.493
0.296881;0.086191;10.007.763
0.296881;0.076614;9.979.033
0.306458;0.105345;9.902.418
0.306458;0.086191;9.864.111
0.306458;0.095768;9.892.841
0.287304;0.105345;9.873.688
0.287304;0.114922;9.921.572
0.325611;0.105345;9.950.302
0.335188;0.124498;9.969.456
0.287304;0.086191;10.055.647
0.306458;0.105345;10.055.647
0.306458;0.086191;10.055.647
0.296881;0.105345;10.026.917
0.316035;0.105345;9.959.879
0.316035;0.095768;9.950.302
0.306458;0.124498;9.911.995
0.306458;0.105345;9.911.995
0.306458;0.114922;9.892.841
0.316035;0.086191;9.921.572
0.316035;0.105345;9.959.879
0.296881;0.086191;9.998.186
0.316035;0.095768;10.026.917
0.296881;0.095768;10.074.800
0.287304;0.114922;10.055.647
0.325611;0.105345;10.046.070
0.325611;0.095768;9.969.456
0.316035;0.086191;9.911.995
0.316035;0.095768;9.902.418
0.296881;0.124498;9.902.418
0.306458;0.105345;9.892.841
0.306458;0.095768;9.911.995
0.316035;0.105345;9.959.879
0.325611;0.105345;10.017.340
0.306458;0.105345;10.074.800
0.306458;0.095768;10.065.224
0.325611;0.105345;10.046.070
0.316035;0.086191;9.998.186
0.325611;0.105345;9.940.725
0.325611;0.095768;9.892.841
0.306458;0.086191;9.883.265
0.306458;0.086191;9.892.841
0.306458;0.105345;9.931.149
0.316035;0.105345;9.959.879
0.325611;0.076614;9.998.186
0.325611;0.076614;10.026.917
0.335188;0.105345;10.055.647
0.325611;0.114922;10.074.800
0.316035;0.095768;10.055.647
0.306458;0.095768;9.959.879
0.296881;0.095768;9.911.995
0.316035;0.095768;9.883.265
0.296881;0.114922;9.883.265
0.335188;0.086191;9.902.418
0.316035;0.105345;9.911.995
0.316035;0.086191;9.931.149
0.306458;0.114922;10.017.340
0.306458;0.086191;10.026.917
0.306458;0.105345;10.036.493
0.316035;0.076614;10.065.224
0.316035;0.076614;9.998.186
0.325611;0.105345;9.979.033
0.306458;0.095768;9.931.149
0.306458;0.095768;9.902.418
0.296881;0.105345;9.873.688
0.306458;0.076614;9.873.688
0.316035;0.095768;9.921.572
0.296881;0.124498;9.950.302
0.316035;0.124498;9.969.456
0.316035;0.095768;10.046.070
0.306458;0.095768;10.074.800
0.316035;0.095768;10.046.070
0.306458;0.095768;10.017.340
0.316035;0.086191;9.969.456
0.325611;0.086191;9.940.725
0.316035;0.086191;9.873.688
0.296881;0.095768;9.844.957
0.296881;0.086191;9.864.111
0.306458;0.095768;9.911.995
0.306458;0.086191;9.969.456
0.325611;0.086191;10.046.070
0.296881;0.086191;10.036.493
0.306458;0.124498;10.055.647
0.316035;0.095768;10.065.224
0.306458;0.114922;10.017.340
0.306458;0.105345;9.969.456
0.287304;0.114922;9.931.149
0.316035;0.105345;9.921.572
0.296881;0.086191;9.892.841
0.296881;0.114922;9.854.534
0.325611;0.086191;9.911.995
0.325611;0.095768;9.969.456
0.306458;0.086191;10.007.763
0.306458;0.095768;10.046.070
0.316035;0.086191;10.074.800
0.316035;0.095768;10.046.070
0.316035;0.124498;9.998.186
0.325611;0.095768;9.969.456
0.325611;0.105345;9.931.149
0.306458;0.114922;9.902.418
0.306458;0.095768;9.911.995
0.306458;0.086191;9.892.841
0.306458;0.067038;9.892.841
0.325611;0.086191;9.988.609
0.306458;0.105345;9.998.186
0.325611;0.086191;10.046.070
0.306458;0.086191;10.084.377
0.316035;0.124498;10.046.070
0.306458;0.114922;10.007.763
0.296881;0.095768;9.998.186
0.296881;0.105345;9.931.149
0.277727;0.095768;9.883.265
0.306458;0.124498;9.864.111
0.306458;0.086191;9.883.265
0.316035;0.086191;9.911.995
0.316035;0.095768;9.959.879
0.287304;0.134075;9.979.033
0.306458;0.105345;10.046.070
0.325611;0.105345;10.084.377
0.316035;0.114922;10.055.647
0.316035;0.105345;9.988.609
0.316035;0.086191;9.988.609
0.316035;0.095768;9.931.149
0.316035;0.105345;9.892.841
0.306458;0.114922;9.883.265
0.306458;0.095768;9.892.841
0.306458;0.086191;9.902.418
0.325611;0.067038;9.969.456
0.296881;0.086191;9.979.033
0.325611;0.095768;10.036.493
0.306458;0.105345;10.055.647
0.306458;0.124498;10.036.493
0.306458;0.095768;9.979.033
0.306458;0.105345;9.959.879
0.287304;0.095768;9.902.418
0.306458;0.095768;9.892.841
0.296881;0.095768;9.902.418
0.306458;0.067038;9.921.572
0.316035;0.095768;9.931.149
0.325611;0.095768;10.026.917
0.306458;0.105345;10.055.647
0.306458;0.105345;10.046.070
0.316035;0.105345;10.046.070
0.325611;0.095768;10.036.493
0.325611;0.076614;9.979.033
0.316035;0.114922;9.959.879
0.316035;0.114922;9.883.265
0.306458;0.105345;9.892.841
0.316035;0.105345;9.864.111
0.296881;0.086191;9.911.995
0.306458;0.114922;9.950.302
0.306458;0.095768;9.988.609
0.306458;0.095768;10.017.340
0.316035;0.095768;10.055.647
0.316035;0.086191;10.046.070
0.325611;0.086191;10.036.493
0.316035;0.086191;9.979.033
0.325611;0.105345;9.940.725
0.325611;0.114922;9.911.995
0.325611;0.105345;9.883.265
0.316035;0.124498;9.911.995
0.325611;0.114922;9.902.418
0.306458;0.105345;9.940.725
0.306458;0.114922;9.988.609
0.316035;0.105345;10.017.340
0.325611;0.086191;10.065.224
0.306458;0.076614;10.036.493
0.335188;0.095768;10.026.917
0.306458;0.105345;9.969.456
0.316035;0.095768;9.979.033
0.306458;0.095768;9.902.418
0.316035;0.095768;9.902.418
0.306458;0.095768;9.864.111
0.316035;0.086191;9.911.995
0.306458;0.105345;9.931.149
0.316035;0.095768;9.979.033
0.306458;0.095768;10.055.647
0.306458;0.095768;10.065.224
0.316035;0.095768;10.055.647
0.306458;0.114922;10.046.070
0.306458;0.105345;9.988.609
0.316035;0.105345;9.959.879
0.316035;0.086191;9.883.265
0.296881;0.095768;9.864.111
0.316035;0.095768;9.883.265
0.316035;0.114922;9.911.995
0.306458;0.095768;9.950.302
0.306458;0.105345;10.017.340
0.306458;0.086191;10.017.340
0.316035;0.095768;10.046.070
0.306458;0.114922;10.036.493
0.316035;0.124498;10.017.340
0.306458;0.105345;9.979.033
0.316035;0.095768;9.911.995
0.316035;0.095768;9.921.572
0.306458;0.114922;9.873.688
0.306458;0.086191;9.883.265
0.316035;0.114922;9.931.149
0.306458;0.095768;9.931.149
0.316035;0.105345;9.988.609
0.306458;0.114922;10.046.070
0.325611;0.095768;10.065.224
0.296881;0.095768;10.055.647
0.325611;0.076614;10.017.340
0.306458;0.095768;9.969.456
0.316035;0.114922;9.921.572
0.296881;0.105345;9.902.418
0.316035;0.114922;9.892.841
0.306458;0.095768;9.864.111
0.296881;0.095768;9.883.265
0.296881;0.105345;9.950.302
0.306458;0.095768;9.979.033
0.316035;0.105345;10.036.493
0.316035;0.124498;10.074.800
0.316035;0.105345;10.065.224
0.306458;0.095768;10.036.493
0.325611;0.095768;9.988.609
0.306458;0.095768;9.921.572
0.325611;0.105345;9.911.995
0.306458;0.086191;9.883.265
0.306458;0.095768;9.883.265
0.287304;0.095768;9.883.265
0.296881;0.114922;9.931.149
0.306458;0.076614;9.979.033
0.335188;0.095768;10.046.070
0.316035;0.124498;10.026.917
0.277727;0.114922;10.046.070
0.296881;0.105345;10.017.340
0.296881;0.095768;9.988.609
0.306458;0.076614;9.940.725
0.335188;0.076614;9.902.418
0.316035;0.086191;9.883.265
0.296881;0.076614;9.892.841
0.316035;0.086191;9.883.265
0.306458;0.095768;9.940.725
0.296881;0.114922;9.979.033
0.325611;0.076614;10.017.340
0.306458;0.105345;10.055.647
0.325611;0.086191;10.046.070
0.306458;0.095768;10.036.493
0.325611;0.114922;10.017.340
0.296881;0.086191;9.950.302
0.296881;0.095768;9.902.418
0.325611;0.095768;9.892.841
0.335188;0.086191;9.892.841
0.325611;0.105345;9.902.418
0.296881;0.114922;9.911.995
0.335188;0.124498;10.007.763
0.316035;0.105345;10.017.340
0.316035;0.086191;10.036.493
0.316035;0.124498;10.065.224
0.306458;0.086191;10.026.917
0.316035;0.095768;9.998.186
0.316035;0.086191;9.959.879
0.296881;0.105345;9.911.995
0.277727;0.086191;9.902.418
0.316035;0.105345;9.873.688
0.306458;0.086191;9.902.418
0.296881;0.114922;9.959.879
0.325611;0.086191;9.969.456
0.325611;0.086191;10.036.493
0.325611;0.124498;10.046.070
0.316035;0.105345;10.065.224
0.306458;0.124498;10.055.647
0.316035;0.095768;9.979.033
0.296881;0.095768;9.950.302
0.306458;0.095768;9.902.418
0.306458;0.105345;9.883.265
0.296881;0.124498;9.892.841
0.316035;0.095768;9.911.995
0.306458;0.095768;9.921.572
0.306458;0.105345;9.998.186
0.306458;0.086191;10.017.340
0.325611;0.086191;10.055.647
0.325611;0.114922;10.055.647
0.316035;0.105345;10.017.340
0.316035;0.095768;10.007.763
0.316035;0.105345;9.979.033
0.296881;0.105345;9.902.418
0.316035;0.105345;9.873.688
0.316035;0.095768;9.883.265
0.296881;0.086191;9.892.841
0.306458;0.086191;9.931.149
0.316035;0.095768;9.969.456
0.306458;0.105345;10.036.493
0.306458;0.095768;10.055.647
0.306458;0.114922;10.065.224
0.316035;0.086191;10.055.647
0.316035;0.095768;9.988.609
0.296881;0.095768;9.950.302
0.316035;0.114922;9.902.418
0.306458;0.095768;9.864.111
0.316035;0.124498;9.883.265
0.325611;0.095768;9.902.418
0.325611;0.086191;9.959.879
0.316035;0.095768;10.017.340
0.316035;0.105345;10.026.917
0.316035;0.095768;10.046.070
0.325611;0.124498;10.036.493
0.325611;0.095768;10.026.917
0.325611;0.095768;10.007.763
0.296881;0.114922;9.921.572
0.296881;0.095768;9.921.572
0.316035;0.086191;9.892.841
0.316035;0.095768;9.892.841
0.306458;0.095768;9.892.841
0.306458;0.105345;9.959.879
0.316035;0.095768;9.969.456
0.325611;0.105345;10.036.493
0.335188;0.105345;10.074.800
0.325611;0.095768;10.065.224
0.306458;0.105345;10.026.917
0.306458;0.095768;10.007.763
0.316035;0.105345;9.959.879
0.296881;0.095768;9.931.149
0.306458;0.105345;9.892.841
0.306458;0.057461;9.883.265
0.325611;0.086191;9.931.149
0.306458;0.086191;9.969.456
0.325611;0.105345;9.998.186
0.306458;0.076614;10.007.763
0.316035;0.105345;10.046.070
0.325611;0.105345;10.065.224
0.335188;0.095768;10.026.917
0.306458;0.105345;9.998.186
0.316035;0.114922;9.950.302
0.277727;0.086191;9.883.265
0.316035;0.114922;9.902.418
0.325611;0.105345;9.911.995
0.306458;0.095768;9.940.725
0.287304;0.134075;9.979.033
0.296881;0.086191;10.017.340
0.306458;0.105345;10.026.917
0.325611;0.086191;10.036.493
0.335188;0.105345;10.055.647
0.325611;0.105345;9.998.186
0.306458;0.105345;9.979.033
0.316035;0.095768;9.883.265
0.306458;0.124498;9.902.418
0.325611;0.105345;9.911.995
0.316035;0.114922;9.931.149
0.306458;0.095768;9.979.033
0.325611;0.095768;9.969.456
0.325611;0.086191;10.065.224
0.296881;0.095768;10.046.070
0.325611;0.095768;10.017.340
0.316035;0.086191;9.979.033
0.316035;0.105345;9.921.572
0.306458;0.114922;9.940.725
0.316035;0.086191;9.902.418
0.296881;0.105345;9.883.265
0.306458;0.086191;9.902.418
0.296881;0.105345;9.921.572
0.306458;0.105345;10.007.763
0.316035;0.105345;10.026.917
0.335188;0.095768;10.065.224
0.296881;0.114922;10.065.224
0.296881;0.086191;10.036.493
0.316035;0.086191;9.979.033
0.316035;0.105345;9.988.609
0.306458;0.095768;9.902.418
0.325611;0.095768;9.902.418
0.306458;0.095768;9.883.265
0.316035;0.086191;9.931.149
0.306458;0.105345;9.950.302
0.306458;0.086191;9.950.302
0.306458;0.105345;10.017.340
0.316035;0.105345;10.055.647
0.316035;0.076614;10.074.800
0.325611;0.105345;10.017.340
0.316035;0.095768;9.988.609
0.316035;0.105345;9.959.879
0.306458;0.114922;9.921.572
0.316035;0.114922;9.902.418
0.296881;0.114922;9.892.841
0.296881;0.105345;9.931.149
0.325611;0.095768;9.931.149
0.325611;0.076614;9.969.456
0.296881;0.086191;10.017.340
0.335188;0.105345;10.046.070
0.306458;0.114922;10.065.224
0.306458;0.105345;10.017.340
0.306458;0.076614;9.998.186
0.316035;0.124498;9.959.879
0.316035;0.086191;9.902.418
0.335188;0.095768;9.883.265
0.287304;0.105345;9.883.265
0.316035;0.095768;9.902.418
0.316035;0.095768;9.921.572
0.316035;0.105345;9.969.456
0.325611;0.105345;10.046.070
0.306458;0.105345;10.065.224
0.325611;0.105345;10.026.917
0.316035;0.095768;10.046.070
0.325611;0.105345;9.979.033
0.306458;0.105345;9.979.033
0.316035;0.086191;9.940.725
0.316035;0.076614;9.854.534
0.296881;0.114922;9.883.265
0.316035;0.114922;9.911.995
0.316035;0.095768;9.940.725
0.316035;0.086191;10.017.340
0.316035;0.086191;10.017.340
0.316035;0.105345;10.017.340
0.316035;0.076614;10.065.224
0.316035;0.076614;10.046.070
0.296881;0.105345;10.007.763
0.306458;0.105345;9.931.149
0.296881;0.105345;9.950.302
0.306458;0.095768;9.892.841
0.306458;0.114922;9.864.111
0.306458;0.095768;9.892.841
0.296881;0.095768;9.911.995
0.296881;0.105345;9.969.456
0.316035;0.095768;10.026.917
0.296881;0.105345;10.026.917
0.335188;0.086191;10.055.647
0.316035;0.095768;10.026.917
0.316035;0.114922;10.017.340
0.325611;0.105345;9.979.033
0.296881;0.095768;9.950.302
0.316035;0.105345;9.883.265
0.316035;0.095768;9.921.572
0.316035;0.086191;9.883.265
0.306458;0.114922;9.921.572
0.296881;0.086191;9.950.302
0.316035;0.086191;10.007.763
0.296881;0.086191;10.046.070
0.344765;0.095768;10.074.800
0.325611;0.076614;10.046.070
0.325611;0.105345;9.979.033
0.316035;0.114922;9.969.456
0.316035;0.095768;9.931.149
0.306458;0.105345;9.873.688
0.316035;0.095768;9.883.265
0.316035;0.105345;9.892.841
0.316035;0.105345;9.921.572
0.306458;0.095768;9.950.302
0.306458;0.095768;9.998.186
0.325611;0.095768;10.046.070
0.287304;0.086191;10.036.493
0.306458;0.114922;10.026.917
0.316035;0.124498;10.007.763
0.316035;0.076614;9.979.033
0.316035;0.095768;9.931.149
0.287304;0.105345;9.892.841
0.325611;0.105345;9.902.418
0.316035;0.134075;9.873.688
0.296881;0.105345;9.921.572
0.296881;0.086191;9.979.033
0.316035;0.076614;10.007.763
0.325611;0.124498;10.036.493
0.335188;0.105345;10.084.377
0.306458;0.095768;10.026.917
0.325611;0.105345;10.017.340
0.296881;0.095768;9.959.879
0.325611;0.095768;9.911.995
0.316035;0.095768;9.911.995
0.325611;0.105345;9.902.418
0.316035;0.095768;9.902.418
0.306458;0.105345;9.892.841
0.325611;0.105345;10.007.763
0.316035;0.095768;9.998.186
0.296881;0.086191;10.007.763
0.306458;0.105345;10.065.224
0.306458;0.086191;10.026.917
0.296881;0.086191;10.026.917
0.306458;0.105345;10.017.340
0.306458;0.076614;9.921.572
0.306458;0.095768;9.892.841
0.306458;0.105345;9.902.418
0.296881;0.105345;9.940.725
0.277727;0.105345;9.950.302
0.316035;0.105345;9.988.609
0.296881;0.086191;9.979.033
0.316035;0.105345;10.055.647
0.325611;0.114922;10.055.647
0.316035;0.095768;10.046.070
0.316035;0.105345;10.007.763
0.306458;0.114922;9.969.456
0.306458;0.095768;9.950.302
0.306458;0.124498;9.883.265
0.296881;0.086191;9.883.265
0.306458;0.095768;9.892.841
0.325611;0.114922;9.921.572
0.316035;0.114922;9.998.186
0.306458;0.095768;10.017.340
0.316035;0.105345;10.026.917
0.306458;0.105345;10.055.647
0.316035;0.105345;10.036.493
0.306458;0.095768;10.026.917
0.325611;0.095768;10.007.763
0.306458;0.105345;9.921.572
0.296881;0.105345;9.902.418
0.296881;0.095768;9.892.841
0.325611;0.095768;9.873.688
0.316035;0.095768;9.931.149
0.316035;0.105345;9.959.879
0.344765;0.105345;10.026.917
0.316035;0.067038;10.036.493
0.316035;0.095768;10.055.647
0.306458;0.095768;9.998.186
0.306458;0.076614;9.979.033
0.316035;0.095768;9.931.149
0.306458;0.095768;9.864.111
0.296881;0.086191;9.883.265
0.316035;0.105345;9.940.725
0.306458;0.095768;9.940.725
0.335188;0.076614;10.017.340
0.316035;0.086191;10.026.917
0.316035;0.114922;10.046.070
0.325611;0.095768;10.036.493
0.306458;0.105345;10.017.340
0.306458;0.095768;9.988.609
0.316035;0.086191;9.940.725
0.316035;0.095768;9.911.995
0.306458;0.095768;9.883.265
0.296881;0.095768;9.931.149
0.316035;0.124498;9.979.033
0.325611;0.095768;10.017.340
0.306458;0.105345;10.017.340
0.325611;0.095768;10.065.224
0.306458;0.095768;10.046.070
0.335188;0.105345;9.998.186
0.296881;0.105345;9.959.879
0.325611;0.114922;9.931.149
0.296881;0.086191;9.911.995
0.296881;0.076614;9.902.418
0.296881;0.086191;9.883.265
0.316035;0.086191;9.931.149
0.316035;0.095768;9.950.302
0.287304;0.095768;9.969.456
0.287304;0.105345;10.017.340
0.306458;0.105345;10.036.493
0.325611;0.114922;10.046.070
0.325611;0.105345;10.036.493
0.306458;0.114922;9.979.033
0.316035;0.086191;9.931.149
0.306458;0.105345;9.892.841
0.306458;0.124498;9.892.841
0.316035;0.086191;9.892.841
0.325611;0.095768;9.911.995
0.325611;0.114922;9.950.302
0.316035;0.086191;9.998.186
0.306458;0.086191;10.017.340
0.335188;0.095768;10.084.377
0.325611;0.095768;10.065.224
0.316035;0.124498;10.026.917
0.316035;0.105345;9.988.609
0.306458;0.095768;9.911.995
0.306458;0.105345;9.883.265
0.296881;0.105345;9.892.841
0.296881;0.105345;9.883.265
0.306458;0.095768;9.931.149
0.316035;0.095768;9.959.879
0.306458;0.105345;10.007.763
0.316035;0.086191;10.074.800
0.306458;0.105345;10.046.070
0.344765;0.134075;9.883.265
0.335188;0.105345;9.854.534
0.277727;0.105345;9.940.725
0.316035;0.095768;10.036.493
0.344765;0.105345;10.132.261
0.287304;0.095768;10.170.568
0.287304;0.105345;10.256.760
0.296881;0.095768;10.132.261
0.325611;0.095768;9.940.725
0.306458;0.105345;9.768.343
0.316035;0.114922;9.797.073
0.316035;0.105345;9.701.305
0.306458;0.095768;9.720.459
0.268151;0.076614;9.768.343
0.296881;0.086191;9.959.879
0.335188;0.114922;10.199.299
0.325611;0.086191;10.256.760
0.306458;0.105345;10.228.029
0.296881;0.076614;10.180.145
0.325611;0.105345;10.151.415
0.354342;0.095768;10.007.763
0.306458;0.086191;9.787.497
0.296881;0.105345;9.634.268
0.296881;0.095768;9.672.575
0.316035;0.105345;9.653.421
0.316035;0.124498;9.911.995
0.316035;0.105345;9.988.609
0.335188;0.105345;10.160.992
0.316035;0.124498;10.151.415
0.306458;0.114922;10.266.336
0.325611;0.095768;10.218.452
0.335188;0.095768;10.218.452
0.316035;0.095768;9.959.879
0.277727;0.105345;9.768.343
0.296881;0.095768;9.720.459
0.287304;0.095768;9.653.421
0.325611;0.076614;9.739.613
0.306458;0.095768;9.835.381
0.296881;0.105345;9.902.418
0.316035;0.095768;10.113.108
0.325611;0.124498;10.247.183
0.325611;0.086191;10.247.183
0.306458;0.105345;10.228.029
0.296881;0.095768;10.093.954
0.287304;0.105345;9.988.609
0.306458;0.124498;9.854.534
0.296881;0.105345;9.701.305
0.316035;0.095768;9.682.152
0.306458;0.124498;9.509.769
0.287304;0.086191;9.481.039
0.325611;0.105345;9.758.766
0.335188;0.076614;10.160.992
0.383072;0.105345;10.726.024
0.335188;0.105345;10.745.177
0.335188;0.114922;10.726.024
0.335188;0.114922;10.611.102
0.316035;0.114922;10.017.340
0.287304;0.105345;9.576.807
0.268151;0.105345;9.433.155
0.268151;0.105345;9.299.079
0.335188;0.105345;9.519.346
0.363919;0.095768;9.662.998
0.316035;0.114922;10.065.224
0.268151;0.086191;10.132.261
0.258574;0.105345;10.333.375
0.354342;0.114922;10.496.181
0.363919;0.124498;10.371.682
0.335188;0.114922;10.247.183
0.335188;0.114922;10.103.531
0.268151;0.076614;9.615.114
0.268151;0.095768;9.519.346
0.296881;0.086191;9.538.500
0.344765;0.105345;9.710.882
0.344765;0.095768;9.835.381
0.296881;0.095768;9.902.418
0.277727;0.095768;10.084.377
0.325611;0.095768;10.381.259
0.373495;0.114922;10.477.027
0.363919;0.114922;10.390.836
0.287304;0.095768;10.074.800
0.258574;0.105345;9.921.572
0.277727;0.076614;9.739.613
0.296881;0.076614;9.605.537
0.335188;0.095768;9.586.384
0.316035;0.114922;9.643.845
0.296881;0.095768;9.682.152
0.306458;0.095768;9.979.033
0.316035;0.114922;10.151.415
0.344765;0.095768;10.352.529
0.344765;0.095768;10.429.143
0.316035;0.095768;10.304.645
0.296881;0.095768;10.151.415
0.306458;0.086191;10.017.340
0.335188;0.095768;9.777.920
0.344765;0.105345;9.662.998
0.306458;0.105345;9.576.807
0.268151;0.086191;9.557.653
0.277727;0.095768;9.720.459
0.296881;0.067038;9.902.418
0.325611;0.105345;10.113.108
0.344765;0.114922;10.390.836
0.316035;0.105345;10.419.566
0.287304;0.124498;10.295.067
0.306458;0.114922;10.160.992
0.344765;0.095768;9.988.609
0.344765;0.105345;9.864.111
0.277727;0.076614;9.557.653
0.287304;0.114922;9.509.769
0.277727;0.057461;9.548.077
0.287304;0.095768;9.682.152
0.354342;0.086191;10.046.070
0.335188;0.095768;10.180.145
0.296881;0.105345;10.295.067
0.287304;0.105345;10.352.529
0.306458;0.124498;10.342.952
0.335188;0.114922;10.256.760
0.306458;0.086191;9.959.879
0.296881;0.086191;9.730.036
0.277727;0.076614;9.567.230
0.277727;0.086191;9.500.193
0.296881;0.095768;9.643.845
0.325611;0.105345;9.777.920
0.316035;0.105345;9.911.995
0.306458;0.105345;10.189.722
0.296881;0.095768;10.314.221
0.325611;0.076614;10.371.682
0.325611;0.114922;10.400.413
0.354342;0.105345;10.180.145
0.306458;0.095768;9.988.609
0.306458;0.067038;9.538.500
0.268151;0.095768;9.097.966
0.287304;0.086191;9.289.502
0.306458;0.095768;9.739.613
0.335188;0.134075;10.467.450
0.239420;0.095768;10.620.679
0.277727;0.095768;10.812.215
0.325611;0.124498;10.879.252
0.440533;0.105345;10.457.873
0.344765;0.095768;9.816.227
0.277727;0.105345;9.500.193
0.229843;0.076614;8.944.737
0.277727;0.086191;9.184.157
0.296881;0.086191;9.289.502
0.344765;0.124498;10.026.917
0.316035;0.095768;10.247.183
0.316035;0.095768;10.496.181
0.277727;0.095768;10.467.450
0.335188;0.105345;10.419.566
0.363919;0.086191;10.314.221
0.354342;0.095768;10.113.108
0.277727;0.105345;9.739.613